{"sum_1": [-3.0, -2.0], "mean_1": [-3.0, -2.0], "sum_2": [-5.0, -3.0], "mean_2": [-2.5, -1.5], "sum_1000": [-3.0, 0.0], "mean_1000": [-0.003, 0.0], "sum_100000": [-5.0, 0.0], "mean_100000": [-5e-05, 0.0], "sum_T": [-6.0, 0.0], "mean_T": [-0.0006000000000000001, 0.0], "sum_slice": [-3.0, 0.0], "mean_slice": [-0.0008998200359928014, 0.0], "sum_bcast": [-3000.0, -3000.0], "mean_bcast": [-0.375, -0.375], "prod_10": [3200.0, -800.0], "prod_T": [1142400.0, -979200.0], "prod_slice": [600.0, -600.0]}
