{"h_nansum": -1.0, "h_nanmin": -3.0, "h_nanmax": 3.0, "h_nanmean": -0.0012502670288085938, "h_nanvar": 3.998046875, "h_nanstd": 1.9990234375, "h_nanvar1": 4.00390625, "h_nanprod": 1152.0, "hT_nansum": -1.0, "hT_nanmean": -0.01041412353515625, "hT_nanmin": -3.0, "c_nansum": [-1.0, 400.0], "c_nanmean": [-0.00125, 0.5], "c_nanvar": 5.246248437500001, "c_nanstd": 2.2904690431219543, "c_nanvar1": 5.252814455569463, "cT_nansum": [-1.0, 48.0], "cT_nanmean": [-0.010416666666666666, 0.5], "hn_nanmin": "nan", "hn_nanmean": "nan", "hn_nanvar": "nan", "cn_nanmean": ["nan", "nan"], "cn_nanvar": "nan"}
