Operation,Suite,DType,N,Scenario,NumPy ms,Managed ms,Managed availability,OpenBLAS ms,OpenBLAS availability,Effective backend,Effective NumSharp ms,NPY/NS,Status
"np.polyfit(x, y, 3)",Api,float64,1000,,0.0454,,missing_backend,0.1084,available,openblas,0.1084,0.418819,slower
np.roots(p),Api,float64,16,,0.0374,,missing_backend,0.0515,available,openblas,0.0515,0.726214,slower
np.array2string(a) (float64),ApiSurface,float64,1,,0.023207,0.000523,available,,not_measured,managed,0.000523,44.372849,negligible
np.array2string(a) (float64),ApiSurface,float64,1000,,2.038332,0.988562,available,,not_measured,managed,0.988562,2.061916,faster
np.array_repr(a) (float64),ApiSurface,float64,1,,0.020031,0.000538,available,,not_measured,managed,0.000538,37.232342,negligible
np.array_repr(a) (float64),ApiSurface,float64,1000,,2.071156,0.994491,available,,not_measured,managed,0.994491,2.082629,faster
np.array_str(a) (float64),ApiSurface,float64,1,,0.017876,0.000512,available,,not_measured,managed,0.000512,34.914062,negligible
np.array_str(a) (float64),ApiSurface,float64,1000,,2.063988,0.992825,available,,not_measured,managed,0.992825,2.078904,faster
"np.can_cast(from, to) (float64)",ApiSurface,float64,1,,0.000221,1.4e-05,available,,not_measured,managed,1.4e-05,15.785714,negligible
"np.can_cast(from, to) (float64)",ApiSurface,float64,1000,,0.000204,2.7e-05,available,,not_measured,managed,2.7e-05,7.555556,negligible
"np.common_type(a, b) (float64)",ApiSurface,float64,1,,0.000842,2e-05,available,,not_measured,managed,2e-05,42.1,negligible
"np.common_type(a, b) (float64)",ApiSurface,float64,1000,,0.000824,2.8e-05,available,,not_measured,managed,2.8e-05,29.428571,negligible
"np.copyto(dst, src) (float64)",ApiSurface,float64,1,,0.000272,0.000185,available,,not_measured,managed,0.000185,1.47027,negligible
"np.copyto(dst, src) (float64)",ApiSurface,float64,1000,,0.000546,0.000514,available,,not_measured,managed,0.000514,1.062257,negligible
np.format_float_positional(x) (float64),ApiSurface,float64,1,,0.000488,0.000433,available,,not_measured,managed,0.000433,1.127021,negligible
np.format_float_positional(x) (float64),ApiSurface,float64,1000,,0.000494,0.000438,available,,not_measured,managed,0.000438,1.127854,negligible
np.format_float_scientific(x) (float64),ApiSurface,float64,1,,0.000483,0.000388,available,,not_measured,managed,0.000388,1.244845,negligible
np.format_float_scientific(x) (float64),ApiSurface,float64,1000,,0.000482,0.0004,available,,not_measured,managed,0.0004,1.205,negligible
np.fromfile(path) (float64),ApiSurface,float64,1000,,0.033758,0.041246,available,,not_measured,managed,0.041246,0.818455,close
np.get_printoptions() (float64),ApiSurface,float64,1,,0.000318,0.000233,available,,not_measured,managed,0.000233,1.364807,negligible
np.get_printoptions() (float64),ApiSurface,float64,1000,,0.000318,0.000253,available,,not_measured,managed,0.000253,1.256917,negligible
"np.isdtype(dtype, kind) (float64)",ApiSurface,float64,1,,0.000672,3.9e-05,available,,not_measured,managed,3.9e-05,17.230769,negligible
"np.isdtype(dtype, kind) (float64)",ApiSurface,float64,1000,,0.000673,3.6e-05,available,,not_measured,managed,3.6e-05,18.694444,negligible
"np.issubdtype(dtype, kind) (float64)",ApiSurface,float64,1,,0.000188,3.4e-05,available,,not_measured,managed,3.4e-05,5.529412,negligible
"np.issubdtype(dtype, kind) (float64)",ApiSurface,float64,1000,,0.000171,3.6e-05,available,,not_measured,managed,3.6e-05,4.75,negligible
np.iterable(a) (float64),ApiSurface,float64,1,,9.3e-05,0.0,available,,not_measured,managed,0.0,,no_data
np.iterable(a) (float64),ApiSurface,float64,1000,,9.4e-05,0.0,available,,not_measured,managed,0.0,,no_data
np.load(path) (float64),ApiSurface,float64,1000,,0.066514,0.049333,available,,not_measured,managed,0.049333,1.348266,faster
np.loadtxt(path) (float64),ApiSurface,float64,1000,,0.304046,0.783063,available,,not_measured,managed,0.783063,0.388278,slower
np.min_scalar_type(value) (float64),ApiSurface,float64,1,,0.000268,3e-06,available,,not_measured,managed,3e-06,89.333333,negligible
np.min_scalar_type(value) (float64),ApiSurface,float64,1000,,0.000277,3e-06,available,,not_measured,managed,3e-06,92.333333,negligible
np.mintypecode(typechars) (float64),ApiSurface,float64,1,,0.000698,0.000157,available,,not_measured,managed,0.000157,4.44586,negligible
np.mintypecode(typechars) (float64),ApiSurface,float64,1000,,0.0007,0.000152,available,,not_measured,managed,0.000152,4.605263,negligible
"np.nested_iters(a, axes) (float64)",ApiSurface,float64,1,,0.000473,0.001556,available,,not_measured,managed,0.001556,0.303985,negligible
"np.nested_iters(a, axes) (float64)",ApiSurface,float64,1000,,0.000481,0.00166,available,,not_measured,managed,0.00166,0.289759,negligible
np.poly(roots) (float64),ApiSurface,float64,1000,,0.022907,0.155153,available,,not_measured,managed,0.155153,0.147641,much_slower
"np.polyadd(p, q) (float64)",ApiSurface,float64,1000,,0.001765,0.002577,available,,not_measured,managed,0.002577,0.684905,slower
np.polyder(p) (float64),ApiSurface,float64,1000,,0.002585,0.005276,available,,not_measured,managed,0.005276,0.489955,slower
"np.polydiv(p, q) (float64)",ApiSurface,float64,1000,,0.117856,0.249362,available,,not_measured,managed,0.249362,0.47263,slower
np.polyint(p) (float64),ApiSurface,float64,1000,,0.003165,0.007131,available,,not_measured,managed,0.007131,0.443837,slower
"np.polymul(p, q) (float64)",ApiSurface,float64,1000,,0.015209,0.010463,available,,not_measured,managed,0.010463,1.453598,faster
"np.polysub(p, q) (float64)",ApiSurface,float64,1000,,0.001787,0.002663,available,,not_measured,managed,0.002663,0.671048,slower
"np.polyval(p, x) (float64)",ApiSurface,float64,1000,,0.020056,0.105007,available,,not_measured,managed,0.105007,0.190997,much_slower
np.printoptions() (float64),ApiSurface,float64,1,,0.003432,0.000119,available,,not_measured,managed,0.000119,28.840336,negligible
np.printoptions() (float64),ApiSurface,float64,1000,,0.003426,0.00012,available,,not_measured,managed,0.00012,28.55,negligible
"np.promote_types(a, b) (float64)",ApiSurface,float64,1,,0.000122,1.5e-05,available,,not_measured,managed,1.5e-05,8.133333,negligible
"np.promote_types(a, b) (float64)",ApiSurface,float64,1000,,0.000123,1.6e-05,available,,not_measured,managed,1.6e-05,7.6875,negligible
"np.result_type(a, b) (float64)",ApiSurface,float64,1,,0.000154,6e-06,available,,not_measured,managed,6e-06,25.666667,negligible
"np.result_type(a, b) (float64)",ApiSurface,float64,1000,,0.000156,8e-06,available,,not_measured,managed,8e-06,19.5,negligible
"np.save(path, a) (float64)",ApiSurface,float64,1000,,0.172632,0.287952,available,,not_measured,managed,0.287952,0.599517,slower
"np.savetxt(path, a) (float64)",ApiSurface,float64,1000,,1.67366,0.902654,available,,not_measured,managed,0.902654,1.854155,faster
"np.savez(path, a) (float64)",ApiSurface,float64,1000,,0.263762,2.3883,available,,not_measured,managed,2.3883,0.110439,much_slower
"np.savez_compressed(path, a) (float64)",ApiSurface,float64,1000,,0.38444,0.44443,available,,not_measured,managed,0.44443,0.865018,close
np.set_printoptions() (float64),ApiSurface,float64,1,,0.002083,5.7e-05,available,,not_measured,managed,5.7e-05,36.54386,negligible
np.set_printoptions() (float64),ApiSurface,float64,1000,,0.00196,5.7e-05,available,,not_measured,managed,5.7e-05,34.385965,negligible
a % 7 (literal) (float32),Arithmetic,float32,1000,,0.013834,0.016929,available,,not_measured,managed,0.016929,0.817178,close
a % 7 (literal) (float32),Arithmetic,float32,100000,,1.5984,1.818797,available,,not_measured,managed,1.818797,0.878823,close
a % 7 (literal) (float32),Arithmetic,float32,10000000,,289.66986,183.763262,available,,not_measured,managed,183.763262,1.576321,faster
a % 7 (literal) (float64),Arithmetic,float64,1000,,0.011968,0.013825,available,,not_measured,managed,0.013825,0.865678,close
a % 7 (literal) (float64),Arithmetic,float64,100000,,1.38147,1.663113,available,,not_measured,managed,1.663113,0.830653,close
a % 7 (literal) (float64),Arithmetic,float64,10000000,,235.963232,168.443898,available,,not_measured,managed,168.443898,1.400842,faster
a % 7 (literal) (int32),Arithmetic,int32,1000,,0.001928,0.003603,available,,not_measured,managed,0.003603,0.53511,slower
a % 7 (literal) (int32),Arithmetic,int32,100000,,0.420084,0.654042,available,,not_measured,managed,0.654042,0.642289,slower
a % 7 (literal) (int32),Arithmetic,int32,10000000,,44.004694,67.115998,available,,not_measured,managed,67.115998,0.655651,slower
a % 7 (literal) (int64),Arithmetic,int64,1000,,0.004006,0.005801,available,,not_measured,managed,0.005801,0.690571,slower
a % 7 (literal) (int64),Arithmetic,int64,100000,,0.403414,0.662912,available,,not_measured,managed,0.662912,0.608548,slower
a % 7 (literal) (int64),Arithmetic,int64,10000000,,49.890802,72.554732,available,,not_measured,managed,72.554732,0.68763,slower
a % b (element-wise) (float32),Arithmetic,float32,1000,,0.011067,0.011146,available,,not_measured,managed,0.011146,0.992912,close
a % b (element-wise) (float32),Arithmetic,float32,100000,,1.410566,1.560496,available,,not_measured,managed,1.560496,0.903922,close
a % b (element-wise) (float32),Arithmetic,float32,10000000,,258.641332,157.087769,available,,not_measured,managed,157.087769,1.646477,faster
a % b (element-wise) (float64),Arithmetic,float64,1000,,0.009709,0.008763,available,,not_measured,managed,0.008763,1.107954,faster
a % b (element-wise) (float64),Arithmetic,float64,100000,,1.235724,1.405842,available,,not_measured,managed,1.405842,0.878992,close
a % b (element-wise) (float64),Arithmetic,float64,10000000,,212.181258,147.91898,available,,not_measured,managed,147.91898,1.434442,faster
a % b (element-wise) (int32),Arithmetic,int32,1000,,0.001984,0.002967,available,,not_measured,managed,0.002967,0.668689,slower
a % b (element-wise) (int32),Arithmetic,int32,100000,,0.374492,0.593772,available,,not_measured,managed,0.593772,0.6307,slower
a % b (element-wise) (int32),Arithmetic,int32,10000000,,43.10713,59.964285,available,,not_measured,managed,59.964285,0.71888,slower
a % b (element-wise) (int64),Arithmetic,int64,1000,,0.003336,0.003344,available,,not_measured,managed,0.003344,0.997608,close
a % b (element-wise) (int64),Arithmetic,int64,100000,,0.368588,0.591291,available,,not_measured,managed,0.591291,0.623361,slower
a % b (element-wise) (int64),Arithmetic,int64,10000000,,47.92013,65.830092,available,,not_measured,managed,65.830092,0.727937,slower
a * 2 (literal) (complex128),Arithmetic,complex128,1000,,0.000929,0.004898,available,,not_measured,managed,0.004898,0.189669,negligible
a * 2 (literal) (complex128),Arithmetic,complex128,100000,,0.283182,0.299769,available,,not_measured,managed,0.299769,0.944667,close
a * 2 (literal) (complex128),Arithmetic,complex128,10000000,,46.861594,40.557743,available,,not_measured,managed,40.557743,1.155429,faster
a * 2 (literal) (float16),Arithmetic,float16,1000,,0.003563,0.010302,available,,not_measured,managed,0.010302,0.345855,slower
a * 2 (literal) (float16),Arithmetic,float16,100000,,0.27613,0.888438,available,,not_measured,managed,0.888438,0.310804,much_slower
a * 2 (literal) (float16),Arithmetic,float16,10000000,,30.43488,89.304249,available,,not_measured,managed,89.304249,0.3408,slower
a * 2 (literal) (float32),Arithmetic,float32,1000,,0.000725,0.002972,available,,not_measured,managed,0.002972,0.243943,negligible
a * 2 (literal) (float32),Arithmetic,float32,100000,,0.006208,0.049414,available,,not_measured,managed,0.049414,0.125632,much_slower
a * 2 (literal) (float32),Arithmetic,float32,10000000,,8.144912,8.451602,available,,not_measured,managed,8.451602,0.963712,close
a * 2 (literal) (float64),Arithmetic,float64,1000,,0.000791,0.003905,available,,not_measured,managed,0.003905,0.202561,negligible
a * 2 (literal) (float64),Arithmetic,float64,100000,,0.012921,0.098488,available,,not_measured,managed,0.098488,0.131194,much_slower
a * 2 (literal) (float64),Arithmetic,float64,10000000,,25.633028,18.86278,available,,not_measured,managed,18.86278,1.358921,faster
a * 2 (literal) (int16),Arithmetic,int16,1000,,0.000849,0.002691,available,,not_measured,managed,0.002691,0.315496,negligible
a * 2 (literal) (int16),Arithmetic,int16,100000,,0.022715,0.027896,available,,not_measured,managed,0.027896,0.814274,close
a * 2 (literal) (int16),Arithmetic,int16,10000000,,4.268394,3.87197,available,,not_measured,managed,3.87197,1.102383,faster
a * 2 (literal) (int32),Arithmetic,int32,1000,,0.000892,0.001758,available,,not_measured,managed,0.001758,0.507395,negligible
a * 2 (literal) (int32),Arithmetic,int32,100000,,0.022131,0.049006,available,,not_measured,managed,0.049006,0.451598,slower
a * 2 (literal) (int32),Arithmetic,int32,10000000,,8.238146,8.434947,available,,not_measured,managed,8.434947,0.976668,close
a * 2 (literal) (int64),Arithmetic,int64,1000,,0.000826,0.00356,available,,not_measured,managed,0.00356,0.232022,negligible
a * 2 (literal) (int64),Arithmetic,int64,100000,,0.021759,0.097172,available,,not_measured,managed,0.097172,0.223923,much_slower
a * 2 (literal) (int64),Arithmetic,int64,10000000,,17.079212,20.111544,available,,not_measured,managed,20.111544,0.849224,close
a * 2 (literal) (int8),Arithmetic,int8,1000,,0.000796,0.002581,available,,not_measured,managed,0.002581,0.308408,negligible
a * 2 (literal) (int8),Arithmetic,int8,100000,,0.02272,0.015958,available,,not_measured,managed,0.015958,1.423737,faster
a * 2 (literal) (int8),Arithmetic,int8,10000000,,3.125,1.853197,available,,not_measured,managed,1.853197,1.686275,faster
a * 2 (literal) (uint16),Arithmetic,uint16,1000,,0.000885,0.002783,available,,not_measured,managed,0.002783,0.318002,negligible
a * 2 (literal) (uint16),Arithmetic,uint16,100000,,0.022443,0.027334,available,,not_measured,managed,0.027334,0.821065,close
a * 2 (literal) (uint16),Arithmetic,uint16,10000000,,4.309318,3.985268,available,,not_measured,managed,3.985268,1.081312,faster
a * 2 (literal) (uint32),Arithmetic,uint32,1000,,0.000871,0.003248,available,,not_measured,managed,0.003248,0.268165,negligible
a * 2 (literal) (uint32),Arithmetic,uint32,100000,,0.022248,0.04978,available,,not_measured,managed,0.04978,0.446926,slower
a * 2 (literal) (uint32),Arithmetic,uint32,10000000,,7.883488,8.340766,available,,not_measured,managed,8.340766,0.945176,close
a * 2 (literal) (uint64),Arithmetic,uint64,1000,,0.000876,0.003453,available,,not_measured,managed,0.003453,0.253692,negligible
a * 2 (literal) (uint64),Arithmetic,uint64,100000,,0.023604,0.099188,available,,not_measured,managed,0.099188,0.237972,much_slower
a * 2 (literal) (uint64),Arithmetic,uint64,10000000,,15.903812,19.994709,available,,not_measured,managed,19.994709,0.795401,slower
a * 2 (literal) (uint8),Arithmetic,uint8,1000,,0.00082,0.002911,available,,not_measured,managed,0.002911,0.28169,negligible
a * 2 (literal) (uint8),Arithmetic,uint8,100000,,0.023124,0.016842,available,,not_measured,managed,0.016842,1.372996,faster
a * 2 (literal) (uint8),Arithmetic,uint8,10000000,,3.310562,1.872391,available,,not_measured,managed,1.872391,1.768093,faster
a * a (square) (complex128),Arithmetic,complex128,1000,,0.000685,0.003338,available,,not_measured,managed,0.003338,0.205213,negligible
a * a (square) (complex128),Arithmetic,complex128,100000,,0.283784,0.294608,available,,not_measured,managed,0.294608,0.96326,close
a * a (square) (complex128),Arithmetic,complex128,10000000,,49.295984,40.97395,available,,not_measured,managed,40.97395,1.203105,faster
a * a (square) (float16),Arithmetic,float16,1000,,0.003242,0.009489,available,,not_measured,managed,0.009489,0.341659,slower
a * a (square) (float16),Arithmetic,float16,100000,,0.280132,0.900995,available,,not_measured,managed,0.900995,0.310914,much_slower
a * a (square) (float16),Arithmetic,float16,10000000,,30.410858,90.082683,available,,not_measured,managed,90.082683,0.337588,slower
a * a (square) (float32),Arithmetic,float32,1000,,0.000408,0.001493,available,,not_measured,managed,0.001493,0.273275,negligible
a * a (square) (float32),Arithmetic,float32,100000,,0.006868,0.046739,available,,not_measured,managed,0.046739,0.146944,much_slower
a * a (square) (float32),Arithmetic,float32,10000000,,8.20782,8.955638,available,,not_measured,managed,8.955638,0.916498,close
a * a (square) (float64),Arithmetic,float64,1000,,0.000461,0.002087,available,,not_measured,managed,0.002087,0.220891,negligible
a * a (square) (float64),Arithmetic,float64,100000,,0.014447,0.092985,available,,not_measured,managed,0.092985,0.155369,much_slower
a * a (square) (float64),Arithmetic,float64,10000000,,27.143194,19.849143,available,,not_measured,managed,19.849143,1.367474,faster
a * a (square) (int16),Arithmetic,int16,1000,,0.000631,0.001066,available,,not_measured,managed,0.001066,0.591932,negligible
a * a (square) (int16),Arithmetic,int16,100000,,0.030692,0.024357,available,,not_measured,managed,0.024357,1.26009,faster
a * a (square) (int16),Arithmetic,int16,10000000,,4.709192,4.096156,available,,not_measured,managed,4.096156,1.149661,faster
a * a (square) (int32),Arithmetic,int32,1000,,0.000751,0.000977,available,,not_measured,managed,0.000977,0.76868,negligible
a * a (square) (int32),Arithmetic,int32,100000,,0.032156,0.047447,available,,not_measured,managed,0.047447,0.677725,slower
a * a (square) (int32),Arithmetic,int32,10000000,,8.520474,8.757193,available,,not_measured,managed,8.757193,0.972969,close
a * a (square) (int64),Arithmetic,int64,1000,,0.000651,0.001917,available,,not_measured,managed,0.001917,0.339593,negligible
a * a (square) (int64),Arithmetic,int64,100000,,0.028412,0.094548,available,,not_measured,managed,0.094548,0.300503,much_slower
a * a (square) (int64),Arithmetic,int64,10000000,,18.288924,20.312508,available,,not_measured,managed,20.312508,0.900377,close
a * a (square) (int8),Arithmetic,int8,1000,,0.0006,0.000807,available,,not_measured,managed,0.000807,0.743494,negligible
a * a (square) (int8),Arithmetic,int8,100000,,0.028505,0.015415,available,,not_measured,managed,0.015415,1.849173,faster
a * a (square) (int8),Arithmetic,int8,10000000,,3.78892,1.938404,available,,not_measured,managed,1.938404,1.95466,faster
a * a (square) (uint16),Arithmetic,uint16,1000,,0.000629,0.001078,available,,not_measured,managed,0.001078,0.583488,negligible
a * a (square) (uint16),Arithmetic,uint16,100000,,0.02866,0.02498,available,,not_measured,managed,0.02498,1.147318,faster
a * a (square) (uint16),Arithmetic,uint16,10000000,,4.954248,4.236773,available,,not_measured,managed,4.236773,1.169345,faster
a * a (square) (uint32),Arithmetic,uint32,1000,,0.000741,0.001478,available,,not_measured,managed,0.001478,0.501353,negligible
a * a (square) (uint32),Arithmetic,uint32,100000,,0.0316,0.048025,available,,not_measured,managed,0.048025,0.657991,slower
a * a (square) (uint32),Arithmetic,uint32,10000000,,7.914898,8.871574,available,,not_measured,managed,8.871574,0.892164,close
a * a (square) (uint64),Arithmetic,uint64,1000,,0.00065,0.001797,available,,not_measured,managed,0.001797,0.361714,negligible
a * a (square) (uint64),Arithmetic,uint64,100000,,0.030792,0.096514,available,,not_measured,managed,0.096514,0.319042,much_slower
a * a (square) (uint64),Arithmetic,uint64,10000000,,15.228464,20.218258,available,,not_measured,managed,20.218258,0.753204,slower
a * a (square) (uint8),Arithmetic,uint8,1000,,0.000597,0.000834,available,,not_measured,managed,0.000834,0.715827,negligible
a * a (square) (uint8),Arithmetic,uint8,100000,,0.029705,0.016056,available,,not_measured,managed,0.016056,1.850087,faster
a * a (square) (uint8),Arithmetic,uint8,10000000,,3.726918,1.94087,available,,not_measured,managed,1.94087,1.920231,faster
a * b (element-wise) (complex128),Arithmetic,complex128,1000,,0.000713,0.003894,available,,not_measured,managed,0.003894,0.183102,negligible
a * b (element-wise) (complex128),Arithmetic,complex128,100000,,0.316266,0.327978,available,,not_measured,managed,0.327978,0.96429,close
a * b (element-wise) (complex128),Arithmetic,complex128,10000000,,76.097716,55.220669,available,,not_measured,managed,55.220669,1.378066,faster
a * b (element-wise) (float16),Arithmetic,float16,1000,,0.003231,0.009488,available,,not_measured,managed,0.009488,0.340535,slower
a * b (element-wise) (float16),Arithmetic,float16,100000,,0.275458,0.901247,available,,not_measured,managed,0.901247,0.305641,much_slower
a * b (element-wise) (float16),Arithmetic,float16,10000000,,30.148198,90.10237,available,,not_measured,managed,90.10237,0.334599,slower
a * b (element-wise) (float32),Arithmetic,float32,1000,,0.000513,0.001565,available,,not_measured,managed,0.001565,0.327796,negligible
a * b (element-wise) (float32),Arithmetic,float32,100000,,0.006722,0.047623,available,,not_measured,managed,0.047623,0.14115,much_slower
a * b (element-wise) (float32),Arithmetic,float32,10000000,,8.511098,10.852203,available,,not_measured,managed,10.852203,0.784274,slower
a * b (element-wise) (float64),Arithmetic,float64,1000,,0.000478,0.00213,available,,not_measured,managed,0.00213,0.224413,negligible
a * b (element-wise) (float64),Arithmetic,float64,100000,,0.028294,0.094859,available,,not_measured,managed,0.094859,0.298274,much_slower
a * b (element-wise) (float64),Arithmetic,float64,10000000,,34.364236,25.20249,available,,not_measured,managed,25.20249,1.363525,faster
a * b (element-wise) (int16),Arithmetic,int16,1000,,0.000637,0.000985,available,,not_measured,managed,0.000985,0.646701,negligible
a * b (element-wise) (int16),Arithmetic,int16,100000,,0.030716,0.025693,available,,not_measured,managed,0.025693,1.195501,faster
a * b (element-wise) (int16),Arithmetic,int16,10000000,,5.074106,5.648636,available,,not_measured,managed,5.648636,0.898289,close
a * b (element-wise) (int32),Arithmetic,int32,1000,,0.00075,0.001542,available,,not_measured,managed,0.001542,0.486381,negligible
a * b (element-wise) (int32),Arithmetic,int32,100000,,0.030109,0.047348,available,,not_measured,managed,0.047348,0.635909,slower
a * b (element-wise) (int32),Arithmetic,int32,10000000,,8.804656,10.682594,available,,not_measured,managed,10.682594,0.824206,close
a * b (element-wise) (int64),Arithmetic,int64,1000,,0.00066,0.002227,available,,not_measured,managed,0.002227,0.296363,negligible
a * b (element-wise) (int64),Arithmetic,int64,100000,,0.033452,0.099022,available,,not_measured,managed,0.099022,0.337824,slower
a * b (element-wise) (int64),Arithmetic,int64,10000000,,16.92657,28.218034,available,,not_measured,managed,28.218034,0.599849,slower
a * b (element-wise) (int8),Arithmetic,int8,1000,,0.000601,0.000955,available,,not_measured,managed,0.000955,0.629319,negligible
a * b (element-wise) (int8),Arithmetic,int8,100000,,0.02785,0.014414,available,,not_measured,managed,0.014414,1.932149,faster
a * b (element-wise) (int8),Arithmetic,int8,10000000,,3.911094,2.42158,available,,not_measured,managed,2.42158,1.6151,faster
a * b (element-wise) (uint16),Arithmetic,uint16,1000,,0.000637,0.001083,available,,not_measured,managed,0.001083,0.588181,negligible
a * b (element-wise) (uint16),Arithmetic,uint16,100000,,0.027638,0.025576,available,,not_measured,managed,0.025576,1.080622,faster
a * b (element-wise) (uint16),Arithmetic,uint16,10000000,,5.055728,5.545223,available,,not_measured,managed,5.545223,0.911727,close
a * b (element-wise) (uint32),Arithmetic,uint32,1000,,0.000733,0.001512,available,,not_measured,managed,0.001512,0.484788,negligible
a * b (element-wise) (uint32),Arithmetic,uint32,100000,,0.029864,0.047794,available,,not_measured,managed,0.047794,0.624848,slower
a * b (element-wise) (uint32),Arithmetic,uint32,10000000,,8.501672,10.498085,available,,not_measured,managed,10.498085,0.809831,close
a * b (element-wise) (uint64),Arithmetic,uint64,1000,,0.000668,0.001719,available,,not_measured,managed,0.001719,0.388598,negligible
a * b (element-wise) (uint64),Arithmetic,uint64,100000,,0.036244,0.098998,available,,not_measured,managed,0.098998,0.366108,slower
a * b (element-wise) (uint64),Arithmetic,uint64,10000000,,17.87881,26.874349,available,,not_measured,managed,26.874349,0.665274,slower
a * b (element-wise) (uint8),Arithmetic,uint8,1000,,0.000634,0.000902,available,,not_measured,managed,0.000902,0.702882,negligible
a * b (element-wise) (uint8),Arithmetic,uint8,100000,,0.027858,0.015516,available,,not_measured,managed,0.015516,1.795437,faster
a * b (element-wise) (uint8),Arithmetic,uint8,10000000,,3.756974,2.398303,available,,not_measured,managed,2.398303,1.566513,faster
a * scalar (complex128),Arithmetic,complex128,1000,,0.000761,0.003713,available,,not_measured,managed,0.003713,0.204956,negligible
a * scalar (complex128),Arithmetic,complex128,100000,,0.298734,0.297556,available,,not_measured,managed,0.297556,1.003959,close
a * scalar (complex128),Arithmetic,complex128,10000000,,54.355334,40.139336,available,,not_measured,managed,40.139336,1.354166,faster
a * scalar (float16),Arithmetic,float16,1000,,0.003463,0.009385,available,,not_measured,managed,0.009385,0.368993,slower
a * scalar (float16),Arithmetic,float16,100000,,0.275644,0.895725,available,,not_measured,managed,0.895725,0.307733,much_slower
a * scalar (float16),Arithmetic,float16,10000000,,30.95555,89.248055,available,,not_measured,managed,89.248055,0.346848,slower
a * scalar (float32),Arithmetic,float32,1000,,0.000659,0.001477,available,,not_measured,managed,0.001477,0.446175,negligible
a * scalar (float32),Arithmetic,float32,100000,,0.006068,0.048838,available,,not_measured,managed,0.048838,0.124248,much_slower
a * scalar (float32),Arithmetic,float32,10000000,,8.26467,8.627138,available,,not_measured,managed,8.627138,0.957985,close
a * scalar (float64),Arithmetic,float64,1000,,0.000599,0.001871,available,,not_measured,managed,0.001871,0.32015,negligible
a * scalar (float64),Arithmetic,float64,100000,,0.01405,0.096079,available,,not_measured,managed,0.096079,0.146234,much_slower
a * scalar (float64),Arithmetic,float64,10000000,,25.399158,18.879815,available,,not_measured,managed,18.879815,1.345308,faster
a * scalar (int16),Arithmetic,int16,1000,,0.000737,0.001063,available,,not_measured,managed,0.001063,0.693321,negligible
a * scalar (int16),Arithmetic,int16,100000,,0.0238,0.024841,available,,not_measured,managed,0.024841,0.958093,close
a * scalar (int16),Arithmetic,int16,10000000,,4.220698,3.704703,available,,not_measured,managed,3.704703,1.139281,faster
a * scalar (int32),Arithmetic,int32,1000,,0.00076,0.001305,available,,not_measured,managed,0.001305,0.582375,negligible
a * scalar (int32),Arithmetic,int32,100000,,0.022126,0.048247,available,,not_measured,managed,0.048247,0.458598,slower
a * scalar (int32),Arithmetic,int32,10000000,,8.282184,8.482637,available,,not_measured,managed,8.482637,0.976369,close
a * scalar (int64),Arithmetic,int64,1000,,0.000748,0.002211,available,,not_measured,managed,0.002211,0.338308,negligible
a * scalar (int64),Arithmetic,int64,100000,,0.02183,0.098441,available,,not_measured,managed,0.098441,0.221757,much_slower
a * scalar (int64),Arithmetic,int64,10000000,,14.842116,20.126433,available,,not_measured,managed,20.126433,0.737444,slower
a * scalar (int8),Arithmetic,int8,1000,,0.000705,0.000934,available,,not_measured,managed,0.000934,0.754818,negligible
a * scalar (int8),Arithmetic,int8,100000,,0.022736,0.014635,available,,not_measured,managed,0.014635,1.553536,faster
a * scalar (int8),Arithmetic,int8,10000000,,3.196056,1.89454,available,,not_measured,managed,1.89454,1.686983,faster
a * scalar (uint16),Arithmetic,uint16,1000,,0.000732,0.001027,available,,not_measured,managed,0.001027,0.712756,negligible
a * scalar (uint16),Arithmetic,uint16,100000,,0.022713,0.024878,available,,not_measured,managed,0.024878,0.912975,close
a * scalar (uint16),Arithmetic,uint16,10000000,,4.550744,4.057551,available,,not_measured,managed,4.057551,1.121549,faster
a * scalar (uint32),Arithmetic,uint32,1000,,0.000759,0.001478,available,,not_measured,managed,0.001478,0.513532,negligible
a * scalar (uint32),Arithmetic,uint32,100000,,0.022202,0.048227,available,,not_measured,managed,0.048227,0.460365,slower
a * scalar (uint32),Arithmetic,uint32,10000000,,8.007138,8.577255,available,,not_measured,managed,8.577255,0.933532,close
a * scalar (uint64),Arithmetic,uint64,1000,,0.000754,0.002101,available,,not_measured,managed,0.002101,0.358877,negligible
a * scalar (uint64),Arithmetic,uint64,100000,,0.024086,0.100266,available,,not_measured,managed,0.100266,0.240221,much_slower
a * scalar (uint64),Arithmetic,uint64,10000000,,15.12862,20.163462,available,,not_measured,managed,20.163462,0.750299,slower
a * scalar (uint8),Arithmetic,uint8,1000,,0.00071,0.000854,available,,not_measured,managed,0.000854,0.831382,negligible
a * scalar (uint8),Arithmetic,uint8,100000,,0.023567,0.015126,available,,not_measured,managed,0.015126,1.558046,faster
a * scalar (uint8),Arithmetic,uint8,10000000,,3.239382,1.902496,available,,not_measured,managed,1.902496,1.702701,faster
a + 5 (literal) (complex128),Arithmetic,complex128,1000,,0.000913,0.004283,available,,not_measured,managed,0.004283,0.213168,negligible
a + 5 (literal) (complex128),Arithmetic,complex128,100000,,0.310036,0.30117,available,,not_measured,managed,0.30117,1.029439,close
a + 5 (literal) (complex128),Arithmetic,complex128,10000000,,48.035904,40.830251,available,,not_measured,managed,40.830251,1.176478,faster
a + 5 (literal) (float16),Arithmetic,float16,1000,,0.003715,0.010589,available,,not_measured,managed,0.010589,0.350836,slower
a + 5 (literal) (float16),Arithmetic,float16,100000,,0.30034,0.896372,available,,not_measured,managed,0.896372,0.335062,slower
a + 5 (literal) (float16),Arithmetic,float16,10000000,,30.676774,89.358415,available,,not_measured,managed,89.358415,0.3433,slower
a + 5 (literal) (float32),Arithmetic,float32,1000,,0.00069,0.003076,available,,not_measured,managed,0.003076,0.224317,negligible
a + 5 (literal) (float32),Arithmetic,float32,100000,,0.006234,0.050726,available,,not_measured,managed,0.050726,0.122896,much_slower
a + 5 (literal) (float32),Arithmetic,float32,10000000,,7.799922,8.591997,available,,not_measured,managed,8.591997,0.907812,close
a + 5 (literal) (float64),Arithmetic,float64,1000,,0.00076,0.003731,available,,not_measured,managed,0.003731,0.203699,negligible
a + 5 (literal) (float64),Arithmetic,float64,100000,,0.013013,0.094459,available,,not_measured,managed,0.094459,0.137763,much_slower
a + 5 (literal) (float64),Arithmetic,float64,10000000,,24.331774,18.901176,available,,not_measured,managed,18.901176,1.287315,faster
a + 5 (literal) (int16),Arithmetic,int16,1000,,0.000887,0.002708,available,,not_measured,managed,0.002708,0.327548,negligible
a + 5 (literal) (int16),Arithmetic,int16,100000,,0.025113,0.027941,available,,not_measured,managed,0.027941,0.898787,close
a + 5 (literal) (int16),Arithmetic,int16,10000000,,4.580682,4.094521,available,,not_measured,managed,4.094521,1.118735,faster
a + 5 (literal) (int32),Arithmetic,int32,1000,,0.000878,0.002304,available,,not_measured,managed,0.002304,0.381076,negligible
a + 5 (literal) (int32),Arithmetic,int32,100000,,0.026182,0.051869,available,,not_measured,managed,0.051869,0.504772,slower
a + 5 (literal) (int32),Arithmetic,int32,10000000,,8.151596,8.200947,available,,not_measured,managed,8.200947,0.993982,close
a + 5 (literal) (int64),Arithmetic,int64,1000,,0.001035,0.003773,available,,not_measured,managed,0.003773,0.274318,much_slower
a + 5 (literal) (int64),Arithmetic,int64,100000,,0.023759,0.104215,available,,not_measured,managed,0.104215,0.227981,much_slower
a + 5 (literal) (int64),Arithmetic,int64,10000000,,14.668256,18.989702,available,,not_measured,managed,18.989702,0.772432,slower
a + 5 (literal) (int8),Arithmetic,int8,1000,,0.00084,0.002355,available,,not_measured,managed,0.002355,0.356688,negligible
a + 5 (literal) (int8),Arithmetic,int8,100000,,0.034134,0.016432,available,,not_measured,managed,0.016432,2.077288,faster
a + 5 (literal) (int8),Arithmetic,int8,10000000,,3.591252,1.798398,available,,not_measured,managed,1.798398,1.996917,faster
a + 5 (literal) (uint16),Arithmetic,uint16,1000,,0.000897,0.002834,available,,not_measured,managed,0.002834,0.316514,negligible
a + 5 (literal) (uint16),Arithmetic,uint16,100000,,0.025698,0.02807,available,,not_measured,managed,0.02807,0.915497,close
a + 5 (literal) (uint16),Arithmetic,uint16,10000000,,4.396572,4.063207,available,,not_measured,managed,4.063207,1.082045,faster
a + 5 (literal) (uint32),Arithmetic,uint32,1000,,0.00088,0.003096,available,,not_measured,managed,0.003096,0.284238,negligible
a + 5 (literal) (uint32),Arithmetic,uint32,100000,,0.024218,0.051324,available,,not_measured,managed,0.051324,0.471865,slower
a + 5 (literal) (uint32),Arithmetic,uint32,10000000,,7.659752,8.566768,available,,not_measured,managed,8.566768,0.894124,close
a + 5 (literal) (uint64),Arithmetic,uint64,1000,,0.000947,0.003593,available,,not_measured,managed,0.003593,0.263568,negligible
a + 5 (literal) (uint64),Arithmetic,uint64,100000,,0.025877,0.093504,available,,not_measured,managed,0.093504,0.276748,much_slower
a + 5 (literal) (uint64),Arithmetic,uint64,10000000,,14.903044,18.947668,available,,not_measured,managed,18.947668,0.786537,slower
a + 5 (literal) (uint8),Arithmetic,uint8,1000,,0.000843,0.002814,available,,not_measured,managed,0.002814,0.299574,negligible
a + 5 (literal) (uint8),Arithmetic,uint8,100000,,0.025778,0.016189,available,,not_measured,managed,0.016189,1.592316,faster
a + 5 (literal) (uint8),Arithmetic,uint8,10000000,,3.511586,1.826325,available,,not_measured,managed,1.826325,1.922761,faster
a + b (element-wise) (complex128),Arithmetic,complex128,1000,,0.000751,0.003339,available,,not_measured,managed,0.003339,0.224918,negligible
a + b (element-wise) (complex128),Arithmetic,complex128,100000,,0.318244,0.448348,available,,not_measured,managed,0.448348,0.709815,slower
a + b (element-wise) (complex128),Arithmetic,complex128,10000000,,61.624264,56.854904,available,,not_measured,managed,56.854904,1.083887,faster
a + b (element-wise) (float16),Arithmetic,float16,1000,,0.003368,0.00932,available,,not_measured,managed,0.00932,0.361373,slower
a + b (element-wise) (float16),Arithmetic,float16,100000,,0.290044,0.907215,available,,not_measured,managed,0.907215,0.319708,much_slower
a + b (element-wise) (float16),Arithmetic,float16,10000000,,31.772086,89.759671,available,,not_measured,managed,89.759671,0.353968,slower
a + b (element-wise) (float32),Arithmetic,float32,1000,,0.000419,0.001549,available,,not_measured,managed,0.001549,0.270497,negligible
a + b (element-wise) (float32),Arithmetic,float32,100000,,0.006738,0.054141,available,,not_measured,managed,0.054141,0.124453,much_slower
a + b (element-wise) (float32),Arithmetic,float32,10000000,,8.310326,10.734059,available,,not_measured,managed,10.734059,0.774202,slower
a + b (element-wise) (float64),Arithmetic,float64,1000,,0.000482,0.00214,available,,not_measured,managed,0.00214,0.225234,negligible
a + b (element-wise) (float64),Arithmetic,float64,100000,,0.027425,0.112563,available,,not_measured,managed,0.112563,0.243641,much_slower
a + b (element-wise) (float64),Arithmetic,float64,10000000,,34.048964,25.477024,available,,not_measured,managed,25.477024,1.336458,faster
a + b (element-wise) (int16),Arithmetic,int16,1000,,0.000699,0.001497,available,,not_measured,managed,0.001497,0.466934,negligible
a + b (element-wise) (int16),Arithmetic,int16,100000,,0.03108,0.026077,available,,not_measured,managed,0.026077,1.191855,faster
a + b (element-wise) (int16),Arithmetic,int16,10000000,,5.356926,7.325076,available,,not_measured,managed,7.325076,0.731313,slower
a + b (element-wise) (int32),Arithmetic,int32,1000,,0.00069,0.001291,available,,not_measured,managed,0.001291,0.534469,negligible
a + b (element-wise) (int32),Arithmetic,int32,100000,,0.031382,0.056811,available,,not_measured,managed,0.056811,0.552393,slower
a + b (element-wise) (int32),Arithmetic,int32,10000000,,8.336278,11.059196,available,,not_measured,managed,11.059196,0.753787,slower
a + b (element-wise) (int64),Arithmetic,int64,1000,,0.000678,0.002563,available,,not_measured,managed,0.002563,0.264534,negligible
a + b (element-wise) (int64),Arithmetic,int64,100000,,0.035128,0.116495,available,,not_measured,managed,0.116495,0.301541,much_slower
a + b (element-wise) (int64),Arithmetic,int64,10000000,,16.370366,27.580606,available,,not_measured,managed,27.580606,0.593546,slower
a + b (element-wise) (int8),Arithmetic,int8,1000,,0.000614,0.001218,available,,not_measured,managed,0.001218,0.504105,negligible
a + b (element-wise) (int8),Arithmetic,int8,100000,,0.02916,0.015876,available,,not_measured,managed,0.015876,1.836735,faster
a + b (element-wise) (int8),Arithmetic,int8,10000000,,3.920166,3.568636,available,,not_measured,managed,3.568636,1.098505,faster
a + b (element-wise) (uint16),Arithmetic,uint16,1000,,0.000662,0.001033,available,,not_measured,managed,0.001033,0.640852,negligible
a + b (element-wise) (uint16),Arithmetic,uint16,100000,,0.032176,0.027001,available,,not_measured,managed,0.027001,1.19166,faster
a + b (element-wise) (uint16),Arithmetic,uint16,10000000,,5.16869,6.209169,available,,not_measured,managed,6.209169,0.832429,close
a + b (element-wise) (uint32),Arithmetic,uint32,1000,,0.00065,0.001452,available,,not_measured,managed,0.001452,0.447658,negligible
a + b (element-wise) (uint32),Arithmetic,uint32,100000,,0.034354,0.055622,available,,not_measured,managed,0.055622,0.617633,slower
a + b (element-wise) (uint32),Arithmetic,uint32,10000000,,8.29482,10.480718,available,,not_measured,managed,10.480718,0.791436,slower
a + b (element-wise) (uint64),Arithmetic,uint64,1000,,0.00068,0.001988,available,,not_measured,managed,0.001988,0.342052,negligible
a + b (element-wise) (uint64),Arithmetic,uint64,100000,,0.033014,0.106229,available,,not_measured,managed,0.106229,0.310781,much_slower
a + b (element-wise) (uint64),Arithmetic,uint64,10000000,,20.4908,33.81519,available,,not_measured,managed,33.81519,0.605964,slower
a + b (element-wise) (uint8),Arithmetic,uint8,1000,,0.00067,0.001142,available,,not_measured,managed,0.001142,0.58669,negligible
a + b (element-wise) (uint8),Arithmetic,uint8,100000,,0.029923,0.015899,available,,not_measured,managed,0.015899,1.882068,faster
a + b (element-wise) (uint8),Arithmetic,uint8,10000000,,3.823528,3.371825,available,,not_measured,managed,3.371825,1.133964,faster
a + scalar (complex128),Arithmetic,complex128,1000,,0.000744,0.003436,available,,not_measured,managed,0.003436,0.216531,negligible
a + scalar (complex128),Arithmetic,complex128,100000,,0.307066,0.295759,available,,not_measured,managed,0.295759,1.03823,close
a + scalar (complex128),Arithmetic,complex128,10000000,,47.156512,40.78194,available,,not_measured,managed,40.78194,1.156309,faster
a + scalar (float16),Arithmetic,float16,1000,,0.003686,0.009466,available,,not_measured,managed,0.009466,0.389394,slower
a + scalar (float16),Arithmetic,float16,100000,,0.299692,0.894294,available,,not_measured,managed,0.894294,0.335116,slower
a + scalar (float16),Arithmetic,float16,10000000,,30.45802,88.978498,available,,not_measured,managed,88.978498,0.342308,slower
a + scalar (float32),Arithmetic,float32,1000,,0.000534,0.001315,available,,not_measured,managed,0.001315,0.406084,negligible
a + scalar (float32),Arithmetic,float32,100000,,0.006075,0.047692,available,,not_measured,managed,0.047692,0.12738,much_slower
a + scalar (float32),Arithmetic,float32,10000000,,7.813446,8.233367,available,,not_measured,managed,8.233367,0.948998,close
a + scalar (float64),Arithmetic,float64,1000,,0.000609,0.00201,available,,not_measured,managed,0.00201,0.302985,negligible
a + scalar (float64),Arithmetic,float64,100000,,0.013336,0.10121,available,,not_measured,managed,0.10121,0.131766,much_slower
a + scalar (float64),Arithmetic,float64,10000000,,24.785472,18.885204,available,,not_measured,managed,18.885204,1.312428,faster
a + scalar (int16),Arithmetic,int16,1000,,0.00075,0.000991,available,,not_measured,managed,0.000991,0.756811,negligible
a + scalar (int16),Arithmetic,int16,100000,,0.024843,0.024415,available,,not_measured,managed,0.024415,1.01753,close
a + scalar (int16),Arithmetic,int16,10000000,,4.643582,4.015451,available,,not_measured,managed,4.015451,1.156429,faster
a + scalar (int32),Arithmetic,int32,1000,,0.000791,0.000984,available,,not_measured,managed,0.000984,0.803862,negligible
a + scalar (int32),Arithmetic,int32,100000,,0.02682,0.050225,available,,not_measured,managed,0.050225,0.533997,slower
a + scalar (int32),Arithmetic,int32,10000000,,7.735348,8.152745,available,,not_measured,managed,8.152745,0.948803,close
a + scalar (int64),Arithmetic,int64,1000,,0.000838,0.002101,available,,not_measured,managed,0.002101,0.398858,negligible
a + scalar (int64),Arithmetic,int64,100000,,0.0234,0.103959,available,,not_measured,managed,0.103959,0.225089,much_slower
a + scalar (int64),Arithmetic,int64,10000000,,14.967104,18.998698,available,,not_measured,managed,18.998698,0.787796,slower
a + scalar (int8),Arithmetic,int8,1000,,0.000727,0.0009,available,,not_measured,managed,0.0009,0.807778,negligible
a + scalar (int8),Arithmetic,int8,100000,,0.025644,0.014663,available,,not_measured,managed,0.014663,1.748892,faster
a + scalar (int8),Arithmetic,int8,10000000,,3.539418,1.765526,available,,not_measured,managed,1.765526,2.004739,faster
a + scalar (uint16),Arithmetic,uint16,1000,,0.000758,0.001075,available,,not_measured,managed,0.001075,0.705116,negligible
a + scalar (uint16),Arithmetic,uint16,100000,,0.025091,0.026293,available,,not_measured,managed,0.026293,0.954284,close
a + scalar (uint16),Arithmetic,uint16,10000000,,4.45836,4.116425,available,,not_measured,managed,4.116425,1.083066,faster
a + scalar (uint32),Arithmetic,uint32,1000,,0.000753,0.00138,available,,not_measured,managed,0.00138,0.545652,negligible
a + scalar (uint32),Arithmetic,uint32,100000,,0.024546,0.049978,available,,not_measured,managed,0.049978,0.491136,slower
a + scalar (uint32),Arithmetic,uint32,10000000,,7.676258,8.35927,available,,not_measured,managed,8.35927,0.918293,close
a + scalar (uint64),Arithmetic,uint64,1000,,0.000807,0.002078,available,,not_measured,managed,0.002078,0.388354,negligible
a + scalar (uint64),Arithmetic,uint64,100000,,0.025764,0.098462,available,,not_measured,managed,0.098462,0.261664,much_slower
a + scalar (uint64),Arithmetic,uint64,10000000,,15.795952,18.938765,available,,not_measured,managed,18.938765,0.834054,close
a + scalar (uint8),Arithmetic,uint8,1000,,0.000759,0.000818,available,,not_measured,managed,0.000818,0.927873,negligible
a + scalar (uint8),Arithmetic,uint8,100000,,0.026626,0.014742,available,,not_measured,managed,0.014742,1.806132,faster
a + scalar (uint8),Arithmetic,uint8,10000000,,3.585348,1.792699,available,,not_measured,managed,1.792699,1.999972,faster
a - b (element-wise) (complex128),Arithmetic,complex128,1000,,0.000687,0.003183,available,,not_measured,managed,0.003183,0.215834,negligible
a - b (element-wise) (complex128),Arithmetic,complex128,100000,,0.302086,0.32877,available,,not_measured,managed,0.32877,0.918837,close
a - b (element-wise) (complex128),Arithmetic,complex128,10000000,,68.760828,55.958781,available,,not_measured,managed,55.958781,1.228776,faster
a - b (element-wise) (float16),Arithmetic,float16,1000,,0.003678,0.009519,available,,not_measured,managed,0.009519,0.386385,slower
a - b (element-wise) (float16),Arithmetic,float16,100000,,0.279206,0.906305,available,,not_measured,managed,0.906305,0.308071,much_slower
a - b (element-wise) (float16),Arithmetic,float16,10000000,,32.597232,90.541747,available,,not_measured,managed,90.541747,0.360024,slower
a - b (element-wise) (float32),Arithmetic,float32,1000,,0.000468,0.001448,available,,not_measured,managed,0.001448,0.323204,negligible
a - b (element-wise) (float32),Arithmetic,float32,100000,,0.006798,0.047816,available,,not_measured,managed,0.047816,0.14217,much_slower
a - b (element-wise) (float32),Arithmetic,float32,10000000,,8.28438,10.729528,available,,not_measured,managed,10.729528,0.77211,slower
a - b (element-wise) (float64),Arithmetic,float64,1000,,0.000484,0.001908,available,,not_measured,managed,0.001908,0.253669,negligible
a - b (element-wise) (float64),Arithmetic,float64,100000,,0.028276,0.093217,available,,not_measured,managed,0.093217,0.303335,much_slower
a - b (element-wise) (float64),Arithmetic,float64,10000000,,32.983526,24.801464,available,,not_measured,managed,24.801464,1.329902,faster
a - b (element-wise) (int16),Arithmetic,int16,1000,,0.000641,0.001162,available,,not_measured,managed,0.001162,0.551635,negligible
a - b (element-wise) (int16),Arithmetic,int16,100000,,0.029908,0.025803,available,,not_measured,managed,0.025803,1.15909,faster
a - b (element-wise) (int16),Arithmetic,int16,10000000,,5.26835,5.650483,available,,not_measured,managed,5.650483,0.932372,close
a - b (element-wise) (int32),Arithmetic,int32,1000,,0.000653,0.001414,available,,not_measured,managed,0.001414,0.46181,negligible
a - b (element-wise) (int32),Arithmetic,int32,100000,,0.03163,0.047908,available,,not_measured,managed,0.047908,0.660224,slower
a - b (element-wise) (int32),Arithmetic,int32,10000000,,9.497156,10.648148,available,,not_measured,managed,10.648148,0.891907,close
a - b (element-wise) (int64),Arithmetic,int64,1000,,0.000675,0.002269,available,,not_measured,managed,0.002269,0.297488,negligible
a - b (element-wise) (int64),Arithmetic,int64,100000,,0.034466,0.098923,available,,not_measured,managed,0.098923,0.348412,slower
a - b (element-wise) (int64),Arithmetic,int64,10000000,,16.238418,25.008148,available,,not_measured,managed,25.008148,0.649325,slower
a - b (element-wise) (int8),Arithmetic,int8,1000,,0.000615,0.000942,available,,not_measured,managed,0.000942,0.652866,negligible
a - b (element-wise) (int8),Arithmetic,int8,100000,,0.029395,0.013943,available,,not_measured,managed,0.013943,2.108226,faster
a - b (element-wise) (int8),Arithmetic,int8,10000000,,3.838292,2.205504,available,,not_measured,managed,2.205504,1.740324,faster
a - b (element-wise) (uint16),Arithmetic,uint16,1000,,0.000668,0.000986,available,,not_measured,managed,0.000986,0.677485,negligible
a - b (element-wise) (uint16),Arithmetic,uint16,100000,,0.030236,0.024548,available,,not_measured,managed,0.024548,1.231709,faster
a - b (element-wise) (uint16),Arithmetic,uint16,10000000,,5.256088,5.687771,available,,not_measured,managed,5.687771,0.924103,close
a - b (element-wise) (uint32),Arithmetic,uint32,1000,,0.000649,0.001579,available,,not_measured,managed,0.001579,0.41102,negligible
a - b (element-wise) (uint32),Arithmetic,uint32,100000,,0.029809,0.048464,available,,not_measured,managed,0.048464,0.615075,slower
a - b (element-wise) (uint32),Arithmetic,uint32,10000000,,8.364832,10.801755,available,,not_measured,managed,10.801755,0.774396,slower
a - b (element-wise) (uint64),Arithmetic,uint64,1000,,0.000662,0.001954,available,,not_measured,managed,0.001954,0.338792,negligible
a - b (element-wise) (uint64),Arithmetic,uint64,100000,,0.03621,0.098231,available,,not_measured,managed,0.098231,0.368621,slower
a - b (element-wise) (uint64),Arithmetic,uint64,10000000,,16.720416,24.982566,available,,not_measured,managed,24.982566,0.669283,slower
a - b (element-wise) (uint8),Arithmetic,uint8,1000,,0.000634,0.001076,available,,not_measured,managed,0.001076,0.589219,negligible
a - b (element-wise) (uint8),Arithmetic,uint8,100000,,0.029381,0.014485,available,,not_measured,managed,0.014485,2.028374,faster
a - b (element-wise) (uint8),Arithmetic,uint8,10000000,,3.839678,2.207848,available,,not_measured,managed,2.207848,1.739104,faster
a - scalar (complex128),Arithmetic,complex128,1000,,0.000718,0.002808,available,,not_measured,managed,0.002808,0.255698,negligible
a - scalar (complex128),Arithmetic,complex128,100000,,0.299388,0.29333,available,,not_measured,managed,0.29333,1.020653,close
a - scalar (complex128),Arithmetic,complex128,10000000,,51.395534,40.695107,available,,not_measured,managed,40.695107,1.262941,faster
a - scalar (float16),Arithmetic,float16,1000,,0.003439,0.009457,available,,not_measured,managed,0.009457,0.363646,slower
a - scalar (float16),Arithmetic,float16,100000,,0.281634,0.900388,available,,not_measured,managed,0.900388,0.312792,much_slower
a - scalar (float16),Arithmetic,float16,10000000,,30.634786,90.02166,available,,not_measured,managed,90.02166,0.340305,slower
a - scalar (float32),Arithmetic,float32,1000,,0.000588,0.00147,available,,not_measured,managed,0.00147,0.4,negligible
a - scalar (float32),Arithmetic,float32,100000,,0.006148,0.048459,available,,not_measured,managed,0.048459,0.12687,much_slower
a - scalar (float32),Arithmetic,float32,10000000,,8.64408,8.553297,available,,not_measured,managed,8.553297,1.010614,close
a - scalar (float64),Arithmetic,float64,1000,,0.000611,0.001981,available,,not_measured,managed,0.001981,0.30843,negligible
a - scalar (float64),Arithmetic,float64,100000,,0.012852,0.09505,available,,not_measured,managed,0.09505,0.135213,much_slower
a - scalar (float64),Arithmetic,float64,10000000,,26.122484,19.125304,available,,not_measured,managed,19.125304,1.36586,faster
a - scalar (int16),Arithmetic,int16,1000,,0.000751,0.000995,available,,not_measured,managed,0.000995,0.754774,negligible
a - scalar (int16),Arithmetic,int16,100000,,0.024663,0.025741,available,,not_measured,managed,0.025741,0.958121,close
a - scalar (int16),Arithmetic,int16,10000000,,4.57186,4.059737,available,,not_measured,managed,4.059737,1.126147,faster
a - scalar (int32),Arithmetic,int32,1000,,0.001031,0.001454,available,,not_measured,managed,0.001454,0.709078,slower
a - scalar (int32),Arithmetic,int32,100000,,0.024074,0.04964,available,,not_measured,managed,0.04964,0.484972,slower
a - scalar (int32),Arithmetic,int32,10000000,,8.066722,8.585066,available,,not_measured,managed,8.585066,0.939623,close
a - scalar (int64),Arithmetic,int64,1000,,0.000749,0.002056,available,,not_measured,managed,0.002056,0.3643,negligible
a - scalar (int64),Arithmetic,int64,100000,,0.02463,0.097272,available,,not_measured,managed,0.097272,0.253208,much_slower
a - scalar (int64),Arithmetic,int64,10000000,,14.731288,19.05138,available,,not_measured,managed,19.05138,0.77324,slower
a - scalar (int8),Arithmetic,int8,1000,,0.000722,0.00087,available,,not_measured,managed,0.00087,0.829885,negligible
a - scalar (int8),Arithmetic,int8,100000,,0.025121,0.01456,available,,not_measured,managed,0.01456,1.725343,faster
a - scalar (int8),Arithmetic,int8,10000000,,3.478198,1.837964,available,,not_measured,managed,1.837964,1.892419,faster
a - scalar (uint16),Arithmetic,uint16,1000,,0.000755,0.001079,available,,not_measured,managed,0.001079,0.699722,negligible
a - scalar (uint16),Arithmetic,uint16,100000,,0.024396,0.025854,available,,not_measured,managed,0.025854,0.943606,close
a - scalar (uint16),Arithmetic,uint16,10000000,,4.441,4.080344,available,,not_measured,managed,4.080344,1.088389,faster
a - scalar (uint32),Arithmetic,uint32,1000,,0.00076,0.001486,available,,not_measured,managed,0.001486,0.51144,negligible
a - scalar (uint32),Arithmetic,uint32,100000,,0.023421,0.04988,available,,not_measured,managed,0.04988,0.469547,slower
a - scalar (uint32),Arithmetic,uint32,10000000,,7.798728,8.459393,available,,not_measured,managed,8.459393,0.921902,close
a - scalar (uint64),Arithmetic,uint64,1000,,0.000773,0.002147,available,,not_measured,managed,0.002147,0.360037,negligible
a - scalar (uint64),Arithmetic,uint64,100000,,0.028698,0.098452,available,,not_measured,managed,0.098452,0.291492,much_slower
a - scalar (uint64),Arithmetic,uint64,10000000,,15.965174,19.078459,available,,not_measured,managed,19.078459,0.836817,close
a - scalar (uint8),Arithmetic,uint8,1000,,0.000767,0.000791,available,,not_measured,managed,0.000791,0.969659,negligible
a - scalar (uint8),Arithmetic,uint8,100000,,0.024292,0.014395,available,,not_measured,managed,0.014395,1.68753,faster
a - scalar (uint8),Arithmetic,uint8,10000000,,3.349422,1.805355,available,,not_measured,managed,1.805355,1.855271,faster
a / b (element-wise) (float32),Arithmetic,float32,1000,,0.000481,0.001503,available,,not_measured,managed,0.001503,0.320027,negligible
a / b (element-wise) (float32),Arithmetic,float32,100000,,0.011917,0.061762,available,,not_measured,managed,0.061762,0.19295,much_slower
a / b (element-wise) (float32),Arithmetic,float32,10000000,,8.365676,10.614568,available,,not_measured,managed,10.614568,0.788132,slower
a / b (element-wise) (float64),Arithmetic,float64,1000,,0.000744,0.002351,available,,not_measured,managed,0.002351,0.316461,negligible
a / b (element-wise) (float64),Arithmetic,float64,100000,,0.038642,0.195594,available,,not_measured,managed,0.195594,0.197562,much_slower
a / b (element-wise) (float64),Arithmetic,float64,10000000,,33.583052,24.740154,available,,not_measured,managed,24.740154,1.357431,faster
a / b (element-wise) (int32),Arithmetic,int32,1000,,0.001742,0.00371,available,,not_measured,managed,0.00371,0.469542,slower
a / b (element-wise) (int32),Arithmetic,int32,100000,,0.084924,0.195637,available,,not_measured,managed,0.195637,0.43409,slower
a / b (element-wise) (int32),Arithmetic,int32,10000000,,21.311114,23.944312,available,,not_measured,managed,23.944312,0.890028,close
a / b (element-wise) (int64),Arithmetic,int64,1000,,0.001667,0.004456,available,,not_measured,managed,0.004456,0.374102,slower
a / b (element-wise) (int64),Arithmetic,int64,100000,,0.077508,0.20276,available,,not_measured,managed,0.20276,0.382265,slower
a / b (element-wise) (int64),Arithmetic,int64,10000000,,25.453714,28.360194,available,,not_measured,managed,28.360194,0.897516,close
a / scalar (float32),Arithmetic,float32,1000,,0.000587,0.001613,available,,not_measured,managed,0.001613,0.363918,negligible
a / scalar (float32),Arithmetic,float32,100000,,0.012271,0.057932,available,,not_measured,managed,0.057932,0.211817,much_slower
a / scalar (float32),Arithmetic,float32,10000000,,14.52966,8.549481,available,,not_measured,managed,8.549481,1.699479,faster
a / scalar (float64),Arithmetic,float64,1000,,0.000877,0.002554,available,,not_measured,managed,0.002554,0.343383,negligible
a / scalar (float64),Arithmetic,float64,100000,,0.037608,0.192669,available,,not_measured,managed,0.192669,0.195195,much_slower
a / scalar (float64),Arithmetic,float64,10000000,,30.19718,23.71742,available,,not_measured,managed,23.71742,1.273207,faster
a / scalar (int32),Arithmetic,int32,1000,,0.001559,0.006757,available,,not_measured,managed,0.006757,0.230724,much_slower
a / scalar (int32),Arithmetic,int32,100000,,0.065384,0.188283,available,,not_measured,managed,0.188283,0.347264,slower
a / scalar (int32),Arithmetic,int32,10000000,,16.690584,24.150824,available,,not_measured,managed,24.150824,0.691098,slower
a / scalar (int64),Arithmetic,int64,1000,,0.001639,0.004693,available,,not_measured,managed,0.004693,0.349244,slower
a / scalar (int64),Arithmetic,int64,100000,,0.059912,0.201878,available,,not_measured,managed,0.201878,0.296773,much_slower
a / scalar (int64),Arithmetic,int64,10000000,,24.11768,24.154874,available,,not_measured,managed,24.154874,0.99846,close
"np.add(a, b) (complex128)",Arithmetic,complex128,1000,,0.000665,0.003065,available,,not_measured,managed,0.003065,0.216966,negligible
"np.add(a, b) (complex128)",Arithmetic,complex128,100000,,0.321258,0.45655,available,,not_measured,managed,0.45655,0.703664,slower
"np.add(a, b) (complex128)",Arithmetic,complex128,10000000,,62.978336,56.85282,available,,not_measured,managed,56.85282,1.107743,faster
"np.add(a, b) (float16)",Arithmetic,float16,1000,,0.003695,0.009498,available,,not_measured,managed,0.009498,0.389029,slower
"np.add(a, b) (float16)",Arithmetic,float16,100000,,0.299518,0.905081,available,,not_measured,managed,0.905081,0.330929,slower
"np.add(a, b) (float16)",Arithmetic,float16,10000000,,30.849064,88.981917,available,,not_measured,managed,88.981917,0.346689,slower
"np.add(a, b) (float32)",Arithmetic,float32,1000,,0.000414,0.001503,available,,not_measured,managed,0.001503,0.275449,negligible
"np.add(a, b) (float32)",Arithmetic,float32,100000,,0.006703,0.051814,available,,not_measured,managed,0.051814,0.129367,much_slower
"np.add(a, b) (float32)",Arithmetic,float32,10000000,,8.420886,10.570274,available,,not_measured,managed,10.570274,0.796657,slower
"np.add(a, b) (float64)",Arithmetic,float64,1000,,0.000484,0.001963,available,,not_measured,managed,0.001963,0.246561,negligible
"np.add(a, b) (float64)",Arithmetic,float64,100000,,0.028906,0.111274,available,,not_measured,managed,0.111274,0.259773,much_slower
"np.add(a, b) (float64)",Arithmetic,float64,10000000,,33.506298,25.46584,available,,not_measured,managed,25.46584,1.315735,faster
"np.add(a, b) (int16)",Arithmetic,int16,1000,,0.000668,0.001265,available,,not_measured,managed,0.001265,0.528063,negligible
"np.add(a, b) (int16)",Arithmetic,int16,100000,,0.031265,0.028001,available,,not_measured,managed,0.028001,1.116567,faster
"np.add(a, b) (int16)",Arithmetic,int16,10000000,,5.317894,6.955537,available,,not_measured,managed,6.955537,0.764555,slower
"np.add(a, b) (int32)",Arithmetic,int32,1000,,0.00069,0.001415,available,,not_measured,managed,0.001415,0.487633,negligible
"np.add(a, b) (int32)",Arithmetic,int32,100000,,0.03075,0.056764,available,,not_measured,managed,0.056764,0.541717,slower
"np.add(a, b) (int32)",Arithmetic,int32,10000000,,8.500204,11.09569,available,,not_measured,managed,11.09569,0.766082,slower
"np.add(a, b) (int64)",Arithmetic,int64,1000,,0.000682,0.002092,available,,not_measured,managed,0.002092,0.326004,negligible
"np.add(a, b) (int64)",Arithmetic,int64,100000,,0.033932,0.113299,available,,not_measured,managed,0.113299,0.299491,much_slower
"np.add(a, b) (int64)",Arithmetic,int64,10000000,,16.312246,33.755566,available,,not_measured,managed,33.755566,0.483246,slower
"np.add(a, b) (int8)",Arithmetic,int8,1000,,0.000624,0.000988,available,,not_measured,managed,0.000988,0.631579,negligible
"np.add(a, b) (int8)",Arithmetic,int8,100000,,0.029422,0.015443,available,,not_measured,managed,0.015443,1.9052,faster
"np.add(a, b) (int8)",Arithmetic,int8,10000000,,3.882566,3.458496,available,,not_measured,managed,3.458496,1.122617,faster
"np.add(a, b) (uint16)",Arithmetic,uint16,1000,,0.000679,0.000986,available,,not_measured,managed,0.000986,0.688641,negligible
"np.add(a, b) (uint16)",Arithmetic,uint16,100000,,0.032768,0.027132,available,,not_measured,managed,0.027132,1.207725,faster
"np.add(a, b) (uint16)",Arithmetic,uint16,10000000,,5.045566,6.260509,available,,not_measured,managed,6.260509,0.805935,close
"np.add(a, b) (uint32)",Arithmetic,uint32,1000,,0.000658,0.001368,available,,not_measured,managed,0.001368,0.480994,negligible
"np.add(a, b) (uint32)",Arithmetic,uint32,100000,,0.030912,0.055814,available,,not_measured,managed,0.055814,0.55384,slower
"np.add(a, b) (uint32)",Arithmetic,uint32,10000000,,8.309142,11.021416,available,,not_measured,managed,11.021416,0.753909,slower
"np.add(a, b) (uint64)",Arithmetic,uint64,1000,,0.00068,0.001817,available,,not_measured,managed,0.001817,0.374243,negligible
"np.add(a, b) (uint64)",Arithmetic,uint64,100000,,0.033234,0.101368,available,,not_measured,managed,0.101368,0.327855,much_slower
"np.add(a, b) (uint64)",Arithmetic,uint64,10000000,,16.98022,34.536752,available,,not_measured,managed,34.536752,0.491657,slower
"np.add(a, b) (uint8)",Arithmetic,uint8,1000,,0.000682,0.001151,available,,not_measured,managed,0.001151,0.592528,negligible
"np.add(a, b) (uint8)",Arithmetic,uint8,100000,,0.02992,0.016196,available,,not_measured,managed,0.016196,1.84737,faster
"np.add(a, b) (uint8)",Arithmetic,uint8,10000000,,3.824336,3.528561,available,,not_measured,managed,3.528561,1.083823,faster
"np.divide(a, b) (float32)",Arithmetic,float32,1000,,0.000466,0.001506,available,,not_measured,managed,0.001506,0.309429,negligible
"np.divide(a, b) (float32)",Arithmetic,float32,100000,,0.012729,0.063047,available,,not_measured,managed,0.063047,0.201897,much_slower
"np.divide(a, b) (float32)",Arithmetic,float32,10000000,,8.19915,10.699762,available,,not_measured,managed,10.699762,0.766293,slower
"np.divide(a, b) (float64)",Arithmetic,float64,1000,,0.000723,0.002543,available,,not_measured,managed,0.002543,0.28431,negligible
"np.divide(a, b) (float64)",Arithmetic,float64,100000,,0.038936,0.193341,available,,not_measured,managed,0.193341,0.201385,much_slower
"np.divide(a, b) (float64)",Arithmetic,float64,10000000,,34.105658,25.590394,available,,not_measured,managed,25.590394,1.332752,faster
"np.divide(a, b) (int32)",Arithmetic,int32,1000,,0.001653,0.003721,available,,not_measured,managed,0.003721,0.444235,slower
"np.divide(a, b) (int32)",Arithmetic,int32,100000,,0.085738,0.201455,available,,not_measured,managed,0.201455,0.425594,slower
"np.divide(a, b) (int32)",Arithmetic,int32,10000000,,21.695066,23.900462,available,,not_measured,managed,23.900462,0.907726,close
"np.divide(a, b) (int64)",Arithmetic,int64,1000,,0.00161,0.004133,available,,not_measured,managed,0.004133,0.389548,slower
"np.divide(a, b) (int64)",Arithmetic,int64,100000,,0.077154,0.197314,available,,not_measured,managed,0.197314,0.391021,slower
"np.divide(a, b) (int64)",Arithmetic,int64,10000000,,26.308036,28.722017,available,,not_measured,managed,28.722017,0.915954,close
"np.floor_divide(a, b) (float32)",Arithmetic,float32,1000,,0.011548,0.011443,available,,not_measured,managed,0.011443,1.009176,close
"np.floor_divide(a, b) (float32)",Arithmetic,float32,100000,,1.417276,1.576522,available,,not_measured,managed,1.576522,0.898989,close
"np.floor_divide(a, b) (float32)",Arithmetic,float32,10000000,,235.707578,157.293165,available,,not_measured,managed,157.293165,1.498524,faster
"np.floor_divide(a, b) (float64)",Arithmetic,float64,1000,,0.009626,0.009503,available,,not_measured,managed,0.009503,1.012943,close
"np.floor_divide(a, b) (float64)",Arithmetic,float64,100000,,1.229,1.416309,available,,not_measured,managed,1.416309,0.867748,close
"np.floor_divide(a, b) (float64)",Arithmetic,float64,10000000,,229.521762,148.846459,available,,not_measured,managed,148.846459,1.542004,faster
"np.floor_divide(a, b) (int32)",Arithmetic,int32,1000,,0.001666,0.002877,available,,not_measured,managed,0.002877,0.579075,slower
"np.floor_divide(a, b) (int32)",Arithmetic,int32,100000,,0.369766,0.617459,available,,not_measured,managed,0.617459,0.598851,slower
"np.floor_divide(a, b) (int32)",Arithmetic,int32,10000000,,41.652182,61.798894,available,,not_measured,managed,61.798894,0.673996,slower
"np.floor_divide(a, b) (int64)",Arithmetic,int64,1000,,0.002264,0.002628,available,,not_measured,managed,0.002628,0.861492,close
"np.floor_divide(a, b) (int64)",Arithmetic,int64,100000,,0.362052,0.616186,available,,not_measured,managed,0.616186,0.587569,slower
"np.floor_divide(a, b) (int64)",Arithmetic,int64,10000000,,59.576936,67.548563,available,,not_measured,managed,67.548563,0.881987,close
"np.mod(a, b) (float32)",Arithmetic,float32,1000,,0.011187,0.011224,available,,not_measured,managed,0.011224,0.996703,close
"np.mod(a, b) (float32)",Arithmetic,float32,100000,,1.425634,1.570907,available,,not_measured,managed,1.570907,0.907523,close
"np.mod(a, b) (float32)",Arithmetic,float32,10000000,,258.340162,156.95417,available,,not_measured,managed,156.95417,1.645959,faster
"np.mod(a, b) (float64)",Arithmetic,float64,1000,,0.009942,0.008872,available,,not_measured,managed,0.008872,1.120604,faster
"np.mod(a, b) (float64)",Arithmetic,float64,100000,,1.229368,1.431669,available,,not_measured,managed,1.431669,0.858696,close
"np.mod(a, b) (float64)",Arithmetic,float64,10000000,,208.189626,147.928724,available,,not_measured,managed,147.928724,1.407364,faster
"np.mod(a, b) (int32)",Arithmetic,int32,1000,,0.00189,0.00274,available,,not_measured,managed,0.00274,0.689781,slower
"np.mod(a, b) (int32)",Arithmetic,int32,100000,,0.381804,0.589982,available,,not_measured,managed,0.589982,0.647145,slower
"np.mod(a, b) (int32)",Arithmetic,int32,10000000,,42.26105,60.102717,available,,not_measured,managed,60.102717,0.703147,slower
"np.mod(a, b) (int64)",Arithmetic,int64,1000,,0.003417,0.003179,available,,not_measured,managed,0.003179,1.074866,faster
"np.mod(a, b) (int64)",Arithmetic,int64,100000,,0.38268,0.597538,available,,not_measured,managed,0.597538,0.640428,slower
"np.mod(a, b) (int64)",Arithmetic,int64,10000000,,47.639144,65.844542,available,,not_measured,managed,65.844542,0.723509,slower
"np.multiply(a, b) (complex128)",Arithmetic,complex128,1000,,0.000753,0.00398,available,,not_measured,managed,0.00398,0.189196,negligible
"np.multiply(a, b) (complex128)",Arithmetic,complex128,100000,,0.302828,0.324401,available,,not_measured,managed,0.324401,0.933499,close
"np.multiply(a, b) (complex128)",Arithmetic,complex128,10000000,,70.648188,54.659364,available,,not_measured,managed,54.659364,1.292518,faster
"np.multiply(a, b) (float16)",Arithmetic,float16,1000,,0.003202,0.009469,available,,not_measured,managed,0.009469,0.338156,slower
"np.multiply(a, b) (float16)",Arithmetic,float16,100000,,0.27575,0.908179,available,,not_measured,managed,0.908179,0.30363,much_slower
"np.multiply(a, b) (float16)",Arithmetic,float16,10000000,,30.7477,89.927568,available,,not_measured,managed,89.927568,0.341916,slower
"np.multiply(a, b) (float32)",Arithmetic,float32,1000,,0.000422,0.001515,available,,not_measured,managed,0.001515,0.278548,negligible
"np.multiply(a, b) (float32)",Arithmetic,float32,100000,,0.006756,0.047206,available,,not_measured,managed,0.047206,0.143117,much_slower
"np.multiply(a, b) (float32)",Arithmetic,float32,10000000,,8.300952,10.612799,available,,not_measured,managed,10.612799,0.782164,slower
"np.multiply(a, b) (float64)",Arithmetic,float64,1000,,0.000531,0.002186,available,,not_measured,managed,0.002186,0.242909,negligible
"np.multiply(a, b) (float64)",Arithmetic,float64,100000,,0.028763,0.09587,available,,not_measured,managed,0.09587,0.300021,much_slower
"np.multiply(a, b) (float64)",Arithmetic,float64,10000000,,32.155792,24.849874,available,,not_measured,managed,24.849874,1.294002,faster
"np.multiply(a, b) (int16)",Arithmetic,int16,1000,,0.000661,0.000975,available,,not_measured,managed,0.000975,0.677949,negligible
"np.multiply(a, b) (int16)",Arithmetic,int16,100000,,0.032442,0.026012,available,,not_measured,managed,0.026012,1.247194,faster
"np.multiply(a, b) (int16)",Arithmetic,int16,10000000,,4.986452,5.446226,available,,not_measured,managed,5.446226,0.915579,close
"np.multiply(a, b) (int32)",Arithmetic,int32,1000,,0.000779,0.001361,available,,not_measured,managed,0.001361,0.572373,negligible
"np.multiply(a, b) (int32)",Arithmetic,int32,100000,,0.030108,0.050052,available,,not_measured,managed,0.050052,0.601534,slower
"np.multiply(a, b) (int32)",Arithmetic,int32,10000000,,9.127006,10.875728,available,,not_measured,managed,10.875728,0.839209,close
"np.multiply(a, b) (int64)",Arithmetic,int64,1000,,0.000733,0.001893,available,,not_measured,managed,0.001893,0.387216,negligible
"np.multiply(a, b) (int64)",Arithmetic,int64,100000,,0.033966,0.101465,available,,not_measured,managed,0.101465,0.334756,slower
"np.multiply(a, b) (int64)",Arithmetic,int64,10000000,,16.855136,28.221918,available,,not_measured,managed,28.221918,0.597236,slower
"np.multiply(a, b) (int8)",Arithmetic,int8,1000,,0.000624,0.000981,available,,not_measured,managed,0.000981,0.636086,negligible
"np.multiply(a, b) (int8)",Arithmetic,int8,100000,,0.028351,0.015749,available,,not_measured,managed,0.015749,1.800178,faster
"np.multiply(a, b) (int8)",Arithmetic,int8,10000000,,3.840642,2.465949,available,,not_measured,managed,2.465949,1.55747,faster
"np.multiply(a, b) (uint16)",Arithmetic,uint16,1000,,0.00064,0.001069,available,,not_measured,managed,0.001069,0.59869,negligible
"np.multiply(a, b) (uint16)",Arithmetic,uint16,100000,,0.028212,0.025687,available,,not_measured,managed,0.025687,1.098299,faster
"np.multiply(a, b) (uint16)",Arithmetic,uint16,10000000,,5.110956,5.140061,available,,not_measured,managed,5.140061,0.994338,close
"np.multiply(a, b) (uint32)",Arithmetic,uint32,1000,,0.000722,0.00154,available,,not_measured,managed,0.00154,0.468831,negligible
"np.multiply(a, b) (uint32)",Arithmetic,uint32,100000,,0.030348,0.047874,available,,not_measured,managed,0.047874,0.633914,slower
"np.multiply(a, b) (uint32)",Arithmetic,uint32,10000000,,8.6844,11.359279,available,,not_measured,managed,11.359279,0.76452,slower
"np.multiply(a, b) (uint64)",Arithmetic,uint64,1000,,0.000711,0.002213,available,,not_measured,managed,0.002213,0.321283,negligible
"np.multiply(a, b) (uint64)",Arithmetic,uint64,100000,,0.036658,0.09946,available,,not_measured,managed,0.09946,0.36857,slower
"np.multiply(a, b) (uint64)",Arithmetic,uint64,10000000,,17.068954,26.676319,available,,not_measured,managed,26.676319,0.639854,slower
"np.multiply(a, b) (uint8)",Arithmetic,uint8,1000,,0.000617,0.001064,available,,not_measured,managed,0.001064,0.579887,negligible
"np.multiply(a, b) (uint8)",Arithmetic,uint8,100000,,0.028287,0.015995,available,,not_measured,managed,0.015995,1.76849,faster
"np.multiply(a, b) (uint8)",Arithmetic,uint8,10000000,,3.957456,2.374839,available,,not_measured,managed,2.374839,1.66641,faster
"np.subtract(a, b) (complex128)",Arithmetic,complex128,1000,,0.000673,0.003196,available,,not_measured,managed,0.003196,0.210576,negligible
"np.subtract(a, b) (complex128)",Arithmetic,complex128,100000,,0.307916,0.334792,available,,not_measured,managed,0.334792,0.919723,close
"np.subtract(a, b) (complex128)",Arithmetic,complex128,10000000,,77.28664,56.14251,available,,not_measured,managed,56.14251,1.376615,faster
"np.subtract(a, b) (float16)",Arithmetic,float16,1000,,0.003544,0.009505,available,,not_measured,managed,0.009505,0.372856,slower
"np.subtract(a, b) (float16)",Arithmetic,float16,100000,,0.281144,0.908453,available,,not_measured,managed,0.908453,0.309476,much_slower
"np.subtract(a, b) (float16)",Arithmetic,float16,10000000,,30.749386,90.659439,available,,not_measured,managed,90.659439,0.339175,slower
"np.subtract(a, b) (float32)",Arithmetic,float32,1000,,0.000419,0.001382,available,,not_measured,managed,0.001382,0.303184,negligible
"np.subtract(a, b) (float32)",Arithmetic,float32,100000,,0.006778,0.049253,available,,not_measured,managed,0.049253,0.137616,much_slower
"np.subtract(a, b) (float32)",Arithmetic,float32,10000000,,8.316632,10.813241,available,,not_measured,managed,10.813241,0.769116,slower
"np.subtract(a, b) (float64)",Arithmetic,float64,1000,,0.000491,0.002005,available,,not_measured,managed,0.002005,0.244888,negligible
"np.subtract(a, b) (float64)",Arithmetic,float64,100000,,0.02923,0.09733,available,,not_measured,managed,0.09733,0.300319,much_slower
"np.subtract(a, b) (float64)",Arithmetic,float64,10000000,,34.971824,25.211741,available,,not_measured,managed,25.211741,1.387125,faster
"np.subtract(a, b) (int16)",Arithmetic,int16,1000,,0.000655,0.001113,available,,not_measured,managed,0.001113,0.5885,negligible
"np.subtract(a, b) (int16)",Arithmetic,int16,100000,,0.031658,0.025878,available,,not_measured,managed,0.025878,1.223356,faster
"np.subtract(a, b) (int16)",Arithmetic,int16,10000000,,5.19331,5.900359,available,,not_measured,managed,5.900359,0.880168,close
"np.subtract(a, b) (int32)",Arithmetic,int32,1000,,0.000656,0.0014,available,,not_measured,managed,0.0014,0.468571,negligible
"np.subtract(a, b) (int32)",Arithmetic,int32,100000,,0.029758,0.04573,available,,not_measured,managed,0.04573,0.650733,slower
"np.subtract(a, b) (int32)",Arithmetic,int32,10000000,,9.19725,10.725468,available,,not_measured,managed,10.725468,0.857515,close
"np.subtract(a, b) (int64)",Arithmetic,int64,1000,,0.000694,0.002046,available,,not_measured,managed,0.002046,0.339198,negligible
"np.subtract(a, b) (int64)",Arithmetic,int64,100000,,0.033856,0.096054,available,,not_measured,managed,0.096054,0.352468,slower
"np.subtract(a, b) (int64)",Arithmetic,int64,10000000,,16.424074,25.176667,available,,not_measured,managed,25.176667,0.652353,slower
"np.subtract(a, b) (int8)",Arithmetic,int8,1000,,0.000639,0.000895,available,,not_measured,managed,0.000895,0.713966,negligible
"np.subtract(a, b) (int8)",Arithmetic,int8,100000,,0.029437,0.014267,available,,not_measured,managed,0.014267,2.063293,faster
"np.subtract(a, b) (int8)",Arithmetic,int8,10000000,,3.931784,2.312433,available,,not_measured,managed,2.312433,1.70028,faster
"np.subtract(a, b) (uint16)",Arithmetic,uint16,1000,,0.000802,0.001048,available,,not_measured,managed,0.001048,0.765267,negligible
"np.subtract(a, b) (uint16)",Arithmetic,uint16,100000,,0.03029,0.023827,available,,not_measured,managed,0.023827,1.271247,faster
"np.subtract(a, b) (uint16)",Arithmetic,uint16,10000000,,5.123904,5.704792,available,,not_measured,managed,5.704792,0.898175,close
"np.subtract(a, b) (uint32)",Arithmetic,uint32,1000,,0.000663,0.001328,available,,not_measured,managed,0.001328,0.499247,negligible
"np.subtract(a, b) (uint32)",Arithmetic,uint32,100000,,0.029364,0.048206,available,,not_measured,managed,0.048206,0.609136,slower
"np.subtract(a, b) (uint32)",Arithmetic,uint32,10000000,,8.487732,10.085944,available,,not_measured,managed,10.085944,0.841541,close
"np.subtract(a, b) (uint64)",Arithmetic,uint64,1000,,0.00067,0.001922,available,,not_measured,managed,0.001922,0.348595,negligible
"np.subtract(a, b) (uint64)",Arithmetic,uint64,100000,,0.03539,0.093527,available,,not_measured,managed,0.093527,0.378393,slower
"np.subtract(a, b) (uint64)",Arithmetic,uint64,10000000,,17.005864,25.354078,available,,not_measured,managed,25.354078,0.670735,slower
"np.subtract(a, b) (uint8)",Arithmetic,uint8,1000,,0.000658,0.000973,available,,not_measured,managed,0.000973,0.676259,negligible
"np.subtract(a, b) (uint8)",Arithmetic,uint8,100000,,0.029718,0.014401,available,,not_measured,managed,0.014401,2.063607,faster
"np.subtract(a, b) (uint8)",Arithmetic,uint8,10000000,,3.859748,2.179349,available,,not_measured,managed,2.179349,1.771055,faster
"np.true_divide(a, b) (float32)",Arithmetic,float32,1000,,0.000463,0.001522,available,,not_measured,managed,0.001522,0.304205,negligible
"np.true_divide(a, b) (float32)",Arithmetic,float32,100000,,0.011937,0.063996,available,,not_measured,managed,0.063996,0.186527,much_slower
"np.true_divide(a, b) (float32)",Arithmetic,float32,10000000,,8.35012,10.691416,available,,not_measured,managed,10.691416,0.781012,slower
"np.true_divide(a, b) (float64)",Arithmetic,float64,1000,,0.000896,0.002966,available,,not_measured,managed,0.002966,0.30209,negligible
"np.true_divide(a, b) (float64)",Arithmetic,float64,100000,,0.038606,0.197379,available,,not_measured,managed,0.197379,0.195593,much_slower
"np.true_divide(a, b) (float64)",Arithmetic,float64,10000000,,35.644296,25.417583,available,,not_measured,managed,25.417583,1.402348,faster
"np.true_divide(a, b) (int32)",Arithmetic,int32,1000,,0.001661,0.004609,available,,not_measured,managed,0.004609,0.360382,slower
"np.true_divide(a, b) (int32)",Arithmetic,int32,100000,,0.085246,0.200524,available,,not_measured,managed,0.200524,0.425116,slower
"np.true_divide(a, b) (int32)",Arithmetic,int32,10000000,,20.352018,23.89851,available,,not_measured,managed,23.89851,0.851602,close
"np.true_divide(a, b) (int64)",Arithmetic,int64,1000,,0.001609,0.004519,available,,not_measured,managed,0.004519,0.356052,slower
"np.true_divide(a, b) (int64)",Arithmetic,int64,100000,,0.077142,0.19888,available,,not_measured,managed,0.19888,0.387882,slower
"np.true_divide(a, b) (int64)",Arithmetic,int64,10000000,,37.654812,28.764809,available,,not_measured,managed,28.764809,1.309058,faster
scalar - a (complex128),Arithmetic,complex128,1000,,0.000781,0.003537,available,,not_measured,managed,0.003537,0.220809,negligible
scalar - a (complex128),Arithmetic,complex128,100000,,0.29567,0.293311,available,,not_measured,managed,0.293311,1.008043,close
scalar - a (complex128),Arithmetic,complex128,10000000,,49.113146,40.556352,available,,not_measured,managed,40.556352,1.210985,faster
scalar - a (float16),Arithmetic,float16,1000,,0.003408,0.009526,available,,not_measured,managed,0.009526,0.357758,slower
scalar - a (float16),Arithmetic,float16,100000,,0.27609,0.907946,available,,not_measured,managed,0.907946,0.304082,much_slower
scalar - a (float16),Arithmetic,float16,10000000,,30.661786,90.656976,available,,not_measured,managed,90.656976,0.338218,slower
scalar - a (float32),Arithmetic,float32,1000,,0.000597,0.001561,available,,not_measured,managed,0.001561,0.382447,negligible
scalar - a (float32),Arithmetic,float32,100000,,0.00611,0.046452,available,,not_measured,managed,0.046452,0.131534,much_slower
scalar - a (float32),Arithmetic,float32,10000000,,7.537986,8.618091,available,,not_measured,managed,8.618091,0.87467,close
scalar - a (float64),Arithmetic,float64,1000,,0.00063,0.002195,available,,not_measured,managed,0.002195,0.287016,negligible
scalar - a (float64),Arithmetic,float64,100000,,0.013385,0.097748,available,,not_measured,managed,0.097748,0.136934,much_slower
scalar - a (float64),Arithmetic,float64,10000000,,24.955606,19.182314,available,,not_measured,managed,19.182314,1.30097,faster
scalar - a (int16),Arithmetic,int16,1000,,0.000794,0.000682,available,,not_measured,managed,0.000682,1.164223,negligible
scalar - a (int16),Arithmetic,int16,100000,,0.025365,0.025146,available,,not_measured,managed,0.025146,1.008709,close
scalar - a (int16),Arithmetic,int16,10000000,,4.534854,3.818077,available,,not_measured,managed,3.818077,1.187732,faster
scalar - a (int32),Arithmetic,int32,1000,,0.000772,0.00157,available,,not_measured,managed,0.00157,0.49172,negligible
scalar - a (int32),Arithmetic,int32,100000,,0.024482,0.049731,available,,not_measured,managed,0.049731,0.492289,slower
scalar - a (int32),Arithmetic,int32,10000000,,8.007238,8.281942,available,,not_measured,managed,8.281942,0.966831,close
scalar - a (int64),Arithmetic,int64,1000,,0.000791,0.002116,available,,not_measured,managed,0.002116,0.373819,negligible
scalar - a (int64),Arithmetic,int64,100000,,0.02425,0.097519,available,,not_measured,managed,0.097519,0.248669,much_slower
scalar - a (int64),Arithmetic,int64,10000000,,14.573766,19.054136,available,,not_measured,managed,19.054136,0.764861,slower
scalar - a (int8),Arithmetic,int8,1000,,0.000749,0.000847,available,,not_measured,managed,0.000847,0.884298,negligible
scalar - a (int8),Arithmetic,int8,100000,,0.024557,0.014281,available,,not_measured,managed,0.014281,1.719557,faster
scalar - a (int8),Arithmetic,int8,10000000,,3.349688,1.779348,available,,not_measured,managed,1.779348,1.882537,faster
scalar - a (uint16),Arithmetic,uint16,1000,,0.000779,0.000902,available,,not_measured,managed,0.000902,0.863636,negligible
scalar - a (uint16),Arithmetic,uint16,100000,,0.024393,0.025882,available,,not_measured,managed,0.025882,0.94247,close
scalar - a (uint16),Arithmetic,uint16,10000000,,4.59962,3.984318,available,,not_measured,managed,3.984318,1.154431,faster
scalar - a (uint32),Arithmetic,uint32,1000,,0.000778,0.001445,available,,not_measured,managed,0.001445,0.538408,negligible
scalar - a (uint32),Arithmetic,uint32,100000,,0.024463,0.047802,available,,not_measured,managed,0.047802,0.511757,slower
scalar - a (uint32),Arithmetic,uint32,10000000,,7.75766,8.644147,available,,not_measured,managed,8.644147,0.897447,close
scalar - a (uint64),Arithmetic,uint64,1000,,0.000793,0.001993,available,,not_measured,managed,0.001993,0.397893,negligible
scalar - a (uint64),Arithmetic,uint64,100000,,0.028094,0.097855,available,,not_measured,managed,0.097855,0.287098,much_slower
scalar - a (uint64),Arithmetic,uint64,10000000,,14.886094,19.08592,available,,not_measured,managed,19.08592,0.779952,slower
scalar - a (uint8),Arithmetic,uint8,1000,,0.000791,0.000826,available,,not_measured,managed,0.000826,0.957627,negligible
scalar - a (uint8),Arithmetic,uint8,100000,,0.024586,0.014216,available,,not_measured,managed,0.014216,1.72946,faster
scalar - a (uint8),Arithmetic,uint8,10000000,,3.332238,1.801288,available,,not_measured,managed,1.801288,1.84992,faster
scalar / a (float32),Arithmetic,float32,1000,,0.000619,0.00112,available,,not_measured,managed,0.00112,0.552679,negligible
scalar / a (float32),Arithmetic,float32,100000,,0.014102,0.05711,available,,not_measured,managed,0.05711,0.246927,much_slower
scalar / a (float32),Arithmetic,float32,10000000,,15.476558,8.705454,available,,not_measured,managed,8.705454,1.7778,faster
scalar / a (float64),Arithmetic,float64,1000,,0.000903,0.002675,available,,not_measured,managed,0.002675,0.33757,negligible
scalar / a (float64),Arithmetic,float64,100000,,0.037598,0.184657,available,,not_measured,managed,0.184657,0.20361,much_slower
scalar / a (float64),Arithmetic,float64,10000000,,32.004362,23.787239,available,,not_measured,managed,23.787239,1.345442,faster
scalar / a (int32),Arithmetic,int32,1000,,0.001572,0.005383,available,,not_measured,managed,0.005383,0.29203,much_slower
scalar / a (int32),Arithmetic,int32,100000,,0.06453,0.202028,available,,not_measured,managed,0.202028,0.319411,much_slower
scalar / a (int32),Arithmetic,int32,10000000,,16.629372,23.766443,available,,not_measured,managed,23.766443,0.6997,slower
scalar / a (int64),Arithmetic,int64,1000,,0.001633,0.004968,available,,not_measured,managed,0.004968,0.328704,much_slower
scalar / a (int64),Arithmetic,int64,100000,,0.058534,0.200017,available,,not_measured,managed,0.200017,0.292645,much_slower
scalar / a (int64),Arithmetic,int64,10000000,,20.173068,24.098515,available,,not_measured,managed,24.098515,0.837108,close
a & b (bool),Bitwise,bool,1000,,0.000327,0.000862,available,,not_measured,managed,0.000862,0.37935,negligible
a & b (bool),Bitwise,bool,100000,,0.002619,0.049718,available,,not_measured,managed,0.049718,0.052677,much_slower
a & b (bool),Bitwise,bool,10000000,,2.02143,5.263111,available,,not_measured,managed,5.263111,0.384075,slower
a & b (int16),Bitwise,int16,1000,,0.000678,0.001203,available,,not_measured,managed,0.001203,0.563591,negligible
a & b (int16),Bitwise,int16,100000,,0.031214,0.025271,available,,not_measured,managed,0.025271,1.235171,faster
a & b (int16),Bitwise,int16,10000000,,8.823694,5.53638,available,,not_measured,managed,5.53638,1.593766,faster
a & b (int32),Bitwise,int32,1000,,0.00071,0.001409,available,,not_measured,managed,0.001409,0.503903,negligible
a & b (int32),Bitwise,int32,100000,,0.028766,0.048032,available,,not_measured,managed,0.048032,0.598892,slower
a & b (int32),Bitwise,int32,10000000,,16.498208,11.165704,available,,not_measured,managed,11.165704,1.477579,faster
a & b (int64),Bitwise,int64,1000,,0.000665,0.001751,available,,not_measured,managed,0.001751,0.379783,negligible
a & b (int64),Bitwise,int64,100000,,0.036358,0.098403,available,,not_measured,managed,0.098403,0.369481,slower
a & b (int64),Bitwise,int64,10000000,,33.050826,25.181902,available,,not_measured,managed,25.181902,1.312483,faster
a & b (int8),Bitwise,int8,1000,,0.000608,0.00087,available,,not_measured,managed,0.00087,0.698851,negligible
a & b (int8),Bitwise,int8,100000,,0.028543,0.013178,available,,not_measured,managed,0.013178,2.165958,faster
a & b (int8),Bitwise,int8,10000000,,6.172462,2.186012,available,,not_measured,managed,2.186012,2.823618,faster
a & b (uint16),Bitwise,uint16,1000,,0.000649,0.001216,available,,not_measured,managed,0.001216,0.533717,negligible
a & b (uint16),Bitwise,uint16,100000,,0.029921,0.024174,available,,not_measured,managed,0.024174,1.237735,faster
a & b (uint16),Bitwise,uint16,10000000,,8.641412,5.74267,available,,not_measured,managed,5.74267,1.504773,faster
a & b (uint32),Bitwise,uint32,1000,,0.0007,0.001352,available,,not_measured,managed,0.001352,0.517751,negligible
a & b (uint32),Bitwise,uint32,100000,,0.02914,0.053341,available,,not_measured,managed,0.053341,0.546296,slower
a & b (uint32),Bitwise,uint32,10000000,,16.61251,10.750339,available,,not_measured,managed,10.750339,1.545301,faster
a & b (uint64),Bitwise,uint64,1000,,0.000675,0.001942,available,,not_measured,managed,0.001942,0.34758,negligible
a & b (uint64),Bitwise,uint64,100000,,0.037442,0.095286,available,,not_measured,managed,0.095286,0.392943,slower
a & b (uint64),Bitwise,uint64,10000000,,31.264154,25.269016,available,,not_measured,managed,25.269016,1.237253,faster
a & b (uint8),Bitwise,uint8,1000,,0.000623,0.000924,available,,not_measured,managed,0.000924,0.674242,negligible
a & b (uint8),Bitwise,uint8,100000,,0.028623,0.01296,available,,not_measured,managed,0.01296,2.208565,faster
a & b (uint8),Bitwise,uint8,10000000,,6.074396,2.161757,available,,not_measured,managed,2.161757,2.809935,faster
a ^ b (bool),Bitwise,bool,1000,,0.000328,0.001282,available,,not_measured,managed,0.001282,0.25585,negligible
a ^ b (bool),Bitwise,bool,100000,,0.002715,0.050606,available,,not_measured,managed,0.050606,0.05365,much_slower
a ^ b (bool),Bitwise,bool,10000000,,1.963542,5.237508,available,,not_measured,managed,5.237508,0.3749,slower
a ^ b (int16),Bitwise,int16,1000,,0.000632,0.001012,available,,not_measured,managed,0.001012,0.624506,negligible
a ^ b (int16),Bitwise,int16,100000,,0.028831,0.025765,available,,not_measured,managed,0.025765,1.118999,faster
a ^ b (int16),Bitwise,int16,10000000,,8.776814,5.61956,available,,not_measured,managed,5.61956,1.561833,faster
a ^ b (int32),Bitwise,int32,1000,,0.000649,0.001335,available,,not_measured,managed,0.001335,0.486142,negligible
a ^ b (int32),Bitwise,int32,100000,,0.031834,0.047026,available,,not_measured,managed,0.047026,0.676945,slower
a ^ b (int32),Bitwise,int32,10000000,,16.566178,11.068927,available,,not_measured,managed,11.068927,1.496638,faster
a ^ b (int64),Bitwise,int64,1000,,0.000659,0.001983,available,,not_measured,managed,0.001983,0.332325,negligible
a ^ b (int64),Bitwise,int64,100000,,0.035274,0.096756,available,,not_measured,managed,0.096756,0.364567,slower
a ^ b (int64),Bitwise,int64,10000000,,33.903638,24.952555,available,,not_measured,managed,24.952555,1.358724,faster
a ^ b (int8),Bitwise,int8,1000,,0.000615,0.000786,available,,not_measured,managed,0.000786,0.782443,negligible
a ^ b (int8),Bitwise,int8,100000,,0.028579,0.015299,available,,not_measured,managed,0.015299,1.868031,faster
a ^ b (int8),Bitwise,int8,10000000,,6.101142,2.171466,available,,not_measured,managed,2.171466,2.809688,faster
a ^ b (uint16),Bitwise,uint16,1000,,0.000661,0.001214,available,,not_measured,managed,0.001214,0.544481,negligible
a ^ b (uint16),Bitwise,uint16,100000,,0.029988,0.02467,available,,not_measured,managed,0.02467,1.215565,faster
a ^ b (uint16),Bitwise,uint16,10000000,,8.821786,5.721653,available,,not_measured,managed,5.721653,1.541825,faster
a ^ b (uint32),Bitwise,uint32,1000,,0.000655,0.001318,available,,not_measured,managed,0.001318,0.496965,negligible
a ^ b (uint32),Bitwise,uint32,100000,,0.030021,0.047908,available,,not_measured,managed,0.047908,0.626639,slower
a ^ b (uint32),Bitwise,uint32,10000000,,16.341998,11.067475,available,,not_measured,managed,11.067475,1.476579,faster
a ^ b (uint64),Bitwise,uint64,1000,,0.000652,0.001844,available,,not_measured,managed,0.001844,0.353579,negligible
a ^ b (uint64),Bitwise,uint64,100000,,0.035404,0.09378,available,,not_measured,managed,0.09378,0.377522,slower
a ^ b (uint64),Bitwise,uint64,10000000,,31.300962,25.41762,available,,not_measured,managed,25.41762,1.231467,faster
a ^ b (uint8),Bitwise,uint8,1000,,0.000615,0.001091,available,,not_measured,managed,0.001091,0.563703,negligible
a ^ b (uint8),Bitwise,uint8,100000,,0.028799,0.013388,available,,not_measured,managed,0.013388,2.151105,faster
a ^ b (uint8),Bitwise,uint8,10000000,,6.114228,2.148625,available,,not_measured,managed,2.148625,2.845647,faster
a | b (bool),Bitwise,bool,1000,,0.000332,0.001299,available,,not_measured,managed,0.001299,0.255581,negligible
a | b (bool),Bitwise,bool,100000,,0.00255,0.049509,available,,not_measured,managed,0.049509,0.051506,much_slower
a | b (bool),Bitwise,bool,10000000,,1.982756,5.245341,available,,not_measured,managed,5.245341,0.378003,slower
a | b (int16),Bitwise,int16,1000,,0.000704,0.001275,available,,not_measured,managed,0.001275,0.552157,negligible
a | b (int16),Bitwise,int16,100000,,0.029789,0.025541,available,,not_measured,managed,0.025541,1.166321,faster
a | b (int16),Bitwise,int16,10000000,,8.51821,5.659084,available,,not_measured,managed,5.659084,1.505228,faster
a | b (int32),Bitwise,int32,1000,,0.000648,0.001523,available,,not_measured,managed,0.001523,0.425476,negligible
a | b (int32),Bitwise,int32,100000,,0.031542,0.04805,available,,not_measured,managed,0.04805,0.656441,slower
a | b (int32),Bitwise,int32,10000000,,16.181098,11.182744,available,,not_measured,managed,11.182744,1.44697,faster
a | b (int64),Bitwise,int64,1000,,0.000651,0.001997,available,,not_measured,managed,0.001997,0.325989,negligible
a | b (int64),Bitwise,int64,100000,,0.035394,0.098973,available,,not_measured,managed,0.098973,0.357613,slower
a | b (int64),Bitwise,int64,10000000,,32.421736,25.299208,available,,not_measured,managed,25.299208,1.281532,faster
a | b (int8),Bitwise,int8,1000,,0.000624,0.000922,available,,not_measured,managed,0.000922,0.67679,negligible
a | b (int8),Bitwise,int8,100000,,0.030086,0.013083,available,,not_measured,managed,0.013083,2.299625,faster
a | b (int8),Bitwise,int8,10000000,,5.999134,2.195767,available,,not_measured,managed,2.195767,2.732136,faster
a | b (uint16),Bitwise,uint16,1000,,0.000646,0.001312,available,,not_measured,managed,0.001312,0.492378,negligible
a | b (uint16),Bitwise,uint16,100000,,0.028567,0.025342,available,,not_measured,managed,0.025342,1.127259,faster
a | b (uint16),Bitwise,uint16,10000000,,8.445362,5.781557,available,,not_measured,managed,5.781557,1.460742,faster
a | b (uint32),Bitwise,uint32,1000,,0.00066,0.001281,available,,not_measured,managed,0.001281,0.515222,negligible
a | b (uint32),Bitwise,uint32,100000,,0.029315,0.047157,available,,not_measured,managed,0.047157,0.621647,slower
a | b (uint32),Bitwise,uint32,10000000,,16.523104,11.37301,available,,not_measured,managed,11.37301,1.452835,faster
a | b (uint64),Bitwise,uint64,1000,,0.000654,0.001825,available,,not_measured,managed,0.001825,0.358356,negligible
a | b (uint64),Bitwise,uint64,100000,,0.035182,0.095989,available,,not_measured,managed,0.095989,0.366521,slower
a | b (uint64),Bitwise,uint64,10000000,,33.877322,25.341719,available,,not_measured,managed,25.341719,1.33682,faster
a | b (uint8),Bitwise,uint8,1000,,0.000624,0.000832,available,,not_measured,managed,0.000832,0.75,negligible
a | b (uint8),Bitwise,uint8,100000,,0.0297,0.013291,available,,not_measured,managed,0.013291,2.234595,faster
a | b (uint8),Bitwise,uint8,10000000,,6.108406,2.186409,available,,not_measured,managed,2.186409,2.793808,faster
"np.bitwise_and(a, b) (bool)",Bitwise,bool,1000,,0.000346,0.001101,available,,not_measured,managed,0.001101,0.31426,negligible
"np.bitwise_and(a, b) (bool)",Bitwise,bool,100000,,0.00258,0.049504,available,,not_measured,managed,0.049504,0.052117,much_slower
"np.bitwise_and(a, b) (bool)",Bitwise,bool,10000000,,3.26017,5.247093,available,,not_measured,managed,5.247093,0.621329,slower
"np.bitwise_and(a, b) (int16)",Bitwise,int16,1000,,0.000658,0.001035,available,,not_measured,managed,0.001035,0.635749,negligible
"np.bitwise_and(a, b) (int16)",Bitwise,int16,100000,,0.029402,0.025082,available,,not_measured,managed,0.025082,1.172235,faster
"np.bitwise_and(a, b) (int16)",Bitwise,int16,10000000,,8.995104,5.585116,available,,not_measured,managed,5.585116,1.610549,faster
"np.bitwise_and(a, b) (int32)",Bitwise,int32,1000,,0.000686,0.001343,available,,not_measured,managed,0.001343,0.510797,negligible
"np.bitwise_and(a, b) (int32)",Bitwise,int32,100000,,0.029506,0.048783,available,,not_measured,managed,0.048783,0.604842,slower
"np.bitwise_and(a, b) (int32)",Bitwise,int32,10000000,,16.55459,10.837579,available,,not_measured,managed,10.837579,1.527517,faster
"np.bitwise_and(a, b) (int64)",Bitwise,int64,1000,,0.000675,0.001727,available,,not_measured,managed,0.001727,0.390851,negligible
"np.bitwise_and(a, b) (int64)",Bitwise,int64,100000,,0.034996,0.09689,available,,not_measured,managed,0.09689,0.361193,slower
"np.bitwise_and(a, b) (int64)",Bitwise,int64,10000000,,31.296144,25.2386,available,,not_measured,managed,25.2386,1.240011,faster
"np.bitwise_and(a, b) (int8)",Bitwise,int8,1000,,0.000632,0.000842,available,,not_measured,managed,0.000842,0.750594,negligible
"np.bitwise_and(a, b) (int8)",Bitwise,int8,100000,,0.028717,0.012948,available,,not_measured,managed,0.012948,2.217871,faster
"np.bitwise_and(a, b) (int8)",Bitwise,int8,10000000,,6.125184,2.175282,available,,not_measured,managed,2.175282,2.815811,faster
"np.bitwise_and(a, b) (uint16)",Bitwise,uint16,1000,,0.000652,0.000971,available,,not_measured,managed,0.000971,0.671473,negligible
"np.bitwise_and(a, b) (uint16)",Bitwise,uint16,100000,,0.028694,0.025384,available,,not_measured,managed,0.025384,1.130397,faster
"np.bitwise_and(a, b) (uint16)",Bitwise,uint16,10000000,,8.8611,5.805194,available,,not_measured,managed,5.805194,1.526409,faster
"np.bitwise_and(a, b) (uint32)",Bitwise,uint32,1000,,0.000717,0.001253,available,,not_measured,managed,0.001253,0.572227,negligible
"np.bitwise_and(a, b) (uint32)",Bitwise,uint32,100000,,0.02881,0.048573,available,,not_measured,managed,0.048573,0.593128,slower
"np.bitwise_and(a, b) (uint32)",Bitwise,uint32,10000000,,15.01153,11.031742,available,,not_measured,managed,11.031742,1.360758,faster
"np.bitwise_and(a, b) (uint64)",Bitwise,uint64,1000,,0.000666,0.001999,available,,not_measured,managed,0.001999,0.333167,negligible
"np.bitwise_and(a, b) (uint64)",Bitwise,uint64,100000,,0.03483,0.093955,available,,not_measured,managed,0.093955,0.370709,slower
"np.bitwise_and(a, b) (uint64)",Bitwise,uint64,10000000,,31.364452,25.06916,available,,not_measured,managed,25.06916,1.251117,faster
"np.bitwise_and(a, b) (uint8)",Bitwise,uint8,1000,,0.000644,0.000798,available,,not_measured,managed,0.000798,0.807018,negligible
"np.bitwise_and(a, b) (uint8)",Bitwise,uint8,100000,,0.028962,0.01288,available,,not_measured,managed,0.01288,2.248602,faster
"np.bitwise_and(a, b) (uint8)",Bitwise,uint8,10000000,,6.13376,2.219911,available,,not_measured,managed,2.219911,2.763066,faster
np.bitwise_not(a) (bool),Bitwise,bool,1000,,0.00032,0.00113,available,,not_measured,managed,0.00113,0.283186,negligible
np.bitwise_not(a) (bool),Bitwise,bool,100000,,0.001989,0.048215,available,,not_measured,managed,0.048215,0.041253,much_slower
np.bitwise_not(a) (bool),Bitwise,bool,10000000,,2.465014,5.142842,available,,not_measured,managed,5.142842,0.47931,slower
np.bitwise_not(a) (int16),Bitwise,int16,1000,,0.000598,0.000985,available,,not_measured,managed,0.000985,0.607107,negligible
np.bitwise_not(a) (int16),Bitwise,int16,100000,,0.026843,0.025104,available,,not_measured,managed,0.025104,1.069272,faster
np.bitwise_not(a) (int16),Bitwise,int16,10000000,,6.78461,3.874439,available,,not_measured,managed,3.874439,1.751121,faster
np.bitwise_not(a) (int32),Bitwise,int32,1000,,0.000615,0.001251,available,,not_measured,managed,0.001251,0.491607,negligible
np.bitwise_not(a) (int32),Bitwise,int32,100000,,0.028562,0.047061,available,,not_measured,managed,0.047061,0.606914,slower
np.bitwise_not(a) (int32),Bitwise,int32,10000000,,13.134112,8.259379,available,,not_measured,managed,8.259379,1.590206,faster
np.bitwise_not(a) (int64),Bitwise,int64,1000,,0.000608,0.001775,available,,not_measured,managed,0.001775,0.342535,negligible
np.bitwise_not(a) (int64),Bitwise,int64,100000,,0.026166,0.094113,available,,not_measured,managed,0.094113,0.278027,much_slower
np.bitwise_not(a) (int64),Bitwise,int64,10000000,,24.862046,19.031819,available,,not_measured,managed,19.031819,1.306341,faster
np.bitwise_not(a) (int8),Bitwise,int8,1000,,0.000578,0.000921,available,,not_measured,managed,0.000921,0.627579,negligible
np.bitwise_not(a) (int8),Bitwise,int8,100000,,0.027846,0.013358,available,,not_measured,managed,0.013358,2.084594,faster
np.bitwise_not(a) (int8),Bitwise,int8,10000000,,5.18505,1.766803,available,,not_measured,managed,1.766803,2.934707,faster
np.bitwise_not(a) (uint16),Bitwise,uint16,1000,,0.000598,0.00092,available,,not_measured,managed,0.00092,0.65,negligible
np.bitwise_not(a) (uint16),Bitwise,uint16,100000,,0.025762,0.025521,available,,not_measured,managed,0.025521,1.009443,close
np.bitwise_not(a) (uint16),Bitwise,uint16,10000000,,6.892088,3.790512,available,,not_measured,managed,3.790512,1.818247,faster
np.bitwise_not(a) (uint32),Bitwise,uint32,1000,,0.000615,0.001225,available,,not_measured,managed,0.001225,0.502041,negligible
np.bitwise_not(a) (uint32),Bitwise,uint32,100000,,0.038834,0.048094,available,,not_measured,managed,0.048094,0.80746,close
np.bitwise_not(a) (uint32),Bitwise,uint32,10000000,,12.939058,8.211164,available,,not_measured,managed,8.211164,1.575789,faster
np.bitwise_not(a) (uint64),Bitwise,uint64,1000,,0.000617,0.002023,available,,not_measured,managed,0.002023,0.304993,negligible
np.bitwise_not(a) (uint64),Bitwise,uint64,100000,,0.030788,0.092113,available,,not_measured,managed,0.092113,0.334242,slower
np.bitwise_not(a) (uint64),Bitwise,uint64,10000000,,24.283432,18.865457,available,,not_measured,managed,18.865457,1.28719,faster
np.bitwise_not(a) (uint8),Bitwise,uint8,1000,,0.000583,0.00078,available,,not_measured,managed,0.00078,0.747436,negligible
np.bitwise_not(a) (uint8),Bitwise,uint8,100000,,0.026004,0.013237,available,,not_measured,managed,0.013237,1.964493,faster
np.bitwise_not(a) (uint8),Bitwise,uint8,10000000,,5.256686,1.773171,available,,not_measured,managed,1.773171,2.964568,faster
"np.bitwise_or(a, b) (bool)",Bitwise,bool,1000,,0.000354,0.001111,available,,not_measured,managed,0.001111,0.318632,negligible
"np.bitwise_or(a, b) (bool)",Bitwise,bool,100000,,0.00255,0.045549,available,,not_measured,managed,0.045549,0.055984,much_slower
"np.bitwise_or(a, b) (bool)",Bitwise,bool,10000000,,3.134916,5.187783,available,,not_measured,managed,5.187783,0.604288,slower
"np.bitwise_or(a, b) (int16)",Bitwise,int16,1000,,0.000651,0.001061,available,,not_measured,managed,0.001061,0.613572,negligible
"np.bitwise_or(a, b) (int16)",Bitwise,int16,100000,,0.02905,0.025593,available,,not_measured,managed,0.025593,1.135076,faster
"np.bitwise_or(a, b) (int16)",Bitwise,int16,10000000,,9.183624,5.445701,available,,not_measured,managed,5.445701,1.686399,faster
"np.bitwise_or(a, b) (int32)",Bitwise,int32,1000,,0.000656,0.001309,available,,not_measured,managed,0.001309,0.501146,negligible
"np.bitwise_or(a, b) (int32)",Bitwise,int32,100000,,0.029082,0.04756,available,,not_measured,managed,0.04756,0.61148,slower
"np.bitwise_or(a, b) (int32)",Bitwise,int32,10000000,,16.56833,11.13648,available,,not_measured,managed,11.13648,1.487753,faster
"np.bitwise_or(a, b) (int64)",Bitwise,int64,1000,,0.000681,0.001663,available,,not_measured,managed,0.001663,0.409501,negligible
"np.bitwise_or(a, b) (int64)",Bitwise,int64,100000,,0.035114,0.096464,available,,not_measured,managed,0.096464,0.364011,slower
"np.bitwise_or(a, b) (int64)",Bitwise,int64,10000000,,32.56977,25.2146,available,,not_measured,managed,25.2146,1.291703,faster
"np.bitwise_or(a, b) (int8)",Bitwise,int8,1000,,0.000627,0.00085,available,,not_measured,managed,0.00085,0.737647,negligible
"np.bitwise_or(a, b) (int8)",Bitwise,int8,100000,,0.029962,0.012245,available,,not_measured,managed,0.012245,2.446876,faster
"np.bitwise_or(a, b) (int8)",Bitwise,int8,10000000,,5.819492,2.189374,available,,not_measured,managed,2.189374,2.658062,faster
"np.bitwise_or(a, b) (uint16)",Bitwise,uint16,1000,,0.000676,0.001159,available,,not_measured,managed,0.001159,0.583261,negligible
"np.bitwise_or(a, b) (uint16)",Bitwise,uint16,100000,,0.028811,0.024969,available,,not_measured,managed,0.024969,1.153871,faster
"np.bitwise_or(a, b) (uint16)",Bitwise,uint16,10000000,,9.263936,5.696607,available,,not_measured,managed,5.696607,1.62622,faster
"np.bitwise_or(a, b) (uint32)",Bitwise,uint32,1000,,0.000662,0.00139,available,,not_measured,managed,0.00139,0.476259,negligible
"np.bitwise_or(a, b) (uint32)",Bitwise,uint32,100000,,0.029116,0.048027,available,,not_measured,managed,0.048027,0.606242,slower
"np.bitwise_or(a, b) (uint32)",Bitwise,uint32,10000000,,16.521534,10.958135,available,,not_measured,managed,10.958135,1.507696,faster
"np.bitwise_or(a, b) (uint64)",Bitwise,uint64,1000,,0.000669,0.001782,available,,not_measured,managed,0.001782,0.375421,negligible
"np.bitwise_or(a, b) (uint64)",Bitwise,uint64,100000,,0.034392,0.094323,available,,not_measured,managed,0.094323,0.364619,slower
"np.bitwise_or(a, b) (uint64)",Bitwise,uint64,10000000,,30.97127,24.937985,available,,not_measured,managed,24.937985,1.241932,faster
"np.bitwise_or(a, b) (uint8)",Bitwise,uint8,1000,,0.00063,0.000949,available,,not_measured,managed,0.000949,0.663857,negligible
"np.bitwise_or(a, b) (uint8)",Bitwise,uint8,100000,,0.0297,0.013524,available,,not_measured,managed,0.013524,2.196096,faster
"np.bitwise_or(a, b) (uint8)",Bitwise,uint8,10000000,,6.078238,2.143969,available,,not_measured,managed,2.143969,2.83504,faster
"np.bitwise_xor(a, b) (bool)",Bitwise,bool,1000,,0.000345,0.00123,available,,not_measured,managed,0.00123,0.280488,negligible
"np.bitwise_xor(a, b) (bool)",Bitwise,bool,100000,,0.002758,0.047423,available,,not_measured,managed,0.047423,0.058157,much_slower
"np.bitwise_xor(a, b) (bool)",Bitwise,bool,10000000,,3.23968,5.254587,available,,not_measured,managed,5.254587,0.616543,slower
"np.bitwise_xor(a, b) (int16)",Bitwise,int16,1000,,0.000655,0.000965,available,,not_measured,managed,0.000965,0.678756,negligible
"np.bitwise_xor(a, b) (int16)",Bitwise,int16,100000,,0.029588,0.025614,available,,not_measured,managed,0.025614,1.15515,faster
"np.bitwise_xor(a, b) (int16)",Bitwise,int16,10000000,,9.238382,5.710928,available,,not_measured,managed,5.710928,1.617667,faster
"np.bitwise_xor(a, b) (int32)",Bitwise,int32,1000,,0.000654,0.001317,available,,not_measured,managed,0.001317,0.496583,negligible
"np.bitwise_xor(a, b) (int32)",Bitwise,int32,100000,,0.030111,0.04798,available,,not_measured,managed,0.04798,0.627574,slower
"np.bitwise_xor(a, b) (int32)",Bitwise,int32,10000000,,16.876564,11.584972,available,,not_measured,managed,11.584972,1.456763,faster
"np.bitwise_xor(a, b) (int64)",Bitwise,int64,1000,,0.000664,0.001885,available,,not_measured,managed,0.001885,0.352255,negligible
"np.bitwise_xor(a, b) (int64)",Bitwise,int64,100000,,0.036286,0.095735,available,,not_measured,managed,0.095735,0.379025,slower
"np.bitwise_xor(a, b) (int64)",Bitwise,int64,10000000,,33.613322,24.32629,available,,not_measured,managed,24.32629,1.381769,faster
"np.bitwise_xor(a, b) (int8)",Bitwise,int8,1000,,0.000624,0.001012,available,,not_measured,managed,0.001012,0.616601,negligible
"np.bitwise_xor(a, b) (int8)",Bitwise,int8,100000,,0.030838,0.016445,available,,not_measured,managed,0.016445,1.87522,faster
"np.bitwise_xor(a, b) (int8)",Bitwise,int8,10000000,,6.136264,2.15787,available,,not_measured,managed,2.15787,2.843667,faster
"np.bitwise_xor(a, b) (uint16)",Bitwise,uint16,1000,,0.000659,0.001275,available,,not_measured,managed,0.001275,0.516863,negligible
"np.bitwise_xor(a, b) (uint16)",Bitwise,uint16,100000,,0.02933,0.02515,available,,not_measured,managed,0.02515,1.166203,faster
"np.bitwise_xor(a, b) (uint16)",Bitwise,uint16,10000000,,9.009878,5.728125,available,,not_measured,managed,5.728125,1.572919,faster
"np.bitwise_xor(a, b) (uint32)",Bitwise,uint32,1000,,0.00066,0.001537,available,,not_measured,managed,0.001537,0.429408,negligible
"np.bitwise_xor(a, b) (uint32)",Bitwise,uint32,100000,,0.031596,0.048098,available,,not_measured,managed,0.048098,0.656909,slower
"np.bitwise_xor(a, b) (uint32)",Bitwise,uint32,10000000,,16.698428,10.602031,available,,not_measured,managed,10.602031,1.575022,faster
"np.bitwise_xor(a, b) (uint64)",Bitwise,uint64,1000,,0.000663,0.001666,available,,not_measured,managed,0.001666,0.397959,negligible
"np.bitwise_xor(a, b) (uint64)",Bitwise,uint64,100000,,0.035292,0.093705,available,,not_measured,managed,0.093705,0.376629,slower
"np.bitwise_xor(a, b) (uint64)",Bitwise,uint64,10000000,,34.029566,25.202948,available,,not_measured,managed,25.202948,1.350222,faster
"np.bitwise_xor(a, b) (uint8)",Bitwise,uint8,1000,,0.000626,0.000825,available,,not_measured,managed,0.000825,0.758788,negligible
"np.bitwise_xor(a, b) (uint8)",Bitwise,uint8,100000,,0.028605,0.013528,available,,not_measured,managed,0.013528,2.114503,faster
"np.bitwise_xor(a, b) (uint8)",Bitwise,uint8,10000000,,6.109962,2.16801,available,,not_measured,managed,2.16801,2.818235,faster
np.invert(a) (bool),Bitwise,bool,1000,,0.000322,0.001377,available,,not_measured,managed,0.001377,0.233842,negligible
np.invert(a) (bool),Bitwise,bool,100000,,0.001993,0.050473,available,,not_measured,managed,0.050473,0.039486,much_slower
np.invert(a) (bool),Bitwise,bool,10000000,,1.742676,5.141523,available,,not_measured,managed,5.141523,0.338942,slower
np.invert(a) (int16),Bitwise,int16,1000,,0.000599,0.00114,available,,not_measured,managed,0.00114,0.525439,negligible
np.invert(a) (int16),Bitwise,int16,100000,,0.027443,0.025823,available,,not_measured,managed,0.025823,1.062735,faster
np.invert(a) (int16),Bitwise,int16,10000000,,6.566704,3.885159,available,,not_measured,managed,3.885159,1.690202,faster
np.invert(a) (int32),Bitwise,int32,1000,,0.000603,0.001299,available,,not_measured,managed,0.001299,0.464203,negligible
np.invert(a) (int32),Bitwise,int32,100000,,0.029118,0.046692,available,,not_measured,managed,0.046692,0.623619,slower
np.invert(a) (int32),Bitwise,int32,10000000,,13.08853,8.145723,available,,not_measured,managed,8.145723,1.606798,faster
np.invert(a) (int64),Bitwise,int64,1000,,0.000619,0.00181,available,,not_measured,managed,0.00181,0.341989,negligible
np.invert(a) (int64),Bitwise,int64,100000,,0.026505,0.095465,available,,not_measured,managed,0.095465,0.277641,much_slower
np.invert(a) (int64),Bitwise,int64,10000000,,25.205882,19.036181,available,,not_measured,managed,19.036181,1.324104,faster
np.invert(a) (int8),Bitwise,int8,1000,,0.000585,0.000995,available,,not_measured,managed,0.000995,0.58794,negligible
np.invert(a) (int8),Bitwise,int8,100000,,0.025767,0.013353,available,,not_measured,managed,0.013353,1.929679,faster
np.invert(a) (int8),Bitwise,int8,10000000,,5.19396,1.754402,available,,not_measured,managed,1.754402,2.96053,faster
np.invert(a) (uint16),Bitwise,uint16,1000,,0.0006,0.000957,available,,not_measured,managed,0.000957,0.626959,negligible
np.invert(a) (uint16),Bitwise,uint16,100000,,0.027598,0.023945,available,,not_measured,managed,0.023945,1.152558,faster
np.invert(a) (uint16),Bitwise,uint16,10000000,,6.75764,4.022641,available,,not_measured,managed,4.022641,1.679901,faster
np.invert(a) (uint32),Bitwise,uint32,1000,,0.000602,0.001309,available,,not_measured,managed,0.001309,0.459893,negligible
np.invert(a) (uint32),Bitwise,uint32,100000,,0.026427,0.0479,available,,not_measured,managed,0.0479,0.551712,slower
np.invert(a) (uint32),Bitwise,uint32,10000000,,12.894036,8.245441,available,,not_measured,managed,8.245441,1.563778,faster
np.invert(a) (uint64),Bitwise,uint64,1000,,0.000624,0.001873,available,,not_measured,managed,0.001873,0.333155,negligible
np.invert(a) (uint64),Bitwise,uint64,100000,,0.026231,0.09236,available,,not_measured,managed,0.09236,0.284008,much_slower
np.invert(a) (uint64),Bitwise,uint64,10000000,,24.05539,19.041232,available,,not_measured,managed,19.041232,1.263332,faster
np.invert(a) (uint8),Bitwise,uint8,1000,,0.000584,0.000868,available,,not_measured,managed,0.000868,0.672811,negligible
np.invert(a) (uint8),Bitwise,uint8,100000,,0.026141,0.013465,available,,not_measured,managed,0.013465,1.941404,faster
np.invert(a) (uint8),Bitwise,uint8,10000000,,5.200416,1.745515,available,,not_measured,managed,1.745515,2.979302,faster
"np.left_shift(a, 2) (bool)",Bitwise,bool,1000,,0.001388,0.005202,available,,not_measured,managed,0.005202,0.26682,much_slower
"np.left_shift(a, 2) (bool)",Bitwise,bool,100000,,0.043552,0.108689,available,,not_measured,managed,0.108689,0.400703,slower
"np.left_shift(a, 2) (bool)",Bitwise,bool,10000000,,15.602714,14.639153,available,,not_measured,managed,14.639153,1.065821,faster
"np.left_shift(a, 2) (int16)",Bitwise,int16,1000,,0.000925,0.00177,available,,not_measured,managed,0.00177,0.522599,negligible
"np.left_shift(a, 2) (int16)",Bitwise,int16,100000,,0.028366,0.026208,available,,not_measured,managed,0.026208,1.082341,faster
"np.left_shift(a, 2) (int16)",Bitwise,int16,10000000,,7.037658,3.850339,available,,not_measured,managed,3.850339,1.827802,faster
"np.left_shift(a, 2) (int32)",Bitwise,int32,1000,,0.000834,0.00197,available,,not_measured,managed,0.00197,0.42335,negligible
"np.left_shift(a, 2) (int32)",Bitwise,int32,100000,,0.019767,0.048296,available,,not_measured,managed,0.048296,0.409289,slower
"np.left_shift(a, 2) (int32)",Bitwise,int32,10000000,,13.130298,8.244366,available,,not_measured,managed,8.244366,1.592639,faster
"np.left_shift(a, 2) (int64)",Bitwise,int64,1000,,0.000782,0.002809,available,,not_measured,managed,0.002809,0.278391,negligible
"np.left_shift(a, 2) (int64)",Bitwise,int64,100000,,0.01927,0.095756,available,,not_measured,managed,0.095756,0.201241,much_slower
"np.left_shift(a, 2) (int64)",Bitwise,int64,10000000,,25.36008,19.004227,available,,not_measured,managed,19.004227,1.334444,faster
"np.left_shift(a, 2) (int8)",Bitwise,int8,1000,,0.00087,0.001732,available,,not_measured,managed,0.001732,0.502309,negligible
"np.left_shift(a, 2) (int8)",Bitwise,int8,100000,,0.028456,0.014237,available,,not_measured,managed,0.014237,1.998736,faster
"np.left_shift(a, 2) (int8)",Bitwise,int8,10000000,,5.567652,1.763903,available,,not_measured,managed,1.763903,3.156439,faster
"np.left_shift(a, 2) (uint16)",Bitwise,uint16,1000,,0.000899,0.001784,available,,not_measured,managed,0.001784,0.503924,negligible
"np.left_shift(a, 2) (uint16)",Bitwise,uint16,100000,,0.029489,0.026359,available,,not_measured,managed,0.026359,1.118745,faster
"np.left_shift(a, 2) (uint16)",Bitwise,uint16,10000000,,7.240092,3.91046,available,,not_measured,managed,3.91046,1.851468,faster
"np.left_shift(a, 2) (uint32)",Bitwise,uint32,1000,,0.000845,0.002392,available,,not_measured,managed,0.002392,0.353261,negligible
"np.left_shift(a, 2) (uint32)",Bitwise,uint32,100000,,0.01952,0.046453,available,,not_measured,managed,0.046453,0.42021,slower
"np.left_shift(a, 2) (uint32)",Bitwise,uint32,10000000,,12.970122,8.171949,available,,not_measured,managed,8.171949,1.587152,faster
"np.left_shift(a, 2) (uint64)",Bitwise,uint64,1000,,0.000838,0.002987,available,,not_measured,managed,0.002987,0.280549,negligible
"np.left_shift(a, 2) (uint64)",Bitwise,uint64,100000,,0.019277,0.090144,available,,not_measured,managed,0.090144,0.213847,much_slower
"np.left_shift(a, 2) (uint64)",Bitwise,uint64,10000000,,23.979776,19.017825,available,,not_measured,managed,19.017825,1.260911,faster
"np.left_shift(a, 2) (uint8)",Bitwise,uint8,1000,,0.000866,0.00175,available,,not_measured,managed,0.00175,0.494857,negligible
"np.left_shift(a, 2) (uint8)",Bitwise,uint8,100000,,0.028566,0.01459,available,,not_measured,managed,0.01459,1.957916,faster
"np.left_shift(a, 2) (uint8)",Bitwise,uint8,10000000,,5.505668,1.774614,available,,not_measured,managed,1.774614,3.102459,faster
"np.right_shift(a, 2) (bool)",Bitwise,bool,1000,,0.001419,0.005317,available,,not_measured,managed,0.005317,0.26688,much_slower
"np.right_shift(a, 2) (bool)",Bitwise,bool,100000,,0.056036,0.10338,available,,not_measured,managed,0.10338,0.542039,slower
"np.right_shift(a, 2) (bool)",Bitwise,bool,10000000,,16.065022,14.614447,available,,not_measured,managed,14.614447,1.099256,faster
"np.right_shift(a, 2) (int16)",Bitwise,int16,1000,,0.001022,0.001607,available,,not_measured,managed,0.001607,0.635968,slower
"np.right_shift(a, 2) (int16)",Bitwise,int16,100000,,0.042432,0.026445,available,,not_measured,managed,0.026445,1.604538,faster
"np.right_shift(a, 2) (int16)",Bitwise,int16,10000000,,8.618274,3.858548,available,,not_measured,managed,3.858548,2.233554,faster
"np.right_shift(a, 2) (int32)",Bitwise,int32,1000,,0.000916,0.001948,available,,not_measured,managed,0.001948,0.470226,negligible
"np.right_shift(a, 2) (int32)",Bitwise,int32,100000,,0.028692,0.048797,available,,not_measured,managed,0.048797,0.587987,slower
"np.right_shift(a, 2) (int32)",Bitwise,int32,10000000,,13.480258,8.28962,available,,not_measured,managed,8.28962,1.626161,faster
"np.right_shift(a, 2) (int64)",Bitwise,int64,1000,,0.000882,0.002525,available,,not_measured,managed,0.002525,0.349307,negligible
"np.right_shift(a, 2) (int64)",Bitwise,int64,100000,,0.028679,0.095382,available,,not_measured,managed,0.095382,0.300675,much_slower
"np.right_shift(a, 2) (int64)",Bitwise,int64,10000000,,24.695432,20.243813,available,,not_measured,managed,20.243813,1.2199,faster
"np.right_shift(a, 2) (int8)",Bitwise,int8,1000,,0.000967,0.001659,available,,not_measured,managed,0.001659,0.582881,negligible
"np.right_shift(a, 2) (int8)",Bitwise,int8,100000,,0.042694,0.013393,available,,not_measured,managed,0.013393,3.187785,faster
"np.right_shift(a, 2) (int8)",Bitwise,int8,10000000,,8.369936,1.78805,available,,not_measured,managed,1.78805,4.681041,faster
"np.right_shift(a, 2) (uint16)",Bitwise,uint16,1000,,0.000909,0.001833,available,,not_measured,managed,0.001833,0.495908,negligible
"np.right_shift(a, 2) (uint16)",Bitwise,uint16,100000,,0.028293,0.026069,available,,not_measured,managed,0.026069,1.085312,faster
"np.right_shift(a, 2) (uint16)",Bitwise,uint16,10000000,,7.096096,3.897959,available,,not_measured,managed,3.897959,1.820465,faster
"np.right_shift(a, 2) (uint32)",Bitwise,uint32,1000,,0.000838,0.002107,available,,not_measured,managed,0.002107,0.397722,negligible
"np.right_shift(a, 2) (uint32)",Bitwise,uint32,100000,,0.019343,0.047148,available,,not_measured,managed,0.047148,0.410261,slower
"np.right_shift(a, 2) (uint32)",Bitwise,uint32,10000000,,12.93055,8.217253,available,,not_measured,managed,8.217253,1.573585,faster
"np.right_shift(a, 2) (uint64)",Bitwise,uint64,1000,,0.000821,0.002596,available,,not_measured,managed,0.002596,0.316256,negligible
"np.right_shift(a, 2) (uint64)",Bitwise,uint64,100000,,0.019424,0.089434,available,,not_measured,managed,0.089434,0.217188,much_slower
"np.right_shift(a, 2) (uint64)",Bitwise,uint64,10000000,,24.288704,18.901809,available,,not_measured,managed,18.901809,1.284994,faster
"np.right_shift(a, 2) (uint8)",Bitwise,uint8,1000,,0.000869,0.001824,available,,not_measured,managed,0.001824,0.476425,negligible
"np.right_shift(a, 2) (uint8)",Bitwise,uint8,100000,,0.028547,0.014354,available,,not_measured,managed,0.014354,1.988784,faster
"np.right_shift(a, 2) (uint8)",Bitwise,uint8,10000000,,5.837518,1.769072,available,,not_measured,managed,1.769072,3.299763,faster
matrix * 2.0,Broadcasting,float64,1000,,0.000617,0.002876,available,,not_measured,managed,0.002876,0.214534,negligible
matrix * 2.0,Broadcasting,float64,100000,,0.01186,0.103036,available,,not_measured,managed,0.103036,0.115105,much_slower
matrix * 2.0,Broadcasting,float64,10000000,,16.106466,19.840396,available,,not_measured,managed,19.840396,0.811802,close
"matrix * col_vector (N,M)*(N,1)",Broadcasting,float64,1000,,0.001073,0.005731,available,,not_measured,managed,0.005731,0.187227,much_slower
"matrix * col_vector (N,M)*(N,1)",Broadcasting,float64,100000,,0.026344,0.116456,available,,not_measured,managed,0.116456,0.226214,much_slower
"matrix * col_vector (N,M)*(N,1)",Broadcasting,float64,10000000,,25.646286,19.605512,available,,not_measured,managed,19.605512,1.308116,faster
"matrix * row_vector (N,M)*(M,)",Broadcasting,float64,1000,,0.001039,0.00425,available,,not_measured,managed,0.00425,0.244471,much_slower
"matrix * row_vector (N,M)*(M,)",Broadcasting,float64,100000,,0.032234,0.106426,available,,not_measured,managed,0.106426,0.302877,much_slower
"matrix * row_vector (N,M)*(M,)",Broadcasting,float64,10000000,,26.469668,20.372796,available,,not_measured,managed,20.372796,1.299265,faster
"matrix + col_vector (N,M)+(N,1)",Broadcasting,float64,1000,,0.001057,0.006313,available,,not_measured,managed,0.006313,0.167432,much_slower
"matrix + col_vector (N,M)+(N,1)",Broadcasting,float64,100000,,0.026588,0.154846,available,,not_measured,managed,0.154846,0.171706,much_slower
"matrix + col_vector (N,M)+(N,1)",Broadcasting,float64,10000000,,25.50894,19.85375,available,,not_measured,managed,19.85375,1.284842,faster
"matrix + row_vector (N,M)+(M,)",Broadcasting,float64,1000,,0.001093,0.004136,available,,not_measured,managed,0.004136,0.264265,much_slower
"matrix + row_vector (N,M)+(M,)",Broadcasting,float64,100000,,0.025296,0.114566,available,,not_measured,managed,0.114566,0.220798,much_slower
"matrix + row_vector (N,M)+(M,)",Broadcasting,float64,10000000,,19.516852,20.288065,available,,not_measured,managed,20.288065,0.961987,close
matrix + scalar,Broadcasting,float64,1000,,0.000491,0.002028,available,,not_measured,managed,0.002028,0.24211,negligible
matrix + scalar,Broadcasting,float64,100000,,0.01167,0.110971,available,,not_measured,managed,0.110971,0.105163,much_slower
matrix + scalar,Broadcasting,float64,10000000,,16.161154,19.774629,available,,not_measured,managed,19.774629,0.817267,close
"np.broadcast_to(col, (N,M))",Broadcasting,float64,1000,,0.001768,0.000375,available,,not_measured,managed,0.000375,4.714667,negligible
"np.broadcast_to(col, (N,M))",Broadcasting,float64,100000,,0.001819,0.000378,available,,not_measured,managed,0.000378,4.812169,negligible
"np.broadcast_to(col, (N,M))",Broadcasting,float64,10000000,,0.004327,0.000378,available,,not_measured,managed,0.000378,11.44709,negligible
"np.broadcast_to(row, (N,M))",Broadcasting,float64,1000,,0.001791,0.000383,available,,not_measured,managed,0.000383,4.67624,negligible
"np.broadcast_to(row, (N,M))",Broadcasting,float64,100000,,0.001897,0.00053,available,,not_measured,managed,0.00053,3.579245,negligible
"np.broadcast_to(row, (N,M))",Broadcasting,float64,10000000,,0.0043,0.000533,available,,not_measured,managed,0.000533,8.067542,negligible
"tensor3D + matrix2D (D,D,D)+(D,D)",Broadcasting,float64,1000,,0.001024,0.003777,available,,not_measured,managed,0.003777,0.271115,much_slower
"tensor3D + matrix2D (D,D,D)+(D,D)",Broadcasting,float64,100000,,0.026139,0.133164,available,,not_measured,managed,0.133164,0.196292,much_slower
"tensor3D + matrix2D (D,D,D)+(D,D)",Broadcasting,float64,10000000,,23.136784,21.29592,available,,not_measured,managed,21.29592,1.086442,faster
a != b (float32),Comparison,float32,1000,,0.000367,0.00066,available,,not_measured,managed,0.00066,0.556061,negligible
a != b (float32),Comparison,float32,100000,,0.005494,0.015697,available,,not_measured,managed,0.015697,0.350003,slower
a != b (float32),Comparison,float32,10000000,,10.211442,8.631336,available,,not_measured,managed,8.631336,1.183066,faster
a != b (float64),Comparison,float64,1000,,0.000397,0.001004,available,,not_measured,managed,0.001004,0.395418,negligible
a != b (float64),Comparison,float64,100000,,0.011707,0.022735,available,,not_measured,managed,0.022735,0.514933,slower
a != b (float64),Comparison,float64,10000000,,17.817416,16.411238,available,,not_measured,managed,16.411238,1.085684,faster
a != b (int32),Comparison,int32,1000,,0.00038,0.000944,available,,not_measured,managed,0.000944,0.402542,negligible
a != b (int32),Comparison,int32,100000,,0.006864,0.018583,available,,not_measured,managed,0.018583,0.36937,slower
a != b (int32),Comparison,int32,10000000,,4.432804,8.90096,available,,not_measured,managed,8.90096,0.498014,slower
a != b (int64),Comparison,int64,1000,,0.000421,0.001023,available,,not_measured,managed,0.001023,0.411535,negligible
a != b (int64),Comparison,int64,100000,,0.013469,0.02366,available,,not_measured,managed,0.02366,0.569273,slower
a != b (int64),Comparison,int64,10000000,,17.88325,16.254461,available,,not_measured,managed,16.254461,1.100206,faster
a < b (float32),Comparison,float32,1000,,0.000375,0.000895,available,,not_measured,managed,0.000895,0.418994,negligible
a < b (float32),Comparison,float32,100000,,0.00591,0.014934,available,,not_measured,managed,0.014934,0.395741,slower
a < b (float32),Comparison,float32,10000000,,9.927594,8.892524,available,,not_measured,managed,8.892524,1.116398,faster
a < b (float64),Comparison,float64,1000,,0.000391,0.000893,available,,not_measured,managed,0.000893,0.43785,negligible
a < b (float64),Comparison,float64,100000,,0.011233,0.02309,available,,not_measured,managed,0.02309,0.486488,slower
a < b (float64),Comparison,float64,10000000,,18.059512,16.24139,available,,not_measured,managed,16.24139,1.111944,faster
a < b (int32),Comparison,int32,1000,,0.000378,0.000866,available,,not_measured,managed,0.000866,0.43649,negligible
a < b (int32),Comparison,int32,100000,,0.006995,0.018643,available,,not_measured,managed,0.018643,0.375208,slower
a < b (int32),Comparison,int32,10000000,,4.189872,8.2419,available,,not_measured,managed,8.2419,0.508362,slower
a < b (int64),Comparison,int64,1000,,0.000481,0.000903,available,,not_measured,managed,0.000903,0.532669,negligible
a < b (int64),Comparison,int64,100000,,0.017773,0.023239,available,,not_measured,managed,0.023239,0.764792,slower
a < b (int64),Comparison,int64,10000000,,18.274276,16.545094,available,,not_measured,managed,16.545094,1.104513,faster
a <= b (float32),Comparison,float32,1000,,0.000371,0.000855,available,,not_measured,managed,0.000855,0.433918,negligible
a <= b (float32),Comparison,float32,100000,,0.005472,0.015597,available,,not_measured,managed,0.015597,0.350837,slower
a <= b (float32),Comparison,float32,10000000,,9.977142,8.487281,available,,not_measured,managed,8.487281,1.17554,faster
a <= b (float64),Comparison,float64,1000,,0.000389,0.001028,available,,not_measured,managed,0.001028,0.378405,negligible
a <= b (float64),Comparison,float64,100000,,0.011743,0.02212,available,,not_measured,managed,0.02212,0.530877,slower
a <= b (float64),Comparison,float64,10000000,,17.88101,15.763708,available,,not_measured,managed,15.763708,1.134315,faster
a <= b (int32),Comparison,int32,1000,,0.000385,0.001021,available,,not_measured,managed,0.001021,0.377081,negligible
a <= b (int32),Comparison,int32,100000,,0.006868,0.017442,available,,not_measured,managed,0.017442,0.393762,slower
a <= b (int32),Comparison,int32,10000000,,4.275588,8.508918,available,,not_measured,managed,8.508918,0.502483,slower
a <= b (int64),Comparison,int64,1000,,0.000496,0.001002,available,,not_measured,managed,0.001002,0.49501,negligible
a <= b (int64),Comparison,int64,100000,,0.017993,0.025793,available,,not_measured,managed,0.025793,0.697592,slower
a <= b (int64),Comparison,int64,10000000,,17.8271,15.945798,available,,not_measured,managed,15.945798,1.117981,faster
a == b (float32),Comparison,float32,1000,,0.000367,0.000838,available,,not_measured,managed,0.000838,0.437947,negligible
a == b (float32),Comparison,float32,100000,,0.005489,0.015646,available,,not_measured,managed,0.015646,0.350824,slower
a == b (float32),Comparison,float32,10000000,,10.098856,8.748697,available,,not_measured,managed,8.748697,1.154327,faster
a == b (float64),Comparison,float64,1000,,0.000391,0.000942,available,,not_measured,managed,0.000942,0.415074,negligible
a == b (float64),Comparison,float64,100000,,0.011355,0.023223,available,,not_measured,managed,0.023223,0.488955,slower
a == b (float64),Comparison,float64,10000000,,17.841302,16.412737,available,,not_measured,managed,16.412737,1.08704,faster
a == b (int32),Comparison,int32,1000,,0.000373,0.000474,available,,not_measured,managed,0.000474,0.78692,negligible
a == b (int32),Comparison,int32,100000,,0.006972,0.020808,available,,not_measured,managed,0.020808,0.335063,slower
a == b (int32),Comparison,int32,10000000,,4.299172,8.94611,available,,not_measured,managed,8.94611,0.480563,slower
a == b (int64),Comparison,int64,1000,,0.000445,0.001048,available,,not_measured,managed,0.001048,0.424618,negligible
a == b (int64),Comparison,int64,100000,,0.013472,0.023769,available,,not_measured,managed,0.023769,0.566789,slower
a == b (int64),Comparison,int64,10000000,,17.942754,16.481611,available,,not_measured,managed,16.481611,1.088653,faster
a > b (float32),Comparison,float32,1000,,0.00038,0.000812,available,,not_measured,managed,0.000812,0.46798,negligible
a > b (float32),Comparison,float32,100000,,0.005449,0.015529,available,,not_measured,managed,0.015529,0.350892,slower
a > b (float32),Comparison,float32,10000000,,10.073122,8.579751,available,,not_measured,managed,8.579751,1.174058,faster
a > b (float64),Comparison,float64,1000,,0.000405,0.001084,available,,not_measured,managed,0.001084,0.373616,negligible
a > b (float64),Comparison,float64,100000,,0.011233,0.022508,available,,not_measured,managed,0.022508,0.499067,slower
a > b (float64),Comparison,float64,10000000,,17.816076,16.482776,available,,not_measured,managed,16.482776,1.080891,faster
a > b (int32),Comparison,int32,1000,,0.000376,0.000935,available,,not_measured,managed,0.000935,0.402139,negligible
a > b (int32),Comparison,int32,100000,,0.006954,0.016575,available,,not_measured,managed,0.016575,0.419548,slower
a > b (int32),Comparison,int32,10000000,,4.190626,8.946257,available,,not_measured,managed,8.946257,0.468422,slower
a > b (int64),Comparison,int64,1000,,0.000483,0.000956,available,,not_measured,managed,0.000956,0.50523,negligible
a > b (int64),Comparison,int64,100000,,0.018728,0.023036,available,,not_measured,managed,0.023036,0.812988,close
a > b (int64),Comparison,int64,10000000,,18.33971,16.115585,available,,not_measured,managed,16.115585,1.138011,faster
a >= b (float32),Comparison,float32,1000,,0.000374,0.000944,available,,not_measured,managed,0.000944,0.396186,negligible
a >= b (float32),Comparison,float32,100000,,0.005455,0.015619,available,,not_measured,managed,0.015619,0.349254,slower
a >= b (float32),Comparison,float32,10000000,,9.888686,8.840926,available,,not_measured,managed,8.840926,1.118512,faster
a >= b (float64),Comparison,float64,1000,,0.000393,0.000854,available,,not_measured,managed,0.000854,0.460187,negligible
a >= b (float64),Comparison,float64,100000,,0.011297,0.022739,available,,not_measured,managed,0.022739,0.496812,slower
a >= b (float64),Comparison,float64,10000000,,17.773872,16.381926,available,,not_measured,managed,16.381926,1.084968,faster
a >= b (int32),Comparison,int32,1000,,0.0004,0.000965,available,,not_measured,managed,0.000965,0.414508,negligible
a >= b (int32),Comparison,int32,100000,,0.006922,0.016624,available,,not_measured,managed,0.016624,0.416386,slower
a >= b (int32),Comparison,int32,10000000,,4.237308,8.967218,available,,not_measured,managed,8.967218,0.472533,slower
a >= b (int64),Comparison,int64,1000,,0.000502,0.000805,available,,not_measured,managed,0.000805,0.623602,negligible
a >= b (int64),Comparison,int64,100000,,0.018074,0.02615,available,,not_measured,managed,0.02615,0.691166,slower
a >= b (int64),Comparison,int64,10000000,,18.363376,15.851333,available,,not_measured,managed,15.851333,1.158475,faster
"np.equal(a, b) (float32)",Comparison,float32,1000,,0.000396,0.00072,available,,not_measured,managed,0.00072,0.55,negligible
"np.equal(a, b) (float32)",Comparison,float32,100000,,0.005673,0.015736,available,,not_measured,managed,0.015736,0.360511,slower
"np.equal(a, b) (float32)",Comparison,float32,10000000,,9.715908,8.881375,available,,not_measured,managed,8.881375,1.093964,faster
"np.equal(a, b) (float64)",Comparison,float64,1000,,0.000406,0.000867,available,,not_measured,managed,0.000867,0.468281,negligible
"np.equal(a, b) (float64)",Comparison,float64,100000,,0.011265,0.022605,available,,not_measured,managed,0.022605,0.498341,slower
"np.equal(a, b) (float64)",Comparison,float64,10000000,,17.967722,16.274761,available,,not_measured,managed,16.274761,1.104024,faster
"np.equal(a, b) (int32)",Comparison,int32,1000,,0.000387,0.001021,available,,not_measured,managed,0.001021,0.37904,negligible
"np.equal(a, b) (int32)",Comparison,int32,100000,,0.007455,0.017857,available,,not_measured,managed,0.017857,0.417483,slower
"np.equal(a, b) (int32)",Comparison,int32,10000000,,4.146722,8.744083,available,,not_measured,managed,8.744083,0.474232,slower
"np.equal(a, b) (int64)",Comparison,int64,1000,,0.00042,0.000772,available,,not_measured,managed,0.000772,0.544041,negligible
"np.equal(a, b) (int64)",Comparison,int64,100000,,0.013903,0.02312,available,,not_measured,managed,0.02312,0.601341,slower
"np.equal(a, b) (int64)",Comparison,int64,10000000,,18.357604,15.833283,available,,not_measured,managed,15.833283,1.159431,faster
"np.greater(a, b) (float32)",Comparison,float32,1000,,0.000374,0.001024,available,,not_measured,managed,0.001024,0.365234,negligible
"np.greater(a, b) (float32)",Comparison,float32,100000,,0.005708,0.015029,available,,not_measured,managed,0.015029,0.379799,slower
"np.greater(a, b) (float32)",Comparison,float32,10000000,,10.107934,8.53207,available,,not_measured,managed,8.53207,1.184699,faster
"np.greater(a, b) (float64)",Comparison,float64,1000,,0.000406,0.000819,available,,not_measured,managed,0.000819,0.495726,negligible
"np.greater(a, b) (float64)",Comparison,float64,100000,,0.011887,0.023266,available,,not_measured,managed,0.023266,0.510917,slower
"np.greater(a, b) (float64)",Comparison,float64,10000000,,18.077484,16.206022,available,,not_measured,managed,16.206022,1.115479,faster
"np.greater(a, b) (int32)",Comparison,int32,1000,,0.000389,0.000783,available,,not_measured,managed,0.000783,0.496807,negligible
"np.greater(a, b) (int32)",Comparison,int32,100000,,0.007406,0.014701,available,,not_measured,managed,0.014701,0.503775,slower
"np.greater(a, b) (int32)",Comparison,int32,10000000,,5.016324,8.777876,available,,not_measured,managed,8.777876,0.571474,slower
"np.greater(a, b) (int64)",Comparison,int64,1000,,0.0005,0.00075,available,,not_measured,managed,0.00075,0.666667,negligible
"np.greater(a, b) (int64)",Comparison,int64,100000,,0.018004,0.022876,available,,not_measured,managed,0.022876,0.787026,slower
"np.greater(a, b) (int64)",Comparison,int64,10000000,,18.558092,16.034849,available,,not_measured,managed,16.034849,1.15736,faster
"np.greater_equal(a, b) (float32)",Comparison,float32,1000,,0.000389,0.000937,available,,not_measured,managed,0.000937,0.415155,negligible
"np.greater_equal(a, b) (float32)",Comparison,float32,100000,,0.005512,0.015068,available,,not_measured,managed,0.015068,0.365808,slower
"np.greater_equal(a, b) (float32)",Comparison,float32,10000000,,9.99691,8.816565,available,,not_measured,managed,8.816565,1.133878,faster
"np.greater_equal(a, b) (float64)",Comparison,float64,1000,,0.000408,0.000935,available,,not_measured,managed,0.000935,0.436364,negligible
"np.greater_equal(a, b) (float64)",Comparison,float64,100000,,0.011198,0.02328,available,,not_measured,managed,0.02328,0.481014,slower
"np.greater_equal(a, b) (float64)",Comparison,float64,10000000,,18.13285,16.212191,available,,not_measured,managed,16.212191,1.11847,faster
"np.greater_equal(a, b) (int32)",Comparison,int32,1000,,0.000399,0.001045,available,,not_measured,managed,0.001045,0.381818,negligible
"np.greater_equal(a, b) (int32)",Comparison,int32,100000,,0.007291,0.016554,available,,not_measured,managed,0.016554,0.440437,slower
"np.greater_equal(a, b) (int32)",Comparison,int32,10000000,,10.43855,8.986613,available,,not_measured,managed,8.986613,1.161567,faster
"np.greater_equal(a, b) (int64)",Comparison,int64,1000,,0.000513,0.000845,available,,not_measured,managed,0.000845,0.607101,negligible
"np.greater_equal(a, b) (int64)",Comparison,int64,100000,,0.018407,0.026156,available,,not_measured,managed,0.026156,0.703739,slower
"np.greater_equal(a, b) (int64)",Comparison,int64,10000000,,18.46622,15.974959,available,,not_measured,managed,15.974959,1.155948,faster
"np.less(a, b) (float32)",Comparison,float32,1000,,0.000375,0.000753,available,,not_measured,managed,0.000753,0.498008,negligible
"np.less(a, b) (float32)",Comparison,float32,100000,,0.005467,0.015527,available,,not_measured,managed,0.015527,0.352096,slower
"np.less(a, b) (float32)",Comparison,float32,10000000,,10.066674,8.797408,available,,not_measured,managed,8.797408,1.144277,faster
"np.less(a, b) (float64)",Comparison,float64,1000,,0.000406,0.001047,available,,not_measured,managed,0.001047,0.387775,negligible
"np.less(a, b) (float64)",Comparison,float64,100000,,0.012401,0.023523,available,,not_measured,managed,0.023523,0.527186,slower
"np.less(a, b) (float64)",Comparison,float64,10000000,,17.90798,16.164422,available,,not_measured,managed,16.164422,1.107864,faster
"np.less(a, b) (int32)",Comparison,int32,1000,,0.000386,0.000847,available,,not_measured,managed,0.000847,0.455726,negligible
"np.less(a, b) (int32)",Comparison,int32,100000,,0.006946,0.016823,available,,not_measured,managed,0.016823,0.412887,slower
"np.less(a, b) (int32)",Comparison,int32,10000000,,4.150744,8.980999,available,,not_measured,managed,8.980999,0.46217,slower
"np.less(a, b) (int64)",Comparison,int64,1000,,0.000504,0.000558,available,,not_measured,managed,0.000558,0.903226,negligible
"np.less(a, b) (int64)",Comparison,int64,100000,,0.018263,0.022969,available,,not_measured,managed,0.022969,0.795115,slower
"np.less(a, b) (int64)",Comparison,int64,10000000,,18.168804,15.201749,available,,not_measured,managed,15.201749,1.195179,faster
"np.less_equal(a, b) (float32)",Comparison,float32,1000,,0.000395,0.001039,available,,not_measured,managed,0.001039,0.380173,negligible
"np.less_equal(a, b) (float32)",Comparison,float32,100000,,0.005641,0.015819,available,,not_measured,managed,0.015819,0.356596,slower
"np.less_equal(a, b) (float32)",Comparison,float32,10000000,,10.041866,8.008995,available,,not_measured,managed,8.008995,1.253823,faster
"np.less_equal(a, b) (float64)",Comparison,float64,1000,,0.000406,0.00106,available,,not_measured,managed,0.00106,0.383019,negligible
"np.less_equal(a, b) (float64)",Comparison,float64,100000,,0.01325,0.022818,available,,not_measured,managed,0.022818,0.580682,slower
"np.less_equal(a, b) (float64)",Comparison,float64,10000000,,17.947202,16.214773,available,,not_measured,managed,16.214773,1.106843,faster
"np.less_equal(a, b) (int32)",Comparison,int32,1000,,0.0004,0.0008,available,,not_measured,managed,0.0008,0.5,negligible
"np.less_equal(a, b) (int32)",Comparison,int32,100000,,0.007508,0.016404,available,,not_measured,managed,0.016404,0.457693,slower
"np.less_equal(a, b) (int32)",Comparison,int32,10000000,,10.444802,9.019533,available,,not_measured,managed,9.019533,1.15802,faster
"np.less_equal(a, b) (int64)",Comparison,int64,1000,,0.000532,0.000896,available,,not_measured,managed,0.000896,0.59375,negligible
"np.less_equal(a, b) (int64)",Comparison,int64,100000,,0.017825,0.02642,available,,not_measured,managed,0.02642,0.674678,slower
"np.less_equal(a, b) (int64)",Comparison,int64,10000000,,18.45842,16.100429,available,,not_measured,managed,16.100429,1.146455,faster
"np.not_equal(a, b) (float32)",Comparison,float32,1000,,0.000384,0.000587,available,,not_measured,managed,0.000587,0.654174,negligible
"np.not_equal(a, b) (float32)",Comparison,float32,100000,,0.005641,0.01602,available,,not_measured,managed,0.01602,0.352122,slower
"np.not_equal(a, b) (float32)",Comparison,float32,10000000,,10.083374,8.780873,available,,not_measured,managed,8.780873,1.148334,faster
"np.not_equal(a, b) (float64)",Comparison,float64,1000,,0.000415,0.000926,available,,not_measured,managed,0.000926,0.448164,negligible
"np.not_equal(a, b) (float64)",Comparison,float64,100000,,0.012391,0.020878,available,,not_measured,managed,0.020878,0.593496,slower
"np.not_equal(a, b) (float64)",Comparison,float64,10000000,,17.705838,16.217376,available,,not_measured,managed,16.217376,1.091782,faster
"np.not_equal(a, b) (int32)",Comparison,int32,1000,,0.000412,0.001005,available,,not_measured,managed,0.001005,0.40995,negligible
"np.not_equal(a, b) (int32)",Comparison,int32,100000,,0.006935,0.015232,available,,not_measured,managed,0.015232,0.455291,slower
"np.not_equal(a, b) (int32)",Comparison,int32,10000000,,4.356498,8.593103,available,,not_measured,managed,8.593103,0.506976,slower
"np.not_equal(a, b) (int64)",Comparison,int64,1000,,0.000442,0.00088,available,,not_measured,managed,0.00088,0.502273,negligible
"np.not_equal(a, b) (int64)",Comparison,int64,100000,,0.014385,0.023699,available,,not_measured,managed,0.023699,0.606988,slower
"np.not_equal(a, b) (int64)",Comparison,int64,10000000,,18.42649,16.230572,available,,not_measured,managed,16.230572,1.135295,faster
a.copy() (float32),Creation,float32,1000,,0.000254,0.001481,available,,not_measured,managed,0.001481,0.171506,negligible
a.copy() (float32),Creation,float32,100000,,0.005817,0.011118,available,,not_measured,managed,0.011118,0.523206,slower
a.copy() (float32),Creation,float32,10000000,,9.6465,3.548786,available,,not_measured,managed,3.548786,2.718254,faster
a.copy() (float64),Creation,float64,1000,,0.000303,0.001722,available,,not_measured,managed,0.001722,0.175958,negligible
a.copy() (float64),Creation,float64,100000,,0.011411,0.025679,available,,not_measured,managed,0.025679,0.444371,slower
a.copy() (float64),Creation,float64,10000000,,17.744338,16.539891,available,,not_measured,managed,16.539891,1.072821,faster
a.copy() (int32),Creation,int32,1000,,0.000261,0.001556,available,,not_measured,managed,0.001556,0.167738,negligible
a.copy() (int32),Creation,int32,100000,,0.005788,0.011517,available,,not_measured,managed,0.011517,0.502561,slower
a.copy() (int32),Creation,int32,10000000,,6.371794,3.546732,available,,not_measured,managed,3.546732,1.796525,faster
a.copy() (int64),Creation,int64,1000,,0.000319,0.0016,available,,not_measured,managed,0.0016,0.199375,negligible
a.copy() (int64),Creation,int64,100000,,0.011511,0.025376,available,,not_measured,managed,0.025376,0.453618,slower
a.copy() (int64),Creation,int64,10000000,,18.367812,16.623206,available,,not_measured,managed,16.623206,1.10495,faster
np.arange(N) (float32),Creation,float32,1000,,0.000731,0.001512,available,,not_measured,managed,0.001512,0.483466,negligible
np.arange(N) (float32),Creation,float32,100000,,0.039248,0.052349,available,,not_measured,managed,0.052349,0.749737,slower
np.arange(N) (float32),Creation,float32,10000000,,10.403528,5.608418,available,,not_measured,managed,5.608418,1.854984,faster
np.arange(N) (float64),Creation,float64,1000,,0.000617,0.001641,available,,not_measured,managed,0.001641,0.37599,negligible
np.arange(N) (float64),Creation,float64,100000,,0.032204,0.049107,available,,not_measured,managed,0.049107,0.655792,slower
np.arange(N) (float64),Creation,float64,10000000,,18.24839,16.339168,available,,not_measured,managed,16.339168,1.116849,faster
np.arange(N) (int32),Creation,int32,1000,,0.000607,0.00162,available,,not_measured,managed,0.00162,0.374691,negligible
np.arange(N) (int32),Creation,int32,100000,,0.029177,0.052952,available,,not_measured,managed,0.052952,0.551008,slower
np.arange(N) (int32),Creation,int32,10000000,,8.661128,5.20129,available,,not_measured,managed,5.20129,1.665188,faster
np.arange(N) (int64),Creation,int64,1000,,0.000509,0.001593,available,,not_measured,managed,0.001593,0.319523,negligible
np.arange(N) (int64),Creation,int64,100000,,0.019038,0.051051,available,,not_measured,managed,0.051051,0.372921,slower
np.arange(N) (int64),Creation,int64,10000000,,19.59564,16.431656,available,,not_measured,managed,16.431656,1.192554,faster
np.array(a) (float64),Creation,float64,1000,,0.000319,0.001531,available,,not_measured,managed,0.001531,0.208361,negligible
np.array(a) (float64),Creation,float64,100000,,0.011961,0.113493,available,,not_measured,managed,0.113493,0.10539,much_slower
np.asanyarray(a) (float64),Creation,float64,1000,,6e-05,6e-06,available,,not_measured,managed,6e-06,10.0,negligible
np.asanyarray(a) (float64),Creation,float64,100000,,5.7e-05,6e-06,available,,not_measured,managed,6e-06,9.5,negligible
np.asarray(a) (float64),Creation,float64,1000,,6e-05,1e-06,available,,not_measured,managed,1e-06,60.0,negligible
np.asarray(a) (float64),Creation,float64,100000,,5.9e-05,1e-06,available,,not_measured,managed,1e-06,59.0,negligible
np.asarray_chkfinite(a) (float64),Creation,float64,1000,,0.001362,0.000124,available,,not_measured,managed,0.000124,10.983871,negligible
np.asarray_chkfinite(a) (float64),Creation,float64,100000,,0.012245,0.011855,available,,not_measured,managed,0.011855,1.032898,close
np.ascontiguousarray(a) (float64),Creation,float64,1000,,0.000352,0.001665,available,,not_measured,managed,0.001665,0.211411,negligible
np.ascontiguousarray(a) (float64),Creation,float64,100000,,0.009998,0.059239,available,,not_measured,managed,0.059239,0.168774,much_slower
np.asfortranarray(a) (float64),Creation,float64,1000,,0.000785,0.003323,available,,not_measured,managed,0.003323,0.236232,negligible
np.asfortranarray(a) (float64),Creation,float64,100000,,0.02572,0.187953,available,,not_measured,managed,0.187953,0.136843,much_slower
np.asmatrix(a) (float64),Creation,float64,1000,,0.001884,0.000393,available,,not_measured,managed,0.000393,4.793893,negligible
np.asmatrix(a) (float64),Creation,float64,100000,,0.001899,0.000421,available,,not_measured,managed,0.000421,4.510689,negligible
np.copy (float32),Creation,float32,1000,,0.000465,0.001615,available,,not_measured,managed,0.001615,0.287926,negligible
np.copy (float32),Creation,float32,100000,,0.005971,0.011362,available,,not_measured,managed,0.011362,0.525524,slower
np.copy (float32),Creation,float32,10000000,,9.279658,4.037368,available,,not_measured,managed,4.037368,2.298442,faster
np.copy (float64),Creation,float64,1000,,0.000505,0.001539,available,,not_measured,managed,0.001539,0.328135,negligible
np.copy (float64),Creation,float64,100000,,0.011669,0.025087,available,,not_measured,managed,0.025087,0.465141,slower
np.copy (float64),Creation,float64,10000000,,17.632994,16.493206,available,,not_measured,managed,16.493206,1.069107,faster
np.copy (int32),Creation,int32,1000,,0.000469,0.001692,available,,not_measured,managed,0.001692,0.277187,negligible
np.copy (int32),Creation,int32,100000,,0.005983,0.011523,available,,not_measured,managed,0.011523,0.519222,slower
np.copy (int32),Creation,int32,10000000,,6.590168,3.83298,available,,not_measured,managed,3.83298,1.719333,faster
np.copy (int64),Creation,int64,1000,,0.000517,0.001583,available,,not_measured,managed,0.001583,0.326595,negligible
np.copy (int64),Creation,int64,100000,,0.012495,0.025957,available,,not_measured,managed,0.025957,0.481373,slower
np.copy (int64),Creation,int64,10000000,,17.270602,16.612774,available,,not_measured,managed,16.612774,1.039598,close
np.empty (float32),Creation,float32,1000,,0.000199,0.003378,available,,not_measured,managed,0.003378,0.058911,negligible
np.empty (float32),Creation,float32,100000,,0.000273,0.003012,available,,not_measured,managed,0.003012,0.090637,negligible
np.empty (float32),Creation,float32,10000000,,0.022463,0.003895,available,,not_measured,managed,0.003895,5.767137,faster
np.empty (float64),Creation,float64,1000,,0.000198,0.003469,available,,not_measured,managed,0.003469,0.057077,negligible
np.empty (float64),Creation,float64,100000,,0.000294,0.003339,available,,not_measured,managed,0.003339,0.08805,negligible
np.empty (float64),Creation,float64,10000000,,0.01672,0.019251,available,,not_measured,managed,0.019251,0.868526,close
np.empty (int32),Creation,int32,1000,,0.000201,0.00252,available,,not_measured,managed,0.00252,0.079762,negligible
np.empty (int32),Creation,int32,100000,,0.00027,0.004184,available,,not_measured,managed,0.004184,0.064532,negligible
np.empty (int32),Creation,int32,10000000,,0.032784,0.003533,available,,not_measured,managed,0.003533,9.279366,faster
np.empty (int64),Creation,int64,1000,,0.000198,0.000523,available,,not_measured,managed,0.000523,0.378585,negligible
np.empty (int64),Creation,int64,100000,,0.000275,0.00508,available,,not_measured,managed,0.00508,0.054134,negligible
np.empty (int64),Creation,int64,10000000,,0.023579,0.017412,available,,not_measured,managed,0.017412,1.354181,faster
np.empty_like(a) (float32),Creation,float32,1000,,0.000241,0.003394,available,,not_measured,managed,0.003394,0.071008,negligible
np.empty_like(a) (float32),Creation,float32,100000,,0.000319,0.003303,available,,not_measured,managed,0.003303,0.096579,negligible
np.empty_like(a) (float32),Creation,float32,10000000,,0.02131,0.004277,available,,not_measured,managed,0.004277,4.982464,faster
np.empty_like(a) (float64),Creation,float64,1000,,0.000241,0.004991,available,,not_measured,managed,0.004991,0.048287,negligible
np.empty_like(a) (float64),Creation,float64,100000,,0.000299,0.004674,available,,not_measured,managed,0.004674,0.063971,negligible
np.empty_like(a) (float64),Creation,float64,10000000,,0.017159,0.019131,available,,not_measured,managed,0.019131,0.896921,close
np.empty_like(a) (int32),Creation,int32,1000,,0.000241,0.004175,available,,not_measured,managed,0.004175,0.057725,negligible
np.empty_like(a) (int32),Creation,int32,100000,,0.000309,0.003654,available,,not_measured,managed,0.003654,0.084565,negligible
np.empty_like(a) (int32),Creation,int32,10000000,,0.021077,0.000296,available,,not_measured,managed,0.000296,71.206081,negligible
np.empty_like(a) (int64),Creation,int64,1000,,0.000251,0.003857,available,,not_measured,managed,0.003857,0.065076,negligible
np.empty_like(a) (int64),Creation,int64,100000,,0.00031,0.003636,available,,not_measured,managed,0.003636,0.085259,negligible
np.empty_like(a) (int64),Creation,int64,10000000,,0.021287,0.018904,available,,not_measured,managed,0.018904,1.126058,faster
np.eye(n) (float64),Creation,float64,1000,,0.001095,0.008622,available,,not_measured,managed,0.008622,0.127001,much_slower
np.eye(n) (float64),Creation,float64,100000,,0.01154,0.076888,available,,not_measured,managed,0.076888,0.150088,much_slower
np.frombuffer(buffer) (float64),Creation,float64,1000,,0.000288,0.000538,available,,not_measured,managed,0.000538,0.535316,negligible
np.frombuffer(buffer) (float64),Creation,float64,100000,,0.000294,0.000584,available,,not_measured,managed,0.000584,0.503425,negligible
np.fromstring(text) (float64),Creation,float64,1000,,0.09378,0.063007,available,,not_measured,managed,0.063007,1.488406,faster
np.fromstring(text) (float64),Creation,float64,100000,,9.183872,6.529642,available,,not_measured,managed,6.529642,1.406489,faster
np.full (float32),Creation,float32,1000,,0.000776,0.004321,available,,not_measured,managed,0.004321,0.179588,negligible
np.full (float32),Creation,float32,100000,,0.00532,0.01768,available,,not_measured,managed,0.01768,0.300905,much_slower
np.full (float32),Creation,float32,10000000,,9.541768,3.627513,available,,not_measured,managed,3.627513,2.630388,faster
np.full (float64),Creation,float64,1000,,0.000787,0.003681,available,,not_measured,managed,0.003681,0.213801,negligible
np.full (float64),Creation,float64,100000,,0.010005,0.018498,available,,not_measured,managed,0.018498,0.540869,slower
np.full (float64),Creation,float64,10000000,,17.955502,16.428471,available,,not_measured,managed,16.428471,1.09295,faster
np.full (int32),Creation,int32,1000,,0.000764,0.003038,available,,not_measured,managed,0.003038,0.251481,negligible
np.full (int32),Creation,int32,100000,,0.005257,0.017031,available,,not_measured,managed,0.017031,0.308672,much_slower
np.full (int32),Creation,int32,10000000,,7.52262,2.938122,available,,not_measured,managed,2.938122,2.56035,faster
np.full (int64),Creation,int64,1000,,0.000757,0.003727,available,,not_measured,managed,0.003727,0.203112,negligible
np.full (int64),Creation,int64,100000,,0.009888,0.019172,available,,not_measured,managed,0.019172,0.515752,slower
np.full (int64),Creation,int64,10000000,,17.72136,16.399081,available,,not_measured,managed,16.399081,1.080631,faster
"np.full_like(a, 42) (float32)",Creation,float32,1000,,0.000964,0.001051,available,,not_measured,managed,0.001051,0.917222,negligible
"np.full_like(a, 42) (float32)",Creation,float32,100000,,0.005573,0.018185,available,,not_measured,managed,0.018185,0.306461,much_slower
"np.full_like(a, 42) (float32)",Creation,float32,10000000,,9.366698,3.517721,available,,not_measured,managed,3.517721,2.662718,faster
"np.full_like(a, 42) (float64)",Creation,float64,1000,,0.000977,0.005275,available,,not_measured,managed,0.005275,0.185213,negligible
"np.full_like(a, 42) (float64)",Creation,float64,100000,,0.010219,0.019488,available,,not_measured,managed,0.019488,0.524374,slower
"np.full_like(a, 42) (float64)",Creation,float64,10000000,,18.702442,16.532917,available,,not_measured,managed,16.532917,1.131225,faster
"np.full_like(a, 42) (int32)",Creation,int32,1000,,0.000948,0.005119,available,,not_measured,managed,0.005119,0.185192,negligible
"np.full_like(a, 42) (int32)",Creation,int32,100000,,0.005416,0.017936,available,,not_measured,managed,0.017936,0.301963,much_slower
"np.full_like(a, 42) (int32)",Creation,int32,10000000,,9.17285,3.178671,available,,not_measured,managed,3.178671,2.88575,faster
"np.full_like(a, 42) (int64)",Creation,int64,1000,,0.000938,0.005153,available,,not_measured,managed,0.005153,0.18203,negligible
"np.full_like(a, 42) (int64)",Creation,int64,100000,,0.010038,0.019618,available,,not_measured,managed,0.019618,0.511673,slower
"np.full_like(a, 42) (int64)",Creation,int64,10000000,,19.434608,16.583246,available,,not_measured,managed,16.583246,1.171942,faster
np.identity(n) (float64),Creation,float64,1000,,0.001326,0.009509,available,,not_measured,managed,0.009509,0.139447,much_slower
np.identity(n) (float64),Creation,float64,100000,,0.011787,0.078087,available,,not_measured,managed,0.078087,0.150947,much_slower
"np.linspace(0, N, N) (float32)",Creation,float32,1000,,0.004553,0.002132,available,,not_measured,managed,0.002132,2.135553,faster
"np.linspace(0, N, N) (float32)",Creation,float32,100000,,0.074324,0.175613,available,,not_measured,managed,0.175613,0.423226,slower
"np.linspace(0, N, N) (float32)",Creation,float32,10000000,,59.44552,18.314804,available,,not_measured,managed,18.314804,3.245763,faster
"np.linspace(0, N, N) (float64)",Creation,float64,1000,,0.004013,0.002453,available,,not_measured,managed,0.002453,1.635956,faster
"np.linspace(0, N, N) (float64)",Creation,float64,100000,,0.049028,0.175345,available,,not_measured,managed,0.175345,0.279609,much_slower
"np.linspace(0, N, N) (float64)",Creation,float64,10000000,,36.538432,25.621604,available,,not_measured,managed,25.621604,1.426079,faster
"np.linspace(0, N, N) (int32)",Creation,int32,1000,,0.005131,0.003521,available,,not_measured,managed,0.003521,1.457256,faster
"np.linspace(0, N, N) (int32)",Creation,int32,100000,,0.314776,0.271942,available,,not_measured,managed,0.271942,1.157512,faster
"np.linspace(0, N, N) (int32)",Creation,int32,10000000,,64.49338,31.010812,available,,not_measured,managed,31.010812,2.079706,faster
"np.linspace(0, N, N) (int64)",Creation,int64,1000,,0.00504,0.003074,available,,not_measured,managed,0.003074,1.639558,faster
"np.linspace(0, N, N) (int64)",Creation,int64,100000,,0.356264,0.285617,available,,not_measured,managed,0.285617,1.247349,faster
"np.linspace(0, N, N) (int64)",Creation,int64,10000000,,76.298782,37.65369,available,,not_measured,managed,37.65369,2.026329,faster
"np.meshgrid(x, y) (float64)",Creation,float64,1000,,0.008087,0.016616,available,,not_measured,managed,0.016616,0.4867,slower
"np.meshgrid(x, y) (float64)",Creation,float64,100000,,0.032202,0.182952,available,,not_measured,managed,0.182952,0.176013,much_slower
np.ones (float32),Creation,float32,1000,,0.000786,0.00396,available,,not_measured,managed,0.00396,0.198485,negligible
np.ones (float32),Creation,float32,100000,,0.005447,0.017157,available,,not_measured,managed,0.017157,0.31748,much_slower
np.ones (float32),Creation,float32,10000000,,10.069472,3.174502,available,,not_measured,managed,3.174502,3.171985,faster
np.ones (float64),Creation,float64,1000,,0.000785,0.003681,available,,not_measured,managed,0.003681,0.213257,negligible
np.ones (float64),Creation,float64,100000,,0.009889,0.019277,available,,not_measured,managed,0.019277,0.512995,slower
np.ones (float64),Creation,float64,10000000,,17.914778,16.486939,available,,not_measured,managed,16.486939,1.086604,faster
np.ones (int32),Creation,int32,1000,,0.000758,0.003973,available,,not_measured,managed,0.003973,0.190788,negligible
np.ones (int32),Creation,int32,100000,,0.00527,0.018031,available,,not_measured,managed,0.018031,0.292274,much_slower
np.ones (int32),Creation,int32,10000000,,7.607734,2.891181,available,,not_measured,managed,2.891181,2.631359,faster
np.ones (int64),Creation,int64,1000,,0.000795,0.004496,available,,not_measured,managed,0.004496,0.176824,negligible
np.ones (int64),Creation,int64,100000,,0.009721,0.01962,available,,not_measured,managed,0.01962,0.495464,slower
np.ones (int64),Creation,int64,10000000,,17.72117,16.533692,available,,not_measured,managed,16.533692,1.071822,faster
np.ones_like(a) (float32),Creation,float32,1000,,0.000954,0.004537,available,,not_measured,managed,0.004537,0.210271,negligible
np.ones_like(a) (float32),Creation,float32,100000,,0.005425,0.017974,available,,not_measured,managed,0.017974,0.301825,much_slower
np.ones_like(a) (float32),Creation,float32,10000000,,9.675094,3.563804,available,,not_measured,managed,3.563804,2.714822,faster
np.ones_like(a) (float64),Creation,float64,1000,,0.001016,0.002603,available,,not_measured,managed,0.002603,0.390319,slower
np.ones_like(a) (float64),Creation,float64,100000,,0.009969,0.019438,available,,not_measured,managed,0.019438,0.512861,slower
np.ones_like(a) (float64),Creation,float64,10000000,,18.117704,16.580245,available,,not_measured,managed,16.580245,1.092728,faster
np.ones_like(a) (int32),Creation,int32,1000,,0.000932,0.004011,available,,not_measured,managed,0.004011,0.232361,negligible
np.ones_like(a) (int32),Creation,int32,100000,,0.005595,0.018516,available,,not_measured,managed,0.018516,0.302171,much_slower
np.ones_like(a) (int32),Creation,int32,10000000,,9.584372,3.0074,available,,not_measured,managed,3.0074,3.18693,faster
np.ones_like(a) (int64),Creation,int64,1000,,0.000904,0.003923,available,,not_measured,managed,0.003923,0.230436,negligible
np.ones_like(a) (int64),Creation,int64,100000,,0.0099,0.019381,available,,not_measured,managed,0.019381,0.51081,slower
np.ones_like(a) (int64),Creation,int64,10000000,,19.524498,16.649332,available,,not_measured,managed,16.649332,1.17269,faster
"np.require(a, requirements=C) (float64)",Creation,float64,1000,,0.000735,0.004515,available,,not_measured,managed,0.004515,0.162791,negligible
"np.require(a, requirements=C) (float64)",Creation,float64,100000,,0.011401,0.057495,available,,not_measured,managed,0.057495,0.198296,much_slower
np.vander(x) (float64),Creation,float64,1000,,0.003457,0.026082,available,,not_measured,managed,0.026082,0.132544,much_slower
np.vander(x) (float64),Creation,float64,100000,,0.17178,0.225777,available,,not_measured,managed,0.225777,0.760839,slower
np.zeros (float32),Creation,float32,1000,,0.000269,0.003301,available,,not_measured,managed,0.003301,0.08149,negligible
np.zeros (float32),Creation,float32,100000,,0.004829,0.002824,available,,not_measured,managed,0.002824,1.709986,faster
np.zeros (float32),Creation,float32,10000000,,0.020707,0.010553,available,,not_measured,managed,0.010553,1.962191,faster
np.zeros (float64),Creation,float64,1000,,0.000278,0.00365,available,,not_measured,managed,0.00365,0.076164,negligible
np.zeros (float64),Creation,float64,100000,,0.009655,0.003656,available,,not_measured,managed,0.003656,2.640864,faster
np.zeros (float64),Creation,float64,10000000,,0.016414,0.009894,available,,not_measured,managed,0.009894,1.658985,faster
np.zeros (int32),Creation,int32,1000,,0.000282,0.002955,available,,not_measured,managed,0.002955,0.095431,negligible
np.zeros (int32),Creation,int32,100000,,0.00483,0.003037,available,,not_measured,managed,0.003037,1.590385,faster
np.zeros (int32),Creation,int32,10000000,,0.011363,0.008909,available,,not_measured,managed,0.008909,1.275452,faster
np.zeros (int64),Creation,int64,1000,,0.000331,0.003421,available,,not_measured,managed,0.003421,0.096755,negligible
np.zeros (int64),Creation,int64,100000,,0.009612,0.004275,available,,not_measured,managed,0.004275,2.248421,faster
np.zeros (int64),Creation,int64,10000000,,0.021658,0.00795,available,,not_measured,managed,0.00795,2.724277,faster
np.zeros_like (float32),Creation,float32,1000,,0.000932,0.002907,available,,not_measured,managed,0.002907,0.320605,negligible
np.zeros_like (float32),Creation,float32,100000,,0.005517,0.003425,available,,not_measured,managed,0.003425,1.610803,faster
np.zeros_like (float32),Creation,float32,10000000,,9.729828,0.010869,available,,not_measured,managed,0.010869,895.190726,negligible
np.zeros_like (float64),Creation,float64,1000,,0.000912,0.003815,available,,not_measured,managed,0.003815,0.239056,negligible
np.zeros_like (float64),Creation,float64,100000,,0.009863,0.004364,available,,not_measured,managed,0.004364,2.260082,faster
np.zeros_like (float64),Creation,float64,10000000,,17.783956,0.010462,available,,not_measured,managed,0.010462,1699.861977,negligible
np.zeros_like (int32),Creation,int32,1000,,0.00089,0.00317,available,,not_measured,managed,0.00317,0.280757,negligible
np.zeros_like (int32),Creation,int32,100000,,0.005422,0.003515,available,,not_measured,managed,0.003515,1.542532,faster
np.zeros_like (int32),Creation,int32,10000000,,9.290286,0.009618,available,,not_measured,managed,0.009618,965.927012,negligible
np.zeros_like (int64),Creation,int64,1000,,0.000889,0.002945,available,,not_measured,managed,0.002945,0.301868,negligible
np.zeros_like (int64),Creation,int64,100000,,0.010157,0.004329,available,,not_measured,managed,0.004329,2.346269,faster
np.zeros_like (int64),Creation,int64,10000000,,19.184192,0.008107,available,,not_measured,managed,0.008107,2366.373751,negligible
np.fft.fft(a) (complex128),Fourier,complex128,1000,,0.009216,0.013517,available,,not_measured,managed,0.013517,0.681808,slower
np.fft.fft(a) (complex128),Fourier,complex128,100000,,1.569816,2.053564,available,,not_measured,managed,2.053564,0.764435,slower
np.fft.fft2(a) (complex128),Fourier,complex128,1000,,0.03822,0.069495,available,,not_measured,managed,0.069495,0.549968,slower
np.fft.fft2(a) (complex128),Fourier,complex128,100000,,4.48157,10.836787,available,,not_measured,managed,10.836787,0.413552,slower
np.fft.fftfreq(n) (float64),Fourier,float64,1000,,0.002868,0.014621,available,,not_measured,managed,0.014621,0.196156,much_slower
np.fft.fftfreq(n) (float64),Fourier,float64,100000,,0.559388,0.439793,available,,not_measured,managed,0.439793,1.271935,faster
np.fft.fftn(a) (complex128),Fourier,complex128,1000,,0.035884,0.065999,available,,not_measured,managed,0.065999,0.543705,slower
np.fft.fftn(a) (complex128),Fourier,complex128,100000,,4.74452,10.901946,available,,not_measured,managed,10.901946,0.435199,slower
np.fft.fftshift(a) (complex128),Fourier,complex128,1000,,0.005735,0.010375,available,,not_measured,managed,0.010375,0.552771,slower
np.fft.fftshift(a) (complex128),Fourier,complex128,100000,,0.333764,0.428532,available,,not_measured,managed,0.428532,0.778854,slower
np.fft.hfft(a) (float64),Fourier,float64,1000,,0.007046,0.010977,available,,not_measured,managed,0.010977,0.641888,slower
np.fft.hfft(a) (float64),Fourier,float64,100000,,1.024024,0.963083,available,,not_measured,managed,0.963083,1.063277,faster
np.fft.ifft(a) (complex128),Fourier,complex128,1000,,0.009351,0.011587,available,,not_measured,managed,0.011587,0.807025,close
np.fft.ifft(a) (complex128),Fourier,complex128,100000,,1.48713,2.240269,available,,not_measured,managed,2.240269,0.663818,slower
np.fft.ifft2(a) (complex128),Fourier,complex128,1000,,0.041692,0.068299,available,,not_measured,managed,0.068299,0.610434,slower
np.fft.ifft2(a) (complex128),Fourier,complex128,100000,,4.52176,10.576962,available,,not_measured,managed,10.576962,0.42751,slower
np.fft.ifftn(a) (complex128),Fourier,complex128,1000,,0.037274,0.067887,available,,not_measured,managed,0.067887,0.549059,slower
np.fft.ifftn(a) (complex128),Fourier,complex128,100000,,4.657088,10.853706,available,,not_measured,managed,10.853706,0.429078,slower
np.fft.ifftshift(a) (complex128),Fourier,complex128,1000,,0.004331,0.009678,available,,not_measured,managed,0.009678,0.44751,slower
np.fft.ifftshift(a) (complex128),Fourier,complex128,100000,,0.342522,0.427161,available,,not_measured,managed,0.427161,0.801857,close
np.fft.ihfft(a) (float64),Fourier,float64,1000,,0.007991,0.010424,available,,not_measured,managed,0.010424,0.766596,slower
np.fft.ihfft(a) (float64),Fourier,float64,100000,,0.736806,0.991639,available,,not_measured,managed,0.991639,0.743018,slower
np.fft.irfft(a) (float64),Fourier,float64,1000,,0.00753,0.008851,available,,not_measured,managed,0.008851,0.850751,close
np.fft.irfft(a) (float64),Fourier,float64,100000,,0.72137,1.001359,available,,not_measured,managed,1.001359,0.720391,slower
np.fft.irfft2(a) (float64),Fourier,float64,1000,,0.025683,0.03562,available,,not_measured,managed,0.03562,0.721028,slower
np.fft.irfft2(a) (float64),Fourier,float64,100000,,2.371196,5.329046,available,,not_measured,managed,5.329046,0.444957,slower
np.fft.irfftn(a) (float64),Fourier,float64,1000,,0.033232,0.036461,available,,not_measured,managed,0.036461,0.91144,close
np.fft.irfftn(a) (float64),Fourier,float64,100000,,2.371496,5.277566,available,,not_measured,managed,5.277566,0.449354,slower
np.fft.rfft(a) (float64),Fourier,float64,1000,,0.006501,0.008284,available,,not_measured,managed,0.008284,0.784766,slower
np.fft.rfft(a) (float64),Fourier,float64,100000,,0.725238,0.883138,available,,not_measured,managed,0.883138,0.821206,close
np.fft.rfft2(a) (float64),Fourier,float64,1000,,0.027503,0.035511,available,,not_measured,managed,0.035511,0.774492,slower
np.fft.rfft2(a) (float64),Fourier,float64,100000,,2.268094,5.174435,available,,not_measured,managed,5.174435,0.438327,slower
np.fft.rfftfreq(n) (float64),Fourier,float64,1000,,0.001508,0.006679,available,,not_measured,managed,0.006679,0.225782,much_slower
np.fft.rfftfreq(n) (float64),Fourier,float64,100000,,0.026807,0.157893,available,,not_measured,managed,0.157893,0.16978,much_slower
np.fft.rfftn(a) (float64),Fourier,float64,1000,,0.024481,0.035437,available,,not_measured,managed,0.035437,0.690832,slower
np.fft.rfftn(a) (float64),Fourier,float64,100000,,2.25896,5.178173,available,,not_measured,managed,5.178173,0.436247,slower
np.diagonal(a) (float64),LinearAlgebra,float64,1000,,0.00052,0.000235,available,,not_measured,managed,0.000235,2.212766,negligible
np.diagonal(a) (float64),LinearAlgebra,float64,100000,,0.00051,0.00023,available,,not_measured,managed,0.00023,2.217391,negligible
np.diagonal(a) (float64),LinearAlgebra,float64,10000000,,0.000535,0.000217,available,,not_measured,managed,0.000217,2.465438,negligible
"np.dot(a, b) (float64)",LinearAlgebra,float64,1000,,0.000505,0.000729,available,,not_measured,managed,0.000729,0.69273,negligible
"np.dot(a, b) (float64)",LinearAlgebra,float64,100000,,0.08345,0.01948,available,0.0074,available,openblas,0.0074,0.945946,close
"np.dot(a, b) (float64)",LinearAlgebra,float64,10000000,,0.938018,8.390636,available,,not_measured,managed,8.390636,0.111793,much_slower
"np.einsum('ij,jk->ik', a, b)",LinearAlgebra,float64,128,"ij,jk->ik",0.2416,0.2151,available,0.0605,available,openblas,0.0605,3.993388,faster
"np.einsum(subscripts, operands) (float64)",LinearAlgebra,float64,1000,,0.001418,0.020372,available,,not_measured,managed,0.020372,0.069605,much_slower
"np.einsum(subscripts, operands) (float64)",LinearAlgebra,float64,100000,,0.019995,1.544946,available,,not_measured,managed,1.544946,0.012942,much_slower
"np.einsum(subscripts, operands) (float64)",LinearAlgebra,float64,10000000,,4.403108,154.120647,available,,not_measured,managed,154.120647,0.028569,much_slower
"np.einsum_path(subscripts, operands) (float64)",LinearAlgebra,float64,1000,,0.009085,0.002941,available,,not_measured,managed,0.002941,3.089085,faster
"np.einsum_path(subscripts, operands) (float64)",LinearAlgebra,float64,100000,,0.009132,0.00307,available,,not_measured,managed,0.00307,2.974593,faster
"np.einsum_path(subscripts, operands) (float64)",LinearAlgebra,float64,10000000,,0.008945,0.003027,available,,not_measured,managed,0.003027,2.955071,faster
np.linalg.cholesky(a),LinearAlgebra,float64,32,,0.0047,,missing_backend,0.0025,available,openblas,0.0025,1.88,faster
np.linalg.cholesky(a),LinearAlgebra,float64,96,,0.0183,,missing_backend,0.016,available,openblas,0.016,1.14375,faster
np.linalg.cond(a),LinearAlgebra,float64,32,,0.0353,,missing_backend,0.039,available,openblas,0.039,0.905128,close
np.linalg.cond(a),LinearAlgebra,float64,96,,0.2785,,missing_backend,0.5162,available,openblas,0.5162,0.53952,slower
"np.linalg.cross(a, b) (float64)",LinearAlgebra,float64,1000,,0.017598,0.032517,available,,not_measured,managed,0.032517,0.541194,slower
"np.linalg.cross(a, b) (float64)",LinearAlgebra,float64,100000,,0.646044,1.429809,available,,not_measured,managed,1.429809,0.451839,slower
np.linalg.det(a),LinearAlgebra,float64,32,,0.0061,,missing_backend,0.0052,available,openblas,0.0052,1.173077,faster
np.linalg.det(a),LinearAlgebra,float64,96,,0.0272,,missing_backend,0.0578,available,openblas,0.0578,0.470588,slower
np.linalg.diagonal(a) (float64),LinearAlgebra,float64,1000,,0.000667,0.000241,available,,not_measured,managed,0.000241,2.767635,negligible
np.linalg.diagonal(a) (float64),LinearAlgebra,float64,100000,,0.000662,0.000218,available,,not_measured,managed,0.000218,3.036697,negligible
np.linalg.eig(a),LinearAlgebra,float64,32,,0.1032,,missing_backend,0.1146,available,openblas,0.1146,0.900524,close
np.linalg.eig(a),LinearAlgebra,float64,96,,1.3641,,missing_backend,2.684,available,openblas,2.684,0.508234,slower
np.linalg.eigh(a),LinearAlgebra,float64,32,,0.0487,,missing_backend,0.0462,available,openblas,0.0462,1.054113,faster
np.linalg.eigh(a),LinearAlgebra,float64,96,,0.3986,,missing_backend,0.822,available,openblas,0.822,0.484915,slower
np.linalg.eigvals(a),LinearAlgebra,float64,32,,0.0664,,missing_backend,0.067,available,openblas,0.067,0.991045,close
np.linalg.eigvals(a),LinearAlgebra,float64,96,,0.7744,,missing_backend,1.5275,available,openblas,1.5275,0.506972,slower
np.linalg.eigvalsh(a),LinearAlgebra,float64,32,,0.0228,,missing_backend,0.0207,available,openblas,0.0207,1.101449,faster
np.linalg.eigvalsh(a),LinearAlgebra,float64,96,,0.1599,,missing_backend,0.2832,available,openblas,0.2832,0.564619,slower
np.linalg.inv(a),LinearAlgebra,float64,32,,0.0111,,missing_backend,0.009,available,openblas,0.009,1.233333,faster
np.linalg.inv(a),LinearAlgebra,float64,96,,0.0787,,missing_backend,0.1619,available,openblas,0.1619,0.486103,slower
"np.linalg.lstsq(a, b)",LinearAlgebra,float64,32,,0.0802,,missing_backend,0.0832,available,openblas,0.0832,0.963942,close
"np.linalg.lstsq(a, b)",LinearAlgebra,float64,96,,0.792,,missing_backend,1.6242,available,openblas,1.6242,0.487625,slower
"np.linalg.matmul(a, b)",LinearAlgebra,float64,128,,0.0587,0.2128,available,0.0586,available,openblas,0.0586,1.001706,close
"np.linalg.matmul(a, b) (float64)",LinearAlgebra,float64,1000,,0.002554,0.011415,available,,not_measured,managed,0.011415,0.223741,much_slower
"np.linalg.matmul(a, b) (float64)",LinearAlgebra,float64,100000,,0.07196,0.325892,available,,not_measured,managed,0.325892,0.220809,much_slower
np.linalg.matrix_norm(a) (float64),LinearAlgebra,float64,1000,,0.002316,0.008974,available,,not_measured,managed,0.008974,0.258079,much_slower
np.linalg.matrix_norm(a) (float64),LinearAlgebra,float64,100000,,0.006388,0.053878,available,,not_measured,managed,0.053878,0.118564,much_slower
"np.linalg.matrix_norm(a, ord=2)",LinearAlgebra,float64,32,ord=2,0.0369,,missing_backend,0.0328,available,openblas,0.0328,1.125,faster
"np.linalg.matrix_norm(a, ord=2)",LinearAlgebra,float64,96,ord=2,0.2894,,missing_backend,0.4903,available,openblas,0.4903,0.590251,slower
"np.linalg.matrix_power(a, -1)",LinearAlgebra,float64,32,n=-1,0.0115,,missing_backend,0.0106,available,openblas,0.0106,1.084906,faster
"np.linalg.matrix_power(a, -1)",LinearAlgebra,float64,96,n=-1,0.0803,,missing_backend,0.1651,available,openblas,0.1651,0.486372,slower
"np.linalg.matrix_power(a, 3) (float64)",LinearAlgebra,float64,1000,,0.00563,0.018879,available,,not_measured,managed,0.018879,0.298215,much_slower
"np.linalg.matrix_power(a, 3) (float64)",LinearAlgebra,float64,100000,,0.11294,0.774258,available,,not_measured,managed,0.774258,0.145869,much_slower
np.linalg.matrix_rank(a),LinearAlgebra,float64,32,,0.037,,missing_backend,0.0365,available,openblas,0.0365,1.013699,close
np.linalg.matrix_rank(a),LinearAlgebra,float64,96,,0.2853,,missing_backend,0.4982,available,openblas,0.4982,0.572662,slower
np.linalg.matrix_transpose(a) (float64),LinearAlgebra,float64,1000,,0.000661,0.000308,available,,not_measured,managed,0.000308,2.146104,negligible
np.linalg.matrix_transpose(a) (float64),LinearAlgebra,float64,100000,,0.000669,0.000407,available,,not_measured,managed,0.000407,1.643735,negligible
np.linalg.multi_dot(arrays),LinearAlgebra,float64,128,,0.1212,0.3826,available,0.1175,available,openblas,0.1175,1.031489,close
np.linalg.multi_dot(arrays) (float64),LinearAlgebra,float64,1000,,0.005325,0.019695,available,,not_measured,managed,0.019695,0.270373,much_slower
np.linalg.multi_dot(arrays) (float64),LinearAlgebra,float64,100000,,0.157332,0.77338,available,,not_measured,managed,0.77338,0.203434,much_slower
np.linalg.norm(a) (float64),LinearAlgebra,float64,1000,,0.000978,0.001297,available,,not_measured,managed,0.001297,0.754048,negligible
np.linalg.norm(a) (float64),LinearAlgebra,float64,100000,,0.082118,0.013066,available,,not_measured,managed,0.013066,6.284861,faster
"np.linalg.norm(a, ord=2)",LinearAlgebra,float64,32,ord=2,0.0368,,missing_backend,0.0332,available,openblas,0.0332,1.108434,faster
"np.linalg.norm(a, ord=2)",LinearAlgebra,float64,96,ord=2,0.2827,,missing_backend,0.4903,available,openblas,0.4903,0.576586,slower
"np.linalg.outer(a, b) (float64)",LinearAlgebra,float64,1000,,0.002126,0.008018,available,,not_measured,managed,0.008018,0.265153,much_slower
"np.linalg.outer(a, b) (float64)",LinearAlgebra,float64,100000,,0.038938,0.14639,available,,not_measured,managed,0.14639,0.265988,much_slower
np.linalg.pinv(a),LinearAlgebra,float64,32,,0.0871,,missing_backend,0.0956,available,openblas,0.0956,0.911088,close
np.linalg.pinv(a),LinearAlgebra,float64,96,,0.7379,,missing_backend,1.5979,available,openblas,1.5979,0.461794,slower
np.linalg.qr(a),LinearAlgebra,float64,32,,0.0236,,missing_backend,0.0203,available,openblas,0.0203,1.162562,faster
np.linalg.qr(a),LinearAlgebra,float64,96,,0.1607,,missing_backend,0.3164,available,openblas,0.3164,0.507901,slower
np.linalg.slogdet(a),LinearAlgebra,float64,32,,0.0068,,missing_backend,0.0057,available,openblas,0.0057,1.192982,faster
np.linalg.slogdet(a),LinearAlgebra,float64,96,,0.0282,,missing_backend,0.0564,available,openblas,0.0564,0.5,slower
"np.linalg.solve(a, b)",LinearAlgebra,float64,32,,0.0077,,missing_backend,0.0053,available,openblas,0.0053,1.45283,faster
"np.linalg.solve(a, b)",LinearAlgebra,float64,96,,0.0299,,missing_backend,0.0592,available,openblas,0.0592,0.505068,slower
np.linalg.svd(a),LinearAlgebra,float64,32,,0.0771,,missing_backend,0.075,available,openblas,0.075,1.028,close
np.linalg.svd(a),LinearAlgebra,float64,96,,0.6929,,missing_backend,1.4331,available,openblas,1.4331,0.483497,slower
np.linalg.svdvals(a),LinearAlgebra,float64,32,,0.032,,missing_backend,0.0298,available,openblas,0.0298,1.073826,faster
np.linalg.svdvals(a),LinearAlgebra,float64,96,,0.2761,,missing_backend,0.4894,available,openblas,0.4894,0.56416,slower
"np.linalg.tensordot(a, b) (float64)",LinearAlgebra,float64,1000,,0.005832,0.012814,available,,not_measured,managed,0.012814,0.455127,slower
"np.linalg.tensordot(a, b) (float64)",LinearAlgebra,float64,100000,,0.086828,0.391894,available,,not_measured,managed,0.391894,0.22156,much_slower
"np.linalg.tensordot(a, b, axes=1)",LinearAlgebra,float64,128,axes=1,0.0635,0.2166,available,0.0606,available,openblas,0.0606,1.047855,close
np.linalg.tensorinv(a),LinearAlgebra,float64,32,,0.0118,,missing_backend,0.0096,available,openblas,0.0096,1.229167,faster
np.linalg.tensorinv(a),LinearAlgebra,float64,96,,0.0801,,missing_backend,0.1621,available,openblas,0.1621,0.494139,slower
"np.linalg.tensorsolve(a, b)",LinearAlgebra,float64,32,,0.0086,,missing_backend,0.0067,available,openblas,0.0067,1.283582,faster
"np.linalg.tensorsolve(a, b)",LinearAlgebra,float64,96,,0.0309,,missing_backend,0.0604,available,openblas,0.0604,0.511589,slower
np.linalg.trace(a) (float64),LinearAlgebra,float64,1000,,0.001446,0.000558,available,,not_measured,managed,0.000558,2.591398,negligible
np.linalg.trace(a) (float64),LinearAlgebra,float64,100000,,0.001459,0.000639,available,,not_measured,managed,0.000639,2.283255,negligible
"np.linalg.vecdot(a, b) (float64)",LinearAlgebra,float64,1000,,0.000852,0.006603,available,,not_measured,managed,0.006603,0.129032,negligible
"np.linalg.vecdot(a, b) (float64)",LinearAlgebra,float64,100000,,0.081806,0.158876,available,0.0073,available,openblas,0.0073,1.013699,close
np.linalg.vector_norm(a) (float64),LinearAlgebra,float64,1000,,0.002655,0.00587,available,,not_measured,managed,0.00587,0.4523,slower
np.linalg.vector_norm(a) (float64),LinearAlgebra,float64,100000,,0.030614,0.332749,available,,not_measured,managed,0.332749,0.092003,much_slower
"np.matmul(A, B) (float64)",LinearAlgebra,float64,1000,,0.002317,0.010127,available,,not_measured,managed,0.010127,0.228794,much_slower
"np.matmul(A, B) (float64)",LinearAlgebra,float64,100000,,0.646602,4.044373,available,,not_measured,managed,4.044373,0.159877,much_slower
"np.matmul(A, B) (float64)",LinearAlgebra,float64,10000000,,0.673702,6.933208,available,,not_measured,managed,6.933208,0.09717,much_slower
"np.matmul(a, b)",LinearAlgebra,float64,128,,0.0585,0.2133,available,0.0587,available,openblas,0.0587,0.996593,close
"np.matvec(a, b)",LinearAlgebra,float64,128,,0.002,0.0227,available,0.0016,available,openblas,0.0016,1.25,faster
"np.matvec(a, b) (float64)",LinearAlgebra,float64,1000,,0.000709,0.003225,available,,not_measured,managed,0.003225,0.219845,negligible
"np.matvec(a, b) (float64)",LinearAlgebra,float64,100000,,0.005257,0.120382,available,,not_measured,managed,0.120382,0.043669,much_slower
"np.matvec(a, b) (float64)",LinearAlgebra,float64,10000000,,0.007735,0.175807,available,,not_measured,managed,0.175807,0.043997,much_slower
"np.outer(a, b) (float64)",LinearAlgebra,float64,1000,,0.001999,0.00605,available,,not_measured,managed,0.00605,0.330413,slower
"np.outer(a, b) (float64)",LinearAlgebra,float64,100000,,0.039592,0.138866,available,,not_measured,managed,0.138866,0.285109,much_slower
"np.outer(a, b) (float64)",LinearAlgebra,float64,10000000,,13.80978,15.850753,available,,not_measured,managed,15.850753,0.871238,close
"np.tensordot(a, b) (float64)",LinearAlgebra,float64,1000,,0.003726,0.019901,available,,not_measured,managed,0.019901,0.187227,much_slower
"np.tensordot(a, b) (float64)",LinearAlgebra,float64,100000,,0.097836,1.541293,available,,not_measured,managed,1.541293,0.063477,much_slower
"np.tensordot(a, b) (float64)",LinearAlgebra,float64,10000000,,1.157146,153.505511,available,,not_measured,managed,153.505511,0.007538,much_slower
"np.tensordot(a, b, axes=1)",LinearAlgebra,float64,128,axes=1,0.0634,0.2149,available,0.0608,available,openblas,0.0608,1.042763,close
"np.vdot(a, b) (float64)",LinearAlgebra,float64,1000,,0.000565,0.001122,available,,not_measured,managed,0.001122,0.503565,negligible
"np.vdot(a, b) (float64)",LinearAlgebra,float64,100000,,0.080624,0.012998,available,0.0081,available,openblas,0.0081,0.876543,close
"np.vdot(a, b) (float64)",LinearAlgebra,float64,10000000,,1.108488,8.313844,available,,not_measured,managed,8.313844,0.13333,much_slower
"np.vecdot(a, b) (float64)",LinearAlgebra,float64,1000,,0.000586,0.004747,available,,not_measured,managed,0.004747,0.123446,negligible
"np.vecdot(a, b) (float64)",LinearAlgebra,float64,100000,,0.082644,0.158347,available,0.0073,available,openblas,0.0073,0.972603,close
"np.vecdot(a, b) (float64)",LinearAlgebra,float64,10000000,,1.131008,29.524112,available,,not_measured,managed,29.524112,0.038308,much_slower
"np.vecmat(a, b)",LinearAlgebra,float64,128,,0.0015,0.0027,available,0.0017,available,openblas,0.0017,0.882353,close
"np.vecmat(a, b) (float64)",LinearAlgebra,float64,1000,,0.000702,0.001677,available,,not_measured,managed,0.001677,0.418605,negligible
"np.vecmat(a, b) (float64)",LinearAlgebra,float64,100000,,0.0051,0.053696,available,,not_measured,managed,0.053696,0.094979,much_slower
"np.vecmat(a, b) (float64)",LinearAlgebra,float64,10000000,,0.008459,0.068579,available,,not_measured,managed,0.068579,0.123347,much_slower
np.all(a) (bool),Logic,bool,1000,,0.001382,,not_measured,,not_measured,,,,no_data
np.all(a) (bool),Logic,bool,100000,,0.001359,,not_measured,,not_measured,,,,no_data
np.all(a) (bool),Logic,bool,10000000,,0.003804,,not_measured,,not_measured,,,,no_data
"np.allclose(a, b) (float16)",Logic,float16,1000,,0.030029,0.083136,available,,not_measured,managed,0.083136,0.361203,slower
"np.allclose(a, b) (float16)",Logic,float16,100000,,1.7553,0.948148,available,,not_measured,managed,0.948148,1.851293,faster
"np.allclose(a, b) (float32)",Logic,float32,1000,,0.012846,0.088562,available,,not_measured,managed,0.088562,0.145051,much_slower
"np.allclose(a, b) (float32)",Logic,float32,100000,,0.384174,0.531701,available,,not_measured,managed,0.531701,0.722538,slower
"np.allclose(a, b) (float64)",Logic,float64,1000,,0.013404,0.078414,available,,not_measured,managed,0.078414,0.170939,much_slower
"np.allclose(a, b) (float64)",Logic,float64,100000,,0.688714,0.450421,available,,not_measured,managed,0.450421,1.529045,faster
np.any(a) (bool),Logic,bool,1000,,0.001375,,not_measured,,not_measured,,,,no_data
np.any(a) (bool),Logic,bool,100000,,0.001381,,not_measured,,not_measured,,,,no_data
np.any(a) (bool),Logic,bool,10000000,,0.003806,,not_measured,,not_measured,,,,no_data
"np.array_equal(a, b) (float16)",Logic,float16,1000,,0.002457,0.001483,available,,not_measured,managed,0.001483,1.656777,faster
"np.array_equal(a, b) (float16)",Logic,float16,100000,,0.084634,0.105911,available,,not_measured,managed,0.105911,0.799105,slower
"np.array_equal(a, b) (float16)",Logic,float16,10000000,,20.339306,12.666728,available,,not_measured,managed,12.666728,1.605727,faster
"np.array_equal(a, b) (float32)",Logic,float32,1000,,0.001525,0.001464,available,,not_measured,managed,0.001464,1.041667,close
"np.array_equal(a, b) (float32)",Logic,float32,100000,,0.006678,0.009774,available,,not_measured,managed,0.009774,0.683241,slower
"np.array_equal(a, b) (float32)",Logic,float32,10000000,,9.739956,8.64621,available,,not_measured,managed,8.64621,1.1265,faster
"np.array_equal(a, b) (float64)",Logic,float64,1000,,0.001649,0.001932,available,,not_measured,managed,0.001932,0.85352,close
"np.array_equal(a, b) (float64)",Logic,float64,100000,,0.011363,0.019277,available,,not_measured,managed,0.019277,0.589459,slower
"np.array_equal(a, b) (float64)",Logic,float64,10000000,,17.192202,16.045922,available,,not_measured,managed,16.045922,1.071437,faster
"np.fmax(a, b) (float16)",Logic,float16,1000,,0.002798,0.003377,available,,not_measured,managed,0.003377,0.828546,close
"np.fmax(a, b) (float16)",Logic,float16,100000,,0.76789,0.829936,available,,not_measured,managed,0.829936,0.92524,close
"np.fmax(a, b) (float16)",Logic,float16,10000000,,96.763508,87.567452,available,,not_measured,managed,87.567452,1.105017,faster
"np.fmax(a, b) (float32)",Logic,float32,1000,,0.000419,0.001267,available,,not_measured,managed,0.001267,0.330702,negligible
"np.fmax(a, b) (float32)",Logic,float32,100000,,0.007119,0.050148,available,,not_measured,managed,0.050148,0.14196,much_slower
"np.fmax(a, b) (float32)",Logic,float32,10000000,,15.38827,11.922912,available,,not_measured,managed,11.922912,1.290647,faster
"np.fmax(a, b) (float64)",Logic,float64,1000,,0.000489,0.001671,available,,not_measured,managed,0.001671,0.292639,negligible
"np.fmax(a, b) (float64)",Logic,float64,100000,,0.027133,0.102154,available,,not_measured,managed,0.102154,0.265609,much_slower
"np.fmax(a, b) (float64)",Logic,float64,10000000,,30.953946,26.782967,available,,not_measured,managed,26.782967,1.155733,faster
"np.fmin(a, b) (float16)",Logic,float16,1000,,0.002933,0.003438,available,,not_measured,managed,0.003438,0.853112,close
"np.fmin(a, b) (float16)",Logic,float16,100000,,0.744928,0.829376,available,,not_measured,managed,0.829376,0.898179,close
"np.fmin(a, b) (float16)",Logic,float16,10000000,,94.42739,87.62216,available,,not_measured,managed,87.62216,1.077666,faster
"np.fmin(a, b) (float32)",Logic,float32,1000,,0.00042,0.001334,available,,not_measured,managed,0.001334,0.314843,negligible
"np.fmin(a, b) (float32)",Logic,float32,100000,,0.007143,0.050055,available,,not_measured,managed,0.050055,0.142703,much_slower
"np.fmin(a, b) (float32)",Logic,float32,10000000,,15.861018,11.921189,available,,not_measured,managed,11.921189,1.33049,faster
"np.fmin(a, b) (float64)",Logic,float64,1000,,0.000496,0.001772,available,,not_measured,managed,0.001772,0.27991,negligible
"np.fmin(a, b) (float64)",Logic,float64,100000,,0.031626,0.094951,available,,not_measured,managed,0.094951,0.333077,slower
"np.fmin(a, b) (float64)",Logic,float64,10000000,,31.011526,26.745237,available,,not_measured,managed,26.745237,1.159516,faster
"np.isclose(a, b) (float16)",Logic,float16,1000,,0.02951,0.096863,available,,not_measured,managed,0.096863,0.304657,much_slower
"np.isclose(a, b) (float16)",Logic,float16,100000,,1.758162,1.001196,available,,not_measured,managed,1.001196,1.756062,faster
"np.isclose(a, b) (float32)",Logic,float32,1000,,0.011541,0.067485,available,,not_measured,managed,0.067485,0.171016,much_slower
"np.isclose(a, b) (float32)",Logic,float32,100000,,0.377016,0.525524,available,,not_measured,managed,0.525524,0.71741,slower
"np.isclose(a, b) (float64)",Logic,float64,1000,,0.011346,0.064457,available,,not_measured,managed,0.064457,0.176024,much_slower
"np.isclose(a, b) (float64)",Logic,float64,100000,,0.643942,0.470781,available,,not_measured,managed,0.470781,1.367816,faster
np.iscomplex(a) (float16),Logic,float16,1000,,0.000434,0.001465,available,,not_measured,managed,0.001465,0.296246,negligible
np.iscomplex(a) (float16),Logic,float16,100000,,0.001718,0.002744,available,,not_measured,managed,0.002744,0.626093,slower
np.iscomplex(a) (float16),Logic,float16,10000000,,0.018228,0.006909,available,,not_measured,managed,0.006909,2.638298,faster
np.iscomplex(a) (float32),Logic,float32,1000,,0.00045,0.001635,available,,not_measured,managed,0.001635,0.275229,negligible
np.iscomplex(a) (float32),Logic,float32,100000,,0.001663,0.002914,available,,not_measured,managed,0.002914,0.570693,slower
np.iscomplex(a) (float32),Logic,float32,10000000,,0.018901,0.008971,available,,not_measured,managed,0.008971,2.1069,faster
np.iscomplex(a) (float64),Logic,float64,1000,,0.000437,0.000974,available,,not_measured,managed,0.000974,0.448665,negligible
np.iscomplex(a) (float64),Logic,float64,100000,,0.001766,0.002757,available,,not_measured,managed,0.002757,0.640551,slower
np.iscomplex(a) (float64),Logic,float64,10000000,,0.017055,0.008737,available,,not_measured,managed,0.008737,1.952043,faster
np.iscomplexobj(a) (float16),Logic,float16,1000,,0.00018,0.0,available,,not_measured,managed,0.0,,no_data
np.iscomplexobj(a) (float16),Logic,float16,100000,,0.000185,0.0,available,,not_measured,managed,0.0,,no_data
np.iscomplexobj(a) (float16),Logic,float16,10000000,,0.00027,0.0,available,,not_measured,managed,0.0,,no_data
np.iscomplexobj(a) (float32),Logic,float32,1000,,0.00018,0.0,available,,not_measured,managed,0.0,,no_data
np.iscomplexobj(a) (float32),Logic,float32,100000,,0.000177,0.0,available,,not_measured,managed,0.0,,no_data
np.iscomplexobj(a) (float32),Logic,float32,10000000,,0.000318,0.0,available,,not_measured,managed,0.0,,no_data
np.iscomplexobj(a) (float64),Logic,float64,1000,,0.000182,0.0,available,,not_measured,managed,0.0,,no_data
np.iscomplexobj(a) (float64),Logic,float64,100000,,0.000181,0.0,available,,not_measured,managed,0.0,,no_data
np.iscomplexobj(a) (float64),Logic,float64,10000000,,0.000269,0.0,available,,not_measured,managed,0.0,,no_data
np.isfinite(a) (float16),Logic,float16,1000,,0.000818,0.001362,available,,not_measured,managed,0.001362,0.600587,negligible
np.isfinite(a) (float16),Logic,float16,100000,,0.04733,0.051623,available,,not_measured,managed,0.051623,0.916839,close
np.isfinite(a) (float16),Logic,float16,10000000,,5.945664,4.944791,available,,not_measured,managed,4.944791,1.20241,faster
np.isfinite(a) (float32),Logic,float32,1000,,0.000372,0.001529,available,,not_measured,managed,0.001529,0.243296,negligible
np.isfinite(a) (float32),Logic,float32,100000,,0.005074,0.047192,available,,not_measured,managed,0.047192,0.107518,much_slower
np.isfinite(a) (float32),Logic,float32,10000000,,6.140176,5.968336,available,,not_measured,managed,5.968336,1.028792,close
np.isfinite(a) (float64),Logic,float64,1000,,0.000413,0.001578,available,,not_measured,managed,0.001578,0.261724,negligible
np.isfinite(a) (float64),Logic,float64,100000,,0.009909,0.051405,available,,not_measured,managed,0.051405,0.192763,much_slower
np.isfinite(a) (float64),Logic,float64,10000000,,10.480462,9.272429,available,,not_measured,managed,9.272429,1.130282,faster
np.isfortran(a) (float16),Logic,float16,1000,,9.9e-05,1e-06,available,,not_measured,managed,1e-06,99.0,negligible
np.isfortran(a) (float16),Logic,float16,100000,,0.000102,0.0,available,,not_measured,managed,0.0,,no_data
np.isfortran(a) (float16),Logic,float16,10000000,,0.000149,1e-06,available,,not_measured,managed,1e-06,149.0,negligible
np.isfortran(a) (float32),Logic,float32,1000,,9.9e-05,0.0,available,,not_measured,managed,0.0,,no_data
np.isfortran(a) (float32),Logic,float32,100000,,9.9e-05,1e-06,available,,not_measured,managed,1e-06,99.0,negligible
np.isfortran(a) (float32),Logic,float32,10000000,,0.000138,0.0,available,,not_measured,managed,0.0,,no_data
np.isfortran(a) (float64),Logic,float64,1000,,9.8e-05,0.0,available,,not_measured,managed,0.0,,no_data
np.isfortran(a) (float64),Logic,float64,100000,,0.000112,0.0,available,,not_measured,managed,0.0,,no_data
np.isfortran(a) (float64),Logic,float64,10000000,,0.000196,0.0,available,,not_measured,managed,0.0,,no_data
np.isinf(a) (float16),Logic,float16,1000,,0.000906,0.001277,available,,not_measured,managed,0.001277,0.709475,negligible
np.isinf(a) (float16),Logic,float16,100000,,0.051224,0.049418,available,,not_measured,managed,0.049418,1.036545,close
np.isinf(a) (float16),Logic,float16,10000000,,6.082544,4.964466,available,,not_measured,managed,4.964466,1.225216,faster
np.isinf(a) (float32),Logic,float32,1000,,0.000374,0.001778,available,,not_measured,managed,0.001778,0.210349,negligible
np.isinf(a) (float32),Logic,float32,100000,,0.005258,0.0508,available,,not_measured,managed,0.0508,0.103504,much_slower
np.isinf(a) (float32),Logic,float32,10000000,,6.155742,6.465976,available,,not_measured,managed,6.465976,0.952021,close
np.isinf(a) (float64),Logic,float64,1000,,0.000431,0.001776,available,,not_measured,managed,0.001776,0.24268,negligible
np.isinf(a) (float64),Logic,float64,100000,,0.010005,0.05869,available,,not_measured,managed,0.05869,0.170472,much_slower
np.isinf(a) (float64),Logic,float64,10000000,,10.933976,9.480354,available,,not_measured,managed,9.480354,1.15333,faster
np.isnan(a) (float16),Logic,float16,1000,,0.001018,0.001436,available,,not_measured,managed,0.001436,0.708914,slower
np.isnan(a) (float16),Logic,float16,100000,,0.06803,0.052313,available,,not_measured,managed,0.052313,1.300442,faster
np.isnan(a) (float16),Logic,float16,10000000,,7.879552,5.36133,available,,not_measured,managed,5.36133,1.469701,faster
np.isnan(a) (float32),Logic,float32,1000,,0.000361,0.001569,available,,not_measured,managed,0.001569,0.230083,negligible
np.isnan(a) (float32),Logic,float32,100000,,0.004041,0.053082,available,,not_measured,managed,0.053082,0.076128,much_slower
np.isnan(a) (float32),Logic,float32,10000000,,5.629496,6.3274,available,,not_measured,managed,6.3274,0.889701,close
np.isnan(a) (float64),Logic,float64,1000,,0.000399,0.001951,available,,not_measured,managed,0.001951,0.204511,negligible
np.isnan(a) (float64),Logic,float64,100000,,0.008535,0.052165,available,,not_measured,managed,0.052165,0.163615,much_slower
np.isnan(a) (float64),Logic,float64,10000000,,10.04348,9.329123,available,,not_measured,managed,9.329123,1.076573,faster
np.isreal(a) (float16),Logic,float16,1000,,0.001896,0.000878,available,,not_measured,managed,0.000878,2.159453,negligible
np.isreal(a) (float16),Logic,float16,100000,,0.076904,0.002822,available,,not_measured,managed,0.002822,27.251595,negligible
np.isreal(a) (float16),Logic,float16,10000000,,20.474854,0.316823,available,,not_measured,managed,0.316823,64.625529,negligible
np.isreal(a) (float32),Logic,float32,1000,,0.001118,0.001318,available,,not_measured,managed,0.001318,0.848255,close
np.isreal(a) (float32),Logic,float32,100000,,0.00849,0.00281,available,,not_measured,managed,0.00281,3.021352,faster
np.isreal(a) (float32),Logic,float32,10000000,,10.81857,0.341768,available,,not_measured,managed,0.341768,31.654719,negligible
np.isreal(a) (float64),Logic,float64,1000,,0.001186,0.001949,available,,not_measured,managed,0.001949,0.608517,slower
np.isreal(a) (float64),Logic,float64,100000,,0.015608,0.002592,available,,not_measured,managed,0.002592,6.021605,faster
np.isreal(a) (float64),Logic,float64,10000000,,19.679088,0.320444,available,,not_measured,managed,0.320444,61.411941,negligible
np.isrealobj(a) (float16),Logic,float16,1000,,0.000272,0.0,available,,not_measured,managed,0.0,,no_data
np.isrealobj(a) (float16),Logic,float16,100000,,0.000271,0.0,available,,not_measured,managed,0.0,,no_data
np.isrealobj(a) (float16),Logic,float16,10000000,,0.000417,0.0,available,,not_measured,managed,0.0,,no_data
np.isrealobj(a) (float32),Logic,float32,1000,,0.000274,0.0,available,,not_measured,managed,0.0,,no_data
np.isrealobj(a) (float32),Logic,float32,100000,,0.00028,0.0,available,,not_measured,managed,0.0,,no_data
np.isrealobj(a) (float32),Logic,float32,10000000,,0.000415,0.0,available,,not_measured,managed,0.0,,no_data
np.isrealobj(a) (float64),Logic,float64,1000,,0.000277,1e-06,available,,not_measured,managed,1e-06,277.0,negligible
np.isrealobj(a) (float64),Logic,float64,100000,,0.000276,0.0,available,,not_measured,managed,0.0,,no_data
np.isrealobj(a) (float64),Logic,float64,10000000,,0.000408,0.0,available,,not_measured,managed,0.0,,no_data
np.isscalar(a) (float16),Logic,float16,1000,,0.000478,1e-06,available,,not_measured,managed,1e-06,478.0,negligible
np.isscalar(a) (float16),Logic,float16,100000,,0.000479,1e-06,available,,not_measured,managed,1e-06,479.0,negligible
np.isscalar(a) (float16),Logic,float16,10000000,,0.0006,1e-06,available,,not_measured,managed,1e-06,600.0,negligible
np.isscalar(a) (float32),Logic,float32,1000,,0.000474,1e-06,available,,not_measured,managed,1e-06,474.0,negligible
np.isscalar(a) (float32),Logic,float32,100000,,0.00052,1e-06,available,,not_measured,managed,1e-06,520.0,negligible
np.isscalar(a) (float32),Logic,float32,10000000,,0.000606,1e-06,available,,not_measured,managed,1e-06,606.0,negligible
np.isscalar(a) (float64),Logic,float64,1000,,0.000474,1e-06,available,,not_measured,managed,1e-06,474.0,negligible
np.isscalar(a) (float64),Logic,float64,100000,,0.000477,1e-06,available,,not_measured,managed,1e-06,477.0,negligible
np.isscalar(a) (float64),Logic,float64,10000000,,0.000605,1e-06,available,,not_measured,managed,1e-06,605.0,negligible
"np.logical_and(a, b) (bool)",Logic,bool,1000,,0.00035,,not_measured,,not_measured,,,,no_data
"np.logical_and(a, b) (bool)",Logic,bool,100000,,0.002365,,not_measured,,not_measured,,,,no_data
"np.logical_and(a, b) (bool)",Logic,bool,10000000,,2.767404,,not_measured,,not_measured,,,,no_data
np.logical_not(a) (bool),Logic,bool,1000,,0.000322,,not_measured,,not_measured,,,,no_data
np.logical_not(a) (bool),Logic,bool,100000,,0.001957,,not_measured,,not_measured,,,,no_data
np.logical_not(a) (bool),Logic,bool,10000000,,2.290272,,not_measured,,not_measured,,,,no_data
"np.logical_or(a, b) (bool)",Logic,bool,1000,,0.000349,,not_measured,,not_measured,,,,no_data
"np.logical_or(a, b) (bool)",Logic,bool,100000,,0.002315,,not_measured,,not_measured,,,,no_data
"np.logical_or(a, b) (bool)",Logic,bool,10000000,,2.712646,,not_measured,,not_measured,,,,no_data
"np.logical_xor(a, b) (bool)",Logic,bool,1000,,0.000354,,not_measured,,not_measured,,,,no_data
"np.logical_xor(a, b) (bool)",Logic,bool,100000,,0.00241,,not_measured,,not_measured,,,,no_data
"np.logical_xor(a, b) (bool)",Logic,bool,10000000,,2.710998,,not_measured,,not_measured,,,,no_data
"np.maximum(a, b) (float16)",Logic,float16,1000,,0.002858,0.003598,available,,not_measured,managed,0.003598,0.79433,slower
"np.maximum(a, b) (float16)",Logic,float16,100000,,0.760812,0.880934,available,,not_measured,managed,0.880934,0.863642,close
"np.maximum(a, b) (float16)",Logic,float16,10000000,,97.760766,89.728308,available,,not_measured,managed,89.728308,1.08952,faster
"np.maximum(a, b) (float32)",Logic,float32,1000,,0.000442,0.001399,available,,not_measured,managed,0.001399,0.31594,negligible
"np.maximum(a, b) (float32)",Logic,float32,100000,,0.006823,0.04823,available,,not_measured,managed,0.04823,0.141468,much_slower
"np.maximum(a, b) (float32)",Logic,float32,10000000,,15.408472,11.826635,available,,not_measured,managed,11.826635,1.302862,faster
"np.maximum(a, b) (float64)",Logic,float64,1000,,0.000502,0.001919,available,,not_measured,managed,0.001919,0.261595,negligible
"np.maximum(a, b) (float64)",Logic,float64,100000,,0.028748,0.100597,available,,not_measured,managed,0.100597,0.285774,much_slower
"np.maximum(a, b) (float64)",Logic,float64,10000000,,30.906474,27.732485,available,,not_measured,managed,27.732485,1.11445,faster
"np.minimum(a, b) (float16)",Logic,float16,1000,,0.00322,0.003677,available,,not_measured,managed,0.003677,0.875714,close
"np.minimum(a, b) (float16)",Logic,float16,100000,,0.757584,0.876089,available,,not_measured,managed,0.876089,0.864734,close
"np.minimum(a, b) (float16)",Logic,float16,10000000,,96.328634,89.547167,available,,not_measured,managed,89.547167,1.075731,faster
"np.minimum(a, b) (float32)",Logic,float32,1000,,0.000414,0.001183,available,,not_measured,managed,0.001183,0.349958,negligible
"np.minimum(a, b) (float32)",Logic,float32,100000,,0.007395,0.048334,available,,not_measured,managed,0.048334,0.152998,much_slower
"np.minimum(a, b) (float32)",Logic,float32,10000000,,15.328774,11.810157,available,,not_measured,managed,11.810157,1.297931,faster
"np.minimum(a, b) (float64)",Logic,float64,1000,,0.000485,0.001755,available,,not_measured,managed,0.001755,0.276353,negligible
"np.minimum(a, b) (float64)",Logic,float64,100000,,0.024826,0.097692,available,,not_measured,managed,0.097692,0.254125,much_slower
"np.minimum(a, b) (float64)",Logic,float64,10000000,,30.6448,26.052402,available,,not_measured,managed,26.052402,1.176275,faster
a.T (transpose 2D),Manipulation,float64,1000,,8.2e-05,0.000352,available,,not_measured,managed,0.000352,0.232955,negligible
a.T (transpose 2D),Manipulation,float64,100000,,8.1e-05,0.000354,available,,not_measured,managed,0.000354,0.228814,negligible
a.T (transpose 2D),Manipulation,float64,10000000,,0.000115,0.000229,available,,not_measured,managed,0.000229,0.502183,negligible
a.flatten,Manipulation,float64,1000,,0.000438,0.001719,available,,not_measured,managed,0.001719,0.254799,negligible
a.flatten,Manipulation,float64,100000,,0.011365,0.090234,available,,not_measured,managed,0.090234,0.12595,much_slower
a.flatten,Manipulation,float64,10000000,,17.25878,14.234102,available,,not_measured,managed,14.234102,1.212495,faster
a.ravel() (view),Manipulation,float64,1000,,7.7e-05,0.000445,available,,not_measured,managed,0.000445,0.173034,negligible
a.ravel() (view),Manipulation,float64,100000,,7.9e-05,0.000466,available,,not_measured,managed,0.000466,0.169528,negligible
a.ravel() (view),Manipulation,float64,10000000,,0.000107,0.000534,available,,not_measured,managed,0.000534,0.200375,negligible
"np.append(a, b) (float64)",Manipulation,float64,1000,,0.001491,0.007487,available,,not_measured,managed,0.007487,0.199145,much_slower
"np.append(a, b) (float64)",Manipulation,float64,100000,,0.40777,0.289999,available,,not_measured,managed,0.289999,1.406108,faster
"np.array_split(a, sections) (float64)",Manipulation,float64,1000,,0.006534,0.00124,available,,not_measured,managed,0.00124,5.269355,faster
"np.array_split(a, sections) (float64)",Manipulation,float64,100000,,0.016942,0.001183,available,,not_measured,managed,0.001183,14.321217,faster
np.atleast_1d(a) (float64),Manipulation,float64,1000,,0.00019,1e-06,available,,not_measured,managed,1e-06,190.0,negligible
np.atleast_1d(a) (float64),Manipulation,float64,100000,,0.000296,1e-06,available,,not_measured,managed,1e-06,296.0,negligible
np.atleast_2d(a) (float64),Manipulation,float64,1000,,0.000413,0.000309,available,,not_measured,managed,0.000309,1.33657,negligible
np.atleast_2d(a) (float64),Manipulation,float64,100000,,0.000669,0.000415,available,,not_measured,managed,0.000415,1.612048,negligible
np.atleast_3d(a) (float64),Manipulation,float64,1000,,0.000429,0.000645,available,,not_measured,managed,0.000645,0.665116,negligible
np.atleast_3d(a) (float64),Manipulation,float64,100000,,0.000715,0.000639,available,,not_measured,managed,0.000639,1.118936,negligible
"np.block([a, b]) (float64)",Manipulation,float64,1000,,0.003189,0.010463,available,,not_measured,managed,0.010463,0.304788,much_slower
"np.block([a, b]) (float64)",Manipulation,float64,100000,,0.423924,0.307728,available,,not_measured,managed,0.307728,1.377593,faster
"np.broadcast_arrays(a, b) (float64)",Manipulation,float64,1000,,0.003158,0.000559,available,,not_measured,managed,0.000559,5.649374,negligible
"np.broadcast_arrays(a, b) (float64)",Manipulation,float64,100000,,0.008588,0.00061,available,,not_measured,managed,0.00061,14.078689,negligible
np.byteswap,Manipulation,float64,1000,,0.000696,0.001652,available,,not_measured,managed,0.001652,0.421308,negligible
np.byteswap,Manipulation,float64,100000,,0.033806,0.137372,available,,not_measured,managed,0.137372,0.246091,much_slower
np.byteswap,Manipulation,float64,10000000,,26.735004,14.739052,available,,not_measured,managed,14.739052,1.813889,faster
np.c_,Manipulation,float64,1000,,0.004156,0.01017,available,,not_measured,managed,0.01017,0.408653,slower
np.c_,Manipulation,float64,100000,,0.317202,0.308493,available,,not_measured,managed,0.308493,1.028231,close
np.c_,Manipulation,float64,10000000,,65.79013,39.93098,available,,not_measured,managed,39.93098,1.647596,faster
"np.column_stack((a, b)) (float64)",Manipulation,float64,1000,,0.002096,0.011059,available,,not_measured,managed,0.011059,0.189529,much_slower
"np.column_stack((a, b)) (float64)",Manipulation,float64,100000,,0.483384,0.307778,available,,not_measured,managed,0.307778,1.570561,faster
"np.concat((a, b)) (float64)",Manipulation,float64,1000,,0.000825,0.006643,available,,not_measured,managed,0.006643,0.124191,negligible
"np.concat((a, b)) (float64)",Manipulation,float64,100000,,0.43414,0.307854,available,,not_measured,managed,0.307854,1.410214,faster
"np.concatenate([a, b, c]) (float64)",Manipulation,float64,1000,,0.00121,0.013925,available,,not_measured,managed,0.013925,0.086894,much_slower
"np.concatenate([a, b, c]) (float64)",Manipulation,float64,100000,,0.452206,0.469389,available,,not_measured,managed,0.469389,0.963393,close
"np.concatenate([a, b]) (float64)",Manipulation,float64,1000,,0.000903,0.008252,available,,not_measured,managed,0.008252,0.109428,negligible
"np.concatenate([a, b]) (float64)",Manipulation,float64,100000,,0.326312,0.313272,available,,not_measured,managed,0.313272,1.041625,close
"np.concatenate([a, b], axis=0) (float64)",Manipulation,float64,1000,,0.000915,0.005768,available,,not_measured,managed,0.005768,0.158634,negligible
"np.concatenate([a, b], axis=0) (float64)",Manipulation,float64,100000,,0.308044,0.308383,available,,not_measured,managed,0.308383,0.998901,close
"np.concatenate([a, b], axis=1) (float64)",Manipulation,float64,1000,,0.001135,0.004232,available,,not_measured,managed,0.004232,0.268195,much_slower
"np.concatenate([a, b], axis=1) (float64)",Manipulation,float64,100000,,0.289544,0.297517,available,,not_measured,managed,0.297517,0.973202,close
"np.delete(a, index) (float64)",Manipulation,float64,1000,,0.002018,0.005446,available,,not_measured,managed,0.005446,0.370547,slower
"np.delete(a, index) (float64)",Manipulation,float64,100000,,0.026386,0.103177,available,,not_measured,managed,0.103177,0.255735,much_slower
np.diag,Manipulation,float64,1000,,0.000721,0.007041,available,,not_measured,managed,0.007041,0.1024,negligible
np.diag,Manipulation,float64,100000,,0.000743,0.079589,available,,not_measured,managed,0.079589,0.009335,negligible
np.diag,Manipulation,float64,10000000,,0.001397,3.998121,available,,not_measured,managed,3.998121,0.000349,much_slower
np.diagflat,Manipulation,float64,1000,,0.002839,0.00711,available,,not_measured,managed,0.00711,0.399297,slower
np.diagflat,Manipulation,float64,100000,,0.014015,0.080367,available,,not_measured,managed,0.080367,0.174387,much_slower
np.diagflat,Manipulation,float64,10000000,,4.918758,3.87391,available,,not_measured,managed,3.87391,1.269714,faster
"np.dsplit(a, sections) (float64)",Manipulation,float64,1000,,0.009011,0.001819,available,,not_measured,managed,0.001819,4.953821,faster
"np.dsplit(a, sections) (float64)",Manipulation,float64,100000,,0.021676,0.002546,available,,not_measured,managed,0.002546,8.513747,faster
"np.dstack([a, b]) (float64)",Manipulation,float64,1000,,0.00242,0.007455,available,,not_measured,managed,0.007455,0.324614,much_slower
"np.dstack([a, b]) (float64)",Manipulation,float64,100000,,0.30106,0.299441,available,,not_measured,managed,0.299441,1.005407,close
"np.expand_dims(a, axis=-1) (float64)",Manipulation,float64,1000,,0.00121,0.000329,available,,not_measured,managed,0.000329,3.677812,negligible
"np.expand_dims(a, axis=-1) (float64)",Manipulation,float64,100000,,0.001476,0.000331,available,,not_measured,managed,0.000331,4.459215,negligible
"np.expand_dims(a, axis=-1) (float64)",Manipulation,float64,10000000,,0.002665,0.000342,available,,not_measured,managed,0.000342,7.792398,negligible
"np.expand_dims(a, axis=0) (float64)",Manipulation,float64,1000,,0.001594,0.000353,available,,not_measured,managed,0.000353,4.515581,negligible
"np.expand_dims(a, axis=0) (float64)",Manipulation,float64,100000,,0.001147,0.000317,available,,not_measured,managed,0.000317,3.618297,negligible
"np.expand_dims(a, axis=0) (float64)",Manipulation,float64,10000000,,0.003219,0.000329,available,,not_measured,managed,0.000329,9.784195,negligible
"np.expand_dims(a2D, axis=1) (float64)",Manipulation,float64,1000,,0.001285,0.000337,available,,not_measured,managed,0.000337,3.813056,negligible
"np.expand_dims(a2D, axis=1) (float64)",Manipulation,float64,100000,,0.001291,0.000316,available,,not_measured,managed,0.000316,4.085443,negligible
"np.expand_dims(a2D, axis=1) (float64)",Manipulation,float64,10000000,,0.002749,0.000345,available,,not_measured,managed,0.000345,7.968116,negligible
np.fill_diagonal,Manipulation,float64,1000,,0.000748,0.001856,available,,not_measured,managed,0.001856,0.403017,negligible
np.fill_diagonal,Manipulation,float64,100000,,0.002345,0.002632,available,,not_measured,managed,0.002632,0.890957,close
np.fill_diagonal,Manipulation,float64,10000000,,0.064926,0.038604,available,,not_measured,managed,0.038604,1.681846,faster
np.flip,Manipulation,float64,1000,,0.000382,0.000258,available,,not_measured,managed,0.000258,1.48062,negligible
np.flip,Manipulation,float64,100000,,0.000383,0.00025,available,,not_measured,managed,0.00025,1.532,negligible
np.flip,Manipulation,float64,10000000,,0.000588,0.000209,available,,not_measured,managed,0.000209,2.813397,negligible
np.fliplr,Manipulation,float64,1000,,0.000316,0.000267,available,,not_measured,managed,0.000267,1.183521,negligible
np.fliplr,Manipulation,float64,100000,,0.000313,0.00025,available,,not_measured,managed,0.00025,1.252,negligible
np.fliplr,Manipulation,float64,10000000,,0.000442,0.00027,available,,not_measured,managed,0.00027,1.637037,negligible
np.flipud,Manipulation,float64,1000,,0.000279,0.000253,available,,not_measured,managed,0.000253,1.102767,negligible
np.flipud,Manipulation,float64,100000,,0.000277,0.000274,available,,not_measured,managed,0.000274,1.010949,negligible
np.flipud,Manipulation,float64,10000000,,0.000385,0.000262,available,,not_measured,managed,0.000262,1.469466,negligible
"np.hsplit(a, sections) (float64)",Manipulation,float64,1000,,0.008929,0.002756,available,,not_measured,managed,0.002756,3.23984,faster
"np.hsplit(a, sections) (float64)",Manipulation,float64,100000,,0.025304,0.002795,available,,not_measured,managed,0.002795,9.053309,faster
"np.hstack([a, b]) (float64)",Manipulation,float64,1000,,0.00153,0.003067,available,,not_measured,managed,0.003067,0.498859,slower
"np.hstack([a, b]) (float64)",Manipulation,float64,100000,,0.321552,0.304397,available,,not_measured,managed,0.304397,1.056357,faster
"np.insert(a, index, value) (float64)",Manipulation,float64,1000,,0.005744,0.008545,available,,not_measured,managed,0.008545,0.672206,slower
"np.insert(a, index, value) (float64)",Manipulation,float64,100000,,0.03742,0.100395,available,,not_measured,managed,0.100395,0.372728,slower
"np.intersect1d(a, b) (int32)",Manipulation,int32,1000,,0.040552,0.041496,available,,not_measured,managed,0.041496,0.977251,close
"np.intersect1d(a, b) (int32)",Manipulation,int32,100000,,7.651718,9.605968,available,,not_measured,managed,9.605968,0.796559,slower
"np.isin(a, b) (int32)",Manipulation,int32,1000,,0.01655,0.040225,available,,not_measured,managed,0.040225,0.411436,slower
"np.isin(a, b) (int32)",Manipulation,int32,100000,,0.420888,1.02254,available,,not_measured,managed,1.02254,0.41161,slower
np.ix_,Manipulation,float64,1000,,0.001721,0.00094,available,,not_measured,managed,0.00094,1.830851,negligible
np.ix_,Manipulation,float64,100000,,0.001741,0.001197,available,,not_measured,managed,0.001197,1.45447,faster
np.ix_,Manipulation,float64,10000000,,0.003783,0.001205,available,,not_measured,managed,0.001205,3.139419,faster
np.matrix_transpose,Manipulation,float64,1000,,0.000546,0.000427,available,,not_measured,managed,0.000427,1.278689,negligible
np.matrix_transpose,Manipulation,float64,100000,,0.000536,0.000312,available,,not_measured,managed,0.000312,1.717949,negligible
np.matrix_transpose,Manipulation,float64,10000000,,0.000811,0.00034,available,,not_measured,managed,0.00034,2.385294,negligible
"np.moveaxis(a, 0, -1) (float64)",Manipulation,float64,1000,,0.002002,0.000884,available,,not_measured,managed,0.000884,2.264706,negligible
"np.moveaxis(a, 0, -1) (float64)",Manipulation,float64,100000,,0.00202,0.000873,available,,not_measured,managed,0.000873,2.31386,negligible
"np.moveaxis(a, 0, -1) (float64)",Manipulation,float64,10000000,,0.003921,0.000969,available,,not_measured,managed,0.000969,4.04644,negligible
"np.pad(a, width) (float64)",Manipulation,float64,1000,,0.007934,0.007935,available,,not_measured,managed,0.007935,0.999874,close
"np.pad(a, width) (float64)",Manipulation,float64,100000,,0.045228,0.107978,available,,not_measured,managed,0.107978,0.418863,slower
np.permute_dims,Manipulation,float64,1000,,0.000336,0.000338,available,,not_measured,managed,0.000338,0.994083,negligible
np.permute_dims,Manipulation,float64,100000,,0.000336,0.000335,available,,not_measured,managed,0.000335,1.002985,negligible
np.permute_dims,Manipulation,float64,10000000,,0.000442,0.000341,available,,not_measured,managed,0.000341,1.296188,negligible
np.r_,Manipulation,float64,1000,,0.002695,0.007625,available,,not_measured,managed,0.007625,0.353443,slower
np.r_,Manipulation,float64,100000,,0.317958,0.305616,available,,not_measured,managed,0.305616,1.040384,close
np.r_,Manipulation,float64,10000000,,35.742068,27.931167,available,,not_measured,managed,27.931167,1.279648,faster
np.r_(0:1:Nj),Manipulation,float64,1000,,0.005597,0.003622,available,,not_measured,managed,0.003622,1.545279,faster
np.r_(0:1:Nj),Manipulation,float64,100000,,0.349812,0.203857,available,,not_measured,managed,0.203857,1.715968,faster
np.r_(0:1:Nj),Manipulation,float64,10000000,,54.418616,31.934142,available,,not_measured,managed,31.934142,1.704089,faster
np.r_(0:N),Manipulation,float64,1000,,0.002386,0.00873,available,,not_measured,managed,0.00873,0.27331,much_slower
np.r_(0:N),Manipulation,float64,100000,,0.319826,0.18485,available,,not_measured,managed,0.18485,1.730192,faster
np.r_(0:N),Manipulation,float64,10000000,,34.854236,27.785898,available,,not_measured,managed,27.785898,1.254386,faster
"np.r_(a, 0, 0, b)",Manipulation,float64,1000,,0.004106,0.009418,available,,not_measured,managed,0.009418,0.435974,slower
"np.r_(a, 0, 0, b)",Manipulation,float64,100000,,0.31964,0.308641,available,,not_measured,managed,0.308641,1.035637,close
"np.r_(a, 0, 0, b)",Manipulation,float64,10000000,,35.818112,27.476077,available,,not_measured,managed,27.476077,1.303611,faster
np.ravel,Manipulation,float64,1000,,0.000298,0.000479,available,,not_measured,managed,0.000479,0.622129,negligible
np.ravel,Manipulation,float64,100000,,0.000301,0.000503,available,,not_measured,managed,0.000503,0.59841,negligible
np.ravel,Manipulation,float64,10000000,,0.000379,0.000555,available,,not_measured,managed,0.000555,0.682883,negligible
"np.repeat(a, repeats) (float64)",Manipulation,float64,1000,,0.002638,0.003686,available,,not_measured,managed,0.003686,0.715681,slower
"np.repeat(a, repeats) (float64)",Manipulation,float64,100000,,0.852382,0.311641,available,,not_measured,managed,0.311641,2.735141,faster
"np.reshape(a, shape)",Manipulation,float64,1000,,0.000567,0.000506,available,,not_measured,managed,0.000506,1.120553,negligible
"np.reshape(a, shape)",Manipulation,float64,100000,,0.000541,0.000491,available,,not_measured,managed,0.000491,1.101833,negligible
"np.reshape(a, shape)",Manipulation,float64,10000000,,0.001352,0.000519,available,,not_measured,managed,0.000519,2.60501,negligible
"np.resize(a, shape) (float64)",Manipulation,float64,1000,,0.002151,0.007989,available,,not_measured,managed,0.007989,0.269245,much_slower
"np.resize(a, shape) (float64)",Manipulation,float64,100000,,0.430042,0.304493,available,,not_measured,managed,0.304493,1.412321,faster
"np.roll(a, shift) (float64)",Manipulation,float64,1000,,0.004134,0.011364,available,,not_measured,managed,0.011364,0.36378,slower
"np.roll(a, shift) (float64)",Manipulation,float64,100000,,0.03518,0.099071,available,,not_measured,managed,0.099071,0.355099,slower
"np.rollaxis(a, 2) (float64)",Manipulation,float64,1000,,0.000561,0.000477,available,,not_measured,managed,0.000477,1.176101,negligible
"np.rollaxis(a, 2) (float64)",Manipulation,float64,100000,,0.000578,0.000325,available,,not_measured,managed,0.000325,1.778462,negligible
"np.rollaxis(a, 2) (float64)",Manipulation,float64,10000000,,0.001312,0.000458,available,,not_measured,managed,0.000458,2.864629,negligible
np.rot90,Manipulation,float64,1000,,0.003131,0.000553,available,,not_measured,managed,0.000553,5.661844,negligible
np.rot90,Manipulation,float64,100000,,0.003355,0.000524,available,,not_measured,managed,0.000524,6.402672,negligible
np.rot90,Manipulation,float64,10000000,,0.009226,0.000495,available,,not_measured,managed,0.000495,18.638384,negligible
"np.setdiff1d(a, b) (int32)",Manipulation,int32,1000,,0.052646,0.05017,available,,not_measured,managed,0.05017,1.049352,close
"np.setdiff1d(a, b) (int32)",Manipulation,int32,100000,,7.395776,9.378293,available,,not_measured,managed,9.378293,0.788606,slower
"np.setxor1d(a, b) (int32)",Manipulation,int32,1000,,0.039288,0.04678,available,,not_measured,managed,0.04678,0.839846,close
"np.setxor1d(a, b) (int32)",Manipulation,int32,100000,,7.34895,9.619999,available,,not_measured,managed,9.619999,0.763924,slower
np.size(a) (float64),Manipulation,float64,1000,,0.000167,0.0,available,,not_measured,managed,0.0,,no_data
np.size(a) (float64),Manipulation,float64,100000,,0.000264,0.0,available,,not_measured,managed,0.0,,no_data
"np.split(a, sections) (float64)",Manipulation,float64,1000,,0.008713,0.001835,available,,not_measured,managed,0.001835,4.748229,faster
"np.split(a, sections) (float64)",Manipulation,float64,100000,,0.020615,0.002685,available,,not_measured,managed,0.002685,7.67784,faster
np.squeeze(a) (float64),Manipulation,float64,1000,,0.000283,0.000223,available,,not_measured,managed,0.000223,1.269058,negligible
np.squeeze(a) (float64),Manipulation,float64,100000,,0.000283,0.000262,available,,not_measured,managed,0.000262,1.080153,negligible
np.squeeze(a) (float64),Manipulation,float64,10000000,,0.000392,0.000274,available,,not_measured,managed,0.000274,1.430657,negligible
"np.squeeze(a, axis=1) (float64)",Manipulation,float64,1000,,0.000309,0.000264,available,,not_measured,managed,0.000264,1.170455,negligible
"np.squeeze(a, axis=1) (float64)",Manipulation,float64,100000,,0.000311,0.000258,available,,not_measured,managed,0.000258,1.205426,negligible
"np.squeeze(a, axis=1) (float64)",Manipulation,float64,10000000,,0.000615,0.000261,available,,not_measured,managed,0.000261,2.356322,negligible
"np.stack([a, b]) (float64)",Manipulation,float64,1000,,0.001933,0.010002,available,,not_measured,managed,0.010002,0.193261,much_slower
"np.stack([a, b]) (float64)",Manipulation,float64,100000,,0.315244,0.303239,available,,not_measured,managed,0.303239,1.039589,close
"np.stack([a, b], axis=1) (float64)",Manipulation,float64,1000,,0.002338,0.005572,available,,not_measured,managed,0.005572,0.419598,slower
"np.stack([a, b], axis=1) (float64)",Manipulation,float64,100000,,0.31577,0.300665,available,,not_measured,managed,0.300665,1.050239,faster
"np.swapaxes(a, 0, 1) (float64)",Manipulation,float64,1000,,0.000368,0.000305,available,,not_measured,managed,0.000305,1.206557,negligible
"np.swapaxes(a, 0, 1) (float64)",Manipulation,float64,100000,,0.000366,0.000416,available,,not_measured,managed,0.000416,0.879808,negligible
"np.swapaxes(a, 0, 1) (float64)",Manipulation,float64,10000000,,0.000534,0.000305,available,,not_measured,managed,0.000305,1.75082,negligible
"np.swapaxes(a3D, 0, 2) (float64)",Manipulation,float64,1000,,0.000394,0.000447,available,,not_measured,managed,0.000447,0.881432,negligible
"np.swapaxes(a3D, 0, 2) (float64)",Manipulation,float64,100000,,0.000375,0.000454,available,,not_measured,managed,0.000454,0.825991,negligible
"np.swapaxes(a3D, 0, 2) (float64)",Manipulation,float64,10000000,,0.000541,0.000463,available,,not_measured,managed,0.000463,1.168467,negligible
"np.tile(a, reps) (float64)",Manipulation,float64,1000,,0.002466,0.011964,available,,not_measured,managed,0.011964,0.206118,much_slower
"np.tile(a, reps) (float64)",Manipulation,float64,100000,,0.420846,0.310505,available,,not_measured,managed,0.310505,1.35536,faster
np.transpose(a),Manipulation,float64,1000,,0.000329,0.000391,available,,not_measured,managed,0.000391,0.841432,negligible
np.transpose(a),Manipulation,float64,100000,,0.000324,0.000377,available,,not_measured,managed,0.000377,0.859416,negligible
np.transpose(a),Manipulation,float64,10000000,,0.000464,0.000384,available,,not_measured,managed,0.000384,1.208333,negligible
np.tri,Manipulation,float64,1000,,0.003068,0.002521,available,,not_measured,managed,0.002521,1.216977,faster
np.tri,Manipulation,float64,100000,,0.049018,0.101159,available,,not_measured,managed,0.101159,0.484564,slower
np.tri,Manipulation,float64,10000000,,20.25257,17.312117,available,,not_measured,managed,17.312117,1.169849,faster
np.tril,Manipulation,float64,1000,,0.004063,0.001791,available,,not_measured,managed,0.001791,2.268565,faster
np.tril,Manipulation,float64,100000,,0.05013,0.099538,available,,not_measured,managed,0.099538,0.503627,slower
np.tril,Manipulation,float64,10000000,,24.274756,19.902139,available,,not_measured,managed,19.902139,1.219706,faster
np.tril_indices,Manipulation,float64,1000,,0.010273,0.00409,available,,not_measured,managed,0.00409,2.511736,faster
np.tril_indices,Manipulation,float64,100000,,0.071088,0.111205,available,,not_measured,managed,0.111205,0.639252,slower
np.tril_indices,Manipulation,float64,10000000,,26.108572,11.580885,available,,not_measured,managed,11.580885,2.254454,faster
np.trim_zeros,Manipulation,float64,1000,,0.011705,0.011951,available,,not_measured,managed,0.011951,0.979416,close
np.trim_zeros,Manipulation,float64,100000,,0.97765,0.020218,available,,not_measured,managed,0.020218,48.355426,negligible
np.trim_zeros,Manipulation,float64,10000000,,189.731108,0.092445,available,,not_measured,managed,0.092445,2052.36744,negligible
np.triu,Manipulation,float64,1000,,0.004038,0.001909,available,,not_measured,managed,0.001909,2.115244,faster
np.triu,Manipulation,float64,100000,,0.0472,0.100648,available,,not_measured,managed,0.100648,0.468961,slower
np.triu,Manipulation,float64,10000000,,24.820638,19.706412,available,,not_measured,managed,19.706412,1.259521,faster
np.triu_indices,Manipulation,float64,1000,,0.010401,0.003966,available,,not_measured,managed,0.003966,2.622542,faster
np.triu_indices,Manipulation,float64,100000,,0.06945,0.102315,available,,not_measured,managed,0.102315,0.678786,slower
np.triu_indices,Manipulation,float64,10000000,,28.511892,11.769936,available,,not_measured,managed,11.769936,2.422434,faster
"np.union1d(a, b) (int32)",Manipulation,int32,1000,,0.023113,0.02012,available,,not_measured,managed,0.02012,1.148757,faster
"np.union1d(a, b) (int32)",Manipulation,int32,100000,,4.677272,5.640252,available,,not_measured,managed,5.640252,0.829266,close
np.unique(a) (int32),Manipulation,int32,1000,,0.0168,0.009162,available,,not_measured,managed,0.009162,1.833661,faster
np.unique(a) (int32),Manipulation,int32,100000,,2.917858,4.322097,available,,not_measured,managed,4.322097,0.675102,slower
np.unique_all(a) (int32),Manipulation,int32,1000,,0.035832,0.031318,available,,not_measured,managed,0.031318,1.144134,faster
np.unique_all(a) (int32),Manipulation,int32,100000,,7.429482,3.051409,available,,not_measured,managed,3.051409,2.434771,faster
np.unique_counts(a) (int32),Manipulation,int32,1000,,0.009761,0.014237,available,,not_measured,managed,0.014237,0.685608,slower
np.unique_counts(a) (int32),Manipulation,int32,100000,,1.197052,5.032465,available,,not_measured,managed,5.032465,0.237866,much_slower
np.unique_inverse(a) (int32),Manipulation,int32,1000,,0.02335,0.029687,available,,not_measured,managed,0.029687,0.78654,slower
np.unique_inverse(a) (int32),Manipulation,int32,100000,,5.508524,2.448216,available,,not_measured,managed,2.448216,2.250016,faster
np.unique_values(a) (int32),Manipulation,int32,1000,,0.016519,0.009072,available,,not_measured,managed,0.009072,1.820877,faster
np.unique_values(a) (int32),Manipulation,int32,100000,,4.685156,4.170732,available,,not_measured,managed,4.170732,1.123341,faster
np.unstack(a) (float64),Manipulation,float64,1000,,0.003107,0.002639,available,,not_measured,managed,0.002639,1.17734,faster
np.unstack(a) (float64),Manipulation,float64,100000,,0.006889,0.002789,available,,not_measured,managed,0.002789,2.470061,faster
"np.vsplit(a, sections) (float64)",Manipulation,float64,1000,,0.00902,0.001868,available,,not_measured,managed,0.001868,4.828694,faster
"np.vsplit(a, sections) (float64)",Manipulation,float64,100000,,0.021401,0.001944,available,,not_measured,managed,0.001944,11.008745,faster
"np.vstack([a, b]) (float64)",Manipulation,float64,1000,,0.001909,0.006747,available,,not_measured,managed,0.006747,0.282941,much_slower
"np.vstack([a, b]) (float64)",Manipulation,float64,100000,,0.323112,0.294118,available,,not_measured,managed,0.294118,1.098579,faster
reshape 1D->2D,Manipulation,float64,1000,,0.000144,0.000612,available,,not_measured,managed,0.000612,0.235294,negligible
reshape 1D->2D,Manipulation,float64,100000,,0.000139,0.000506,available,,not_measured,managed,0.000506,0.274704,negligible
reshape 1D->2D,Manipulation,float64,10000000,,0.00018,0.000496,available,,not_measured,managed,0.000496,0.362903,negligible
reshape 1D->3D,Manipulation,float64,1000,,0.000151,0.000655,available,,not_measured,managed,0.000655,0.230534,negligible
reshape 1D->3D,Manipulation,float64,100000,,0.000152,0.000585,available,,not_measured,managed,0.000585,0.259829,negligible
reshape 1D->3D,Manipulation,float64,10000000,,0.000233,0.000568,available,,not_measured,managed,0.000568,0.410211,negligible
reshape 2D->1D,Manipulation,float64,1000,,0.000134,0.000552,available,,not_measured,managed,0.000552,0.242754,negligible
reshape 2D->1D,Manipulation,float64,100000,,0.000135,0.000517,available,,not_measured,managed,0.000517,0.261122,negligible
reshape 2D->1D,Manipulation,float64,10000000,,0.000166,0.000516,available,,not_measured,managed,0.000516,0.321705,negligible
a.all() [ndarray] (float64),NDArray,float64,1000,,0.001429,0.000751,available,,not_measured,managed,0.000751,1.902796,negligible
a.all() [ndarray] (float64),NDArray,float64,100000,,0.040504,0.015291,available,,not_measured,managed,0.015291,2.648878,faster
a.any() [ndarray] (float64),NDArray,float64,1000,,0.001621,0.001129,available,,not_measured,managed,0.001129,1.435784,faster
a.any() [ndarray] (float64),NDArray,float64,100000,,0.039714,0.000998,available,,not_measured,managed,0.000998,39.793587,negligible
a.argmax() [ndarray] (float64),NDArray,float64,1000,,0.000395,0.000844,available,,not_measured,managed,0.000844,0.468009,negligible
a.argmax() [ndarray] (float64),NDArray,float64,100000,,0.016171,0.056944,available,,not_measured,managed,0.056944,0.283981,much_slower
a.argmin() [ndarray] (float64),NDArray,float64,1000,,0.000376,0.000841,available,,not_measured,managed,0.000841,0.447087,negligible
a.argmin() [ndarray] (float64),NDArray,float64,100000,,0.015647,0.05698,available,,not_measured,managed,0.05698,0.274605,much_slower
a.argpartition(kth) [ndarray] (float64),NDArray,float64,1000,,0.00356,0.011995,available,,not_measured,managed,0.011995,0.29679,much_slower
a.argpartition(kth) [ndarray] (float64),NDArray,float64,100000,,0.141644,0.868179,available,,not_measured,managed,0.868179,0.163151,much_slower
a.argsort() [ndarray] (float64),NDArray,float64,1000,,0.009193,0.029586,available,,not_measured,managed,0.029586,0.310721,much_slower
a.argsort() [ndarray] (float64),NDArray,float64,100000,,1.406726,3.283661,available,,not_measured,managed,3.283661,0.428402,slower
a.choose(choices) [ndarray] (float64),NDArray,float64,1000,,0.004724,0.010877,available,,not_measured,managed,0.010877,0.434311,slower
a.choose(choices) [ndarray] (float64),NDArray,float64,100000,,0.574928,0.304137,available,,not_measured,managed,0.304137,1.890359,faster
"a.clip(min, max) [ndarray] (float64)",NDArray,float64,1000,,0.001008,0.003706,available,,not_measured,managed,0.003706,0.271991,much_slower
"a.clip(min, max) [ndarray] (float64)",NDArray,float64,100000,,0.012272,0.146257,available,,not_measured,managed,0.146257,0.083907,much_slower
a.compress(mask) [ndarray] (float64),NDArray,float64,1000,,0.001543,0.001856,available,,not_measured,managed,0.001856,0.831358,close
a.compress(mask) [ndarray] (float64),NDArray,float64,100000,,0.098068,0.145072,available,,not_measured,managed,0.145072,0.675995,slower
a.conj() [ndarray] (float64),NDArray,float64,1000,,5.8e-05,1e-06,available,,not_measured,managed,1e-06,58.0,negligible
a.conj() [ndarray] (float64),NDArray,float64,100000,,6.6e-05,2e-06,available,,not_measured,managed,2e-06,33.0,negligible
a.conjugate() [ndarray] (float64),NDArray,float64,1000,,5.9e-05,2e-06,available,,not_measured,managed,2e-06,29.5,negligible
a.conjugate() [ndarray] (float64),NDArray,float64,100000,,5.8e-05,3e-06,available,,not_measured,managed,3e-06,19.333333,negligible
a.cumprod() [ndarray] (float64),NDArray,float64,1000,,0.002925,0.005892,available,,not_measured,managed,0.005892,0.496436,slower
a.cumprod() [ndarray] (float64),NDArray,float64,100000,,0.1707,0.290484,available,,not_measured,managed,0.290484,0.58764,slower
a.cumsum() [ndarray] (float64),NDArray,float64,1000,,0.002232,0.005264,available,,not_measured,managed,0.005264,0.424012,slower
a.cumsum() [ndarray] (float64),NDArray,float64,100000,,0.174748,0.279625,available,,not_measured,managed,0.279625,0.624937,slower
a.diagonal() [ndarray] (float64),NDArray,float64,1000,,9.7e-05,0.000279,available,,not_measured,managed,0.000279,0.34767,negligible
a.diagonal() [ndarray] (float64),NDArray,float64,100000,,0.000102,0.000231,available,,not_measured,managed,0.000231,0.441558,negligible
a.dot(b) [ndarray] (float64),NDArray,float64,1000,,0.000425,0.000582,available,,not_measured,managed,0.000582,0.730241,negligible
a.dot(b) [ndarray] (float64),NDArray,float64,100000,,0.075536,0.018973,available,0.0073,available,openblas,0.0073,0.945205,close
a.fill(value) [ndarray] (float64),NDArray,float64,1000,,0.000175,0.000109,available,,not_measured,managed,0.000109,1.605505,negligible
a.fill(value) [ndarray] (float64),NDArray,float64,100000,,0.009981,0.020725,available,,not_measured,managed,0.020725,0.481592,slower
a.getfield(dtype) [ndarray] (float64),NDArray,float64,1000,,0.000142,0.00032,available,,not_measured,managed,0.00032,0.44375,negligible
a.getfield(dtype) [ndarray] (float64),NDArray,float64,100000,,0.000144,0.000298,available,,not_measured,managed,0.000298,0.483221,negligible
a.item(index) [ndarray] (float64),NDArray,float64,1000,,8.7e-05,9e-06,available,,not_measured,managed,9e-06,9.666667,negligible
a.item(index) [ndarray] (float64),NDArray,float64,100000,,8.7e-05,9e-06,available,,not_measured,managed,9e-06,9.666667,negligible
a.max() [ndarray] (float64),NDArray,float64,1000,,0.001034,0.000693,available,,not_measured,managed,0.000693,1.492063,negligible
a.max() [ndarray] (float64),NDArray,float64,100000,,0.009446,0.016849,available,,not_measured,managed,0.016849,0.560627,slower
a.min() [ndarray] (float64),NDArray,float64,1000,,0.001033,0.000668,available,,not_measured,managed,0.000668,1.546407,negligible
a.min() [ndarray] (float64),NDArray,float64,100000,,0.009453,0.016875,available,,not_measured,managed,0.016875,0.560178,slower
a.nonzero() [ndarray] (float64),NDArray,float64,1000,,0.002093,0.002925,available,,not_measured,managed,0.002925,0.715556,slower
a.nonzero() [ndarray] (float64),NDArray,float64,100000,,0.179682,0.146684,available,,not_measured,managed,0.146684,1.22496,faster
a.partition(kth) [ndarray] (float64),NDArray,float64,1000,,0.002619,0.011366,available,,not_measured,managed,0.011366,0.230424,much_slower
a.partition(kth) [ndarray] (float64),NDArray,float64,100000,,0.139092,0.743399,available,,not_measured,managed,0.743399,0.187103,much_slower
a.prod() [ndarray] (float64),NDArray,float64,1000,,0.002286,0.000658,available,,not_measured,managed,0.000658,3.474164,negligible
a.prod() [ndarray] (float64),NDArray,float64,100000,,0.075528,0.00792,available,,not_measured,managed,0.00792,9.536364,faster
"a.put(indices, values) [ndarray] (float64)",NDArray,float64,1000,,0.001737,0.006807,available,,not_measured,managed,0.006807,0.255178,much_slower
"a.put(indices, values) [ndarray] (float64)",NDArray,float64,100000,,0.1078,0.174699,available,,not_measured,managed,0.174699,0.617061,slower
a.repeat(repeats) [ndarray] (float64),NDArray,float64,1000,,0.002372,0.005724,available,,not_measured,managed,0.005724,0.414396,slower
a.repeat(repeats) [ndarray] (float64),NDArray,float64,100000,,0.374848,0.502978,available,,not_measured,managed,0.502978,0.745257,slower
a.reshape(shape) [ndarray] (float64),NDArray,float64,1000,,0.000153,0.000524,available,,not_measured,managed,0.000524,0.291985,negligible
a.reshape(shape) [ndarray] (float64),NDArray,float64,100000,,0.000165,0.000503,available,,not_measured,managed,0.000503,0.328032,negligible
a.resize(shape) [ndarray] (float64),NDArray,float64,1000,,0.000673,0.004272,available,,not_measured,managed,0.004272,0.157537,negligible
a.resize(shape) [ndarray] (float64),NDArray,float64,100000,,0.011173,0.270321,available,,not_measured,managed,0.270321,0.041332,much_slower
a.round() [ndarray] (float64),NDArray,float64,1000,,0.000487,0.002145,available,,not_measured,managed,0.002145,0.22704,negligible
a.round() [ndarray] (float64),NDArray,float64,100000,,0.011387,0.122221,available,,not_measured,managed,0.122221,0.093167,much_slower
a.searchsorted(v) [ndarray] (float64),NDArray,float64,1000,,0.006146,0.014726,available,,not_measured,managed,0.014726,0.417357,slower
a.searchsorted(v) [ndarray] (float64),NDArray,float64,100000,,2.045264,2.898328,available,,not_measured,managed,2.898328,0.70567,slower
"a.setfield(value, dtype) [ndarray] (float64)",NDArray,float64,1000,,0.000365,0.001874,available,,not_measured,managed,0.001874,0.194771,negligible
"a.setfield(value, dtype) [ndarray] (float64)",NDArray,float64,100000,,0.009328,0.050955,available,,not_measured,managed,0.050955,0.183063,much_slower
a.setflags(write=True) [ndarray] (float64),NDArray,float64,1000,,0.000125,1.2e-05,available,,not_measured,managed,1.2e-05,10.416667,negligible
a.setflags(write=True) [ndarray] (float64),NDArray,float64,100000,,0.000124,1.4e-05,available,,not_measured,managed,1.4e-05,8.857143,negligible
a.sort() [ndarray] (float64),NDArray,float64,1000,,0.002966,0.022406,available,,not_measured,managed,0.022406,0.132375,much_slower
a.sort() [ndarray] (float64),NDArray,float64,100000,,0.482424,1.765938,available,,not_measured,managed,1.765938,0.273183,much_slower
a.squeeze() [ndarray] (float64),NDArray,float64,1000,,0.000117,0.000229,available,,not_measured,managed,0.000229,0.510917,negligible
a.squeeze() [ndarray] (float64),NDArray,float64,100000,,0.00012,0.000248,available,,not_measured,managed,0.000248,0.483871,negligible
"a.swapaxes(0, 1) [ndarray] (float64)",NDArray,float64,1000,,0.000127,0.000354,available,,not_measured,managed,0.000354,0.358757,negligible
"a.swapaxes(0, 1) [ndarray] (float64)",NDArray,float64,100000,,0.000137,0.000436,available,,not_measured,managed,0.000436,0.31422,negligible
a.take(indices) [ndarray] (float64),NDArray,float64,1000,,0.001033,0.001891,available,,not_measured,managed,0.001891,0.546272,slower
a.take(indices) [ndarray] (float64),NDArray,float64,100000,,0.051474,0.099188,available,,not_measured,managed,0.099188,0.518954,slower
a.to_device(cpu) [ndarray] (float64),NDArray,float64,1000,,7.6e-05,1e-06,available,,not_measured,managed,1e-06,76.0,negligible
a.to_device(cpu) [ndarray] (float64),NDArray,float64,100000,,7.7e-05,1e-06,available,,not_measured,managed,1e-06,77.0,negligible
a.tobytes() [ndarray] (float64),NDArray,float64,1000,,0.000144,0.000377,available,,not_measured,managed,0.000377,0.381963,negligible
a.tobytes() [ndarray] (float64),NDArray,float64,100000,,0.011247,0.166801,available,,not_measured,managed,0.166801,0.067428,much_slower
a.tofile(path) [ndarray] (float64),NDArray,float64,1000,,0.147398,0.217024,available,,not_measured,managed,0.217024,0.679178,slower
a.tofile(path) [ndarray] (float64),NDArray,float64,100000,,0.375376,3.101715,available,,not_measured,managed,3.101715,0.121022,much_slower
a.tolist() [ndarray] (float64),NDArray,float64,1000,,0.007604,0.009964,available,,not_measured,managed,0.009964,0.763147,slower
a.tolist() [ndarray] (float64),NDArray,float64,100000,,0.809554,2.946117,available,,not_measured,managed,2.946117,0.274787,much_slower
a.trace() [ndarray] (float64),NDArray,float64,1000,,0.001012,0.000482,available,,not_measured,managed,0.000482,2.099585,negligible
a.trace() [ndarray] (float64),NDArray,float64,100000,,0.001043,0.000513,available,,not_measured,managed,0.000513,2.033138,negligible
a.transpose() [ndarray] (float64),NDArray,float64,1000,,9.1e-05,0.000253,available,,not_measured,managed,0.000253,0.359684,negligible
a.transpose() [ndarray] (float64),NDArray,float64,100000,,9.2e-05,0.000353,available,,not_measured,managed,0.000353,0.260623,negligible
a.view() [ndarray] (float64),NDArray,float64,1000,,7.6e-05,0.000255,available,,not_measured,managed,0.000255,0.298039,negligible
a.view() [ndarray] (float64),NDArray,float64,100000,,7.4e-05,0.000246,available,,not_measured,managed,0.000246,0.300813,negligible
"np.random.beta(a, b) (float64)",Random,float64,1000,,0.041934,0.042355,available,,not_measured,managed,0.042355,0.99006,close
"np.random.beta(a, b) (float64)",Random,float64,100000,,3.955846,8.228512,available,,not_measured,managed,8.228512,0.480749,slower
"np.random.binomial(n, p) (int64)",Random,int64,1000,,0.02356,0.13707,available,,not_measured,managed,0.13707,0.171883,much_slower
"np.random.binomial(n, p) (int64)",Random,int64,100000,,3.366594,13.650106,available,,not_measured,managed,13.650106,0.246635,much_slower
np.random.chisquare(df) (float64),Random,float64,1000,,0.022126,0.024044,available,,not_measured,managed,0.024044,0.92023,close
np.random.chisquare(df) (float64),Random,float64,100000,,1.992314,4.346601,available,,not_measured,managed,4.346601,0.458361,slower
"np.random.choice(a, size) (float64)",Random,float64,1000,,0.010517,0.026593,available,,not_measured,managed,0.026593,0.39548,slower
"np.random.choice(a, size) (float64)",Random,float64,100000,,1.337098,1.375106,available,,not_measured,managed,1.375106,0.97236,close
"np.random.dirichlet(alpha, size) (float64)",Random,float64,1000,,0.05548,0.067769,available,,not_measured,managed,0.067769,0.818663,close
"np.random.dirichlet(alpha, size) (float64)",Random,float64,100000,,9.231384,7.757538,available,,not_measured,managed,7.757538,1.189989,faster
np.random.exponential(scale) (float64),Random,float64,1000,,0.008936,0.030888,available,,not_measured,managed,0.030888,0.289303,much_slower
np.random.exponential(scale) (float64),Random,float64,100000,,0.83184,2.441306,available,,not_measured,managed,2.441306,0.340736,slower
"np.random.f(dfnum, dfden) (float64)",Random,float64,1000,,0.040978,0.102579,available,,not_measured,managed,0.102579,0.399477,slower
"np.random.f(dfnum, dfden) (float64)",Random,float64,100000,,3.911708,8.926171,available,,not_measured,managed,8.926171,0.438229,slower
"np.random.gamma(shape, scale) (float64)",Random,float64,1000,,0.02097,0.048544,available,,not_measured,managed,0.048544,0.431979,slower
"np.random.gamma(shape, scale) (float64)",Random,float64,100000,,1.99219,4.095023,available,,not_measured,managed,4.095023,0.486491,slower
np.random.geometric(p) (int64),Random,int64,1000,,0.01823,0.018453,available,,not_measured,managed,0.018453,0.987915,close
np.random.geometric(p) (int64),Random,int64,100000,,2.33721,1.943811,available,,not_measured,managed,1.943811,1.202385,faster
"np.random.gumbel(loc, scale) (float64)",Random,float64,1000,,0.014803,0.032254,available,,not_measured,managed,0.032254,0.458951,slower
"np.random.gumbel(loc, scale) (float64)",Random,float64,100000,,1.372174,2.868269,available,,not_measured,managed,2.868269,0.478398,slower
"np.random.hypergeometric(ngood, nbad, nsample) (int64)",Random,int64,1000,,0.064438,0.154611,available,,not_measured,managed,0.154611,0.416775,slower
"np.random.hypergeometric(ngood, nbad, nsample) (int64)",Random,int64,100000,,9.480934,15.4663,available,,not_measured,managed,15.4663,0.613006,slower
"np.random.laplace(loc, scale) (float64)",Random,float64,1000,,0.014603,0.027293,available,,not_measured,managed,0.027293,0.535046,slower
"np.random.laplace(loc, scale) (float64)",Random,float64,100000,,1.32922,2.414793,available,,not_measured,managed,2.414793,0.550449,slower
"np.random.logistic(loc, scale) (float64)",Random,float64,1000,,0.009348,0.02117,available,,not_measured,managed,0.02117,0.441568,slower
"np.random.logistic(loc, scale) (float64)",Random,float64,100000,,0.852198,1.955304,available,,not_measured,managed,1.955304,0.435839,slower
"np.random.lognormal(mean, sigma) (float64)",Random,float64,1000,,0.01826,0.033554,available,,not_measured,managed,0.033554,0.544197,slower
"np.random.lognormal(mean, sigma) (float64)",Random,float64,100000,,1.73647,2.838175,available,,not_measured,managed,2.838175,0.611826,slower
np.random.logseries(p) (int64),Random,int64,1000,,0.02688,0.040008,available,,not_measured,managed,0.040008,0.671866,slower
np.random.logseries(p) (int64),Random,int64,100000,,4.032828,3.746425,available,,not_measured,managed,3.746425,1.076447,faster
"np.random.multinomial(n, pvals, size) (int64)",Random,int64,1000,,0.075814,0.214869,available,,not_measured,managed,0.214869,0.352838,slower
"np.random.multinomial(n, pvals, size) (int64)",Random,int64,100000,,11.545204,21.45651,available,,not_measured,managed,21.45651,0.538075,slower
"np.random.multivariate_normal(mean, cov, size) (float64)",Random,float64,1000,,0.065602,0.069518,available,,not_measured,managed,0.069518,0.943669,close
"np.random.multivariate_normal(mean, cov, size) (float64)",Random,float64,100000,,7.20885,7.109543,available,,not_measured,managed,7.109543,1.013968,close
"np.random.negative_binomial(n, p) (int64)",Random,int64,1000,,0.071212,0.137497,available,,not_measured,managed,0.137497,0.517917,slower
"np.random.negative_binomial(n, p) (int64)",Random,int64,100000,,10.834164,13.880698,available,,not_measured,managed,13.880698,0.78052,slower
"np.random.noncentral_chisquare(df, nonc) (float64)",Random,float64,1000,,0.033886,0.066011,available,,not_measured,managed,0.066011,0.513339,slower
"np.random.noncentral_chisquare(df, nonc) (float64)",Random,float64,100000,,3.237034,6.575988,available,,not_measured,managed,6.575988,0.492251,slower
"np.random.noncentral_f(dfnum, dfden, nonc) (float64)",Random,float64,1000,,0.05685,0.10075,available,,not_measured,managed,0.10075,0.564268,slower
"np.random.noncentral_f(dfnum, dfden, nonc) (float64)",Random,float64,100000,,5.222894,9.974307,available,,not_measured,managed,9.974307,0.523635,slower
"np.random.normal(loc, scale) (float64)",Random,float64,1000,,0.011701,0.024616,available,,not_measured,managed,0.024616,0.475341,slower
"np.random.normal(loc, scale) (float64)",Random,float64,100000,,1.0766,2.275418,available,,not_measured,managed,2.275418,0.473144,slower
np.random.pareto(a) (float64),Random,float64,1000,,0.015156,0.03032,available,,not_measured,managed,0.03032,0.499868,slower
np.random.pareto(a) (float64),Random,float64,100000,,1.44721,2.81098,available,,not_measured,managed,2.81098,0.514842,slower
np.random.permutation(a) (float64),Random,float64,1000,,0.013971,0.01661,available,,not_measured,managed,0.01661,0.84112,close
np.random.permutation(a) (float64),Random,float64,100000,,1.949226,1.706888,available,,not_measured,managed,1.706888,1.141977,faster
np.random.poisson(lam) (int64),Random,int64,1000,,0.032884,0.05482,available,,not_measured,managed,0.05482,0.599854,slower
np.random.poisson(lam) (int64),Random,int64,100000,,4.56833,4.624458,available,,not_measured,managed,4.624458,0.987863,close
np.random.power(a) (float64),Random,float64,1000,,0.029014,0.031775,available,,not_measured,managed,0.031775,0.913108,close
np.random.power(a) (float64),Random,float64,100000,,2.830408,2.836402,available,,not_measured,managed,2.836402,0.997887,close
np.random.rand(n) (float64),Random,float64,1000,,0.004096,0.014674,available,,not_measured,managed,0.014674,0.279133,much_slower
np.random.rand(n) (float64),Random,float64,100000,,0.353542,1.375109,available,,not_measured,managed,1.375109,0.257101,much_slower
"np.random.randint(low, high) (int64)",Random,int64,1000,,0.00794,0.007826,available,,not_measured,managed,0.007826,1.014567,close
"np.random.randint(low, high) (int64)",Random,int64,100000,,0.660796,0.869749,available,,not_measured,managed,0.869749,0.759755,slower
np.random.randn(n) (float64),Random,float64,1000,,0.010739,0.023884,available,,not_measured,managed,0.023884,0.449632,slower
np.random.randn(n) (float64),Random,float64,100000,,1.01977,2.206882,available,,not_measured,managed,2.206882,0.462086,slower
np.random.random(n) (float64),Random,float64,1000,,0.004072,0.015073,available,,not_measured,managed,0.015073,0.270152,much_slower
np.random.random(n) (float64),Random,float64,100000,,0.36142,1.347811,available,,not_measured,managed,1.347811,0.268153,much_slower
np.random.random_sample(n) (float64),Random,float64,1000,,0.004043,0.014638,available,,not_measured,managed,0.014638,0.276199,much_slower
np.random.random_sample(n) (float64),Random,float64,100000,,0.357002,1.362797,available,,not_measured,managed,1.362797,0.261963,much_slower
np.random.rayleigh(scale) (float64),Random,float64,1000,,0.010274,0.021411,available,,not_measured,managed,0.021411,0.479847,slower
np.random.rayleigh(scale) (float64),Random,float64,100000,,0.956888,2.06295,available,,not_measured,managed,2.06295,0.463844,slower
np.random.shuffle(a) (float64),Random,float64,1000,,0.013323,0.016122,available,,not_measured,managed,0.016122,0.826386,close
np.random.shuffle(a) (float64),Random,float64,100000,,2.5732,1.724943,available,,not_measured,managed,1.724943,1.491759,faster
np.random.standard_cauchy(n) (float64),Random,float64,1000,,0.021585,0.027162,available,,not_measured,managed,0.027162,0.794676,slower
np.random.standard_cauchy(n) (float64),Random,float64,100000,,2.109646,2.663519,available,,not_measured,managed,2.663519,0.792052,slower
np.random.standard_exponential(n) (float64),Random,float64,1000,,0.008968,0.019989,available,,not_measured,managed,0.019989,0.448647,slower
np.random.standard_exponential(n) (float64),Random,float64,100000,,0.820576,1.970615,available,,not_measured,managed,1.970615,0.416406,slower
np.random.standard_gamma(shape) (float64),Random,float64,1000,,0.020637,0.040539,available,,not_measured,managed,0.040539,0.509065,slower
np.random.standard_gamma(shape) (float64),Random,float64,100000,,1.96661,4.105881,available,,not_measured,managed,4.105881,0.478974,slower
np.random.standard_normal(n) (float64),Random,float64,1000,,0.01064,0.023765,available,,not_measured,managed,0.023765,0.447717,slower
np.random.standard_normal(n) (float64),Random,float64,100000,,1.021884,2.305426,available,,not_measured,managed,2.305426,0.443252,slower
np.random.standard_t(df) (float64),Random,float64,1000,,0.034844,0.062361,available,,not_measured,managed,0.062361,0.558747,slower
np.random.standard_t(df) (float64),Random,float64,100000,,3.8061,6.238285,available,,not_measured,managed,6.238285,0.61012,slower
"np.random.triangular(left, mode, right) (float64)",Random,float64,1000,,0.009602,0.015413,available,,not_measured,managed,0.015413,0.622981,slower
"np.random.triangular(left, mode, right) (float64)",Random,float64,100000,,1.246372,1.567694,available,,not_measured,managed,1.567694,0.795035,slower
"np.random.uniform(low, high) (float64)",Random,float64,1000,,0.004979,0.01287,available,,not_measured,managed,0.01287,0.386869,slower
"np.random.uniform(low, high) (float64)",Random,float64,100000,,0.652006,1.215791,available,,not_measured,managed,1.215791,0.536281,slower
"np.random.vonmises(mu, kappa) (float64)",Random,float64,1000,,0.050286,0.085249,available,,not_measured,managed,0.085249,0.589872,slower
"np.random.vonmises(mu, kappa) (float64)",Random,float64,100000,,8.309302,8.564855,available,,not_measured,managed,8.564855,0.970163,close
"np.random.wald(mean, scale) (float64)",Random,float64,1000,,0.024766,0.046411,available,,not_measured,managed,0.046411,0.533623,slower
"np.random.wald(mean, scale) (float64)",Random,float64,100000,,3.849608,4.650673,available,,not_measured,managed,4.650673,0.827753,close
np.random.weibull(a) (float64),Random,float64,1000,,0.021486,0.036554,available,,not_measured,managed,0.036554,0.587788,slower
np.random.weibull(a) (float64),Random,float64,100000,,3.585364,3.700336,available,,not_measured,managed,3.700336,0.968929,close
np.random.zipf(a) (int64),Random,int64,1000,,0.034242,0.080198,available,,not_measured,managed,0.080198,0.426968,slower
np.random.zipf(a) (int64),Random,int64,100000,,6.143216,8.032246,available,,not_measured,managed,8.032246,0.764819,slower
a.amax() [method] (complex128),Reduction,complex128,1000,,0.002344,0.002151,available,,not_measured,managed,0.002151,1.089726,faster
a.amax() [method] (complex128),Reduction,complex128,100000,,0.158882,0.14301,available,,not_measured,managed,0.14301,1.110985,faster
a.amax() [method] (complex128),Reduction,complex128,10000000,,20.346356,18.989857,available,,not_measured,managed,18.989857,1.071433,faster
a.amax() [method] (float16),Reduction,float16,1000,,0.002928,0.002175,available,,not_measured,managed,0.002175,1.346207,faster
a.amax() [method] (float16),Reduction,float16,100000,,0.494868,0.442935,available,,not_measured,managed,0.442935,1.117247,faster
a.amax() [method] (float16),Reduction,float16,10000000,,62.99741,46.559045,available,,not_measured,managed,46.559045,1.353065,faster
a.amax() [method] (float32),Reduction,float32,1000,,0.000932,0.000689,available,,not_measured,managed,0.000689,1.352685,negligible
a.amax() [method] (float32),Reduction,float32,100000,,0.005545,0.008619,available,,not_measured,managed,0.008619,0.643346,slower
a.amax() [method] (float32),Reduction,float32,10000000,,3.62576,3.084382,available,,not_measured,managed,3.084382,1.175522,faster
a.amax() [method] (float64),Reduction,float64,1000,,0.000944,0.000709,available,,not_measured,managed,0.000709,1.331453,negligible
a.amax() [method] (float64),Reduction,float64,100000,,0.009984,0.016727,available,,not_measured,managed,0.016727,0.596879,slower
a.amax() [method] (float64),Reduction,float64,10000000,,7.954062,7.964195,available,,not_measured,managed,7.964195,0.998728,close
a.amax() [method] (int16),Reduction,int16,1000,,0.000858,0.000623,available,,not_measured,managed,0.000623,1.377207,negligible
a.amax() [method] (int16),Reduction,int16,100000,,0.002306,0.002563,available,,not_measured,managed,0.002563,0.899727,close
a.amax() [method] (int16),Reduction,int16,10000000,,0.571186,0.517116,available,,not_measured,managed,0.517116,1.104561,faster
a.amax() [method] (int32),Reduction,int32,1000,,0.000854,0.000612,available,,not_measured,managed,0.000612,1.395425,negligible
a.amax() [method] (int32),Reduction,int32,100000,,0.003476,0.004903,available,,not_measured,managed,0.004903,0.708954,slower
a.amax() [method] (int32),Reduction,int32,10000000,,3.10994,2.57216,available,,not_measured,managed,2.57216,1.209077,faster
a.amax() [method] (int64),Reduction,int64,1000,,0.000937,0.00087,available,,not_measured,managed,0.00087,1.077011,negligible
a.amax() [method] (int64),Reduction,int64,100000,,0.008874,0.027124,available,,not_measured,managed,0.027124,0.327164,much_slower
a.amax() [method] (int64),Reduction,int64,10000000,,8.937948,7.766648,available,,not_measured,managed,7.766648,1.150812,faster
a.amax() [method] (int8),Reduction,int8,1000,,0.000855,0.000612,available,,not_measured,managed,0.000612,1.397059,negligible
a.amax() [method] (int8),Reduction,int8,100000,,0.001597,0.001451,available,,not_measured,managed,0.001451,1.10062,faster
a.amax() [method] (int8),Reduction,int8,10000000,,0.249884,0.228908,available,,not_measured,managed,0.228908,1.091635,faster
a.amax() [method] (uint16),Reduction,uint16,1000,,0.000853,0.000624,available,,not_measured,managed,0.000624,1.366987,negligible
a.amax() [method] (uint16),Reduction,uint16,100000,,0.002308,0.002532,available,,not_measured,managed,0.002532,0.911532,close
a.amax() [method] (uint16),Reduction,uint16,10000000,,0.634998,0.506131,available,,not_measured,managed,0.506131,1.254612,faster
a.amax() [method] (uint32),Reduction,uint32,1000,,0.00099,0.000621,available,,not_measured,managed,0.000621,1.594203,negligible
a.amax() [method] (uint32),Reduction,uint32,100000,,0.003544,0.004568,available,,not_measured,managed,0.004568,0.775832,slower
a.amax() [method] (uint32),Reduction,uint32,10000000,,3.027062,2.572877,available,,not_measured,managed,2.572877,1.176528,faster
a.amax() [method] (uint64),Reduction,uint64,1000,,0.000945,0.000996,available,,not_measured,managed,0.000996,0.948795,negligible
a.amax() [method] (uint64),Reduction,uint64,100000,,0.014074,0.037147,available,,not_measured,managed,0.037147,0.378873,slower
a.amax() [method] (uint64),Reduction,uint64,10000000,,8.380686,7.977034,available,,not_measured,managed,7.977034,1.050602,faster
a.amax() [method] (uint8),Reduction,uint8,1000,,0.000845,0.000617,available,,not_measured,managed,0.000617,1.36953,negligible
a.amax() [method] (uint8),Reduction,uint8,100000,,0.001609,0.001573,available,,not_measured,managed,0.001573,1.022886,close
a.amax() [method] (uint8),Reduction,uint8,10000000,,0.250886,0.237593,available,,not_measured,managed,0.237593,1.055949,faster
a.amin() [method] (complex128),Reduction,complex128,1000,,0.00259,0.002224,available,,not_measured,managed,0.002224,1.164568,faster
a.amin() [method] (complex128),Reduction,complex128,100000,,0.167652,0.143552,available,,not_measured,managed,0.143552,1.167883,faster
a.amin() [method] (complex128),Reduction,complex128,10000000,,20.491566,18.879458,available,,not_measured,managed,18.879458,1.08539,faster
a.amin() [method] (float16),Reduction,float16,1000,,0.003204,0.00179,available,,not_measured,managed,0.00179,1.789944,faster
a.amin() [method] (float16),Reduction,float16,100000,,0.50337,0.405028,available,,not_measured,managed,0.405028,1.242803,faster
a.amin() [method] (float16),Reduction,float16,10000000,,62.45623,41.889591,available,,not_measured,managed,41.889591,1.490973,faster
a.amin() [method] (float32),Reduction,float32,1000,,0.00089,0.000658,available,,not_measured,managed,0.000658,1.352584,negligible
a.amin() [method] (float32),Reduction,float32,100000,,0.005609,0.008966,available,,not_measured,managed,0.008966,0.625586,slower
a.amin() [method] (float32),Reduction,float32,10000000,,3.62239,3.13961,available,,not_measured,managed,3.13961,1.153771,faster
a.amin() [method] (float64),Reduction,float64,1000,,0.000929,0.000707,available,,not_measured,managed,0.000707,1.314003,negligible
a.amin() [method] (float64),Reduction,float64,100000,,0.009898,0.017685,available,,not_measured,managed,0.017685,0.559683,slower
a.amin() [method] (float64),Reduction,float64,10000000,,8.683846,8.168655,available,,not_measured,managed,8.168655,1.063069,faster
a.amin() [method] (int16),Reduction,int16,1000,,0.000862,0.000553,available,,not_measured,managed,0.000553,1.55877,negligible
a.amin() [method] (int16),Reduction,int16,100000,,0.002357,0.002568,available,,not_measured,managed,0.002568,0.917835,close
a.amin() [method] (int16),Reduction,int16,10000000,,0.557286,0.520355,available,,not_measured,managed,0.520355,1.070973,faster
a.amin() [method] (int32),Reduction,int32,1000,,0.000912,0.000612,available,,not_measured,managed,0.000612,1.490196,negligible
a.amin() [method] (int32),Reduction,int32,100000,,0.004203,0.00416,available,,not_measured,managed,0.00416,1.010337,close
a.amin() [method] (int32),Reduction,int32,10000000,,3.048064,2.67454,available,,not_measured,managed,2.67454,1.139659,faster
a.amin() [method] (int64),Reduction,int64,1000,,0.000935,0.000858,available,,not_measured,managed,0.000858,1.089744,negligible
a.amin() [method] (int64),Reduction,int64,100000,,0.010475,0.027268,available,,not_measured,managed,0.027268,0.38415,slower
a.amin() [method] (int64),Reduction,int64,10000000,,9.605734,8.198957,available,,not_measured,managed,8.198957,1.17158,faster
a.amin() [method] (int8),Reduction,int8,1000,,0.000876,0.00062,available,,not_measured,managed,0.00062,1.412903,negligible
a.amin() [method] (int8),Reduction,int8,100000,,0.001587,0.001468,available,,not_measured,managed,0.001468,1.081063,faster
a.amin() [method] (int8),Reduction,int8,10000000,,0.257582,0.239253,available,,not_measured,managed,0.239253,1.076609,faster
a.amin() [method] (uint16),Reduction,uint16,1000,,0.000847,0.000615,available,,not_measured,managed,0.000615,1.377236,negligible
a.amin() [method] (uint16),Reduction,uint16,100000,,0.002297,0.002576,available,,not_measured,managed,0.002576,0.891693,close
a.amin() [method] (uint16),Reduction,uint16,10000000,,0.595596,0.526947,available,,not_measured,managed,0.526947,1.130277,faster
a.amin() [method] (uint32),Reduction,uint32,1000,,0.000854,0.000628,available,,not_measured,managed,0.000628,1.359873,negligible
a.amin() [method] (uint32),Reduction,uint32,100000,,0.003841,0.004611,available,,not_measured,managed,0.004611,0.833008,close
a.amin() [method] (uint32),Reduction,uint32,10000000,,2.916614,2.639427,available,,not_measured,managed,2.639427,1.105018,faster
a.amin() [method] (uint64),Reduction,uint64,1000,,0.000952,0.000916,available,,not_measured,managed,0.000916,1.039301,negligible
a.amin() [method] (uint64),Reduction,uint64,100000,,0.011448,0.037344,available,,not_measured,managed,0.037344,0.306555,much_slower
a.amin() [method] (uint64),Reduction,uint64,10000000,,8.39924,7.988061,available,,not_measured,managed,7.988061,1.051474,faster
a.amin() [method] (uint8),Reduction,uint8,1000,,0.000846,0.000803,available,,not_measured,managed,0.000803,1.053549,negligible
a.amin() [method] (uint8),Reduction,uint8,100000,,0.001629,0.001455,available,,not_measured,managed,0.001455,1.119588,faster
a.amin() [method] (uint8),Reduction,uint8,10000000,,0.268234,0.239226,available,,not_measured,managed,0.239226,1.121258,faster
a.mean() [method] (complex128),Reduction,complex128,1000,,0.002227,0.00103,available,,not_measured,managed,0.00103,2.162136,faster
a.mean() [method] (complex128),Reduction,complex128,100000,,0.03885,0.021532,available,,not_measured,managed,0.021532,1.804291,faster
a.mean() [method] (complex128),Reduction,complex128,10000000,,16.97159,15.566129,available,,not_measured,managed,15.566129,1.09029,faster
a.mean() [method] (float16),Reduction,float16,1000,,0.00457,0.002021,available,,not_measured,managed,0.002021,2.261257,faster
a.mean() [method] (float16),Reduction,float16,100000,,0.109192,0.162945,available,,not_measured,managed,0.162945,0.670116,slower
a.mean() [method] (float16),Reduction,float16,10000000,,16.416908,16.540268,available,,not_measured,managed,16.540268,0.992542,close
a.mean() [method] (float32),Reduction,float32,1000,,0.003257,0.000647,available,,not_measured,managed,0.000647,5.034003,negligible
a.mean() [method] (float32),Reduction,float32,100000,,0.018427,0.005117,available,,not_measured,managed,0.005117,3.601133,faster
a.mean() [method] (float32),Reduction,float32,10000000,,8.241938,2.627779,available,,not_measured,managed,2.627779,3.136465,faster
a.mean() [method] (float64),Reduction,float64,1000,,0.001942,0.000685,available,,not_measured,managed,0.000685,2.835036,negligible
a.mean() [method] (float64),Reduction,float64,100000,,0.023424,0.009035,available,,not_measured,managed,0.009035,2.592584,faster
a.mean() [method] (float64),Reduction,float64,10000000,,14.55508,7.400644,available,,not_measured,managed,7.400644,1.966732,faster
a.mean() [method] (int16),Reduction,int16,1000,,0.002475,0.000792,available,,not_measured,managed,0.000792,3.125,negligible
a.mean() [method] (int16),Reduction,int16,100000,,0.053722,0.044708,available,,not_measured,managed,0.044708,1.201619,faster
a.mean() [method] (int16),Reduction,int16,10000000,,8.122994,4.448222,available,,not_measured,managed,4.448222,1.826122,faster
a.mean() [method] (int32),Reduction,int32,1000,,0.002511,0.000794,available,,not_measured,managed,0.000794,3.162469,negligible
a.mean() [method] (int32),Reduction,int32,100000,,0.046058,0.044799,available,,not_measured,managed,0.044799,1.028103,close
a.mean() [method] (int32),Reduction,int32,10000000,,8.140246,5.09118,available,,not_measured,managed,5.09118,1.598892,faster
a.mean() [method] (int64),Reduction,int64,1000,,0.002379,0.000657,available,,not_measured,managed,0.000657,3.621005,negligible
a.mean() [method] (int64),Reduction,int64,100000,,0.038148,0.007816,available,,not_measured,managed,0.007816,4.880757,faster
a.mean() [method] (int64),Reduction,int64,10000000,,11.28693,7.37162,available,,not_measured,managed,7.37162,1.531133,faster
a.mean() [method] (int8),Reduction,int8,1000,,0.002496,0.000785,available,,not_measured,managed,0.000785,3.179618,negligible
a.mean() [method] (int8),Reduction,int8,100000,,0.051446,0.045002,available,,not_measured,managed,0.045002,1.143194,faster
a.mean() [method] (int8),Reduction,int8,10000000,,8.28741,4.716969,available,,not_measured,managed,4.716969,1.756935,faster
a.mean() [method] (uint16),Reduction,uint16,1000,,0.002578,0.000959,available,,not_measured,managed,0.000959,2.688217,negligible
a.mean() [method] (uint16),Reduction,uint16,100000,,0.051976,0.039366,available,,not_measured,managed,0.039366,1.320327,faster
a.mean() [method] (uint16),Reduction,uint16,10000000,,7.997324,4.214901,available,,not_measured,managed,4.214901,1.897393,faster
a.mean() [method] (uint32),Reduction,uint32,1000,,0.002434,0.000976,available,,not_measured,managed,0.000976,2.493852,negligible
a.mean() [method] (uint32),Reduction,uint32,100000,,0.043822,0.039456,available,,not_measured,managed,0.039456,1.110655,faster
a.mean() [method] (uint32),Reduction,uint32,10000000,,7.84428,4.877763,available,,not_measured,managed,4.877763,1.608172,faster
a.mean() [method] (uint64),Reduction,uint64,1000,,0.002457,0.000672,available,,not_measured,managed,0.000672,3.65625,negligible
a.mean() [method] (uint64),Reduction,uint64,100000,,0.061752,0.008142,available,,not_measured,managed,0.008142,7.584377,faster
a.mean() [method] (uint64),Reduction,uint64,10000000,,11.09923,7.395823,available,,not_measured,managed,7.395823,1.500743,faster
a.mean() [method] (uint8),Reduction,uint8,1000,,0.002527,0.000981,available,,not_measured,managed,0.000981,2.575943,negligible
a.mean() [method] (uint8),Reduction,uint8,100000,,0.05137,0.040938,available,,not_measured,managed,0.040938,1.254824,faster
a.mean() [method] (uint8),Reduction,uint8,10000000,,7.927918,3.749408,available,,not_measured,managed,3.749408,2.114445,faster
a.std() [method] (float16),Reduction,float16,1000,,0.019071,0.004218,available,,not_measured,managed,0.004218,4.521337,faster
a.std() [method] (float16),Reduction,float16,100000,,0.877062,0.382086,available,,not_measured,managed,0.382086,2.295457,faster
a.std() [method] (float16),Reduction,float16,10000000,,162.506506,38.4016,available,,not_measured,managed,38.4016,4.231764,faster
a.std() [method] (float32),Reduction,float32,1000,,0.007826,0.000946,available,,not_measured,managed,0.000946,8.272727,negligible
a.std() [method] (float32),Reduction,float32,100000,,0.048476,0.01821,available,,not_measured,managed,0.01821,2.662054,faster
a.std() [method] (float32),Reduction,float32,10000000,,30.751012,6.033887,available,,not_measured,managed,6.033887,5.096385,faster
a.std() [method] (float64),Reduction,float64,1000,,0.006493,0.000964,available,,not_measured,managed,0.000964,6.735477,negligible
a.std() [method] (float64),Reduction,float64,100000,,0.06484,0.035887,available,,not_measured,managed,0.035887,1.806782,faster
a.std() [method] (float64),Reduction,float64,10000000,,60.339538,15.914873,available,,not_measured,managed,15.914873,3.791393,faster
a.sum() [method] (complex128),Reduction,complex128,1000,,0.001057,0.000868,available,,not_measured,managed,0.000868,1.217742,negligible
a.sum() [method] (complex128),Reduction,complex128,100000,,0.03192,0.021302,available,,not_measured,managed,0.021302,1.498451,faster
a.sum() [method] (complex128),Reduction,complex128,10000000,,17.133658,15.975222,available,,not_measured,managed,15.975222,1.072515,faster
a.sum() [method] (float16),Reduction,float16,1000,,0.002838,0.000983,available,,not_measured,managed,0.000983,2.88708,negligible
a.sum() [method] (float16),Reduction,float16,100000,,0.195472,0.067309,available,,not_measured,managed,0.067309,2.904099,faster
a.sum() [method] (float16),Reduction,float16,10000000,,23.871862,6.84798,available,,not_measured,managed,6.84798,3.485971,faster
a.sum() [method] (float32),Reduction,float32,1000,,0.0009,0.000629,available,,not_measured,managed,0.000629,1.430843,negligible
a.sum() [method] (float32),Reduction,float32,100000,,0.015689,0.005817,available,,not_measured,managed,0.005817,2.697095,faster
a.sum() [method] (float32),Reduction,float32,10000000,,8.698752,2.638329,available,,not_measured,managed,2.638329,3.297069,faster
a.sum() [method] (float64),Reduction,float64,1000,,0.000901,0.000636,available,,not_measured,managed,0.000636,1.416667,negligible
a.sum() [method] (float64),Reduction,float64,100000,,0.016494,0.009062,available,,not_measured,managed,0.009062,1.820128,faster
a.sum() [method] (float64),Reduction,float64,10000000,,14.781868,7.494598,available,,not_measured,managed,7.494598,1.972336,faster
a.sum() [method] (int16),Reduction,int16,1000,,0.001209,0.000798,available,,not_measured,managed,0.000798,1.515038,negligible
a.sum() [method] (int16),Reduction,int16,100000,,0.033422,0.044792,available,,not_measured,managed,0.044792,0.74616,slower
a.sum() [method] (int16),Reduction,int16,10000000,,6.453876,4.445304,available,,not_measured,managed,4.445304,1.451841,faster
a.sum() [method] (int32),Reduction,int32,1000,,0.001306,0.000797,available,,not_measured,managed,0.000797,1.638645,negligible
a.sum() [method] (int32),Reduction,int32,100000,,0.038846,0.044657,available,,not_measured,managed,0.044657,0.869875,close
a.sum() [method] (int32),Reduction,int32,10000000,,8.562278,5.149617,available,,not_measured,managed,5.149617,1.662702,faster
a.sum() [method] (int64),Reduction,int64,1000,,0.000997,0.000657,available,,not_measured,managed,0.000657,1.517504,negligible
a.sum() [method] (int64),Reduction,int64,100000,,0.018711,0.007855,available,,not_measured,managed,0.007855,2.38205,faster
a.sum() [method] (int64),Reduction,int64,10000000,,9.32051,7.427804,available,,not_measured,managed,7.427804,1.254814,faster
a.sum() [method] (int8),Reduction,int8,1000,,0.001206,0.000797,available,,not_measured,managed,0.000797,1.513174,negligible
a.sum() [method] (int8),Reduction,int8,100000,,0.032372,0.045071,available,,not_measured,managed,0.045071,0.718245,slower
a.sum() [method] (int8),Reduction,int8,10000000,,8.283044,4.722468,available,,not_measured,managed,4.722468,1.753965,faster
a.sum() [method] (uint16),Reduction,uint16,1000,,0.001225,0.000964,available,,not_measured,managed,0.000964,1.270747,negligible
a.sum() [method] (uint16),Reduction,uint16,100000,,0.032376,0.039209,available,,not_measured,managed,0.039209,0.825729,close
a.sum() [method] (uint16),Reduction,uint16,10000000,,8.459966,4.253899,available,,not_measured,managed,4.253899,1.988756,faster
a.sum() [method] (uint32),Reduction,uint32,1000,,0.001212,0.000986,available,,not_measured,managed,0.000986,1.229209,negligible
a.sum() [method] (uint32),Reduction,uint32,100000,,0.03359,0.038179,available,,not_measured,managed,0.038179,0.879803,close
a.sum() [method] (uint32),Reduction,uint32,10000000,,7.392764,4.91638,available,,not_measured,managed,4.91638,1.503701,faster
a.sum() [method] (uint64),Reduction,uint64,1000,,0.000981,0.000647,available,,not_measured,managed,0.000647,1.516229,negligible
a.sum() [method] (uint64),Reduction,uint64,100000,,0.015608,0.007663,available,,not_measured,managed,0.007663,2.0368,faster
a.sum() [method] (uint64),Reduction,uint64,10000000,,9.281606,7.466581,available,,not_measured,managed,7.466581,1.243086,faster
a.sum() [method] (uint8),Reduction,uint8,1000,,0.001395,0.000983,available,,not_measured,managed,0.000983,1.419125,negligible
a.sum() [method] (uint8),Reduction,uint8,100000,,0.033128,0.040948,available,,not_measured,managed,0.040948,0.809026,close
a.sum() [method] (uint8),Reduction,uint8,10000000,,7.809988,3.753234,available,,not_measured,managed,3.753234,2.080869,faster
a.var() [method] (float16),Reduction,float16,1000,,0.01858,0.00422,available,,not_measured,managed,0.00422,4.402844,faster
a.var() [method] (float16),Reduction,float16,100000,,0.912488,0.381973,available,,not_measured,managed,0.381973,2.388881,faster
a.var() [method] (float16),Reduction,float16,10000000,,162.549656,38.317489,available,,not_measured,managed,38.317489,4.242179,faster
a.var() [method] (float32),Reduction,float32,1000,,0.007096,0.000811,available,,not_measured,managed,0.000811,8.749692,negligible
a.var() [method] (float32),Reduction,float32,100000,,0.04779,0.018279,available,,not_measured,managed,0.018279,2.614476,faster
a.var() [method] (float32),Reduction,float32,10000000,,31.191456,6.014548,available,,not_measured,managed,6.014548,5.186002,faster
a.var() [method] (float64),Reduction,float64,1000,,0.005801,0.000962,available,,not_measured,managed,0.000962,6.030146,negligible
a.var() [method] (float64),Reduction,float64,100000,,0.072458,0.035882,available,,not_measured,managed,0.035882,2.019341,faster
a.var() [method] (float64),Reduction,float64,10000000,,57.383246,16.424289,available,,not_measured,managed,16.424289,3.493804,faster
np.amax (complex128),Reduction,complex128,1000,,0.00303,0.002156,available,,not_measured,managed,0.002156,1.40538,faster
np.amax (complex128),Reduction,complex128,100000,,0.166786,0.142201,available,,not_measured,managed,0.142201,1.172889,faster
np.amax (complex128),Reduction,complex128,10000000,,20.524086,18.91912,available,,not_measured,managed,18.91912,1.084833,faster
np.amax (float16),Reduction,float16,1000,,0.003613,0.00217,available,,not_measured,managed,0.00217,1.664977,faster
np.amax (float16),Reduction,float16,100000,,0.507848,0.443053,available,,not_measured,managed,0.443053,1.146247,faster
np.amax (float16),Reduction,float16,10000000,,63.277466,46.595806,available,,not_measured,managed,46.595806,1.358008,faster
np.amax (float32),Reduction,float32,1000,,0.001608,0.000671,available,,not_measured,managed,0.000671,2.396423,negligible
np.amax (float32),Reduction,float32,100000,,0.006354,0.008626,available,,not_measured,managed,0.008626,0.73661,slower
np.amax (float32),Reduction,float32,10000000,,3.433844,3.112073,available,,not_measured,managed,3.112073,1.103394,faster
np.amax (float64),Reduction,float64,1000,,0.001632,0.000719,available,,not_measured,managed,0.000719,2.269819,negligible
np.amax (float64),Reduction,float64,100000,,0.010884,0.016727,available,,not_measured,managed,0.016727,0.650685,slower
np.amax (float64),Reduction,float64,10000000,,7.848414,7.753175,available,,not_measured,managed,7.753175,1.012284,close
np.amax (int16),Reduction,int16,1000,,0.001541,0.000602,available,,not_measured,managed,0.000602,2.559801,negligible
np.amax (int16),Reduction,int16,100000,,0.003114,0.002552,available,,not_measured,managed,0.002552,1.220219,faster
np.amax (int16),Reduction,int16,10000000,,0.552606,0.509223,available,,not_measured,managed,0.509223,1.085195,faster
np.amax (int32),Reduction,int32,1000,,0.001534,0.000794,available,,not_measured,managed,0.000794,1.93199,negligible
np.amax (int32),Reduction,int32,100000,,0.00455,0.004157,available,,not_measured,managed,0.004157,1.094539,faster
np.amax (int32),Reduction,int32,10000000,,3.042438,2.555217,available,,not_measured,managed,2.555217,1.190677,faster
np.amax (int64),Reduction,int64,1000,,0.001595,0.000871,available,,not_measured,managed,0.000871,1.831228,negligible
np.amax (int64),Reduction,int64,100000,,0.043996,0.026461,available,,not_measured,managed,0.026461,1.662673,faster
np.amax (int64),Reduction,int64,10000000,,8.52886,7.713893,available,,not_measured,managed,7.713893,1.105649,faster
np.amax (int8),Reduction,int8,1000,,0.001638,0.000614,available,,not_measured,managed,0.000614,2.667752,negligible
np.amax (int8),Reduction,int8,100000,,0.002462,0.001462,available,,not_measured,managed,0.001462,1.683995,faster
np.amax (int8),Reduction,int8,10000000,,0.253224,0.227587,available,,not_measured,managed,0.227587,1.112647,faster
np.amax (uint16),Reduction,uint16,1000,,0.001572,0.000611,available,,not_measured,managed,0.000611,2.572831,negligible
np.amax (uint16),Reduction,uint16,100000,,0.003117,0.002572,available,,not_measured,managed,0.002572,1.211897,faster
np.amax (uint16),Reduction,uint16,10000000,,0.618086,0.52535,available,,not_measured,managed,0.52535,1.176522,faster
np.amax (uint32),Reduction,uint32,1000,,0.001528,0.000791,available,,not_measured,managed,0.000791,1.931732,negligible
np.amax (uint32),Reduction,uint32,100000,,0.004311,0.004531,available,,not_measured,managed,0.004531,0.951446,close
np.amax (uint32),Reduction,uint32,10000000,,3.044758,2.591279,available,,not_measured,managed,2.591279,1.175002,faster
np.amax (uint64),Reduction,uint64,1000,,0.00175,0.000969,available,,not_measured,managed,0.000969,1.805986,negligible
np.amax (uint64),Reduction,uint64,100000,,0.016403,0.037166,available,,not_measured,managed,0.037166,0.441344,slower
np.amax (uint64),Reduction,uint64,10000000,,8.572494,8.013357,available,,not_measured,managed,8.013357,1.069776,faster
np.amax (uint8),Reduction,uint8,1000,,0.001513,0.000617,available,,not_measured,managed,0.000617,2.452188,negligible
np.amax (uint8),Reduction,uint8,100000,,0.002465,0.00146,available,,not_measured,managed,0.00146,1.688356,faster
np.amax (uint8),Reduction,uint8,10000000,,0.254468,0.237126,available,,not_measured,managed,0.237126,1.073134,faster
np.amax axis=0 (complex128),Reduction,complex128,1000,,0.00292,0.004151,available,,not_measured,managed,0.004151,0.703445,slower
np.amax axis=0 (complex128),Reduction,complex128,100000,,0.139982,0.18295,available,,not_measured,managed,0.18295,0.765138,slower
np.amax axis=0 (complex128),Reduction,complex128,10000000,,20.083032,21.118108,available,,not_measured,managed,21.118108,0.950986,close
np.amax axis=0 (float16),Reduction,float16,1000,,0.003893,0.003376,available,,not_measured,managed,0.003376,1.15314,faster
np.amax axis=0 (float16),Reduction,float16,100000,,0.518846,0.655745,available,,not_measured,managed,0.655745,0.791231,slower
np.amax axis=0 (float16),Reduction,float16,10000000,,63.124266,139.371398,available,,not_measured,managed,139.371398,0.452921,slower
np.amax axis=0 (float32),Reduction,float32,1000,,0.002238,0.000905,available,,not_measured,managed,0.000905,2.472928,negligible
np.amax axis=0 (float32),Reduction,float32,100000,,0.009516,0.028204,available,,not_measured,managed,0.028204,0.337399,slower
np.amax axis=0 (float32),Reduction,float32,10000000,,3.850256,3.876338,available,,not_measured,managed,3.876338,0.993271,close
np.amax axis=0 (float64),Reduction,float64,1000,,0.002003,0.001013,available,,not_measured,managed,0.001013,1.977295,faster
np.amax axis=0 (float64),Reduction,float64,100000,,0.019873,0.054167,available,,not_measured,managed,0.054167,0.366884,slower
np.amax axis=0 (float64),Reduction,float64,10000000,,8.805944,8.37212,available,,not_measured,managed,8.37212,1.051818,faster
np.amax axis=0 (int16),Reduction,int16,1000,,0.001876,0.000748,available,,not_measured,managed,0.000748,2.508021,negligible
np.amax axis=0 (int16),Reduction,int16,100000,,0.008295,0.007176,available,,not_measured,managed,0.007176,1.155936,faster
np.amax axis=0 (int16),Reduction,int16,10000000,,0.763866,0.67939,available,,not_measured,managed,0.67939,1.124341,faster
np.amax axis=0 (int32),Reduction,int32,1000,,0.001908,0.000765,available,,not_measured,managed,0.000765,2.494118,negligible
np.amax axis=0 (int32),Reduction,int32,100000,,0.009192,0.009893,available,,not_measured,managed,0.009893,0.929142,close
np.amax axis=0 (int32),Reduction,int32,10000000,,3.438518,3.120303,available,,not_measured,managed,3.120303,1.101982,faster
np.amax axis=0 (int64),Reduction,int64,1000,,0.001986,0.000801,available,,not_measured,managed,0.000801,2.479401,negligible
np.amax axis=0 (int64),Reduction,int64,100000,,0.017697,0.027944,available,,not_measured,managed,0.027944,0.633302,slower
np.amax axis=0 (int64),Reduction,int64,10000000,,8.870792,7.971534,available,,not_measured,managed,7.971534,1.112809,faster
np.amax axis=0 (int8),Reduction,int8,1000,,0.001876,0.000696,available,,not_measured,managed,0.000696,2.695402,negligible
np.amax axis=0 (int8),Reduction,int8,100000,,0.008047,0.007571,available,,not_measured,managed,0.007571,1.062871,faster
np.amax axis=0 (int8),Reduction,int8,10000000,,0.360308,0.339829,available,,not_measured,managed,0.339829,1.060263,faster
np.amax axis=0 (uint16),Reduction,uint16,1000,,0.001895,0.000731,available,,not_measured,managed,0.000731,2.592339,negligible
np.amax axis=0 (uint16),Reduction,uint16,100000,,0.008734,0.006939,available,,not_measured,managed,0.006939,1.258683,faster
np.amax axis=0 (uint16),Reduction,uint16,10000000,,0.74018,0.658315,available,,not_measured,managed,0.658315,1.124355,faster
np.amax axis=0 (uint32),Reduction,uint32,1000,,0.00191,0.000747,available,,not_measured,managed,0.000747,2.556894,negligible
np.amax axis=0 (uint32),Reduction,uint32,100000,,0.008479,0.010264,available,,not_measured,managed,0.010264,0.826091,close
np.amax axis=0 (uint32),Reduction,uint32,10000000,,3.630976,3.176246,available,,not_measured,managed,3.176246,1.143166,faster
np.amax axis=0 (uint64),Reduction,uint64,1000,,0.001979,0.000858,available,,not_measured,managed,0.000858,2.306527,negligible
np.amax axis=0 (uint64),Reduction,uint64,100000,,0.021822,0.035523,available,,not_measured,managed,0.035523,0.614306,slower
np.amax axis=0 (uint64),Reduction,uint64,10000000,,8.54435,8.002586,available,,not_measured,managed,8.002586,1.067699,faster
np.amax axis=0 (uint8),Reduction,uint8,1000,,0.001884,0.0007,available,,not_measured,managed,0.0007,2.691429,negligible
np.amax axis=0 (uint8),Reduction,uint8,100000,,0.008063,0.007329,available,,not_measured,managed,0.007329,1.10015,faster
np.amax axis=0 (uint8),Reduction,uint8,10000000,,0.37819,0.337297,available,,not_measured,managed,0.337297,1.121237,faster
np.amin (complex128),Reduction,complex128,1000,,0.003007,0.00216,available,,not_measured,managed,0.00216,1.39213,faster
np.amin (complex128),Reduction,complex128,100000,,0.177354,0.144001,available,,not_measured,managed,0.144001,1.231616,faster
np.amin (complex128),Reduction,complex128,10000000,,20.48134,18.859827,available,,not_measured,managed,18.859827,1.085977,faster
np.amin (float16),Reduction,float16,1000,,0.003872,0.001786,available,,not_measured,managed,0.001786,2.167973,faster
np.amin (float16),Reduction,float16,100000,,0.503284,0.405215,available,,not_measured,managed,0.405215,1.242017,faster
np.amin (float16),Reduction,float16,10000000,,62.379334,41.902182,available,,not_measured,managed,41.902182,1.488689,faster
np.amin (float32),Reduction,float32,1000,,0.001564,0.000654,available,,not_measured,managed,0.000654,2.391437,negligible
np.amin (float32),Reduction,float32,100000,,0.006278,0.008951,available,,not_measured,managed,0.008951,0.701374,slower
np.amin (float32),Reduction,float32,10000000,,3.46991,3.167301,available,,not_measured,managed,3.167301,1.095542,faster
np.amin (float64),Reduction,float64,1000,,0.001616,0.0007,available,,not_measured,managed,0.0007,2.308571,negligible
np.amin (float64),Reduction,float64,100000,,0.012542,0.017032,available,,not_measured,managed,0.017032,0.736379,slower
np.amin (float64),Reduction,float64,10000000,,9.355246,8.174368,available,,not_measured,managed,8.174368,1.144461,faster
np.amin (int16),Reduction,int16,1000,,0.001581,0.000621,available,,not_measured,managed,0.000621,2.545894,negligible
np.amin (int16),Reduction,int16,100000,,0.003086,0.002565,available,,not_measured,managed,0.002565,1.203119,faster
np.amin (int16),Reduction,int16,10000000,,0.568064,0.520845,available,,not_measured,managed,0.520845,1.090658,faster
np.amin (int32),Reduction,int32,1000,,0.001532,0.000606,available,,not_measured,managed,0.000606,2.528053,negligible
np.amin (int32),Reduction,int32,100000,,0.004245,0.004164,available,,not_measured,managed,0.004164,1.019452,close
np.amin (int32),Reduction,int32,10000000,,2.96119,2.691058,available,,not_measured,managed,2.691058,1.100381,faster
np.amin (int64),Reduction,int64,1000,,0.001595,0.00087,available,,not_measured,managed,0.00087,1.833333,negligible
np.amin (int64),Reduction,int64,100000,,0.011291,0.02676,available,,not_measured,managed,0.02676,0.421936,slower
np.amin (int64),Reduction,int64,10000000,,9.831126,8.258151,available,,not_measured,managed,8.258151,1.190475,faster
np.amin (int8),Reduction,int8,1000,,0.001524,0.000612,available,,not_measured,managed,0.000612,2.490196,negligible
np.amin (int8),Reduction,int8,100000,,0.002284,0.001463,available,,not_measured,managed,0.001463,1.561176,faster
np.amin (int8),Reduction,int8,10000000,,0.267832,0.241892,available,,not_measured,managed,0.241892,1.107238,faster
np.amin (uint16),Reduction,uint16,1000,,0.001519,0.000618,available,,not_measured,managed,0.000618,2.457929,negligible
np.amin (uint16),Reduction,uint16,100000,,0.003025,0.002584,available,,not_measured,managed,0.002584,1.170666,faster
np.amin (uint16),Reduction,uint16,10000000,,0.623886,0.514027,available,,not_measured,managed,0.514027,1.213722,faster
np.amin (uint32),Reduction,uint32,1000,,0.001534,0.000629,available,,not_measured,managed,0.000629,2.438792,negligible
np.amin (uint32),Reduction,uint32,100000,,0.00445,0.004526,available,,not_measured,managed,0.004526,0.983208,close
np.amin (uint32),Reduction,uint32,10000000,,3.023366,2.634898,available,,not_measured,managed,2.634898,1.147432,faster
np.amin (uint64),Reduction,uint64,1000,,0.001777,0.000971,available,,not_measured,managed,0.000971,1.830072,negligible
np.amin (uint64),Reduction,uint64,100000,,0.012638,0.037356,available,,not_measured,managed,0.037356,0.338312,slower
np.amin (uint64),Reduction,uint64,10000000,,8.443546,7.917124,available,,not_measured,managed,7.917124,1.066492,faster
np.amin (uint8),Reduction,uint8,1000,,0.001523,0.000787,available,,not_measured,managed,0.000787,1.935197,negligible
np.amin (uint8),Reduction,uint8,100000,,0.002278,0.00147,available,,not_measured,managed,0.00147,1.54966,faster
np.amin (uint8),Reduction,uint8,10000000,,0.254656,0.23451,available,,not_measured,managed,0.23451,1.085907,faster
np.amin axis=0 (complex128),Reduction,complex128,1000,,0.002929,0.004565,available,,not_measured,managed,0.004565,0.641621,slower
np.amin axis=0 (complex128),Reduction,complex128,100000,,0.147154,0.226379,available,,not_measured,managed,0.226379,0.650034,slower
np.amin axis=0 (complex128),Reduction,complex128,10000000,,19.896414,24.252714,available,,not_measured,managed,24.252714,0.820379,close
np.amin axis=0 (float16),Reduction,float16,1000,,0.004179,0.003367,available,,not_measured,managed,0.003367,1.241164,faster
np.amin axis=0 (float16),Reduction,float16,100000,,0.48324,0.659579,available,,not_measured,managed,0.659579,0.732649,slower
np.amin axis=0 (float16),Reduction,float16,10000000,,61.693584,139.105452,available,,not_measured,managed,139.105452,0.443502,slower
np.amin axis=0 (float32),Reduction,float32,1000,,0.001974,0.000703,available,,not_measured,managed,0.000703,2.807966,negligible
np.amin axis=0 (float32),Reduction,float32,100000,,0.009756,0.028324,available,,not_measured,managed,0.028324,0.344443,slower
np.amin axis=0 (float32),Reduction,float32,10000000,,3.907128,3.805526,available,,not_measured,managed,3.805526,1.026699,close
np.amin axis=0 (float64),Reduction,float64,1000,,0.002058,0.001003,available,,not_measured,managed,0.001003,2.051844,faster
np.amin axis=0 (float64),Reduction,float64,100000,,0.016919,0.054373,available,,not_measured,managed,0.054373,0.311165,much_slower
np.amin axis=0 (float64),Reduction,float64,10000000,,8.704726,8.334819,available,,not_measured,managed,8.334819,1.044381,close
np.amin axis=0 (int16),Reduction,int16,1000,,0.002022,0.000737,available,,not_measured,managed,0.000737,2.743555,negligible
np.amin axis=0 (int16),Reduction,int16,100000,,0.008399,0.007115,available,,not_measured,managed,0.007115,1.180464,faster
np.amin axis=0 (int16),Reduction,int16,10000000,,0.717118,0.681964,available,,not_measured,managed,0.681964,1.051548,faster
np.amin axis=0 (int32),Reduction,int32,1000,,0.001898,0.000763,available,,not_measured,managed,0.000763,2.487549,negligible
np.amin axis=0 (int32),Reduction,int32,100000,,0.009228,0.010191,available,,not_measured,managed,0.010191,0.905505,close
np.amin axis=0 (int32),Reduction,int32,10000000,,3.349294,3.178019,available,,not_measured,managed,3.178019,1.053894,faster
np.amin axis=0 (int64),Reduction,int64,1000,,0.001959,0.000814,available,,not_measured,managed,0.000814,2.406634,negligible
np.amin axis=0 (int64),Reduction,int64,100000,,0.019824,0.027625,available,,not_measured,managed,0.027625,0.717611,slower
np.amin axis=0 (int64),Reduction,int64,10000000,,8.93231,7.949085,available,,not_measured,managed,7.949085,1.12369,faster
np.amin axis=0 (int8),Reduction,int8,1000,,0.001926,0.000707,available,,not_measured,managed,0.000707,2.724187,negligible
np.amin axis=0 (int8),Reduction,int8,100000,,0.007303,0.007706,available,,not_measured,managed,0.007706,0.947703,close
np.amin axis=0 (int8),Reduction,int8,10000000,,0.358696,0.337312,available,,not_measured,managed,0.337312,1.063395,faster
np.amin axis=0 (uint16),Reduction,uint16,1000,,0.001957,0.000723,available,,not_measured,managed,0.000723,2.706777,negligible
np.amin axis=0 (uint16),Reduction,uint16,100000,,0.008466,0.006968,available,,not_measured,managed,0.006968,1.214983,faster
np.amin axis=0 (uint16),Reduction,uint16,10000000,,0.756358,0.664238,available,,not_measured,managed,0.664238,1.138685,faster
np.amin axis=0 (uint32),Reduction,uint32,1000,,0.001955,0.000754,available,,not_measured,managed,0.000754,2.592838,negligible
np.amin axis=0 (uint32),Reduction,uint32,100000,,0.009544,0.01028,available,,not_measured,managed,0.01028,0.928405,close
np.amin axis=0 (uint32),Reduction,uint32,10000000,,4.699988,3.226648,available,,not_measured,managed,3.226648,1.456616,faster
np.amin axis=0 (uint64),Reduction,uint64,1000,,0.001963,0.000866,available,,not_measured,managed,0.000866,2.266744,negligible
np.amin axis=0 (uint64),Reduction,uint64,100000,,0.021812,0.037144,available,,not_measured,managed,0.037144,0.587228,slower
np.amin axis=0 (uint64),Reduction,uint64,10000000,,8.528478,8.003079,available,,not_measured,managed,8.003079,1.06565,faster
np.amin axis=0 (uint8),Reduction,uint8,1000,,0.001861,0.000702,available,,not_measured,managed,0.000702,2.650997,negligible
np.amin axis=0 (uint8),Reduction,uint8,100000,,0.006918,0.007784,available,,not_measured,managed,0.007784,0.888746,close
np.amin axis=0 (uint8),Reduction,uint8,10000000,,0.35756,0.336384,available,,not_measured,managed,0.336384,1.062952,faster
np.argmax (complex128),Reduction,complex128,1000,,0.00193,0.002074,available,,not_measured,managed,0.002074,0.930569,close
np.argmax (complex128),Reduction,complex128,100000,,0.121974,0.142785,available,,not_measured,managed,0.142785,0.854249,close
np.argmax (complex128),Reduction,complex128,10000000,,18.372216,18.818878,available,,not_measured,managed,18.818878,0.976265,close
np.argmax (float16),Reduction,float16,1000,,0.002771,0.002778,available,,not_measured,managed,0.002778,0.99748,close
np.argmax (float16),Reduction,float16,100000,,0.458032,0.216289,available,,not_measured,managed,0.216289,2.117685,faster
np.argmax (float16),Reduction,float16,10000000,,56.220306,21.644088,available,,not_measured,managed,21.644088,2.59749,faster
np.argmax (float32),Reduction,float32,1000,,0.000821,0.000898,available,,not_measured,managed,0.000898,0.914254,negligible
np.argmax (float32),Reduction,float32,100000,,0.010059,0.056938,available,,not_measured,managed,0.056938,0.176666,much_slower
np.argmax (float32),Reduction,float32,10000000,,4.29462,6.162546,available,,not_measured,managed,6.162546,0.696891,slower
np.argmax (float64),Reduction,float64,1000,,0.00099,0.000896,available,,not_measured,managed,0.000896,1.104911,negligible
np.argmax (float64),Reduction,float64,100000,,0.031516,0.057073,available,,not_measured,managed,0.057073,0.552205,slower
np.argmax (float64),Reduction,float64,10000000,,9.670482,8.565375,available,,not_measured,managed,8.565375,1.12902,faster
np.argmax (int16),Reduction,int16,1000,,0.000805,0.000618,available,,not_measured,managed,0.000618,1.302589,negligible
np.argmax (int16),Reduction,int16,100000,,0.003308,0.003107,available,,not_measured,managed,0.003107,1.064693,faster
np.argmax (int16),Reduction,int16,10000000,,1.13748,0.567942,available,,not_measured,managed,0.567942,2.00281,faster
np.argmax (int32),Reduction,int32,1000,,0.000817,0.000588,available,,not_measured,managed,0.000588,1.389456,negligible
np.argmax (int32),Reduction,int32,100000,,0.005604,0.005633,available,,not_measured,managed,0.005633,0.994852,close
np.argmax (int32),Reduction,int32,10000000,,3.534896,2.826345,available,,not_measured,managed,2.826345,1.250695,faster
np.argmax (int64),Reduction,int64,1000,,0.000899,0.000838,available,,not_measured,managed,0.000838,1.072792,negligible
np.argmax (int64),Reduction,int64,100000,,0.014573,0.051843,available,,not_measured,managed,0.051843,0.281099,much_slower
np.argmax (int64),Reduction,int64,10000000,,8.522084,8.231591,available,,not_measured,managed,8.231591,1.03529,close
np.argmax (int8),Reduction,int8,1000,,0.000834,0.000668,available,,not_measured,managed,0.000668,1.248503,negligible
np.argmax (int8),Reduction,int8,100000,,0.002174,0.001797,available,,not_measured,managed,0.001797,1.209794,faster
np.argmax (int8),Reduction,int8,10000000,,0.539362,0.253872,available,,not_measured,managed,0.253872,2.124543,faster
np.argmax (uint16),Reduction,uint16,1000,,0.000838,0.000613,available,,not_measured,managed,0.000613,1.367047,negligible
np.argmax (uint16),Reduction,uint16,100000,,0.004985,0.003102,available,,not_measured,managed,0.003102,1.607028,faster
np.argmax (uint16),Reduction,uint16,10000000,,1.83158,0.566293,available,,not_measured,managed,0.566293,3.234333,faster
np.argmax (uint32),Reduction,uint32,1000,,0.000828,0.000596,available,,not_measured,managed,0.000596,1.389262,negligible
np.argmax (uint32),Reduction,uint32,100000,,0.009404,0.005602,available,,not_measured,managed,0.005602,1.678686,faster
np.argmax (uint32),Reduction,uint32,10000000,,4.16353,2.773292,available,,not_measured,managed,2.773292,1.501295,faster
np.argmax (uint64),Reduction,uint64,1000,,0.000961,0.000919,available,,not_measured,managed,0.000919,1.045702,negligible
np.argmax (uint64),Reduction,uint64,100000,,0.022016,0.059236,available,,not_measured,managed,0.059236,0.371666,slower
np.argmax (uint64),Reduction,uint64,10000000,,8.829472,8.488923,available,,not_measured,managed,8.488923,1.040117,close
np.argmax (uint8),Reduction,uint8,1000,,0.000861,0.00066,available,,not_measured,managed,0.00066,1.304545,negligible
np.argmax (uint8),Reduction,uint8,100000,,0.003093,0.001793,available,,not_measured,managed,0.001793,1.725042,faster
np.argmax (uint8),Reduction,uint8,10000000,,0.87827,0.255503,available,,not_measured,managed,0.255503,3.437416,faster
np.argmin (complex128),Reduction,complex128,1000,,0.002063,0.002072,available,,not_measured,managed,0.002072,0.995656,close
np.argmin (complex128),Reduction,complex128,100000,,0.11883,0.142618,available,,not_measured,managed,0.142618,0.833205,close
np.argmin (complex128),Reduction,complex128,10000000,,18.95401,18.75634,available,,not_measured,managed,18.75634,1.010539,close
np.argmin (float16),Reduction,float16,1000,,0.002706,0.002753,available,,not_measured,managed,0.002753,0.982928,close
np.argmin (float16),Reduction,float16,100000,,0.424912,0.217065,available,,not_measured,managed,0.217065,1.957533,faster
np.argmin (float16),Reduction,float16,10000000,,55.349658,21.650747,available,,not_measured,managed,21.650747,2.556478,faster
np.argmin (float32),Reduction,float32,1000,,0.00083,0.000887,available,,not_measured,managed,0.000887,0.935738,negligible
np.argmin (float32),Reduction,float32,100000,,0.010114,0.057186,available,,not_measured,managed,0.057186,0.176861,much_slower
np.argmin (float32),Reduction,float32,10000000,,4.331788,6.161363,available,,not_measured,managed,6.161363,0.703057,slower
np.argmin (float64),Reduction,float64,1000,,0.000932,0.000911,available,,not_measured,managed,0.000911,1.023052,negligible
np.argmin (float64),Reduction,float64,100000,,0.030859,0.057508,available,,not_measured,managed,0.057508,0.536604,slower
np.argmin (float64),Reduction,float64,10000000,,9.394502,8.733272,available,,not_measured,managed,8.733272,1.075714,faster
np.argmin (int16),Reduction,int16,1000,,0.000806,0.000623,available,,not_measured,managed,0.000623,1.29374,negligible
np.argmin (int16),Reduction,int16,100000,,0.003299,0.002985,available,,not_measured,managed,0.002985,1.105193,faster
np.argmin (int16),Reduction,int16,10000000,,1.13025,0.559775,available,,not_measured,managed,0.559775,2.019115,faster
np.argmin (int32),Reduction,int32,1000,,0.000794,0.00061,available,,not_measured,managed,0.00061,1.301639,negligible
np.argmin (int32),Reduction,int32,100000,,0.005593,0.005563,available,,not_measured,managed,0.005563,1.005393,close
np.argmin (int32),Reduction,int32,10000000,,3.486124,2.850312,available,,not_measured,managed,2.850312,1.223068,faster
np.argmin (int64),Reduction,int64,1000,,0.000887,0.000839,available,,not_measured,managed,0.000839,1.057211,negligible
np.argmin (int64),Reduction,int64,100000,,0.015474,0.05157,available,,not_measured,managed,0.05157,0.300058,much_slower
np.argmin (int64),Reduction,int64,10000000,,8.458918,8.231023,available,,not_measured,managed,8.231023,1.027687,close
np.argmin (int8),Reduction,int8,1000,,0.000836,0.000653,available,,not_measured,managed,0.000653,1.280245,negligible
np.argmin (int8),Reduction,int8,100000,,0.002193,0.001797,available,,not_measured,managed,0.001797,1.220367,faster
np.argmin (int8),Reduction,int8,10000000,,0.548154,0.251744,available,,not_measured,managed,0.251744,2.177426,faster
np.argmin (uint16),Reduction,uint16,1000,,0.000866,0.000631,available,,not_measured,managed,0.000631,1.372425,negligible
np.argmin (uint16),Reduction,uint16,100000,,0.004956,0.003048,available,,not_measured,managed,0.003048,1.625984,faster
np.argmin (uint16),Reduction,uint16,10000000,,1.84972,0.566072,available,,not_measured,managed,0.566072,3.267641,faster
np.argmin (uint32),Reduction,uint32,1000,,0.000826,0.000599,available,,not_measured,managed,0.000599,1.378965,negligible
np.argmin (uint32),Reduction,uint32,100000,,0.010188,0.005568,available,,not_measured,managed,0.005568,1.829741,faster
np.argmin (uint32),Reduction,uint32,10000000,,4.17482,2.782384,available,,not_measured,managed,2.782384,1.500447,faster
np.argmin (uint64),Reduction,uint64,1000,,0.000915,0.000938,available,,not_measured,managed,0.000938,0.97548,negligible
np.argmin (uint64),Reduction,uint64,100000,,0.018428,0.05985,available,,not_measured,managed,0.05985,0.307903,much_slower
np.argmin (uint64),Reduction,uint64,10000000,,8.985456,8.5004,available,,not_measured,managed,8.5004,1.057063,faster
np.argmin (uint8),Reduction,uint8,1000,,0.00083,0.000658,available,,not_measured,managed,0.000658,1.261398,negligible
np.argmin (uint8),Reduction,uint8,100000,,0.003102,0.00179,available,,not_measured,managed,0.00179,1.732961,faster
np.argmin (uint8),Reduction,uint8,10000000,,0.885074,0.249962,available,,not_measured,managed,0.249962,3.540834,faster
np.cumprod(a) (float16),Reduction,float16,1000,,0.014109,0.016459,available,,not_measured,managed,0.016459,0.857221,close
np.cumprod(a) (float16),Reduction,float16,100000,,1.041064,1.638261,available,,not_measured,managed,1.638261,0.635469,slower
np.cumprod(a) (float16),Reduction,float16,10000000,,73.88848,161.708492,available,,not_measured,managed,161.708492,0.456924,slower
np.cumprod(a) (float32),Reduction,float32,1000,,0.02002,0.049191,available,,not_measured,managed,0.049191,0.406985,slower
np.cumprod(a) (float32),Reduction,float32,100000,,7.592988,6.670051,available,,not_measured,managed,6.670051,1.13837,faster
np.cumprod(a) (float32),Reduction,float32,10000000,,700.349644,661.479191,available,,not_measured,managed,661.479191,1.058763,faster
np.cumprod(a) (float64),Reduction,float64,1000,,0.002876,0.004864,available,,not_measured,managed,0.004864,0.591283,slower
np.cumprod(a) (float64),Reduction,float64,100000,,7.37983,6.574056,available,,not_measured,managed,6.574056,1.122569,faster
np.cumprod(a) (float64),Reduction,float64,10000000,,729.84968,669.022508,available,,not_measured,managed,669.022508,1.090919,faster
np.cumsum (complex128),Reduction,complex128,1000,,0.003022,0.003546,available,,not_measured,managed,0.003546,0.852228,close
np.cumsum (complex128),Reduction,complex128,100000,,0.3722,0.307046,available,,not_measured,managed,0.307046,1.212196,faster
np.cumsum (complex128),Reduction,complex128,10000000,,53.712282,39.831094,available,,not_measured,managed,39.831094,1.348501,faster
np.cumsum (float16),Reduction,float16,1000,,0.006948,0.016832,available,,not_measured,managed,0.016832,0.412785,slower
np.cumsum (float16),Reduction,float16,100000,,0.497958,1.648686,available,,not_measured,managed,1.648686,0.302033,much_slower
np.cumsum (float16),Reduction,float16,10000000,,81.247476,161.53442,available,,not_measured,managed,161.53442,0.502973,slower
np.cumsum (float32),Reduction,float32,1000,,0.00273,0.001549,available,,not_measured,managed,0.001549,1.762427,faster
np.cumsum (float32),Reduction,float32,100000,,0.169146,0.11462,available,,not_measured,managed,0.11462,1.475711,faster
np.cumsum (float32),Reduction,float32,10000000,,34.07636,10.951426,available,,not_measured,managed,10.951426,3.111591,faster
np.cumsum (float64),Reduction,float64,1000,,0.00277,0.002163,available,,not_measured,managed,0.002163,1.280629,faster
np.cumsum (float64),Reduction,float64,100000,,0.17891,0.165978,available,,not_measured,managed,0.165978,1.077914,faster
np.cumsum (float64),Reduction,float64,10000000,,38.034774,20.226264,available,,not_measured,managed,20.226264,1.880465,faster
np.cumsum (int16),Reduction,int16,1000,,0.002256,0.00207,available,,not_measured,managed,0.00207,1.089855,faster
np.cumsum (int16),Reduction,int16,100000,,0.343414,0.159124,available,,not_measured,managed,0.159124,2.158153,faster
np.cumsum (int16),Reduction,int16,10000000,,43.67997,14.802628,available,,not_measured,managed,14.802628,2.950825,faster
np.cumsum (int32),Reduction,int32,1000,,0.002332,0.002105,available,,not_measured,managed,0.002105,1.107838,faster
np.cumsum (int32),Reduction,int32,100000,,0.355658,0.158069,available,,not_measured,managed,0.158069,2.250017,faster
np.cumsum (int32),Reduction,int32,10000000,,44.832006,16.546336,available,,not_measured,managed,16.546336,2.709482,faster
np.cumsum (int64),Reduction,int64,1000,,0.001581,0.001937,available,,not_measured,managed,0.001937,0.816211,close
np.cumsum (int64),Reduction,int64,100000,,0.031778,0.162041,available,,not_measured,managed,0.162041,0.196111,much_slower
np.cumsum (int64),Reduction,int64,10000000,,25.856742,20.348385,available,,not_measured,managed,20.348385,1.270702,faster
np.cumsum (int8),Reduction,int8,1000,,0.002267,0.00257,available,,not_measured,managed,0.00257,0.882101,close
np.cumsum (int8),Reduction,int8,100000,,0.340488,0.156508,available,,not_measured,managed,0.156508,2.175531,faster
np.cumsum (int8),Reduction,int8,10000000,,43.134848,14.161478,available,,not_measured,managed,14.161478,3.045928,faster
np.cumsum (uint16),Reduction,uint16,1000,,0.002254,0.002061,available,,not_measured,managed,0.002061,1.093644,faster
np.cumsum (uint16),Reduction,uint16,100000,,0.336822,0.159133,available,,not_measured,managed,0.159133,2.116607,faster
np.cumsum (uint16),Reduction,uint16,10000000,,43.74548,14.81825,available,,not_measured,managed,14.81825,2.952135,faster
np.cumsum (uint32),Reduction,uint32,1000,,0.002219,0.002056,available,,not_measured,managed,0.002056,1.07928,faster
np.cumsum (uint32),Reduction,uint32,100000,,0.335284,0.160577,available,,not_measured,managed,0.160577,2.087995,faster
np.cumsum (uint32),Reduction,uint32,10000000,,46.399226,16.532027,available,,not_measured,managed,16.532027,2.806627,faster
np.cumsum (uint64),Reduction,uint64,1000,,0.00161,0.001884,available,,not_measured,managed,0.001884,0.854565,close
np.cumsum (uint64),Reduction,uint64,100000,,0.035806,0.162063,available,,not_measured,managed,0.162063,0.220939,much_slower
np.cumsum (uint64),Reduction,uint64,10000000,,25.908772,20.583578,available,,not_measured,managed,20.583578,1.258711,faster
np.cumsum (uint8),Reduction,uint8,1000,,0.002382,0.002185,available,,not_measured,managed,0.002185,1.09016,faster
np.cumsum (uint8),Reduction,uint8,100000,,0.344924,0.15756,available,,not_measured,managed,0.15756,2.18916,faster
np.cumsum (uint8),Reduction,uint8,10000000,,42.916772,14.11242,available,,not_measured,managed,14.11242,3.041064,faster
np.max (complex128),Reduction,complex128,1000,,0.003332,0.002172,available,,not_measured,managed,0.002172,1.53407,faster
np.max (complex128),Reduction,complex128,100000,,0.157312,0.143334,available,,not_measured,managed,0.143334,1.09752,faster
np.max (complex128),Reduction,complex128,10000000,,21.289142,18.832917,available,,not_measured,managed,18.832917,1.130422,faster
np.max (float16),Reduction,float16,1000,,0.003661,0.002151,available,,not_measured,managed,0.002151,1.701999,faster
np.max (float16),Reduction,float16,100000,,0.499222,0.437898,available,,not_measured,managed,0.437898,1.140042,faster
np.max (float16),Reduction,float16,10000000,,63.993328,46.60439,available,,not_measured,managed,46.60439,1.373118,faster
np.max (float32),Reduction,float32,1000,,0.001596,0.000654,available,,not_measured,managed,0.000654,2.440367,negligible
np.max (float32),Reduction,float32,100000,,0.006292,0.008645,available,,not_measured,managed,0.008645,0.72782,slower
np.max (float32),Reduction,float32,10000000,,3.562662,3.107554,available,,not_measured,managed,3.107554,1.146452,faster
np.max (float64),Reduction,float64,1000,,0.001792,0.000702,available,,not_measured,managed,0.000702,2.552707,negligible
np.max (float64),Reduction,float64,100000,,0.010847,0.016826,available,,not_measured,managed,0.016826,0.644657,slower
np.max (float64),Reduction,float64,10000000,,7.910682,7.603514,available,,not_measured,managed,7.603514,1.040398,close
np.max (int16),Reduction,int16,1000,,0.001597,0.000614,available,,not_measured,managed,0.000614,2.600977,negligible
np.max (int16),Reduction,int16,100000,,0.003124,0.002555,available,,not_measured,managed,0.002555,1.222701,faster
np.max (int16),Reduction,int16,10000000,,0.559668,0.50645,available,,not_measured,managed,0.50645,1.10508,faster
np.max (int32),Reduction,int32,1000,,0.001525,0.000615,available,,not_measured,managed,0.000615,2.479675,negligible
np.max (int32),Reduction,int32,100000,,0.004156,0.006304,available,,not_measured,managed,0.006304,0.659264,slower
np.max (int32),Reduction,int32,10000000,,3.06493,2.490073,available,,not_measured,managed,2.490073,1.230859,faster
np.max (int64),Reduction,int64,1000,,0.001631,0.000877,available,,not_measured,managed,0.000877,1.859749,negligible
np.max (int64),Reduction,int64,100000,,0.010921,0.026845,available,,not_measured,managed,0.026845,0.406817,slower
np.max (int64),Reduction,int64,10000000,,8.52624,7.657699,available,,not_measured,managed,7.657699,1.113421,faster
np.max (int8),Reduction,int8,1000,,0.001507,0.000613,available,,not_measured,managed,0.000613,2.458401,negligible
np.max (int8),Reduction,int8,100000,,0.002307,0.001463,available,,not_measured,managed,0.001463,1.576897,faster
np.max (int8),Reduction,int8,10000000,,0.262048,0.228202,available,,not_measured,managed,0.228202,1.148316,faster
np.max (uint16),Reduction,uint16,1000,,0.001512,0.00061,available,,not_measured,managed,0.00061,2.478689,negligible
np.max (uint16),Reduction,uint16,100000,,0.00303,0.002532,available,,not_measured,managed,0.002532,1.196682,faster
np.max (uint16),Reduction,uint16,10000000,,0.616422,0.505624,available,,not_measured,managed,0.505624,1.219131,faster
np.max (uint32),Reduction,uint32,1000,,0.001594,0.000626,available,,not_measured,managed,0.000626,2.546326,negligible
np.max (uint32),Reduction,uint32,100000,,0.005079,0.00454,available,,not_measured,managed,0.00454,1.118722,faster
np.max (uint32),Reduction,uint32,10000000,,3.061446,2.573179,available,,not_measured,managed,2.573179,1.189752,faster
np.max (uint64),Reduction,uint64,1000,,0.001665,0.000973,available,,not_measured,managed,0.000973,1.711202,negligible
np.max (uint64),Reduction,uint64,100000,,0.012607,0.037332,available,,not_measured,managed,0.037332,0.3377,slower
np.max (uint64),Reduction,uint64,10000000,,8.722088,7.978569,available,,not_measured,managed,7.978569,1.09319,faster
np.max (uint8),Reduction,uint8,1000,,0.001561,0.000613,available,,not_measured,managed,0.000613,2.546493,negligible
np.max (uint8),Reduction,uint8,100000,,0.002481,0.001486,available,,not_measured,managed,0.001486,1.669583,faster
np.max (uint8),Reduction,uint8,10000000,,0.261844,0.227523,available,,not_measured,managed,0.227523,1.150846,faster
np.mean (complex128),Reduction,complex128,1000,,0.002787,0.001052,available,,not_measured,managed,0.001052,2.64924,faster
np.mean (complex128),Reduction,complex128,100000,,0.039088,0.021536,available,,not_measured,managed,0.021536,1.815007,faster
np.mean (complex128),Reduction,complex128,10000000,,16.780802,15.655539,available,,not_measured,managed,15.655539,1.071876,faster
np.mean (float16),Reduction,float16,1000,,0.004974,0.002011,available,,not_measured,managed,0.002011,2.473396,faster
np.mean (float16),Reduction,float16,100000,,0.102864,0.164954,available,,not_measured,managed,0.164954,0.623592,slower
np.mean (float16),Reduction,float16,10000000,,16.636568,16.563829,available,,not_measured,managed,16.563829,1.004391,close
np.mean (float32),Reduction,float32,1000,,0.003486,0.00067,available,,not_measured,managed,0.00067,5.202985,negligible
np.mean (float32),Reduction,float32,100000,,0.018573,0.005209,available,,not_measured,managed,0.005209,3.56556,faster
np.mean (float32),Reduction,float32,10000000,,8.405658,2.597319,available,,not_measured,managed,2.597319,3.236282,faster
np.mean (float64),Reduction,float64,1000,,0.002307,0.000685,available,,not_measured,managed,0.000685,3.367883,negligible
np.mean (float64),Reduction,float64,100000,,0.020672,0.007786,available,,not_measured,managed,0.007786,2.655022,faster
np.mean (float64),Reduction,float64,10000000,,14.39772,7.338776,available,,not_measured,managed,7.338776,1.961869,faster
np.mean (int16),Reduction,int16,1000,,0.002859,0.000788,available,,not_measured,managed,0.000788,3.628173,negligible
np.mean (int16),Reduction,int16,100000,,0.054156,0.044833,available,,not_measured,managed,0.044833,1.20795,faster
np.mean (int16),Reduction,int16,10000000,,8.05547,4.453414,available,,not_measured,managed,4.453414,1.80883,faster
np.mean (int32),Reduction,int32,1000,,0.002841,0.000797,available,,not_measured,managed,0.000797,3.564617,negligible
np.mean (int32),Reduction,int32,100000,,0.04285,0.044811,available,,not_measured,managed,0.044811,0.956238,close
np.mean (int32),Reduction,int32,10000000,,8.118876,5.112635,available,,not_measured,managed,5.112635,1.588002,faster
np.mean (int64),Reduction,int64,1000,,0.002953,0.000676,available,,not_measured,managed,0.000676,4.368343,negligible
np.mean (int64),Reduction,int64,100000,,0.038418,0.007919,available,,not_measured,managed,0.007919,4.85137,faster
np.mean (int64),Reduction,int64,10000000,,11.146404,7.342504,available,,not_measured,managed,7.342504,1.518066,faster
np.mean (int8),Reduction,int8,1000,,0.002921,0.000787,available,,not_measured,managed,0.000787,3.711563,negligible
np.mean (int8),Reduction,int8,100000,,0.053222,0.044018,available,,not_measured,managed,0.044018,1.209096,faster
np.mean (int8),Reduction,int8,10000000,,8.17694,4.715819,available,,not_measured,managed,4.715819,1.733938,faster
np.mean (uint16),Reduction,uint16,1000,,0.002901,0.000963,available,,not_measured,managed,0.000963,3.012461,negligible
np.mean (uint16),Reduction,uint16,100000,,0.054674,0.039436,available,,not_measured,managed,0.039436,1.386398,faster
np.mean (uint16),Reduction,uint16,10000000,,7.98375,4.253048,available,,not_measured,managed,4.253048,1.877183,faster
np.mean (uint32),Reduction,uint32,1000,,0.00279,0.000981,available,,not_measured,managed,0.000981,2.844037,negligible
np.mean (uint32),Reduction,uint32,100000,,0.044132,0.039545,available,,not_measured,managed,0.039545,1.115994,faster
np.mean (uint32),Reduction,uint32,10000000,,8.152106,4.880913,available,,not_measured,managed,4.880913,1.670201,faster
np.mean (uint64),Reduction,uint64,1000,,0.00282,0.000662,available,,not_measured,managed,0.000662,4.259819,negligible
np.mean (uint64),Reduction,uint64,100000,,0.062408,0.008236,available,,not_measured,managed,0.008236,7.577465,faster
np.mean (uint64),Reduction,uint64,10000000,,11.890956,7.398498,available,,not_measured,managed,7.398498,1.607212,faster
np.mean (uint8),Reduction,uint8,1000,,0.002856,0.000755,available,,not_measured,managed,0.000755,3.782781,negligible
np.mean (uint8),Reduction,uint8,100000,,0.05284,0.040924,available,,not_measured,managed,0.040924,1.291174,faster
np.mean (uint8),Reduction,uint8,10000000,,7.951426,3.705359,available,,not_measured,managed,3.705359,2.145926,faster
np.mean axis=0 (complex128),Reduction,complex128,1000,,0.003033,0.003784,available,,not_measured,managed,0.003784,0.801533,close
np.mean axis=0 (complex128),Reduction,complex128,100000,,0.018015,0.044283,available,,not_measured,managed,0.044283,0.406815,slower
np.mean axis=0 (complex128),Reduction,complex128,10000000,,17.46303,16.207454,available,,not_measured,managed,16.207454,1.077469,faster
np.mean axis=0 (float16),Reduction,float16,1000,,0.00629,0.006901,available,,not_measured,managed,0.006901,0.911462,close
np.mean axis=0 (float16),Reduction,float16,100000,,0.083754,0.283651,available,,not_measured,managed,0.283651,0.295271,much_slower
np.mean axis=0 (float16),Reduction,float16,10000000,,15.831498,27.253253,available,,not_measured,managed,27.253253,0.580903,slower
np.mean axis=0 (float32),Reduction,float32,1000,,0.003586,0.003058,available,,not_measured,managed,0.003058,1.172662,faster
np.mean axis=0 (float32),Reduction,float32,100000,,0.009812,0.017756,available,,not_measured,managed,0.017756,0.552602,slower
np.mean axis=0 (float32),Reduction,float32,10000000,,4.122824,3.447361,available,,not_measured,managed,3.447361,1.195936,faster
np.mean axis=0 (float64),Reduction,float64,1000,,0.003001,0.003348,available,,not_measured,managed,0.003348,0.896356,close
np.mean axis=0 (float64),Reduction,float64,100000,,0.012226,0.027014,available,,not_measured,managed,0.027014,0.45258,slower
np.mean axis=0 (float64),Reduction,float64,10000000,,8.373122,8.217389,available,,not_measured,managed,8.217389,1.018952,close
np.mean axis=0 (int16),Reduction,int16,1000,,0.003417,0.000886,available,,not_measured,managed,0.000886,3.856659,negligible
np.mean axis=0 (int16),Reduction,int16,100000,,0.05079,0.020005,available,,not_measured,managed,0.020005,2.538865,faster
np.mean axis=0 (int16),Reduction,int16,10000000,,7.86881,1.905173,available,,not_measured,managed,1.905173,4.130234,faster
np.mean axis=0 (int32),Reduction,int32,1000,,0.003302,0.000875,available,,not_measured,managed,0.000875,3.773714,negligible
np.mean axis=0 (int32),Reduction,int32,100000,,0.051308,0.018996,available,,not_measured,managed,0.018996,2.70099,faster
np.mean axis=0 (int32),Reduction,int32,10000000,,8.000594,3.453068,available,,not_measured,managed,3.453068,2.316952,faster
np.mean axis=0 (int64),Reduction,int64,1000,,0.003458,0.002027,available,,not_measured,managed,0.002027,1.705969,faster
np.mean axis=0 (int64),Reduction,int64,100000,,0.034856,0.144878,available,,not_measured,managed,0.144878,0.240589,much_slower
np.mean axis=0 (int64),Reduction,int64,10000000,,11.537142,111.40926,available,,not_measured,managed,111.40926,0.103556,much_slower
np.mean axis=0 (int8),Reduction,int8,1000,,0.00367,0.000681,available,,not_measured,managed,0.000681,5.389134,negligible
np.mean axis=0 (int8),Reduction,int8,100000,,0.050334,0.018951,available,,not_measured,managed,0.018951,2.656008,faster
np.mean axis=0 (int8),Reduction,int8,10000000,,8.112598,1.818434,available,,not_measured,managed,1.818434,4.46131,faster
np.mean axis=0 (uint16),Reduction,uint16,1000,,0.003532,0.000878,available,,not_measured,managed,0.000878,4.022779,negligible
np.mean axis=0 (uint16),Reduction,uint16,100000,,0.055932,0.01897,available,,not_measured,managed,0.01897,2.948445,faster
np.mean axis=0 (uint16),Reduction,uint16,10000000,,7.887604,1.902713,available,,not_measured,managed,1.902713,4.145451,faster
np.mean axis=0 (uint32),Reduction,uint32,1000,,0.0039,0.000752,available,,not_measured,managed,0.000752,5.18617,negligible
np.mean axis=0 (uint32),Reduction,uint32,100000,,0.04181,0.024851,available,,not_measured,managed,0.024851,1.682427,faster
np.mean axis=0 (uint32),Reduction,uint32,10000000,,7.675878,3.667331,available,,not_measured,managed,3.667331,2.093042,faster
np.mean axis=0 (uint64),Reduction,uint64,1000,,0.003405,0.002166,available,,not_measured,managed,0.002166,1.572022,faster
np.mean axis=0 (uint64),Reduction,uint64,100000,,0.054324,0.158158,available,,not_measured,managed,0.158158,0.343479,slower
np.mean axis=0 (uint64),Reduction,uint64,10000000,,11.816522,116.805828,available,,not_measured,managed,116.805828,0.101164,much_slower
np.mean axis=0 (uint8),Reduction,uint8,1000,,0.00349,0.000881,available,,not_measured,managed,0.000881,3.961407,negligible
np.mean axis=0 (uint8),Reduction,uint8,100000,,0.051194,0.018963,available,,not_measured,managed,0.018963,2.699678,faster
np.mean axis=0 (uint8),Reduction,uint8,10000000,,8.010152,1.814783,available,,not_measured,managed,1.814783,4.413835,faster
np.mean axis=1 (complex128),Reduction,complex128,1000,,0.00333,0.003789,available,,not_measured,managed,0.003789,0.87886,close
np.mean axis=1 (complex128),Reduction,complex128,100000,,0.032536,0.051634,available,,not_measured,managed,0.051634,0.630127,slower
np.mean axis=1 (complex128),Reduction,complex128,10000000,,17.897362,17.269671,available,,not_measured,managed,17.269671,1.036346,close
np.mean axis=1 (float16),Reduction,float16,1000,,0.005287,0.006933,available,,not_measured,managed,0.006933,0.762585,slower
np.mean axis=1 (float16),Reduction,float16,100000,,0.08936,0.271738,available,,not_measured,managed,0.271738,0.328846,much_slower
np.mean axis=1 (float16),Reduction,float16,10000000,,16.701426,26.041955,available,,not_measured,managed,26.041955,0.641328,slower
np.mean axis=1 (float32),Reduction,float32,1000,,0.003402,0.003222,available,,not_measured,managed,0.003222,1.055866,faster
np.mean axis=1 (float32),Reduction,float32,100000,,0.019857,0.023284,available,,not_measured,managed,0.023284,0.852817,close
np.mean axis=1 (float32),Reduction,float32,10000000,,7.858778,3.382748,available,,not_measured,managed,3.382748,2.323193,faster
np.mean axis=1 (float64),Reduction,float64,1000,,0.002839,0.003451,available,,not_measured,managed,0.003451,0.82266,close
np.mean axis=1 (float64),Reduction,float64,100000,,0.020634,0.026617,available,,not_measured,managed,0.026617,0.775219,slower
np.mean axis=1 (float64),Reduction,float64,10000000,,12.115712,8.414732,available,,not_measured,managed,8.414732,1.439821,faster
np.mean axis=1 (int16),Reduction,int16,1000,,0.003452,0.000729,available,,not_measured,managed,0.000729,4.735254,negligible
np.mean axis=1 (int16),Reduction,int16,100000,,0.057558,0.019558,available,,not_measured,managed,0.019558,2.942939,faster
np.mean axis=1 (int16),Reduction,int16,10000000,,8.240322,1.87524,available,,not_measured,managed,1.87524,4.394276,faster
np.mean axis=1 (int32),Reduction,int32,1000,,0.00326,0.000735,available,,not_measured,managed,0.000735,4.435374,negligible
np.mean axis=1 (int32),Reduction,int32,100000,,0.046062,0.019571,available,,not_measured,managed,0.019571,2.353584,faster
np.mean axis=1 (int32),Reduction,int32,10000000,,8.392728,3.387891,available,,not_measured,managed,3.387891,2.477272,faster
np.mean axis=1 (int64),Reduction,int64,1000,,0.003466,0.002013,available,,not_measured,managed,0.002013,1.721808,faster
np.mean axis=1 (int64),Reduction,int64,100000,,0.046266,0.144276,available,,not_measured,managed,0.144276,0.320677,much_slower
np.mean axis=1 (int64),Reduction,int64,10000000,,11.59809,14.606183,available,,not_measured,managed,14.606183,0.794053,slower
np.mean axis=1 (int8),Reduction,int8,1000,,0.003547,0.000715,available,,not_measured,managed,0.000715,4.960839,negligible
np.mean axis=1 (int8),Reduction,int8,100000,,0.057656,0.019521,available,,not_measured,managed,0.019521,2.953537,faster
np.mean axis=1 (int8),Reduction,int8,10000000,,8.175516,1.800225,available,,not_measured,managed,1.800225,4.541386,faster
np.mean axis=1 (uint16),Reduction,uint16,1000,,0.003401,0.00073,available,,not_measured,managed,0.00073,4.658904,negligible
np.mean axis=1 (uint16),Reduction,uint16,100000,,0.07139,0.019536,available,,not_measured,managed,0.019536,3.654279,faster
np.mean axis=1 (uint16),Reduction,uint16,10000000,,8.156626,1.867903,available,,not_measured,managed,1.867903,4.366729,faster
np.mean axis=1 (uint32),Reduction,uint32,1000,,0.003333,0.000792,available,,not_measured,managed,0.000792,4.208333,negligible
np.mean axis=1 (uint32),Reduction,uint32,100000,,0.048166,0.025448,available,,not_measured,managed,0.025448,1.892722,faster
np.mean axis=1 (uint32),Reduction,uint32,10000000,,8.166858,3.660882,available,,not_measured,managed,3.660882,2.230844,faster
np.mean axis=1 (uint64),Reduction,uint64,1000,,0.003378,0.002286,available,,not_measured,managed,0.002286,1.47769,faster
np.mean axis=1 (uint64),Reduction,uint64,100000,,0.055178,0.155696,available,,not_measured,managed,0.155696,0.354396,slower
np.mean axis=1 (uint64),Reduction,uint64,10000000,,12.03954,15.783554,available,,not_measured,managed,15.783554,0.76279,slower
np.mean axis=1 (uint8),Reduction,uint8,1000,,0.003399,0.000724,available,,not_measured,managed,0.000724,4.694751,negligible
np.mean axis=1 (uint8),Reduction,uint8,100000,,0.060542,0.01955,available,,not_measured,managed,0.01955,3.096777,faster
np.mean axis=1 (uint8),Reduction,uint8,10000000,,8.154746,1.800337,available,,not_measured,managed,1.800337,4.529566,faster
np.min (complex128),Reduction,complex128,1000,,0.003108,0.002152,available,,not_measured,managed,0.002152,1.444238,faster
np.min (complex128),Reduction,complex128,100000,,0.168406,0.143323,available,,not_measured,managed,0.143323,1.17501,faster
np.min (complex128),Reduction,complex128,10000000,,20.51365,18.827939,available,,not_measured,managed,18.827939,1.089532,faster
np.min (float16),Reduction,float16,1000,,0.003773,0.001814,available,,not_measured,managed,0.001814,2.079934,faster
np.min (float16),Reduction,float16,100000,,0.507354,0.404323,available,,not_measured,managed,0.404323,1.254823,faster
np.min (float16),Reduction,float16,10000000,,62.572702,41.818708,available,,not_measured,managed,41.818708,1.496285,faster
np.min (float32),Reduction,float32,1000,,0.001583,0.000665,available,,not_measured,managed,0.000665,2.380451,negligible
np.min (float32),Reduction,float32,100000,,0.006287,0.008927,available,,not_measured,managed,0.008927,0.704268,slower
np.min (float32),Reduction,float32,10000000,,3.518084,3.161715,available,,not_measured,managed,3.161715,1.112714,faster
np.min (float64),Reduction,float64,1000,,0.001605,0.000725,available,,not_measured,managed,0.000725,2.213793,negligible
np.min (float64),Reduction,float64,100000,,0.010999,0.017613,available,,not_measured,managed,0.017613,0.624482,slower
np.min (float64),Reduction,float64,10000000,,7.890132,8.208349,available,,not_measured,managed,8.208349,0.961233,close
np.min (int16),Reduction,int16,1000,,0.001528,0.000616,available,,not_measured,managed,0.000616,2.480519,negligible
np.min (int16),Reduction,int16,100000,,0.003305,0.002572,available,,not_measured,managed,0.002572,1.284992,faster
np.min (int16),Reduction,int16,10000000,,0.591712,0.508235,available,,not_measured,managed,0.508235,1.164249,faster
np.min (int32),Reduction,int32,1000,,0.001612,0.000799,available,,not_measured,managed,0.000799,2.017522,negligible
np.min (int32),Reduction,int32,100000,,0.004777,0.00418,available,,not_measured,managed,0.00418,1.142823,faster
np.min (int32),Reduction,int32,10000000,,3.10518,2.573466,available,,not_measured,managed,2.573466,1.206614,faster
np.min (int64),Reduction,int64,1000,,0.001598,0.000879,available,,not_measured,managed,0.000879,1.817975,negligible
np.min (int64),Reduction,int64,100000,,0.020346,0.027273,available,,not_measured,managed,0.027273,0.746013,slower
np.min (int64),Reduction,int64,10000000,,9.904288,8.210301,available,,not_measured,managed,8.210301,1.206325,faster
np.min (int8),Reduction,int8,1000,,0.001519,0.000622,available,,not_measured,managed,0.000622,2.442122,negligible
np.min (int8),Reduction,int8,100000,,0.002556,0.00147,available,,not_measured,managed,0.00147,1.738776,faster
np.min (int8),Reduction,int8,10000000,,0.253078,0.228026,available,,not_measured,managed,0.228026,1.109865,faster
np.min (uint16),Reduction,uint16,1000,,0.001522,0.000626,available,,not_measured,managed,0.000626,2.43131,negligible
np.min (uint16),Reduction,uint16,100000,,0.003021,0.002634,available,,not_measured,managed,0.002634,1.146925,faster
np.min (uint16),Reduction,uint16,10000000,,0.592168,0.516138,available,,not_measured,managed,0.516138,1.147306,faster
np.min (uint32),Reduction,uint32,1000,,0.001527,0.000626,available,,not_measured,managed,0.000626,2.439297,negligible
np.min (uint32),Reduction,uint32,100000,,0.004253,0.004619,available,,not_measured,managed,0.004619,0.920762,close
np.min (uint32),Reduction,uint32,10000000,,3.040448,2.599117,available,,not_measured,managed,2.599117,1.1698,faster
np.min (uint64),Reduction,uint64,1000,,0.001659,0.000976,available,,not_measured,managed,0.000976,1.699795,negligible
np.min (uint64),Reduction,uint64,100000,,0.01278,0.036758,available,,not_measured,managed,0.036758,0.347679,slower
np.min (uint64),Reduction,uint64,10000000,,8.491356,8.020852,available,,not_measured,managed,8.020852,1.05866,faster
np.min (uint8),Reduction,uint8,1000,,0.001525,0.000606,available,,not_measured,managed,0.000606,2.516502,negligible
np.min (uint8),Reduction,uint8,100000,,0.002276,0.00149,available,,not_measured,managed,0.00149,1.527517,faster
np.min (uint8),Reduction,uint8,10000000,,0.265628,0.228325,available,,not_measured,managed,0.228325,1.163377,faster
np.nanargmax(a) (float16),Reduction,float16,1000,,0.00864,0.005024,available,,not_measured,managed,0.005024,1.719745,faster
np.nanargmax(a) (float16),Reduction,float16,100000,,0.753788,0.273311,available,,not_measured,managed,0.273311,2.757986,faster
np.nanargmax(a) (float16),Reduction,float16,10000000,,78.341726,27.399382,available,,not_measured,managed,27.399382,2.859252,faster
np.nanargmax(a) (float32),Reduction,float32,1000,,0.006187,0.00313,available,,not_measured,managed,0.00313,1.976677,faster
np.nanargmax(a) (float32),Reduction,float32,100000,,0.076738,0.111005,available,,not_measured,managed,0.111005,0.691302,slower
np.nanargmax(a) (float32),Reduction,float32,10000000,,21.138828,12.796892,available,,not_measured,managed,12.796892,1.651872,faster
np.nanargmax(a) (float64),Reduction,float64,1000,,0.006091,0.00317,available,,not_measured,managed,0.00317,1.921451,faster
np.nanargmax(a) (float64),Reduction,float64,100000,,0.24481,0.112956,available,,not_measured,managed,0.112956,2.167304,faster
np.nanargmax(a) (float64),Reduction,float64,10000000,,40.735646,18.659345,available,,not_measured,managed,18.659345,2.183123,faster
np.nanargmin(a) (float16),Reduction,float16,1000,,0.009057,0.005015,available,,not_measured,managed,0.005015,1.805982,faster
np.nanargmin(a) (float16),Reduction,float16,100000,,0.735862,0.273467,available,,not_measured,managed,0.273467,2.690862,faster
np.nanargmin(a) (float16),Reduction,float16,10000000,,74.501494,27.403317,available,,not_measured,managed,27.403317,2.718704,faster
np.nanargmin(a) (float32),Reduction,float32,1000,,0.006103,0.00315,available,,not_measured,managed,0.00315,1.93746,faster
np.nanargmin(a) (float32),Reduction,float32,100000,,0.098472,0.111437,available,,not_measured,managed,0.111437,0.883656,close
np.nanargmin(a) (float32),Reduction,float32,10000000,,21.146904,12.767457,available,,not_measured,managed,12.767457,1.656313,faster
np.nanargmin(a) (float64),Reduction,float64,1000,,0.006104,0.003251,available,,not_measured,managed,0.003251,1.877576,faster
np.nanargmin(a) (float64),Reduction,float64,100000,,0.170796,0.11408,available,,not_measured,managed,0.11408,1.49716,faster
np.nanargmin(a) (float64),Reduction,float64,10000000,,41.019746,19.023808,available,,not_measured,managed,19.023808,2.156232,faster
np.nanmax(a) (float16),Reduction,float16,1000,,0.005171,0.001815,available,,not_measured,managed,0.001815,2.849036,faster
np.nanmax(a) (float16),Reduction,float16,100000,,0.501074,0.424056,available,,not_measured,managed,0.424056,1.181622,faster
np.nanmax(a) (float16),Reduction,float16,10000000,,62.349184,43.71521,available,,not_measured,managed,43.71521,1.426258,faster
np.nanmax(a) (float32),Reduction,float32,1000,,0.002906,0.000836,available,,not_measured,managed,0.000836,3.476077,negligible
np.nanmax(a) (float32),Reduction,float32,100000,,0.030104,0.050744,available,,not_measured,managed,0.050744,0.593252,slower
np.nanmax(a) (float32),Reduction,float32,10000000,,3.913178,5.565943,available,,not_measured,managed,5.565943,0.703058,slower
np.nanmax(a) (float64),Reduction,float64,1000,,0.003063,0.001332,available,,not_measured,managed,0.001332,2.29955,faster
np.nanmax(a) (float64),Reduction,float64,100000,,0.09933,0.102087,available,,not_measured,managed,0.102087,0.972994,close
np.nanmax(a) (float64),Reduction,float64,10000000,,9.04524,11.387654,available,,not_measured,managed,11.387654,0.794302,slower
np.nanmean(a) (float16),Reduction,float16,1000,,0.012807,0.002633,available,,not_measured,managed,0.002633,4.864033,faster
np.nanmean(a) (float16),Reduction,float16,100000,,0.353904,0.201682,available,,not_measured,managed,0.201682,1.754762,faster
np.nanmean(a) (float16),Reduction,float16,10000000,,53.354886,20.382362,available,,not_measured,managed,20.382362,2.617699,faster
np.nanmean(a) (float32),Reduction,float32,1000,,0.009971,0.001347,available,,not_measured,managed,0.001347,7.402376,faster
np.nanmean(a) (float32),Reduction,float32,100000,,0.17115,0.071415,available,,not_measured,managed,0.071415,2.396555,faster
np.nanmean(a) (float32),Reduction,float32,10000000,,36.133634,7.309621,available,,not_measured,managed,7.309621,4.943298,faster
np.nanmean(a) (float64),Reduction,float64,1000,,0.008421,0.001305,available,,not_measured,managed,0.001305,6.452874,faster
np.nanmean(a) (float64),Reduction,float64,100000,,0.26486,0.071487,available,,not_measured,managed,0.071487,3.705009,faster
np.nanmean(a) (float64),Reduction,float64,10000000,,54.490434,9.196712,available,,not_measured,managed,9.196712,5.924991,faster
np.nanmedian(a) (float16),Reduction,float16,1000,,0.018444,0.012209,available,,not_measured,managed,0.012209,1.510689,faster
np.nanmedian(a) (float16),Reduction,float16,100000,,1.295574,1.689563,available,,not_measured,managed,1.689563,0.76681,slower
np.nanmedian(a) (float16),Reduction,float16,10000000,,155.725276,125.93406,available,,not_measured,managed,125.93406,1.236562,faster
np.nanmedian(a) (float32),Reduction,float32,1000,,0.013738,0.004627,available,,not_measured,managed,0.004627,2.969094,faster
np.nanmedian(a) (float32),Reduction,float32,100000,,0.70046,0.348112,available,,not_measured,managed,0.348112,2.012168,faster
np.nanmedian(a) (float32),Reduction,float32,10000000,,103.676086,49.944024,available,,not_measured,managed,49.944024,2.075846,faster
np.nanmedian(a) (float64),Reduction,float64,1000,,0.012093,0.004779,available,,not_measured,managed,0.004779,2.530446,faster
np.nanmedian(a) (float64),Reduction,float64,100000,,0.769448,0.358515,available,,not_measured,managed,0.358515,2.146209,faster
np.nanmedian(a) (float64),Reduction,float64,10000000,,127.973914,61.061494,available,,not_measured,managed,61.061494,2.09582,faster
np.nanmin(a) (float16),Reduction,float16,1000,,0.005138,0.001857,available,,not_measured,managed,0.001857,2.766828,faster
np.nanmin(a) (float16),Reduction,float16,100000,,0.50021,0.426143,available,,not_measured,managed,0.426143,1.173808,faster
np.nanmin(a) (float16),Reduction,float16,10000000,,60.876862,44.012749,available,,not_measured,managed,44.012749,1.383164,faster
np.nanmin(a) (float32),Reduction,float32,1000,,0.003055,0.00083,available,,not_measured,managed,0.00083,3.680723,negligible
np.nanmin(a) (float32),Reduction,float32,100000,,0.030052,0.050735,available,,not_measured,managed,0.050735,0.592333,slower
np.nanmin(a) (float32),Reduction,float32,10000000,,3.799522,5.518994,available,,not_measured,managed,5.518994,0.688445,slower
np.nanmin(a) (float64),Reduction,float64,1000,,0.002999,0.001338,available,,not_measured,managed,0.001338,2.241405,faster
np.nanmin(a) (float64),Reduction,float64,100000,,0.061318,0.102392,available,,not_measured,managed,0.102392,0.598855,slower
np.nanmin(a) (float64),Reduction,float64,10000000,,7.484868,11.387623,available,,not_measured,managed,11.387623,0.657281,slower
"np.nanpercentile(a, 50) (float16)",Reduction,float16,1000,,0.031268,0.012115,available,,not_measured,managed,0.012115,2.580933,faster
"np.nanpercentile(a, 50) (float16)",Reduction,float16,100000,,2.70544,1.695602,available,,not_measured,managed,1.695602,1.595563,faster
"np.nanpercentile(a, 50) (float16)",Reduction,float16,10000000,,169.434184,126.00535,available,,not_measured,managed,126.00535,1.344659,faster
"np.nanpercentile(a, 50) (float32)",Reduction,float32,1000,,0.027301,0.004623,available,,not_measured,managed,0.004623,5.905473,faster
"np.nanpercentile(a, 50) (float32)",Reduction,float32,100000,,1.008888,0.347762,available,,not_measured,managed,0.347762,2.901088,faster
"np.nanpercentile(a, 50) (float32)",Reduction,float32,10000000,,71.772956,49.931336,available,,not_measured,managed,49.931336,1.437433,faster
"np.nanpercentile(a, 50) (float64)",Reduction,float64,1000,,0.025835,0.004778,available,,not_measured,managed,0.004778,5.407074,faster
"np.nanpercentile(a, 50) (float64)",Reduction,float64,100000,,1.27896,0.359939,available,,not_measured,managed,0.359939,3.553269,faster
"np.nanpercentile(a, 50) (float64)",Reduction,float64,10000000,,95.019578,61.007024,available,,not_measured,managed,61.007024,1.557519,faster
np.nanprod(a) (float16),Reduction,float16,1000,,0.022644,0.00222,available,,not_measured,managed,0.00222,10.2,faster
np.nanprod(a) (float16),Reduction,float16,100000,,0.217366,0.209378,available,,not_measured,managed,0.209378,1.038151,close
np.nanprod(a) (float16),Reduction,float16,10000000,,40.20315,18.799559,available,,not_measured,managed,18.799559,2.138516,faster
np.nanprod(a) (float32),Reduction,float32,1000,,0.021389,0.000795,available,,not_measured,managed,0.000795,26.904403,negligible
np.nanprod(a) (float32),Reduction,float32,100000,,7.115728,1.953702,available,,not_measured,managed,1.953702,3.642177,faster
np.nanprod(a) (float32),Reduction,float32,10000000,,671.184194,200.429416,available,,not_measured,managed,200.429416,3.348731,faster
np.nanprod(a) (float64),Reduction,float64,1000,,0.004234,0.000895,available,,not_measured,managed,0.000895,4.730726,negligible
np.nanprod(a) (float64),Reduction,float64,100000,,7.531502,3.075286,available,,not_measured,managed,3.075286,2.449041,faster
np.nanprod(a) (float64),Reduction,float64,10000000,,730.30138,338.264585,available,,not_measured,managed,338.264585,2.158965,faster
"np.nanquantile(a, 0.5) (float16)",Reduction,float16,1000,,0.031134,0.012144,available,,not_measured,managed,0.012144,2.563735,faster
"np.nanquantile(a, 0.5) (float16)",Reduction,float16,100000,,2.646052,1.693705,available,,not_measured,managed,1.693705,1.562286,faster
"np.nanquantile(a, 0.5) (float16)",Reduction,float16,10000000,,171.016732,125.900272,available,,not_measured,managed,125.900272,1.358351,faster
"np.nanquantile(a, 0.5) (float32)",Reduction,float32,1000,,0.026842,0.004626,available,,not_measured,managed,0.004626,5.802421,faster
"np.nanquantile(a, 0.5) (float32)",Reduction,float32,100000,,0.970238,0.347829,available,,not_measured,managed,0.347829,2.789411,faster
"np.nanquantile(a, 0.5) (float32)",Reduction,float32,10000000,,71.487026,49.883547,available,,not_measured,managed,49.883547,1.433078,faster
"np.nanquantile(a, 0.5) (float64)",Reduction,float64,1000,,0.024809,0.004725,available,,not_measured,managed,0.004725,5.250582,faster
"np.nanquantile(a, 0.5) (float64)",Reduction,float64,100000,,1.09052,0.360613,available,,not_measured,managed,0.360613,3.024073,faster
"np.nanquantile(a, 0.5) (float64)",Reduction,float64,10000000,,94.694042,60.884794,available,,not_measured,managed,60.884794,1.555299,faster
np.nanstd(a) (float16),Reduction,float16,1000,,0.033746,0.00494,available,,not_measured,managed,0.00494,6.831174,faster
np.nanstd(a) (float16),Reduction,float16,100000,,1.378024,0.404557,available,,not_measured,managed,0.404557,3.406254,faster
np.nanstd(a) (float16),Reduction,float16,10000000,,254.183864,40.370743,available,,not_measured,managed,40.370743,6.296239,faster
np.nanstd(a) (float32),Reduction,float32,1000,,0.019944,0.002419,available,,not_measured,managed,0.002419,8.244729,faster
np.nanstd(a) (float32),Reduction,float32,100000,,0.490642,0.148223,available,,not_measured,managed,0.148223,3.310161,faster
np.nanstd(a) (float32),Reduction,float32,10000000,,62.367396,15.170547,available,,not_measured,managed,15.170547,4.111084,faster
np.nanstd(a) (float64),Reduction,float64,1000,,0.01889,0.002282,available,,not_measured,managed,0.002282,8.277826,faster
np.nanstd(a) (float64),Reduction,float64,100000,,0.536912,0.142819,available,,not_measured,managed,0.142819,3.759388,faster
np.nanstd(a) (float64),Reduction,float64,10000000,,96.20322,18.544104,available,,not_measured,managed,18.544104,5.187806,faster
np.nansum(a) (float16),Reduction,float16,1000,,0.006177,0.002218,available,,not_measured,managed,0.002218,2.784941,faster
np.nansum(a) (float16),Reduction,float16,100000,,0.287634,0.188905,available,,not_measured,managed,0.188905,1.522638,faster
np.nansum(a) (float16),Reduction,float16,10000000,,73.78386,18.732402,available,,not_measured,managed,18.732402,3.938836,faster
np.nansum(a) (float32),Reduction,float32,1000,,0.003976,0.000643,available,,not_measured,managed,0.000643,6.183515,negligible
np.nansum(a) (float32),Reduction,float32,100000,,0.061528,0.009314,available,,not_measured,managed,0.009314,6.60597,faster
np.nansum(a) (float32),Reduction,float32,10000000,,25.107516,3.242039,available,,not_measured,managed,3.242039,7.74436,faster
np.nansum(a) (float64),Reduction,float64,1000,,0.003874,0.000724,available,,not_measured,managed,0.000724,5.350829,negligible
np.nansum(a) (float64),Reduction,float64,100000,,0.10265,0.018148,available,,not_measured,managed,0.018148,5.656271,faster
np.nansum(a) (float64),Reduction,float64,10000000,,43.178284,8.531997,available,,not_measured,managed,8.531997,5.060748,faster
np.nanvar(a) (float16),Reduction,float16,1000,,0.030402,0.005017,available,,not_measured,managed,0.005017,6.059797,faster
np.nanvar(a) (float16),Reduction,float16,100000,,1.1673,0.404058,available,,not_measured,managed,0.404058,2.888942,faster
np.nanvar(a) (float16),Reduction,float16,10000000,,231.139024,40.364714,available,,not_measured,managed,40.364714,5.726264,faster
np.nanvar(a) (float32),Reduction,float32,1000,,0.019206,0.002422,available,,not_measured,managed,0.002422,7.92981,faster
np.nanvar(a) (float32),Reduction,float32,100000,,0.324702,0.148207,available,,not_measured,managed,0.148207,2.190868,faster
np.nanvar(a) (float32),Reduction,float32,10000000,,63.119736,15.183578,available,,not_measured,managed,15.183578,4.157106,faster
np.nanvar(a) (float64),Reduction,float64,1000,,0.019372,0.002288,available,,not_measured,managed,0.002288,8.466783,faster
np.nanvar(a) (float64),Reduction,float64,100000,,0.386214,0.142674,available,,not_measured,managed,0.142674,2.706968,faster
np.nanvar(a) (float64),Reduction,float64,10000000,,97.639522,18.522896,available,,not_measured,managed,18.522896,5.271288,faster
np.prod (float64),Reduction,float64,1000,,0.002192,0.000655,available,,not_measured,managed,0.000655,3.346565,negligible
np.prod (float64),Reduction,float64,100000,,6.927486,1.115695,available,,not_measured,managed,1.115695,6.209122,faster
np.prod (float64),Reduction,float64,10000000,,701.76895,410.294898,available,,not_measured,managed,410.294898,1.710401,faster
np.prod (int64),Reduction,int64,1000,,0.002015,0.000974,available,,not_measured,managed,0.000974,2.068789,negligible
np.prod (int64),Reduction,int64,100000,,0.131082,0.038038,available,,not_measured,managed,0.038038,3.44608,faster
np.prod (int64),Reduction,int64,10000000,,12.869516,8.100044,available,,not_measured,managed,8.100044,1.588821,faster
np.prod axis=0 (float64),Reduction,float64,1000,,0.001832,0.000867,available,,not_measured,managed,0.000867,2.113033,negligible
np.prod axis=0 (float64),Reduction,float64,100000,,0.02314,0.019042,available,,not_measured,managed,0.019042,1.215208,faster
np.prod axis=0 (float64),Reduction,float64,10000000,,109.274858,120.936704,available,,not_measured,managed,120.936704,0.903571,close
np.prod axis=0 (int64),Reduction,int64,1000,,0.001888,0.001002,available,,not_measured,managed,0.001002,1.884232,faster
np.prod axis=0 (int64),Reduction,int64,100000,,0.05945,0.040485,available,,not_measured,managed,0.040485,1.468445,faster
np.prod axis=0 (int64),Reduction,int64,10000000,,9.096764,8.09616,available,,not_measured,managed,8.09616,1.12359,faster
np.prod axis=1 (float64),Reduction,float64,1000,,0.001823,0.000727,available,,not_measured,managed,0.000727,2.507565,negligible
np.prod axis=1 (float64),Reduction,float64,100000,,0.128312,0.012075,available,,not_measured,managed,0.012075,10.626253,faster
np.prod axis=1 (float64),Reduction,float64,10000000,,191.56143,7.992046,available,,not_measured,managed,7.992046,23.96901,negligible
np.prod axis=1 (int64),Reduction,int64,1000,,0.001823,0.001425,available,,not_measured,managed,0.001425,1.279298,faster
np.prod axis=1 (int64),Reduction,int64,100000,,0.124868,0.044004,available,,not_measured,managed,0.044004,2.837651,faster
np.prod axis=1 (int64),Reduction,int64,10000000,,13.002114,7.994327,available,,not_measured,managed,7.994327,1.626418,faster
np.std (float16),Reduction,float16,1000,,0.019499,0.004214,available,,not_measured,managed,0.004214,4.627195,faster
np.std (float16),Reduction,float16,100000,,0.887842,0.382202,available,,not_measured,managed,0.382202,2.322965,faster
np.std (float16),Reduction,float16,10000000,,163.181272,38.385082,available,,not_measured,managed,38.385082,4.251164,faster
np.std (float32),Reduction,float32,1000,,0.008278,0.000816,available,,not_measured,managed,0.000816,10.144608,negligible
np.std (float32),Reduction,float32,100000,,0.049154,0.01823,available,,not_measured,managed,0.01823,2.696325,faster
np.std (float32),Reduction,float32,10000000,,30.337548,5.985627,available,,not_measured,managed,5.985627,5.068399,faster
np.std (float64),Reduction,float64,1000,,0.006962,0.000955,available,,not_measured,managed,0.000955,7.290052,negligible
np.std (float64),Reduction,float64,100000,,0.06471,0.035449,available,,not_measured,managed,0.035449,1.825439,faster
np.std (float64),Reduction,float64,10000000,,57.67293,16.091427,available,,not_measured,managed,16.091427,3.584078,faster
np.std axis=0 (float16),Reduction,float16,1000,,0.021325,0.010851,available,,not_measured,managed,0.010851,1.965257,faster
np.std axis=0 (float16),Reduction,float16,100000,,1.255712,0.808505,available,,not_measured,managed,0.808505,1.553128,faster
np.std axis=0 (float16),Reduction,float16,10000000,,253.005186,187.553814,available,,not_measured,managed,187.553814,1.348974,faster
np.std axis=0 (float32),Reduction,float32,1000,,0.008477,0.002828,available,,not_measured,managed,0.002828,2.997525,faster
np.std axis=0 (float32),Reduction,float32,100000,,0.040814,0.062577,available,,not_measured,managed,0.062577,0.65222,slower
np.std axis=0 (float32),Reduction,float32,10000000,,24.947674,8.021362,available,,not_measured,managed,8.021362,3.110154,faster
np.std axis=0 (float64),Reduction,float64,1000,,0.007234,0.001101,available,,not_measured,managed,0.001101,6.570391,faster
np.std axis=0 (float64),Reduction,float64,100000,,0.065302,0.038005,available,,not_measured,managed,0.038005,1.718248,faster
np.std axis=0 (float64),Reduction,float64,10000000,,54.711984,15.439957,available,,not_measured,managed,15.439957,3.543532,faster
np.sum (complex128),Reduction,complex128,1000,,0.001755,0.000889,available,,not_measured,managed,0.000889,1.974128,negligible
np.sum (complex128),Reduction,complex128,100000,,0.041574,0.021328,available,,not_measured,managed,0.021328,1.949269,faster
np.sum (complex128),Reduction,complex128,10000000,,17.238494,16.054403,available,,not_measured,managed,16.054403,1.073755,faster
np.sum (float16),Reduction,float16,1000,,0.003518,0.000983,available,,not_measured,managed,0.000983,3.57884,negligible
np.sum (float16),Reduction,float16,100000,,0.202718,0.067278,available,,not_measured,managed,0.067278,3.01314,faster
np.sum (float16),Reduction,float16,10000000,,23.925544,6.940229,available,,not_measured,managed,6.940229,3.447371,faster
np.sum (float32),Reduction,float32,1000,,0.001611,0.000619,available,,not_measured,managed,0.000619,2.602585,negligible
np.sum (float32),Reduction,float32,100000,,0.016678,0.005684,available,,not_measured,managed,0.005684,2.934201,faster
np.sum (float32),Reduction,float32,10000000,,7.615222,2.674945,available,,not_measured,managed,2.674945,2.84687,faster
np.sum (float64),Reduction,float64,1000,,0.001623,0.004861,available,,not_measured,managed,0.004861,0.333882,slower
np.sum (float64),Reduction,float64,100000,,0.017703,0.188395,available,,not_measured,managed,0.188395,0.093967,much_slower
np.sum (float64),Reduction,float64,10000000,,14.657154,10.593783,available,,not_measured,managed,10.593783,1.383562,faster
np.sum (int16),Reduction,int16,1000,,0.001962,0.000792,available,,not_measured,managed,0.000792,2.477273,negligible
np.sum (int16),Reduction,int16,100000,,0.033958,0.044802,available,,not_measured,managed,0.044802,0.757957,slower
np.sum (int16),Reduction,int16,10000000,,6.472002,4.447872,available,,not_measured,managed,4.447872,1.455078,faster
np.sum (int32),Reduction,int32,1000,,0.002191,0.000799,available,,not_measured,managed,0.000799,2.742178,negligible
np.sum (int32),Reduction,int32,100000,,0.037944,0.044667,available,,not_measured,managed,0.044667,0.849486,close
np.sum (int32),Reduction,int32,10000000,,8.597708,5.119335,available,,not_measured,managed,5.119335,1.679458,faster
np.sum (int64),Reduction,int64,1000,,0.001697,0.000658,available,,not_measured,managed,0.000658,2.579027,negligible
np.sum (int64),Reduction,int64,100000,,0.016962,0.007782,available,,not_measured,managed,0.007782,2.179645,faster
np.sum (int64),Reduction,int64,10000000,,9.329916,7.362734,available,,not_measured,managed,7.362734,1.267181,faster
np.sum (int8),Reduction,int8,1000,,0.001935,0.000796,available,,not_measured,managed,0.000796,2.430905,negligible
np.sum (int8),Reduction,int8,100000,,0.033626,0.045068,available,,not_measured,managed,0.045068,0.746117,slower
np.sum (int8),Reduction,int8,10000000,,7.983268,4.71921,available,,not_measured,managed,4.71921,1.691653,faster
np.sum (uint16),Reduction,uint16,1000,,0.001918,0.000962,available,,not_measured,managed,0.000962,1.993763,negligible
np.sum (uint16),Reduction,uint16,100000,,0.0331,0.039471,available,,not_measured,managed,0.039471,0.83859,close
np.sum (uint16),Reduction,uint16,10000000,,8.012282,4.252759,available,,not_measured,managed,4.252759,1.88402,faster
np.sum (uint32),Reduction,uint32,1000,,0.001947,0.000962,available,,not_measured,managed,0.000962,2.023909,negligible
np.sum (uint32),Reduction,uint32,100000,,0.034482,0.039354,available,,not_measured,managed,0.039354,0.876201,close
np.sum (uint32),Reduction,uint32,10000000,,7.45758,4.91456,available,,not_measured,managed,4.91456,1.517446,faster
np.sum (uint64),Reduction,uint64,1000,,0.001887,0.000659,available,,not_measured,managed,0.000659,2.863429,negligible
np.sum (uint64),Reduction,uint64,100000,,0.016186,0.007781,available,,not_measured,managed,0.007781,2.080195,faster
np.sum (uint64),Reduction,uint64,10000000,,9.259918,7.480556,available,,not_measured,managed,7.480556,1.237865,faster
np.sum (uint8),Reduction,uint8,1000,,0.002258,0.000983,available,,not_measured,managed,0.000983,2.29705,negligible
np.sum (uint8),Reduction,uint8,100000,,0.034272,0.040981,available,,not_measured,managed,0.040981,0.83629,close
np.sum (uint8),Reduction,uint8,10000000,,7.869952,3.749154,available,,not_measured,managed,3.749154,2.099127,faster
np.sum axis=0 (complex128),Reduction,complex128,1000,,0.002045,0.002784,available,,not_measured,managed,0.002784,0.734555,slower
np.sum axis=0 (complex128),Reduction,complex128,100000,,0.020068,0.038816,available,,not_measured,managed,0.038816,0.517003,slower
np.sum axis=0 (complex128),Reduction,complex128,10000000,,16.80738,16.326121,available,,not_measured,managed,16.326121,1.029478,close
np.sum axis=0 (float16),Reduction,float16,1000,,0.004844,0.005053,available,,not_measured,managed,0.005053,0.958638,close
np.sum axis=0 (float16),Reduction,float16,100000,,0.291442,0.153916,available,,not_measured,managed,0.153916,1.893513,faster
np.sum axis=0 (float16),Reduction,float16,10000000,,65.64707,13.68778,available,,not_measured,managed,13.68778,4.796035,faster
np.sum axis=0 (float32),Reduction,float32,1000,,0.001842,0.002133,available,,not_measured,managed,0.002133,0.863572,close
np.sum axis=0 (float32),Reduction,float32,100000,,0.007759,0.014775,available,,not_measured,managed,0.014775,0.525144,slower
np.sum axis=0 (float32),Reduction,float32,10000000,,3.508432,3.265348,available,,not_measured,managed,3.265348,1.074444,faster
np.sum axis=0 (float64),Reduction,float64,1000,,0.001859,0.00235,available,,not_measured,managed,0.00235,0.791064,slower
np.sum axis=0 (float64),Reduction,float64,100000,,0.015529,0.022931,available,,not_measured,managed,0.022931,0.677206,slower
np.sum axis=0 (float64),Reduction,float64,10000000,,8.429738,8.17321,available,,not_measured,managed,8.17321,1.031386,close
np.sum axis=0 (int16),Reduction,int16,1000,,0.002302,0.001241,available,,not_measured,managed,0.001241,1.854956,faster
np.sum axis=0 (int16),Reduction,int16,100000,,0.049268,0.009459,available,,not_measured,managed,0.009459,5.208584,faster
np.sum axis=0 (int16),Reduction,int16,10000000,,8.76776,0.865333,available,,not_measured,managed,0.865333,10.132238,faster
np.sum axis=0 (int32),Reduction,int32,1000,,0.002317,0.000852,available,,not_measured,managed,0.000852,2.719484,negligible
np.sum axis=0 (int32),Reduction,int32,100000,,0.057928,0.014186,available,,not_measured,managed,0.014186,4.083463,faster
np.sum axis=0 (int32),Reduction,int32,10000000,,10.809008,3.397921,available,,not_measured,managed,3.397921,3.181065,faster
np.sum axis=0 (int64),Reduction,int64,1000,,0.001931,0.000857,available,,not_measured,managed,0.000857,2.253209,negligible
np.sum axis=0 (int64),Reduction,int64,100000,,0.03394,0.019149,available,,not_measured,managed,0.019149,1.772416,faster
np.sum axis=0 (int64),Reduction,int64,10000000,,8.646112,7.906954,available,,not_measured,managed,7.906954,1.093482,faster
np.sum axis=0 (int8),Reduction,int8,1000,,0.002334,0.001252,available,,not_measured,managed,0.001252,1.864217,faster
np.sum axis=0 (int8),Reduction,int8,100000,,0.048256,0.009383,available,,not_measured,managed,0.009383,5.142918,faster
np.sum axis=0 (int8),Reduction,int8,10000000,,9.991278,0.745107,available,,not_measured,managed,0.745107,13.409186,faster
np.sum axis=0 (uint16),Reduction,uint16,1000,,0.002339,0.001253,available,,not_measured,managed,0.001253,1.86672,faster
np.sum axis=0 (uint16),Reduction,uint16,100000,,0.048158,0.009475,available,,not_measured,managed,0.009475,5.082639,faster
np.sum axis=0 (uint16),Reduction,uint16,10000000,,10.172962,0.864084,available,,not_measured,managed,0.864084,11.773117,faster
np.sum axis=0 (uint32),Reduction,uint32,1000,,0.002257,0.000853,available,,not_measured,managed,0.000853,2.645955,negligible
np.sum axis=0 (uint32),Reduction,uint32,100000,,0.048794,0.014168,available,,not_measured,managed,0.014168,3.443958,faster
np.sum axis=0 (uint32),Reduction,uint32,10000000,,9.729376,3.427637,available,,not_measured,managed,3.427637,2.838508,faster
np.sum axis=0 (uint64),Reduction,uint64,1000,,0.001925,0.000877,available,,not_measured,managed,0.000877,2.194983,negligible
np.sum axis=0 (uint64),Reduction,uint64,100000,,0.031909,0.018942,available,,not_measured,managed,0.018942,1.684563,faster
np.sum axis=0 (uint64),Reduction,uint64,10000000,,8.786162,7.956378,available,,not_measured,managed,7.956378,1.104292,faster
np.sum axis=0 (uint8),Reduction,uint8,1000,,0.002486,0.001281,available,,not_measured,managed,0.001281,1.940671,faster
np.sum axis=0 (uint8),Reduction,uint8,100000,,0.04757,0.009362,available,,not_measured,managed,0.009362,5.081179,faster
np.sum axis=0 (uint8),Reduction,uint8,10000000,,10.00692,0.749115,available,,not_measured,managed,0.749115,13.358323,faster
np.sum axis=1 (complex128),Reduction,complex128,1000,,0.002037,0.002793,available,,not_measured,managed,0.002793,0.729323,slower
np.sum axis=1 (complex128),Reduction,complex128,100000,,0.034062,0.046587,available,,not_measured,managed,0.046587,0.731148,slower
np.sum axis=1 (complex128),Reduction,complex128,10000000,,17.104158,17.253403,available,,not_measured,managed,17.253403,0.99135,close
np.sum axis=1 (float16),Reduction,float16,1000,,0.003758,0.004895,available,,not_measured,managed,0.004895,0.767722,slower
np.sum axis=1 (float16),Reduction,float16,100000,,0.205644,0.081686,available,,not_measured,managed,0.081686,2.517494,faster
np.sum axis=1 (float16),Reduction,float16,10000000,,25.155094,6.874835,available,,not_measured,managed,6.874835,3.659011,faster
np.sum axis=1 (float32),Reduction,float32,1000,,0.001871,0.002326,available,,not_measured,managed,0.002326,0.804385,close
np.sum axis=1 (float32),Reduction,float32,100000,,0.017505,0.019972,available,,not_measured,managed,0.019972,0.876477,close
np.sum axis=1 (float32),Reduction,float32,10000000,,7.737072,3.365203,available,,not_measured,managed,3.365203,2.29914,faster
np.sum axis=1 (float64),Reduction,float64,1000,,0.001828,0.002382,available,,not_measured,managed,0.002382,0.767422,slower
np.sum axis=1 (float64),Reduction,float64,100000,,0.023281,0.022474,available,,not_measured,managed,0.022474,1.035908,close
np.sum axis=1 (float64),Reduction,float64,10000000,,12.11444,8.349412,available,,not_measured,managed,8.349412,1.450933,faster
np.sum axis=1 (int16),Reduction,int16,1000,,0.002325,0.000797,available,,not_measured,managed,0.000797,2.917189,negligible
np.sum axis=1 (int16),Reduction,int16,100000,,0.037492,0.006763,available,,not_measured,managed,0.006763,5.543694,faster
np.sum axis=1 (int16),Reduction,int16,10000000,,6.60229,0.703457,available,,not_measured,managed,0.703457,9.385492,faster
np.sum axis=1 (int32),Reduction,int32,1000,,0.00235,0.000797,available,,not_measured,managed,0.000797,2.948557,negligible
np.sum axis=1 (int32),Reduction,int32,100000,,0.044248,0.009575,available,,not_measured,managed,0.009575,4.621201,faster
np.sum axis=1 (int32),Reduction,int32,10000000,,8.93815,3.410226,available,,not_measured,managed,3.410226,2.620985,faster
np.sum axis=1 (int64),Reduction,int64,1000,,0.001857,0.000734,available,,not_measured,managed,0.000734,2.529973,negligible
np.sum axis=1 (int64),Reduction,int64,100000,,0.019743,0.011489,available,,not_measured,managed,0.011489,1.718426,faster
np.sum axis=1 (int64),Reduction,int64,10000000,,9.37902,8.064225,available,,not_measured,managed,8.064225,1.16304,faster
np.sum axis=1 (int8),Reduction,int8,1000,,0.002221,0.000798,available,,not_measured,managed,0.000798,2.783208,negligible
np.sum axis=1 (int8),Reduction,int8,100000,,0.038924,0.006705,available,,not_measured,managed,0.006705,5.80522,faster
np.sum axis=1 (int8),Reduction,int8,10000000,,7.89939,0.494123,available,,not_measured,managed,0.494123,15.986688,faster
np.sum axis=1 (uint16),Reduction,uint16,1000,,0.002181,0.000779,available,,not_measured,managed,0.000779,2.799743,negligible
np.sum axis=1 (uint16),Reduction,uint16,100000,,0.038012,0.006758,available,,not_measured,managed,0.006758,5.624741,faster
np.sum axis=1 (uint16),Reduction,uint16,10000000,,8.04008,0.704174,available,,not_measured,managed,0.704174,11.417746,faster
np.sum axis=1 (uint32),Reduction,uint32,1000,,0.002451,0.000799,available,,not_measured,managed,0.000799,3.067584,negligible
np.sum axis=1 (uint32),Reduction,uint32,100000,,0.037272,0.009623,available,,not_measured,managed,0.009623,3.87322,faster
np.sum axis=1 (uint32),Reduction,uint32,10000000,,7.614444,3.412988,available,,not_measured,managed,3.412988,2.23102,faster
np.sum axis=1 (uint64),Reduction,uint64,1000,,0.001854,0.00074,available,,not_measured,managed,0.00074,2.505405,negligible
np.sum axis=1 (uint64),Reduction,uint64,100000,,0.017542,0.011579,available,,not_measured,managed,0.011579,1.514984,faster
np.sum axis=1 (uint64),Reduction,uint64,10000000,,8.182326,8.167801,available,,not_measured,managed,8.167801,1.001778,close
np.sum axis=1 (uint8),Reduction,uint8,1000,,0.002412,0.000782,available,,not_measured,managed,0.000782,3.084399,negligible
np.sum axis=1 (uint8),Reduction,uint8,100000,,0.037026,0.006696,available,,not_measured,managed,0.006696,5.52957,faster
np.sum axis=1 (uint8),Reduction,uint8,10000000,,7.173244,0.484586,available,,not_measured,managed,0.484586,14.80283,faster
np.var (float16),Reduction,float16,1000,,0.019001,0.004157,available,,not_measured,managed,0.004157,4.570844,faster
np.var (float16),Reduction,float16,100000,,0.921738,0.382092,available,,not_measured,managed,0.382092,2.412346,faster
np.var (float16),Reduction,float16,10000000,,161.630448,38.382017,available,,not_measured,managed,38.382017,4.211098,faster
np.var (float32),Reduction,float32,1000,,0.007671,0.000826,available,,not_measured,managed,0.000826,9.286925,negligible
np.var (float32),Reduction,float32,100000,,0.04862,0.018328,available,,not_measured,managed,0.018328,2.652772,faster
np.var (float32),Reduction,float32,10000000,,30.388744,5.997064,available,,not_measured,managed,5.997064,5.06727,faster
np.var (float64),Reduction,float64,1000,,0.006132,0.000957,available,,not_measured,managed,0.000957,6.407524,negligible
np.var (float64),Reduction,float64,100000,,0.067632,0.035879,available,,not_measured,managed,0.035879,1.885002,faster
np.var (float64),Reduction,float64,10000000,,58.166706,16.488997,available,,not_measured,managed,16.488997,3.527607,faster
np.var axis=0 (float16),Reduction,float16,1000,,0.019227,0.011058,available,,not_measured,managed,0.011058,1.738741,faster
np.var axis=0 (float16),Reduction,float16,100000,,1.165148,0.808241,available,,not_measured,managed,0.808241,1.441585,faster
np.var axis=0 (float16),Reduction,float16,10000000,,249.13364,187.836886,available,,not_measured,managed,187.836886,1.32633,faster
np.var axis=0 (float32),Reduction,float32,1000,,0.008149,0.002879,available,,not_measured,managed,0.002879,2.830497,faster
np.var axis=0 (float32),Reduction,float32,100000,,0.040748,0.061852,available,,not_measured,managed,0.061852,0.658798,slower
np.var axis=0 (float32),Reduction,float32,10000000,,25.60073,8.017584,available,,not_measured,managed,8.017584,3.193073,faster
np.var axis=0 (float64),Reduction,float64,1000,,0.007661,0.001015,available,,not_measured,managed,0.001015,7.547783,faster
np.var axis=0 (float64),Reduction,float64,100000,,0.064552,0.037365,available,,not_measured,managed,0.037365,1.727606,faster
np.var axis=0 (float64),Reduction,float64,10000000,,52.09604,15.65388,available,,not_measured,managed,15.65388,3.327995,faster
"np.choose(selector, choices) (float64)",Selection,float64,1000,,0.006305,0.005513,available,,not_measured,managed,0.005513,1.14366,faster
"np.choose(selector, choices) (float64)",Selection,float64,100000,,0.58906,0.295031,available,,not_measured,managed,0.295031,1.996604,faster
"np.compress(mask, a) (float64)",Selection,float64,1000,,0.001918,0.002086,available,,not_measured,managed,0.002086,0.919463,close
"np.compress(mask, a) (float64)",Selection,float64,100000,,0.082728,0.12157,available,,not_measured,managed,0.12157,0.680497,slower
np.diag_indices(n) (float64),Selection,float64,1000,,0.000404,0.000964,available,,not_measured,managed,0.000964,0.419087,negligible
np.diag_indices(n) (float64),Selection,float64,100000,,0.000516,0.001436,available,,not_measured,managed,0.001436,0.359331,negligible
np.diag_indices_from(a) (float64),Selection,float64,1000,,0.00433,0.000889,available,,not_measured,managed,0.000889,4.870641,negligible
np.diag_indices_from(a) (float64),Selection,float64,100000,,0.00426,0.001541,available,,not_measured,managed,0.001541,2.764439,faster
"np.extract(mask, a) (float64)",Selection,float64,1000,,0.002911,0.002146,available,,not_measured,managed,0.002146,1.356477,faster
"np.extract(mask, a) (float64)",Selection,float64,100000,,0.083572,0.122762,available,,not_measured,managed,0.122762,0.680764,slower
np.indices(shape) (float64),Selection,float64,1000,,0.002498,0.003848,available,,not_measured,managed,0.003848,0.649168,slower
np.indices(shape) (float64),Selection,float64,100000,,0.30801,0.417178,available,,not_measured,managed,0.417178,0.738318,slower
"np.mask_indices(n, triu) (float64)",Selection,float64,1000,,0.008897,0.011454,available,,not_measured,managed,0.011454,0.776759,slower
"np.mask_indices(n, triu) (float64)",Selection,float64,100000,,0.594568,0.610061,available,,not_measured,managed,0.610061,0.974604,close
"np.place(a, mask, values) (float64)",Selection,float64,1000,,0.001373,0.000731,available,,not_measured,managed,0.000731,1.878249,negligible
"np.place(a, mask, values) (float64)",Selection,float64,100000,,0.31664,0.311116,available,,not_measured,managed,0.311116,1.017755,close
"np.put(a, indices, values) (float64)",Selection,float64,1000,,0.001881,0.007466,available,,not_measured,managed,0.007466,0.251942,much_slower
"np.put(a, indices, values) (float64)",Selection,float64,100000,,0.108302,0.151717,available,,not_measured,managed,0.151717,0.713842,slower
"np.ravel_multi_index(coords, dims) (float64)",Selection,float64,1000,,0.001488,0.002811,available,,not_measured,managed,0.002811,0.529349,slower
"np.ravel_multi_index(coords, dims) (float64)",Selection,float64,100000,,0.072642,0.186337,available,,not_measured,managed,0.186337,0.389842,slower
"np.select(condlist, choicelist) (float64)",Selection,float64,1000,,0.011557,0.00368,available,,not_measured,managed,0.00368,3.140489,faster
"np.select(condlist, choicelist) (float64)",Selection,float64,100000,,0.697416,0.146648,available,,not_measured,managed,0.146648,4.755714,faster
"np.take(a, indices) (float64)",Selection,float64,1000,,0.001485,0.002344,available,,not_measured,managed,0.002344,0.633532,slower
"np.take(a, indices) (float64)",Selection,float64,100000,,0.053822,0.136652,available,,not_measured,managed,0.136652,0.393862,slower
"np.take_along_axis(a, indices) (float64)",Selection,float64,1000,,0.001795,0.001718,available,,not_measured,managed,0.001718,1.04482,close
"np.take_along_axis(a, indices) (float64)",Selection,float64,100000,,0.027768,0.084618,available,,not_measured,managed,0.084618,0.328157,much_slower
np.tril_indices_from(a) (float64),Selection,float64,1000,,0.010448,0.003925,available,,not_measured,managed,0.003925,2.661911,faster
np.tril_indices_from(a) (float64),Selection,float64,100000,,0.07225,0.112692,available,,not_measured,managed,0.112692,0.641128,slower
np.triu_indices_from(a) (float64),Selection,float64,1000,,0.010531,0.003897,available,,not_measured,managed,0.003897,2.702335,faster
np.triu_indices_from(a) (float64),Selection,float64,100000,,0.06951,0.112154,available,,not_measured,managed,0.112154,0.619773,slower
"np.unravel_index(indices, shape) (float64)",Selection,float64,1000,,0.001791,0.001861,available,,not_measured,managed,0.001861,0.962386,close
"np.unravel_index(indices, shape) (float64)",Selection,float64,100000,,0.093214,0.143591,available,,not_measured,managed,0.143591,0.649163,slower
np.where(cond) (float64),Selection,float64,1000,,0.000794,0.001805,available,,not_measured,managed,0.001805,0.439889,negligible
np.where(cond) (float64),Selection,float64,100000,,0.03073,0.113637,available,,not_measured,managed,0.113637,0.270422,much_slower
np.where(cond) (float64),Selection,float64,10000000,,7.50395,9.038017,available,,not_measured,managed,9.038017,0.830265,close
"np.where(cond, a, b) (float64)",Selection,float64,1000,,0.001271,0.002283,available,,not_measured,managed,0.002283,0.556724,slower
"np.where(cond, a, b) (float64)",Selection,float64,100000,,0.042324,0.142571,available,,not_measured,managed,0.142571,0.296863,much_slower
"np.where(cond, a, b) (float64)",Selection,float64,10000000,,17.375508,28.335449,available,,not_measured,managed,28.335449,0.613207,slower
a[100:1000] (contiguous slice),Slicing,float64,1000,,0.000102,0.001734,available,,not_measured,managed,0.001734,0.058824,negligible
a[100:1000] (contiguous slice),Slicing,float64,100000,,0.000102,0.001844,available,,not_measured,managed,0.001844,0.055315,negligible
a[100:1000] (contiguous slice),Slicing,float64,10000000,,0.000124,0.001751,available,,not_measured,managed,0.001751,0.070817,negligible
"a[10:100, :] (row slice 2D)",Slicing,float64,1000,,0.000156,0.002796,available,,not_measured,managed,0.002796,0.055794,negligible
"a[10:100, :] (row slice 2D)",Slicing,float64,100000,,0.000158,0.002722,available,,not_measured,managed,0.002722,0.058046,negligible
"a[10:100, :] (row slice 2D)",Slicing,float64,10000000,,0.000157,0.002716,available,,not_measured,managed,0.002716,0.057806,negligible
"a[:, 10:100] (col slice 2D)",Slicing,float64,1000,,0.000155,0.00267,available,,not_measured,managed,0.00267,0.058052,negligible
"a[:, 10:100] (col slice 2D)",Slicing,float64,100000,,0.000156,0.00261,available,,not_measured,managed,0.00261,0.05977,negligible
"a[:, 10:100] (col slice 2D)",Slicing,float64,10000000,,0.000154,0.002569,available,,not_measured,managed,0.002569,0.059946,negligible
a[::-1] (reversed),Slicing,float64,1000,,0.0001,0.001638,available,,not_measured,managed,0.001638,0.06105,negligible
a[::-1] (reversed),Slicing,float64,100000,,0.000101,0.001591,available,,not_measured,managed,0.001591,0.063482,negligible
a[::-1] (reversed),Slicing,float64,10000000,,9.9e-05,0.001585,available,,not_measured,managed,0.001585,0.062461,negligible
a[::2] (strided slice),Slicing,float64,1000,,0.000102,0.001603,available,,not_measured,managed,0.001603,0.063631,negligible
a[::2] (strided slice),Slicing,float64,100000,,9.8e-05,0.001621,available,,not_measured,managed,0.001621,0.060457,negligible
a[::2] (strided slice),Slicing,float64,10000000,,9.9e-05,0.001588,available,,not_measured,managed,0.001588,0.062343,negligible
a[::2] * 2,Slicing,float64,1000,,0.000888,0.010288,available,,not_measured,managed,0.010288,0.086314,negligible
a[::2] * 2,Slicing,float64,100000,,0.014606,0.236503,available,,not_measured,managed,0.236503,0.061758,much_slower
a[::2] * 2,Slicing,float64,10000000,,9.424606,19.250044,available,,not_measured,managed,19.250044,0.489589,slower
a[N/10:9N/10] * 2,Slicing,float64,1000,,0.000916,0.006521,available,,not_measured,managed,0.006521,0.140469,negligible
a[N/10:9N/10] * 2,Slicing,float64,100000,,0.010451,0.10442,available,,not_measured,managed,0.10442,0.100086,much_slower
a[N/10:9N/10] * 2,Slicing,float64,10000000,,12.73179,12.770515,available,,not_measured,managed,12.770515,0.996968,close
a[N/10:9N/10].copy(),Slicing,float64,1000,,0.000392,0.003972,available,,not_measured,managed,0.003972,0.098691,negligible
a[N/10:9N/10].copy(),Slicing,float64,100000,,0.009111,0.155764,available,,not_measured,managed,0.155764,0.058492,much_slower
a[N/10:9N/10].copy(),Slicing,float64,10000000,,10.646096,8.194853,available,,not_measured,managed,8.194853,1.29912,faster
np.copy(a[N/10:9N/10]),Slicing,float64,1000,,0.000601,0.006048,available,,not_measured,managed,0.006048,0.099372,negligible
np.copy(a[N/10:9N/10]),Slicing,float64,100000,,0.009357,0.12447,available,,not_measured,managed,0.12447,0.075175,much_slower
np.copy(a[N/10:9N/10]),Slicing,float64,10000000,,12.660086,8.347578,available,,not_measured,managed,8.347578,1.516618,faster
"np.argpartition(a, kth) (float32)",Sorting,float32,1000,,0.004332,0.012141,available,,not_measured,managed,0.012141,0.356808,slower
"np.argpartition(a, kth) (float32)",Sorting,float32,100000,,0.14187,0.988425,available,,not_measured,managed,0.988425,0.143531,much_slower
"np.argpartition(a, kth) (float64)",Sorting,float64,1000,,0.003986,0.011528,available,,not_measured,managed,0.011528,0.345767,slower
"np.argpartition(a, kth) (float64)",Sorting,float64,100000,,0.345606,0.732454,available,,not_measured,managed,0.732454,0.471847,slower
"np.argpartition(a, kth) (int32)",Sorting,int32,1000,,0.003059,0.011499,available,,not_measured,managed,0.011499,0.266023,much_slower
"np.argpartition(a, kth) (int32)",Sorting,int32,100000,,0.119114,1.054757,available,,not_measured,managed,1.054757,0.11293,much_slower
"np.argpartition(a, kth) (int64)",Sorting,int64,1000,,0.003354,0.011301,available,,not_measured,managed,0.011301,0.296788,much_slower
"np.argpartition(a, kth) (int64)",Sorting,int64,100000,,0.143528,0.663498,available,,not_measured,managed,0.663498,0.21632,much_slower
np.argsort(a) (float32),Sorting,float32,1000,,0.01162,0.028092,available,,not_measured,managed,0.028092,0.413641,slower
np.argsort(a) (float32),Sorting,float32,100000,,1.594222,1.764513,available,,not_measured,managed,1.764513,0.903491,close
np.argsort(a) (float32),Sorting,float32,10000000,,1229.87719,235.446552,available,,not_measured,managed,235.446552,5.223594,faster
np.argsort(a) (float64),Sorting,float64,1000,,0.011061,0.041329,available,,not_measured,managed,0.041329,0.267633,much_slower
np.argsort(a) (float64),Sorting,float64,100000,,4.69656,3.269413,available,,not_measured,managed,3.269413,1.436515,faster
np.argsort(a) (float64),Sorting,float64,10000000,,1609.224256,503.72797,available,,not_measured,managed,503.72797,3.19463,faster
np.argsort(a) (int32),Sorting,int32,1000,,0.013283,0.029942,available,,not_measured,managed,0.029942,0.443624,slower
np.argsort(a) (int32),Sorting,int32,100000,,0.428298,1.46295,available,,not_measured,managed,1.46295,0.292763,much_slower
np.argsort(a) (int32),Sorting,int32,10000000,,283.84855,205.131918,available,,not_measured,managed,205.131918,1.383737,faster
np.argsort(a) (int64),Sorting,int64,1000,,0.013099,0.034292,available,,not_measured,managed,0.034292,0.381984,slower
np.argsort(a) (int64),Sorting,int64,100000,,0.487276,2.724352,available,,not_measured,managed,2.724352,0.178859,much_slower
np.argsort(a) (int64),Sorting,int64,10000000,,445.832068,426.737112,available,,not_measured,managed,426.737112,1.044746,close
np.argwhere(a) (float32),Sorting,float32,1000,,0.004533,0.002355,available,,not_measured,managed,0.002355,1.924841,faster
np.argwhere(a) (float32),Sorting,float32,100000,,0.422522,0.149123,available,,not_measured,managed,0.149123,2.833379,faster
np.argwhere(a) (float64),Sorting,float64,1000,,0.004185,0.002405,available,,not_measured,managed,0.002405,1.740125,faster
np.argwhere(a) (float64),Sorting,float64,100000,,0.403952,0.132542,available,,not_measured,managed,0.132542,3.047728,faster
np.argwhere(a) (int32),Sorting,int32,1000,,0.003056,0.003762,available,,not_measured,managed,0.003762,0.812334,close
np.argwhere(a) (int32),Sorting,int32,100000,,0.381294,0.178936,available,,not_measured,managed,0.178936,2.130896,faster
np.argwhere(a) (int64),Sorting,int64,1000,,0.003428,0.002926,available,,not_measured,managed,0.002926,1.171565,faster
np.argwhere(a) (int64),Sorting,int64,100000,,0.382714,0.176394,available,,not_measured,managed,0.176394,2.169654,faster
np.flatnonzero(a) (float32),Sorting,float32,1000,,0.003394,0.002677,available,,not_measured,managed,0.002677,1.267837,faster
np.flatnonzero(a) (float32),Sorting,float32,100000,,0.190722,0.217338,available,,not_measured,managed,0.217338,0.877536,close
np.flatnonzero(a) (float64),Sorting,float64,1000,,0.003151,0.002888,available,,not_measured,managed,0.002888,1.091066,faster
np.flatnonzero(a) (float64),Sorting,float64,100000,,0.310688,0.183494,available,,not_measured,managed,0.183494,1.693178,faster
np.flatnonzero(a) (int32),Sorting,int32,1000,,0.002012,0.003967,available,,not_measured,managed,0.003967,0.507184,slower
np.flatnonzero(a) (int32),Sorting,int32,100000,,0.101568,0.289158,available,,not_measured,managed,0.289158,0.351254,slower
np.flatnonzero(a) (int64),Sorting,int64,1000,,0.002287,0.003144,available,,not_measured,managed,0.003144,0.727417,slower
np.flatnonzero(a) (int64),Sorting,int64,100000,,0.108538,0.293026,available,,not_measured,managed,0.293026,0.370404,slower
"np.lexsort((b, a)) (float32)",Sorting,float32,1000,,0.046288,0.043665,available,,not_measured,managed,0.043665,1.060071,faster
"np.lexsort((b, a)) (float32)",Sorting,float32,100000,,14.77425,3.448455,available,,not_measured,managed,3.448455,4.28431,faster
"np.lexsort((b, a)) (float64)",Sorting,float64,1000,,0.044968,0.066342,available,,not_measured,managed,0.066342,0.677821,slower
"np.lexsort((b, a)) (float64)",Sorting,float64,100000,,18.186964,6.997505,available,,not_measured,managed,6.997505,2.599064,faster
"np.lexsort((b, a)) (int32)",Sorting,int32,1000,,0.040356,0.049631,available,,not_measured,managed,0.049631,0.813121,close
"np.lexsort((b, a)) (int32)",Sorting,int32,100000,,10.413842,3.123706,available,,not_measured,managed,3.123706,3.33381,faster
"np.lexsort((b, a)) (int64)",Sorting,int64,1000,,0.044236,0.069921,available,,not_measured,managed,0.069921,0.632657,slower
"np.lexsort((b, a)) (int64)",Sorting,int64,100000,,11.325156,5.159893,available,,not_measured,managed,5.159893,2.194843,faster
np.nonzero(a) (float32),Sorting,float32,1000,,0.002569,0.002209,available,,not_measured,managed,0.002209,1.16297,faster
np.nonzero(a) (float32),Sorting,float32,100000,,0.184766,0.115155,available,,not_measured,managed,0.115155,1.604498,faster
np.nonzero(a) (float32),Sorting,float32,10000000,,42.47464,21.509682,available,,not_measured,managed,21.509682,1.974675,faster
np.nonzero(a) (float64),Sorting,float64,1000,,0.002617,0.002663,available,,not_measured,managed,0.002663,0.982726,close
np.nonzero(a) (float64),Sorting,float64,100000,,0.302548,0.117818,available,,not_measured,managed,0.117818,2.567927,faster
np.nonzero(a) (float64),Sorting,float64,10000000,,41.641764,30.653315,available,,not_measured,managed,30.653315,1.358475,faster
np.nonzero(a) (int32),Sorting,int32,1000,,0.001652,0.002882,available,,not_measured,managed,0.002882,0.573213,slower
np.nonzero(a) (int32),Sorting,int32,100000,,0.102724,0.112147,available,,not_measured,managed,0.112147,0.915976,close
np.nonzero(a) (int32),Sorting,int32,10000000,,29.786772,22.000313,available,,not_measured,managed,22.000313,1.353925,faster
np.nonzero(a) (int64),Sorting,int64,1000,,0.001651,0.002334,available,,not_measured,managed,0.002334,0.707369,slower
np.nonzero(a) (int64),Sorting,int64,100000,,0.118686,0.116692,available,,not_measured,managed,0.116692,1.017088,close
np.nonzero(a) (int64),Sorting,int64,10000000,,38.024012,30.948342,available,,not_measured,managed,30.948342,1.228628,faster
"np.partition(a, kth) (float32)",Sorting,float32,1000,,0.002234,0.010074,available,,not_measured,managed,0.010074,0.221759,much_slower
"np.partition(a, kth) (float32)",Sorting,float32,100000,,0.104238,0.69754,available,,not_measured,managed,0.69754,0.149437,much_slower
"np.partition(a, kth) (float64)",Sorting,float64,1000,,0.002831,0.011646,available,,not_measured,managed,0.011646,0.243088,much_slower
"np.partition(a, kth) (float64)",Sorting,float64,100000,,0.311452,0.626423,available,,not_measured,managed,0.626423,0.497191,slower
"np.partition(a, kth) (int32)",Sorting,int32,1000,,0.00152,0.007786,available,,not_measured,managed,0.007786,0.195222,much_slower
"np.partition(a, kth) (int32)",Sorting,int32,100000,,0.027949,0.509032,available,,not_measured,managed,0.509032,0.054906,much_slower
"np.partition(a, kth) (int64)",Sorting,int64,1000,,0.002026,0.009045,available,,not_measured,managed,0.009045,0.223991,much_slower
"np.partition(a, kth) (int64)",Sorting,int64,100000,,0.083758,0.610114,available,,not_measured,managed,0.610114,0.137283,much_slower
"np.searchsorted(a, v) (float32)",Sorting,float32,1000,,0.007804,0.011979,available,,not_measured,managed,0.011979,0.651473,slower
"np.searchsorted(a, v) (float32)",Sorting,float32,100000,,2.039284,2.85839,available,,not_measured,managed,2.85839,0.713438,slower
"np.searchsorted(a, v) (float32)",Sorting,float32,10000000,,298.736674,330.020348,available,,not_measured,managed,330.020348,0.905207,close
"np.searchsorted(a, v) (float64)",Sorting,float64,1000,,0.007332,0.012083,available,,not_measured,managed,0.012083,0.606803,slower
"np.searchsorted(a, v) (float64)",Sorting,float64,100000,,2.64508,2.870357,available,,not_measured,managed,2.870357,0.921516,close
"np.searchsorted(a, v) (float64)",Sorting,float64,10000000,,298.725942,330.349382,available,,not_measured,managed,330.349382,0.904273,close
"np.searchsorted(a, v) (int32)",Sorting,int32,1000,,0.01894,0.008804,available,,not_measured,managed,0.008804,2.151295,faster
"np.searchsorted(a, v) (int32)",Sorting,int32,100000,,2.88402,2.853811,available,,not_measured,managed,2.853811,1.010585,close
"np.searchsorted(a, v) (int32)",Sorting,int32,10000000,,565.756406,315.857184,available,,not_measured,managed,315.857184,1.791178,faster
"np.searchsorted(a, v) (int64)",Sorting,int64,1000,,0.018651,0.009545,available,,not_measured,managed,0.009545,1.954007,faster
"np.searchsorted(a, v) (int64)",Sorting,int64,100000,,2.876548,2.870088,available,,not_measured,managed,2.870088,1.002251,close
"np.searchsorted(a, v) (int64)",Sorting,int64,10000000,,545.676936,316.249364,available,,not_measured,managed,316.249364,1.725464,faster
np.sort(a) (float32),Sorting,float32,1000,,0.002002,0.014866,available,,not_measured,managed,0.014866,0.13467,much_slower
np.sort(a) (float32),Sorting,float32,100000,,0.228328,1.110296,available,,not_measured,managed,1.110296,0.205646,much_slower
np.sort(a) (float64),Sorting,float64,1000,,0.003246,0.022103,available,,not_measured,managed,0.022103,0.146858,much_slower
np.sort(a) (float64),Sorting,float64,100000,,1.258068,1.750589,available,,not_measured,managed,1.750589,0.718654,slower
np.sort(a) (int32),Sorting,int32,1000,,0.002203,0.008851,available,,not_measured,managed,0.008851,0.248898,much_slower
np.sort(a) (int32),Sorting,int32,100000,,0.09556,1.244688,available,,not_measured,managed,1.244688,0.076774,much_slower
np.sort(a) (int64),Sorting,int64,1000,,0.005914,0.025727,available,,not_measured,managed,0.025727,0.229875,much_slower
np.sort(a) (int64),Sorting,int64,100000,,0.274232,1.857442,available,,not_measured,managed,1.857442,0.14764,much_slower
np.sort_complex(a) (float32),Sorting,float32,1000,,0.002781,0.021063,available,,not_measured,managed,0.021063,0.132032,much_slower
np.sort_complex(a) (float32),Sorting,float32,100000,,0.503512,1.390697,available,,not_measured,managed,1.390697,0.362057,slower
np.sort_complex(a) (float64),Sorting,float64,1000,,0.003926,0.030773,available,,not_measured,managed,0.030773,0.127579,much_slower
np.sort_complex(a) (float64),Sorting,float64,100000,,1.648368,1.966907,available,,not_measured,managed,1.966907,0.838051,close
np.sort_complex(a) (int32),Sorting,int32,1000,,0.003026,0.024866,available,,not_measured,managed,0.024866,0.121692,much_slower
np.sort_complex(a) (int32),Sorting,int32,100000,,0.365166,1.462305,available,,not_measured,managed,1.462305,0.249719,much_slower
np.sort_complex(a) (int64),Sorting,int64,1000,,0.006391,0.033674,available,,not_measured,managed,0.033674,0.18979,much_slower
np.sort_complex(a) (int64),Sorting,int64,100000,,0.56061,2.190797,available,,not_measured,managed,2.190797,0.255893,much_slower
np.average(a) (float16),Statistics,float16,1000,,0.005111,0.001995,available,,not_measured,managed,0.001995,2.561905,faster
np.average(a) (float16),Statistics,float16,100000,,0.10843,0.165199,available,,not_measured,managed,0.165199,0.65636,slower
np.average(a) (float16),Statistics,float16,10000000,,16.618468,16.533716,available,,not_measured,managed,16.533716,1.005126,close
np.average(a) (float32),Statistics,float32,1000,,0.004014,0.00062,available,,not_measured,managed,0.00062,6.474194,negligible
np.average(a) (float32),Statistics,float32,100000,,0.019356,0.005945,available,,not_measured,managed,0.005945,3.255845,faster
np.average(a) (float32),Statistics,float32,10000000,,9.371982,2.528751,available,,not_measured,managed,2.528751,3.70617,faster
np.average(a) (float64),Statistics,float64,1000,,0.002653,0.000659,available,,not_measured,managed,0.000659,4.025797,negligible
np.average(a) (float64),Statistics,float64,100000,,0.017457,0.0085,available,,not_measured,managed,0.0085,2.053765,faster
np.average(a) (float64),Statistics,float64,10000000,,14.727428,7.425352,available,,not_measured,managed,7.425352,1.983398,faster
np.bincount(a) (int32),Statistics,int32,1000,,0.001393,0.004008,available,,not_measured,managed,0.004008,0.347555,slower
np.bincount(a) (int32),Statistics,int32,100000,,0.09804,0.361086,available,,not_measured,managed,0.361086,0.271514,much_slower
"np.convolve(a, kernel) (float64)",Statistics,float64,1000,,0.011901,0.013298,available,,not_measured,managed,0.013298,0.894947,close
"np.convolve(a, kernel) (float64)",Statistics,float64,100000,,0.995526,0.419321,available,,not_measured,managed,0.419321,2.374138,faster
"np.convolve(a, v, mode='same')",Statistics,float64,100000,"mode=same,kernel=31",0.9941,0.1165,available,0.9656,available,managed,0.1165,8.533047,faster
"np.corrcoef(a, b) (float64)",Statistics,float64,1000,,0.018985,0.052973,available,,not_measured,managed,0.052973,0.35839,slower
"np.corrcoef(a, b) (float64)",Statistics,float64,100000,,0.605656,1.308571,available,,not_measured,managed,1.308571,0.462838,slower
"np.correlate(a, kernel) (float64)",Statistics,float64,1000,,0.010836,0.006421,available,,not_measured,managed,0.006421,1.687588,faster
"np.correlate(a, kernel) (float64)",Statistics,float64,100000,,0.987174,0.331533,available,,not_measured,managed,0.331533,2.977604,faster
"np.correlate(a, v, mode='same')",Statistics,float64,100000,"mode=same,kernel=31",1.1135,0.1173,available,0.9917,available,managed,0.1173,9.492754,faster
np.count_nonzero(a) (float16),Statistics,float16,1000,,0.001752,0.00101,available,,not_measured,managed,0.00101,1.734653,faster
np.count_nonzero(a) (float16),Statistics,float16,100000,,0.148472,0.082693,available,,not_measured,managed,0.082693,1.79546,faster
np.count_nonzero(a) (float16),Statistics,float16,10000000,,24.578148,8.270988,available,,not_measured,managed,8.270988,2.97161,faster
np.count_nonzero(a) (float32),Statistics,float32,1000,,0.000594,0.000317,available,,not_measured,managed,0.000317,1.873817,negligible
np.count_nonzero(a) (float32),Statistics,float32,100000,,0.039242,0.010035,available,,not_measured,managed,0.010035,3.910513,faster
np.count_nonzero(a) (float32),Statistics,float32,10000000,,7.72951,3.317954,available,,not_measured,managed,3.317954,2.329601,faster
np.count_nonzero(a) (float64),Statistics,float64,1000,,0.000581,0.00039,available,,not_measured,managed,0.00039,1.489744,negligible
np.count_nonzero(a) (float64),Statistics,float64,100000,,0.03794,0.018295,available,,not_measured,managed,0.018295,2.073791,faster
np.count_nonzero(a) (float64),Statistics,float64,10000000,,9.835978,8.782274,available,,not_measured,managed,8.782274,1.119981,faster
"np.cov(a, b) (float64)",Statistics,float64,1000,,0.013701,0.039863,available,,not_measured,managed,0.039863,0.343702,slower
"np.cov(a, b) (float64)",Statistics,float64,100000,,0.568134,1.219004,available,,not_measured,managed,1.219004,0.466064,slower
"np.cross(a, b) (float64)",Statistics,float64,1000,,0.013371,0.067298,available,,not_measured,managed,0.067298,0.198683,much_slower
"np.cross(a, b) (float64)",Statistics,float64,100000,,0.70967,0.943062,available,,not_measured,managed,0.943062,0.752517,slower
np.diff(a) (float64),Statistics,float64,1000,,0.001665,0.005229,available,,not_measured,managed,0.005229,0.318417,much_slower
np.diff(a) (float64),Statistics,float64,100000,,0.012897,0.096548,available,,not_measured,managed,0.096548,0.133581,much_slower
"np.digitize(a, bins) (float64)",Statistics,float64,1000,,0.017463,0.016823,available,,not_measured,managed,0.016823,1.038043,close
"np.digitize(a, bins) (float64)",Statistics,float64,100000,,3.310944,4.158487,available,,not_measured,managed,4.158487,0.79619,slower
np.ediff1d(a) (float64),Statistics,float64,1000,,0.000992,0.004842,available,,not_measured,managed,0.004842,0.204874,negligible
np.ediff1d(a) (float64),Statistics,float64,100000,,0.012093,0.105057,available,,not_measured,managed,0.105057,0.115109,much_slower
"np.inner(a, b) (float64)",Statistics,float64,1000,,0.000617,0.00054,available,,not_measured,managed,0.00054,1.142593,negligible
"np.inner(a, b) (float64)",Statistics,float64,100000,,0.083376,0.018258,available,0.0074,available,openblas,0.0074,0.959459,close
"np.kron(a, b) (float64)",Statistics,float64,1000,,0.008868,0.007584,available,,not_measured,managed,0.007584,1.169304,faster
"np.kron(a, b) (float64)",Statistics,float64,100000,,0.044052,0.090412,available,,not_measured,managed,0.090412,0.487236,slower
np.median(a) (float16),Statistics,float16,1000,,0.013907,0.011943,available,,not_measured,managed,0.011943,1.164448,faster
np.median(a) (float16),Statistics,float16,100000,,0.88712,1.659354,available,,not_measured,managed,1.659354,0.534618,slower
np.median(a) (float16),Statistics,float16,10000000,,136.797592,123.325467,available,,not_measured,managed,123.325467,1.10924,faster
np.median(a) (float32),Statistics,float32,1000,,0.011773,0.003962,available,,not_measured,managed,0.003962,2.971479,faster
np.median(a) (float32),Statistics,float32,100000,,0.456318,0.283051,available,,not_measured,managed,0.283051,1.612141,faster
np.median(a) (float32),Statistics,float32,10000000,,93.953278,48.687318,available,,not_measured,managed,48.687318,1.929728,faster
np.median(a) (float64),Statistics,float64,1000,,0.009663,0.004112,available,,not_measured,managed,0.004112,2.349951,faster
np.median(a) (float64),Statistics,float64,100000,,0.48169,0.308632,available,,not_measured,managed,0.308632,1.560726,faster
np.median(a) (float64),Statistics,float64,10000000,,110.33933,59.249271,available,,not_measured,managed,59.249271,1.86229,faster
"np.percentile(a, 50) (float16)",Statistics,float16,1000,,0.028812,0.01181,available,,not_measured,managed,0.01181,2.439627,faster
"np.percentile(a, 50) (float16)",Statistics,float16,100000,,1.779452,1.656139,available,,not_measured,managed,1.656139,1.074458,faster
"np.percentile(a, 50) (float16)",Statistics,float16,10000000,,148.574088,123.372312,available,,not_measured,managed,123.372312,1.204274,faster
"np.percentile(a, 50) (float32)",Statistics,float32,1000,,0.023482,0.00387,available,,not_measured,managed,0.00387,6.0677,faster
"np.percentile(a, 50) (float32)",Statistics,float32,100000,,0.707942,0.275287,available,,not_measured,managed,0.275287,2.571651,faster
"np.percentile(a, 50) (float32)",Statistics,float32,10000000,,62.95054,48.67481,available,,not_measured,managed,48.67481,1.293288,faster
"np.percentile(a, 50) (float64)",Statistics,float64,1000,,0.023177,0.004049,available,,not_measured,managed,0.004049,5.724129,faster
"np.percentile(a, 50) (float64)",Statistics,float64,100000,,0.707796,0.309297,available,,not_measured,managed,0.309297,2.288402,faster
"np.percentile(a, 50) (float64)",Statistics,float64,10000000,,79.032946,59.261174,available,,not_measured,managed,59.261174,1.333638,faster
np.ptp(a) (float16),Statistics,float16,1000,,0.007283,0.00469,available,,not_measured,managed,0.00469,1.552878,faster
np.ptp(a) (float16),Statistics,float16,100000,,0.996672,0.88403,available,,not_measured,managed,0.88403,1.127419,faster
np.ptp(a) (float16),Statistics,float16,10000000,,126.1177,90.219067,available,,not_measured,managed,90.219067,1.397905,faster
np.ptp(a) (float32),Statistics,float32,1000,,0.002474,0.001835,available,,not_measured,managed,0.001835,1.348229,faster
np.ptp(a) (float32),Statistics,float32,100000,,0.012905,0.017874,available,,not_measured,managed,0.017874,0.721998,slower
np.ptp(a) (float32),Statistics,float32,10000000,,7.075852,6.272724,available,,not_measured,managed,6.272724,1.128035,faster
np.ptp(a) (float64),Statistics,float64,1000,,0.002564,0.001901,available,,not_measured,managed,0.001901,1.348764,faster
np.ptp(a) (float64),Statistics,float64,100000,,0.019322,0.034667,available,,not_measured,managed,0.034667,0.55736,slower
np.ptp(a) (float64),Statistics,float64,10000000,,16.12843,16.198698,available,,not_measured,managed,16.198698,0.995662,close
"np.quantile(a, 0.5) (float16)",Statistics,float16,1000,,0.028399,0.011821,available,,not_measured,managed,0.011821,2.402419,faster
"np.quantile(a, 0.5) (float16)",Statistics,float16,100000,,1.779494,1.656505,available,,not_measured,managed,1.656505,1.074246,faster
"np.quantile(a, 0.5) (float16)",Statistics,float16,10000000,,148.732048,123.38705,available,,not_measured,managed,123.38705,1.205411,faster
"np.quantile(a, 0.5) (float32)",Statistics,float32,1000,,0.022742,0.003905,available,,not_measured,managed,0.003905,5.823816,faster
"np.quantile(a, 0.5) (float32)",Statistics,float32,100000,,0.69871,0.286536,available,,not_measured,managed,0.286536,2.438472,faster
"np.quantile(a, 0.5) (float32)",Statistics,float32,10000000,,62.170538,48.196762,available,,not_measured,managed,48.196762,1.289932,faster
"np.quantile(a, 0.5) (float64)",Statistics,float64,1000,,0.023394,0.004017,available,,not_measured,managed,0.004017,5.823749,faster
"np.quantile(a, 0.5) (float64)",Statistics,float64,100000,,0.702998,0.30886,available,,not_measured,managed,0.30886,2.276106,faster
"np.quantile(a, 0.5) (float64)",Statistics,float64,10000000,,79.209904,59.672374,available,,not_measured,managed,59.672374,1.327413,faster
np.trace(a) (float64),Statistics,float64,1000,,0.001337,0.000589,available,,not_measured,managed,0.000589,2.269949,negligible
np.trace(a) (float64),Statistics,float64,100000,,0.001341,0.000641,available,,not_measured,managed,0.000641,2.092044,negligible
a * a (square via multiply) (float16),Unary,float16,1000,,0.003207,0.009497,available,,not_measured,managed,0.009497,0.337686,slower
a * a (square via multiply) (float16),Unary,float16,100000,,0.286306,0.904855,available,,not_measured,managed,0.904855,0.316411,much_slower
a * a (square via multiply) (float16),Unary,float16,10000000,,67.306342,89.959706,available,,not_measured,managed,89.959706,0.748183,slower
a * a (square via multiply) (float32),Unary,float32,1000,,0.000436,0.001292,available,,not_measured,managed,0.001292,0.337461,negligible
a * a (square via multiply) (float32),Unary,float32,100000,,0.012617,0.04766,available,,not_measured,managed,0.04766,0.264729,much_slower
a * a (square via multiply) (float32),Unary,float32,10000000,,12.522526,8.888006,available,,not_measured,managed,8.888006,1.408924,faster
a * a (square via multiply) (float64),Unary,float64,1000,,0.000464,0.002344,available,,not_measured,managed,0.002344,0.197952,negligible
a * a (square via multiply) (float64),Unary,float64,100000,,0.021317,0.101781,available,,not_measured,managed,0.101781,0.20944,much_slower
a * a (square via multiply) (float64),Unary,float64,10000000,,28.179466,19.977848,available,,not_measured,managed,19.977848,1.410536,faster
a * a * a (cube via multiply) (float16),Unary,float16,1000,,0.010227,0.01981,available,,not_measured,managed,0.01981,0.516254,slower
a * a * a (cube via multiply) (float16),Unary,float16,100000,,0.887644,2.242983,available,,not_measured,managed,2.242983,0.395743,slower
a * a * a (cube via multiply) (float16),Unary,float16,10000000,,169.117446,223.739766,available,,not_measured,managed,223.739766,0.755867,slower
a * a * a (cube via multiply) (float32),Unary,float32,1000,,0.000797,0.002739,available,,not_measured,managed,0.002739,0.290982,negligible
a * a * a (cube via multiply) (float32),Unary,float32,100000,,0.024691,0.100673,available,,not_measured,managed,0.100673,0.245259,much_slower
a * a * a (cube via multiply) (float32),Unary,float32,10000000,,29.942998,18.778872,available,,not_measured,managed,18.778872,1.594505,faster
a * a * a (cube via multiply) (float64),Unary,float64,1000,,0.000925,0.004232,available,,not_measured,managed,0.004232,0.218573,negligible
a * a * a (cube via multiply) (float64),Unary,float64,100000,,0.457084,0.200087,available,,not_measured,managed,0.200087,2.284426,faster
a * a * a (cube via multiply) (float64),Unary,float64,10000000,,61.787342,46.109904,available,,not_measured,managed,46.109904,1.340002,faster
np.abs (float16),Unary,float16,1000,,0.000615,0.001332,available,,not_measured,managed,0.001332,0.461712,negligible
np.abs (float16),Unary,float16,100000,,0.026096,0.05085,available,,not_measured,managed,0.05085,0.513196,slower
np.abs (float16),Unary,float16,10000000,,7.28512,5.696152,available,,not_measured,managed,5.696152,1.278955,faster
np.abs (float32),Unary,float32,1000,,0.000418,0.00144,available,,not_measured,managed,0.00144,0.290278,negligible
np.abs (float32),Unary,float32,100000,,0.012404,0.04976,available,,not_measured,managed,0.04976,0.249277,much_slower
np.abs (float32),Unary,float32,10000000,,12.181614,8.121988,available,,not_measured,managed,8.121988,1.499832,faster
np.abs (float64),Unary,float64,1000,,0.000446,0.002254,available,,not_measured,managed,0.002254,0.19787,negligible
np.abs (float64),Unary,float64,100000,,0.021518,0.099229,available,,not_measured,managed,0.099229,0.216852,much_slower
np.abs (float64),Unary,float64,10000000,,23.819322,18.775609,available,,not_measured,managed,18.775609,1.268631,faster
np.absolute(a) (float16),Unary,float16,1000,,0.000606,0.00143,available,,not_measured,managed,0.00143,0.423776,negligible
np.absolute(a) (float16),Unary,float16,100000,,0.029089,0.05332,available,,not_measured,managed,0.05332,0.545555,slower
np.absolute(a) (float16),Unary,float16,10000000,,7.341342,5.864921,available,,not_measured,managed,5.864921,1.251738,faster
np.absolute(a) (float32),Unary,float32,1000,,0.000389,0.001306,available,,not_measured,managed,0.001306,0.297856,negligible
np.absolute(a) (float32),Unary,float32,100000,,0.011577,0.047625,available,,not_measured,managed,0.047625,0.243087,much_slower
np.absolute(a) (float32),Unary,float32,10000000,,11.874616,8.651416,available,,not_measured,managed,8.651416,1.372563,faster
np.absolute(a) (float64),Unary,float64,1000,,0.000444,0.001835,available,,not_measured,managed,0.001835,0.241962,negligible
np.absolute(a) (float64),Unary,float64,100000,,0.02268,0.094989,available,,not_measured,managed,0.094989,0.238764,much_slower
np.absolute(a) (float64),Unary,float64,10000000,,24.23613,18.720811,available,,not_measured,managed,18.720811,1.294609,faster
np.acosh(a) (float16),Unary,float16,1000,,0.008634,0.020142,available,,not_measured,managed,0.020142,0.428657,slower
np.acosh(a) (float16),Unary,float16,100000,,2.191446,1.974983,available,,not_measured,managed,1.974983,1.109602,faster
np.acosh(a) (float16),Unary,float16,10000000,,170.73741,196.351261,available,,not_measured,managed,196.351261,0.869551,close
np.acosh(a) (float32),Unary,float32,1000,,0.005553,0.010934,available,,not_measured,managed,0.010934,0.507865,slower
np.acosh(a) (float32),Unary,float32,100000,,1.164734,1.026728,available,,not_measured,managed,1.026728,1.134413,faster
np.acosh(a) (float32),Unary,float32,10000000,,143.037934,103.334476,available,,not_measured,managed,103.334476,1.384223,faster
np.acosh(a) (float64),Unary,float64,1000,,0.008178,0.013865,available,,not_measured,managed,0.013865,0.589831,slower
np.acosh(a) (float64),Unary,float64,100000,,1.507634,1.321908,available,,not_measured,managed,1.321908,1.140498,faster
np.acosh(a) (float64),Unary,float64,10000000,,143.564254,134.680685,available,,not_measured,managed,134.680685,1.06596,faster
np.angle(a) (float16),Unary,float16,1000,,0.011298,0.018467,available,,not_measured,managed,0.018467,0.611794,slower
np.angle(a) (float16),Unary,float16,100000,,1.723054,1.434054,available,,not_measured,managed,1.434054,1.201527,faster
np.angle(a) (float16),Unary,float16,10000000,,174.929618,161.301655,available,,not_measured,managed,161.301655,1.084487,faster
np.angle(a) (float32),Unary,float32,1000,,0.003947,0.014729,available,,not_measured,managed,0.014729,0.267975,much_slower
np.angle(a) (float32),Unary,float32,100000,,1.061402,1.153749,available,,not_measured,managed,1.153749,0.919959,close
np.angle(a) (float32),Unary,float32,10000000,,106.426058,132.433516,available,,not_measured,managed,132.433516,0.803619,close
np.angle(a) (float64),Unary,float64,1000,,0.00433,0.013143,available,,not_measured,managed,0.013143,0.329453,much_slower
np.angle(a) (float64),Unary,float64,100000,,1.052068,1.117846,available,,not_measured,managed,1.117846,0.941156,close
np.angle(a) (float64),Unary,float64,10000000,,137.42207,119.600439,available,,not_measured,managed,119.600439,1.14901,faster
np.arccos(a) (float16),Unary,float16,1000,,0.006616,0.016754,available,,not_measured,managed,0.016754,0.394891,slower
np.arccos(a) (float16),Unary,float16,100000,,1.083866,2.082142,available,,not_measured,managed,2.082142,0.520553,slower
np.arccos(a) (float16),Unary,float16,10000000,,191.691548,207.65747,available,,not_measured,managed,207.65747,0.923114,close
np.arccos(a) (float32),Unary,float32,1000,,0.003559,0.008453,available,,not_measured,managed,0.008453,0.421034,slower
np.arccos(a) (float32),Unary,float32,100000,,1.113486,1.298444,available,,not_measured,managed,1.298444,0.857554,close
np.arccos(a) (float32),Unary,float32,10000000,,122.894924,131.311242,available,,not_measured,managed,131.311242,0.935906,close
np.arccos(a) (float64),Unary,float64,1000,,0.003722,0.009416,available,,not_measured,managed,0.009416,0.395285,slower
np.arccos(a) (float64),Unary,float64,100000,,1.249814,1.368324,available,,not_measured,managed,1.368324,0.91339,close
np.arccos(a) (float64),Unary,float64,10000000,,154.886726,140.168775,available,,not_measured,managed,140.168775,1.105002,faster
np.arccosh(a) (float16),Unary,float16,1000,,0.008576,0.02012,available,,not_measured,managed,0.02012,0.426243,slower
np.arccosh(a) (float16),Unary,float16,100000,,1.952006,1.975928,available,,not_measured,managed,1.975928,0.987893,close
np.arccosh(a) (float16),Unary,float16,10000000,,175.700918,197.555643,available,,not_measured,managed,197.555643,0.889374,close
np.arccosh(a) (float32),Unary,float32,1000,,0.00556,0.010432,available,,not_measured,managed,0.010432,0.532975,slower
np.arccosh(a) (float32),Unary,float32,100000,,1.575174,1.055332,available,,not_measured,managed,1.055332,1.492586,faster
np.arccosh(a) (float32),Unary,float32,10000000,,140.526376,102.3527,available,,not_measured,managed,102.3527,1.372962,faster
np.arccosh(a) (float64),Unary,float64,1000,,0.006627,0.013928,available,,not_measured,managed,0.013928,0.475804,slower
np.arccosh(a) (float64),Unary,float64,100000,,1.367194,1.32142,available,,not_measured,managed,1.32142,1.03464,close
np.arccosh(a) (float64),Unary,float64,10000000,,146.087716,132.911923,available,,not_measured,managed,132.911923,1.099132,faster
np.arcsin(a) (float16),Unary,float16,1000,,0.00735,0.017143,available,,not_measured,managed,0.017143,0.428746,slower
np.arcsin(a) (float16),Unary,float16,100000,,1.106598,2.162094,available,,not_measured,managed,2.162094,0.511818,slower
np.arcsin(a) (float16),Unary,float16,10000000,,221.270794,215.324179,available,,not_measured,managed,215.324179,1.027617,close
np.arcsin(a) (float32),Unary,float32,1000,,0.003911,0.009348,available,,not_measured,managed,0.009348,0.418378,slower
np.arcsin(a) (float32),Unary,float32,100000,,1.261772,1.347415,available,,not_measured,managed,1.347415,0.936439,close
np.arcsin(a) (float32),Unary,float32,10000000,,153.106506,133.924024,available,,not_measured,managed,133.924024,1.143234,faster
np.arcsin(a) (float64),Unary,float64,1000,,0.003778,0.009403,available,,not_measured,managed,0.009403,0.401787,slower
np.arcsin(a) (float64),Unary,float64,100000,,1.312946,1.413135,available,,not_measured,managed,1.413135,0.929102,close
np.arcsin(a) (float64),Unary,float64,10000000,,164.734784,145.125063,available,,not_measured,managed,145.125063,1.135123,faster
np.arcsinh(a) (float16),Unary,float16,1000,,0.010716,0.02519,available,,not_measured,managed,0.02519,0.425407,slower
np.arcsinh(a) (float16),Unary,float16,100000,,1.811726,2.548172,available,,not_measured,managed,2.548172,0.71099,slower
np.arcsinh(a) (float16),Unary,float16,10000000,,217.453052,253.250987,available,,not_measured,managed,253.250987,0.858646,close
np.arcsinh(a) (float32),Unary,float32,1000,,0.007064,0.014714,available,,not_measured,managed,0.014714,0.480087,slower
np.arcsinh(a) (float32),Unary,float32,100000,,1.581156,1.55537,available,,not_measured,managed,1.55537,1.016579,close
np.arcsinh(a) (float32),Unary,float32,10000000,,168.695448,155.414827,available,,not_measured,managed,155.414827,1.085453,faster
np.arcsinh(a) (float64),Unary,float64,1000,,0.008284,0.019642,available,,not_measured,managed,0.019642,0.421749,slower
np.arcsinh(a) (float64),Unary,float64,100000,,2.291856,2.056876,available,,not_measured,managed,2.056876,1.114241,faster
np.arcsinh(a) (float64),Unary,float64,10000000,,222.61489,206.91679,available,,not_measured,managed,206.91679,1.075867,faster
np.arctan(a) (float16),Unary,float16,1000,,0.007462,0.016315,available,,not_measured,managed,0.016315,0.457371,slower
np.arctan(a) (float16),Unary,float16,100000,,1.28819,2.323081,available,,not_measured,managed,2.323081,0.554518,slower
np.arctan(a) (float16),Unary,float16,10000000,,213.040598,229.015087,available,,not_measured,managed,229.015087,0.930247,close
np.arctan(a) (float32),Unary,float32,1000,,0.004623,0.007827,available,,not_measured,managed,0.007827,0.590648,slower
np.arctan(a) (float32),Unary,float32,100000,,1.280248,1.393849,available,,not_measured,managed,1.393849,0.918498,close
np.arctan(a) (float32),Unary,float32,10000000,,144.837214,140.913548,available,,not_measured,managed,140.913548,1.027844,close
np.arctan(a) (float64),Unary,float64,1000,,0.003933,0.008973,available,,not_measured,managed,0.008973,0.438315,slower
np.arctan(a) (float64),Unary,float64,100000,,1.482752,1.573534,available,,not_measured,managed,1.573534,0.942307,close
np.arctan(a) (float64),Unary,float64,10000000,,163.074268,160.164958,available,,not_measured,managed,160.164958,1.018164,close
"np.arctan2(a, b) (float16)",Unary,float16,1000,,0.010363,0.029128,available,,not_measured,managed,0.029128,0.355775,slower
"np.arctan2(a, b) (float16)",Unary,float16,100000,,1.70568,3.715401,available,,not_measured,managed,3.715401,0.459084,slower
"np.arctan2(a, b) (float16)",Unary,float16,10000000,,301.080672,369.401019,available,,not_measured,managed,369.401019,0.815051,close
"np.arctan2(a, b) (float32)",Unary,float32,1000,,0.004251,0.025716,available,,not_measured,managed,0.025716,0.165306,much_slower
"np.arctan2(a, b) (float32)",Unary,float32,100000,,1.996494,3.305411,available,,not_measured,managed,3.305411,0.604008,slower
"np.arctan2(a, b) (float32)",Unary,float32,10000000,,212.207604,330.645561,available,,not_measured,managed,330.645561,0.641798,slower
"np.arctan2(a, b) (float64)",Unary,float64,1000,,0.005763,0.016519,available,,not_measured,managed,0.016519,0.348871,slower
"np.arctan2(a, b) (float64)",Unary,float64,100000,,2.753278,2.53828,available,,not_measured,managed,2.53828,1.084702,faster
"np.arctan2(a, b) (float64)",Unary,float64,10000000,,281.357892,258.639283,available,,not_measured,managed,258.639283,1.087839,faster
np.arctanh(a) (float16),Unary,float16,1000,,0.009065,0.020901,available,,not_measured,managed,0.020901,0.433711,slower
np.arctanh(a) (float16),Unary,float16,100000,,2.058688,2.134613,available,,not_measured,managed,2.134613,0.964431,close
np.arctanh(a) (float16),Unary,float16,10000000,,189.177414,213.482619,available,,not_measured,managed,213.482619,0.886149,close
np.arctanh(a) (float32),Unary,float32,1000,,0.005246,0.012028,available,,not_measured,managed,0.012028,0.436149,slower
np.arctanh(a) (float32),Unary,float32,100000,,1.265546,1.306938,available,,not_measured,managed,1.306938,0.968329,close
np.arctanh(a) (float32),Unary,float32,10000000,,142.826386,129.661284,available,,not_measured,managed,129.661284,1.101535,faster
np.arctanh(a) (float64),Unary,float64,1000,,0.006062,0.013312,available,,not_measured,managed,0.013312,0.455379,slower
np.arctanh(a) (float64),Unary,float64,100000,,1.716058,1.481208,available,,not_measured,managed,1.481208,1.158553,faster
np.arctanh(a) (float64),Unary,float64,10000000,,162.478438,149.687658,available,,not_measured,managed,149.687658,1.08545,faster
np.around (float16),Unary,float16,1000,,0.004966,0.007161,available,,not_measured,managed,0.007161,0.693479,slower
np.around (float16),Unary,float16,100000,,0.411472,0.687976,available,,not_measured,managed,0.687976,0.598091,slower
np.around (float16),Unary,float16,10000000,,60.941504,67.065521,available,,not_measured,managed,67.065521,0.908686,close
np.around (float32),Unary,float32,1000,,0.000973,0.001302,available,,not_measured,managed,0.001302,0.747312,negligible
np.around (float32),Unary,float32,100000,,0.015382,0.048742,available,,not_measured,managed,0.048742,0.31558,much_slower
np.around (float32),Unary,float32,10000000,,11.718,8.28702,available,,not_measured,managed,8.28702,1.414019,faster
np.around (float64),Unary,float64,1000,,0.000998,0.001873,available,,not_measured,managed,0.001873,0.532835,negligible
np.around (float64),Unary,float64,100000,,0.023022,0.09673,available,,not_measured,managed,0.09673,0.238003,much_slower
np.around (float64),Unary,float64,10000000,,24.115544,18.780822,available,,not_measured,managed,18.780822,1.284052,faster
np.asinh(a) (float16),Unary,float16,1000,,0.010826,0.025204,available,,not_measured,managed,0.025204,0.429535,slower
np.asinh(a) (float16),Unary,float16,100000,,2.440854,2.544366,available,,not_measured,managed,2.544366,0.959317,close
np.asinh(a) (float16),Unary,float16,10000000,,218.188754,252.089024,available,,not_measured,managed,252.089024,0.865523,close
np.asinh(a) (float32),Unary,float32,1000,,0.009746,0.014723,available,,not_measured,managed,0.014723,0.661957,slower
np.asinh(a) (float32),Unary,float32,100000,,1.684052,1.555397,available,,not_measured,managed,1.555397,1.082715,faster
np.asinh(a) (float32),Unary,float32,10000000,,168.885358,155.871462,available,,not_measured,managed,155.871462,1.083491,faster
np.asinh(a) (float64),Unary,float64,1000,,0.008252,0.019207,available,,not_measured,managed,0.019207,0.429635,slower
np.asinh(a) (float64),Unary,float64,100000,,2.21062,2.057304,available,,not_measured,managed,2.057304,1.074523,faster
np.asinh(a) (float64),Unary,float64,10000000,,219.058858,206.540772,available,,not_measured,managed,206.540772,1.060608,faster
np.atanh(a) (float16),Unary,float16,1000,,0.009171,0.020884,available,,not_measured,managed,0.020884,0.43914,slower
np.atanh(a) (float16),Unary,float16,100000,,1.981786,2.115033,available,,not_measured,managed,2.115033,0.937,close
np.atanh(a) (float16),Unary,float16,10000000,,187.364672,213.472257,available,,not_measured,managed,213.472257,0.8777,close
np.atanh(a) (float32),Unary,float32,1000,,0.005141,0.01175,available,,not_measured,managed,0.01175,0.437532,slower
np.atanh(a) (float32),Unary,float32,100000,,1.453736,1.30527,available,,not_measured,managed,1.30527,1.113744,faster
np.atanh(a) (float32),Unary,float32,10000000,,141.798618,129.32138,available,,not_measured,managed,129.32138,1.096482,faster
np.atanh(a) (float64),Unary,float64,1000,,0.005942,0.013228,available,,not_measured,managed,0.013228,0.449199,slower
np.atanh(a) (float64),Unary,float64,100000,,1.509136,1.486194,available,,not_measured,managed,1.486194,1.015437,close
np.atanh(a) (float64),Unary,float64,10000000,,159.262706,150.061143,available,,not_measured,managed,150.061143,1.061319,faster
np.cbrt(a) (float16),Unary,float16,1000,,0.009536,0.023125,available,,not_measured,managed,0.023125,0.412368,slower
np.cbrt(a) (float16),Unary,float16,100000,,2.159952,2.329402,available,,not_measured,managed,2.329402,0.927256,close
np.cbrt(a) (float16),Unary,float16,10000000,,216.797172,230.933878,available,,not_measured,managed,230.933878,0.938785,close
np.cbrt(a) (float32),Unary,float32,1000,,0.005862,0.013189,available,,not_measured,managed,0.013189,0.444461,slower
np.cbrt(a) (float32),Unary,float32,100000,,1.061946,1.451646,available,,not_measured,managed,1.451646,0.731546,slower
np.cbrt(a) (float32),Unary,float32,10000000,,151.03435,143.317088,available,,not_measured,managed,143.317088,1.053847,faster
np.cbrt(a) (float64),Unary,float64,1000,,0.010269,0.018749,available,,not_measured,managed,0.018749,0.547709,slower
np.cbrt(a) (float64),Unary,float64,100000,,2.295854,2.025282,available,,not_measured,managed,2.025282,1.133597,faster
np.cbrt(a) (float64),Unary,float64,10000000,,215.178008,205.541857,available,,not_measured,managed,205.541857,1.046882,close
np.ceil (float16),Unary,float16,1000,,0.004083,0.006477,available,,not_measured,managed,0.006477,0.630384,slower
np.ceil (float16),Unary,float16,100000,,0.384732,0.617887,available,,not_measured,managed,0.617887,0.622658,slower
np.ceil (float16),Unary,float16,10000000,,58.142432,60.074288,available,,not_measured,managed,60.074288,0.967842,close
np.ceil (float32),Unary,float32,1000,,0.000403,0.001206,available,,not_measured,managed,0.001206,0.334163,negligible
np.ceil (float32),Unary,float32,100000,,0.013075,0.04889,available,,not_measured,managed,0.04889,0.267437,much_slower
np.ceil (float32),Unary,float32,10000000,,11.601718,8.338012,available,,not_measured,managed,8.338012,1.391425,faster
np.ceil (float64),Unary,float64,1000,,0.000443,0.002036,available,,not_measured,managed,0.002036,0.217583,negligible
np.ceil (float64),Unary,float64,100000,,0.021659,0.097417,available,,not_measured,managed,0.097417,0.222333,much_slower
np.ceil (float64),Unary,float64,10000000,,23.771242,18.75534,available,,not_measured,managed,18.75534,1.267439,faster
"np.clip(a, -10, 10) (float16)",Unary,float16,1000,,0.008311,0.009263,available,,not_measured,managed,0.009263,0.897226,close
"np.clip(a, -10, 10) (float16)",Unary,float16,100000,,0.941006,1.003676,available,,not_measured,managed,1.003676,0.93756,close
"np.clip(a, -10, 10) (float16)",Unary,float16,10000000,,124.501476,100.67772,available,,not_measured,managed,100.67772,1.236634,faster
"np.clip(a, -10, 10) (float32)",Unary,float32,1000,,0.001923,0.003247,available,,not_measured,managed,0.003247,0.592239,slower
"np.clip(a, -10, 10) (float32)",Unary,float32,100000,,0.016243,0.063174,available,,not_measured,managed,0.063174,0.257115,much_slower
"np.clip(a, -10, 10) (float32)",Unary,float32,10000000,,11.25906,8.71906,available,,not_measured,managed,8.71906,1.291316,faster
"np.clip(a, -10, 10) (float64)",Unary,float64,1000,,0.001792,0.003456,available,,not_measured,managed,0.003456,0.518519,slower
"np.clip(a, -10, 10) (float64)",Unary,float64,100000,,0.02758,0.105102,available,,not_measured,managed,0.105102,0.262412,much_slower
"np.clip(a, -10, 10) (float64)",Unary,float64,10000000,,23.71683,20.097014,available,,not_measured,managed,20.097014,1.180117,faster
np.conj(a) (float16),Unary,float16,1000,,0.000554,0.001253,available,,not_measured,managed,0.001253,0.442139,negligible
np.conj(a) (float16),Unary,float16,100000,,0.03824,0.042958,available,,not_measured,managed,0.042958,0.890172,close
np.conj(a) (float16),Unary,float16,10000000,,6.106184,5.077852,available,,not_measured,managed,5.077852,1.202513,faster
np.conj(a) (float32),Unary,float32,1000,,0.000551,0.001374,available,,not_measured,managed,0.001374,0.401019,negligible
np.conj(a) (float32),Unary,float32,100000,,0.035678,0.05821,available,,not_measured,managed,0.05821,0.612919,slower
np.conj(a) (float32),Unary,float32,10000000,,13.537862,9.286416,available,,not_measured,managed,9.286416,1.457813,faster
np.conj(a) (float64),Unary,float64,1000,,0.000538,0.00209,available,,not_measured,managed,0.00209,0.257416,negligible
np.conj(a) (float64),Unary,float64,100000,,0.03099,0.097262,available,,not_measured,managed,0.097262,0.318624,much_slower
np.conj(a) (float64),Unary,float64,10000000,,25.864792,20.416891,available,,not_measured,managed,20.416891,1.266833,faster
np.conjugate(a) (float16),Unary,float16,1000,,0.000554,0.00126,available,,not_measured,managed,0.00126,0.439683,negligible
np.conjugate(a) (float16),Unary,float16,100000,,0.03847,0.044144,available,,not_measured,managed,0.044144,0.871466,close
np.conjugate(a) (float16),Unary,float16,10000000,,6.116114,5.081721,available,,not_measured,managed,5.081721,1.203552,faster
np.conjugate(a) (float32),Unary,float32,1000,,0.000538,0.001416,available,,not_measured,managed,0.001416,0.379944,negligible
np.conjugate(a) (float32),Unary,float32,100000,,0.028119,0.057314,available,,not_measured,managed,0.057314,0.490613,slower
np.conjugate(a) (float32),Unary,float32,10000000,,12.746582,9.28582,available,,not_measured,managed,9.28582,1.372693,faster
np.conjugate(a) (float64),Unary,float64,1000,,0.000538,0.001965,available,,not_measured,managed,0.001965,0.273791,negligible
np.conjugate(a) (float64),Unary,float64,100000,,0.029728,0.099492,available,,not_measured,managed,0.099492,0.298798,much_slower
np.conjugate(a) (float64),Unary,float64,10000000,,25.633368,20.282049,available,,not_measured,managed,20.282049,1.263845,faster
np.cos (float16),Unary,float16,1000,,0.006889,0.016373,available,,not_measured,managed,0.016373,0.420754,slower
np.cos (float16),Unary,float16,100000,,0.978828,1.882601,available,,not_measured,managed,1.882601,0.519934,slower
np.cos (float16),Unary,float16,10000000,,160.600978,188.075672,available,,not_measured,managed,188.075672,0.853917,close
np.cos (float32),Unary,float32,1000,,0.001085,0.003148,available,,not_measured,managed,0.003148,0.344663,slower
np.cos (float32),Unary,float32,100000,,0.278984,0.273978,available,,not_measured,managed,0.273978,1.018272,close
np.cos (float32),Unary,float32,10000000,,24.71978,26.795034,available,,not_measured,managed,26.795034,0.922551,close
np.cos (float64),Unary,float64,1000,,0.004759,0.011262,available,,not_measured,managed,0.011262,0.422571,slower
np.cos (float64),Unary,float64,100000,,1.143272,1.225012,available,,not_measured,managed,1.225012,0.933274,close
np.cos (float64),Unary,float64,10000000,,127.7309,127.458526,available,,not_measured,managed,127.458526,1.002137,close
np.cosh(a) (float16),Unary,float16,1000,,0.007828,0.021235,available,,not_measured,managed,0.021235,0.368637,slower
np.cosh(a) (float16),Unary,float16,100000,,1.536734,2.112527,available,,not_measured,managed,2.112527,0.727439,slower
np.cosh(a) (float16),Unary,float16,10000000,,155.467048,212.158277,available,,not_measured,managed,212.158277,0.732788,slower
np.cosh(a) (float32),Unary,float32,1000,,0.003868,0.010633,available,,not_measured,managed,0.010633,0.363773,slower
np.cosh(a) (float32),Unary,float32,100000,,1.064782,1.118318,available,,not_measured,managed,1.118318,0.952128,close
np.cosh(a) (float32),Unary,float32,10000000,,113.550952,111.754158,available,,not_measured,managed,111.754158,1.016078,close
np.cosh(a) (float64),Unary,float64,1000,,0.003812,0.011753,available,,not_measured,managed,0.011753,0.324343,much_slower
np.cosh(a) (float64),Unary,float64,100000,,1.246336,1.187997,available,,not_measured,managed,1.187997,1.049107,close
np.cosh(a) (float64),Unary,float64,10000000,,133.239756,124.098394,available,,not_measured,managed,124.098394,1.073662,faster
np.deg2rad(a) (float16),Unary,float16,1000,,0.004488,0.007071,available,,not_measured,managed,0.007071,0.634705,slower
np.deg2rad(a) (float16),Unary,float16,100000,,0.471672,0.643323,available,,not_measured,managed,0.643323,0.733181,slower
np.deg2rad(a) (float16),Unary,float16,10000000,,67.682936,66.748196,available,,not_measured,managed,66.748196,1.014004,close
np.deg2rad(a) (float32),Unary,float32,1000,,0.001086,0.001344,available,,not_measured,managed,0.001344,0.808036,close
np.deg2rad(a) (float32),Unary,float32,100000,,0.181132,0.045866,available,,not_measured,managed,0.045866,3.949156,faster
np.deg2rad(a) (float32),Unary,float32,10000000,,19.71547,8.502971,available,,not_measured,managed,8.502971,2.318657,faster
np.deg2rad(a) (float64),Unary,float64,1000,,0.001348,0.002038,available,,not_measured,managed,0.002038,0.661433,slower
np.deg2rad(a) (float64),Unary,float64,100000,,0.111676,0.095582,available,,not_measured,managed,0.095582,1.168379,faster
np.deg2rad(a) (float64),Unary,float64,10000000,,29.263466,18.873233,available,,not_measured,managed,18.873233,1.550527,faster
np.degrees(a) (float16),Unary,float16,1000,,0.004119,0.007085,available,,not_measured,managed,0.007085,0.581369,slower
np.degrees(a) (float16),Unary,float16,100000,,0.46114,0.671789,available,,not_measured,managed,0.671789,0.686436,slower
np.degrees(a) (float16),Unary,float16,10000000,,62.572596,66.652537,available,,not_measured,managed,66.652537,0.938788,close
np.degrees(a) (float32),Unary,float32,1000,,0.001083,0.001288,available,,not_measured,managed,0.001288,0.840839,close
np.degrees(a) (float32),Unary,float32,100000,,0.100542,0.047188,available,,not_measured,managed,0.047188,2.130669,faster
np.degrees(a) (float32),Unary,float32,10000000,,18.8462,8.339989,available,,not_measured,managed,8.339989,2.259739,faster
np.degrees(a) (float64),Unary,float64,1000,,0.001265,0.001534,available,,not_measured,managed,0.001534,0.824641,close
np.degrees(a) (float64),Unary,float64,100000,,0.102294,0.094024,available,,not_measured,managed,0.094024,1.087956,faster
np.degrees(a) (float64),Unary,float64,10000000,,30.18598,19.115304,available,,not_measured,managed,19.115304,1.579152,faster
np.exp (float16),Unary,float16,1000,,0.004422,0.011197,available,,not_measured,managed,0.011197,0.394927,slower
np.exp (float16),Unary,float16,100000,,0.3927,0.920009,available,,not_measured,managed,0.920009,0.426844,slower
np.exp (float16),Unary,float16,10000000,,73.742048,107.982624,available,,not_measured,managed,107.982624,0.682907,slower
np.exp (float32),Unary,float32,1000,,0.000907,0.002964,available,,not_measured,managed,0.002964,0.306005,negligible
np.exp (float32),Unary,float32,100000,,0.2783,0.180773,available,,not_measured,managed,0.180773,1.5395,faster
np.exp (float32),Unary,float32,10000000,,33.8586,20.018243,available,,not_measured,managed,20.018243,1.691387,faster
np.exp (float64),Unary,float64,1000,,0.002878,0.006631,available,,not_measured,managed,0.006631,0.434022,slower
np.exp (float64),Unary,float64,100000,,0.441714,0.477104,available,,not_measured,managed,0.477104,0.925823,close
np.exp (float64),Unary,float64,10000000,,54.137224,51.322186,available,,not_measured,managed,51.322186,1.05485,faster
np.exp2 (float16),Unary,float16,1000,,0.004499,0.018266,available,,not_measured,managed,0.018266,0.246305,much_slower
np.exp2 (float16),Unary,float16,100000,,0.429932,1.786778,available,,not_measured,managed,1.786778,0.240619,much_slower
np.exp2 (float16),Unary,float16,10000000,,68.528632,178.518209,available,,not_measured,managed,178.518209,0.383875,slower
np.exp2 (float32),Unary,float32,1000,,0.001929,0.016145,available,,not_measured,managed,0.016145,0.11948,much_slower
np.exp2 (float32),Unary,float32,100000,,0.357336,1.330886,available,,not_measured,managed,1.330886,0.268495,much_slower
np.exp2 (float32),Unary,float32,10000000,,41.919128,149.312278,available,,not_measured,managed,149.312278,0.280748,much_slower
np.exp2 (float64),Unary,float64,1000,,0.00219,0.016392,available,,not_measured,managed,0.016392,0.133602,much_slower
np.exp2 (float64),Unary,float64,100000,,0.421744,1.431995,available,,not_measured,managed,1.431995,0.294515,much_slower
np.exp2 (float64),Unary,float64,10000000,,59.319942,146.176659,available,,not_measured,managed,146.176659,0.40581,slower
np.expm1 (float16),Unary,float16,1000,,0.005488,0.013844,available,,not_measured,managed,0.013844,0.396417,slower
np.expm1 (float16),Unary,float16,100000,,0.512972,1.267519,available,,not_measured,managed,1.267519,0.404706,slower
np.expm1 (float16),Unary,float16,10000000,,89.646994,134.347337,available,,not_measured,managed,134.347337,0.667278,slower
np.expm1 (float32),Unary,float32,1000,,0.002771,0.004272,available,,not_measured,managed,0.004272,0.648642,slower
np.expm1 (float32),Unary,float32,100000,,0.459058,0.34249,available,,not_measured,managed,0.34249,1.340354,faster
np.expm1 (float32),Unary,float32,10000000,,49.566238,33.457515,available,,not_measured,managed,33.457515,1.481468,faster
np.expm1 (float64),Unary,float64,1000,,0.003747,0.006512,available,,not_measured,managed,0.006512,0.575399,slower
np.expm1 (float64),Unary,float64,100000,,0.498862,0.473648,available,,not_measured,managed,0.473648,1.053234,faster
np.expm1 (float64),Unary,float64,10000000,,73.694998,51.094156,available,,not_measured,managed,51.094156,1.442337,faster
np.floor (float16),Unary,float16,1000,,0.004168,0.006477,available,,not_measured,managed,0.006477,0.643508,slower
np.floor (float16),Unary,float16,100000,,0.386332,0.608009,available,,not_measured,managed,0.608009,0.635405,slower
np.floor (float16),Unary,float16,10000000,,57.855276,59.682,available,,not_measured,managed,59.682,0.969392,close
np.floor (float32),Unary,float32,1000,,0.000496,0.001424,available,,not_measured,managed,0.001424,0.348315,negligible
np.floor (float32),Unary,float32,100000,,0.014181,0.048479,available,,not_measured,managed,0.048479,0.292518,much_slower
np.floor (float32),Unary,float32,10000000,,11.865964,8.298191,available,,not_measured,managed,8.298191,1.429946,faster
np.floor (float64),Unary,float64,1000,,0.000447,0.001868,available,,not_measured,managed,0.001868,0.239293,negligible
np.floor (float64),Unary,float64,100000,,0.02164,0.098581,available,,not_measured,managed,0.098581,0.219515,much_slower
np.floor (float64),Unary,float64,10000000,,23.912272,18.835976,available,,not_measured,managed,18.835976,1.2695,faster
np.imag(a) (float16),Unary,float16,1000,,0.00033,0.000772,available,,not_measured,managed,0.000772,0.427461,negligible
np.imag(a) (float16),Unary,float16,100000,,0.007321,0.002948,available,,not_measured,managed,0.002948,2.483379,faster
np.imag(a) (float16),Unary,float16,10000000,,0.022721,0.009873,available,,not_measured,managed,0.009873,2.301327,faster
np.imag(a) (float32),Unary,float32,1000,,0.000335,0.000733,available,,not_measured,managed,0.000733,0.457026,negligible
np.imag(a) (float32),Unary,float32,100000,,0.013248,0.002707,available,,not_measured,managed,0.002707,4.893979,faster
np.imag(a) (float32),Unary,float32,10000000,,0.020464,0.003103,available,,not_measured,managed,0.003103,6.594908,faster
np.imag(a) (float64),Unary,float64,1000,,0.000337,0.000689,available,,not_measured,managed,0.000689,0.489115,negligible
np.imag(a) (float64),Unary,float64,100000,,0.023208,0.004453,available,,not_measured,managed,0.004453,5.211767,faster
np.imag(a) (float64),Unary,float64,10000000,,0.01904,0.014809,available,,not_measured,managed,0.014809,1.285705,faster
np.log (float16),Unary,float16,1000,,0.004608,0.012579,available,,not_measured,managed,0.012579,0.366325,slower
np.log (float16),Unary,float16,100000,,0.407908,1.001683,available,,not_measured,managed,1.001683,0.407223,slower
np.log (float16),Unary,float16,10000000,,83.742884,121.200231,available,,not_measured,managed,121.200231,0.690947,slower
np.log (float32),Unary,float32,1000,,0.001245,0.002875,available,,not_measured,managed,0.002875,0.433043,slower
np.log (float32),Unary,float32,100000,,0.40455,0.230634,available,,not_measured,managed,0.230634,1.754078,faster
np.log (float32),Unary,float32,10000000,,46.164942,22.558639,available,,not_measured,managed,22.558639,2.046442,faster
np.log (float64),Unary,float64,1000,,0.002657,0.005488,available,,not_measured,managed,0.005488,0.484147,slower
np.log (float64),Unary,float64,100000,,0.911052,0.523466,available,,not_measured,managed,0.523466,1.740422,faster
np.log (float64),Unary,float64,10000000,,80.715994,56.81654,available,,not_measured,managed,56.81654,1.420643,faster
np.log10 (float16),Unary,float16,1000,,0.004681,0.012894,available,,not_measured,managed,0.012894,0.363037,slower
np.log10 (float16),Unary,float16,100000,,0.43195,1.243368,available,,not_measured,managed,1.243368,0.347403,slower
np.log10 (float16),Unary,float16,10000000,,87.61487,124.289884,available,,not_measured,managed,124.289884,0.704924,slower
np.log10 (float32),Unary,float32,1000,,0.002262,0.005266,available,,not_measured,managed,0.005266,0.429548,slower
np.log10 (float32),Unary,float32,100000,,0.367754,0.461377,available,,not_measured,managed,0.461377,0.797079,slower
np.log10 (float32),Unary,float32,10000000,,43.566986,47.121572,available,,not_measured,managed,47.121572,0.924566,close
np.log10 (float64),Unary,float64,1000,,0.002793,0.005813,available,,not_measured,managed,0.005813,0.480475,slower
np.log10 (float64),Unary,float64,100000,,0.454368,0.557186,available,,not_measured,managed,0.557186,0.815469,close
np.log10 (float64),Unary,float64,10000000,,82.207834,60.05143,available,,not_measured,managed,60.05143,1.368957,faster
np.log1p (float16),Unary,float16,1000,,0.005886,0.013148,available,,not_measured,managed,0.013148,0.447673,slower
np.log1p (float16),Unary,float16,100000,,0.555544,1.231951,available,,not_measured,managed,1.231951,0.450947,slower
np.log1p (float16),Unary,float16,10000000,,103.580572,125.926928,available,,not_measured,managed,125.926928,0.822545,close
np.log1p (float32),Unary,float32,1000,,0.003144,0.004466,available,,not_measured,managed,0.004466,0.703986,slower
np.log1p (float32),Unary,float32,100000,,0.585574,0.434969,available,,not_measured,managed,0.434969,1.346243,faster
np.log1p (float32),Unary,float32,10000000,,62.86867,42.984808,available,,not_measured,managed,42.984808,1.462579,faster
np.log1p (float64),Unary,float64,1000,,0.003664,0.005862,available,,not_measured,managed,0.005862,0.625043,slower
np.log1p (float64),Unary,float64,100000,,0.674684,0.505019,available,,not_measured,managed,0.505019,1.335958,faster
np.log1p (float64),Unary,float64,10000000,,75.298144,57.116751,available,,not_measured,managed,57.116751,1.31832,faster
np.log2 (float16),Unary,float16,1000,,0.004858,0.011041,available,,not_measured,managed,0.011041,0.439996,slower
np.log2 (float16),Unary,float16,100000,,0.456706,1.010219,available,,not_measured,managed,1.010219,0.452086,slower
np.log2 (float16),Unary,float16,10000000,,76.504064,106.395953,available,,not_measured,managed,106.395953,0.719051,slower
np.log2 (float32),Unary,float32,1000,,0.002231,0.004805,available,,not_measured,managed,0.004805,0.464308,slower
np.log2 (float32),Unary,float32,100000,,0.325716,0.468999,available,,not_measured,managed,0.468999,0.694492,slower
np.log2 (float32),Unary,float32,10000000,,38.528172,47.41704,available,,not_measured,managed,47.41704,0.812539,close
np.log2 (float64),Unary,float64,1000,,0.004141,0.008221,available,,not_measured,managed,0.008221,0.50371,slower
np.log2 (float64),Unary,float64,100000,,0.773784,0.767811,available,,not_measured,managed,0.767811,1.007779,close
np.log2 (float64),Unary,float64,10000000,,85.948462,79.186462,available,,not_measured,managed,79.186462,1.085393,faster
np.modf(a) (float32),Unary,float32,1000,,0.002046,0.003671,available,,not_measured,managed,0.003671,0.557341,slower
np.modf(a) (float32),Unary,float32,100000,,0.428052,0.14346,available,,not_measured,managed,0.14346,2.983772,faster
np.modf(a) (float32),Unary,float32,10000000,,49.728892,17.12539,available,,not_measured,managed,17.12539,2.903811,faster
np.modf(a) (float64),Unary,float64,1000,,0.002171,0.005934,available,,not_measured,managed,0.005934,0.365858,slower
np.modf(a) (float64),Unary,float64,100000,,0.465482,0.285994,available,,not_measured,managed,0.285994,1.627594,faster
np.modf(a) (float64),Unary,float64,10000000,,64.424136,45.579702,available,,not_measured,managed,45.579702,1.413439,faster
np.negative(a) (float16),Unary,float16,1000,,0.000614,0.001425,available,,not_measured,managed,0.001425,0.430877,negligible
np.negative(a) (float16),Unary,float16,100000,,0.027062,0.053845,available,,not_measured,managed,0.053845,0.502591,slower
np.negative(a) (float16),Unary,float16,10000000,,7.106364,5.700889,available,,not_measured,managed,5.700889,1.246536,faster
np.negative(a) (float32),Unary,float32,1000,,0.000395,0.00127,available,,not_measured,managed,0.00127,0.311024,negligible
np.negative(a) (float32),Unary,float32,100000,,0.01192,0.048592,available,,not_measured,managed,0.048592,0.245308,much_slower
np.negative(a) (float32),Unary,float32,10000000,,11.459216,8.628288,available,,not_measured,managed,8.628288,1.328098,faster
np.negative(a) (float64),Unary,float64,1000,,0.000452,0.002158,available,,not_measured,managed,0.002158,0.209453,negligible
np.negative(a) (float64),Unary,float64,100000,,0.024289,0.096799,available,,not_measured,managed,0.096799,0.250922,much_slower
np.negative(a) (float64),Unary,float64,10000000,,22.69707,18.906764,available,,not_measured,managed,18.906764,1.200474,faster
np.positive(a) (float16),Unary,float16,1000,,0.000555,0.001075,available,,not_measured,managed,0.001075,0.516279,negligible
np.positive(a) (float16),Unary,float16,100000,,0.021079,0.024491,available,,not_measured,managed,0.024491,0.860684,close
np.positive(a) (float16),Unary,float16,10000000,,6.044824,2.414113,available,,not_measured,managed,2.414113,2.503952,faster
np.positive(a) (float32),Unary,float32,1000,,0.00054,0.001338,available,,not_measured,managed,0.001338,0.403587,negligible
np.positive(a) (float32),Unary,float32,100000,,0.09522,0.04434,available,,not_measured,managed,0.04434,2.147497,faster
np.positive(a) (float32),Unary,float32,10000000,,12.012246,5.188247,available,,not_measured,managed,5.188247,2.31528,faster
np.positive(a) (float64),Unary,float64,1000,,0.000565,0.001799,available,,not_measured,managed,0.001799,0.314063,negligible
np.positive(a) (float64),Unary,float64,100000,,0.032572,0.092603,available,,not_measured,managed,0.092603,0.351738,slower
np.positive(a) (float64),Unary,float64,10000000,,23.990212,13.691201,available,,not_measured,managed,13.691201,1.752236,faster
"np.power(a, 0.5) (float16)",Unary,float16,1000,,0.008741,0.007245,available,,not_measured,managed,0.007245,1.206487,faster
"np.power(a, 0.5) (float16)",Unary,float16,100000,,0.80808,0.644383,available,,not_measured,managed,0.644383,1.254037,faster
"np.power(a, 0.5) (float16)",Unary,float16,10000000,,201.656132,65.523072,available,,not_measured,managed,65.523072,3.077635,faster
"np.power(a, 0.5) (float32)",Unary,float32,1000,,0.001809,0.002306,available,,not_measured,managed,0.002306,0.784475,slower
"np.power(a, 0.5) (float32)",Unary,float32,100000,,0.14868,0.073684,available,,not_measured,managed,0.073684,2.017806,faster
"np.power(a, 0.5) (float32)",Unary,float32,10000000,,19.972334,8.830338,available,,not_measured,managed,8.830338,2.261786,faster
"np.power(a, 0.5) (float64)",Unary,float64,1000,,0.00197,0.004056,available,,not_measured,managed,0.004056,0.4857,slower
"np.power(a, 0.5) (float64)",Unary,float64,100000,,0.565808,0.279796,available,,not_measured,managed,0.279796,2.022216,faster
"np.power(a, 0.5) (float64)",Unary,float64,10000000,,65.563262,33.125466,available,,not_measured,managed,33.125466,1.97924,faster
"np.power(a, 2) (float16)",Unary,float16,1000,,0.010083,0.00974,available,,not_measured,managed,0.00974,1.035216,close
"np.power(a, 2) (float16)",Unary,float16,100000,,1.0533,0.902822,available,,not_measured,managed,0.902822,1.166675,faster
"np.power(a, 2) (float16)",Unary,float16,10000000,,219.556656,89.91578,available,,not_measured,managed,89.91578,2.441803,faster
"np.power(a, 2) (float32)",Unary,float32,1000,,0.00213,0.001856,available,,not_measured,managed,0.001856,1.147629,faster
"np.power(a, 2) (float32)",Unary,float32,100000,,0.167722,0.049079,available,,not_measured,managed,0.049079,3.417388,faster
"np.power(a, 2) (float32)",Unary,float32,10000000,,22.1084,9.063545,available,,not_measured,managed,9.063545,2.439266,faster
"np.power(a, 2) (float64)",Unary,float64,1000,,0.002127,0.00294,available,,not_measured,managed,0.00294,0.723469,slower
"np.power(a, 2) (float64)",Unary,float64,100000,,0.19281,0.094813,available,,not_measured,managed,0.094813,2.033582,faster
"np.power(a, 2) (float64)",Unary,float64,10000000,,29.363152,19.60099,available,,not_measured,managed,19.60099,1.498044,faster
"np.power(a, 3) (float16)",Unary,float16,1000,,0.011526,0.03438,available,,not_measured,managed,0.03438,0.335253,slower
"np.power(a, 3) (float16)",Unary,float16,100000,,1.4857,3.904115,available,,not_measured,managed,3.904115,0.380547,slower
"np.power(a, 3) (float16)",Unary,float16,10000000,,306.220992,394.128177,available,,not_measured,managed,394.128177,0.776958,slower
"np.power(a, 3) (float32)",Unary,float32,1000,,0.005717,0.013035,available,,not_measured,managed,0.013035,0.438588,slower
"np.power(a, 3) (float32)",Unary,float32,100000,,1.318306,1.302452,available,,not_measured,managed,1.302452,1.012172,close
"np.power(a, 3) (float32)",Unary,float32,10000000,,162.662468,127.676921,available,,not_measured,managed,127.676921,1.274016,faster
"np.power(a, 3) (float64)",Unary,float64,1000,,0.009499,0.022736,available,,not_measured,managed,0.022736,0.417796,slower
"np.power(a, 3) (float64)",Unary,float64,100000,,2.323738,2.066891,available,,not_measured,managed,2.066891,1.124267,faster
"np.power(a, 3) (float64)",Unary,float64,10000000,,243.15246,205.868074,available,,not_measured,managed,205.868074,1.181108,faster
np.rad2deg(a) (float16),Unary,float16,1000,,0.004443,0.007046,available,,not_measured,managed,0.007046,0.630571,slower
np.rad2deg(a) (float16),Unary,float16,100000,,0.49652,0.637967,available,,not_measured,managed,0.637967,0.778285,slower
np.rad2deg(a) (float16),Unary,float16,10000000,,70.239316,66.70264,available,,not_measured,managed,66.70264,1.053022,faster
np.rad2deg(a) (float32),Unary,float32,1000,,0.001088,0.00136,available,,not_measured,managed,0.00136,0.8,slower
np.rad2deg(a) (float32),Unary,float32,100000,,0.102304,0.04802,available,,not_measured,managed,0.04802,2.130446,faster
np.rad2deg(a) (float32),Unary,float32,10000000,,20.589288,8.363007,available,,not_measured,managed,8.363007,2.461948,faster
np.rad2deg(a) (float64),Unary,float64,1000,,0.001266,0.002103,available,,not_measured,managed,0.002103,0.601997,slower
np.rad2deg(a) (float64),Unary,float64,100000,,0.103942,0.095041,available,,not_measured,managed,0.095041,1.093654,faster
np.rad2deg(a) (float64),Unary,float64,10000000,,30.834178,19.12138,available,,not_measured,managed,19.12138,1.61255,faster
np.radians(a) (float16),Unary,float16,1000,,0.004485,0.007075,available,,not_measured,managed,0.007075,0.633922,slower
np.radians(a) (float16),Unary,float16,100000,,0.534988,0.675768,available,,not_measured,managed,0.675768,0.791674,slower
np.radians(a) (float16),Unary,float16,10000000,,65.696478,66.751269,available,,not_measured,managed,66.751269,0.984198,close
np.radians(a) (float32),Unary,float32,1000,,0.00115,0.001361,available,,not_measured,managed,0.001361,0.844967,close
np.radians(a) (float32),Unary,float32,100000,,0.099324,0.047785,available,,not_measured,managed,0.047785,2.07856,faster
np.radians(a) (float32),Unary,float32,10000000,,20.624974,8.596487,available,,not_measured,managed,8.596487,2.399233,faster
np.radians(a) (float64),Unary,float64,1000,,0.001273,0.001875,available,,not_measured,managed,0.001875,0.678933,slower
np.radians(a) (float64),Unary,float64,100000,,0.105504,0.093604,available,,not_measured,managed,0.093604,1.127131,faster
np.radians(a) (float64),Unary,float64,10000000,,28.850786,18.864541,available,,not_measured,managed,18.864541,1.529366,faster
np.real(a) (float16),Unary,float16,1000,,0.000137,1e-06,available,,not_measured,managed,1e-06,137.0,negligible
np.real(a) (float16),Unary,float16,100000,,0.00021,1e-06,available,,not_measured,managed,1e-06,210.0,negligible
np.real(a) (float16),Unary,float16,10000000,,0.000209,1e-06,available,,not_measured,managed,1e-06,209.0,negligible
np.real(a) (float32),Unary,float32,1000,,0.000151,1e-06,available,,not_measured,managed,1e-06,151.0,negligible
np.real(a) (float32),Unary,float32,100000,,0.000222,1e-06,available,,not_measured,managed,1e-06,222.0,negligible
np.real(a) (float32),Unary,float32,10000000,,0.000209,1e-06,available,,not_measured,managed,1e-06,209.0,negligible
np.real(a) (float64),Unary,float64,1000,,0.000137,1e-06,available,,not_measured,managed,1e-06,137.0,negligible
np.real(a) (float64),Unary,float64,100000,,0.000221,1e-06,available,,not_measured,managed,1e-06,221.0,negligible
np.real(a) (float64),Unary,float64,10000000,,0.000209,1e-06,available,,not_measured,managed,1e-06,209.0,negligible
np.reciprocal(a) (float16),Unary,float16,1000,,0.002393,0.007665,available,,not_measured,managed,0.007665,0.312198,much_slower
np.reciprocal(a) (float16),Unary,float16,100000,,0.208326,0.737041,available,,not_measured,managed,0.737041,0.282652,much_slower
np.reciprocal(a) (float16),Unary,float16,10000000,,46.683672,72.519858,available,,not_measured,managed,72.519858,0.643736,slower
np.reciprocal(a) (float32),Unary,float32,1000,,0.000469,0.001424,available,,not_measured,managed,0.001424,0.329354,negligible
np.reciprocal(a) (float32),Unary,float32,100000,,0.062686,0.060374,available,,not_measured,managed,0.060374,1.038295,close
np.reciprocal(a) (float32),Unary,float32,10000000,,11.596578,8.611346,available,,not_measured,managed,8.611346,1.346663,faster
np.reciprocal(a) (float64),Unary,float64,1000,,0.000703,0.002306,available,,not_measured,managed,0.002306,0.304857,negligible
np.reciprocal(a) (float64),Unary,float64,100000,,0.220062,0.196239,available,,not_measured,managed,0.196239,1.121398,faster
np.reciprocal(a) (float64),Unary,float64,10000000,,27.194818,23.629202,available,,not_measured,managed,23.629202,1.150899,faster
np.rint(a) (float16),Unary,float16,1000,,0.005116,0.00802,available,,not_measured,managed,0.00802,0.637905,slower
np.rint(a) (float16),Unary,float16,100000,,0.64,0.790299,available,,not_measured,managed,0.790299,0.80982,close
np.rint(a) (float16),Unary,float16,10000000,,80.099026,79.285214,available,,not_measured,managed,79.285214,1.010264,close
np.rint(a) (float32),Unary,float32,1000,,0.000396,0.001247,available,,not_measured,managed,0.001247,0.317562,negligible
np.rint(a) (float32),Unary,float32,100000,,0.012202,0.048311,available,,not_measured,managed,0.048311,0.252572,much_slower
np.rint(a) (float32),Unary,float32,10000000,,11.793098,8.486512,available,,not_measured,managed,8.486512,1.389628,faster
np.rint(a) (float64),Unary,float64,1000,,0.000434,0.002024,available,,not_measured,managed,0.002024,0.214427,negligible
np.rint(a) (float64),Unary,float64,100000,,0.024831,0.097738,available,,not_measured,managed,0.097738,0.254057,much_slower
np.rint(a) (float64),Unary,float64,10000000,,23.941044,19.016919,available,,not_measured,managed,19.016919,1.258934,faster
np.round(a) (float16),Unary,float16,1000,,0.00584,0.007985,available,,not_measured,managed,0.007985,0.731371,slower
np.round(a) (float16),Unary,float16,100000,,0.748152,0.790731,available,,not_measured,managed,0.790731,0.946152,close
np.round(a) (float16),Unary,float16,10000000,,74.55096,79.293915,available,,not_measured,managed,79.293915,0.940185,close
np.round(a) (float32),Unary,float32,1000,,0.000992,0.001298,available,,not_measured,managed,0.001298,0.764253,negligible
np.round(a) (float32),Unary,float32,100000,,0.015237,0.043752,available,,not_measured,managed,0.043752,0.348258,slower
np.round(a) (float32),Unary,float32,10000000,,12.094626,8.37429,available,,not_measured,managed,8.37429,1.444257,faster
np.round(a) (float64),Unary,float64,1000,,0.001017,0.001773,available,,not_measured,managed,0.001773,0.573604,slower
np.round(a) (float64),Unary,float64,100000,,0.02525,0.093879,available,,not_measured,managed,0.093879,0.268963,much_slower
np.round(a) (float64),Unary,float64,10000000,,24.503542,18.734736,available,,not_measured,managed,18.734736,1.30792,faster
np.sign (float16),Unary,float16,1000,,0.001219,0.007689,available,,not_measured,managed,0.007689,0.158538,much_slower
np.sign (float16),Unary,float16,100000,,0.088468,0.976385,available,,not_measured,managed,0.976385,0.090608,much_slower
np.sign (float16),Unary,float16,10000000,,20.323752,97.702929,available,,not_measured,managed,97.702929,0.208016,much_slower
np.sign (float32),Unary,float32,1000,,0.001083,0.002388,available,,not_measured,managed,0.002388,0.453518,slower
np.sign (float32),Unary,float32,100000,,0.43099,0.56205,available,,not_measured,managed,0.56205,0.766818,slower
np.sign (float32),Unary,float32,10000000,,48.729174,57.367084,available,,not_measured,managed,57.367084,0.849427,close
np.sign (float64),Unary,float64,1000,,0.001007,0.00283,available,,not_measured,managed,0.00283,0.35583,slower
np.sign (float64),Unary,float64,100000,,0.419874,0.565177,available,,not_measured,managed,0.565177,0.742907,slower
np.sign (float64),Unary,float64,10000000,,53.000956,61.302764,available,,not_measured,managed,61.302764,0.864577,close
np.sin (float16),Unary,float16,1000,,0.006418,0.01629,available,,not_measured,managed,0.01629,0.393984,slower
np.sin (float16),Unary,float16,100000,,0.944288,1.885069,available,,not_measured,managed,1.885069,0.50093,slower
np.sin (float16),Unary,float16,10000000,,165.551408,188.743454,available,,not_measured,managed,188.743454,0.877124,close
np.sin (float32),Unary,float32,1000,,0.001063,0.003131,available,,not_measured,managed,0.003131,0.339508,slower
np.sin (float32),Unary,float32,100000,,0.280118,0.271725,available,,not_measured,managed,0.271725,1.030888,close
np.sin (float32),Unary,float32,10000000,,34.475222,26.770778,available,,not_measured,managed,26.770778,1.287793,faster
np.sin (float64),Unary,float64,1000,,0.004666,0.010534,available,,not_measured,managed,0.010534,0.442947,slower
np.sin (float64),Unary,float64,100000,,1.167094,1.204615,available,,not_measured,managed,1.204615,0.968852,close
np.sin (float64),Unary,float64,10000000,,130.280206,125.283888,available,,not_measured,managed,125.283888,1.03988,close
np.sinh(a) (float16),Unary,float16,1000,,0.008283,0.021936,available,,not_measured,managed,0.021936,0.377598,slower
np.sinh(a) (float16),Unary,float16,100000,,1.266872,2.192788,available,,not_measured,managed,2.192788,0.577745,slower
np.sinh(a) (float16),Unary,float16,10000000,,164.46195,218.103029,available,,not_measured,managed,218.103029,0.754056,slower
np.sinh(a) (float32),Unary,float32,1000,,0.003698,0.010843,available,,not_measured,managed,0.010843,0.34105,slower
np.sinh(a) (float32),Unary,float32,100000,,1.132776,1.184343,available,,not_measured,managed,1.184343,0.956459,close
np.sinh(a) (float32),Unary,float32,10000000,,120.648572,117.398964,available,,not_measured,managed,117.398964,1.02768,close
np.sinh(a) (float64),Unary,float64,1000,,0.004927,0.012537,available,,not_measured,managed,0.012537,0.392997,slower
np.sinh(a) (float64),Unary,float64,100000,,1.29567,1.304642,available,,not_measured,managed,1.304642,0.993123,close
np.sinh(a) (float64),Unary,float64,10000000,,162.763666,132.797824,available,,not_measured,managed,132.797824,1.22565,faster
np.sqrt (float16),Unary,float16,1000,,0.004679,0.006944,available,,not_measured,managed,0.006944,0.673819,slower
np.sqrt (float16),Unary,float16,100000,,0.410292,0.655273,available,,not_measured,managed,0.655273,0.626139,slower
np.sqrt (float16),Unary,float16,10000000,,54.337528,65.524541,available,,not_measured,managed,65.524541,0.82927,close
np.sqrt (float32),Unary,float32,1000,,0.00049,0.001546,available,,not_measured,managed,0.001546,0.316947,negligible
np.sqrt (float32),Unary,float32,100000,,0.073476,0.075129,available,,not_measured,managed,0.075129,0.977998,close
np.sqrt (float32),Unary,float32,10000000,,12.36425,8.458937,available,,not_measured,managed,8.458937,1.461679,faster
np.sqrt (float64),Unary,float64,1000,,0.000934,0.003153,available,,not_measured,managed,0.003153,0.296226,negligible
np.sqrt (float64),Unary,float64,100000,,0.30035,0.291431,available,,not_measured,managed,0.291431,1.030604,close
np.sqrt (float64),Unary,float64,10000000,,38.4194,33.016094,available,,not_measured,managed,33.016094,1.163657,faster
np.square(a) (float16),Unary,float16,1000,,0.0024,0.008793,available,,not_measured,managed,0.008793,0.272944,much_slower
np.square(a) (float16),Unary,float16,100000,,0.21242,0.837853,available,,not_measured,managed,0.837853,0.253529,much_slower
np.square(a) (float16),Unary,float16,10000000,,44.695146,83.590887,available,,not_measured,managed,83.590887,0.534689,slower
np.square(a) (float32),Unary,float32,1000,,0.000392,0.001253,available,,not_measured,managed,0.001253,0.312849,negligible
np.square(a) (float32),Unary,float32,100000,,0.011822,0.04845,available,,not_measured,managed,0.04845,0.244004,much_slower
np.square(a) (float32),Unary,float32,10000000,,11.227896,8.461257,available,,not_measured,managed,8.461257,1.326977,faster
np.square(a) (float64),Unary,float64,1000,,0.000433,0.002097,available,,not_measured,managed,0.002097,0.206485,negligible
np.square(a) (float64),Unary,float64,100000,,0.024553,0.100262,available,,not_measured,managed,0.100262,0.244888,much_slower
np.square(a) (float64),Unary,float64,10000000,,23.729174,18.904579,available,,not_measured,managed,18.904579,1.255208,faster
np.tan (float16),Unary,float16,1000,,0.006748,0.016397,available,,not_measured,managed,0.016397,0.411539,slower
np.tan (float16),Unary,float16,100000,,0.957076,1.904633,available,,not_measured,managed,1.904633,0.502499,slower
np.tan (float16),Unary,float16,10000000,,165.09355,189.988865,available,,not_measured,managed,189.988865,0.868964,close
np.tan (float32),Unary,float32,1000,,0.003309,0.007511,available,,not_measured,managed,0.007511,0.440554,slower
np.tan (float32),Unary,float32,100000,,1.029446,1.141171,available,,not_measured,managed,1.141171,0.902096,close
np.tan (float32),Unary,float32,10000000,,115.14908,114.265368,available,,not_measured,managed,114.265368,1.007734,close
np.tan (float64),Unary,float64,1000,,0.004536,0.012178,available,,not_measured,managed,0.012178,0.372475,slower
np.tan (float64),Unary,float64,100000,,1.553262,1.560046,available,,not_measured,managed,1.560046,0.995651,close
np.tan (float64),Unary,float64,10000000,,171.980314,158.082556,available,,not_measured,managed,158.082556,1.087915,faster
np.tanh(a) (float16),Unary,float16,1000,,0.009848,0.021143,available,,not_measured,managed,0.021143,0.465781,slower
np.tanh(a) (float16),Unary,float16,100000,,1.725786,2.073862,available,,not_measured,managed,2.073862,0.83216,close
np.tanh(a) (float16),Unary,float16,10000000,,179.412522,206.875362,available,,not_measured,managed,206.875362,0.867249,close
np.tanh(a) (float32),Unary,float32,1000,,0.001588,0.00405,available,,not_measured,managed,0.00405,0.392099,slower
np.tanh(a) (float32),Unary,float32,100000,,0.593442,0.208382,available,,not_measured,managed,0.208382,2.847856,faster
np.tanh(a) (float32),Unary,float32,10000000,,60.257074,36.914083,available,,not_measured,managed,36.914083,1.63236,faster
np.tanh(a) (float64),Unary,float64,1000,,0.00621,0.008827,available,,not_measured,managed,0.008827,0.703523,slower
np.tanh(a) (float64),Unary,float64,100000,,2.545798,0.795666,available,,not_measured,managed,0.795666,3.199581,faster
np.tanh(a) (float64),Unary,float64,10000000,,254.633362,85.816748,available,,not_measured,managed,85.816748,2.967176,faster
np.trunc(a) (float16),Unary,float16,1000,,0.004868,0.00641,available,,not_measured,managed,0.00641,0.759438,slower
np.trunc(a) (float16),Unary,float16,100000,,0.477258,0.612752,available,,not_measured,managed,0.612752,0.778876,slower
np.trunc(a) (float16),Unary,float16,10000000,,61.191534,60.000693,available,,not_measured,managed,60.000693,1.019847,close
np.trunc(a) (float32),Unary,float32,1000,,0.000394,0.001305,available,,not_measured,managed,0.001305,0.301916,negligible
np.trunc(a) (float32),Unary,float32,100000,,0.015276,0.04757,available,,not_measured,managed,0.04757,0.321127,much_slower
np.trunc(a) (float32),Unary,float32,10000000,,11.888914,8.699383,available,,not_measured,managed,8.699383,1.366639,faster
np.trunc(a) (float64),Unary,float64,1000,,0.000491,0.002079,available,,not_measured,managed,0.002079,0.236171,negligible
np.trunc(a) (float64),Unary,float64,100000,,0.023568,0.092654,available,,not_measured,managed,0.092654,0.254366,much_slower
np.trunc(a) (float64),Unary,float64,10000000,,22.600708,18.846383,available,,not_measured,managed,18.846383,1.199207,faster
