bench	key	ns_ms	np_ms
reduce_layout_bench	100K|f64|C|sum|ax0	0.020173	0.009376
reduce_layout_bench	100K|f64|C|sum|ax1	0.01915	0.018474
reduce_layout_bench	100K|f64|C|min|ax0	0.017694	0.0133595
reduce_layout_bench	100K|f64|C|min|ax1	0.02341	0.0174295
reduce_layout_bench	100K|f64|C|max|ax0	0.0175525	0.0135985
reduce_layout_bench	100K|f64|C|max|ax1	0.024963000000000003	0.0174515
reduce_layout_bench	100K|f64|C|prod|ax0	0.0103315	0.010541
reduce_layout_bench	100K|f64|C|prod|ax1	0.007414	0.057125
reduce_layout_bench	100K|f64|F|sum|ax0	0.0183485	0.0184805
reduce_layout_bench	100K|f64|F|sum|ax1	0.018169	0.0107155
reduce_layout_bench	100K|f64|F|min|ax0	0.023901	0.0179
reduce_layout_bench	100K|f64|F|min|ax1	0.017403	0.01463
reduce_layout_bench	100K|f64|F|max|ax0	0.02355	0.017336
reduce_layout_bench	100K|f64|F|max|ax1	0.017017	0.01394
reduce_layout_bench	100K|f64|F|prod|ax0	0.0073809999999999995	0.057529
reduce_layout_bench	100K|f64|F|prod|ax1	0.010071000000000002	0.0106145
reduce_layout_bench	100K|f64|T|sum|ax0	0.018489	0.018021
reduce_layout_bench	100K|f64|T|sum|ax1	0.018304	0.0105
reduce_layout_bench	100K|f64|T|min|ax0	0.024109	0.0174425
reduce_layout_bench	100K|f64|T|min|ax1	0.017445	0.0139945
reduce_layout_bench	100K|f64|T|max|ax0	0.024651999999999997	0.0170625
reduce_layout_bench	100K|f64|T|max|ax1	0.017156	0.0137975
reduce_layout_bench	100K|f64|T|prod|ax0	0.0075309999999999995	0.059514
reduce_layout_bench	100K|f64|T|prod|ax1	0.010044500000000001	0.0111085
reduce_layout_bench	100K|f64|strided|sum|ax0	0.026815500000000003	0.0184025
reduce_layout_bench	100K|f64|strided|sum|ax1	0.020006	0.0106865
reduce_layout_bench	100K|f64|strided|min|ax0	0.0409965	0.01582
reduce_layout_bench	100K|f64|strided|min|ax1	0.037179000000000004	0.0238265
reduce_layout_bench	100K|f64|strided|max|ax0	0.041498	0.0154185
reduce_layout_bench	100K|f64|strided|max|ax1	0.036522	0.02357
reduce_layout_bench	100K|f64|strided|prod|ax0	0.022185999999999997	0.017951
reduce_layout_bench	100K|f64|strided|prod|ax1	0.016295	0.0251
reduce_layout_bench	100K|f64|negrow|sum|ax0	0.0192575	0.010658
reduce_layout_bench	100K|f64|negrow|sum|ax1	0.0191825	0.0191
reduce_layout_bench	100K|f64|negrow|min|ax0	0.025987	0.013915
reduce_layout_bench	100K|f64|negrow|min|ax1	0.018582	0.017401
reduce_layout_bench	100K|f64|negrow|max|ax0	0.025853	0.013872
reduce_layout_bench	100K|f64|negrow|max|ax1	0.0186775	0.0170155
reduce_layout_bench	100K|f64|negrow|prod|ax0	0.009272	0.0103905
reduce_layout_bench	100K|f64|negrow|prod|ax1	0.019447000000000002	0.0586315
reduce_layout_bench	100K|f64|negcol|sum|ax0	0.04854	0.030434
reduce_layout_bench	100K|f64|negcol|sum|ax1	0.018869	0.01906
reduce_layout_bench	100K|f64|negcol|min|ax0	0.11485849999999999	0.0259445
reduce_layout_bench	100K|f64|negcol|min|ax1	0.011471	0.039833
reduce_layout_bench	100K|f64|negcol|max|ax0	0.1116615	0.02515
reduce_layout_bench	100K|f64|negcol|max|ax1	0.0115215	0.039967
reduce_layout_bench	100K|f64|negcol|prod|ax0	0.040063	0.0301435
reduce_layout_bench	100K|f64|negcol|prod|ax1	0.0235725	0.0578205
reduce_layout_bench	100K|f64|sliced|sum|ax0	0.0129085	0.0114125
reduce_layout_bench	100K|f64|sliced|sum|ax1	0.0122885	0.0179095
reduce_layout_bench	100K|f64|sliced|min|ax0	0.0232415	0.0145645
reduce_layout_bench	100K|f64|sliced|min|ax1	0.025581	0.0158355
reduce_layout_bench	100K|f64|sliced|max|ax0	0.0236765	0.0145675
reduce_layout_bench	100K|f64|sliced|max|ax1	0.025696	0.0161215
reduce_layout_bench	100K|f64|sliced|prod|ax0	0.009008	0.011899
reduce_layout_bench	100K|f64|sliced|prod|ax1	0.019251499999999998	0.0569545
reduce_layout_bench	100K|f64|bcast|sum|ax0	0.009323	0.0095605
reduce_layout_bench	100K|f64|bcast|sum|ax1	0.010046	0.014943
reduce_layout_bench	100K|f64|bcast|min|ax0	0.018255999999999998	0.0124225
reduce_layout_bench	100K|f64|bcast|min|ax1	0.0094065	0.016493
reduce_layout_bench	100K|f64|bcast|max|ax0	0.018345	0.012439
reduce_layout_bench	100K|f64|bcast|max|ax1	0.009393	0.0165885
reduce_layout_bench	100K|f64|bcast|prod|ax0	0.005307500000000001	0.010271
reduce_layout_bench	100K|f64|bcast|prod|ax1	0.038918	0.0581155
reduce_layout_bench	100K|f32|C|sum|ax0	0.0080395	0.007343
reduce_layout_bench	100K|f32|C|sum|ax1	0.012938	0.016494
reduce_layout_bench	100K|f32|C|min|ax0	0.0096745	0.009363
reduce_layout_bench	100K|f32|C|min|ax1	0.017789	0.011663
reduce_layout_bench	100K|f32|C|max|ax0	0.010067	0.009314
reduce_layout_bench	100K|f32|C|max|ax1	0.018074	0.011654
reduce_layout_bench	100K|f32|C|prod|ax0	0.004855	0.007924
reduce_layout_bench	100K|f32|C|prod|ax1	0.0032840000000000005	0.05947
reduce_layout_bench	100K|f32|F|sum|ax0	0.013269999999999999	0.0161105
reduce_layout_bench	100K|f32|F|sum|ax1	0.008168	0.007171
reduce_layout_bench	100K|f32|F|min|ax0	0.017947	0.0126285
reduce_layout_bench	100K|f32|F|min|ax1	0.0098445	0.0093315
reduce_layout_bench	100K|f32|F|max|ax0	0.0171865	0.0120205
reduce_layout_bench	100K|f32|F|max|ax1	0.009572500000000001	0.009471
reduce_layout_bench	100K|f32|F|prod|ax0	0.0032455	0.058404
reduce_layout_bench	100K|f32|F|prod|ax1	0.004608	0.008154
reduce_layout_bench	100K|f32|T|sum|ax0	0.012442	0.016851
reduce_layout_bench	100K|f32|T|sum|ax1	0.007848	0.0073885
reduce_layout_bench	100K|f32|T|min|ax0	0.0170735	0.012294
reduce_layout_bench	100K|f32|T|min|ax1	0.009756	0.00965
reduce_layout_bench	100K|f32|T|max|ax0	0.017636	0.012407
reduce_layout_bench	100K|f32|T|max|ax1	0.009886	0.010101
reduce_layout_bench	100K|f32|T|prod|ax0	0.0032905	0.057782
reduce_layout_bench	100K|f32|T|prod|ax1	0.0047694999999999994	0.008424
reduce_layout_bench	100K|f32|strided|sum|ax0	0.0241075	0.018178
reduce_layout_bench	100K|f32|strided|sum|ax1	0.014494499999999999	0.00881
reduce_layout_bench	100K|f32|strided|min|ax0	0.041740000000000006	0.0122465
reduce_layout_bench	100K|f32|strided|min|ax1	0.0234475	0.023222
reduce_layout_bench	100K|f32|strided|max|ax0	0.042245	0.0120995
reduce_layout_bench	100K|f32|strided|max|ax1	0.023860000000000003	0.0232635
reduce_layout_bench	100K|f32|strided|prod|ax0	0.021349999999999997	0.0179875
reduce_layout_bench	100K|f32|strided|prod|ax1	0.0121915	0.025901
reduce_layout_bench	100K|f32|negrow|sum|ax0	0.008369	0.0073825
reduce_layout_bench	100K|f32|negrow|sum|ax1	0.0130735	0.0175565
reduce_layout_bench	100K|f32|negrow|min|ax0	0.012318	0.0100085
reduce_layout_bench	100K|f32|negrow|min|ax1	0.0115005	0.012832
reduce_layout_bench	100K|f32|negrow|max|ax0	0.013246	0.009521
reduce_layout_bench	100K|f32|negrow|max|ax1	0.0117435	0.011725
reduce_layout_bench	100K|f32|negrow|prod|ax0	0.004091	0.008007
reduce_layout_bench	100K|f32|negrow|prod|ax1	0.016774	0.059042
reduce_layout_bench	100K|f32|negcol|sum|ax0	0.0415055	0.030441
reduce_layout_bench	100K|f32|negcol|sum|ax1	0.012867	0.0170905
reduce_layout_bench	100K|f32|negcol|min|ax0	0.1116825	0.0397735
reduce_layout_bench	100K|f32|negcol|min|ax1	0.011124	0.040915
reduce_layout_bench	100K|f32|negcol|max|ax0	0.111303	0.039542
reduce_layout_bench	100K|f32|negcol|max|ax1	0.010867	0.0421215
reduce_layout_bench	100K|f32|negcol|prod|ax0	0.039313	0.0307065
reduce_layout_bench	100K|f32|negcol|prod|ax1	0.019088	0.057503
reduce_layout_bench	100K|f32|sliced|sum|ax0	0.008784	0.007838
reduce_layout_bench	100K|f32|sliced|sum|ax1	0.0124795	0.0159845
reduce_layout_bench	100K|f32|sliced|min|ax0	0.013332	0.0105065
reduce_layout_bench	100K|f32|sliced|min|ax1	0.0185715	0.0108905
reduce_layout_bench	100K|f32|sliced|max|ax0	0.0139355	0.009652
reduce_layout_bench	100K|f32|sliced|max|ax1	0.017868	0.0107
reduce_layout_bench	100K|f32|sliced|prod|ax0	0.0046725	0.0083145
reduce_layout_bench	100K|f32|sliced|prod|ax1	0.015571	0.057125
reduce_layout_bench	100K|f32|bcast|sum|ax0	0.007052500000000001	0.006748
reduce_layout_bench	100K|f32|bcast|sum|ax1	0.0129	0.0146145
reduce_layout_bench	100K|f32|bcast|min|ax0	0.012196	0.0089355
reduce_layout_bench	100K|f32|bcast|min|ax1	0.0104875	0.0117205
reduce_layout_bench	100K|f32|bcast|max|ax0	0.0117795	0.008973
reduce_layout_bench	100K|f32|bcast|max|ax1	0.010308	0.0116305
reduce_layout_bench	100K|f32|bcast|prod|ax0	0.0037685	0.0073305
reduce_layout_bench	100K|f32|bcast|prod|ax1	0.0394635	0.0591365
reduce_layout_bench	100K|c128|C|sum|ax0	0.021916500000000002	0.024655
reduce_layout_bench	100K|c128|C|sum|ax1	0.031619	0.0325015
reduce_layout_bench	100K|c128|C|min|ax0	0.1682155	0.136649
reduce_layout_bench	100K|c128|C|min|ax1	0.172989	0.149694
reduce_layout_bench	100K|c128|C|max|ax0	0.138361	0.138442
reduce_layout_bench	100K|c128|C|max|ax1	0.17248850000000002	0.149427
reduce_layout_bench	100K|c128|C|prod|ax0	0.07326450000000001	0.029937
reduce_layout_bench	100K|c128|C|prod|ax1	0.151736	0.231314
reduce_layout_bench	100K|c128|F|sum|ax0	0.030919500000000003	0.0316925
reduce_layout_bench	100K|c128|F|sum|ax1	0.02092	0.0185985
reduce_layout_bench	100K|c128|F|min|ax0	0.1679035	0.149254
reduce_layout_bench	100K|c128|F|min|ax1	0.142434	0.137617
reduce_layout_bench	100K|c128|F|max|ax0	0.1201	0.151344
reduce_layout_bench	100K|c128|F|max|ax1	0.18496749999999998	0.135097
reduce_layout_bench	100K|c128|F|prod|ax0	0.1808575	0.229109
reduce_layout_bench	100K|c128|F|prod|ax1	0.135755	0.028633
reduce_layout_bench	100K|c128|T|sum|ax0	0.0480785	0.030135
reduce_layout_bench	100K|c128|T|sum|ax1	0.040747	0.0185395
reduce_layout_bench	100K|c128|T|min|ax0	0.1905195	0.146005
reduce_layout_bench	100K|c128|T|min|ax1	0.22567299999999998	0.147756
reduce_layout_bench	100K|c128|T|max|ax0	0.16341799999999998	0.180483
reduce_layout_bench	100K|c128|T|max|ax1	0.189469	0.147953
reduce_layout_bench	100K|c128|T|prod|ax0	0.1851585	0.45194
reduce_layout_bench	100K|c128|T|prod|ax1	0.135875	0.057314
reduce_layout_bench	100K|c128|strided|sum|ax0	0.0387965	0.040052
reduce_layout_bench	100K|c128|strided|sum|ax1	0.035356	0.0352425
reduce_layout_bench	100K|c128|strided|min|ax0	0.1187135	0.0795135
reduce_layout_bench	100K|c128|strided|min|ax1	0.09928000000000001	0.0954895
reduce_layout_bench	100K|c128|strided|max|ax0	0.097539	0.07902
reduce_layout_bench	100K|c128|strided|max|ax1	0.08516249999999999	0.0945435
reduce_layout_bench	100K|c128|strided|prod|ax0	0.0697945	0.044735
reduce_layout_bench	100K|c128|strided|prod|ax1	0.0945025	0.224241
reduce_layout_bench	100K|c128|negrow|sum|ax0	0.039392	0.040917
reduce_layout_bench	100K|c128|negrow|sum|ax1	0.046456	0.053085
reduce_layout_bench	100K|c128|negrow|min|ax0	0.2250385	0.149663
reduce_layout_bench	100K|c128|negrow|min|ax1	0.1922305	0.181414
reduce_layout_bench	100K|c128|negrow|max|ax0	0.18646000000000001	0.155435
reduce_layout_bench	100K|c128|negrow|max|ax1	0.1608915	0.178443
reduce_layout_bench	100K|c128|negrow|prod|ax0	0.134123	0.0572255
reduce_layout_bench	100K|c128|negrow|prod|ax1	0.184432	0.453142
reduce_layout_bench	100K|c128|negcol|sum|ax0	0.069084	0.07152
reduce_layout_bench	100K|c128|negcol|sum|ax1	0.046626	0.052311
reduce_layout_bench	100K|c128|negcol|min|ax0	0.23244900000000002	0.150037
reduce_layout_bench	100K|c128|negcol|min|ax1	0.1937615	0.180874
reduce_layout_bench	100K|c128|negcol|max|ax0	0.1862895	0.151429
reduce_layout_bench	100K|c128|negcol|max|ax1	0.158909	0.180079
reduce_layout_bench	100K|c128|negcol|prod|ax0	0.13530699999999998	0.0854205
reduce_layout_bench	100K|c128|negcol|prod|ax1	0.186247	0.451629
reduce_layout_bench	100K|c128|sliced|sum|ax0	0.0394575	0.039939
reduce_layout_bench	100K|c128|sliced|sum|ax1	0.0491435	0.0534215
reduce_layout_bench	100K|c128|sliced|min|ax0	0.2206375	0.148362
reduce_layout_bench	100K|c128|sliced|min|ax1	0.1889075	0.177282
reduce_layout_bench	100K|c128|sliced|max|ax0	0.18471800000000002	0.146009
reduce_layout_bench	100K|c128|sliced|max|ax1	0.159563	0.177425
reduce_layout_bench	100K|c128|sliced|prod|ax0	0.134164	0.0579525
reduce_layout_bench	100K|c128|sliced|prod|ax1	0.182486	0.449707
reduce_layout_bench	100K|c128|bcast|sum|ax0	0.0320125	0.0333205
reduce_layout_bench	100K|c128|bcast|sum|ax1	0.043021500000000004	0.047983
reduce_layout_bench	100K|c128|bcast|min|ax0	0.25069949999999996	0.154231
reduce_layout_bench	100K|c128|bcast|min|ax1	0.18750450000000002	0.177654
reduce_layout_bench	100K|c128|bcast|max|ax0	0.2556055	0.155024
reduce_layout_bench	100K|c128|bcast|max|ax1	0.160992	0.175827
reduce_layout_bench	100K|c128|bcast|prod|ax0	0.1335055	0.0602035
reduce_layout_bench	100K|c128|bcast|prod|ax1	0.1818025	0.454051
reduce_layout_bench	100K|dec|C|sum|ax0	0.769787	0.0230095
reduce_layout_bench	100K|dec|C|sum|ax1	0.426635	0.030048
reduce_layout_bench	100K|dec|C|min|ax0	0.3269955	0.038596
reduce_layout_bench	100K|dec|C|min|ax1	0.2447985	0.052978
reduce_layout_bench	100K|dec|C|max|ax0	0.34458150000000004	0.039727
reduce_layout_bench	100K|dec|C|max|ax1	0.258887	0.053046
reduce_layout_bench	100K|dec|F|sum|ax0	0.287377	0.031719
reduce_layout_bench	100K|dec|F|sum|ax1	0.7652205	0.023344
reduce_layout_bench	100K|dec|F|min|ax0	0.2468345	0.052207
reduce_layout_bench	100K|dec|F|min|ax1	0.3265095	0.039364
reduce_layout_bench	100K|dec|F|max|ax0	0.2603605	0.0526375
reduce_layout_bench	100K|dec|F|max|ax1	0.338439	0.039434
reduce_layout_bench	100K|dec|T|sum|ax0	0.42818150000000005	0.0308535
reduce_layout_bench	100K|dec|T|sum|ax1	0.761499	0.023329
reduce_layout_bench	100K|dec|T|min|ax0	0.2465015	0.0518215
reduce_layout_bench	100K|dec|T|min|ax1	0.326877	0.038724
reduce_layout_bench	100K|dec|T|max|ax0	0.25837299999999996	0.0520605
reduce_layout_bench	100K|dec|T|max|ax1	0.3380905	0.0393915
reduce_layout_bench	100K|dec|strided|sum|ax0	0.38494500000000004	0.0348485
reduce_layout_bench	100K|dec|strided|sum|ax1	0.21689499999999998	0.019166
reduce_layout_bench	100K|dec|strided|min|ax0	0.16402550000000002	0.0396585
reduce_layout_bench	100K|dec|strided|min|ax1	0.12733650000000002	0.06153
reduce_layout_bench	100K|dec|strided|max|ax0	0.168475	0.038529
reduce_layout_bench	100K|dec|strided|max|ax1	0.1344285	0.063241
reduce_layout_bench	100K|dec|negrow|sum|ax0	0.7637915	0.0232725
reduce_layout_bench	100K|dec|negrow|sum|ax1	0.430714	0.0308445
reduce_layout_bench	100K|dec|negrow|min|ax0	0.3266285	0.039808
reduce_layout_bench	100K|dec|negrow|min|ax1	0.2531405	0.054831
reduce_layout_bench	100K|dec|negrow|max|ax0	0.33510399999999996	0.0400665
reduce_layout_bench	100K|dec|negrow|max|ax1	0.259558	0.0535175
reduce_layout_bench	100K|dec|negcol|sum|ax0	0.763318	0.06348
reduce_layout_bench	100K|dec|negcol|sum|ax1	0.430553	0.030546
reduce_layout_bench	100K|dec|negcol|min|ax0	0.332609	0.0645035
reduce_layout_bench	100K|dec|negcol|min|ax1	0.246009	0.105778
reduce_layout_bench	100K|dec|negcol|max|ax0	0.337568	0.064022
reduce_layout_bench	100K|dec|negcol|max|ax1	0.2612565	0.107305
reduce_layout_bench	100K|dec|sliced|sum|ax0	0.7506539999999999	0.0254425
reduce_layout_bench	100K|dec|sliced|sum|ax1	0.42179900000000004	0.029545
reduce_layout_bench	100K|dec|sliced|min|ax0	0.325389	0.0396215
reduce_layout_bench	100K|dec|sliced|min|ax1	0.24569	0.048898
reduce_layout_bench	100K|dec|sliced|max|ax0	0.33352550000000003	0.0398765
reduce_layout_bench	100K|dec|sliced|max|ax1	0.257498	0.0486935
reduce_layout_bench	100K|dec|bcast|sum|ax0	0.767076	0.020679
reduce_layout_bench	100K|dec|bcast|sum|ax1	0.428882	0.023986
reduce_layout_bench	100K|dec|bcast|min|ax0	0.32686750000000003	0.0388005
reduce_layout_bench	100K|dec|bcast|min|ax1	0.24878150000000002	0.0512215
reduce_layout_bench	100K|dec|bcast|max|ax0	0.32620550000000004	0.0383735
reduce_layout_bench	100K|dec|bcast|max|ax1	0.2582565	0.0515385
reduce_layout_bench	100K|f16|C|sum|ax0	0.1580485	0.651909
reduce_layout_bench	100K|f16|C|sum|ax1	0.08420899999999999	0.24283
reduce_layout_bench	100K|f16|C|min|ax0	0.3403335	0.312534
reduce_layout_bench	100K|f16|C|min|ax1	0.33309150000000004	0.321291
reduce_layout_bench	100K|f16|C|max|ax0	0.3261725	0.339091
reduce_layout_bench	100K|f16|C|max|ax1	0.333009	0.344019
reduce_layout_bench	100K|f16|C|prod|ax0	0.7891334999999999	0.688593
reduce_layout_bench	100K|f16|C|prod|ax1	0.786062	0.204681
reduce_layout_bench	100K|f16|F|sum|ax0	0.082079	0.241713
reduce_layout_bench	100K|f16|F|sum|ax1	0.15466950000000002	0.648147
reduce_layout_bench	100K|f16|F|min|ax0	0.33543750000000006	0.319561
reduce_layout_bench	100K|f16|F|min|ax1	0.327024	0.313946
reduce_layout_bench	100K|f16|F|max|ax0	0.33277999999999996	0.342192
reduce_layout_bench	100K|f16|F|max|ax1	0.3271675	0.34157
reduce_layout_bench	100K|f16|F|prod|ax0	0.7640904999999999	0.201128
reduce_layout_bench	100K|f16|F|prod|ax1	0.7912669999999999	0.690611
reduce_layout_bench	100K|f16|T|sum|ax0	0.08224999999999999	0.243175
reduce_layout_bench	100K|f16|T|sum|ax1	0.156581	0.658367
reduce_layout_bench	100K|f16|T|min|ax0	0.33325249999999995	0.322758
reduce_layout_bench	100K|f16|T|min|ax1	0.330775	0.315408
reduce_layout_bench	100K|f16|T|max|ax0	0.33277949999999995	0.344399
reduce_layout_bench	100K|f16|T|max|ax1	0.3272965	0.339593
reduce_layout_bench	100K|f16|T|prod|ax0	0.785617	0.201875
reduce_layout_bench	100K|f16|T|prod|ax1	0.8313214999999999	0.686329
reduce_layout_bench	100K|f16|strided|sum|ax0	0.6183685	0.329163
reduce_layout_bench	100K|f16|strided|sum|ax1	0.2072335	0.125105
reduce_layout_bench	100K|f16|strided|min|ax0	0.164184	0.162272
reduce_layout_bench	100K|f16|strided|min|ax1	0.165559	0.166008
reduce_layout_bench	100K|f16|strided|max|ax0	0.16467700000000002	0.175078
reduce_layout_bench	100K|f16|strided|max|ax1	0.1665875	0.175756
reduce_layout_bench	100K|f16|strided|prod|ax0	0.379273	0.347383
reduce_layout_bench	100K|f16|strided|prod|ax1	0.38585	0.107638
reduce_layout_bench	100K|f16|negrow|sum|ax0	0.15490199999999998	0.6519
reduce_layout_bench	100K|f16|negrow|sum|ax1	0.083263	0.243221
reduce_layout_bench	100K|f16|negrow|min|ax0	0.330088	0.312652
reduce_layout_bench	100K|f16|negrow|min|ax1	0.332027	0.322794
reduce_layout_bench	100K|f16|negrow|max|ax0	0.3282675	0.338126
reduce_layout_bench	100K|f16|negrow|max|ax1	0.332945	0.340446
reduce_layout_bench	100K|f16|negrow|prod|ax0	0.8007785	0.698106
reduce_layout_bench	100K|f16|negrow|prod|ax1	0.769495	0.203496
reduce_layout_bench	100K|f16|negcol|sum|ax0	1.237521	0.656503
reduce_layout_bench	100K|f16|negcol|sum|ax1	0.082342	0.243124
reduce_layout_bench	100K|f16|negcol|min|ax0	0.32603000000000004	0.312695
reduce_layout_bench	100K|f16|negcol|min|ax1	0.32664499999999996	0.323939
reduce_layout_bench	100K|f16|negcol|max|ax0	0.3268845	0.342408
reduce_layout_bench	100K|f16|negcol|max|ax1	0.3273795	0.338799
reduce_layout_bench	100K|f16|negcol|prod|ax0	0.764084	0.694407
reduce_layout_bench	100K|f16|negcol|prod|ax1	0.798885	0.202574
reduce_layout_bench	100K|f16|sliced|sum|ax0	0.14782299999999998	0.640036
reduce_layout_bench	100K|f16|sliced|sum|ax1	0.08251	0.239172
reduce_layout_bench	100K|f16|sliced|min|ax0	0.322825	0.310435
reduce_layout_bench	100K|f16|sliced|min|ax1	0.3267635	0.3177
reduce_layout_bench	100K|f16|sliced|max|ax0	0.3238125	0.338219
reduce_layout_bench	100K|f16|sliced|max|ax1	0.3277295	0.338699
reduce_layout_bench	100K|f16|sliced|prod|ax0	0.7702694999999999	0.680582
reduce_layout_bench	100K|f16|sliced|prod|ax1	0.7861515	0.201664
reduce_layout_bench	100K|f16|bcast|sum|ax0	0.156303	0.648714
reduce_layout_bench	100K|f16|bcast|sum|ax1	0.08241799999999999	0.241757
reduce_layout_bench	100K|f16|bcast|min|ax0	0.301361	0.295832
reduce_layout_bench	100K|f16|bcast|min|ax1	0.334105	0.314008
reduce_layout_bench	100K|f16|bcast|max|ax0	0.300822	0.297061
reduce_layout_bench	100K|f16|bcast|max|ax1	0.33179499999999995	0.34423
reduce_layout_bench	100K|f16|bcast|prod|ax0	0.7939255	0.729074
reduce_layout_bench	100K|f16|bcast|prod|ax1	0.784785	0.201953
reduce_layout_bench	100K|i32|C|sum|ax0	0.014397	0.110091
reduce_layout_bench	100K|i32|C|sum|ax1	0.010087500000000001	0.089192
reduce_layout_bench	100K|i32|C|min|ax0	0.0099305	0.016536
reduce_layout_bench	100K|i32|C|min|ax1	0.0075625	0.0169415
reduce_layout_bench	100K|i32|C|max|ax0	0.010303	0.0163115
reduce_layout_bench	100K|i32|C|max|ax1	0.007927499999999999	0.0170765
reduce_layout_bench	100K|i32|C|prod|ax0	0.0451895	0.112164
reduce_layout_bench	100K|i32|C|prod|ax1	0.0497865	0.171514
reduce_layout_bench	100K|i32|F|sum|ax0	0.010202	0.088009
reduce_layout_bench	100K|i32|F|sum|ax1	0.0142125	0.109219
reduce_layout_bench	100K|i32|F|min|ax0	0.0073160000000000005	0.0169525
reduce_layout_bench	100K|i32|F|min|ax1	0.010342	0.0163045
reduce_layout_bench	100K|i32|F|max|ax0	0.0075105	0.016782
reduce_layout_bench	100K|i32|F|max|ax1	0.010350999999999999	0.016363
reduce_layout_bench	100K|i32|F|prod|ax0	0.0495505	0.171107
reduce_layout_bench	100K|i32|F|prod|ax1	0.0445975	0.11342
reduce_layout_bench	100K|i32|T|sum|ax0	0.0095185	0.088331
reduce_layout_bench	100K|i32|T|sum|ax1	0.0140345	0.108992
reduce_layout_bench	100K|i32|T|min|ax0	0.007372	0.0169195
reduce_layout_bench	100K|i32|T|min|ax1	0.0101365	0.016183
reduce_layout_bench	100K|i32|T|max|ax0	0.007534999999999999	0.016962
reduce_layout_bench	100K|i32|T|max|ax1	0.0098675	0.016647
reduce_layout_bench	100K|i32|T|prod|ax0	0.049405000000000004	0.171024
reduce_layout_bench	100K|i32|T|prod|ax1	0.0448825	0.114843
reduce_layout_bench	100K|i32|strided|sum|ax0	0.0549005	0.05073
reduce_layout_bench	100K|i32|strided|sum|ax1	0.055698	0.0408515
reduce_layout_bench	100K|i32|strided|min|ax0	0.043214499999999996	0.032947
reduce_layout_bench	100K|i32|strided|min|ax1	0.15023899999999998	0.027659
reduce_layout_bench	100K|i32|strided|max|ax0	0.0465975	0.0328915
reduce_layout_bench	100K|i32|strided|max|ax1	0.13696049999999999	0.0273835
reduce_layout_bench	100K|i32|strided|prod|ax0	0.07331649999999999	0.052261
reduce_layout_bench	100K|i32|strided|prod|ax1	0.07581349999999999	0.076815
reduce_layout_bench	100K|i32|negrow|sum|ax0	0.0143495	0.111311
reduce_layout_bench	100K|i32|negrow|sum|ax1	0.11100099999999999	0.0906215
reduce_layout_bench	100K|i32|negrow|min|ax0	0.00722	0.016434
reduce_layout_bench	100K|i32|negrow|min|ax1	0.026163500000000003	0.017562
reduce_layout_bench	100K|i32|negrow|max|ax0	0.0073715	0.0165035
reduce_layout_bench	100K|i32|negrow|max|ax1	0.023767	0.017103
reduce_layout_bench	100K|i32|negrow|prod|ax0	0.044768	0.11405
reduce_layout_bench	100K|i32|negrow|prod|ax1	0.1473075	0.175129
reduce_layout_bench	100K|i32|negcol|sum|ax0	0.1117605	0.095261
reduce_layout_bench	100K|i32|negcol|sum|ax1	0.11209799999999999	0.075304
reduce_layout_bench	100K|i32|negcol|min|ax0	0.086454	0.0592555
reduce_layout_bench	100K|i32|negcol|min|ax1	0.099531	0.0444815
reduce_layout_bench	100K|i32|negcol|max|ax0	0.092843	0.0584015
reduce_layout_bench	100K|i32|negcol|max|ax1	0.136092	0.044321
reduce_layout_bench	100K|i32|negcol|prod|ax0	0.1468335	0.0996335
reduce_layout_bench	100K|i32|negcol|prod|ax1	0.1490725	0.159907
reduce_layout_bench	100K|i32|sliced|sum|ax0	0.015828500000000002	0.109717
reduce_layout_bench	100K|i32|sliced|sum|ax1	0.1125795	0.088727
reduce_layout_bench	100K|i32|sliced|min|ax0	0.008557	0.017089
reduce_layout_bench	100K|i32|sliced|min|ax1	0.025077	0.016449
reduce_layout_bench	100K|i32|sliced|max|ax0	0.008621	0.017345
reduce_layout_bench	100K|i32|sliced|max|ax1	0.021652	0.0162645
reduce_layout_bench	100K|i32|sliced|prod|ax0	0.0445885	0.113441
reduce_layout_bench	100K|i32|sliced|prod|ax1	0.143344	0.172753
reduce_layout_bench	100K|i32|bcast|sum|ax0	0.014718	0.0558815
reduce_layout_bench	100K|i32|bcast|sum|ax1	0.11765700000000001	0.0331555
reduce_layout_bench	100K|i32|bcast|min|ax0	0.004399	0.015177
reduce_layout_bench	100K|i32|bcast|min|ax1	0.08454700000000001	0.014253
reduce_layout_bench	100K|i32|bcast|max|ax0	0.0049315	0.015323
reduce_layout_bench	100K|i32|bcast|max|ax1	0.0904485	0.0141885
reduce_layout_bench	100K|i32|bcast|prod|ax0	0.043394	0.0570365
reduce_layout_bench	100K|i32|bcast|prod|ax1	0.145342	0.118987
reduce_layout_bench	100K|i64|C|sum|ax0	0.0184535	0.055153
reduce_layout_bench	100K|i64|C|sum|ax1	0.0114225	0.0347265
reduce_layout_bench	100K|i64|C|min|ax0	0.028083499999999997	0.0343565
reduce_layout_bench	100K|i64|C|min|ax1	0.033264999999999996	0.044195
reduce_layout_bench	100K|i64|C|max|ax0	0.0285475	0.036344
reduce_layout_bench	100K|i64|C|max|ax1	0.036042	0.044145
reduce_layout_bench	100K|i64|C|prod|ax0	0.041781	0.0584205
reduce_layout_bench	100K|i64|C|prod|ax1	0.0442475	0.116767
reduce_layout_bench	100K|i64|F|sum|ax0	0.012128000000000002	0.0347155
reduce_layout_bench	100K|i64|F|sum|ax1	0.0186155	0.0548995
reduce_layout_bench	100K|i64|F|min|ax0	0.0327195	0.0440005
reduce_layout_bench	100K|i64|F|min|ax1	0.028019	0.034786
reduce_layout_bench	100K|i64|F|max|ax0	0.032385000000000004	0.043922
reduce_layout_bench	100K|i64|F|max|ax1	0.0280065	0.0356515
reduce_layout_bench	100K|i64|F|prod|ax0	0.044316	0.119109
reduce_layout_bench	100K|i64|F|prod|ax1	0.0406585	0.0595085
reduce_layout_bench	100K|i64|T|sum|ax0	0.0121405	0.034298
reduce_layout_bench	100K|i64|T|sum|ax1	0.018944000000000003	0.05425
reduce_layout_bench	100K|i64|T|min|ax0	0.03329	0.04416
reduce_layout_bench	100K|i64|T|min|ax1	0.028232	0.034531
reduce_layout_bench	100K|i64|T|max|ax0	0.032659	0.0439525
reduce_layout_bench	100K|i64|T|max|ax1	0.0281995	0.0357625
reduce_layout_bench	100K|i64|T|prod|ax0	0.043674	0.117714
reduce_layout_bench	100K|i64|T|prod|ax1	0.040721499999999994	0.0586445
reduce_layout_bench	100K|i64|strided|sum|ax0	0.042793	0.0313695
reduce_layout_bench	100K|i64|strided|sum|ax1	0.14368550000000002	0.022935
reduce_layout_bench	100K|i64|strided|min|ax0	0.0461295	0.034399
reduce_layout_bench	100K|i64|strided|min|ax1	0.1368535	0.02806
reduce_layout_bench	100K|i64|strided|max|ax0	0.0498445	0.034388
reduce_layout_bench	100K|i64|strided|max|ax1	0.107389	0.027944
reduce_layout_bench	100K|i64|strided|prod|ax0	0.041896	0.034395
reduce_layout_bench	100K|i64|strided|prod|ax1	0.0624205	0.0585805
reduce_layout_bench	100K|i64|negrow|sum|ax0	0.012784	0.05597
reduce_layout_bench	100K|i64|negrow|sum|ax1	0.039030999999999996	0.034488
reduce_layout_bench	100K|i64|negrow|min|ax0	0.028998	0.0344665
reduce_layout_bench	100K|i64|negrow|min|ax1	0.046391	0.045513
reduce_layout_bench	100K|i64|negrow|max|ax0	0.029203	0.036741
reduce_layout_bench	100K|i64|negrow|max|ax1	0.0460085	0.0460895
reduce_layout_bench	100K|i64|negrow|prod|ax0	0.0391975	0.058777
reduce_layout_bench	100K|i64|negrow|prod|ax1	0.056656500000000005	0.11895
reduce_layout_bench	100K|i64|negcol|sum|ax0	0.082228	0.0554815
reduce_layout_bench	100K|i64|negcol|sum|ax1	0.093416	0.0361845
reduce_layout_bench	100K|i64|negcol|min|ax0	0.0921265	0.0592415
reduce_layout_bench	100K|i64|negcol|min|ax1	0.18634250000000002	0.0448885
reduce_layout_bench	100K|i64|negcol|max|ax0	0.100151	0.059084
reduce_layout_bench	100K|i64|negcol|max|ax1	0.17643999999999999	0.0438275
reduce_layout_bench	100K|i64|negcol|prod|ax0	0.08109999999999999	0.0582645
reduce_layout_bench	100K|i64|negcol|prod|ax1	0.127854	0.119379
reduce_layout_bench	100K|i64|sliced|sum|ax0	0.013561	0.0546655
reduce_layout_bench	100K|i64|sliced|sum|ax1	0.043440000000000006	0.034804
reduce_layout_bench	100K|i64|sliced|min|ax0	0.028859	0.0355805
reduce_layout_bench	100K|i64|sliced|min|ax1	0.046959999999999995	0.0421935
reduce_layout_bench	100K|i64|sliced|max|ax0	0.029043	0.036874
reduce_layout_bench	100K|i64|sliced|max|ax1	0.0450545	0.042414
reduce_layout_bench	100K|i64|sliced|prod|ax0	0.040271499999999995	0.058893
reduce_layout_bench	100K|i64|sliced|prod|ax1	0.055403	0.116261
reduce_layout_bench	100K|i64|bcast|sum|ax0	0.0066935	0.054115
reduce_layout_bench	100K|i64|bcast|sum|ax1	0.0825245	0.0314485
reduce_layout_bench	100K|i64|bcast|min|ax0	0.028874	0.0346375
reduce_layout_bench	100K|i64|bcast|min|ax1	0.0909065	0.042159
reduce_layout_bench	100K|i64|bcast|max|ax0	0.0283485	0.03573
reduce_layout_bench	100K|i64|bcast|max|ax1	0.097668	0.043006
reduce_layout_bench	100K|i64|bcast|prod|ax0	0.0381715	0.0557495
reduce_layout_bench	100K|i64|bcast|prod|ax1	0.0809995	0.117098
reduce_layout_bench	1M|f64|C|sum|ax0	0.23634666666666665	0.257773
reduce_layout_bench	1M|f64|C|sum|ax1	0.24035333333333334	0.376933
reduce_layout_bench	1M|f64|C|min|ax0	0.56752	0.3435
reduce_layout_bench	1M|f64|C|min|ax1	0.5633533333333334	0.42514
reduce_layout_bench	1M|f64|C|max|ax0	0.5472933333333334	0.34624
reduce_layout_bench	1M|f64|C|max|ax1	0.5717466666666666	0.414807
reduce_layout_bench	1M|f64|C|prod|ax0	0.23828666666666667	0.24838
reduce_layout_bench	1M|f64|C|prod|ax1	0.18673333333333333	0.95042
reduce_layout_bench	1M|f64|F|sum|ax0	0.24389333333333332	0.36886
reduce_layout_bench	1M|f64|F|sum|ax1	0.2660266666666667	0.242873
reduce_layout_bench	1M|f64|F|min|ax0	0.56282	0.415347
reduce_layout_bench	1M|f64|F|min|ax1	0.5423866666666667	0.347947
reduce_layout_bench	1M|f64|F|max|ax0	0.5672533333333334	0.42518
reduce_layout_bench	1M|f64|F|max|ax1	0.5440866666666667	0.343927
reduce_layout_bench	1M|f64|F|prod|ax0	0.18168	0.94998
reduce_layout_bench	1M|f64|F|prod|ax1	0.23568	0.249413
reduce_layout_bench	1M|f64|T|sum|ax0	0.24209333333333335	0.36454
reduce_layout_bench	1M|f64|T|sum|ax1	0.2963733333333333	0.241947
reduce_layout_bench	1M|f64|T|min|ax0	0.5635	0.423447
reduce_layout_bench	1M|f64|T|min|ax1	0.5405733333333332	0.343653
reduce_layout_bench	1M|f64|T|max|ax0	0.5629333333333334	0.41298
reduce_layout_bench	1M|f64|T|max|ax1	0.15784666666666666	0.340173
reduce_layout_bench	1M|f64|T|prod|ax0	0.08445333333333332	0.953427
reduce_layout_bench	1M|f64|T|prod|ax1	0.09832666666666667	0.24898
reduce_layout_bench	1M|f64|strided|sum|ax0	0.3664133333333333	0.304707
reduce_layout_bench	1M|f64|strided|sum|ax1	0.22232	0.238813
reduce_layout_bench	1M|f64|strided|min|ax0	0.7252866666666667	0.308787
reduce_layout_bench	1M|f64|strided|min|ax1	1.2098200000000001	0.536007
reduce_layout_bench	1M|f64|strided|max|ax0	0.7214466666666667	0.307807
reduce_layout_bench	1M|f64|strided|max|ax1	1.1968666666666665	0.54224
reduce_layout_bench	1M|f64|strided|prod|ax0	0.38208000000000003	0.30652
reduce_layout_bench	1M|f64|strided|prod|ax1	0.9995200000000001	0.47366
reduce_layout_bench	1M|f64|negrow|sum|ax0	0.24194000000000002	0.2446
reduce_layout_bench	1M|f64|negrow|sum|ax1	0.2537666666666667	0.384407
reduce_layout_bench	1M|f64|negrow|min|ax0	0.6433066666666666	0.36464
reduce_layout_bench	1M|f64|negrow|min|ax1	0.25931333333333334	0.43592
reduce_layout_bench	1M|f64|negrow|max|ax0	0.6220266666666666	0.37228
reduce_layout_bench	1M|f64|negrow|max|ax1	0.26434	0.440193
reduce_layout_bench	1M|f64|negrow|prod|ax0	0.20515999999999998	0.260333
reduce_layout_bench	1M|f64|negrow|prod|ax1	0.35753333333333337	0.97394
reduce_layout_bench	1M|f64|negcol|sum|ax0	0.7297866666666667	0.58906
reduce_layout_bench	1M|f64|negcol|sum|ax1	0.24139333333333332	0.36788
reduce_layout_bench	1M|f64|negcol|min|ax0	1.5599666666666667	0.577953
reduce_layout_bench	1M|f64|negcol|min|ax1	0.2276	1.12523
reduce_layout_bench	1M|f64|negcol|max|ax0	1.5315466666666666	0.57514
reduce_layout_bench	1M|f64|negcol|max|ax1	0.2405	1.08235
reduce_layout_bench	1M|f64|negcol|prod|ax0	0.7473799999999999	0.59192
reduce_layout_bench	1M|f64|negcol|prod|ax1	1.9896933333333335	0.96338
reduce_layout_bench	1M|f64|sliced|sum|ax0	0.25834	0.26064
reduce_layout_bench	1M|f64|sliced|sum|ax1	0.25928	0.359267
reduce_layout_bench	1M|f64|sliced|min|ax0	0.7656466666666667	0.351627
reduce_layout_bench	1M|f64|sliced|min|ax1	0.6016333333333334	0.399793
reduce_layout_bench	1M|f64|sliced|max|ax0	0.8202666666666667	0.353313
reduce_layout_bench	1M|f64|sliced|max|ax1	0.6137733333333333	0.397613
reduce_layout_bench	1M|f64|sliced|prod|ax0	0.23691333333333334	0.332
reduce_layout_bench	1M|f64|sliced|prod|ax1	0.37987333333333334	0.95194
reduce_layout_bench	1M|f64|bcast|sum|ax0	0.13464	0.142327
reduce_layout_bench	1M|f64|bcast|sum|ax1	0.13498000000000002	0.17256
reduce_layout_bench	1M|f64|bcast|min|ax0	0.6139933333333333	0.326647
reduce_layout_bench	1M|f64|bcast|min|ax1	0.16914	0.398153
reduce_layout_bench	1M|f64|bcast|max|ax0	0.6367133333333334	0.324373
reduce_layout_bench	1M|f64|bcast|max|ax1	0.17573999999999998	0.37962
reduce_layout_bench	1M|f64|bcast|prod|ax0	0.062400000000000004	0.14412
reduce_layout_bench	1M|f64|bcast|prod|ax1	0.7160866666666668	0.928013
reduce_layout_bench	1M|f32|C|sum|ax0	0.09780000000000001	0.0996467
reduce_layout_bench	1M|f32|C|sum|ax1	0.13022666666666666	0.23542
reduce_layout_bench	1M|f32|C|min|ax0	0.2666	0.17214
reduce_layout_bench	1M|f32|C|min|ax1	0.3023	0.236307
reduce_layout_bench	1M|f32|C|max|ax0	0.2683066666666667	0.173327
reduce_layout_bench	1M|f32|C|max|ax1	0.31277333333333335	0.234313
reduce_layout_bench	1M|f32|C|prod|ax0	0.16663333333333333	0.1
reduce_layout_bench	1M|f32|C|prod|ax1	0.053893333333333335	0.937053
reduce_layout_bench	1M|f32|F|sum|ax0	0.13058666666666668	0.24942
reduce_layout_bench	1M|f32|F|sum|ax1	0.10376	0.09708
reduce_layout_bench	1M|f32|F|min|ax0	0.3043533333333333	0.23476
reduce_layout_bench	1M|f32|F|min|ax1	0.26684	0.176113
reduce_layout_bench	1M|f32|F|max|ax0	0.3039733333333333	0.23462
reduce_layout_bench	1M|f32|F|max|ax1	0.2653466666666667	0.17912
reduce_layout_bench	1M|f32|F|prod|ax0	0.05664	0.940913
reduce_layout_bench	1M|f32|F|prod|ax1	0.09073333333333333	0.10188
reduce_layout_bench	1M|f32|T|sum|ax0	0.13423333333333334	0.2326
reduce_layout_bench	1M|f32|T|sum|ax1	0.09820666666666668	0.09866
reduce_layout_bench	1M|f32|T|min|ax0	0.30578000000000005	0.235993
reduce_layout_bench	1M|f32|T|min|ax1	0.2662933333333333	0.175527
reduce_layout_bench	1M|f32|T|max|ax0	0.30851999999999996	0.3081
reduce_layout_bench	1M|f32|T|max|ax1	0.26456666666666667	0.171773
reduce_layout_bench	1M|f32|T|prod|ax0	0.055220000000000005	0.948867
reduce_layout_bench	1M|f32|T|prod|ax1	0.09381333333333333	0.100113
reduce_layout_bench	1M|f32|strided|sum|ax0	0.3526533333333333	0.28752
reduce_layout_bench	1M|f32|strided|sum|ax1	0.15878	0.139007
reduce_layout_bench	1M|f32|strided|min|ax0	0.72158	0.552413
reduce_layout_bench	1M|f32|strided|min|ax1	0.6159266666666666	0.480567
reduce_layout_bench	1M|f32|strided|max|ax0	0.7244133333333332	0.547693
reduce_layout_bench	1M|f32|strided|max|ax1	0.6156266666666668	0.479273
reduce_layout_bench	1M|f32|strided|prod|ax0	0.3715066666666667	0.290873
reduce_layout_bench	1M|f32|strided|prod|ax1	0.59828	0.46302
reduce_layout_bench	1M|f32|negrow|sum|ax0	0.09697333333333333	0.102507
reduce_layout_bench	1M|f32|negrow|sum|ax1	0.13614666666666667	0.229913
reduce_layout_bench	1M|f32|negrow|min|ax0	0.31887333333333334	0.207507
reduce_layout_bench	1M|f32|negrow|min|ax1	0.11610000000000001	0.24318
reduce_layout_bench	1M|f32|negrow|max|ax0	0.31797333333333333	0.1774
reduce_layout_bench	1M|f32|negrow|max|ax1	0.10744	0.253167
reduce_layout_bench	1M|f32|negrow|prod|ax0	0.060553333333333334	0.106047
reduce_layout_bench	1M|f32|negrow|prod|ax1	0.17822666666666667	0.96452
reduce_layout_bench	1M|f32|negcol|sum|ax0	0.6968866666666667	0.582667
reduce_layout_bench	1M|f32|negcol|sum|ax1	0.12918	0.227513
reduce_layout_bench	1M|f32|negcol|min|ax0	1.50664	1.05211
reduce_layout_bench	1M|f32|negcol|min|ax1	0.12195333333333333	1.02049
reduce_layout_bench	1M|f32|negcol|max|ax0	1.5278866666666666	1.05026
reduce_layout_bench	1M|f32|negcol|max|ax1	0.10453333333333334	1.07253
reduce_layout_bench	1M|f32|negcol|prod|ax0	0.7186400000000001	0.56038
reduce_layout_bench	1M|f32|negcol|prod|ax1	1.1808266666666667	0.96258
reduce_layout_bench	1M|f32|sliced|sum|ax0	0.11258666666666667	0.110747
reduce_layout_bench	1M|f32|sliced|sum|ax1	0.14085333333333333	0.240847
reduce_layout_bench	1M|f32|sliced|min|ax0	0.3083	0.179367
reduce_layout_bench	1M|f32|sliced|min|ax1	0.33004	0.24166
reduce_layout_bench	1M|f32|sliced|max|ax0	0.3322866666666667	0.179507
reduce_layout_bench	1M|f32|sliced|max|ax1	0.33348	0.230907
reduce_layout_bench	1M|f32|sliced|prod|ax0	0.08132666666666667	0.112193
reduce_layout_bench	1M|f32|sliced|prod|ax1	0.17583333333333334	0.942207
reduce_layout_bench	1M|f32|bcast|sum|ax0	0.07454000000000001	0.0786333
reduce_layout_bench	1M|f32|bcast|sum|ax1	0.1132	0.170887
reduce_layout_bench	1M|f32|bcast|min|ax0	0.31109333333333333	0.175507
reduce_layout_bench	1M|f32|bcast|min|ax1	0.10141333333333334	0.222287
reduce_layout_bench	1M|f32|bcast|max|ax0	0.31405333333333335	0.168653
reduce_layout_bench	1M|f32|bcast|max|ax1	0.10145333333333334	0.223253
reduce_layout_bench	1M|f32|bcast|prod|ax0	0.031373333333333336	0.0805267
reduce_layout_bench	1M|f32|bcast|prod|ax1	0.7275933333333333	0.937213
reduce_layout_bench	1M|c128|C|sum|ax0	0.5452066666666667	0.505713
reduce_layout_bench	1M|c128|C|sum|ax1	0.5321733333333333	0.540113
reduce_layout_bench	1M|c128|C|min|ax0	2.2445	1.47554
reduce_layout_bench	1M|c128|C|min|ax1	1.8503066666666668	1.74981
reduce_layout_bench	1M|c128|C|max|ax0	1.89544	1.48131
reduce_layout_bench	1M|c128|C|max|ax1	1.5384133333333334	1.71526
reduce_layout_bench	1M|c128|C|prod|ax0	1.3254666666666668	0.594333
reduce_layout_bench	1M|c128|C|prod|ax1	1.8201533333333333	4.56599
reduce_layout_bench	1M|c128|F|sum|ax0	0.5245533333333333	0.556767
reduce_layout_bench	1M|c128|F|sum|ax1	0.5417799999999999	0.520327
reduce_layout_bench	1M|c128|F|min|ax0	1.84746	1.71199
reduce_layout_bench	1M|c128|F|min|ax1	2.277686666666667	1.4742
reduce_layout_bench	1M|c128|F|max|ax0	1.5714066666666668	1.73759
reduce_layout_bench	1M|c128|F|max|ax1	1.8854733333333333	1.46663
reduce_layout_bench	1M|c128|F|prod|ax0	1.8151666666666666	4.69109
reduce_layout_bench	1M|c128|F|prod|ax1	1.3210866666666665	0.62936
reduce_layout_bench	1M|c128|T|sum|ax0	0.5231133333333333	0.559847
reduce_layout_bench	1M|c128|T|sum|ax1	0.5563533333333334	0.506667
reduce_layout_bench	1M|c128|T|min|ax0	1.8797466666666667	1.7572
reduce_layout_bench	1M|c128|T|min|ax1	2.2859666666666665	1.4826
reduce_layout_bench	1M|c128|T|max|ax0	1.5454533333333333	1.76337
reduce_layout_bench	1M|c128|T|max|ax1	1.8701800000000002	1.49795
reduce_layout_bench	1M|c128|T|prod|ax0	1.7891266666666668	4.54701
reduce_layout_bench	1M|c128|T|prod|ax1	1.33048	0.6392
reduce_layout_bench	1M|c128|strided|sum|ax0	0.5497266666666667	0.48138
reduce_layout_bench	1M|c128|strided|sum|ax1	0.3798	0.419447
reduce_layout_bench	1M|c128|strided|min|ax0	1.11668	0.812813
reduce_layout_bench	1M|c128|strided|min|ax1	0.9537466666666667	0.929967
reduce_layout_bench	1M|c128|strided|max|ax0	0.9570866666666666	0.798193
reduce_layout_bench	1M|c128|strided|max|ax1	0.80908	0.906427
reduce_layout_bench	1M|c128|strided|prod|ax0	0.6971666666666666	0.50708
reduce_layout_bench	1M|c128|strided|prod|ax1	0.9331866666666666	2.25311
reduce_layout_bench	1M|c128|negrow|sum|ax0	0.54036	0.535987
reduce_layout_bench	1M|c128|negrow|sum|ax1	0.55686	0.574727
reduce_layout_bench	1M|c128|negrow|min|ax0	2.2645333333333335	1.50989
reduce_layout_bench	1M|c128|negrow|min|ax1	1.9764000000000002	1.76035
reduce_layout_bench	1M|c128|negrow|max|ax0	1.9006599999999998	1.51332
reduce_layout_bench	1M|c128|negrow|max|ax1	1.6133933333333335	1.78038
reduce_layout_bench	1M|c128|negrow|prod|ax0	1.2973066666666666	0.63742
reduce_layout_bench	1M|c128|negrow|prod|ax1	1.8483933333333333	4.5527
reduce_layout_bench	1M|c128|negcol|sum|ax0	0.7222933333333333	0.736307
reduce_layout_bench	1M|c128|negcol|sum|ax1	0.5231733333333334	0.569333
reduce_layout_bench	1M|c128|negcol|min|ax0	2.3141066666666665	1.48869
reduce_layout_bench	1M|c128|negcol|min|ax1	1.8400466666666666	1.75217
reduce_layout_bench	1M|c128|negcol|max|ax0	1.9617666666666667	1.47324
reduce_layout_bench	1M|c128|negcol|max|ax1	1.5245666666666666	1.75003
reduce_layout_bench	1M|c128|negcol|prod|ax0	1.3641333333333334	0.839207
reduce_layout_bench	1M|c128|negcol|prod|ax1	1.8163266666666666	4.53615
reduce_layout_bench	1M|c128|sliced|sum|ax0	0.53288	0.502247
reduce_layout_bench	1M|c128|sliced|sum|ax1	0.5190733333333334	0.529487
reduce_layout_bench	1M|c128|sliced|min|ax0	2.2325333333333335	1.47107
reduce_layout_bench	1M|c128|sliced|min|ax1	1.86414	1.71239
reduce_layout_bench	1M|c128|sliced|max|ax0	1.86382	1.4564
reduce_layout_bench	1M|c128|sliced|max|ax1	1.54906	1.74533
reduce_layout_bench	1M|c128|sliced|prod|ax0	1.3803333333333332	0.611827
reduce_layout_bench	1M|c128|sliced|prod|ax1	1.8476266666666668	4.48759
reduce_layout_bench	1M|c128|bcast|sum|ax0	0.3411733333333334	0.302153
reduce_layout_bench	1M|c128|bcast|sum|ax1	0.33749333333333337	0.370093
reduce_layout_bench	1M|c128|bcast|min|ax0	2.69298	1.48458
reduce_layout_bench	1M|c128|bcast|min|ax1	1.83088	1.68435
reduce_layout_bench	1M|c128|bcast|max|ax0	2.60044	1.48397
reduce_layout_bench	1M|c128|bcast|max|ax1	1.5046933333333332	1.69928
reduce_layout_bench	1M|c128|bcast|prod|ax0	1.30734	0.524227
reduce_layout_bench	1M|c128|bcast|prod|ax1	1.79552	4.52681
reduce_layout_bench	1M|dec|C|sum|ax0	7.7864	0.24284
reduce_layout_bench	1M|dec|C|sum|ax1	4.214853333333333	0.366213
reduce_layout_bench	1M|dec|C|min|ax0	3.239	0.342833
reduce_layout_bench	1M|dec|C|min|ax1	2.40826	0.4101
reduce_layout_bench	1M|dec|C|max|ax0	3.4287	0.3465
reduce_layout_bench	1M|dec|C|max|ax1	2.5633399999999997	0.413053
reduce_layout_bench	1M|dec|F|sum|ax0	4.21236	0.367073
reduce_layout_bench	1M|dec|F|sum|ax1	7.6213999999999995	0.242807
reduce_layout_bench	1M|dec|F|min|ax0	2.4303266666666667	0.41092
reduce_layout_bench	1M|dec|F|min|ax1	3.258166666666667	0.341633
reduce_layout_bench	1M|dec|F|max|ax0	2.51224	0.40944
reduce_layout_bench	1M|dec|F|max|ax1	3.333746666666667	0.3552
reduce_layout_bench	1M|dec|T|sum|ax0	4.33286	0.36452
reduce_layout_bench	1M|dec|T|sum|ax1	7.6152066666666665	0.224587
reduce_layout_bench	1M|dec|T|min|ax0	2.42312	0.407433
reduce_layout_bench	1M|dec|T|min|ax1	3.24478	0.337947
reduce_layout_bench	1M|dec|T|max|ax0	2.536486666666667	0.40666
reduce_layout_bench	1M|dec|T|max|ax1	3.3997266666666666	0.3387
reduce_layout_bench	1M|dec|strided|sum|ax0	3.8103466666666668	0.295893
reduce_layout_bench	1M|dec|strided|sum|ax1	2.1505	0.231533
reduce_layout_bench	1M|dec|strided|min|ax0	1.6252600000000001	0.306533
reduce_layout_bench	1M|dec|strided|min|ax1	1.3504666666666667	0.55306
reduce_layout_bench	1M|dec|strided|max|ax0	1.6874866666666668	0.314133
reduce_layout_bench	1M|dec|strided|max|ax1	1.2877466666666666	0.556273
reduce_layout_bench	1M|dec|negrow|sum|ax0	7.641546666666667	0.241847
reduce_layout_bench	1M|dec|negrow|sum|ax1	4.235580000000001	0.401713
reduce_layout_bench	1M|dec|negrow|min|ax0	3.2604800000000003	0.40536
reduce_layout_bench	1M|dec|negrow|min|ax1	2.5205933333333332	0.454853
reduce_layout_bench	1M|dec|negrow|max|ax0	3.3402733333333336	0.380433
reduce_layout_bench	1M|dec|negrow|max|ax1	2.582826666666667	0.454647
reduce_layout_bench	1M|dec|negcol|sum|ax0	7.75256	0.588647
reduce_layout_bench	1M|dec|negcol|sum|ax1	4.247893333333334	0.380487
reduce_layout_bench	1M|dec|negcol|min|ax0	3.27976	0.593867
reduce_layout_bench	1M|dec|negcol|min|ax1	2.4224866666666665	1.13768
reduce_layout_bench	1M|dec|negcol|max|ax0	3.4576	0.60156
reduce_layout_bench	1M|dec|negcol|max|ax1	2.5459066666666668	1.14249
reduce_layout_bench	1M|dec|sliced|sum|ax0	7.570433333333333	0.26716
reduce_layout_bench	1M|dec|sliced|sum|ax1	4.221193333333334	0.36874
reduce_layout_bench	1M|dec|sliced|min|ax0	3.1933266666666666	0.360667
reduce_layout_bench	1M|dec|sliced|min|ax1	2.41888	0.409773
reduce_layout_bench	1M|dec|sliced|max|ax0	3.296613333333333	0.367953
reduce_layout_bench	1M|dec|sliced|max|ax1	2.5488733333333333	0.39638
reduce_layout_bench	1M|dec|bcast|sum|ax0	7.602126666666666	0.142033
reduce_layout_bench	1M|dec|bcast|sum|ax1	4.217946666666666	0.173173
reduce_layout_bench	1M|dec|bcast|min|ax0	3.203333333333333	0.324747
reduce_layout_bench	1M|dec|bcast|min|ax1	2.433246666666667	0.380347
reduce_layout_bench	1M|dec|bcast|max|ax0	3.204733333333333	0.32248
reduce_layout_bench	1M|dec|bcast|max|ax1	2.5364333333333335	0.37916
reduce_layout_bench	1M|f16|C|sum|ax0	1.3744666666666667	6.44014
reduce_layout_bench	1M|f16|C|sum|ax1	0.67642	2.30295
reduce_layout_bench	1M|f16|C|min|ax0	3.2760933333333333	3.08685
reduce_layout_bench	1M|f16|C|min|ax1	3.3708466666666665	3.15411
reduce_layout_bench	1M|f16|C|max|ax0	3.31906	3.32629
reduce_layout_bench	1M|f16|C|max|ax1	3.2977866666666666	3.32567
reduce_layout_bench	1M|f16|C|prod|ax0	7.686106666666666	6.93931
reduce_layout_bench	1M|f16|C|prod|ax1	7.923086666666666	1.91874
reduce_layout_bench	1M|f16|F|sum|ax0	0.6797933333333332	2.29413
reduce_layout_bench	1M|f16|F|sum|ax1	1.36728	6.47397
reduce_layout_bench	1M|f16|F|min|ax0	3.33068	3.14107
reduce_layout_bench	1M|f16|F|min|ax1	3.267506666666667	3.08492
reduce_layout_bench	1M|f16|F|max|ax0	3.3172533333333334	3.31442
reduce_layout_bench	1M|f16|F|max|ax1	3.3304666666666667	3.32426
reduce_layout_bench	1M|f16|F|prod|ax0	7.51348	1.95875
reduce_layout_bench	1M|f16|F|prod|ax1	7.6584200000000004	6.92483
reduce_layout_bench	1M|f16|T|sum|ax0	0.6923333333333334	2.2998
reduce_layout_bench	1M|f16|T|sum|ax1	1.3697533333333332	6.4551
reduce_layout_bench	1M|f16|T|min|ax0	3.432913333333333	3.18325
reduce_layout_bench	1M|f16|T|min|ax1	3.3463399999999996	3.08167
reduce_layout_bench	1M|f16|T|max|ax0	3.3405066666666667	3.31097
reduce_layout_bench	1M|f16|T|max|ax1	3.284806666666667	3.31273
reduce_layout_bench	1M|f16|T|prod|ax0	7.736273333333333	1.94039
reduce_layout_bench	1M|f16|T|prod|ax1	8.182633333333333	6.95625
reduce_layout_bench	1M|f16|strided|sum|ax0	6.143079999999999	3.25824
reduce_layout_bench	1M|f16|strided|sum|ax1	1.9891733333333332	1.17857
reduce_layout_bench	1M|f16|strided|min|ax0	1.6420866666666667	1.544
reduce_layout_bench	1M|f16|strided|min|ax1	1.6247066666666667	1.56665
reduce_layout_bench	1M|f16|strided|max|ax0	1.6343533333333333	1.66607
reduce_layout_bench	1M|f16|strided|max|ax1	1.6423466666666668	1.70507
reduce_layout_bench	1M|f16|strided|prod|ax0	3.7584533333333336	3.46105
reduce_layout_bench	1M|f16|strided|prod|ax1	3.77336	0.982
reduce_layout_bench	1M|f16|negrow|sum|ax0	1.4005333333333332	6.46847
reduce_layout_bench	1M|f16|negrow|sum|ax1	0.68436	2.31585
reduce_layout_bench	1M|f16|negrow|min|ax0	3.32476	3.07791
reduce_layout_bench	1M|f16|negrow|min|ax1	3.3034000000000003	3.13111
reduce_layout_bench	1M|f16|negrow|max|ax0	3.33408	3.3424
reduce_layout_bench	1M|f16|negrow|max|ax1	3.3228866666666668	3.33225
reduce_layout_bench	1M|f16|negrow|prod|ax0	7.8249933333333335	6.94626
reduce_layout_bench	1M|f16|negrow|prod|ax1	7.535073333333333	1.92457
reduce_layout_bench	1M|f16|negcol|sum|ax0	12.299919999999998	6.46127
reduce_layout_bench	1M|f16|negcol|sum|ax1	0.6883466666666667	2.29816
reduce_layout_bench	1M|f16|negcol|min|ax0	3.331306666666667	3.0684
reduce_layout_bench	1M|f16|negcol|min|ax1	3.312093333333333	3.13993
reduce_layout_bench	1M|f16|negcol|max|ax0	3.3160266666666667	3.37397
reduce_layout_bench	1M|f16|negcol|max|ax1	3.274646666666667	3.32053
reduce_layout_bench	1M|f16|negcol|prod|ax0	7.716566666666667	6.91373
reduce_layout_bench	1M|f16|negcol|prod|ax1	7.704493333333334	1.92756
reduce_layout_bench	1M|f16|sliced|sum|ax0	1.4360933333333332	6.42798
reduce_layout_bench	1M|f16|sliced|sum|ax1	0.7239533333333333	2.302
reduce_layout_bench	1M|f16|sliced|min|ax0	3.29652	3.06854
reduce_layout_bench	1M|f16|sliced|min|ax1	3.31042	3.14198
reduce_layout_bench	1M|f16|sliced|max|ax0	3.341	3.32759
reduce_layout_bench	1M|f16|sliced|max|ax1	3.292526666666667	3.3162
reduce_layout_bench	1M|f16|sliced|prod|ax0	7.665126666666667	6.97371
reduce_layout_bench	1M|f16|sliced|prod|ax1	7.646866666666667	1.92425
reduce_layout_bench	1M|f16|bcast|sum|ax0	1.3720266666666667	6.4639
reduce_layout_bench	1M|f16|bcast|sum|ax1	0.6976733333333333	2.26289
reduce_layout_bench	1M|f16|bcast|min|ax0	2.9675066666666665	2.92093
reduce_layout_bench	1M|f16|bcast|min|ax1	3.29038	3.10259
reduce_layout_bench	1M|f16|bcast|max|ax0	3.019066666666667	2.93034
reduce_layout_bench	1M|f16|bcast|max|ax1	3.3428400000000003	3.32055
reduce_layout_bench	1M|f16|bcast|prod|ax0	7.83748	7.30639
reduce_layout_bench	1M|f16|bcast|prod|ax1	7.54306	1.92791
reduce_layout_bench	1M|i32|C|sum|ax0	0.13397333333333333	1.03136
reduce_layout_bench	1M|i32|C|sum|ax1	0.09129333333333332	0.812993
reduce_layout_bench	1M|i32|C|min|ax0	0.08994666666666666	0.102193
reduce_layout_bench	1M|i32|C|min|ax1	0.05228666666666667	0.0976867
reduce_layout_bench	1M|i32|C|max|ax0	0.09334666666666666	0.10138
reduce_layout_bench	1M|i32|C|max|ax1	0.05325333333333333	0.0951267
reduce_layout_bench	1M|i32|C|prod|ax0	0.4295333333333333	1.08226
reduce_layout_bench	1M|i32|C|prod|ax1	0.27903333333333336	1.71866
reduce_layout_bench	1M|i32|F|sum|ax0	0.060026666666666666	0.818747
reduce_layout_bench	1M|i32|F|sum|ax1	0.09355333333333334	1.04607
reduce_layout_bench	1M|i32|F|min|ax0	0.05276666666666666	0.09508
reduce_layout_bench	1M|i32|F|min|ax1	0.06062	0.09856
reduce_layout_bench	1M|i32|F|max|ax0	0.0511	0.09396
reduce_layout_bench	1M|i32|F|max|ax1	0.05582666666666667	0.0990267
reduce_layout_bench	1M|i32|F|prod|ax0	0.15712666666666666	1.71546
reduce_layout_bench	1M|i32|F|prod|ax1	0.14967333333333332	1.07012
reduce_layout_bench	1M|i32|T|sum|ax0	0.06684	0.8185
reduce_layout_bench	1M|i32|T|sum|ax1	0.09026	1.06005
reduce_layout_bench	1M|i32|T|min|ax0	0.04186666666666667	0.100773
reduce_layout_bench	1M|i32|T|min|ax1	0.05554	0.100887
reduce_layout_bench	1M|i32|T|max|ax0	0.04736666666666667	0.0955467
reduce_layout_bench	1M|i32|T|max|ax1	0.05436	0.104207
reduce_layout_bench	1M|i32|T|prod|ax0	0.15632666666666667	1.72865
reduce_layout_bench	1M|i32|T|prod|ax1	0.15024666666666667	1.09042
reduce_layout_bench	1M|i32|strided|sum|ax0	0.5506	0.43466
reduce_layout_bench	1M|i32|strided|sum|ax1	0.5511733333333333	0.33348
reduce_layout_bench	1M|i32|strided|min|ax0	0.41653333333333337	0.26942
reduce_layout_bench	1M|i32|strided|min|ax1	0.59098	0.195827
reduce_layout_bench	1M|i32|strided|max|ax0	0.44903333333333334	0.275007
reduce_layout_bench	1M|i32|strided|max|ax1	0.6963533333333333	0.193767
reduce_layout_bench	1M|i32|strided|prod|ax0	0.74526	0.449753
reduce_layout_bench	1M|i32|strided|prod|ax1	0.719	0.768987
reduce_layout_bench	1M|i32|negrow|sum|ax0	0.13454	1.03592
reduce_layout_bench	1M|i32|negrow|sum|ax1	1.08748	0.821727
reduce_layout_bench	1M|i32|negrow|min|ax0	0.05759333333333334	0.104487
reduce_layout_bench	1M|i32|negrow|min|ax1	0.19458	0.10944
reduce_layout_bench	1M|i32|negrow|max|ax0	0.05823333333333334	0.104873
reduce_layout_bench	1M|i32|negrow|max|ax1	0.17059333333333332	0.09878
reduce_layout_bench	1M|i32|negrow|prod|ax0	0.44436	1.07765
reduce_layout_bench	1M|i32|negrow|prod|ax1	1.4359866666666667	1.72039
reduce_layout_bench	1M|i32|negcol|sum|ax0	1.1283400000000001	0.879107
reduce_layout_bench	1M|i32|negcol|sum|ax1	1.1070533333333332	0.685227
reduce_layout_bench	1M|i32|negcol|min|ax0	0.8418	0.5372
reduce_layout_bench	1M|i32|negcol|min|ax1	1.1817199999999999	0.376267
reduce_layout_bench	1M|i32|negcol|max|ax0	0.9136333333333333	0.538067
reduce_layout_bench	1M|i32|negcol|max|ax1	1.3480200000000002	0.3749
reduce_layout_bench	1M|i32|negcol|prod|ax0	1.58758	0.9149
reduce_layout_bench	1M|i32|negcol|prod|ax1	1.4353933333333333	1.55788
reduce_layout_bench	1M|i32|sliced|sum|ax0	0.13802	1.0277
reduce_layout_bench	1M|i32|sliced|sum|ax1	1.0683733333333334	0.81158
reduce_layout_bench	1M|i32|sliced|min|ax0	0.08094666666666667	0.115207
reduce_layout_bench	1M|i32|sliced|min|ax1	0.21078000000000002	0.0989533
reduce_layout_bench	1M|i32|sliced|max|ax0	0.08020666666666668	0.119393
reduce_layout_bench	1M|i32|sliced|max|ax1	0.17531333333333335	0.0982467
reduce_layout_bench	1M|i32|sliced|prod|ax0	0.43457333333333337	1.05741
reduce_layout_bench	1M|i32|sliced|prod|ax1	1.4374333333333333	1.72146
reduce_layout_bench	1M|i32|bcast|sum|ax0	0.13174666666666665	0.496007
reduce_layout_bench	1M|i32|bcast|sum|ax1	1.07814	0.257833
reduce_layout_bench	1M|i32|bcast|min|ax0	0.030426666666666664	0.0799667
reduce_layout_bench	1M|i32|bcast|min|ax1	0.83804	0.06116
reduce_layout_bench	1M|i32|bcast|max|ax0	0.030559999999999997	0.0799867
reduce_layout_bench	1M|i32|bcast|max|ax1	0.8931066666666666	0.06072
reduce_layout_bench	1M|i32|bcast|prod|ax0	0.4355333333333334	0.493907
reduce_layout_bench	1M|i32|bcast|prod|ax1	1.4306533333333333	1.17422
reduce_layout_bench	1M|i64|C|sum|ax0	0.22898	0.49378
reduce_layout_bench	1M|i64|C|sum|ax1	0.18474666666666667	0.31624
reduce_layout_bench	1M|i64|C|min|ax0	0.28272	0.298207
reduce_layout_bench	1M|i64|C|min|ax1	0.29882000000000003	0.375193
reduce_layout_bench	1M|i64|C|max|ax0	0.27898	0.315267
reduce_layout_bench	1M|i64|C|max|ax1	0.2848866666666667	0.34982
reduce_layout_bench	1M|i64|C|prod|ax0	0.41011333333333333	0.558213
reduce_layout_bench	1M|i64|C|prod|ax1	0.39954	1.17179
reduce_layout_bench	1M|i64|F|sum|ax0	0.18531333333333333	0.3168
reduce_layout_bench	1M|i64|F|sum|ax1	0.23038	0.490267
reduce_layout_bench	1M|i64|F|min|ax0	0.28206666666666663	0.383587
reduce_layout_bench	1M|i64|F|min|ax1	0.28265999999999997	0.30658
reduce_layout_bench	1M|i64|F|max|ax0	0.29030666666666666	0.35378
reduce_layout_bench	1M|i64|F|max|ax1	0.2866	0.318693
reduce_layout_bench	1M|i64|F|prod|ax0	0.41618666666666665	1.17253
reduce_layout_bench	1M|i64|F|prod|ax1	0.41883333333333334	0.553913
reduce_layout_bench	1M|i64|T|sum|ax0	0.19010000000000002	0.313467
reduce_layout_bench	1M|i64|T|sum|ax1	0.24936	0.496067
reduce_layout_bench	1M|i64|T|min|ax0	0.3044333333333333	0.394187
reduce_layout_bench	1M|i64|T|min|ax1	0.28805333333333333	0.303887
reduce_layout_bench	1M|i64|T|max|ax0	0.2966533333333333	0.351053
reduce_layout_bench	1M|i64|T|max|ax1	0.28826666666666667	0.3273
reduce_layout_bench	1M|i64|T|prod|ax0	0.40648666666666666	1.20077
reduce_layout_bench	1M|i64|T|prod|ax1	0.4133733333333333	0.53912
reduce_layout_bench	1M|i64|strided|sum|ax0	0.4057066666666667	0.274973
reduce_layout_bench	1M|i64|strided|sum|ax1	0.4276733333333333	0.219347
reduce_layout_bench	1M|i64|strided|min|ax0	0.4511266666666666	0.314587
reduce_layout_bench	1M|i64|strided|min|ax1	0.83792	0.25066
reduce_layout_bench	1M|i64|strided|max|ax0	0.48277333333333333	0.314787
reduce_layout_bench	1M|i64|strided|max|ax1	1.06072	0.25388
reduce_layout_bench	1M|i64|strided|prod|ax0	0.39944666666666667	0.29896
reduce_layout_bench	1M|i64|strided|prod|ax1	0.6485533333333334	0.597927
reduce_layout_bench	1M|i64|negrow|sum|ax0	0.20535333333333333	0.512413
reduce_layout_bench	1M|i64|negrow|sum|ax1	0.36756666666666665	0.306127
reduce_layout_bench	1M|i64|negrow|min|ax0	0.30416666666666664	0.317327
reduce_layout_bench	1M|i64|negrow|min|ax1	0.445	0.411873
reduce_layout_bench	1M|i64|negrow|max|ax0	0.30733333333333335	0.335893
reduce_layout_bench	1M|i64|negrow|max|ax1	0.4264533333333333	0.38246
reduce_layout_bench	1M|i64|negrow|prod|ax0	0.42410000000000003	0.55694
reduce_layout_bench	1M|i64|negrow|prod|ax1	0.52676	1.19777
reduce_layout_bench	1M|i64|negcol|sum|ax0	0.8143866666666667	0.51586
reduce_layout_bench	1M|i64|negcol|sum|ax1	0.95078	0.33486
reduce_layout_bench	1M|i64|negcol|min|ax0	0.9302333333333334	0.566093
reduce_layout_bench	1M|i64|negcol|min|ax1	1.8657133333333333	0.405373
reduce_layout_bench	1M|i64|negcol|max|ax0	0.9807733333333334	0.55044
reduce_layout_bench	1M|i64|negcol|max|ax1	1.6435733333333333	0.406047
reduce_layout_bench	1M|i64|negcol|prod|ax0	0.7898	0.540787
reduce_layout_bench	1M|i64|negcol|prod|ax1	1.2569066666666666	1.20137
reduce_layout_bench	1M|i64|sliced|sum|ax0	0.23194666666666666	0.49216
reduce_layout_bench	1M|i64|sliced|sum|ax1	0.35749333333333333	0.293373
reduce_layout_bench	1M|i64|sliced|min|ax0	0.4222666666666666	0.309853
reduce_layout_bench	1M|i64|sliced|min|ax1	0.44949333333333336	0.343327
reduce_layout_bench	1M|i64|sliced|max|ax0	0.41824	0.33322
reduce_layout_bench	1M|i64|sliced|max|ax1	0.4074733333333333	0.3513
reduce_layout_bench	1M|i64|sliced|prod|ax0	0.5777800000000001	0.52568
reduce_layout_bench	1M|i64|sliced|prod|ax1	0.5089133333333333	1.18127
reduce_layout_bench	1M|i64|bcast|sum|ax0	0.06460666666666666	0.487487
reduce_layout_bench	1M|i64|bcast|sum|ax1	0.7944133333333333	0.251273
reduce_layout_bench	1M|i64|bcast|min|ax0	0.26720666666666665	0.275333
reduce_layout_bench	1M|i64|bcast|min|ax1	0.9068733333333333	0.32314
reduce_layout_bench	1M|i64|bcast|max|ax0	0.27708666666666665	0.29388
reduce_layout_bench	1M|i64|bcast|max|ax1	1.0108333333333333	0.336087
reduce_layout_bench	1M|i64|bcast|prod|ax0	0.3692066666666667	0.49138
reduce_layout_bench	1M|i64|bcast|prod|ax1	0.78638	1.17531
copy_path_bench	100K|u8|C|pos	0.020295	0.0210445
copy_path_bench	100K|u8|F|pos	0.01882	0.021071
copy_path_bench	100K|u8|T|pos	0.0194935	0.0209675
copy_path_bench	100K|u8|strided|pos	0.014033	0.0168825
copy_path_bench	100K|u8|sliced|pos	0.042883	0.0230475
copy_path_bench	100K|u8|negrow|pos	0.043880499999999996	0.023182
copy_path_bench	100K|u8|negcol|pos	0.022768	0.0425965
copy_path_bench	100K|u8|bcast|pos	0.018231	0.0230825
copy_path_bench	100K|i8|C|pos	0.019021999999999997	0.020879
copy_path_bench	100K|i8|F|pos	0.0248125	0.020907
copy_path_bench	100K|i8|T|pos	0.016194	0.0207345
copy_path_bench	100K|i8|strided|pos	0.0120695	0.01532
copy_path_bench	100K|i8|sliced|pos	0.0160965	0.022774
copy_path_bench	100K|i8|negrow|pos	0.014202	0.0230865
copy_path_bench	100K|i8|negcol|pos	0.015087999999999999	0.0424335
copy_path_bench	100K|i8|bcast|pos	0.013583000000000001	0.022934
copy_path_bench	100K|i16|C|pos	0.015371999999999999	0.02091
copy_path_bench	100K|i16|F|pos	0.013489500000000001	0.020941
copy_path_bench	100K|i16|T|pos	0.010926	0.0209075
copy_path_bench	100K|i16|strided|pos	0.010619499999999999	0.010957
copy_path_bench	100K|i16|sliced|pos	0.013366	0.023836
copy_path_bench	100K|i16|negrow|pos	0.011854	0.0236525
copy_path_bench	100K|i16|negcol|pos	0.012246	0.0426265
copy_path_bench	100K|i16|bcast|pos	0.0108915	0.023151
copy_path_bench	100K|u16|C|pos	0.012681	0.020874
copy_path_bench	100K|u16|F|pos	0.0105425	0.020748
copy_path_bench	100K|u16|T|pos	0.010353000000000001	0.020755
copy_path_bench	100K|u16|strided|pos	0.0099595	0.0108895
copy_path_bench	100K|u16|sliced|pos	0.0106815	0.023476
copy_path_bench	100K|u16|negrow|pos	0.0109935	0.0239185
copy_path_bench	100K|u16|negcol|pos	0.0117765	0.042916
copy_path_bench	100K|u16|bcast|pos	0.011846	0.0233775
copy_path_bench	100K|i32|C|pos	0.0253945	0.0209155
copy_path_bench	100K|i32|F|pos	0.025104500000000002	0.020885
copy_path_bench	100K|i32|T|pos	0.02559	0.02095
copy_path_bench	100K|i32|strided|pos	0.023738000000000002	0.0109115
copy_path_bench	100K|i32|sliced|pos	0.026088	0.0270115
copy_path_bench	100K|i32|negrow|pos	0.025548500000000002	0.027851
copy_path_bench	100K|i32|negcol|pos	0.037196	0.042133
copy_path_bench	100K|i32|bcast|pos	0.0199755	0.0256105
copy_path_bench	100K|u32|C|pos	0.0201765	0.020769
copy_path_bench	100K|u32|F|pos	0.0192245	0.0207645
copy_path_bench	100K|u32|T|pos	0.02001	0.0207795
copy_path_bench	100K|u32|strided|pos	0.017783	0.010956
copy_path_bench	100K|u32|sliced|pos	0.0192785	0.0270585
copy_path_bench	100K|u32|negrow|pos	0.020145499999999997	0.027734
copy_path_bench	100K|u32|negcol|pos	0.034012	0.0422625
copy_path_bench	100K|u32|bcast|pos	0.019084	0.025667
copy_path_bench	100K|i64|C|pos	0.0446965	0.0947345
copy_path_bench	100K|i64|F|pos	0.0411475	0.062308
copy_path_bench	100K|i64|T|pos	0.0402905	0.061879
copy_path_bench	100K|i64|strided|pos	0.0205395	0.0110175
copy_path_bench	100K|i64|sliced|pos	0.04398	0.120441
copy_path_bench	100K|i64|negrow|pos	0.044809999999999996	0.084501
copy_path_bench	100K|i64|negcol|pos	0.046119	0.0975205
copy_path_bench	100K|i64|bcast|pos	0.039538500000000004	0.0564445
copy_path_bench	100K|u64|C|pos	0.0356705	0.0290025
copy_path_bench	100K|u64|F|pos	0.034915	0.0289655
copy_path_bench	100K|u64|T|pos	0.034464	0.029147
copy_path_bench	100K|u64|strided|pos	0.025854	0.0109375
copy_path_bench	100K|u64|sliced|pos	0.033035	0.0606105
copy_path_bench	100K|u64|negrow|pos	0.034933	0.060715
copy_path_bench	100K|u64|negcol|pos	0.0345435	0.067847
copy_path_bench	100K|u64|bcast|pos	0.030001000000000003	0.0451895
copy_path_bench	100K|char|C|pos	0.011055500000000001	0.0213725
copy_path_bench	100K|char|F|pos	0.009356999999999999	0.0216485
copy_path_bench	100K|char|T|pos	0.0088505	0.0228435
copy_path_bench	100K|char|strided|pos	0.0110145	0.011916
copy_path_bench	100K|char|sliced|pos	0.016504	0.02477
copy_path_bench	100K|char|negrow|pos	0.015712999999999998	0.024195
copy_path_bench	100K|char|negcol|pos	0.015229999999999999	0.044041
copy_path_bench	100K|char|bcast|pos	0.0118995	0.023639
copy_path_bench	100K|f16|C|pos	0.011472500000000002	0.0211985
copy_path_bench	100K|f16|F|pos	0.01269	0.0211505
copy_path_bench	100K|f16|T|pos	0.017112000000000002	0.0211795
copy_path_bench	100K|f16|strided|pos	0.012927	0.01121
copy_path_bench	100K|f16|sliced|pos	0.01592	0.02476
copy_path_bench	100K|f16|negrow|pos	0.0151805	0.0252755
copy_path_bench	100K|f16|negcol|pos	0.026598999999999998	0.043136
copy_path_bench	100K|f16|bcast|pos	0.0115815	0.0240625
copy_path_bench	100K|f32|C|pos	0.025245000000000004	0.019553
copy_path_bench	100K|f32|F|pos	0.02307	0.0195185
copy_path_bench	100K|f32|T|pos	0.0214215	0.0201795
copy_path_bench	100K|f32|strided|pos	0.037877	0.0102595
copy_path_bench	100K|f32|sliced|pos	0.025487000000000003	0.0258475
copy_path_bench	100K|f32|negrow|pos	0.02634	0.026131
copy_path_bench	100K|f32|negcol|pos	0.077415	0.0405025
copy_path_bench	100K|f32|bcast|pos	0.021741999999999997	0.0248995
copy_path_bench	100K|f64|C|pos	0.050561999999999996	0.025226
copy_path_bench	100K|f64|F|pos	0.0447395	0.027084
copy_path_bench	100K|f64|T|pos	0.0447785	0.023684
copy_path_bench	100K|f64|strided|pos	0.0432665	0.0100055
copy_path_bench	100K|f64|sliced|pos	0.0501835	0.0462465
copy_path_bench	100K|f64|negrow|pos	0.053628	0.046306
copy_path_bench	100K|f64|negcol|pos	0.08328849999999999	0.063812
copy_path_bench	100K|f64|bcast|pos	0.0429275	0.044164
copy_path_bench	100K|c128|C|pos	0.2900565	0.470146
copy_path_bench	100K|c128|F|pos	0.28936	0.457431
copy_path_bench	100K|c128|T|pos	0.2911125	0.431095
copy_path_bench	100K|c128|strided|pos	0.070332	0.110087
copy_path_bench	100K|c128|sliced|pos	0.3166945	0.773705
copy_path_bench	100K|c128|negrow|pos	0.3197915	0.773321
copy_path_bench	100K|c128|negcol|pos	0.320157	0.869525
copy_path_bench	100K|c128|bcast|pos	0.3061305	0.700883
copy_path_bench	1M|u8|C|pos	0.07678	0.36132
copy_path_bench	1M|u8|F|pos	0.0775325	0.367492
copy_path_bench	1M|u8|T|pos	0.0758	0.364857
copy_path_bench	1M|u8|strided|pos	0.05071	0.242205
copy_path_bench	1M|u8|sliced|pos	0.0790675	0.40994
copy_path_bench	1M|u8|negrow|pos	0.08225	0.408532
copy_path_bench	1M|u8|negcol|pos	0.0754575	0.806512
copy_path_bench	1M|u8|bcast|pos	0.0748575	0.397358
copy_path_bench	1M|i8|C|pos	0.0735075	0.364135
copy_path_bench	1M|i8|F|pos	0.07491	0.360295
copy_path_bench	1M|i8|T|pos	0.0779625	0.36327
copy_path_bench	1M|i8|strided|pos	0.0479725	0.244685
copy_path_bench	1M|i8|sliced|pos	0.0768025	0.403935
copy_path_bench	1M|i8|negrow|pos	0.0827075	0.410565
copy_path_bench	1M|i8|negcol|pos	0.0831225	0.807118
copy_path_bench	1M|i8|bcast|pos	0.072855	0.398312
copy_path_bench	1M|i16|C|pos	0.3283325	0.747095
copy_path_bench	1M|i16|F|pos	0.31089500000000003	0.75278
copy_path_bench	1M|i16|T|pos	0.31395	0.743083
copy_path_bench	1M|i16|strided|pos	0.0773475	0.2538
copy_path_bench	1M|i16|sliced|pos	0.373325	0.836918
copy_path_bench	1M|i16|negrow|pos	0.377425	0.833815
copy_path_bench	1M|i16|negcol|pos	0.3664075	1.27851
copy_path_bench	1M|i16|bcast|pos	0.3394625	0.80069
copy_path_bench	1M|u16|C|pos	0.31820750000000003	0.74714
copy_path_bench	1M|u16|F|pos	0.3072925	0.76242
copy_path_bench	1M|u16|T|pos	0.313915	0.747735
copy_path_bench	1M|u16|strided|pos	0.0830275	0.259738
copy_path_bench	1M|u16|sliced|pos	0.3614575	0.830907
copy_path_bench	1M|u16|negrow|pos	0.367515	0.827645
copy_path_bench	1M|u16|negcol|pos	0.3489925	1.27746
copy_path_bench	1M|u16|bcast|pos	0.3456375	0.805368
copy_path_bench	1M|i32|C|pos	0.42219249999999997	1.31147
copy_path_bench	1M|i32|F|pos	0.42435	1.30318
copy_path_bench	1M|i32|T|pos	0.44294	1.33025
copy_path_bench	1M|i32|strided|pos	0.5101725	0.650258
copy_path_bench	1M|i32|sliced|pos	0.4999525	1.48283
copy_path_bench	1M|i32|negrow|pos	0.5187	1.48588
copy_path_bench	1M|i32|negcol|pos	0.678955	1.75806
copy_path_bench	1M|i32|bcast|pos	0.40874249999999995	1.35963
copy_path_bench	1M|u32|C|pos	0.4169925	1.2917
copy_path_bench	1M|u32|F|pos	0.41529499999999997	1.3053
copy_path_bench	1M|u32|T|pos	0.42835999999999996	1.29032
copy_path_bench	1M|u32|strided|pos	0.526655	0.649222
copy_path_bench	1M|u32|sliced|pos	0.488455	1.43587
copy_path_bench	1M|u32|negrow|pos	0.4865075	1.45474
copy_path_bench	1M|u32|negcol|pos	0.68026	1.72715
copy_path_bench	1M|u32|bcast|pos	0.418825	1.37385
copy_path_bench	1M|i64|C|pos	0.5445125	2.44465
copy_path_bench	1M|i64|F|pos	0.5742174999999999	2.46389
copy_path_bench	1M|i64|T|pos	0.5281525	2.46384
copy_path_bench	1M|i64|strided|pos	0.5325225	1.27491
copy_path_bench	1M|i64|sliced|pos	0.6413325000000001	2.69682
copy_path_bench	1M|i64|negrow|pos	0.65171	2.74803
copy_path_bench	1M|i64|negcol|pos	0.8681975	2.97041
copy_path_bench	1M|i64|bcast|pos	0.699175	2.50401
copy_path_bench	1M|u64|C|pos	0.5487375	2.4492
copy_path_bench	1M|u64|F|pos	0.6071275	2.48988
copy_path_bench	1M|u64|T|pos	0.54323	2.50078
copy_path_bench	1M|u64|strided|pos	0.552985	1.29893
copy_path_bench	1M|u64|sliced|pos	0.7346625	2.72821
copy_path_bench	1M|u64|negrow|pos	0.6878	2.81035
copy_path_bench	1M|u64|negcol|pos	0.9504075000000001	3.0564
copy_path_bench	1M|u64|bcast|pos	0.710905	2.50356
copy_path_bench	1M|char|C|pos	0.31721	0.749623
copy_path_bench	1M|char|F|pos	0.31586	0.753145
copy_path_bench	1M|char|T|pos	0.31647	0.749623
copy_path_bench	1M|char|strided|pos	0.08573	0.25709
copy_path_bench	1M|char|sliced|pos	0.372865	0.822515
copy_path_bench	1M|char|negrow|pos	0.359945	0.821973
copy_path_bench	1M|char|negcol|pos	0.3726625	1.25965
copy_path_bench	1M|char|bcast|pos	0.3427675	0.817803
copy_path_bench	1M|f16|C|pos	0.31950249999999997	0.745602
copy_path_bench	1M|f16|F|pos	0.3124475	0.761545
copy_path_bench	1M|f16|T|pos	0.3149625	0.749673
copy_path_bench	1M|f16|strided|pos	0.10710249999999999	0.184913
copy_path_bench	1M|f16|sliced|pos	0.3594875	0.827377
copy_path_bench	1M|f16|negrow|pos	0.3626725	0.837585
copy_path_bench	1M|f16|negcol|pos	0.3665625	1.25884
copy_path_bench	1M|f16|bcast|pos	0.32641	0.80274
copy_path_bench	1M|f32|C|pos	0.41762499999999997	1.2304
copy_path_bench	1M|f32|F|pos	0.41581	1.14624
copy_path_bench	1M|f32|T|pos	0.41750999999999994	1.13861
copy_path_bench	1M|f32|strided|pos	0.517605	0.58965
copy_path_bench	1M|f32|sliced|pos	0.45357000000000003	1.28214
copy_path_bench	1M|f32|negrow|pos	0.455885	1.27538
copy_path_bench	1M|f32|negcol|pos	0.6805675	1.59741
copy_path_bench	1M|f32|bcast|pos	0.4117325	1.21782
copy_path_bench	1M|f64|C|pos	0.52483	2.38725
copy_path_bench	1M|f64|F|pos	0.5774075	2.45647
copy_path_bench	1M|f64|T|pos	0.549075	2.36815
copy_path_bench	1M|f64|strided|pos	0.4886325	1.23734
copy_path_bench	1M|f64|sliced|pos	0.6324449999999999	2.66275
copy_path_bench	1M|f64|negrow|pos	0.647045	2.70888
copy_path_bench	1M|f64|negcol|pos	0.88483	2.95839
copy_path_bench	1M|f64|bcast|pos	0.7519125	2.70594
copy_path_bench	1M|c128|C|pos	1.101675	7.01101
copy_path_bench	1M|c128|F|pos	1.10944	7.34194
copy_path_bench	1M|c128|T|pos	1.0549725	7.29159
copy_path_bench	1M|c128|strided|pos	1.1343575	3.79813
copy_path_bench	1M|c128|sliced|pos	1.96603	7.70415
copy_path_bench	1M|c128|negrow|pos	2.0408575	8.27456
copy_path_bench	1M|c128|negcol|pos	2.11501	8.71665
copy_path_bench	1M|c128|bcast|pos	0.9079275000000001	6.78831
elementwise_layout_bench	100K|f64|C|add	0.0802365	0.16404
elementwise_layout_bench	100K|f64|C|mul	0.085328	0.164703
elementwise_layout_bench	100K|f64|C|neg	0.0822485	0.0649185
elementwise_layout_bench	100K|f64|C|abs	0.0833195	0.0610205
elementwise_layout_bench	100K|f64|C|sqrt	0.090421	0.091177
elementwise_layout_bench	100K|f64|C|less	0.025248499999999997	0.0088755
elementwise_layout_bench	100K|f64|C|copy	0.0800535	0.043861
elementwise_layout_bench	100K|f64|F|add	0.0754845	0.044801
elementwise_layout_bench	100K|f64|F|mul	0.07486100000000001	0.044444
elementwise_layout_bench	100K|f64|F|neg	0.074957	0.029969
elementwise_layout_bench	100K|f64|F|abs	0.074715	0.0288825
elementwise_layout_bench	100K|f64|F|sqrt	0.087624	0.066827
elementwise_layout_bench	100K|f64|F|less	0.0269565	0.0067255
elementwise_layout_bench	100K|f64|F|copy	0.0797625	0.0414795
elementwise_layout_bench	100K|f64|T|add	0.0756805	0.0289435
elementwise_layout_bench	100K|f64|T|mul	0.0758045	0.0296455
elementwise_layout_bench	100K|f64|T|neg	0.0762365	0.0283485
elementwise_layout_bench	100K|f64|T|abs	0.0708975	0.0273535
elementwise_layout_bench	100K|f64|T|sqrt	0.08275650000000001	0.064719
elementwise_layout_bench	100K|f64|T|less	0.0209455	0.008843
elementwise_layout_bench	100K|f64|T|copy	0.078902	0.0421295
elementwise_layout_bench	100K|f64|strided|add	0.0599115	0.0146275
elementwise_layout_bench	100K|f64|strided|mul	0.055455	0.014166
elementwise_layout_bench	100K|f64|strided|neg	0.05590900000000001	0.007614
elementwise_layout_bench	100K|f64|strided|abs	0.0545205	0.007575
elementwise_layout_bench	100K|f64|strided|sqrt	0.057718	0.0279905
elementwise_layout_bench	100K|f64|strided|less	0.0475655	0.0168055
elementwise_layout_bench	100K|f64|strided|copy	0.049867499999999995	0.0099925
elementwise_layout_bench	100K|f64|sliced|add	0.069095	0.156694
elementwise_layout_bench	100K|f64|sliced|mul	0.0651975	0.0934065
elementwise_layout_bench	100K|f64|sliced|neg	0.061846500000000006	0.0411605
elementwise_layout_bench	100K|f64|sliced|abs	0.061211	0.0387565
elementwise_layout_bench	100K|f64|sliced|sqrt	0.07424649999999999	0.0778115
elementwise_layout_bench	100K|f64|sliced|less	0.069276	0.0326695
elementwise_layout_bench	100K|f64|sliced|copy	0.060071000000000006	0.0171355
elementwise_layout_bench	100K|f64|negrow|add	0.0606275	0.0589435
elementwise_layout_bench	100K|f64|negrow|mul	0.059571	0.0596385
elementwise_layout_bench	100K|f64|negrow|neg	0.061859000000000004	0.0422645
elementwise_layout_bench	100K|f64|negrow|abs	0.053698499999999996	0.041822
elementwise_layout_bench	100K|f64|negrow|sqrt	0.067221	0.0817275
elementwise_layout_bench	100K|f64|negrow|less	0.0534775	0.0339525
elementwise_layout_bench	100K|f64|negrow|copy	0.0491375	0.0175805
elementwise_layout_bench	100K|f64|negcol|add	0.0539885	0.111604
elementwise_layout_bench	100K|f64|negcol|mul	0.052908	0.113795
elementwise_layout_bench	100K|f64|negcol|neg	0.05579799999999999	0.061233
elementwise_layout_bench	100K|f64|negcol|abs	0.040246500000000004	0.0588395
elementwise_layout_bench	100K|f64|negcol|sqrt	0.067882	0.100151
elementwise_layout_bench	100K|f64|negcol|less	0.06286649999999999	0.0702245
elementwise_layout_bench	100K|f64|negcol|copy	0.0521045	0.030749
elementwise_layout_bench	100K|f64|bcast|add	0.050471	0.073756
elementwise_layout_bench	100K|f64|bcast|mul	0.040241	0.074183
elementwise_layout_bench	100K|f64|bcast|neg	0.0356565	0.0406655
elementwise_layout_bench	100K|f64|bcast|abs	0.0412985	0.0392605
elementwise_layout_bench	100K|f64|bcast|sqrt	0.06429649999999999	0.078509
elementwise_layout_bench	100K|f64|bcast|less	0.045073	0.030728
elementwise_layout_bench	100K|f64|bcast|copy	0.0415075	0.0145815
elementwise_layout_bench	100K|f32|C|add	0.023762	0.0066515
elementwise_layout_bench	100K|f32|C|mul	0.0192845	0.00664
elementwise_layout_bench	100K|f32|C|neg	0.035826500000000004	0.0064945
elementwise_layout_bench	100K|f32|C|abs	0.025744	0.0057025
elementwise_layout_bench	100K|f32|C|sqrt	0.026039	0.014156
elementwise_layout_bench	100K|f32|C|less	0.0115035	0.003925
elementwise_layout_bench	100K|f32|C|copy	0.020392999999999998	0.005925
elementwise_layout_bench	100K|f32|F|add	0.029425	0.00723
elementwise_layout_bench	100K|f32|F|mul	0.0205275	0.0068
elementwise_layout_bench	100K|f32|F|neg	0.020508000000000002	0.006563
elementwise_layout_bench	100K|f32|F|abs	0.0199355	0.006041
elementwise_layout_bench	100K|f32|F|sqrt	0.021274500000000002	0.014292
elementwise_layout_bench	100K|f32|F|less	0.0071565	0.0051985
elementwise_layout_bench	100K|f32|F|copy	0.0325545	0.0208555
elementwise_layout_bench	100K|f32|T|add	0.021394000000000003	0.0067515
elementwise_layout_bench	100K|f32|T|mul	0.0199855	0.006825
elementwise_layout_bench	100K|f32|T|neg	0.0216835	0.006486
elementwise_layout_bench	100K|f32|T|abs	0.019382	0.0056595
elementwise_layout_bench	100K|f32|T|sqrt	0.0844675	0.0141655
elementwise_layout_bench	100K|f32|T|less	0.012477	0.0038675
elementwise_layout_bench	100K|f32|T|copy	0.0761835	0.020697
elementwise_layout_bench	100K|f32|strided|add	0.1107625	0.0133945
elementwise_layout_bench	100K|f32|strided|mul	0.114217	0.013574
elementwise_layout_bench	100K|f32|strided|neg	0.0669955	0.006004
elementwise_layout_bench	100K|f32|strided|abs	0.0657615	0.0059335
elementwise_layout_bench	100K|f32|strided|sqrt	0.0672255	0.007659
elementwise_layout_bench	100K|f32|strided|less	0.053648499999999995	0.016926
elementwise_layout_bench	100K|f32|strided|copy	0.042258500000000004	0.0097055
elementwise_layout_bench	100K|f32|sliced|add	0.0307285	0.0201455
elementwise_layout_bench	100K|f32|sliced|mul	0.0302075	0.0202065
elementwise_layout_bench	100K|f32|sliced|neg	0.029520499999999998	0.0130845
elementwise_layout_bench	100K|f32|sliced|abs	0.0291565	0.012378
elementwise_layout_bench	100K|f32|sliced|sqrt	0.1015875	0.020336
elementwise_layout_bench	100K|f32|sliced|less	0.070953	0.017353
elementwise_layout_bench	100K|f32|sliced|copy	0.0296215	0.0060355
elementwise_layout_bench	100K|f32|negrow|add	0.0342345	0.0207215
elementwise_layout_bench	100K|f32|negrow|mul	0.032091	0.020517
elementwise_layout_bench	100K|f32|negrow|neg	0.034328	0.0131935
elementwise_layout_bench	100K|f32|negrow|abs	0.0360995	0.0127345
elementwise_layout_bench	100K|f32|negrow|sqrt	0.10181649999999999	0.0206645
elementwise_layout_bench	100K|f32|negrow|less	0.0739365	0.0181265
elementwise_layout_bench	100K|f32|negrow|copy	0.031674	0.0064315
elementwise_layout_bench	100K|f32|negcol|add	0.217007	0.0498955
elementwise_layout_bench	100K|f32|negcol|mul	0.21881450000000002	0.0502055
elementwise_layout_bench	100K|f32|negcol|neg	0.1287005	0.027784
elementwise_layout_bench	100K|f32|negcol|abs	0.1252365	0.0270175
elementwise_layout_bench	100K|f32|negcol|sqrt	0.12519650000000002	0.0351595
elementwise_layout_bench	100K|f32|negcol|less	0.10405950000000001	0.0480895
elementwise_layout_bench	100K|f32|negcol|copy	0.0793735	0.020804
elementwise_layout_bench	100K|f32|bcast|add	0.0352095	0.018968
elementwise_layout_bench	100K|f32|bcast|mul	0.031477	0.0185735
elementwise_layout_bench	100K|f32|bcast|neg	0.030405	0.0122595
elementwise_layout_bench	100K|f32|bcast|abs	0.030756000000000002	0.011778
elementwise_layout_bench	100K|f32|bcast|sqrt	0.1033285	0.0188115
elementwise_layout_bench	100K|f32|bcast|less	0.07056	0.015749
elementwise_layout_bench	100K|f32|bcast|copy	0.032641	0.004975
elementwise_layout_bench	100K|c128|C|add	0.2723295	0.352131
elementwise_layout_bench	100K|c128|C|mul	0.3473305	0.359472
elementwise_layout_bench	100K|c128|C|neg	0.33226500000000003	0.787847
elementwise_layout_bench	100K|c128|C|abs	0.39475099999999996	0.163801
elementwise_layout_bench	100K|c128|C|sqrt	1.1892555	1.70378
elementwise_layout_bench	100K|c128|C|less	0.204898	0.0728315
elementwise_layout_bench	100K|c128|C|copy	0.2962795	0.492042
elementwise_layout_bench	100K|c128|F|add	0.300871	0.596155
elementwise_layout_bench	100K|c128|F|mul	0.35326949999999996	0.640622
elementwise_layout_bench	100K|c128|F|neg	0.33028100000000005	0.868368
elementwise_layout_bench	100K|c128|F|abs	0.39209299999999997	0.493246
elementwise_layout_bench	100K|c128|F|sqrt	1.192842	1.87487
elementwise_layout_bench	100K|c128|F|less	0.20419350000000003	0.107964
elementwise_layout_bench	100K|c128|F|copy	0.3432175	0.7337
elementwise_layout_bench	100K|c128|T|add	0.33553449999999996	0.643469
elementwise_layout_bench	100K|c128|T|mul	0.3457345	0.657481
elementwise_layout_bench	100K|c128|T|neg	0.331777	0.836939
elementwise_layout_bench	100K|c128|T|abs	0.396997	0.489554
elementwise_layout_bench	100K|c128|T|sqrt	1.191719	1.87435
elementwise_layout_bench	100K|c128|T|less	0.202872	0.109026
elementwise_layout_bench	100K|c128|T|copy	0.3481345	0.621369
elementwise_layout_bench	100K|c128|strided|add	0.1041365	0.047546
elementwise_layout_bench	100K|c128|strided|mul	0.123538	0.0499425
elementwise_layout_bench	100K|c128|strided|neg	0.09839650000000001	0.185611
elementwise_layout_bench	100K|c128|strided|abs	0.22453399999999998	0.244617
elementwise_layout_bench	100K|c128|strided|sqrt	0.5638805	0.664574
elementwise_layout_bench	100K|c128|strided|less	0.1388575	0.059439
elementwise_layout_bench	100K|c128|strided|copy	0.0674705	0.105665
elementwise_layout_bench	100K|c128|sliced|add	0.349079	0.69857
elementwise_layout_bench	100K|c128|sliced|mul	0.363125	0.650026
elementwise_layout_bench	100K|c128|sliced|neg	0.33297849999999996	0.757005
elementwise_layout_bench	100K|c128|sliced|abs	0.40226300000000004	0.566126
elementwise_layout_bench	100K|c128|sliced|sqrt	1.171034	1.80569
elementwise_layout_bench	100K|c128|sliced|less	0.2194275	0.21812
elementwise_layout_bench	100K|c128|sliced|copy	0.292521	0.656476
elementwise_layout_bench	100K|c128|negrow|add	0.316959	0.761753
elementwise_layout_bench	100K|c128|negrow|mul	0.327233	0.705286
elementwise_layout_bench	100K|c128|negrow|neg	0.3106025	0.857067
elementwise_layout_bench	100K|c128|negrow|abs	0.40639000000000003	0.574327
elementwise_layout_bench	100K|c128|negrow|sqrt	1.162202	1.76035
elementwise_layout_bench	100K|c128|negrow|less	0.2225975	0.227755
elementwise_layout_bench	100K|c128|negrow|copy	0.3321845	0.516619
elementwise_layout_bench	100K|c128|negcol|add	0.3707695	0.896434
elementwise_layout_bench	100K|c128|negcol|mul	0.39142150000000003	0.880854
elementwise_layout_bench	100K|c128|negcol|neg	0.3718875	0.848931
elementwise_layout_bench	100K|c128|negcol|abs	0.431589	0.691581
elementwise_layout_bench	100K|c128|negcol|sqrt	1.2518415	1.9286
elementwise_layout_bench	100K|c128|negcol|less	0.265384	0.490129
elementwise_layout_bench	100K|c128|negcol|copy	0.33460999999999996	0.545359
elementwise_layout_bench	100K|c128|bcast|add	0.3436985	0.600578
elementwise_layout_bench	100K|c128|bcast|mul	0.3614625	0.593524
elementwise_layout_bench	100K|c128|bcast|neg	0.329125	0.720405
elementwise_layout_bench	100K|c128|bcast|abs	0.40189749999999996	0.548647
elementwise_layout_bench	100K|c128|bcast|sqrt	1.2103	1.70832
elementwise_layout_bench	100K|c128|bcast|less	0.217366	0.199275
elementwise_layout_bench	100K|c128|bcast|copy	0.3157535	0.525331
elementwise_layout_bench	100K|f16|C|add	0.9358625	0.645978
elementwise_layout_bench	100K|f16|C|mul	0.9320189999999999	0.670239
elementwise_layout_bench	100K|f16|C|neg	0.06596	0.050577
elementwise_layout_bench	100K|f16|C|abs	0.0676035	0.050115
elementwise_layout_bench	100K|f16|C|sqrt	0.684473	0.467036
elementwise_layout_bench	100K|f16|C|less	0.247018	0.241006
elementwise_layout_bench	100K|f16|C|copy	0.017593	0.0061075
elementwise_layout_bench	100K|f16|F|add	0.9323309999999999	0.647485
elementwise_layout_bench	100K|f16|F|mul	0.92951	0.669812
elementwise_layout_bench	100K|f16|F|neg	0.0651705	0.049758
elementwise_layout_bench	100K|f16|F|abs	0.067437	0.04981
elementwise_layout_bench	100K|f16|F|sqrt	0.6860175	0.484275
elementwise_layout_bench	100K|f16|F|less	0.238181	0.238198
elementwise_layout_bench	100K|f16|F|copy	0.083971	0.052244
elementwise_layout_bench	100K|f16|T|add	0.9340255000000001	0.642583
elementwise_layout_bench	100K|f16|T|mul	0.938075	0.675948
elementwise_layout_bench	100K|f16|T|neg	0.0650225	0.0504005
elementwise_layout_bench	100K|f16|T|abs	0.0656765	0.050657
elementwise_layout_bench	100K|f16|T|sqrt	0.6854195	0.464359
elementwise_layout_bench	100K|f16|T|less	0.242821	0.244029
elementwise_layout_bench	100K|f16|T|copy	0.0847635	0.052388
elementwise_layout_bench	100K|f16|strided|add	0.510984	0.325786
elementwise_layout_bench	100K|f16|strided|mul	0.5086795	0.34055
elementwise_layout_bench	100K|f16|strided|neg	0.0499375	0.0282225
elementwise_layout_bench	100K|f16|strided|abs	0.04859549999999999	0.0294965
elementwise_layout_bench	100K|f16|strided|sqrt	0.3908405	0.229375
elementwise_layout_bench	100K|f16|strided|less	0.1461565	0.121712
elementwise_layout_bench	100K|f16|strided|copy	0.0156915	0.0258425
elementwise_layout_bench	100K|f16|sliced|add	0.935817	0.654354
elementwise_layout_bench	100K|f16|sliced|mul	0.9379635000000001	0.676158
elementwise_layout_bench	100K|f16|sliced|neg	0.07667099999999999	0.0583315
elementwise_layout_bench	100K|f16|sliced|abs	0.076938	0.0578365
elementwise_layout_bench	100K|f16|sliced|sqrt	0.6806220000000001	0.510289
elementwise_layout_bench	100K|f16|sliced|less	0.2616075	0.25213
elementwise_layout_bench	100K|f16|sliced|copy	0.0200615	0.0082895
elementwise_layout_bench	100K|f16|negrow|add	0.956628	0.661322
elementwise_layout_bench	100K|f16|negrow|mul	0.954885	0.686754
elementwise_layout_bench	100K|f16|negrow|neg	0.07439	0.05728
elementwise_layout_bench	100K|f16|negrow|abs	0.0741575	0.0578115
elementwise_layout_bench	100K|f16|negrow|sqrt	0.705372	0.487803
elementwise_layout_bench	100K|f16|negrow|less	0.16848400000000002	0.25383
elementwise_layout_bench	100K|f16|negrow|copy	0.0198725	0.0080395
elementwise_layout_bench	100K|f16|negcol|add	1.0108765	0.750436
elementwise_layout_bench	100K|f16|negcol|mul	1.0157485	0.780681
elementwise_layout_bench	100K|f16|negcol|neg	0.09076599999999999	0.102347
elementwise_layout_bench	100K|f16|negcol|abs	0.09472799999999999	0.102761
elementwise_layout_bench	100K|f16|negcol|sqrt	0.7775320000000001	0.559705
elementwise_layout_bench	100K|f16|negcol|less	0.283426	0.346146
elementwise_layout_bench	100K|f16|negcol|copy	0.020693000000000003	0.0525065
elementwise_layout_bench	100K|f16|bcast|add	0.946028	0.654974
elementwise_layout_bench	100K|f16|bcast|mul	0.955814	0.679776
elementwise_layout_bench	100K|f16|bcast|neg	0.07399549999999999	0.054597
elementwise_layout_bench	100K|f16|bcast|abs	0.071004	0.0559345
elementwise_layout_bench	100K|f16|bcast|sqrt	0.6932005	0.508741
elementwise_layout_bench	100K|f16|bcast|less	0.2621845	0.248185
elementwise_layout_bench	100K|f16|bcast|copy	0.0222995	0.0055595
elementwise_layout_bench	100K|i32|C|add	0.034841000000000004	0.0298825
elementwise_layout_bench	100K|i32|C|mul	0.032029	0.051945
elementwise_layout_bench	100K|i32|C|neg	0.031848	0.011237
elementwise_layout_bench	100K|i32|C|abs	0.0308335	0.050108
elementwise_layout_bench	100K|i32|C|sqrt	0.355747	0.0916905
elementwise_layout_bench	100K|i32|C|less	0.0210785	0.0060615
elementwise_layout_bench	100K|i32|C|copy	0.031262	0.0058845
elementwise_layout_bench	100K|i32|F|add	0.0317615	0.0331935
elementwise_layout_bench	100K|i32|F|mul	0.033722	0.0514965
elementwise_layout_bench	100K|i32|F|neg	0.030122	0.0111045
elementwise_layout_bench	100K|i32|F|abs	0.0307995	0.0502435
elementwise_layout_bench	100K|i32|F|sqrt	0.347968	0.360746
elementwise_layout_bench	100K|i32|F|less	0.016087499999999998	0.0109115
elementwise_layout_bench	100K|i32|F|copy	0.08995950000000001	0.0464725
elementwise_layout_bench	100K|i32|T|add	0.0305195	0.0486425
elementwise_layout_bench	100K|i32|T|mul	0.034043000000000004	0.0518
elementwise_layout_bench	100K|i32|T|neg	0.030287	0.011265
elementwise_layout_bench	100K|i32|T|abs	0.0312315	0.0500165
elementwise_layout_bench	100K|i32|T|sqrt	0.34558950000000005	0.358782
elementwise_layout_bench	100K|i32|T|less	0.015679000000000002	0.010816
elementwise_layout_bench	100K|i32|T|copy	0.0869445	0.0466565
elementwise_layout_bench	100K|i32|strided|add	0.1144565	0.028179
elementwise_layout_bench	100K|i32|strided|mul	0.11551349999999999	0.02835
elementwise_layout_bench	100K|i32|strided|neg	0.070583	0.0478565
elementwise_layout_bench	100K|i32|strided|abs	0.0701065	0.0282785
elementwise_layout_bench	100K|i32|strided|sqrt	0.22235499999999997	0.171606
elementwise_layout_bench	100K|i32|strided|less	0.0535095	0.0287705
elementwise_layout_bench	100K|i32|strided|copy	0.046916	0.0217725
elementwise_layout_bench	100K|i32|sliced|add	0.057874499999999995	0.0788935
elementwise_layout_bench	100K|i32|sliced|mul	0.0355705	0.0818465
elementwise_layout_bench	100K|i32|sliced|neg	0.035368	0.028038
elementwise_layout_bench	100K|i32|sliced|abs	0.0325545	0.067907
elementwise_layout_bench	100K|i32|sliced|sqrt	0.39622399999999997	0.357953
elementwise_layout_bench	100K|i32|sliced|less	0.0697545	0.044741
elementwise_layout_bench	100K|i32|sliced|copy	0.0306685	0.0142385
elementwise_layout_bench	100K|i32|negrow|add	0.0357275	0.077135
elementwise_layout_bench	100K|i32|negrow|mul	0.035884	0.081787
elementwise_layout_bench	100K|i32|negrow|neg	0.031406	0.0268615
elementwise_layout_bench	100K|i32|negrow|abs	0.0337695	0.0659845
elementwise_layout_bench	100K|i32|negrow|sqrt	0.397567	0.361505
elementwise_layout_bench	100K|i32|negrow|less	0.0725455	0.039034
elementwise_layout_bench	100K|i32|negrow|copy	0.034688500000000004	0.013603
elementwise_layout_bench	100K|i32|negcol|add	0.22957799999999998	0.141323
elementwise_layout_bench	100K|i32|negcol|mul	0.225746	0.146175
elementwise_layout_bench	100K|i32|negcol|neg	0.1323035	0.061913
elementwise_layout_bench	100K|i32|negcol|abs	0.132938	0.0967585
elementwise_layout_bench	100K|i32|negcol|sqrt	0.4246765	0.362994
elementwise_layout_bench	100K|i32|negcol|less	0.101249	0.10511
elementwise_layout_bench	100K|i32|negcol|copy	0.089548	0.0452605
elementwise_layout_bench	100K|i32|bcast|add	0.0346575	0.06935
elementwise_layout_bench	100K|i32|bcast|mul	0.042871	0.074125
elementwise_layout_bench	100K|i32|bcast|neg	0.028975	0.024774
elementwise_layout_bench	100K|i32|bcast|abs	0.031030500000000003	0.061071
elementwise_layout_bench	100K|i32|bcast|sqrt	0.39809300000000003	0.359921
elementwise_layout_bench	100K|i32|bcast|less	0.066438	0.0337845
elementwise_layout_bench	100K|i32|bcast|copy	0.039612	0.011801
elementwise_layout_bench	100K|i64|C|add	0.063898	0.054881
elementwise_layout_bench	100K|i64|C|mul	0.0702555	0.060612
elementwise_layout_bench	100K|i64|C|neg	0.09564199999999999	0.027514
elementwise_layout_bench	100K|i64|C|abs	0.094709	0.06129
elementwise_layout_bench	100K|i64|C|sqrt	0.3616825	0.362266
elementwise_layout_bench	100K|i64|C|less	0.027652	0.0160725
elementwise_layout_bench	100K|i64|C|copy	0.07485750000000001	0.0276365
elementwise_layout_bench	100K|i64|F|add	0.06708549999999999	0.054521
elementwise_layout_bench	100K|i64|F|mul	0.07373	0.0608965
elementwise_layout_bench	100K|i64|F|neg	0.099173	0.0274645
elementwise_layout_bench	100K|i64|F|abs	0.09679399999999999	0.060398
elementwise_layout_bench	100K|i64|F|sqrt	0.35702449999999997	0.362153
elementwise_layout_bench	100K|i64|F|less	0.028261500000000002	0.0157855
elementwise_layout_bench	100K|i64|F|copy	0.1042525	0.062575
elementwise_layout_bench	100K|i64|T|add	0.070493	0.054921
elementwise_layout_bench	100K|i64|T|mul	0.0753325	0.0602595
elementwise_layout_bench	100K|i64|T|neg	0.095686	0.0273695
elementwise_layout_bench	100K|i64|T|abs	0.0954135	0.060398
elementwise_layout_bench	100K|i64|T|sqrt	0.358035	0.359493
elementwise_layout_bench	100K|i64|T|less	0.027222499999999997	0.015731
elementwise_layout_bench	100K|i64|T|copy	0.101474	0.0656705
elementwise_layout_bench	100K|i64|strided|add	0.23120349999999998	0.0257965
elementwise_layout_bench	100K|i64|strided|mul	0.2313805	0.0301515
elementwise_layout_bench	100K|i64|strided|neg	0.080772	0.0165205
elementwise_layout_bench	100K|i64|strided|abs	0.082085	0.028228
elementwise_layout_bench	100K|i64|strided|sqrt	0.220759	0.16763
elementwise_layout_bench	100K|i64|strided|less	0.05254400000000001	0.028862
elementwise_layout_bench	100K|i64|strided|copy	0.056343500000000005	0.0290415
elementwise_layout_bench	100K|i64|sliced|add	0.06832049999999999	0.147758
elementwise_layout_bench	100K|i64|sliced|mul	0.085255	0.158006
elementwise_layout_bench	100K|i64|sliced|neg	0.08550649999999999	0.069783
elementwise_layout_bench	100K|i64|sliced|abs	0.1152635	0.100768
elementwise_layout_bench	100K|i64|sliced|sqrt	0.405462	0.358251
elementwise_layout_bench	100K|i64|sliced|less	0.07263950000000001	0.0674405
elementwise_layout_bench	100K|i64|sliced|copy	0.059653	0.032035
elementwise_layout_bench	100K|i64|negrow|add	0.07661749999999999	0.12552
elementwise_layout_bench	100K|i64|negrow|mul	0.0863175	0.134499
elementwise_layout_bench	100K|i64|negrow|neg	0.089906	0.073856
elementwise_layout_bench	100K|i64|negrow|abs	0.124642	0.103723
elementwise_layout_bench	100K|i64|negrow|sqrt	0.409473	0.361567
elementwise_layout_bench	100K|i64|negrow|less	0.0764485	0.0708815
elementwise_layout_bench	100K|i64|negrow|copy	0.07893900000000001	0.0319565
elementwise_layout_bench	100K|i64|negcol|add	0.4499525	0.209146
elementwise_layout_bench	100K|i64|negcol|mul	0.456609	0.217623
elementwise_layout_bench	100K|i64|negcol|neg	0.129001	0.105095
elementwise_layout_bench	100K|i64|negcol|abs	0.1486105	0.134514
elementwise_layout_bench	100K|i64|negcol|sqrt	0.4180895	0.352294
elementwise_layout_bench	100K|i64|negcol|less	0.1022465	0.13288
elementwise_layout_bench	100K|i64|negcol|copy	0.10308450000000001	0.0643305
elementwise_layout_bench	100K|i64|bcast|add	0.0789675	0.144025
elementwise_layout_bench	100K|i64|bcast|mul	0.079347	0.150206
elementwise_layout_bench	100K|i64|bcast|neg	0.081691	0.071367
elementwise_layout_bench	100K|i64|bcast|abs	0.1142655	0.0945685
elementwise_layout_bench	100K|i64|bcast|sqrt	0.40853700000000004	0.358635
elementwise_layout_bench	100K|i64|bcast|less	0.07239849999999999	0.060556
elementwise_layout_bench	100K|i64|bcast|copy	0.074087	0.0283735
elementwise_layout_bench	1M|f64|C|add	0.77484	2.41753
elementwise_layout_bench	1M|f64|C|mul	0.7286933333333334	2.41887
elementwise_layout_bench	1M|f64|C|neg	0.7436333333333334	2.42839
elementwise_layout_bench	1M|f64|C|abs	0.7658533333333334	2.37157
elementwise_layout_bench	1M|f64|C|sqrt	3.2746566666666665	4.4222
elementwise_layout_bench	1M|f64|C|less	0.33004333333333336	0.305633
elementwise_layout_bench	1M|f64|C|copy	0.6894333333333333	1.86676
elementwise_layout_bench	1M|f64|F|add	0.8045733333333334	2.47994
elementwise_layout_bench	1M|f64|F|mul	0.7932066666666666	2.46931
elementwise_layout_bench	1M|f64|F|neg	0.76008	2.48061
elementwise_layout_bench	1M|f64|F|abs	0.7272566666666667	2.54215
elementwise_layout_bench	1M|f64|F|sqrt	3.3161666666666667	4.42449
elementwise_layout_bench	1M|f64|F|less	0.31317333333333336	0.293883
elementwise_layout_bench	1M|f64|F|copy	1.41577	2.82617
elementwise_layout_bench	1M|f64|T|add	0.7722	2.75848
elementwise_layout_bench	1M|f64|T|mul	0.75911	2.71499
elementwise_layout_bench	1M|f64|T|neg	0.7899533333333333	2.73657
elementwise_layout_bench	1M|f64|T|abs	0.8075566666666667	2.65524
elementwise_layout_bench	1M|f64|T|sqrt	3.308666666666667	4.37278
elementwise_layout_bench	1M|f64|T|less	0.31301	0.29216
elementwise_layout_bench	1M|f64|T|copy	1.3362366666666667	2.92808
elementwise_layout_bench	1M|f64|strided|add	2.1199066666666666	1.30078
elementwise_layout_bench	1M|f64|strided|mul	2.0929733333333336	1.36351
elementwise_layout_bench	1M|f64|strided|neg	1.1811733333333334	1.2803
elementwise_layout_bench	1M|f64|strided|abs	1.1687133333333333	1.26237
elementwise_layout_bench	1M|f64|strided|sqrt	1.6854900000000002	2.19685
elementwise_layout_bench	1M|f64|strided|less	0.6314866666666668	0.265453
elementwise_layout_bench	1M|f64|strided|copy	0.55251	1.2816
elementwise_layout_bench	1M|f64|sliced|add	0.82132	3.01836
elementwise_layout_bench	1M|f64|sliced|mul	0.8921133333333333	3.0929
elementwise_layout_bench	1M|f64|sliced|neg	1.0310966666666668	2.7116
elementwise_layout_bench	1M|f64|sliced|abs	0.89659	2.73016
elementwise_layout_bench	1M|f64|sliced|sqrt	3.3783033333333337	4.84737
elementwise_layout_bench	1M|f64|sliced|less	0.8743166666666667	0.84142
elementwise_layout_bench	1M|f64|sliced|copy	0.8640399999999999	2.34014
elementwise_layout_bench	1M|f64|negrow|add	0.9261266666666667	3.0937
elementwise_layout_bench	1M|f64|negrow|mul	0.8073966666666668	3.07467
elementwise_layout_bench	1M|f64|negrow|neg	0.84633	2.75318
elementwise_layout_bench	1M|f64|negrow|abs	0.8188166666666666	2.71206
elementwise_layout_bench	1M|f64|negrow|sqrt	3.309076666666667	4.77394
elementwise_layout_bench	1M|f64|negrow|less	0.9042166666666667	0.86267
elementwise_layout_bench	1M|f64|negrow|copy	0.8126866666666667	2.47465
elementwise_layout_bench	1M|f64|negcol|add	4.1662	3.73087
elementwise_layout_bench	1M|f64|negcol|mul	4.154206666666666	3.59331
elementwise_layout_bench	1M|f64|negcol|neg	2.2980033333333334	2.98628
elementwise_layout_bench	1M|f64|negcol|abs	2.32175	2.95193
elementwise_layout_bench	1M|f64|negcol|sqrt	3.385636666666667	4.99822
elementwise_layout_bench	1M|f64|negcol|less	1.1942566666666667	1.37455
elementwise_layout_bench	1M|f64|negcol|copy	1.0228433333333333	2.51287
elementwise_layout_bench	1M|f64|bcast|add	0.6491	2.74316
elementwise_layout_bench	1M|f64|bcast|mul	0.4977733333333333	2.77826
elementwise_layout_bench	1M|f64|bcast|neg	0.6272633333333334	2.54461
elementwise_layout_bench	1M|f64|bcast|abs	0.6292066666666667	2.51391
elementwise_layout_bench	1M|f64|bcast|sqrt	3.3034899999999996	4.57732
elementwise_layout_bench	1M|f64|bcast|less	0.82512	0.64513
elementwise_layout_bench	1M|f64|bcast|copy	0.5970566666666667	2.30971
elementwise_layout_bench	1M|f32|C|add	0.45615999999999995	1.22521
elementwise_layout_bench	1M|f32|C|mul	0.46846333333333334	1.21893
elementwise_layout_bench	1M|f32|C|neg	0.45871	1.19457
elementwise_layout_bench	1M|f32|C|abs	0.51137	1.20996
elementwise_layout_bench	1M|f32|C|sqrt	0.9424433333333333	1.46582
elementwise_layout_bench	1M|f32|C|less	0.1787	0.131737
elementwise_layout_bench	1M|f32|C|copy	0.4510366666666667	0.932177
elementwise_layout_bench	1M|f32|F|add	0.5032566666666667	1.19068
elementwise_layout_bench	1M|f32|F|mul	0.5469933333333333	1.23408
elementwise_layout_bench	1M|f32|F|neg	0.46823000000000004	1.20001
elementwise_layout_bench	1M|f32|F|abs	0.4601866666666667	1.18234
elementwise_layout_bench	1M|f32|F|sqrt	0.9131866666666667	1.45539
elementwise_layout_bench	1M|f32|F|less	0.17351999999999998	0.13156
elementwise_layout_bench	1M|f32|F|copy	1.0015133333333333	1.54386
elementwise_layout_bench	1M|f32|T|add	0.47000333333333333	1.21021
elementwise_layout_bench	1M|f32|T|mul	0.5038433333333333	1.24936
elementwise_layout_bench	1M|f32|T|neg	0.50134	1.21528
elementwise_layout_bench	1M|f32|T|abs	0.5097700000000001	1.22139
elementwise_layout_bench	1M|f32|T|sqrt	0.93319	1.46295
elementwise_layout_bench	1M|f32|T|less	0.18944333333333332	0.135567
elementwise_layout_bench	1M|f32|T|copy	1.0215666666666665	1.55205
elementwise_layout_bench	1M|f32|strided|add	1.2167366666666666	0.712863
elementwise_layout_bench	1M|f32|strided|mul	1.2457066666666667	0.69783
elementwise_layout_bench	1M|f32|strided|neg	0.7784933333333334	0.880243
elementwise_layout_bench	1M|f32|strided|abs	0.7549666666666667	0.65717
elementwise_layout_bench	1M|f32|strided|sqrt	0.7939466666666667	0.75077
elementwise_layout_bench	1M|f32|strided|less	0.6126233333333333	0.229173
elementwise_layout_bench	1M|f32|strided|copy	0.56139	0.666987
elementwise_layout_bench	1M|f32|sliced|add	0.5018866666666667	1.5305
elementwise_layout_bench	1M|f32|sliced|mul	0.52837	1.48004
elementwise_layout_bench	1M|f32|sliced|neg	0.45594	1.33031
elementwise_layout_bench	1M|f32|sliced|abs	0.4472633333333333	1.34298
elementwise_layout_bench	1M|f32|sliced|sqrt	0.95767	1.64826
elementwise_layout_bench	1M|f32|sliced|less	0.8327233333333334	0.460197
elementwise_layout_bench	1M|f32|sliced|copy	0.48077333333333333	1.2787
elementwise_layout_bench	1M|f32|negrow|add	0.5231666666666667	1.53346
elementwise_layout_bench	1M|f32|negrow|mul	0.47985	1.602
elementwise_layout_bench	1M|f32|negrow|neg	0.56127	1.47352
elementwise_layout_bench	1M|f32|negrow|abs	0.5405533333333333	1.53888
elementwise_layout_bench	1M|f32|negrow|sqrt	0.9437966666666667	1.8476
elementwise_layout_bench	1M|f32|negrow|less	0.8677433333333333	0.446067
elementwise_layout_bench	1M|f32|negrow|copy	0.5205	1.26425
elementwise_layout_bench	1M|f32|negcol|add	2.110673333333333	2.09685
elementwise_layout_bench	1M|f32|negcol|mul	2.10486	2.09577
elementwise_layout_bench	1M|f32|negcol|neg	1.19697	1.63212
elementwise_layout_bench	1M|f32|negcol|abs	1.1885433333333333	1.67152
elementwise_layout_bench	1M|f32|negcol|sqrt	1.1695166666666668	2.01798
elementwise_layout_bench	1M|f32|negcol|less	1.18408	1.01821
elementwise_layout_bench	1M|f32|negcol|copy	0.7451133333333334	1.45205
elementwise_layout_bench	1M|f32|bcast|add	0.46870666666666666	1.54086
elementwise_layout_bench	1M|f32|bcast|mul	0.42554	1.49077
elementwise_layout_bench	1M|f32|bcast|neg	0.4742433333333333	1.28026
elementwise_layout_bench	1M|f32|bcast|abs	0.45765999999999996	1.23595
elementwise_layout_bench	1M|f32|bcast|sqrt	0.9320900000000001	1.55302
elementwise_layout_bench	1M|f32|bcast|less	0.8556866666666667	0.34863
elementwise_layout_bench	1M|f32|bcast|copy	0.46743	1.15448
elementwise_layout_bench	1M|c128|C|add	2.6765233333333334	5.24429
elementwise_layout_bench	1M|c128|C|mul	2.5162633333333333	5.27524
elementwise_layout_bench	1M|c128|C|neg	2.4672466666666666	7.55491
elementwise_layout_bench	1M|c128|C|abs	3.90143	6.52842
elementwise_layout_bench	1M|c128|C|sqrt	10.300883333333333	16.4259
elementwise_layout_bench	1M|c128|C|less	2.0467299999999997	1.17679
elementwise_layout_bench	1M|c128|C|copy	1.24037	4.45073
elementwise_layout_bench	1M|c128|F|add	2.34308	5.51404
elementwise_layout_bench	1M|c128|F|mul	2.54682	5.6241
elementwise_layout_bench	1M|c128|F|neg	2.51058	6.9205
elementwise_layout_bench	1M|c128|F|abs	3.8804666666666665	6.3878
elementwise_layout_bench	1M|c128|F|sqrt	10.274286666666665	17.9406
elementwise_layout_bench	1M|c128|F|less	2.08794	1.19467
elementwise_layout_bench	1M|c128|F|copy	2.9140566666666667	7.0388
elementwise_layout_bench	1M|c128|T|add	2.5129266666666665	5.07922
elementwise_layout_bench	1M|c128|T|mul	2.500646666666667	5.50392
elementwise_layout_bench	1M|c128|T|neg	2.403316666666667	6.87278
elementwise_layout_bench	1M|c128|T|abs	3.8809166666666663	6.65412
elementwise_layout_bench	1M|c128|T|sqrt	10.203303333333334	19.4104
elementwise_layout_bench	1M|c128|T|less	2.032016666666667	1.15489
elementwise_layout_bench	1M|c128|T|copy	2.820813333333333	6.7676
elementwise_layout_bench	1M|c128|strided|add	1.49212	2.85114
elementwise_layout_bench	1M|c128|strided|mul	1.4907066666666668	2.84427
elementwise_layout_bench	1M|c128|strided|neg	1.3668133333333332	3.81467
elementwise_layout_bench	1M|c128|strided|abs	2.124206666666667	3.32379
elementwise_layout_bench	1M|c128|strided|sqrt	5.505016666666666	8.6807
elementwise_layout_bench	1M|c128|strided|less	1.4606833333333333	0.679633
elementwise_layout_bench	1M|c128|strided|copy	1.29062	2.97717
elementwise_layout_bench	1M|c128|sliced|add	2.47349	6.86208
elementwise_layout_bench	1M|c128|sliced|mul	2.4575933333333335	6.69064
elementwise_layout_bench	1M|c128|sliced|neg	2.3670466666666665	7.88612
elementwise_layout_bench	1M|c128|sliced|abs	3.91757	7.4284
elementwise_layout_bench	1M|c128|sliced|sqrt	10.286253333333333	19.8842
elementwise_layout_bench	1M|c128|sliced|less	2.3625	2.31373
elementwise_layout_bench	1M|c128|sliced|copy	2.2603133333333334	5.62097
elementwise_layout_bench	1M|c128|negrow|add	2.5337633333333334	6.58188
elementwise_layout_bench	1M|c128|negrow|mul	2.811023333333333	6.48546
elementwise_layout_bench	1M|c128|negrow|neg	2.5382033333333336	8.32189
elementwise_layout_bench	1M|c128|negrow|abs	4.0497733333333334	7.2672
elementwise_layout_bench	1M|c128|negrow|sqrt	10.512246666666666	18.9968
elementwise_layout_bench	1M|c128|negrow|less	2.43871	2.44319
elementwise_layout_bench	1M|c128|negrow|copy	2.2543133333333336	5.67801
elementwise_layout_bench	1M|c128|negcol|add	2.7531466666666664	9.0466
elementwise_layout_bench	1M|c128|negcol|mul	2.8633566666666668	8.98842
elementwise_layout_bench	1M|c128|negcol|neg	2.4776366666666667	9.1175
elementwise_layout_bench	1M|c128|negcol|abs	4.318373333333333	8.66596
elementwise_layout_bench	1M|c128|negcol|sqrt	10.82595	21.0522
elementwise_layout_bench	1M|c128|negcol|less	2.8832333333333335	4.95155
elementwise_layout_bench	1M|c128|negcol|copy	2.4899666666666667	5.87874
elementwise_layout_bench	1M|c128|bcast|add	1.4360566666666665	5.5819
elementwise_layout_bench	1M|c128|bcast|mul	1.6631933333333333	5.59276
elementwise_layout_bench	1M|c128|bcast|neg	1.34497	6.86227
elementwise_layout_bench	1M|c128|bcast|abs	3.89205	6.80526
elementwise_layout_bench	1M|c128|bcast|sqrt	10.214793333333335	17.9528
elementwise_layout_bench	1M|c128|bcast|less	2.2942533333333333	1.97995
elementwise_layout_bench	1M|c128|bcast|copy	1.0297833333333333	4.90664
elementwise_layout_bench	1M|f16|C|add	9.472633333333333	6.87518
elementwise_layout_bench	1M|f16|C|mul	9.46476	7.06947
elementwise_layout_bench	1M|f16|C|neg	0.7759	0.904463
elementwise_layout_bench	1M|f16|C|abs	0.7862933333333333	0.950973
elementwise_layout_bench	1M|f16|C|sqrt	6.97064	6.50963
elementwise_layout_bench	1M|f16|C|less	2.4213566666666666	2.36682
elementwise_layout_bench	1M|f16|C|copy	0.37004000000000004	0.50958
elementwise_layout_bench	1M|f16|F|add	9.446456666666668	6.85247
elementwise_layout_bench	1M|f16|F|mul	9.525356666666665	7.05083
elementwise_layout_bench	1M|f16|F|neg	0.7847633333333334	0.888417
elementwise_layout_bench	1M|f16|F|abs	0.7694566666666667	0.892987
elementwise_layout_bench	1M|f16|F|sqrt	7.000593333333333	5.58209
elementwise_layout_bench	1M|f16|F|less	2.441033333333333	2.39168
elementwise_layout_bench	1M|f16|F|copy	1.08528	1.14347
elementwise_layout_bench	1M|f16|T|add	9.506223333333333	6.83123
elementwise_layout_bench	1M|f16|T|mul	9.521453333333334	7.09166
elementwise_layout_bench	1M|f16|T|neg	0.78759	0.89379
elementwise_layout_bench	1M|f16|T|abs	0.7784099999999999	0.912017
elementwise_layout_bench	1M|f16|T|sqrt	6.941666666666666	5.67122
elementwise_layout_bench	1M|f16|T|less	2.53353	2.39726
elementwise_layout_bench	1M|f16|T|copy	1.1168833333333335	1.13958
elementwise_layout_bench	1M|f16|strided|add	4.98593	3.21447
elementwise_layout_bench	1M|f16|strided|mul	5.074286666666667	3.33826
elementwise_layout_bench	1M|f16|strided|neg	0.4882533333333334	0.25579
elementwise_layout_bench	1M|f16|strided|abs	0.5002933333333334	0.255947
elementwise_layout_bench	1M|f16|strided|sqrt	4.17793	2.84044
elementwise_layout_bench	1M|f16|strided|less	1.5107166666666667	1.1986
elementwise_layout_bench	1M|f16|strided|copy	0.10957	0.252767
elementwise_layout_bench	1M|f16|sliced|add	9.614956666666666	6.9491
elementwise_layout_bench	1M|f16|sliced|mul	9.52321	6.94546
elementwise_layout_bench	1M|f16|sliced|neg	0.80981	0.975887
elementwise_layout_bench	1M|f16|sliced|abs	0.79278	0.990573
elementwise_layout_bench	1M|f16|sliced|sqrt	7.065969999999999	6.16712
elementwise_layout_bench	1M|f16|sliced|less	2.81555	2.54483
elementwise_layout_bench	1M|f16|sliced|copy	0.4252533333333333	0.60995
elementwise_layout_bench	1M|f16|negrow|add	9.623643333333332	6.83561
elementwise_layout_bench	1M|f16|negrow|mul	9.30929	6.46061
elementwise_layout_bench	1M|f16|negrow|neg	0.43559333333333333	0.968717
elementwise_layout_bench	1M|f16|negrow|abs	0.43199333333333334	0.969237
elementwise_layout_bench	1M|f16|negrow|sqrt	7.057263333333333	5.35116
elementwise_layout_bench	1M|f16|negrow|less	2.75728	2.55789
elementwise_layout_bench	1M|f16|negrow|copy	0.41265999999999997	0.612637
elementwise_layout_bench	1M|f16|negcol|add	10.1007	7.68137
elementwise_layout_bench	1M|f16|negcol|mul	10.199776666666667	7.85466
elementwise_layout_bench	1M|f16|negcol|neg	1.0459266666666667	1.40063
elementwise_layout_bench	1M|f16|negcol|abs	1.0075233333333333	1.4175
elementwise_layout_bench	1M|f16|negcol|sqrt	7.9955099999999995	6.10351
elementwise_layout_bench	1M|f16|negcol|less	2.9962633333333333	3.42388
elementwise_layout_bench	1M|f16|negcol|copy	0.45257	0.90663
elementwise_layout_bench	1M|f16|bcast|add	9.571866666666667	6.80246
elementwise_layout_bench	1M|f16|bcast|mul	9.570906666666668	6.94733
elementwise_layout_bench	1M|f16|bcast|neg	0.7869333333333334	0.942153
elementwise_layout_bench	1M|f16|bcast|abs	0.7900633333333332	0.94005
elementwise_layout_bench	1M|f16|bcast|sqrt	7.02076	6.2158
elementwise_layout_bench	1M|f16|bcast|less	2.7778833333333335	2.45113
elementwise_layout_bench	1M|f16|bcast|copy	0.37182	0.612973
elementwise_layout_bench	1M|i32|C|add	0.502	1.2989
elementwise_layout_bench	1M|i32|C|mul	0.4727633333333333	1.32101
elementwise_layout_bench	1M|i32|C|neg	0.49379666666666666	1.21192
elementwise_layout_bench	1M|i32|C|abs	0.47933	1.30849
elementwise_layout_bench	1M|i32|C|sqrt	3.28878	4.8762
elementwise_layout_bench	1M|i32|C|less	0.20787999999999998	0.110787
elementwise_layout_bench	1M|i32|C|copy	0.4774333333333333	0.930857
elementwise_layout_bench	1M|i32|F|add	0.4971333333333333	1.29622
elementwise_layout_bench	1M|i32|F|mul	0.4713833333333334	1.29567
elementwise_layout_bench	1M|i32|F|neg	0.5071133333333333	1.34668
elementwise_layout_bench	1M|i32|F|abs	0.46892666666666666	1.27025
elementwise_layout_bench	1M|i32|F|sqrt	3.3299133333333333	4.89086
elementwise_layout_bench	1M|i32|F|less	0.20106666666666667	0.120327
elementwise_layout_bench	1M|i32|F|copy	0.9980466666666667	1.53468
elementwise_layout_bench	1M|i32|T|add	0.46549999999999997	1.31629
elementwise_layout_bench	1M|i32|T|mul	0.48025333333333337	1.34647
elementwise_layout_bench	1M|i32|T|neg	0.5049833333333333	1.34467
elementwise_layout_bench	1M|i32|T|abs	0.5051766666666667	1.32818
elementwise_layout_bench	1M|i32|T|sqrt	3.31704	4.93747
elementwise_layout_bench	1M|i32|T|less	0.19484	0.122357
elementwise_layout_bench	1M|i32|T|copy	1.0508166666666667	1.54761
elementwise_layout_bench	1M|i32|strided|add	1.2272733333333332	0.711893
elementwise_layout_bench	1M|i32|strided|mul	1.2479766666666667	0.70551
elementwise_layout_bench	1M|i32|strided|neg	0.7760133333333333	0.89688
elementwise_layout_bench	1M|i32|strided|abs	0.77187	0.728793
elementwise_layout_bench	1M|i32|strided|sqrt	1.9892966666666667	2.48124
elementwise_layout_bench	1M|i32|strided|less	0.5664433333333334	0.27026
elementwise_layout_bench	1M|i32|strided|copy	0.6139600000000001	0.694917
elementwise_layout_bench	1M|i32|sliced|add	0.5090600000000001	1.6049
elementwise_layout_bench	1M|i32|sliced|mul	0.5161399999999999	1.64484
elementwise_layout_bench	1M|i32|sliced|neg	0.4976966666666666	1.36032
elementwise_layout_bench	1M|i32|sliced|abs	0.54523	1.44731
elementwise_layout_bench	1M|i32|sliced|sqrt	3.7400533333333335	4.87961
elementwise_layout_bench	1M|i32|sliced|less	0.80786	0.458007
elementwise_layout_bench	1M|i32|sliced|copy	0.49221333333333334	1.2185
elementwise_layout_bench	1M|i32|negrow|add	0.54081	1.62112
elementwise_layout_bench	1M|i32|negrow|mul	0.5397866666666666	1.61594
elementwise_layout_bench	1M|i32|negrow|neg	0.49111666666666665	1.35298
elementwise_layout_bench	1M|i32|negrow|abs	0.54586	1.46557
elementwise_layout_bench	1M|i32|negrow|sqrt	3.79469	4.94731
elementwise_layout_bench	1M|i32|negrow|less	0.8412566666666667	0.471107
elementwise_layout_bench	1M|i32|negrow|copy	0.5476766666666666	1.23496
elementwise_layout_bench	1M|i32|negcol|add	2.1224433333333335	2.22743
elementwise_layout_bench	1M|i32|negcol|mul	2.1234733333333335	2.19817
elementwise_layout_bench	1M|i32|negcol|neg	1.1978333333333333	1.64671
elementwise_layout_bench	1M|i32|negcol|abs	1.2091233333333333	1.76669
elementwise_layout_bench	1M|i32|negcol|sqrt	3.9402	4.92807
elementwise_layout_bench	1M|i32|negcol|less	1.07932	1.01747
elementwise_layout_bench	1M|i32|negcol|copy	0.7774433333333334	1.27106
elementwise_layout_bench	1M|i32|bcast|add	0.48625666666666667	1.4862
elementwise_layout_bench	1M|i32|bcast|mul	0.44586666666666663	1.51022
elementwise_layout_bench	1M|i32|bcast|neg	0.42822	1.27981
elementwise_layout_bench	1M|i32|bcast|abs	0.44647666666666663	1.36878
elementwise_layout_bench	1M|i32|bcast|sqrt	3.7012799999999997	4.94217
elementwise_layout_bench	1M|i32|bcast|less	0.81733	0.35058
elementwise_layout_bench	1M|i32|bcast|copy	0.45191	1.14556
elementwise_layout_bench	1M|i64|C|add	0.84031	2.4652
elementwise_layout_bench	1M|i64|C|mul	0.8905433333333334	2.50503
elementwise_layout_bench	1M|i64|C|neg	1.04047	2.45624
elementwise_layout_bench	1M|i64|C|abs	1.0293	2.47039
elementwise_layout_bench	1M|i64|C|sqrt	3.3424199999999997	4.96604
elementwise_layout_bench	1M|i64|C|less	0.3398566666666667	0.251923
elementwise_layout_bench	1M|i64|C|copy	0.7139533333333333	1.85885
elementwise_layout_bench	1M|i64|F|add	0.8365333333333334	2.49308
elementwise_layout_bench	1M|i64|F|mul	0.9157466666666667	2.4751
elementwise_layout_bench	1M|i64|F|neg	1.0532233333333332	2.39381
elementwise_layout_bench	1M|i64|F|abs	1.0390033333333333	2.43614
elementwise_layout_bench	1M|i64|F|sqrt	3.2950766666666667	5.07228
elementwise_layout_bench	1M|i64|F|less	0.34161	0.230863
elementwise_layout_bench	1M|i64|F|copy	1.35976	2.77338
elementwise_layout_bench	1M|i64|T|add	1.0100366666666667	2.50522
elementwise_layout_bench	1M|i64|T|mul	1.1565733333333335	2.40721
elementwise_layout_bench	1M|i64|T|neg	1.1400533333333334	2.47257
elementwise_layout_bench	1M|i64|T|abs	1.0634866666666667	2.48347
elementwise_layout_bench	1M|i64|T|sqrt	3.3470999999999997	4.97361
elementwise_layout_bench	1M|i64|T|less	0.3480233333333333	0.256743
elementwise_layout_bench	1M|i64|T|copy	1.4058	2.66999
elementwise_layout_bench	1M|i64|strided|add	2.19136	1.32275
elementwise_layout_bench	1M|i64|strided|mul	2.173283333333333	1.31615
elementwise_layout_bench	1M|i64|strided|neg	0.4436966666666667	1.30061
elementwise_layout_bench	1M|i64|strided|abs	0.48560333333333333	1.29887
elementwise_layout_bench	1M|i64|strided|sqrt	2.082133333333333	2.54543
elementwise_layout_bench	1M|i64|strided|less	0.5946400000000001	0.292023
elementwise_layout_bench	1M|i64|strided|copy	0.5781233333333333	1.21346
elementwise_layout_bench	1M|i64|sliced|add	0.9144566666666667	2.2853
elementwise_layout_bench	1M|i64|sliced|mul	0.9155033333333333	2.28047
elementwise_layout_bench	1M|i64|sliced|neg	0.9340233333333334	1.95176
elementwise_layout_bench	1M|i64|sliced|abs	1.0737466666666668	2.00464
elementwise_layout_bench	1M|i64|sliced|sqrt	3.7989966666666666	4.20275
elementwise_layout_bench	1M|i64|sliced|less	0.87735	0.810557
elementwise_layout_bench	1M|i64|sliced|copy	0.8323966666666667	1.66782
elementwise_layout_bench	1M|i64|negrow|add	0.8668533333333334	2.26562
elementwise_layout_bench	1M|i64|negrow|mul	0.9582366666666666	2.30383
elementwise_layout_bench	1M|i64|negrow|neg	0.9209666666666667	2.00723
elementwise_layout_bench	1M|i64|negrow|abs	1.2173733333333334	1.99731
elementwise_layout_bench	1M|i64|negrow|sqrt	3.94299	4.23268
elementwise_layout_bench	1M|i64|negrow|less	0.9036000000000001	0.82922
elementwise_layout_bench	1M|i64|negrow|copy	0.8395033333333333	1.92303
elementwise_layout_bench	1M|i64|negcol|add	4.236923333333333	3.5338
elementwise_layout_bench	1M|i64|negcol|mul	4.23527	3.61698
elementwise_layout_bench	1M|i64|negcol|neg	1.1511033333333331	3.01164
elementwise_layout_bench	1M|i64|negcol|abs	1.33921	2.99285
elementwise_layout_bench	1M|i64|negcol|sqrt	3.9523300000000003	4.97467
elementwise_layout_bench	1M|i64|negcol|less	1.14134	1.34853
elementwise_layout_bench	1M|i64|negcol|copy	1.0869966666666668	2.49193
elementwise_layout_bench	1M|i64|bcast|add	0.52098	2.73601
elementwise_layout_bench	1M|i64|bcast|mul	0.7630133333333333	2.73283
elementwise_layout_bench	1M|i64|bcast|neg	0.8067633333333333	2.54107
elementwise_layout_bench	1M|i64|bcast|abs	1.0301433333333334	2.59164
elementwise_layout_bench	1M|i64|bcast|sqrt	3.772013333333333	4.90107
elementwise_layout_bench	1M|i64|bcast|less	0.8029033333333333	0.63501
elementwise_layout_bench	1M|i64|bcast|copy	0.6681066666666666	2.29982
