Operation,Suite,DType,N,Scenario,NumPy ms,Managed ms,Managed availability,OpenBLAS ms,OpenBLAS availability,Effective backend,Effective NumSharp ms,NPY/NS,Status
"np.polyfit(x, y, 3)",Api,float64,1000,,0.052,,missing_backend,0.2248,available,openblas,0.2248,0.231317,much_slower
np.roots(p),Api,float64,16,,0.0442,,missing_backend,0.0606,available,openblas,0.0606,0.729373,slower
np.array2string(a) (float64),ApiSurface,float64,1000,,2.7251,1.1123,available,,not_measured,managed,1.1123,2.449969,faster
np.array_repr(a) (float64),ApiSurface,float64,1000,,2.5971,1.034,available,,not_measured,managed,1.034,2.511702,faster
np.array_str(a) (float64),ApiSurface,float64,1000,,2.5313,1.0502,available,,not_measured,managed,1.0502,2.410303,faster
"np.can_cast(from, to) (float64)",ApiSurface,float64,1000,,0.0003,0.0,available,,not_measured,managed,0.0,,no_data
"np.common_type(a, b) (float64)",ApiSurface,float64,1000,,0.001,0.0,available,,not_measured,managed,0.0,,no_data
"np.copyto(dst, src) (float64)",ApiSurface,float64,1000,,0.0006,0.0005,available,,not_measured,managed,0.0005,1.2,negligible
np.format_float_positional(x) (float64),ApiSurface,float64,1000,,0.0006,0.0005,available,,not_measured,managed,0.0005,1.2,negligible
np.format_float_scientific(x) (float64),ApiSurface,float64,1000,,0.0006,0.0005,available,,not_measured,managed,0.0005,1.2,negligible
np.fromfile(path) (float64),ApiSurface,float64,1000,,0.0596,0.05,available,,not_measured,managed,0.05,1.192,faster
np.get_printoptions() (float64),ApiSurface,float64,1000,,0.0004,0.0003,available,,not_measured,managed,0.0003,1.333333,negligible
"np.isdtype(dtype, kind) (float64)",ApiSurface,float64,1000,,0.0008,0.0,available,,not_measured,managed,0.0,,no_data
"np.issubdtype(dtype, kind) (float64)",ApiSurface,float64,1000,,0.0002,0.0,available,,not_measured,managed,0.0,,no_data
np.iterable(a) (float64),ApiSurface,float64,1000,,0.0001,0.0,available,,not_measured,managed,0.0,,no_data
np.load(path) (float64),ApiSurface,float64,1000,,0.1008,0.0659,available,,not_measured,managed,0.0659,1.52959,faster
np.loadtxt(path) (float64),ApiSurface,float64,1000,,0.3326,0.8369,available,,not_measured,managed,0.8369,0.397419,slower
np.min_scalar_type(value) (float64),ApiSurface,float64,1000,,0.0003,0.0,available,,not_measured,managed,0.0,,no_data
np.mintypecode(typechars) (float64),ApiSurface,float64,1000,,0.0008,0.0002,available,,not_measured,managed,0.0002,4.0,negligible
"np.nested_iters(a, axes) (float64)",ApiSurface,float64,1000,,0.0006,0.002,available,,not_measured,managed,0.002,0.3,negligible
np.poly(roots) (float64),ApiSurface,float64,1000,,0.0251,0.1495,available,,not_measured,managed,0.1495,0.167893,much_slower
"np.polyadd(p, q) (float64)",ApiSurface,float64,1000,,0.0025,0.0054,available,,not_measured,managed,0.0054,0.462963,slower
np.polyder(p) (float64),ApiSurface,float64,1000,,0.0029,0.0096,available,,not_measured,managed,0.0096,0.302083,much_slower
"np.polydiv(p, q) (float64)",ApiSurface,float64,1000,,0.1239,0.3921,available,,not_measured,managed,0.3921,0.315991,much_slower
np.polyint(p) (float64),ApiSurface,float64,1000,,0.0031,0.0133,available,,not_measured,managed,0.0133,0.233083,much_slower
"np.polymul(p, q) (float64)",ApiSurface,float64,1000,,0.0165,0.0165,available,,not_measured,managed,0.0165,1.0,close
"np.polysub(p, q) (float64)",ApiSurface,float64,1000,,0.0024,0.004,available,,not_measured,managed,0.004,0.6,slower
"np.polyval(p, x) (float64)",ApiSurface,float64,1000,,0.0406,0.1137,available,,not_measured,managed,0.1137,0.35708,slower
np.printoptions() (float64),ApiSurface,float64,1000,,0.0041,0.0001,available,,not_measured,managed,0.0001,41.0,negligible
"np.promote_types(a, b) (float64)",ApiSurface,float64,1000,,0.0002,0.0,available,,not_measured,managed,0.0,,no_data
"np.result_type(a, b) (float64)",ApiSurface,float64,1000,,0.0002,0.0,available,,not_measured,managed,0.0,,no_data
"np.save(path, a) (float64)",ApiSurface,float64,1000,,0.2635,0.4388,available,,not_measured,managed,0.4388,0.600501,slower
"np.savetxt(path, a) (float64)",ApiSurface,float64,1000,,2.0473,1.3931,available,,not_measured,managed,1.3931,1.4696,faster
"np.savez(path, a) (float64)",ApiSurface,float64,1000,,0.3425,6.925,available,,not_measured,managed,6.925,0.049458,much_slower
"np.savez_compressed(path, a) (float64)",ApiSurface,float64,1000,,0.4413,0.5783,available,,not_measured,managed,0.5783,0.763099,slower
np.set_printoptions() (float64),ApiSurface,float64,1000,,0.0022,0.0001,available,,not_measured,managed,0.0001,22.0,negligible
a % 7 (literal) (float32),Arithmetic,float32,1000,,0.0145,0.0183,available,,not_measured,managed,0.0183,0.79235,slower
a % 7 (literal) (float32),Arithmetic,float32,100000,,1.7335,1.9294,available,,not_measured,managed,1.9294,0.898466,close
a % 7 (literal) (float32),Arithmetic,float32,10000000,,253.1802,186.8877,available,,not_measured,managed,186.8877,1.354718,faster
a % 7 (literal) (float64),Arithmetic,float64,1000,,0.0126,0.0148,available,,not_measured,managed,0.0148,0.851351,close
a % 7 (literal) (float64),Arithmetic,float64,100000,,1.4519,1.739,available,,not_measured,managed,1.739,0.834905,close
a % 7 (literal) (float64),Arithmetic,float64,10000000,,248.0547,186.1513,available,,not_measured,managed,186.1513,1.332543,faster
a % 7 (literal) (int32),Arithmetic,int32,1000,,0.0027,0.0058,available,,not_measured,managed,0.0058,0.465517,slower
a % 7 (literal) (int32),Arithmetic,int32,100000,,0.4175,0.6793,available,,not_measured,managed,0.6793,0.614603,slower
a % 7 (literal) (int32),Arithmetic,int32,10000000,,45.2958,71.3434,available,,not_measured,managed,71.3434,0.634898,slower
a % 7 (literal) (int64),Arithmetic,int64,1000,,0.0042,0.0075,available,,not_measured,managed,0.0075,0.56,slower
a % 7 (literal) (int64),Arithmetic,int64,100000,,0.4138,0.6832,available,,not_measured,managed,0.6832,0.605679,slower
a % 7 (literal) (int64),Arithmetic,int64,10000000,,49.6607,77.4725,available,,not_measured,managed,77.4725,0.641011,slower
a % b (element-wise) (float32),Arithmetic,float32,1000,,0.0122,0.0129,available,,not_measured,managed,0.0129,0.945736,close
a % b (element-wise) (float32),Arithmetic,float32,100000,,1.5682,1.6594,available,,not_measured,managed,1.6594,0.94504,close
a % b (element-wise) (float32),Arithmetic,float32,10000000,,237.1599,166.1644,available,,not_measured,managed,166.1644,1.427261,faster
a % b (element-wise) (float64),Arithmetic,float64,1000,,0.0114,0.0109,available,,not_measured,managed,0.0109,1.045872,close
a % b (element-wise) (float64),Arithmetic,float64,100000,,1.3065,1.4692,available,,not_measured,managed,1.4692,0.889259,close
a % b (element-wise) (float64),Arithmetic,float64,10000000,,237.0675,155.674,available,,not_measured,managed,155.674,1.522846,faster
a % b (element-wise) (int32),Arithmetic,int32,1000,,0.002,0.0025,available,,not_measured,managed,0.0025,0.8,close
a % b (element-wise) (int32),Arithmetic,int32,100000,,0.3791,0.6232,available,,not_measured,managed,0.6232,0.608312,slower
a % b (element-wise) (int32),Arithmetic,int32,10000000,,42.0924,62.2534,available,,not_measured,managed,62.2534,0.676146,slower
a % b (element-wise) (int64),Arithmetic,int64,1000,,0.0035,0.0028,available,,not_measured,managed,0.0028,1.25,faster
a % b (element-wise) (int64),Arithmetic,int64,100000,,0.3866,0.6186,available,,not_measured,managed,0.6186,0.62496,slower
a % b (element-wise) (int64),Arithmetic,int64,10000000,,48.1653,69.5313,available,,not_measured,managed,69.5313,0.692714,slower
a * 2 (literal) (complex128),Arithmetic,complex128,1000,,0.0011,0.0078,available,,not_measured,managed,0.0078,0.141026,much_slower
a * 2 (literal) (complex128),Arithmetic,complex128,100000,,0.3743,0.3512,available,,not_measured,managed,0.3512,1.065774,faster
a * 2 (literal) (complex128),Arithmetic,complex128,10000000,,55.9113,66.601,available,,not_measured,managed,66.601,0.839496,close
a * 2 (literal) (float16),Arithmetic,float16,1000,,0.0038,0.0122,available,,not_measured,managed,0.0122,0.311475,much_slower
a * 2 (literal) (float16),Arithmetic,float16,100000,,0.3009,0.9425,available,,not_measured,managed,0.9425,0.319257,much_slower
a * 2 (literal) (float16),Arithmetic,float16,10000000,,73.5809,94.1869,available,,not_measured,managed,94.1869,0.781222,slower
a * 2 (literal) (float32),Arithmetic,float32,1000,,0.001,0.0067,available,,not_measured,managed,0.0067,0.149254,much_slower
a * 2 (literal) (float32),Arithmetic,float32,100000,,0.0086,0.0654,available,,not_measured,managed,0.0654,0.131498,much_slower
a * 2 (literal) (float32),Arithmetic,float32,10000000,,12.5751,10.9649,available,,not_measured,managed,10.9649,1.14685,faster
a * 2 (literal) (float64),Arithmetic,float64,1000,,0.0008,0.0055,available,,not_measured,managed,0.0055,0.145455,negligible
a * 2 (literal) (float64),Arithmetic,float64,100000,,0.0131,0.1189,available,,not_measured,managed,0.1189,0.110177,much_slower
a * 2 (literal) (float64),Arithmetic,float64,10000000,,26.2224,22.3078,available,,not_measured,managed,22.3078,1.175481,faster
a * 2 (literal) (int16),Arithmetic,int16,1000,,0.001,0.0033,available,,not_measured,managed,0.0033,0.30303,much_slower
a * 2 (literal) (int16),Arithmetic,int16,100000,,0.0239,0.0292,available,,not_measured,managed,0.0292,0.818493,close
a * 2 (literal) (int16),Arithmetic,int16,10000000,,4.4814,4.6802,available,,not_measured,managed,4.6802,0.957523,close
a * 2 (literal) (int32),Arithmetic,int32,1000,,0.001,0.0041,available,,not_measured,managed,0.0041,0.243902,much_slower
a * 2 (literal) (int32),Arithmetic,int32,100000,,0.0268,0.052,available,,not_measured,managed,0.052,0.515385,slower
a * 2 (literal) (int32),Arithmetic,int32,10000000,,7.9697,9.2244,available,,not_measured,managed,9.2244,0.86398,close
a * 2 (literal) (int64),Arithmetic,int64,1000,,0.0011,0.0044,available,,not_measured,managed,0.0044,0.25,much_slower
a * 2 (literal) (int64),Arithmetic,int64,100000,,0.0239,0.1165,available,,not_measured,managed,0.1165,0.20515,much_slower
a * 2 (literal) (int64),Arithmetic,int64,10000000,,15.5031,26.0221,available,,not_measured,managed,26.0221,0.595767,slower
a * 2 (literal) (int8),Arithmetic,int8,1000,,0.0009,0.0029,available,,not_measured,managed,0.0029,0.310345,negligible
a * 2 (literal) (int8),Arithmetic,int8,100000,,0.0228,0.0182,available,,not_measured,managed,0.0182,1.252747,faster
a * 2 (literal) (int8),Arithmetic,int8,10000000,,3.0809,2.3654,available,,not_measured,managed,2.3654,1.302486,faster
a * 2 (literal) (uint16),Arithmetic,uint16,1000,,0.0011,0.0066,available,,not_measured,managed,0.0066,0.166667,much_slower
a * 2 (literal) (uint16),Arithmetic,uint16,100000,,0.0237,0.0279,available,,not_measured,managed,0.0279,0.849462,close
a * 2 (literal) (uint16),Arithmetic,uint16,10000000,,5.2707,5.7877,available,,not_measured,managed,5.7877,0.910673,close
a * 2 (literal) (uint32),Arithmetic,uint32,1000,,0.0011,0.0075,available,,not_measured,managed,0.0075,0.146667,much_slower
a * 2 (literal) (uint32),Arithmetic,uint32,100000,,0.0235,0.0547,available,,not_measured,managed,0.0547,0.429616,slower
a * 2 (literal) (uint32),Arithmetic,uint32,10000000,,7.8163,9.4926,available,,not_measured,managed,9.4926,0.82341,close
a * 2 (literal) (uint64),Arithmetic,uint64,1000,,0.001,0.0052,available,,not_measured,managed,0.0052,0.192308,much_slower
a * 2 (literal) (uint64),Arithmetic,uint64,100000,,0.0237,0.1132,available,,not_measured,managed,0.1132,0.209364,much_slower
a * 2 (literal) (uint64),Arithmetic,uint64,10000000,,27.1391,28.4173,available,,not_measured,managed,28.4173,0.95502,close
a * 2 (literal) (uint8),Arithmetic,uint8,1000,,0.0009,0.0034,available,,not_measured,managed,0.0034,0.264706,negligible
a * 2 (literal) (uint8),Arithmetic,uint8,100000,,0.0232,0.0185,available,,not_measured,managed,0.0185,1.254054,faster
a * 2 (literal) (uint8),Arithmetic,uint8,10000000,,3.534,2.375,available,,not_measured,managed,2.375,1.488,faster
a * a (square) (complex128),Arithmetic,complex128,1000,,0.0009,0.0035,available,,not_measured,managed,0.0035,0.257143,negligible
a * a (square) (complex128),Arithmetic,complex128,100000,,0.3645,0.3341,available,,not_measured,managed,0.3341,1.090991,faster
a * a (square) (complex128),Arithmetic,complex128,10000000,,58.3787,49.9347,available,,not_measured,managed,49.9347,1.169101,faster
a * a (square) (float16),Arithmetic,float16,1000,,0.0032,0.0098,available,,not_measured,managed,0.0098,0.326531,much_slower
a * a (square) (float16),Arithmetic,float16,100000,,0.3004,0.9233,available,,not_measured,managed,0.9233,0.325355,much_slower
a * a (square) (float16),Arithmetic,float16,10000000,,79.8627,93.7215,available,,not_measured,managed,93.7215,0.852128,close
a * a (square) (float32),Arithmetic,float32,1000,,0.0005,0.002,available,,not_measured,managed,0.002,0.25,negligible
a * a (square) (float32),Arithmetic,float32,100000,,0.0094,0.0508,available,,not_measured,managed,0.0508,0.185039,much_slower
a * a (square) (float32),Arithmetic,float32,10000000,,17.174,10.399,available,,not_measured,managed,10.399,1.651505,faster
a * a (square) (float64),Arithmetic,float64,1000,,0.0005,0.0027,available,,not_measured,managed,0.0027,0.185185,negligible
a * a (square) (float64),Arithmetic,float64,100000,,0.0146,0.1098,available,,not_measured,managed,0.1098,0.132969,much_slower
a * a (square) (float64),Arithmetic,float64,10000000,,26.4263,20.7307,available,,not_measured,managed,20.7307,1.274742,faster
a * a (square) (int16),Arithmetic,int16,1000,,0.0008,0.0021,available,,not_measured,managed,0.0021,0.380952,negligible
a * a (square) (int16),Arithmetic,int16,100000,,0.0303,0.0276,available,,not_measured,managed,0.0276,1.097826,faster
a * a (square) (int16),Arithmetic,int16,10000000,,4.7934,4.5731,available,,not_measured,managed,4.5731,1.048173,close
a * a (square) (int32),Arithmetic,int32,1000,,0.0008,0.0016,available,,not_measured,managed,0.0016,0.5,negligible
a * a (square) (int32),Arithmetic,int32,100000,,0.0307,0.0544,available,,not_measured,managed,0.0544,0.564338,slower
a * a (square) (int32),Arithmetic,int32,10000000,,8.5781,9.6691,available,,not_measured,managed,9.6691,0.887166,close
a * a (square) (int64),Arithmetic,int64,1000,,0.0008,0.0029,available,,not_measured,managed,0.0029,0.275862,negligible
a * a (square) (int64),Arithmetic,int64,100000,,0.0305,0.1208,available,,not_measured,managed,0.1208,0.252483,much_slower
a * a (square) (int64),Arithmetic,int64,10000000,,16.1466,20.8623,available,,not_measured,managed,20.8623,0.773961,slower
a * a (square) (int8),Arithmetic,int8,1000,,0.0007,0.0017,available,,not_measured,managed,0.0017,0.411765,negligible
a * a (square) (int8),Arithmetic,int8,100000,,0.0297,0.0163,available,,not_measured,managed,0.0163,1.822086,faster
a * a (square) (int8),Arithmetic,int8,10000000,,3.8074,2.4319,available,,not_measured,managed,2.4319,1.565607,faster
a * a (square) (uint16),Arithmetic,uint16,1000,,0.0008,0.0007,available,,not_measured,managed,0.0007,1.142857,negligible
a * a (square) (uint16),Arithmetic,uint16,100000,,0.0292,0.0273,available,,not_measured,managed,0.0273,1.069597,faster
a * a (square) (uint16),Arithmetic,uint16,10000000,,4.9363,4.588,available,,not_measured,managed,4.588,1.075915,faster
a * a (square) (uint32),Arithmetic,uint32,1000,,0.0008,0.0017,available,,not_measured,managed,0.0017,0.470588,negligible
a * a (square) (uint32),Arithmetic,uint32,100000,,0.0306,0.0511,available,,not_measured,managed,0.0511,0.598826,slower
a * a (square) (uint32),Arithmetic,uint32,10000000,,8.2215,10.0014,available,,not_measured,managed,10.0014,0.822035,close
a * a (square) (uint64),Arithmetic,uint64,1000,,0.0007,0.0022,available,,not_measured,managed,0.0022,0.318182,negligible
a * a (square) (uint64),Arithmetic,uint64,100000,,0.0295,0.1169,available,,not_measured,managed,0.1169,0.252352,much_slower
a * a (square) (uint64),Arithmetic,uint64,10000000,,30.0777,21.4738,available,,not_measured,managed,21.4738,1.40067,faster
a * a (square) (uint8),Arithmetic,uint8,1000,,0.0007,0.0022,available,,not_measured,managed,0.0022,0.318182,negligible
a * a (square) (uint8),Arithmetic,uint8,100000,,0.0286,0.0162,available,,not_measured,managed,0.0162,1.765432,faster
a * a (square) (uint8),Arithmetic,uint8,10000000,,5.3657,2.3575,available,,not_measured,managed,2.3575,2.276013,faster
a * b (element-wise) (complex128),Arithmetic,complex128,1000,,0.0009,0.0032,available,,not_measured,managed,0.0032,0.28125,negligible
a * b (element-wise) (complex128),Arithmetic,complex128,100000,,0.376,0.3674,available,,not_measured,managed,0.3674,1.023408,close
a * b (element-wise) (complex128),Arithmetic,complex128,10000000,,70.3479,67.3492,available,,not_measured,managed,67.3492,1.044525,close
a * b (element-wise) (float16),Arithmetic,float16,1000,,0.0032,0.01,available,,not_measured,managed,0.01,0.32,much_slower
a * b (element-wise) (float16),Arithmetic,float16,100000,,0.2937,0.9435,available,,not_measured,managed,0.9435,0.311288,much_slower
a * b (element-wise) (float16),Arithmetic,float16,10000000,,78.8893,93.8892,available,,not_measured,managed,93.8892,0.840238,close
a * b (element-wise) (float32),Arithmetic,float32,1000,,0.0007,0.0015,available,,not_measured,managed,0.0015,0.466667,negligible
a * b (element-wise) (float32),Arithmetic,float32,100000,,0.0089,0.0515,available,,not_measured,managed,0.0515,0.172816,much_slower
a * b (element-wise) (float32),Arithmetic,float32,10000000,,16.9254,11.6341,available,,not_measured,managed,11.6341,1.45481,faster
a * b (element-wise) (float64),Arithmetic,float64,1000,,0.0005,0.0018,available,,not_measured,managed,0.0018,0.277778,negligible
a * b (element-wise) (float64),Arithmetic,float64,100000,,0.0312,0.1141,available,,not_measured,managed,0.1141,0.273444,much_slower
a * b (element-wise) (float64),Arithmetic,float64,10000000,,34.0676,27.6905,available,,not_measured,managed,27.6905,1.230299,faster
a * b (element-wise) (int16),Arithmetic,int16,1000,,0.001,0.0024,available,,not_measured,managed,0.0024,0.416667,slower
a * b (element-wise) (int16),Arithmetic,int16,100000,,0.0307,0.0264,available,,not_measured,managed,0.0264,1.162879,faster
a * b (element-wise) (int16),Arithmetic,int16,10000000,,5.0384,6.1329,available,,not_measured,managed,6.1329,0.821536,close
a * b (element-wise) (int32),Arithmetic,int32,1000,,0.0011,0.0015,available,,not_measured,managed,0.0015,0.733333,slower
a * b (element-wise) (int32),Arithmetic,int32,100000,,0.0311,0.0524,available,,not_measured,managed,0.0524,0.593511,slower
a * b (element-wise) (int32),Arithmetic,int32,10000000,,13.6216,11.3914,available,,not_measured,managed,11.3914,1.195779,faster
a * b (element-wise) (int64),Arithmetic,int64,1000,,0.0009,0.0018,available,,not_measured,managed,0.0018,0.5,negligible
a * b (element-wise) (int64),Arithmetic,int64,100000,,0.0365,0.1112,available,,not_measured,managed,0.1112,0.328237,much_slower
a * b (element-wise) (int64),Arithmetic,int64,10000000,,16.9841,32.243,available,,not_measured,managed,32.243,0.526753,slower
a * b (element-wise) (int8),Arithmetic,int8,1000,,0.0007,0.0011,available,,not_measured,managed,0.0011,0.636364,negligible
a * b (element-wise) (int8),Arithmetic,int8,100000,,0.0285,0.0163,available,,not_measured,managed,0.0163,1.748466,faster
a * b (element-wise) (int8),Arithmetic,int8,10000000,,4.2161,4.6123,available,,not_measured,managed,4.6123,0.914099,close
a * b (element-wise) (uint16),Arithmetic,uint16,1000,,0.0008,0.0015,available,,not_measured,managed,0.0015,0.533333,negligible
a * b (element-wise) (uint16),Arithmetic,uint16,100000,,0.0294,0.0275,available,,not_measured,managed,0.0275,1.069091,faster
a * b (element-wise) (uint16),Arithmetic,uint16,10000000,,5.2097,6.1128,available,,not_measured,managed,6.1128,0.852261,close
a * b (element-wise) (uint32),Arithmetic,uint32,1000,,0.0008,0.0011,available,,not_measured,managed,0.0011,0.727273,negligible
a * b (element-wise) (uint32),Arithmetic,uint32,100000,,0.0295,0.0525,available,,not_measured,managed,0.0525,0.561905,slower
a * b (element-wise) (uint32),Arithmetic,uint32,10000000,,8.9549,11.2064,available,,not_measured,managed,11.2064,0.799088,slower
a * b (element-wise) (uint64),Arithmetic,uint64,1000,,0.0007,0.0018,available,,not_measured,managed,0.0018,0.388889,negligible
a * b (element-wise) (uint64),Arithmetic,uint64,100000,,0.0362,0.1164,available,,not_measured,managed,0.1164,0.310997,much_slower
a * b (element-wise) (uint64),Arithmetic,uint64,10000000,,41.0786,28.1256,available,,not_measured,managed,28.1256,1.460541,faster
a * b (element-wise) (uint8),Arithmetic,uint8,1000,,0.0007,0.0017,available,,not_measured,managed,0.0017,0.411765,negligible
a * b (element-wise) (uint8),Arithmetic,uint8,100000,,0.0284,0.016,available,,not_measured,managed,0.016,1.775,faster
a * b (element-wise) (uint8),Arithmetic,uint8,10000000,,4.673,3.8695,available,,not_measured,managed,3.8695,1.20765,faster
a * scalar (complex128),Arithmetic,complex128,1000,,0.0009,0.0035,available,,not_measured,managed,0.0035,0.257143,negligible
a * scalar (complex128),Arithmetic,complex128,100000,,0.3666,0.3499,available,,not_measured,managed,0.3499,1.047728,close
a * scalar (complex128),Arithmetic,complex128,10000000,,52.3648,43.5793,available,,not_measured,managed,43.5793,1.201598,faster
a * scalar (float16),Arithmetic,float16,1000,,0.0035,0.0107,available,,not_measured,managed,0.0107,0.327103,much_slower
a * scalar (float16),Arithmetic,float16,100000,,0.294,0.9274,available,,not_measured,managed,0.9274,0.317015,much_slower
a * scalar (float16),Arithmetic,float16,10000000,,75.4525,97.5616,available,,not_measured,managed,97.5616,0.773383,slower
a * scalar (float32),Arithmetic,float32,1000,,0.0008,0.0017,available,,not_measured,managed,0.0017,0.470588,negligible
a * scalar (float32),Arithmetic,float32,100000,,0.0067,0.051,available,,not_measured,managed,0.051,0.131373,much_slower
a * scalar (float32),Arithmetic,float32,10000000,,13.5311,9.9382,available,,not_measured,managed,9.9382,1.361524,faster
a * scalar (float64),Arithmetic,float64,1000,,0.0006,0.0023,available,,not_measured,managed,0.0023,0.26087,negligible
a * scalar (float64),Arithmetic,float64,100000,,0.0132,0.1005,available,,not_measured,managed,0.1005,0.131343,much_slower
a * scalar (float64),Arithmetic,float64,10000000,,27.7634,28.5102,available,,not_measured,managed,28.5102,0.973806,close
a * scalar (int16),Arithmetic,int16,1000,,0.0009,0.0021,available,,not_measured,managed,0.0021,0.428571,negligible
a * scalar (int16),Arithmetic,int16,100000,,0.0237,0.0284,available,,not_measured,managed,0.0284,0.834507,close
a * scalar (int16),Arithmetic,int16,10000000,,4.5428,5.3182,available,,not_measured,managed,5.3182,0.854199,close
a * scalar (int32),Arithmetic,int32,1000,,0.0009,0.0017,available,,not_measured,managed,0.0017,0.529412,negligible
a * scalar (int32),Arithmetic,int32,100000,,0.0241,0.0543,available,,not_measured,managed,0.0543,0.443831,slower
a * scalar (int32),Arithmetic,int32,10000000,,8.3188,9.1394,available,,not_measured,managed,9.1394,0.910213,close
a * scalar (int64),Arithmetic,int64,1000,,0.0009,0.0018,available,,not_measured,managed,0.0018,0.5,negligible
a * scalar (int64),Arithmetic,int64,100000,,0.0233,0.1109,available,,not_measured,managed,0.1109,0.210099,much_slower
a * scalar (int64),Arithmetic,int64,10000000,,20.4744,32.828,available,,not_measured,managed,32.828,0.623687,slower
a * scalar (int8),Arithmetic,int8,1000,,0.0008,0.0012,available,,not_measured,managed,0.0012,0.666667,negligible
a * scalar (int8),Arithmetic,int8,100000,,0.0225,0.018,available,,not_measured,managed,0.018,1.25,faster
a * scalar (int8),Arithmetic,int8,10000000,,3.0955,2.3829,available,,not_measured,managed,2.3829,1.299047,faster
a * scalar (uint16),Arithmetic,uint16,1000,,0.0009,0.0014,available,,not_measured,managed,0.0014,0.642857,negligible
a * scalar (uint16),Arithmetic,uint16,100000,,0.0249,0.0285,available,,not_measured,managed,0.0285,0.873684,close
a * scalar (uint16),Arithmetic,uint16,10000000,,4.4184,4.6171,available,,not_measured,managed,4.6171,0.956964,close
a * scalar (uint32),Arithmetic,uint32,1000,,0.0009,0.0015,available,,not_measured,managed,0.0015,0.6,negligible
a * scalar (uint32),Arithmetic,uint32,100000,,0.0239,0.0515,available,,not_measured,managed,0.0515,0.464078,slower
a * scalar (uint32),Arithmetic,uint32,10000000,,7.7509,9.1022,available,,not_measured,managed,9.1022,0.851541,close
a * scalar (uint64),Arithmetic,uint64,1000,,0.0008,0.0021,available,,not_measured,managed,0.0021,0.380952,negligible
a * scalar (uint64),Arithmetic,uint64,100000,,0.0239,0.1165,available,,not_measured,managed,0.1165,0.20515,much_slower
a * scalar (uint64),Arithmetic,uint64,10000000,,31.4574,28.2317,available,,not_measured,managed,28.2317,1.114258,faster
a * scalar (uint8),Arithmetic,uint8,1000,,0.0008,0.001,available,,not_measured,managed,0.001,0.8,negligible
a * scalar (uint8),Arithmetic,uint8,100000,,0.0236,0.0168,available,,not_measured,managed,0.0168,1.404762,faster
a * scalar (uint8),Arithmetic,uint8,10000000,,3.3775,2.1467,available,,not_measured,managed,2.1467,1.573345,faster
a + 5 (literal) (complex128),Arithmetic,complex128,1000,,0.0011,0.0075,available,,not_measured,managed,0.0075,0.146667,much_slower
a + 5 (literal) (complex128),Arithmetic,complex128,100000,,0.3674,0.3503,available,,not_measured,managed,0.3503,1.048815,close
a + 5 (literal) (complex128),Arithmetic,complex128,10000000,,53.3318,25.3508,available,,not_measured,managed,25.3508,2.103752,faster
a + 5 (literal) (float16),Arithmetic,float16,1000,,0.0062,0.0108,available,,not_measured,managed,0.0108,0.574074,slower
a + 5 (literal) (float16),Arithmetic,float16,100000,,0.2967,0.9225,available,,not_measured,managed,0.9225,0.321626,much_slower
a + 5 (literal) (float16),Arithmetic,float16,10000000,,73.0518,46.6935,available,,not_measured,managed,46.6935,1.564496,faster
a + 5 (literal) (float32),Arithmetic,float32,1000,,0.0009,0.0065,available,,not_measured,managed,0.0065,0.138462,negligible
a + 5 (literal) (float32),Arithmetic,float32,100000,,0.0071,0.059,available,,not_measured,managed,0.059,0.120339,much_slower
a + 5 (literal) (float32),Arithmetic,float32,10000000,,13.464,5.0671,available,,not_measured,managed,5.0671,2.657141,faster
a + 5 (literal) (float64),Arithmetic,float64,1000,,0.0008,0.0052,available,,not_measured,managed,0.0052,0.153846,negligible
a + 5 (literal) (float64),Arithmetic,float64,100000,,0.0139,0.1177,available,,not_measured,managed,0.1177,0.118097,much_slower
a + 5 (literal) (float64),Arithmetic,float64,10000000,,26.0253,13.5038,available,,not_measured,managed,13.5038,1.927258,faster
a + 5 (literal) (int16),Arithmetic,int16,1000,,0.0011,0.0036,available,,not_measured,managed,0.0036,0.305556,much_slower
a + 5 (literal) (int16),Arithmetic,int16,100000,,0.027,0.0311,available,,not_measured,managed,0.0311,0.868167,close
a + 5 (literal) (int16),Arithmetic,int16,10000000,,4.4383,5.6348,available,,not_measured,managed,5.6348,0.787659,slower
a + 5 (literal) (int32),Arithmetic,int32,1000,,0.0011,0.0038,available,,not_measured,managed,0.0038,0.289474,much_slower
a + 5 (literal) (int32),Arithmetic,int32,100000,,0.0283,0.059,available,,not_measured,managed,0.059,0.479661,slower
a + 5 (literal) (int32),Arithmetic,int32,10000000,,8.8007,5.459,available,,not_measured,managed,5.459,1.612145,faster
a + 5 (literal) (int64),Arithmetic,int64,1000,,0.0011,0.0054,available,,not_measured,managed,0.0054,0.203704,much_slower
a + 5 (literal) (int64),Arithmetic,int64,100000,,0.0277,0.1131,available,,not_measured,managed,0.1131,0.244916,much_slower
a + 5 (literal) (int64),Arithmetic,int64,10000000,,15.2745,16.3404,available,,not_measured,managed,16.3404,0.934769,close
a + 5 (literal) (int8),Arithmetic,int8,1000,,0.0009,0.003,available,,not_measured,managed,0.003,0.3,negligible
a + 5 (literal) (int8),Arithmetic,int8,100000,,0.0271,0.017,available,,not_measured,managed,0.017,1.594118,faster
a + 5 (literal) (int8),Arithmetic,int8,10000000,,3.8886,2.5881,available,,not_measured,managed,2.5881,1.502492,faster
a + 5 (literal) (uint16),Arithmetic,uint16,1000,,0.0011,0.006,available,,not_measured,managed,0.006,0.183333,much_slower
a + 5 (literal) (uint16),Arithmetic,uint16,100000,,0.026,0.0312,available,,not_measured,managed,0.0312,0.833333,close
a + 5 (literal) (uint16),Arithmetic,uint16,10000000,,4.7336,4.7756,available,,not_measured,managed,4.7756,0.991205,close
a + 5 (literal) (uint32),Arithmetic,uint32,1000,,0.0011,0.0059,available,,not_measured,managed,0.0059,0.186441,much_slower
a + 5 (literal) (uint32),Arithmetic,uint32,100000,,0.0262,0.0588,available,,not_measured,managed,0.0588,0.445578,slower
a + 5 (literal) (uint32),Arithmetic,uint32,10000000,,7.953,5.6691,available,,not_measured,managed,5.6691,1.402868,faster
a + 5 (literal) (uint64),Arithmetic,uint64,1000,,0.001,0.0054,available,,not_measured,managed,0.0054,0.185185,much_slower
a + 5 (literal) (uint64),Arithmetic,uint64,100000,,0.0283,0.1673,available,,not_measured,managed,0.1673,0.169157,much_slower
a + 5 (literal) (uint64),Arithmetic,uint64,10000000,,28.3368,13.9885,available,,not_measured,managed,13.9885,2.025721,faster
a + 5 (literal) (uint8),Arithmetic,uint8,1000,,0.0009,0.0033,available,,not_measured,managed,0.0033,0.272727,negligible
a + 5 (literal) (uint8),Arithmetic,uint8,100000,,0.0261,0.019,available,,not_measured,managed,0.019,1.373684,faster
a + 5 (literal) (uint8),Arithmetic,uint8,10000000,,5.1321,2.4842,available,,not_measured,managed,2.4842,2.065896,faster
a + b (element-wise) (complex128),Arithmetic,complex128,1000,,0.0011,0.0037,available,,not_measured,managed,0.0037,0.297297,much_slower
a + b (element-wise) (complex128),Arithmetic,complex128,100000,,0.3825,0.393,available,,not_measured,managed,0.393,0.973282,close
a + b (element-wise) (complex128),Arithmetic,complex128,10000000,,65.6696,70.1479,available,,not_measured,managed,70.1479,0.936159,close
a + b (element-wise) (float16),Arithmetic,float16,1000,,0.006,0.0105,available,,not_measured,managed,0.0105,0.571429,slower
a + b (element-wise) (float16),Arithmetic,float16,100000,,0.2967,0.9632,available,,not_measured,managed,0.9632,0.308036,much_slower
a + b (element-wise) (float16),Arithmetic,float16,10000000,,71.3218,94.3281,available,,not_measured,managed,94.3281,0.756103,slower
a + b (element-wise) (float32),Arithmetic,float32,1000,,0.0007,0.0018,available,,not_measured,managed,0.0018,0.388889,negligible
a + b (element-wise) (float32),Arithmetic,float32,100000,,0.0074,0.0538,available,,not_measured,managed,0.0538,0.137546,much_slower
a + b (element-wise) (float32),Arithmetic,float32,10000000,,19.3152,11.1473,available,,not_measured,managed,11.1473,1.732725,faster
a + b (element-wise) (float64),Arithmetic,float64,1000,,0.0007,0.0022,available,,not_measured,managed,0.0022,0.318182,negligible
a + b (element-wise) (float64),Arithmetic,float64,100000,,0.0312,0.1149,available,,not_measured,managed,0.1149,0.27154,much_slower
a + b (element-wise) (float64),Arithmetic,float64,10000000,,32.3972,27.7865,available,,not_measured,managed,27.7865,1.165933,faster
a + b (element-wise) (int16),Arithmetic,int16,1000,,0.0013,0.0022,available,,not_measured,managed,0.0022,0.590909,slower
a + b (element-wise) (int16),Arithmetic,int16,100000,,0.0303,0.0313,available,,not_measured,managed,0.0313,0.968051,close
a + b (element-wise) (int16),Arithmetic,int16,10000000,,5.381,6.1888,available,,not_measured,managed,6.1888,0.869474,close
a + b (element-wise) (int32),Arithmetic,int32,1000,,0.0009,0.0015,available,,not_measured,managed,0.0015,0.6,negligible
a + b (element-wise) (int32),Arithmetic,int32,100000,,0.0319,0.063,available,,not_measured,managed,0.063,0.506349,slower
a + b (element-wise) (int32),Arithmetic,int32,10000000,,8.5594,11.6492,available,,not_measured,managed,11.6492,0.734763,slower
a + b (element-wise) (int64),Arithmetic,int64,1000,,0.001,0.0033,available,,not_measured,managed,0.0033,0.30303,much_slower
a + b (element-wise) (int64),Arithmetic,int64,100000,,0.0365,0.1235,available,,not_measured,managed,0.1235,0.295547,much_slower
a + b (element-wise) (int64),Arithmetic,int64,10000000,,17.7327,27.2986,available,,not_measured,managed,27.2986,0.649583,slower
a + b (element-wise) (int8),Arithmetic,int8,1000,,0.0007,0.0016,available,,not_measured,managed,0.0016,0.4375,negligible
a + b (element-wise) (int8),Arithmetic,int8,100000,,0.0323,0.0203,available,,not_measured,managed,0.0203,1.591133,faster
a + b (element-wise) (int8),Arithmetic,int8,10000000,,4.3397,3.3838,available,,not_measured,managed,3.3838,1.282493,faster
a + b (element-wise) (uint16),Arithmetic,uint16,1000,,0.0008,0.0014,available,,not_measured,managed,0.0014,0.571429,negligible
a + b (element-wise) (uint16),Arithmetic,uint16,100000,,0.0326,0.0318,available,,not_measured,managed,0.0318,1.025157,close
a + b (element-wise) (uint16),Arithmetic,uint16,10000000,,5.5265,6.3501,available,,not_measured,managed,6.3501,0.870301,close
a + b (element-wise) (uint32),Arithmetic,uint32,1000,,0.0008,0.0021,available,,not_measured,managed,0.0021,0.380952,negligible
a + b (element-wise) (uint32),Arithmetic,uint32,100000,,0.0305,0.0635,available,,not_measured,managed,0.0635,0.480315,slower
a + b (element-wise) (uint32),Arithmetic,uint32,10000000,,11.3664,12.1666,available,,not_measured,managed,12.1666,0.93423,close
a + b (element-wise) (uint64),Arithmetic,uint64,1000,,0.0008,0.0023,available,,not_measured,managed,0.0023,0.347826,negligible
a + b (element-wise) (uint64),Arithmetic,uint64,100000,,0.0402,0.1133,available,,not_measured,managed,0.1133,0.35481,slower
a + b (element-wise) (uint64),Arithmetic,uint64,10000000,,18.2877,27.6866,available,,not_measured,managed,27.6866,0.660525,slower
a + b (element-wise) (uint8),Arithmetic,uint8,1000,,0.0007,0.0021,available,,not_measured,managed,0.0021,0.333333,negligible
a + b (element-wise) (uint8),Arithmetic,uint8,100000,,0.0297,0.0184,available,,not_measured,managed,0.0184,1.61413,faster
a + b (element-wise) (uint8),Arithmetic,uint8,10000000,,4.7841,3.0451,available,,not_measured,managed,3.0451,1.571081,faster
a + scalar (complex128),Arithmetic,complex128,1000,,0.0009,0.0036,available,,not_measured,managed,0.0036,0.25,negligible
a + scalar (complex128),Arithmetic,complex128,100000,,0.372,0.3667,available,,not_measured,managed,0.3667,1.014453,close
a + scalar (complex128),Arithmetic,complex128,10000000,,60.5136,25.591,available,,not_measured,managed,25.591,2.364644,faster
a + scalar (float16),Arithmetic,float16,1000,,0.0064,0.0101,available,,not_measured,managed,0.0101,0.633663,slower
a + scalar (float16),Arithmetic,float16,100000,,0.3012,0.9532,available,,not_measured,managed,0.9532,0.315988,much_slower
a + scalar (float16),Arithmetic,float16,10000000,,76.1417,46.9215,available,,not_measured,managed,46.9215,1.622747,faster
a + scalar (float32),Arithmetic,float32,1000,,0.0007,0.0018,available,,not_measured,managed,0.0018,0.388889,negligible
a + scalar (float32),Arithmetic,float32,100000,,0.0067,0.0542,available,,not_measured,managed,0.0542,0.123616,much_slower
a + scalar (float32),Arithmetic,float32,10000000,,13.7747,5.278,available,,not_measured,managed,5.278,2.609833,faster
a + scalar (float64),Arithmetic,float64,1000,,0.0006,0.0017,available,,not_measured,managed,0.0017,0.352941,negligible
a + scalar (float64),Arithmetic,float64,100000,,0.0131,0.1198,available,,not_measured,managed,0.1198,0.109349,much_slower
a + scalar (float64),Arithmetic,float64,10000000,,24.7696,13.8581,available,,not_measured,managed,13.8581,1.787373,faster
a + scalar (int16),Arithmetic,int16,1000,,0.0009,0.0021,available,,not_measured,managed,0.0021,0.428571,negligible
a + scalar (int16),Arithmetic,int16,100000,,0.025,0.0306,available,,not_measured,managed,0.0306,0.816993,close
a + scalar (int16),Arithmetic,int16,10000000,,4.582,6.0762,available,,not_measured,managed,6.0762,0.75409,slower
a + scalar (int32),Arithmetic,int32,1000,,0.0009,0.0019,available,,not_measured,managed,0.0019,0.473684,negligible
a + scalar (int32),Arithmetic,int32,100000,,0.0285,0.0534,available,,not_measured,managed,0.0534,0.533708,slower
a + scalar (int32),Arithmetic,int32,10000000,,8.3442,7.8419,available,,not_measured,managed,7.8419,1.064053,faster
a + scalar (int64),Arithmetic,int64,1000,,0.0009,0.0028,available,,not_measured,managed,0.0028,0.321429,negligible
a + scalar (int64),Arithmetic,int64,100000,,0.0261,0.1204,available,,not_measured,managed,0.1204,0.216777,much_slower
a + scalar (int64),Arithmetic,int64,10000000,,15.2674,19.4043,available,,not_measured,managed,19.4043,0.786805,slower
a + scalar (int8),Arithmetic,int8,1000,,0.0008,0.0018,available,,not_measured,managed,0.0018,0.444444,negligible
a + scalar (int8),Arithmetic,int8,100000,,0.0267,0.0164,available,,not_measured,managed,0.0164,1.628049,faster
a + scalar (int8),Arithmetic,int8,10000000,,3.7108,2.8284,available,,not_measured,managed,2.8284,1.311979,faster
a + scalar (uint16),Arithmetic,uint16,1000,,0.0009,0.0022,available,,not_measured,managed,0.0022,0.409091,negligible
a + scalar (uint16),Arithmetic,uint16,100000,,0.0261,0.0283,available,,not_measured,managed,0.0283,0.922261,close
a + scalar (uint16),Arithmetic,uint16,10000000,,4.7029,5.092,available,,not_measured,managed,5.092,0.923586,close
a + scalar (uint32),Arithmetic,uint32,1000,,0.0009,0.002,available,,not_measured,managed,0.002,0.45,negligible
a + scalar (uint32),Arithmetic,uint32,100000,,0.0254,0.0576,available,,not_measured,managed,0.0576,0.440972,slower
a + scalar (uint32),Arithmetic,uint32,10000000,,9.3487,5.5006,available,,not_measured,managed,5.5006,1.699578,faster
a + scalar (uint64),Arithmetic,uint64,1000,,0.0009,0.0027,available,,not_measured,managed,0.0027,0.333333,negligible
a + scalar (uint64),Arithmetic,uint64,100000,,0.0291,0.105,available,,not_measured,managed,0.105,0.277143,much_slower
a + scalar (uint64),Arithmetic,uint64,10000000,,26.8372,14.6908,available,,not_measured,managed,14.6908,1.826803,faster
a + scalar (uint8),Arithmetic,uint8,1000,,0.0008,0.0018,available,,not_measured,managed,0.0018,0.444444,negligible
a + scalar (uint8),Arithmetic,uint8,100000,,0.0262,0.016,available,,not_measured,managed,0.016,1.6375,faster
a + scalar (uint8),Arithmetic,uint8,10000000,,4.3354,2.9996,available,,not_measured,managed,2.9996,1.445326,faster
a - b (element-wise) (complex128),Arithmetic,complex128,1000,,0.0008,0.0031,available,,not_measured,managed,0.0031,0.258065,negligible
a - b (element-wise) (complex128),Arithmetic,complex128,100000,,0.3813,0.4024,available,,not_measured,managed,0.4024,0.947565,close
a - b (element-wise) (complex128),Arithmetic,complex128,10000000,,65.9348,64.5398,available,,not_measured,managed,64.5398,1.021615,close
a - b (element-wise) (float16),Arithmetic,float16,1000,,0.0042,0.0099,available,,not_measured,managed,0.0099,0.424242,slower
a - b (element-wise) (float16),Arithmetic,float16,100000,,0.2956,0.9942,available,,not_measured,managed,0.9942,0.297324,much_slower
a - b (element-wise) (float16),Arithmetic,float16,10000000,,88.0042,95.3852,available,,not_measured,managed,95.3852,0.922619,close
a - b (element-wise) (float32),Arithmetic,float32,1000,,0.0005,0.002,available,,not_measured,managed,0.002,0.25,negligible
a - b (element-wise) (float32),Arithmetic,float32,100000,,0.0081,0.0538,available,,not_measured,managed,0.0538,0.150558,much_slower
a - b (element-wise) (float32),Arithmetic,float32,10000000,,16.7583,11.8841,available,,not_measured,managed,11.8841,1.410145,faster
a - b (element-wise) (float64),Arithmetic,float64,1000,,0.0005,0.0024,available,,not_measured,managed,0.0024,0.208333,negligible
a - b (element-wise) (float64),Arithmetic,float64,100000,,0.031,0.1476,available,,not_measured,managed,0.1476,0.210027,much_slower
a - b (element-wise) (float64),Arithmetic,float64,10000000,,37.3054,28.0915,available,,not_measured,managed,28.0915,1.327996,faster
a - b (element-wise) (int16),Arithmetic,int16,1000,,0.0008,0.0013,available,,not_measured,managed,0.0013,0.615385,negligible
a - b (element-wise) (int16),Arithmetic,int16,100000,,0.0324,0.0265,available,,not_measured,managed,0.0265,1.222642,faster
a - b (element-wise) (int16),Arithmetic,int16,10000000,,5.1656,7.9486,available,,not_measured,managed,7.9486,0.649875,slower
a - b (element-wise) (int32),Arithmetic,int32,1000,,0.0008,0.0021,available,,not_measured,managed,0.0021,0.380952,negligible
a - b (element-wise) (int32),Arithmetic,int32,100000,,0.0332,0.0524,available,,not_measured,managed,0.0524,0.633588,slower
a - b (element-wise) (int32),Arithmetic,int32,10000000,,10.2813,11.6284,available,,not_measured,managed,11.6284,0.884154,close
a - b (element-wise) (int64),Arithmetic,int64,1000,,0.0008,0.0029,available,,not_measured,managed,0.0029,0.275862,negligible
a - b (element-wise) (int64),Arithmetic,int64,100000,,0.0359,0.1077,available,,not_measured,managed,0.1077,0.333333,slower
a - b (element-wise) (int64),Arithmetic,int64,10000000,,17.6907,28.0115,available,,not_measured,managed,28.0115,0.631551,slower
a - b (element-wise) (int8),Arithmetic,int8,1000,,0.0007,0.0016,available,,not_measured,managed,0.0016,0.4375,negligible
a - b (element-wise) (int8),Arithmetic,int8,100000,,0.0297,0.0151,available,,not_measured,managed,0.0151,1.966887,faster
a - b (element-wise) (int8),Arithmetic,int8,10000000,,3.9256,4.2231,available,,not_measured,managed,4.2231,0.929554,close
a - b (element-wise) (uint16),Arithmetic,uint16,1000,,0.0008,0.0019,available,,not_measured,managed,0.0019,0.421053,negligible
a - b (element-wise) (uint16),Arithmetic,uint16,100000,,0.0315,0.027,available,,not_measured,managed,0.027,1.166667,faster
a - b (element-wise) (uint16),Arithmetic,uint16,10000000,,5.4006,6.3404,available,,not_measured,managed,6.3404,0.851776,close
a - b (element-wise) (uint32),Arithmetic,uint32,1000,,0.0008,0.0016,available,,not_measured,managed,0.0016,0.5,negligible
a - b (element-wise) (uint32),Arithmetic,uint32,100000,,0.0341,0.0508,available,,not_measured,managed,0.0508,0.67126,slower
a - b (element-wise) (uint32),Arithmetic,uint32,10000000,,8.9639,11.6455,available,,not_measured,managed,11.6455,0.769731,slower
a - b (element-wise) (uint64),Arithmetic,uint64,1000,,0.0007,0.0031,available,,not_measured,managed,0.0031,0.225806,negligible
a - b (element-wise) (uint64),Arithmetic,uint64,100000,,0.0357,0.108,available,,not_measured,managed,0.108,0.330556,slower
a - b (element-wise) (uint64),Arithmetic,uint64,10000000,,37.8728,26.9651,available,,not_measured,managed,26.9651,1.404512,faster
a - b (element-wise) (uint8),Arithmetic,uint8,1000,,0.0007,0.0013,available,,not_measured,managed,0.0013,0.538462,negligible
a - b (element-wise) (uint8),Arithmetic,uint8,100000,,0.0292,0.0148,available,,not_measured,managed,0.0148,1.972973,faster
a - b (element-wise) (uint8),Arithmetic,uint8,10000000,,5.7109,3.4727,available,,not_measured,managed,3.4727,1.644513,faster
a - scalar (complex128),Arithmetic,complex128,1000,,0.0009,0.0035,available,,not_measured,managed,0.0035,0.257143,negligible
a - scalar (complex128),Arithmetic,complex128,100000,,0.3733,0.3283,available,,not_measured,managed,0.3283,1.13707,faster
a - scalar (complex128),Arithmetic,complex128,10000000,,54.742,25.5075,available,,not_measured,managed,25.5075,2.146114,faster
a - scalar (float16),Arithmetic,float16,1000,,0.0064,0.0102,available,,not_measured,managed,0.0102,0.627451,slower
a - scalar (float16),Arithmetic,float16,100000,,0.295,0.9209,available,,not_measured,managed,0.9209,0.320339,much_slower
a - scalar (float16),Arithmetic,float16,10000000,,77.1355,48.8542,available,,not_measured,managed,48.8542,1.578892,faster
a - scalar (float32),Arithmetic,float32,1000,,0.0006,0.0017,available,,not_measured,managed,0.0017,0.352941,negligible
a - scalar (float32),Arithmetic,float32,100000,,0.007,0.0516,available,,not_measured,managed,0.0516,0.135659,much_slower
a - scalar (float32),Arithmetic,float32,10000000,,13.9692,5.422,available,,not_measured,managed,5.422,2.576392,faster
a - scalar (float64),Arithmetic,float64,1000,,0.0006,0.0019,available,,not_measured,managed,0.0019,0.315789,negligible
a - scalar (float64),Arithmetic,float64,100000,,0.0134,0.1052,available,,not_measured,managed,0.1052,0.127376,much_slower
a - scalar (float64),Arithmetic,float64,10000000,,25.098,14.2505,available,,not_measured,managed,14.2505,1.761201,faster
a - scalar (int16),Arithmetic,int16,1000,,0.0009,0.0014,available,,not_measured,managed,0.0014,0.642857,negligible
a - scalar (int16),Arithmetic,int16,100000,,0.0257,0.0273,available,,not_measured,managed,0.0273,0.941392,close
a - scalar (int16),Arithmetic,int16,10000000,,4.4579,3.0203,available,,not_measured,managed,3.0203,1.475979,faster
a - scalar (int32),Arithmetic,int32,1000,,0.0009,0.0022,available,,not_measured,managed,0.0022,0.409091,negligible
a - scalar (int32),Arithmetic,int32,100000,,0.0262,0.0529,available,,not_measured,managed,0.0529,0.495274,slower
a - scalar (int32),Arithmetic,int32,10000000,,8.6301,5.3366,available,,not_measured,managed,5.3366,1.617153,faster
a - scalar (int64),Arithmetic,int64,1000,,0.0011,0.0023,available,,not_measured,managed,0.0023,0.478261,slower
a - scalar (int64),Arithmetic,int64,100000,,0.0256,0.1175,available,,not_measured,managed,0.1175,0.217872,much_slower
a - scalar (int64),Arithmetic,int64,10000000,,15.3628,14.5652,available,,not_measured,managed,14.5652,1.054761,faster
a - scalar (int8),Arithmetic,int8,1000,,0.0008,0.0009,available,,not_measured,managed,0.0009,0.888889,negligible
a - scalar (int8),Arithmetic,int8,100000,,0.0254,0.0178,available,,not_measured,managed,0.0178,1.426966,faster
a - scalar (int8),Arithmetic,int8,10000000,,3.3903,1.4378,available,,not_measured,managed,1.4378,2.357977,faster
a - scalar (uint16),Arithmetic,uint16,1000,,0.001,0.0012,available,,not_measured,managed,0.0012,0.833333,close
a - scalar (uint16),Arithmetic,uint16,100000,,0.0258,0.027,available,,not_measured,managed,0.027,0.955556,close
a - scalar (uint16),Arithmetic,uint16,10000000,,4.5684,3.2264,available,,not_measured,managed,3.2264,1.415943,faster
a - scalar (uint32),Arithmetic,uint32,1000,,0.0009,0.0015,available,,not_measured,managed,0.0015,0.6,negligible
a - scalar (uint32),Arithmetic,uint32,100000,,0.0244,0.051,available,,not_measured,managed,0.051,0.478431,slower
a - scalar (uint32),Arithmetic,uint32,10000000,,9.1803,5.8337,available,,not_measured,managed,5.8337,1.573667,faster
a - scalar (uint64),Arithmetic,uint64,1000,,0.0008,0.0028,available,,not_measured,managed,0.0028,0.285714,negligible
a - scalar (uint64),Arithmetic,uint64,100000,,0.0254,0.1543,available,,not_measured,managed,0.1543,0.164614,much_slower
a - scalar (uint64),Arithmetic,uint64,10000000,,37.3974,14.0091,available,,not_measured,managed,14.0091,2.669508,faster
a - scalar (uint8),Arithmetic,uint8,1000,,0.0008,0.0011,available,,not_measured,managed,0.0011,0.727273,negligible
a - scalar (uint8),Arithmetic,uint8,100000,,0.0253,0.0168,available,,not_measured,managed,0.0168,1.505952,faster
a - scalar (uint8),Arithmetic,uint8,10000000,,4.0412,1.3294,available,,not_measured,managed,1.3294,3.039868,faster
a / b (element-wise) (float32),Arithmetic,float32,1000,,0.0005,0.0027,available,,not_measured,managed,0.0027,0.185185,negligible
a / b (element-wise) (float32),Arithmetic,float32,100000,,0.0131,0.0658,available,,not_measured,managed,0.0658,0.199088,much_slower
a / b (element-wise) (float32),Arithmetic,float32,10000000,,16.2065,11.743,available,,not_measured,managed,11.743,1.380099,faster
a / b (element-wise) (float64),Arithmetic,float64,1000,,0.0008,0.0029,available,,not_measured,managed,0.0029,0.275862,negligible
a / b (element-wise) (float64),Arithmetic,float64,100000,,0.0419,0.2063,available,,not_measured,managed,0.2063,0.203102,much_slower
a / b (element-wise) (float64),Arithmetic,float64,10000000,,32.9768,27.3738,available,,not_measured,managed,27.3738,1.204685,faster
a / b (element-wise) (int32),Arithmetic,int32,1000,,0.0024,0.0045,available,,not_measured,managed,0.0045,0.533333,slower
a / b (element-wise) (int32),Arithmetic,int32,100000,,0.0903,0.2114,available,,not_measured,managed,0.2114,0.427152,slower
a / b (element-wise) (int32),Arithmetic,int32,10000000,,20.6793,25.7646,available,,not_measured,managed,25.7646,0.802625,close
a / b (element-wise) (int64),Arithmetic,int64,1000,,0.0019,0.0046,available,,not_measured,managed,0.0046,0.413043,slower
a / b (element-wise) (int64),Arithmetic,int64,100000,,0.0835,0.2084,available,,not_measured,managed,0.2084,0.400672,slower
a / b (element-wise) (int64),Arithmetic,int64,10000000,,24.8597,29.8175,available,,not_measured,managed,29.8175,0.833729,close
a / scalar (float32),Arithmetic,float32,1000,,0.0007,0.0024,available,,not_measured,managed,0.0024,0.291667,negligible
a / scalar (float32),Arithmetic,float32,100000,,0.0131,0.0703,available,,not_measured,managed,0.0703,0.186344,much_slower
a / scalar (float32),Arithmetic,float32,10000000,,12.7737,8.2356,available,,not_measured,managed,8.2356,1.551035,faster
a / scalar (float64),Arithmetic,float64,1000,,0.0011,0.003,available,,not_measured,managed,0.003,0.366667,slower
a / scalar (float64),Arithmetic,float64,100000,,0.0418,0.2052,available,,not_measured,managed,0.2052,0.203704,much_slower
a / scalar (float64),Arithmetic,float64,10000000,,42.3428,24.6504,available,,not_measured,managed,24.6504,1.717733,faster
a / scalar (int32),Arithmetic,int32,1000,,0.0018,0.0052,available,,not_measured,managed,0.0052,0.346154,slower
a / scalar (int32),Arithmetic,int32,100000,,0.0666,0.2101,available,,not_measured,managed,0.2101,0.316992,much_slower
a / scalar (int32),Arithmetic,int32,10000000,,16.7992,24.4953,available,,not_measured,managed,24.4953,0.685813,slower
a / scalar (int64),Arithmetic,int64,1000,,0.0016,0.0049,available,,not_measured,managed,0.0049,0.326531,much_slower
a / scalar (int64),Arithmetic,int64,100000,,0.065,0.2088,available,,not_measured,managed,0.2088,0.311303,much_slower
a / scalar (int64),Arithmetic,int64,10000000,,18.5044,26.4072,available,,not_measured,managed,26.4072,0.700733,slower
"np.add(a, b) (complex128)",Arithmetic,complex128,1000,,0.001,0.0032,available,,not_measured,managed,0.0032,0.3125,much_slower
"np.add(a, b) (complex128)",Arithmetic,complex128,100000,,0.3807,0.3802,available,,not_measured,managed,0.3802,1.001315,close
"np.add(a, b) (complex128)",Arithmetic,complex128,10000000,,66.0706,62.6251,available,,not_measured,managed,62.6251,1.055018,faster
"np.add(a, b) (float16)",Arithmetic,float16,1000,,0.0063,0.0101,available,,not_measured,managed,0.0101,0.623762,slower
"np.add(a, b) (float16)",Arithmetic,float16,100000,,0.2957,0.9251,available,,not_measured,managed,0.9251,0.319641,much_slower
"np.add(a, b) (float16)",Arithmetic,float16,10000000,,89.135,96.8722,available,,not_measured,managed,96.8722,0.92013,close
"np.add(a, b) (float32)",Arithmetic,float32,1000,,0.0006,0.002,available,,not_measured,managed,0.002,0.3,negligible
"np.add(a, b) (float32)",Arithmetic,float32,100000,,0.0079,0.0545,available,,not_measured,managed,0.0545,0.144954,much_slower
"np.add(a, b) (float32)",Arithmetic,float32,10000000,,17.5009,12.1086,available,,not_measured,managed,12.1086,1.445328,faster
"np.add(a, b) (float64)",Arithmetic,float64,1000,,0.0005,0.0019,available,,not_measured,managed,0.0019,0.263158,negligible
"np.add(a, b) (float64)",Arithmetic,float64,100000,,0.0318,0.1105,available,,not_measured,managed,0.1105,0.287783,much_slower
"np.add(a, b) (float64)",Arithmetic,float64,10000000,,32.1681,28.3575,available,,not_measured,managed,28.3575,1.134377,faster
"np.add(a, b) (int16)",Arithmetic,int16,1000,,0.0008,0.002,available,,not_measured,managed,0.002,0.4,negligible
"np.add(a, b) (int16)",Arithmetic,int16,100000,,0.0309,0.039,available,,not_measured,managed,0.039,0.792308,slower
"np.add(a, b) (int16)",Arithmetic,int16,10000000,,5.3886,6.3066,available,,not_measured,managed,6.3066,0.854438,close
"np.add(a, b) (int32)",Arithmetic,int32,1000,,0.0008,0.0012,available,,not_measured,managed,0.0012,0.666667,negligible
"np.add(a, b) (int32)",Arithmetic,int32,100000,,0.0355,0.0629,available,,not_measured,managed,0.0629,0.564388,slower
"np.add(a, b) (int32)",Arithmetic,int32,10000000,,9.8258,11.7717,available,,not_measured,managed,11.7717,0.834697,close
"np.add(a, b) (int64)",Arithmetic,int64,1000,,0.0008,0.0011,available,,not_measured,managed,0.0011,0.727273,negligible
"np.add(a, b) (int64)",Arithmetic,int64,100000,,0.035,0.114,available,,not_measured,managed,0.114,0.307018,much_slower
"np.add(a, b) (int64)",Arithmetic,int64,10000000,,21.5855,33.0584,available,,not_measured,managed,33.0584,0.652951,slower
"np.add(a, b) (int8)",Arithmetic,int8,1000,,0.0007,0.0012,available,,not_measured,managed,0.0012,0.583333,negligible
"np.add(a, b) (int8)",Arithmetic,int8,100000,,0.0307,0.019,available,,not_measured,managed,0.019,1.615789,faster
"np.add(a, b) (int8)",Arithmetic,int8,10000000,,4.0253,3.1147,available,,not_measured,managed,3.1147,1.292356,faster
"np.add(a, b) (uint16)",Arithmetic,uint16,1000,,0.0008,0.0009,available,,not_measured,managed,0.0009,0.888889,negligible
"np.add(a, b) (uint16)",Arithmetic,uint16,100000,,0.0327,0.0343,available,,not_measured,managed,0.0343,0.953353,close
"np.add(a, b) (uint16)",Arithmetic,uint16,10000000,,5.8414,6.2812,available,,not_measured,managed,6.2812,0.929982,close
"np.add(a, b) (uint32)",Arithmetic,uint32,1000,,0.0008,0.0023,available,,not_measured,managed,0.0023,0.347826,negligible
"np.add(a, b) (uint32)",Arithmetic,uint32,100000,,0.0355,0.059,available,,not_measured,managed,0.059,0.601695,slower
"np.add(a, b) (uint32)",Arithmetic,uint32,10000000,,11.5325,12.1761,available,,not_measured,managed,12.1761,0.947142,close
"np.add(a, b) (uint64)",Arithmetic,uint64,1000,,0.0008,0.0021,available,,not_measured,managed,0.0021,0.380952,negligible
"np.add(a, b) (uint64)",Arithmetic,uint64,100000,,0.0457,0.1189,available,,not_measured,managed,0.1189,0.384357,slower
"np.add(a, b) (uint64)",Arithmetic,uint64,10000000,,18.081,28.5135,available,,not_measured,managed,28.5135,0.634121,slower
"np.add(a, b) (uint8)",Arithmetic,uint8,1000,,0.0007,0.0022,available,,not_measured,managed,0.0022,0.318182,negligible
"np.add(a, b) (uint8)",Arithmetic,uint8,100000,,0.0299,0.0189,available,,not_measured,managed,0.0189,1.582011,faster
"np.add(a, b) (uint8)",Arithmetic,uint8,10000000,,4.2443,2.8119,available,,not_measured,managed,2.8119,1.509406,faster
"np.divide(a, b) (float32)",Arithmetic,float32,1000,,0.0005,0.0011,available,,not_measured,managed,0.0011,0.454545,negligible
"np.divide(a, b) (float32)",Arithmetic,float32,100000,,0.013,0.0755,available,,not_measured,managed,0.0755,0.172185,much_slower
"np.divide(a, b) (float32)",Arithmetic,float32,10000000,,16.7544,11.5676,available,,not_measured,managed,11.5676,1.44839,faster
"np.divide(a, b) (float64)",Arithmetic,float64,1000,,0.0008,0.0039,available,,not_measured,managed,0.0039,0.205128,negligible
"np.divide(a, b) (float64)",Arithmetic,float64,100000,,0.0446,0.2078,available,,not_measured,managed,0.2078,0.214629,much_slower
"np.divide(a, b) (float64)",Arithmetic,float64,10000000,,36.4245,27.7701,available,,not_measured,managed,27.7701,1.311645,faster
"np.divide(a, b) (int32)",Arithmetic,int32,1000,,0.0019,0.0017,available,,not_measured,managed,0.0017,1.117647,faster
"np.divide(a, b) (int32)",Arithmetic,int32,100000,,0.0881,0.2185,available,,not_measured,managed,0.2185,0.403204,slower
"np.divide(a, b) (int32)",Arithmetic,int32,10000000,,20.4872,26.0952,available,,not_measured,managed,26.0952,0.785095,slower
"np.divide(a, b) (int64)",Arithmetic,int64,1000,,0.0021,0.0017,available,,not_measured,managed,0.0017,1.235294,faster
"np.divide(a, b) (int64)",Arithmetic,int64,100000,,0.0801,0.2101,available,,not_measured,managed,0.2101,0.381247,slower
"np.divide(a, b) (int64)",Arithmetic,int64,10000000,,24.1442,30.85,available,,not_measured,managed,30.85,0.782632,slower
"np.floor_divide(a, b) (float32)",Arithmetic,float32,1000,,0.0115,0.0063,available,,not_measured,managed,0.0063,1.825397,faster
"np.floor_divide(a, b) (float32)",Arithmetic,float32,100000,,1.5331,1.6499,available,,not_measured,managed,1.6499,0.929208,close
"np.floor_divide(a, b) (float32)",Arithmetic,float32,10000000,,232.2149,164.6854,available,,not_measured,managed,164.6854,1.410052,faster
"np.floor_divide(a, b) (float64)",Arithmetic,float64,1000,,0.0094,0.0108,available,,not_measured,managed,0.0108,0.87037,close
"np.floor_divide(a, b) (float64)",Arithmetic,float64,100000,,1.3335,1.5334,available,,not_measured,managed,1.5334,0.869636,close
"np.floor_divide(a, b) (float64)",Arithmetic,float64,10000000,,227.2573,157.1928,available,,not_measured,managed,157.1928,1.445723,faster
"np.floor_divide(a, b) (int32)",Arithmetic,int32,1000,,0.0018,0.0025,available,,not_measured,managed,0.0025,0.72,slower
"np.floor_divide(a, b) (int32)",Arithmetic,int32,100000,,0.3893,0.676,available,,not_measured,managed,0.676,0.575888,slower
"np.floor_divide(a, b) (int32)",Arithmetic,int32,10000000,,42.3889,62.6822,available,,not_measured,managed,62.6822,0.676251,slower
"np.floor_divide(a, b) (int64)",Arithmetic,int64,1000,,0.0023,0.0029,available,,not_measured,managed,0.0029,0.793103,slower
"np.floor_divide(a, b) (int64)",Arithmetic,int64,100000,,0.38,0.6799,available,,not_measured,managed,0.6799,0.558906,slower
"np.floor_divide(a, b) (int64)",Arithmetic,int64,10000000,,47.3096,71.0474,available,,not_measured,managed,71.0474,0.665888,slower
"np.mod(a, b) (float32)",Arithmetic,float32,1000,,0.0117,0.0124,available,,not_measured,managed,0.0124,0.943548,close
"np.mod(a, b) (float32)",Arithmetic,float32,100000,,1.555,1.6041,available,,not_measured,managed,1.6041,0.969391,close
"np.mod(a, b) (float32)",Arithmetic,float32,10000000,,238.2309,162.9179,available,,not_measured,managed,162.9179,1.462276,faster
"np.mod(a, b) (float64)",Arithmetic,float64,1000,,0.0108,0.0103,available,,not_measured,managed,0.0103,1.048544,close
"np.mod(a, b) (float64)",Arithmetic,float64,100000,,1.3781,1.456,available,,not_measured,managed,1.456,0.946497,close
"np.mod(a, b) (float64)",Arithmetic,float64,10000000,,226.254,155.2454,available,,not_measured,managed,155.2454,1.457396,faster
"np.mod(a, b) (int32)",Arithmetic,int32,1000,,0.002,0.0025,available,,not_measured,managed,0.0025,0.8,close
"np.mod(a, b) (int32)",Arithmetic,int32,100000,,0.375,0.6048,available,,not_measured,managed,0.6048,0.62004,slower
"np.mod(a, b) (int32)",Arithmetic,int32,10000000,,42.1782,61.1395,available,,not_measured,managed,61.1395,0.689868,slower
"np.mod(a, b) (int64)",Arithmetic,int64,1000,,0.0034,0.003,available,,not_measured,managed,0.003,1.133333,faster
"np.mod(a, b) (int64)",Arithmetic,int64,100000,,0.3879,0.6172,available,,not_measured,managed,0.6172,0.628483,slower
"np.mod(a, b) (int64)",Arithmetic,int64,10000000,,47.8819,69.7648,available,,not_measured,managed,69.7648,0.686333,slower
"np.multiply(a, b) (complex128)",Arithmetic,complex128,1000,,0.0009,0.0033,available,,not_measured,managed,0.0033,0.272727,negligible
"np.multiply(a, b) (complex128)",Arithmetic,complex128,100000,,0.375,0.4642,available,,not_measured,managed,0.4642,0.807841,close
"np.multiply(a, b) (complex128)",Arithmetic,complex128,10000000,,67.4104,57.1746,available,,not_measured,managed,57.1746,1.179027,faster
"np.multiply(a, b) (float16)",Arithmetic,float16,1000,,0.0032,0.01,available,,not_measured,managed,0.01,0.32,much_slower
"np.multiply(a, b) (float16)",Arithmetic,float16,100000,,0.2987,0.926,available,,not_measured,managed,0.926,0.32257,much_slower
"np.multiply(a, b) (float16)",Arithmetic,float16,10000000,,73.7379,92.2221,available,,not_measured,managed,92.2221,0.799569,slower
"np.multiply(a, b) (float32)",Arithmetic,float32,1000,,0.0005,0.0023,available,,not_measured,managed,0.0023,0.217391,negligible
"np.multiply(a, b) (float32)",Arithmetic,float32,100000,,0.0101,0.0624,available,,not_measured,managed,0.0624,0.161859,much_slower
"np.multiply(a, b) (float32)",Arithmetic,float32,10000000,,19.1513,11.189,available,,not_measured,managed,11.189,1.711619,faster
"np.multiply(a, b) (float64)",Arithmetic,float64,1000,,0.0005,0.0026,available,,not_measured,managed,0.0026,0.192308,negligible
"np.multiply(a, b) (float64)",Arithmetic,float64,100000,,0.0319,0.1107,available,,not_measured,managed,0.1107,0.288166,much_slower
"np.multiply(a, b) (float64)",Arithmetic,float64,10000000,,33.3014,27.4395,available,,not_measured,managed,27.4395,1.21363,faster
"np.multiply(a, b) (int16)",Arithmetic,int16,1000,,0.0008,0.0013,available,,not_measured,managed,0.0013,0.615385,negligible
"np.multiply(a, b) (int16)",Arithmetic,int16,100000,,0.0317,0.0268,available,,not_measured,managed,0.0268,1.182836,faster
"np.multiply(a, b) (int16)",Arithmetic,int16,10000000,,5.0403,6.8326,available,,not_measured,managed,6.8326,0.737684,slower
"np.multiply(a, b) (int32)",Arithmetic,int32,1000,,0.0008,0.0016,available,,not_measured,managed,0.0016,0.5,negligible
"np.multiply(a, b) (int32)",Arithmetic,int32,100000,,0.0313,0.0508,available,,not_measured,managed,0.0508,0.616142,slower
"np.multiply(a, b) (int32)",Arithmetic,int32,10000000,,9.7758,11.998,available,,not_measured,managed,11.998,0.814786,close
"np.multiply(a, b) (int64)",Arithmetic,int64,1000,,0.0008,0.0019,available,,not_measured,managed,0.0019,0.421053,negligible
"np.multiply(a, b) (int64)",Arithmetic,int64,100000,,0.0354,0.1148,available,,not_measured,managed,0.1148,0.308362,much_slower
"np.multiply(a, b) (int64)",Arithmetic,int64,10000000,,16.8675,30.4784,available,,not_measured,managed,30.4784,0.553425,slower
"np.multiply(a, b) (int8)",Arithmetic,int8,1000,,0.0007,0.0009,available,,not_measured,managed,0.0009,0.777778,negligible
"np.multiply(a, b) (int8)",Arithmetic,int8,100000,,0.0301,0.0162,available,,not_measured,managed,0.0162,1.858025,faster
"np.multiply(a, b) (int8)",Arithmetic,int8,10000000,,3.7872,3.4538,available,,not_measured,managed,3.4538,1.096531,faster
"np.multiply(a, b) (uint16)",Arithmetic,uint16,1000,,0.0008,0.0013,available,,not_measured,managed,0.0013,0.615385,negligible
"np.multiply(a, b) (uint16)",Arithmetic,uint16,100000,,0.03,0.0261,available,,not_measured,managed,0.0261,1.149425,faster
"np.multiply(a, b) (uint16)",Arithmetic,uint16,10000000,,5.1101,6.3619,available,,not_measured,managed,6.3619,0.803235,close
"np.multiply(a, b) (uint32)",Arithmetic,uint32,1000,,0.0008,0.0016,available,,not_measured,managed,0.0016,0.5,negligible
"np.multiply(a, b) (uint32)",Arithmetic,uint32,100000,,0.0338,0.0506,available,,not_measured,managed,0.0506,0.667984,slower
"np.multiply(a, b) (uint32)",Arithmetic,uint32,10000000,,8.9942,11.1765,available,,not_measured,managed,11.1765,0.804742,close
"np.multiply(a, b) (uint64)",Arithmetic,uint64,1000,,0.0008,0.0019,available,,not_measured,managed,0.0019,0.421053,negligible
"np.multiply(a, b) (uint64)",Arithmetic,uint64,100000,,0.0352,0.1162,available,,not_measured,managed,0.1162,0.302926,much_slower
"np.multiply(a, b) (uint64)",Arithmetic,uint64,10000000,,46.6315,28.0677,available,,not_measured,managed,28.0677,1.661394,faster
"np.multiply(a, b) (uint8)",Arithmetic,uint8,1000,,0.0007,0.0024,available,,not_measured,managed,0.0024,0.291667,negligible
"np.multiply(a, b) (uint8)",Arithmetic,uint8,100000,,0.0286,0.0167,available,,not_measured,managed,0.0167,1.712575,faster
"np.multiply(a, b) (uint8)",Arithmetic,uint8,10000000,,4.8372,3.3911,available,,not_measured,managed,3.3911,1.42644,faster
"np.subtract(a, b) (complex128)",Arithmetic,complex128,1000,,0.0008,0.0035,available,,not_measured,managed,0.0035,0.228571,negligible
"np.subtract(a, b) (complex128)",Arithmetic,complex128,100000,,0.3921,0.36,available,,not_measured,managed,0.36,1.089167,faster
"np.subtract(a, b) (complex128)",Arithmetic,complex128,10000000,,73.0089,66.0251,available,,not_measured,managed,66.0251,1.105775,faster
"np.subtract(a, b) (float16)",Arithmetic,float16,1000,,0.0043,0.0101,available,,not_measured,managed,0.0101,0.425743,slower
"np.subtract(a, b) (float16)",Arithmetic,float16,100000,,0.3041,0.9495,available,,not_measured,managed,0.9495,0.320274,much_slower
"np.subtract(a, b) (float16)",Arithmetic,float16,10000000,,77.3059,96.7641,available,,not_measured,managed,96.7641,0.798911,slower
"np.subtract(a, b) (float32)",Arithmetic,float32,1000,,0.0005,0.0015,available,,not_measured,managed,0.0015,0.333333,negligible
"np.subtract(a, b) (float32)",Arithmetic,float32,100000,,0.0077,0.0513,available,,not_measured,managed,0.0513,0.150097,much_slower
"np.subtract(a, b) (float32)",Arithmetic,float32,10000000,,16.9068,11.4268,available,,not_measured,managed,11.4268,1.479574,faster
"np.subtract(a, b) (float64)",Arithmetic,float64,1000,,0.0005,0.0018,available,,not_measured,managed,0.0018,0.277778,negligible
"np.subtract(a, b) (float64)",Arithmetic,float64,100000,,0.0312,0.111,available,,not_measured,managed,0.111,0.281081,much_slower
"np.subtract(a, b) (float64)",Arithmetic,float64,10000000,,33.781,26.0326,available,,not_measured,managed,26.0326,1.297642,faster
"np.subtract(a, b) (int16)",Arithmetic,int16,1000,,0.0009,0.0023,available,,not_measured,managed,0.0023,0.391304,negligible
"np.subtract(a, b) (int16)",Arithmetic,int16,100000,,0.0323,0.0275,available,,not_measured,managed,0.0275,1.174545,faster
"np.subtract(a, b) (int16)",Arithmetic,int16,10000000,,5.2524,6.9187,available,,not_measured,managed,6.9187,0.75916,slower
"np.subtract(a, b) (int32)",Arithmetic,int32,1000,,0.0008,0.0015,available,,not_measured,managed,0.0015,0.533333,negligible
"np.subtract(a, b) (int32)",Arithmetic,int32,100000,,0.0315,0.0512,available,,not_measured,managed,0.0512,0.615234,slower
"np.subtract(a, b) (int32)",Arithmetic,int32,10000000,,9.0469,11.6797,available,,not_measured,managed,11.6797,0.774583,slower
"np.subtract(a, b) (int64)",Arithmetic,int64,1000,,0.0008,0.0019,available,,not_measured,managed,0.0019,0.421053,negligible
"np.subtract(a, b) (int64)",Arithmetic,int64,100000,,0.0377,0.105,available,,not_measured,managed,0.105,0.359048,slower
"np.subtract(a, b) (int64)",Arithmetic,int64,10000000,,17.735,27.6089,available,,not_measured,managed,27.6089,0.642365,slower
"np.subtract(a, b) (int8)",Arithmetic,int8,1000,,0.0007,0.0018,available,,not_measured,managed,0.0018,0.388889,negligible
"np.subtract(a, b) (int8)",Arithmetic,int8,100000,,0.0296,0.0148,available,,not_measured,managed,0.0148,2.0,faster
"np.subtract(a, b) (int8)",Arithmetic,int8,10000000,,3.9474,3.0308,available,,not_measured,managed,3.0308,1.302428,faster
"np.subtract(a, b) (uint16)",Arithmetic,uint16,1000,,0.0008,0.002,available,,not_measured,managed,0.002,0.4,negligible
"np.subtract(a, b) (uint16)",Arithmetic,uint16,100000,,0.035,0.0288,available,,not_measured,managed,0.0288,1.215278,faster
"np.subtract(a, b) (uint16)",Arithmetic,uint16,10000000,,5.3766,6.6545,available,,not_measured,managed,6.6545,0.807965,close
"np.subtract(a, b) (uint32)",Arithmetic,uint32,1000,,0.0008,0.0018,available,,not_measured,managed,0.0018,0.444444,negligible
"np.subtract(a, b) (uint32)",Arithmetic,uint32,100000,,0.0318,0.0514,available,,not_measured,managed,0.0514,0.618677,slower
"np.subtract(a, b) (uint32)",Arithmetic,uint32,10000000,,8.867,11.3774,available,,not_measured,managed,11.3774,0.779352,slower
"np.subtract(a, b) (uint64)",Arithmetic,uint64,1000,,0.0008,0.0018,available,,not_measured,managed,0.0018,0.444444,negligible
"np.subtract(a, b) (uint64)",Arithmetic,uint64,100000,,0.0359,0.1094,available,,not_measured,managed,0.1094,0.328154,much_slower
"np.subtract(a, b) (uint64)",Arithmetic,uint64,10000000,,38.09,26.5571,available,,not_measured,managed,26.5571,1.434268,faster
"np.subtract(a, b) (uint8)",Arithmetic,uint8,1000,,0.0007,0.0022,available,,not_measured,managed,0.0022,0.318182,negligible
"np.subtract(a, b) (uint8)",Arithmetic,uint8,100000,,0.0304,0.0156,available,,not_measured,managed,0.0156,1.948718,faster
"np.subtract(a, b) (uint8)",Arithmetic,uint8,10000000,,4.8547,3.5428,available,,not_measured,managed,3.5428,1.3703,faster
"np.true_divide(a, b) (float32)",Arithmetic,float32,1000,,0.0005,0.001,available,,not_measured,managed,0.001,0.5,negligible
"np.true_divide(a, b) (float32)",Arithmetic,float32,100000,,0.013,0.0698,available,,not_measured,managed,0.0698,0.186246,much_slower
"np.true_divide(a, b) (float32)",Arithmetic,float32,10000000,,17.0928,11.8506,available,,not_measured,managed,11.8506,1.442357,faster
"np.true_divide(a, b) (float64)",Arithmetic,float64,1000,,0.0008,0.003,available,,not_measured,managed,0.003,0.266667,negligible
"np.true_divide(a, b) (float64)",Arithmetic,float64,100000,,0.0402,0.2094,available,,not_measured,managed,0.2094,0.191977,much_slower
"np.true_divide(a, b) (float64)",Arithmetic,float64,10000000,,32.8582,29.9997,available,,not_measured,managed,29.9997,1.095284,faster
"np.true_divide(a, b) (int32)",Arithmetic,int32,1000,,0.0019,0.0032,available,,not_measured,managed,0.0032,0.59375,slower
"np.true_divide(a, b) (int32)",Arithmetic,int32,100000,,0.0856,0.2198,available,,not_measured,managed,0.2198,0.389445,slower
"np.true_divide(a, b) (int32)",Arithmetic,int32,10000000,,20.744,27.9825,available,,not_measured,managed,27.9825,0.74132,slower
"np.true_divide(a, b) (int64)",Arithmetic,int64,1000,,0.002,0.0029,available,,not_measured,managed,0.0029,0.689655,slower
"np.true_divide(a, b) (int64)",Arithmetic,int64,100000,,0.0812,0.2145,available,,not_measured,managed,0.2145,0.378555,slower
"np.true_divide(a, b) (int64)",Arithmetic,int64,10000000,,23.6634,30.6698,available,,not_measured,managed,30.6698,0.771554,slower
scalar - a (complex128),Arithmetic,complex128,1000,,0.0009,0.0031,available,,not_measured,managed,0.0031,0.290323,negligible
scalar - a (complex128),Arithmetic,complex128,100000,,0.3738,0.2829,available,,not_measured,managed,0.2829,1.321315,faster
scalar - a (complex128),Arithmetic,complex128,10000000,,50.5308,25.0545,available,,not_measured,managed,25.0545,2.016835,faster
scalar - a (float16),Arithmetic,float16,1000,,0.0051,0.0102,available,,not_measured,managed,0.0102,0.5,slower
scalar - a (float16),Arithmetic,float16,100000,,0.2945,0.9139,available,,not_measured,managed,0.9139,0.322245,much_slower
scalar - a (float16),Arithmetic,float16,10000000,,73.43,47.7781,available,,not_measured,managed,47.7781,1.536897,faster
scalar - a (float32),Arithmetic,float32,1000,,0.0006,0.0018,available,,not_measured,managed,0.0018,0.333333,negligible
scalar - a (float32),Arithmetic,float32,100000,,0.0073,0.0513,available,,not_measured,managed,0.0513,0.1423,much_slower
scalar - a (float32),Arithmetic,float32,10000000,,14.2227,5.5919,available,,not_measured,managed,5.5919,2.543447,faster
scalar - a (float64),Arithmetic,float64,1000,,0.0006,0.0026,available,,not_measured,managed,0.0026,0.230769,negligible
scalar - a (float64),Arithmetic,float64,100000,,0.0132,0.1142,available,,not_measured,managed,0.1142,0.115587,much_slower
scalar - a (float64),Arithmetic,float64,10000000,,26.7783,15.1896,available,,not_measured,managed,15.1896,1.762936,faster
scalar - a (int16),Arithmetic,int16,1000,,0.001,0.0014,available,,not_measured,managed,0.0014,0.714286,slower
scalar - a (int16),Arithmetic,int16,100000,,0.0262,0.0274,available,,not_measured,managed,0.0274,0.956204,close
scalar - a (int16),Arithmetic,int16,10000000,,4.6649,3.1127,available,,not_measured,managed,3.1127,1.498667,faster
scalar - a (int32),Arithmetic,int32,1000,,0.001,0.0017,available,,not_measured,managed,0.0017,0.588235,slower
scalar - a (int32),Arithmetic,int32,100000,,0.0277,0.0566,available,,not_measured,managed,0.0566,0.489399,slower
scalar - a (int32),Arithmetic,int32,10000000,,10.6886,8.9213,available,,not_measured,managed,8.9213,1.198099,faster
scalar - a (int64),Arithmetic,int64,1000,,0.0009,0.0018,available,,not_measured,managed,0.0018,0.5,negligible
scalar - a (int64),Arithmetic,int64,100000,,0.0256,0.1089,available,,not_measured,managed,0.1089,0.235078,much_slower
scalar - a (int64),Arithmetic,int64,10000000,,15.1561,14.5704,available,,not_measured,managed,14.5704,1.040198,close
scalar - a (int8),Arithmetic,int8,1000,,0.0008,0.0009,available,,not_measured,managed,0.0009,0.888889,negligible
scalar - a (int8),Arithmetic,int8,100000,,0.0246,0.0147,available,,not_measured,managed,0.0147,1.673469,faster
scalar - a (int8),Arithmetic,int8,10000000,,3.6316,1.538,available,,not_measured,managed,1.538,2.361248,faster
scalar - a (uint16),Arithmetic,uint16,1000,,0.001,0.0024,available,,not_measured,managed,0.0024,0.416667,slower
scalar - a (uint16),Arithmetic,uint16,100000,,0.0266,0.0275,available,,not_measured,managed,0.0275,0.967273,close
scalar - a (uint16),Arithmetic,uint16,10000000,,4.6588,3.1298,available,,not_measured,managed,3.1298,1.48853,faster
scalar - a (uint32),Arithmetic,uint32,1000,,0.0009,0.002,available,,not_measured,managed,0.002,0.45,negligible
scalar - a (uint32),Arithmetic,uint32,100000,,0.0248,0.0513,available,,not_measured,managed,0.0513,0.483431,slower
scalar - a (uint32),Arithmetic,uint32,10000000,,7.9809,5.4999,available,,not_measured,managed,5.4999,1.451099,faster
scalar - a (uint64),Arithmetic,uint64,1000,,0.0009,0.0018,available,,not_measured,managed,0.0018,0.5,negligible
scalar - a (uint64),Arithmetic,uint64,100000,,0.0259,0.1028,available,,not_measured,managed,0.1028,0.251946,much_slower
scalar - a (uint64),Arithmetic,uint64,10000000,,36.8336,14.2218,available,,not_measured,managed,14.2218,2.589939,faster
scalar - a (uint8),Arithmetic,uint8,1000,,0.0008,0.0009,available,,not_measured,managed,0.0009,0.888889,negligible
scalar - a (uint8),Arithmetic,uint8,100000,,0.0247,0.0151,available,,not_measured,managed,0.0151,1.635762,faster
scalar - a (uint8),Arithmetic,uint8,10000000,,3.9442,1.377,available,,not_measured,managed,1.377,2.864343,faster
scalar / a (float32),Arithmetic,float32,1000,,0.0007,0.002,available,,not_measured,managed,0.002,0.35,negligible
scalar / a (float32),Arithmetic,float32,100000,,0.0132,0.0679,available,,not_measured,managed,0.0679,0.194404,much_slower
scalar / a (float32),Arithmetic,float32,10000000,,13.0052,9.4193,available,,not_measured,managed,9.4193,1.380697,faster
scalar / a (float64),Arithmetic,float64,1000,,0.001,0.0029,available,,not_measured,managed,0.0029,0.344828,slower
scalar / a (float64),Arithmetic,float64,100000,,0.041,0.2059,available,,not_measured,managed,0.2059,0.199126,much_slower
scalar / a (float64),Arithmetic,float64,10000000,,42.7753,24.7051,available,,not_measured,managed,24.7051,1.731436,faster
scalar / a (int32),Arithmetic,int32,1000,,0.0018,0.0055,available,,not_measured,managed,0.0055,0.327273,much_slower
scalar / a (int32),Arithmetic,int32,100000,,0.0648,0.2072,available,,not_measured,managed,0.2072,0.312741,much_slower
scalar / a (int32),Arithmetic,int32,10000000,,16.6847,24.9825,available,,not_measured,managed,24.9825,0.667855,slower
scalar / a (int64),Arithmetic,int64,1000,,0.0017,0.0048,available,,not_measured,managed,0.0048,0.354167,slower
scalar / a (int64),Arithmetic,int64,100000,,0.0681,0.2168,available,,not_measured,managed,0.2168,0.314114,much_slower
scalar / a (int64),Arithmetic,int64,10000000,,18.5048,26.9115,available,,not_measured,managed,26.9115,0.687617,slower
a & b (bool),Bitwise,bool,1000,,0.0004,0.0021,available,,not_measured,managed,0.0021,0.190476,negligible
a & b (bool),Bitwise,bool,100000,,0.0035,0.0563,available,,not_measured,managed,0.0563,0.062167,much_slower
a & b (bool),Bitwise,bool,10000000,,2.1932,5.9482,available,,not_measured,managed,5.9482,0.368717,slower
a & b (int16),Bitwise,int16,1000,,0.0008,0.0018,available,,not_measured,managed,0.0018,0.444444,negligible
a & b (int16),Bitwise,int16,100000,,0.031,0.0326,available,,not_measured,managed,0.0326,0.95092,close
a & b (int16),Bitwise,int16,10000000,,9.2715,6.548,available,,not_measured,managed,6.548,1.415929,faster
a & b (int32),Bitwise,int32,1000,,0.0009,0.0022,available,,not_measured,managed,0.0022,0.409091,negligible
a & b (int32),Bitwise,int32,100000,,0.0293,0.0584,available,,not_measured,managed,0.0584,0.501712,slower
a & b (int32),Bitwise,int32,10000000,,16.9701,12.6206,available,,not_measured,managed,12.6206,1.344635,faster
a & b (int64),Bitwise,int64,1000,,0.0008,0.0036,available,,not_measured,managed,0.0036,0.222222,negligible
a & b (int64),Bitwise,int64,100000,,0.0363,0.1175,available,,not_measured,managed,0.1175,0.308936,much_slower
a & b (int64),Bitwise,int64,10000000,,33.8075,31.4366,available,,not_measured,managed,31.4366,1.075418,faster
a & b (int8),Bitwise,int8,1000,,0.0006,0.0016,available,,not_measured,managed,0.0016,0.375,negligible
a & b (int8),Bitwise,int8,100000,,0.0301,0.0173,available,,not_measured,managed,0.0173,1.739884,faster
a & b (int8),Bitwise,int8,10000000,,6.2865,3.3982,available,,not_measured,managed,3.3982,1.84995,faster
a & b (uint16),Bitwise,uint16,1000,,0.0008,0.0019,available,,not_measured,managed,0.0019,0.421053,negligible
a & b (uint16),Bitwise,uint16,100000,,0.0295,0.027,available,,not_measured,managed,0.027,1.092593,faster
a & b (uint16),Bitwise,uint16,10000000,,9.9189,7.1208,available,,not_measured,managed,7.1208,1.392947,faster
a & b (uint32),Bitwise,uint32,1000,,0.0009,0.0023,available,,not_measured,managed,0.0023,0.391304,negligible
a & b (uint32),Bitwise,uint32,100000,,0.0297,0.0535,available,,not_measured,managed,0.0535,0.55514,slower
a & b (uint32),Bitwise,uint32,10000000,,17.6456,13.1233,available,,not_measured,managed,13.1233,1.344601,faster
a & b (uint64),Bitwise,uint64,1000,,0.0008,0.003,available,,not_measured,managed,0.003,0.266667,negligible
a & b (uint64),Bitwise,uint64,100000,,0.041,0.1048,available,,not_measured,managed,0.1048,0.391221,slower
a & b (uint64),Bitwise,uint64,10000000,,34.5959,27.6571,available,,not_measured,managed,27.6571,1.250887,faster
a & b (uint8),Bitwise,uint8,1000,,0.0007,0.0024,available,,not_measured,managed,0.0024,0.291667,negligible
a & b (uint8),Bitwise,uint8,100000,,0.0295,0.0155,available,,not_measured,managed,0.0155,1.903226,faster
a & b (uint8),Bitwise,uint8,10000000,,7.0088,3.1778,available,,not_measured,managed,3.1778,2.205551,faster
a ^ b (bool),Bitwise,bool,1000,,0.0004,0.002,available,,not_measured,managed,0.002,0.2,negligible
a ^ b (bool),Bitwise,bool,100000,,0.0031,0.0556,available,,not_measured,managed,0.0556,0.055755,much_slower
a ^ b (bool),Bitwise,bool,10000000,,2.3079,5.4316,available,,not_measured,managed,5.4316,0.424902,slower
a ^ b (int16),Bitwise,int16,1000,,0.0008,0.0021,available,,not_measured,managed,0.0021,0.380952,negligible
a ^ b (int16),Bitwise,int16,100000,,0.0301,0.0278,available,,not_measured,managed,0.0278,1.082734,faster
a ^ b (int16),Bitwise,int16,10000000,,9.129,7.1747,available,,not_measured,managed,7.1747,1.272388,faster
a ^ b (int32),Bitwise,int32,1000,,0.0008,0.0022,available,,not_measured,managed,0.0022,0.363636,negligible
a ^ b (int32),Bitwise,int32,100000,,0.0302,0.0605,available,,not_measured,managed,0.0605,0.499174,slower
a ^ b (int32),Bitwise,int32,10000000,,17.0663,12.4006,available,,not_measured,managed,12.4006,1.376248,faster
a ^ b (int64),Bitwise,int64,1000,,0.0008,0.003,available,,not_measured,managed,0.003,0.266667,negligible
a ^ b (int64),Bitwise,int64,100000,,0.0349,0.1267,available,,not_measured,managed,0.1267,0.275454,much_slower
a ^ b (int64),Bitwise,int64,10000000,,33.3581,27.32,available,,not_measured,managed,27.32,1.221014,faster
a ^ b (int8),Bitwise,int8,1000,,0.0007,0.0012,available,,not_measured,managed,0.0012,0.583333,negligible
a ^ b (int8),Bitwise,int8,100000,,0.0299,0.0154,available,,not_measured,managed,0.0154,1.941558,faster
a ^ b (int8),Bitwise,int8,10000000,,6.5222,3.4846,available,,not_measured,managed,3.4846,1.871721,faster
a ^ b (uint16),Bitwise,uint16,1000,,0.0008,0.0016,available,,not_measured,managed,0.0016,0.5,negligible
a ^ b (uint16),Bitwise,uint16,100000,,0.0294,0.028,available,,not_measured,managed,0.028,1.05,faster
a ^ b (uint16),Bitwise,uint16,10000000,,9.0639,6.0472,available,,not_measured,managed,6.0472,1.498859,faster
a ^ b (uint32),Bitwise,uint32,1000,,0.0008,0.002,available,,not_measured,managed,0.002,0.4,negligible
a ^ b (uint32),Bitwise,uint32,100000,,0.03,0.0567,available,,not_measured,managed,0.0567,0.529101,slower
a ^ b (uint32),Bitwise,uint32,10000000,,18.1006,12.5158,available,,not_measured,managed,12.5158,1.44622,faster
a ^ b (uint64),Bitwise,uint64,1000,,0.0008,0.0024,available,,not_measured,managed,0.0024,0.333333,negligible
a ^ b (uint64),Bitwise,uint64,100000,,0.0359,0.1041,available,,not_measured,managed,0.1041,0.344861,slower
a ^ b (uint64),Bitwise,uint64,10000000,,40.5825,30.5433,available,,not_measured,managed,30.5433,1.328687,faster
a ^ b (uint8),Bitwise,uint8,1000,,0.0007,0.0018,available,,not_measured,managed,0.0018,0.388889,negligible
a ^ b (uint8),Bitwise,uint8,100000,,0.0297,0.0169,available,,not_measured,managed,0.0169,1.757396,faster
a ^ b (uint8),Bitwise,uint8,10000000,,6.6104,4.3137,available,,not_measured,managed,4.3137,1.53242,faster
a | b (bool),Bitwise,bool,1000,,0.0004,0.002,available,,not_measured,managed,0.002,0.2,negligible
a | b (bool),Bitwise,bool,100000,,0.0031,0.0571,available,,not_measured,managed,0.0571,0.054291,much_slower
a | b (bool),Bitwise,bool,10000000,,2.3109,5.5658,available,,not_measured,managed,5.5658,0.415196,slower
a | b (int16),Bitwise,int16,1000,,0.0008,0.002,available,,not_measured,managed,0.002,0.4,negligible
a | b (int16),Bitwise,int16,100000,,0.0299,0.0289,available,,not_measured,managed,0.0289,1.034602,close
a | b (int16),Bitwise,int16,10000000,,9.1667,6.4875,available,,not_measured,managed,6.4875,1.412979,faster
a | b (int32),Bitwise,int32,1000,,0.0009,0.0022,available,,not_measured,managed,0.0022,0.409091,negligible
a | b (int32),Bitwise,int32,100000,,0.0299,0.0579,available,,not_measured,managed,0.0579,0.516408,slower
a | b (int32),Bitwise,int32,10000000,,16.672,12.7017,available,,not_measured,managed,12.7017,1.31258,faster
a | b (int64),Bitwise,int64,1000,,0.0008,0.0033,available,,not_measured,managed,0.0033,0.242424,negligible
a | b (int64),Bitwise,int64,100000,,0.0356,0.1219,available,,not_measured,managed,0.1219,0.292043,much_slower
a | b (int64),Bitwise,int64,10000000,,34.5771,30.5362,available,,not_measured,managed,30.5362,1.132331,faster
a | b (int8),Bitwise,int8,1000,,0.0007,0.0013,available,,not_measured,managed,0.0013,0.538462,negligible
a | b (int8),Bitwise,int8,100000,,0.0314,0.016,available,,not_measured,managed,0.016,1.9625,faster
a | b (int8),Bitwise,int8,10000000,,6.4516,3.4496,available,,not_measured,managed,3.4496,1.870246,faster
a | b (uint16),Bitwise,uint16,1000,,0.0008,0.002,available,,not_measured,managed,0.002,0.4,negligible
a | b (uint16),Bitwise,uint16,100000,,0.0297,0.0277,available,,not_measured,managed,0.0277,1.072202,faster
a | b (uint16),Bitwise,uint16,10000000,,9.6304,6.5982,available,,not_measured,managed,6.5982,1.45955,faster
a | b (uint32),Bitwise,uint32,1000,,0.0008,0.0025,available,,not_measured,managed,0.0025,0.32,negligible
a | b (uint32),Bitwise,uint32,100000,,0.0328,0.0522,available,,not_measured,managed,0.0522,0.628352,slower
a | b (uint32),Bitwise,uint32,10000000,,16.7627,13.1683,available,,not_measured,managed,13.1683,1.272959,faster
a | b (uint64),Bitwise,uint64,1000,,0.0008,0.003,available,,not_measured,managed,0.003,0.266667,negligible
a | b (uint64),Bitwise,uint64,100000,,0.0348,0.1082,available,,not_measured,managed,0.1082,0.321627,much_slower
a | b (uint64),Bitwise,uint64,10000000,,33.8748,31.341,available,,not_measured,managed,31.341,1.080846,faster
a | b (uint8),Bitwise,uint8,1000,,0.0007,0.0022,available,,not_measured,managed,0.0022,0.318182,negligible
a | b (uint8),Bitwise,uint8,100000,,0.0309,0.0159,available,,not_measured,managed,0.0159,1.943396,faster
a | b (uint8),Bitwise,uint8,10000000,,6.7595,4.514,available,,not_measured,managed,4.514,1.497452,faster
"np.bitwise_and(a, b) (bool)",Bitwise,bool,1000,,0.0004,0.0013,available,,not_measured,managed,0.0013,0.307692,negligible
"np.bitwise_and(a, b) (bool)",Bitwise,bool,100000,,0.0033,0.0579,available,,not_measured,managed,0.0579,0.056995,much_slower
"np.bitwise_and(a, b) (bool)",Bitwise,bool,10000000,,2.5558,5.6002,available,,not_measured,managed,5.6002,0.456377,slower
"np.bitwise_and(a, b) (int16)",Bitwise,int16,1000,,0.0008,0.0017,available,,not_measured,managed,0.0017,0.470588,negligible
"np.bitwise_and(a, b) (int16)",Bitwise,int16,100000,,0.0346,0.0314,available,,not_measured,managed,0.0314,1.101911,faster
"np.bitwise_and(a, b) (int16)",Bitwise,int16,10000000,,9.5265,6.7229,available,,not_measured,managed,6.7229,1.417022,faster
"np.bitwise_and(a, b) (int32)",Bitwise,int32,1000,,0.0009,0.0023,available,,not_measured,managed,0.0023,0.391304,negligible
"np.bitwise_and(a, b) (int32)",Bitwise,int32,100000,,0.0301,0.0604,available,,not_measured,managed,0.0604,0.498344,slower
"np.bitwise_and(a, b) (int32)",Bitwise,int32,10000000,,17.9384,13.1521,available,,not_measured,managed,13.1521,1.363919,faster
"np.bitwise_and(a, b) (int64)",Bitwise,int64,1000,,0.0008,0.0019,available,,not_measured,managed,0.0019,0.421053,negligible
"np.bitwise_and(a, b) (int64)",Bitwise,int64,100000,,0.0341,0.1309,available,,not_measured,managed,0.1309,0.260504,much_slower
"np.bitwise_and(a, b) (int64)",Bitwise,int64,10000000,,33.9011,27.1095,available,,not_measured,managed,27.1095,1.250525,faster
"np.bitwise_and(a, b) (int8)",Bitwise,int8,1000,,0.0007,0.001,available,,not_measured,managed,0.001,0.7,negligible
"np.bitwise_and(a, b) (int8)",Bitwise,int8,100000,,0.0291,0.0172,available,,not_measured,managed,0.0172,1.69186,faster
"np.bitwise_and(a, b) (int8)",Bitwise,int8,10000000,,6.499,3.2638,available,,not_measured,managed,3.2638,1.991237,faster
"np.bitwise_and(a, b) (uint16)",Bitwise,uint16,1000,,0.0008,0.0019,available,,not_measured,managed,0.0019,0.421053,negligible
"np.bitwise_and(a, b) (uint16)",Bitwise,uint16,100000,,0.0312,0.03,available,,not_measured,managed,0.03,1.04,close
"np.bitwise_and(a, b) (uint16)",Bitwise,uint16,10000000,,9.1724,7.074,available,,not_measured,managed,7.074,1.296636,faster
"np.bitwise_and(a, b) (uint32)",Bitwise,uint32,1000,,0.0008,0.0021,available,,not_measured,managed,0.0021,0.380952,negligible
"np.bitwise_and(a, b) (uint32)",Bitwise,uint32,100000,,0.0316,0.0525,available,,not_measured,managed,0.0525,0.601905,slower
"np.bitwise_and(a, b) (uint32)",Bitwise,uint32,10000000,,16.7061,12.1282,available,,not_measured,managed,12.1282,1.377459,faster
"np.bitwise_and(a, b) (uint64)",Bitwise,uint64,1000,,0.0008,0.0028,available,,not_measured,managed,0.0028,0.285714,negligible
"np.bitwise_and(a, b) (uint64)",Bitwise,uint64,100000,,0.0352,0.1133,available,,not_measured,managed,0.1133,0.31068,much_slower
"np.bitwise_and(a, b) (uint64)",Bitwise,uint64,10000000,,34.1092,43.9084,available,,not_measured,managed,43.9084,0.776826,slower
"np.bitwise_and(a, b) (uint8)",Bitwise,uint8,1000,,0.0007,0.0021,available,,not_measured,managed,0.0021,0.333333,negligible
"np.bitwise_and(a, b) (uint8)",Bitwise,uint8,100000,,0.0288,0.0156,available,,not_measured,managed,0.0156,1.846154,faster
"np.bitwise_and(a, b) (uint8)",Bitwise,uint8,10000000,,6.4776,3.2311,available,,not_measured,managed,3.2311,2.004766,faster
np.bitwise_not(a) (bool),Bitwise,bool,1000,,0.0004,0.0022,available,,not_measured,managed,0.0022,0.181818,negligible
np.bitwise_not(a) (bool),Bitwise,bool,100000,,0.0027,0.0591,available,,not_measured,managed,0.0591,0.045685,much_slower
np.bitwise_not(a) (bool),Bitwise,bool,10000000,,3.6348,5.4267,available,,not_measured,managed,5.4267,0.669799,slower
np.bitwise_not(a) (int16),Bitwise,int16,1000,,0.0007,0.0019,available,,not_measured,managed,0.0019,0.368421,negligible
np.bitwise_not(a) (int16),Bitwise,int16,100000,,0.0271,0.0281,available,,not_measured,managed,0.0281,0.964413,close
np.bitwise_not(a) (int16),Bitwise,int16,10000000,,7.3815,4.8423,available,,not_measured,managed,4.8423,1.524379,faster
np.bitwise_not(a) (int32),Bitwise,int32,1000,,0.0008,0.0022,available,,not_measured,managed,0.0022,0.363636,negligible
np.bitwise_not(a) (int32),Bitwise,int32,100000,,0.0281,0.0589,available,,not_measured,managed,0.0589,0.47708,slower
np.bitwise_not(a) (int32),Bitwise,int32,10000000,,14.1067,9.2474,available,,not_measured,managed,9.2474,1.525477,faster
np.bitwise_not(a) (int64),Bitwise,int64,1000,,0.0008,0.0025,available,,not_measured,managed,0.0025,0.32,negligible
np.bitwise_not(a) (int64),Bitwise,int64,100000,,0.0283,0.1051,available,,not_measured,managed,0.1051,0.269267,much_slower
np.bitwise_not(a) (int64),Bitwise,int64,10000000,,25.4968,20.661,available,,not_measured,managed,20.661,1.234054,faster
np.bitwise_not(a) (int8),Bitwise,int8,1000,,0.0007,0.0025,available,,not_measured,managed,0.0025,0.28,negligible
np.bitwise_not(a) (int8),Bitwise,int8,100000,,0.0419,0.0166,available,,not_measured,managed,0.0166,2.524096,faster
np.bitwise_not(a) (int8),Bitwise,int8,10000000,,5.5323,2.0726,available,,not_measured,managed,2.0726,2.669256,faster
np.bitwise_not(a) (uint16),Bitwise,uint16,1000,,0.0008,0.0016,available,,not_measured,managed,0.0016,0.5,negligible
np.bitwise_not(a) (uint16),Bitwise,uint16,100000,,0.0266,0.0322,available,,not_measured,managed,0.0322,0.826087,close
np.bitwise_not(a) (uint16),Bitwise,uint16,10000000,,7.0811,5.9274,available,,not_measured,managed,5.9274,1.194638,faster
np.bitwise_not(a) (uint32),Bitwise,uint32,1000,,0.0008,0.0024,available,,not_measured,managed,0.0024,0.333333,negligible
np.bitwise_not(a) (uint32),Bitwise,uint32,100000,,0.0265,0.0582,available,,not_measured,managed,0.0582,0.455326,slower
np.bitwise_not(a) (uint32),Bitwise,uint32,10000000,,14.0784,8.8725,available,,not_measured,managed,8.8725,1.586746,faster
np.bitwise_not(a) (uint64),Bitwise,uint64,1000,,0.0008,0.0029,available,,not_measured,managed,0.0029,0.275862,negligible
np.bitwise_not(a) (uint64),Bitwise,uint64,100000,,0.0264,0.1051,available,,not_measured,managed,0.1051,0.251189,much_slower
np.bitwise_not(a) (uint64),Bitwise,uint64,10000000,,25.208,25.8994,available,,not_measured,managed,25.8994,0.973304,close
np.bitwise_not(a) (uint8),Bitwise,uint8,1000,,0.0006,0.0016,available,,not_measured,managed,0.0016,0.375,negligible
np.bitwise_not(a) (uint8),Bitwise,uint8,100000,,0.0268,0.0147,available,,not_measured,managed,0.0147,1.823129,faster
np.bitwise_not(a) (uint8),Bitwise,uint8,10000000,,5.5189,2.0881,available,,not_measured,managed,2.0881,2.643025,faster
"np.bitwise_or(a, b) (bool)",Bitwise,bool,1000,,0.0004,0.0025,available,,not_measured,managed,0.0025,0.16,negligible
"np.bitwise_or(a, b) (bool)",Bitwise,bool,100000,,0.003,0.0596,available,,not_measured,managed,0.0596,0.050336,much_slower
"np.bitwise_or(a, b) (bool)",Bitwise,bool,10000000,,4.6676,5.8893,available,,not_measured,managed,5.8893,0.792556,slower
"np.bitwise_or(a, b) (int16)",Bitwise,int16,1000,,0.0008,0.0022,available,,not_measured,managed,0.0022,0.363636,negligible
"np.bitwise_or(a, b) (int16)",Bitwise,int16,100000,,0.0299,0.0319,available,,not_measured,managed,0.0319,0.937304,close
"np.bitwise_or(a, b) (int16)",Bitwise,int16,10000000,,9.3837,6.4807,available,,not_measured,managed,6.4807,1.447945,faster
"np.bitwise_or(a, b) (int32)",Bitwise,int32,1000,,0.0009,0.0022,available,,not_measured,managed,0.0022,0.409091,negligible
"np.bitwise_or(a, b) (int32)",Bitwise,int32,100000,,0.0306,0.051,available,,not_measured,managed,0.051,0.6,slower
"np.bitwise_or(a, b) (int32)",Bitwise,int32,10000000,,17.9363,12.8907,available,,not_measured,managed,12.8907,1.391414,faster
"np.bitwise_or(a, b) (int64)",Bitwise,int64,1000,,0.0008,0.003,available,,not_measured,managed,0.003,0.266667,negligible
"np.bitwise_or(a, b) (int64)",Bitwise,int64,100000,,0.0341,0.106,available,,not_measured,managed,0.106,0.321698,much_slower
"np.bitwise_or(a, b) (int64)",Bitwise,int64,10000000,,33.2093,28.7835,available,,not_measured,managed,28.7835,1.153762,faster
"np.bitwise_or(a, b) (int8)",Bitwise,int8,1000,,0.0007,0.001,available,,not_measured,managed,0.001,0.7,negligible
"np.bitwise_or(a, b) (int8)",Bitwise,int8,100000,,0.0304,0.0175,available,,not_measured,managed,0.0175,1.737143,faster
"np.bitwise_or(a, b) (int8)",Bitwise,int8,10000000,,6.5042,3.7679,available,,not_measured,managed,3.7679,1.726214,faster
"np.bitwise_or(a, b) (uint16)",Bitwise,uint16,1000,,0.0008,0.0021,available,,not_measured,managed,0.0021,0.380952,negligible
"np.bitwise_or(a, b) (uint16)",Bitwise,uint16,100000,,0.0303,0.0278,available,,not_measured,managed,0.0278,1.089928,faster
"np.bitwise_or(a, b) (uint16)",Bitwise,uint16,10000000,,9.1449,8.4491,available,,not_measured,managed,8.4491,1.082352,faster
"np.bitwise_or(a, b) (uint32)",Bitwise,uint32,1000,,0.0008,0.0022,available,,not_measured,managed,0.0022,0.363636,negligible
"np.bitwise_or(a, b) (uint32)",Bitwise,uint32,100000,,0.0296,0.055,available,,not_measured,managed,0.055,0.538182,slower
"np.bitwise_or(a, b) (uint32)",Bitwise,uint32,10000000,,17.098,11.6152,available,,not_measured,managed,11.6152,1.472037,faster
"np.bitwise_or(a, b) (uint64)",Bitwise,uint64,1000,,0.0008,0.0017,available,,not_measured,managed,0.0017,0.470588,negligible
"np.bitwise_or(a, b) (uint64)",Bitwise,uint64,100000,,0.0338,0.1139,available,,not_measured,managed,0.1139,0.296752,much_slower
"np.bitwise_or(a, b) (uint64)",Bitwise,uint64,10000000,,33.8935,38.2804,available,,not_measured,managed,38.2804,0.885401,close
"np.bitwise_or(a, b) (uint8)",Bitwise,uint8,1000,,0.0007,0.0024,available,,not_measured,managed,0.0024,0.291667,negligible
"np.bitwise_or(a, b) (uint8)",Bitwise,uint8,100000,,0.0292,0.0149,available,,not_measured,managed,0.0149,1.959732,faster
"np.bitwise_or(a, b) (uint8)",Bitwise,uint8,10000000,,6.4848,2.8426,available,,not_measured,managed,2.8426,2.281292,faster
"np.bitwise_xor(a, b) (bool)",Bitwise,bool,1000,,0.0004,0.0031,available,,not_measured,managed,0.0031,0.129032,negligible
"np.bitwise_xor(a, b) (bool)",Bitwise,bool,100000,,0.0032,0.059,available,,not_measured,managed,0.059,0.054237,much_slower
"np.bitwise_xor(a, b) (bool)",Bitwise,bool,10000000,,4.8173,5.7041,available,,not_measured,managed,5.7041,0.844533,close
"np.bitwise_xor(a, b) (int16)",Bitwise,int16,1000,,0.0008,0.0018,available,,not_measured,managed,0.0018,0.444444,negligible
"np.bitwise_xor(a, b) (int16)",Bitwise,int16,100000,,0.0308,0.0286,available,,not_measured,managed,0.0286,1.076923,faster
"np.bitwise_xor(a, b) (int16)",Bitwise,int16,10000000,,9.084,6.9091,available,,not_measured,managed,6.9091,1.314788,faster
"np.bitwise_xor(a, b) (int32)",Bitwise,int32,1000,,0.001,0.0022,available,,not_measured,managed,0.0022,0.454545,slower
"np.bitwise_xor(a, b) (int32)",Bitwise,int32,100000,,0.0321,0.0552,available,,not_measured,managed,0.0552,0.581522,slower
"np.bitwise_xor(a, b) (int32)",Bitwise,int32,10000000,,17.6538,12.336,available,,not_measured,managed,12.336,1.43108,faster
"np.bitwise_xor(a, b) (int64)",Bitwise,int64,1000,,0.0008,0.0019,available,,not_measured,managed,0.0019,0.421053,negligible
"np.bitwise_xor(a, b) (int64)",Bitwise,int64,100000,,0.0406,0.1113,available,,not_measured,managed,0.1113,0.36478,slower
"np.bitwise_xor(a, b) (int64)",Bitwise,int64,10000000,,33.9767,27.4588,available,,not_measured,managed,27.4588,1.23737,faster
"np.bitwise_xor(a, b) (int8)",Bitwise,int8,1000,,0.0007,0.0015,available,,not_measured,managed,0.0015,0.466667,negligible
"np.bitwise_xor(a, b) (int8)",Bitwise,int8,100000,,0.0313,0.0159,available,,not_measured,managed,0.0159,1.968553,faster
"np.bitwise_xor(a, b) (int8)",Bitwise,int8,10000000,,6.4945,3.2968,available,,not_measured,managed,3.2968,1.969941,faster
"np.bitwise_xor(a, b) (uint16)",Bitwise,uint16,1000,,0.0008,0.0018,available,,not_measured,managed,0.0018,0.444444,negligible
"np.bitwise_xor(a, b) (uint16)",Bitwise,uint16,100000,,0.03,0.0294,available,,not_measured,managed,0.0294,1.020408,close
"np.bitwise_xor(a, b) (uint16)",Bitwise,uint16,10000000,,9.2647,7.3591,available,,not_measured,managed,7.3591,1.258945,faster
"np.bitwise_xor(a, b) (uint32)",Bitwise,uint32,1000,,0.0008,0.0012,available,,not_measured,managed,0.0012,0.666667,negligible
"np.bitwise_xor(a, b) (uint32)",Bitwise,uint32,100000,,0.0301,0.054,available,,not_measured,managed,0.054,0.557407,slower
"np.bitwise_xor(a, b) (uint32)",Bitwise,uint32,10000000,,18.0185,12.0062,available,,not_measured,managed,12.0062,1.500766,faster
"np.bitwise_xor(a, b) (uint64)",Bitwise,uint64,1000,,0.0008,0.0027,available,,not_measured,managed,0.0027,0.296296,negligible
"np.bitwise_xor(a, b) (uint64)",Bitwise,uint64,100000,,0.036,0.1085,available,,not_measured,managed,0.1085,0.331797,slower
"np.bitwise_xor(a, b) (uint64)",Bitwise,uint64,10000000,,32.9701,36.0222,available,,not_measured,managed,36.0222,0.915272,close
"np.bitwise_xor(a, b) (uint8)",Bitwise,uint8,1000,,0.0007,0.0018,available,,not_measured,managed,0.0018,0.388889,negligible
"np.bitwise_xor(a, b) (uint8)",Bitwise,uint8,100000,,0.0293,0.0155,available,,not_measured,managed,0.0155,1.890323,faster
"np.bitwise_xor(a, b) (uint8)",Bitwise,uint8,10000000,,6.2889,3.1463,available,,not_measured,managed,3.1463,1.998824,faster
np.invert(a) (bool),Bitwise,bool,1000,,0.0004,0.0017,available,,not_measured,managed,0.0017,0.235294,negligible
np.invert(a) (bool),Bitwise,bool,100000,,0.0028,0.0564,available,,not_measured,managed,0.0564,0.049645,much_slower
np.invert(a) (bool),Bitwise,bool,10000000,,1.8729,5.645,available,,not_measured,managed,5.645,0.33178,slower
np.invert(a) (int16),Bitwise,int16,1000,,0.0007,0.0016,available,,not_measured,managed,0.0016,0.4375,negligible
np.invert(a) (int16),Bitwise,int16,100000,,0.0268,0.0282,available,,not_measured,managed,0.0282,0.950355,close
np.invert(a) (int16),Bitwise,int16,10000000,,7.2009,5.4051,available,,not_measured,managed,5.4051,1.332242,faster
np.invert(a) (int32),Bitwise,int32,1000,,0.0008,0.0021,available,,not_measured,managed,0.0021,0.380952,negligible
np.invert(a) (int32),Bitwise,int32,100000,,0.0305,0.0578,available,,not_measured,managed,0.0578,0.527682,slower
np.invert(a) (int32),Bitwise,int32,10000000,,13.1167,9.7582,available,,not_measured,managed,9.7582,1.344172,faster
np.invert(a) (int64),Bitwise,int64,1000,,0.0008,0.0017,available,,not_measured,managed,0.0017,0.470588,negligible
np.invert(a) (int64),Bitwise,int64,100000,,0.0278,0.1037,available,,not_measured,managed,0.1037,0.268081,much_slower
np.invert(a) (int64),Bitwise,int64,10000000,,25.9257,20.4604,available,,not_measured,managed,20.4604,1.267116,faster
np.invert(a) (int8),Bitwise,int8,1000,,0.0006,0.0012,available,,not_measured,managed,0.0012,0.5,negligible
np.invert(a) (int8),Bitwise,int8,100000,,0.0262,0.0142,available,,not_measured,managed,0.0142,1.84507,faster
np.invert(a) (int8),Bitwise,int8,10000000,,5.5094,2.6882,available,,not_measured,managed,2.6882,2.049475,faster
np.invert(a) (uint16),Bitwise,uint16,1000,,0.0007,0.0017,available,,not_measured,managed,0.0017,0.411765,negligible
np.invert(a) (uint16),Bitwise,uint16,100000,,0.0268,0.0274,available,,not_measured,managed,0.0274,0.978102,close
np.invert(a) (uint16),Bitwise,uint16,10000000,,7.0742,4.6254,available,,not_measured,managed,4.6254,1.529424,faster
np.invert(a) (uint32),Bitwise,uint32,1000,,0.0008,0.0019,available,,not_measured,managed,0.0019,0.421053,negligible
np.invert(a) (uint32),Bitwise,uint32,100000,,0.028,0.0537,available,,not_measured,managed,0.0537,0.521415,slower
np.invert(a) (uint32),Bitwise,uint32,10000000,,13.3828,9.0231,available,,not_measured,managed,9.0231,1.483171,faster
np.invert(a) (uint64),Bitwise,uint64,1000,,0.0008,0.0029,available,,not_measured,managed,0.0029,0.275862,negligible
np.invert(a) (uint64),Bitwise,uint64,100000,,0.0268,0.1084,available,,not_measured,managed,0.1084,0.247232,much_slower
np.invert(a) (uint64),Bitwise,uint64,10000000,,27.4179,22.4604,available,,not_measured,managed,22.4604,1.220722,faster
np.invert(a) (uint8),Bitwise,uint8,1000,,0.0006,0.002,available,,not_measured,managed,0.002,0.3,negligible
np.invert(a) (uint8),Bitwise,uint8,100000,,0.0268,0.018,available,,not_measured,managed,0.018,1.488889,faster
np.invert(a) (uint8),Bitwise,uint8,10000000,,5.6179,2.7357,available,,not_measured,managed,2.7357,2.053551,faster
"np.left_shift(a, 2) (bool)",Bitwise,bool,1000,,0.0015,0.0077,available,,not_measured,managed,0.0077,0.194805,much_slower
"np.left_shift(a, 2) (bool)",Bitwise,bool,100000,,0.0439,0.1411,available,,not_measured,managed,0.1411,0.311127,much_slower
"np.left_shift(a, 2) (bool)",Bitwise,bool,10000000,,16.3918,16.2429,available,,not_measured,managed,16.2429,1.009167,close
"np.left_shift(a, 2) (int16)",Bitwise,int16,1000,,0.0011,0.0046,available,,not_measured,managed,0.0046,0.23913,much_slower
"np.left_shift(a, 2) (int16)",Bitwise,int16,100000,,0.0288,0.0281,available,,not_measured,managed,0.0281,1.024911,close
"np.left_shift(a, 2) (int16)",Bitwise,int16,10000000,,7.4502,5.1364,available,,not_measured,managed,5.1364,1.450471,faster
"np.left_shift(a, 2) (int32)",Bitwise,int32,1000,,0.0011,0.0043,available,,not_measured,managed,0.0043,0.255814,much_slower
"np.left_shift(a, 2) (int32)",Bitwise,int32,100000,,0.0212,0.0605,available,,not_measured,managed,0.0605,0.350413,slower
"np.left_shift(a, 2) (int32)",Bitwise,int32,10000000,,13.3876,8.2502,available,,not_measured,managed,8.2502,1.6227,faster
"np.left_shift(a, 2) (int64)",Bitwise,int64,1000,,0.001,0.0047,available,,not_measured,managed,0.0047,0.212766,much_slower
"np.left_shift(a, 2) (int64)",Bitwise,int64,100000,,0.0203,0.1094,available,,not_measured,managed,0.1094,0.185558,much_slower
"np.left_shift(a, 2) (int64)",Bitwise,int64,10000000,,26.1649,20.2476,available,,not_measured,managed,20.2476,1.292247,faster
"np.left_shift(a, 2) (int8)",Bitwise,int8,1000,,0.0009,0.0024,available,,not_measured,managed,0.0024,0.375,negligible
"np.left_shift(a, 2) (int8)",Bitwise,int8,100000,,0.0296,0.02,available,,not_measured,managed,0.02,1.48,faster
"np.left_shift(a, 2) (int8)",Bitwise,int8,10000000,,5.8163,2.8295,available,,not_measured,managed,2.8295,2.055593,faster
"np.left_shift(a, 2) (uint16)",Bitwise,uint16,1000,,0.0013,0.0039,available,,not_measured,managed,0.0039,0.333333,slower
"np.left_shift(a, 2) (uint16)",Bitwise,uint16,100000,,0.0304,0.03,available,,not_measured,managed,0.03,1.013333,close
"np.left_shift(a, 2) (uint16)",Bitwise,uint16,10000000,,7.7149,4.6326,available,,not_measured,managed,4.6326,1.66535,faster
"np.left_shift(a, 2) (uint32)",Bitwise,uint32,1000,,0.001,0.0041,available,,not_measured,managed,0.0041,0.243902,much_slower
"np.left_shift(a, 2) (uint32)",Bitwise,uint32,100000,,0.0213,0.0531,available,,not_measured,managed,0.0531,0.40113,slower
"np.left_shift(a, 2) (uint32)",Bitwise,uint32,10000000,,13.1567,9.7158,available,,not_measured,managed,9.7158,1.354155,faster
"np.left_shift(a, 2) (uint64)",Bitwise,uint64,1000,,0.001,0.0044,available,,not_measured,managed,0.0044,0.227273,much_slower
"np.left_shift(a, 2) (uint64)",Bitwise,uint64,100000,,0.0199,0.1035,available,,not_measured,managed,0.1035,0.192271,much_slower
"np.left_shift(a, 2) (uint64)",Bitwise,uint64,10000000,,25.9187,21.6478,available,,not_measured,managed,21.6478,1.19729,faster
"np.left_shift(a, 2) (uint8)",Bitwise,uint8,1000,,0.0009,0.0038,available,,not_measured,managed,0.0038,0.236842,negligible
"np.left_shift(a, 2) (uint8)",Bitwise,uint8,100000,,0.0289,0.0192,available,,not_measured,managed,0.0192,1.505208,faster
"np.left_shift(a, 2) (uint8)",Bitwise,uint8,10000000,,5.8971,2.8602,available,,not_measured,managed,2.8602,2.061779,faster
"np.right_shift(a, 2) (bool)",Bitwise,bool,1000,,0.0016,0.0103,available,,not_measured,managed,0.0103,0.15534,much_slower
"np.right_shift(a, 2) (bool)",Bitwise,bool,100000,,0.0555,0.1382,available,,not_measured,managed,0.1382,0.401592,slower
"np.right_shift(a, 2) (bool)",Bitwise,bool,10000000,,16.2085,16.1229,available,,not_measured,managed,16.1229,1.005309,close
"np.right_shift(a, 2) (int16)",Bitwise,int16,1000,,0.0012,0.0035,available,,not_measured,managed,0.0035,0.342857,slower
"np.right_shift(a, 2) (int16)",Bitwise,int16,100000,,0.0378,0.0289,available,,not_measured,managed,0.0289,1.307958,faster
"np.right_shift(a, 2) (int16)",Bitwise,int16,10000000,,9.8988,4.9103,available,,not_measured,managed,4.9103,2.015926,faster
"np.right_shift(a, 2) (int32)",Bitwise,int32,1000,,0.0012,0.0035,available,,not_measured,managed,0.0035,0.342857,slower
"np.right_shift(a, 2) (int32)",Bitwise,int32,100000,,0.0297,0.0613,available,,not_measured,managed,0.0613,0.484502,slower
"np.right_shift(a, 2) (int32)",Bitwise,int32,10000000,,14.0433,9.1702,available,,not_measured,managed,9.1702,1.531406,faster
"np.right_shift(a, 2) (int64)",Bitwise,int64,1000,,0.0011,0.0047,available,,not_measured,managed,0.0047,0.234043,much_slower
"np.right_shift(a, 2) (int64)",Bitwise,int64,100000,,0.0295,0.1217,available,,not_measured,managed,0.1217,0.242399,much_slower
"np.right_shift(a, 2) (int64)",Bitwise,int64,10000000,,25.8871,21.1698,available,,not_measured,managed,21.1698,1.222832,faster
"np.right_shift(a, 2) (int8)",Bitwise,int8,1000,,0.001,0.0012,available,,not_measured,managed,0.0012,0.833333,close
"np.right_shift(a, 2) (int8)",Bitwise,int8,100000,,0.0381,0.0192,available,,not_measured,managed,0.0192,1.984375,faster
"np.right_shift(a, 2) (int8)",Bitwise,int8,10000000,,8.9548,2.4257,available,,not_measured,managed,2.4257,3.691635,faster
"np.right_shift(a, 2) (uint16)",Bitwise,uint16,1000,,0.0017,0.0044,available,,not_measured,managed,0.0044,0.386364,slower
"np.right_shift(a, 2) (uint16)",Bitwise,uint16,100000,,0.0308,0.0283,available,,not_measured,managed,0.0283,1.088339,faster
"np.right_shift(a, 2) (uint16)",Bitwise,uint16,10000000,,7.441,4.8827,available,,not_measured,managed,4.8827,1.523952,faster
"np.right_shift(a, 2) (uint32)",Bitwise,uint32,1000,,0.001,0.0032,available,,not_measured,managed,0.0032,0.3125,much_slower
"np.right_shift(a, 2) (uint32)",Bitwise,uint32,100000,,0.0204,0.0523,available,,not_measured,managed,0.0523,0.390057,slower
"np.right_shift(a, 2) (uint32)",Bitwise,uint32,10000000,,13.1549,8.8079,available,,not_measured,managed,8.8079,1.493534,faster
"np.right_shift(a, 2) (uint64)",Bitwise,uint64,1000,,0.001,0.0047,available,,not_measured,managed,0.0047,0.212766,much_slower
"np.right_shift(a, 2) (uint64)",Bitwise,uint64,100000,,0.0194,0.1036,available,,not_measured,managed,0.1036,0.187259,much_slower
"np.right_shift(a, 2) (uint64)",Bitwise,uint64,10000000,,25.2646,26.7529,available,,not_measured,managed,26.7529,0.944369,close
"np.right_shift(a, 2) (uint8)",Bitwise,uint8,1000,,0.0009,0.0041,available,,not_measured,managed,0.0041,0.219512,negligible
"np.right_shift(a, 2) (uint8)",Bitwise,uint8,100000,,0.0285,0.0211,available,,not_measured,managed,0.0211,1.350711,faster
"np.right_shift(a, 2) (uint8)",Bitwise,uint8,10000000,,6.2313,2.8033,available,,not_measured,managed,2.8033,2.222845,faster
matrix * 2.0,Broadcasting,float64,1000,,0.001,0.0033,available,,not_measured,managed,0.0033,0.30303,much_slower
matrix * 2.0,Broadcasting,float64,100000,,0.0138,0.1171,available,,not_measured,managed,0.1171,0.117848,much_slower
matrix * 2.0,Broadcasting,float64,10000000,,19.1846,20.2857,available,,not_measured,managed,20.2857,0.94572,close
"matrix * col_vector (N,M)*(N,1)",Broadcasting,float64,1000,,0.0016,0.0063,available,,not_measured,managed,0.0063,0.253968,much_slower
"matrix * col_vector (N,M)*(N,1)",Broadcasting,float64,100000,,0.0291,0.1503,available,,not_measured,managed,0.1503,0.193613,much_slower
"matrix * col_vector (N,M)*(N,1)",Broadcasting,float64,10000000,,18.488,20.6466,available,,not_measured,managed,20.6466,0.89545,close
"matrix * row_vector (N,M)*(M,)",Broadcasting,float64,1000,,0.0013,0.0057,available,,not_measured,managed,0.0057,0.22807,much_slower
"matrix * row_vector (N,M)*(M,)",Broadcasting,float64,100000,,0.0269,0.1026,available,,not_measured,managed,0.1026,0.262183,much_slower
"matrix * row_vector (N,M)*(M,)",Broadcasting,float64,10000000,,17.1394,21.6123,available,,not_measured,managed,21.6123,0.793039,slower
"matrix + col_vector (N,M)+(N,1)",Broadcasting,float64,1000,,0.0014,0.0065,available,,not_measured,managed,0.0065,0.215385,much_slower
"matrix + col_vector (N,M)+(N,1)",Broadcasting,float64,100000,,0.0294,0.1656,available,,not_measured,managed,0.1656,0.177536,much_slower
"matrix + col_vector (N,M)+(N,1)",Broadcasting,float64,10000000,,17.9369,26.7054,available,,not_measured,managed,26.7054,0.671658,slower
"matrix + row_vector (N,M)+(M,)",Broadcasting,float64,1000,,0.0013,0.0057,available,,not_measured,managed,0.0057,0.22807,much_slower
"matrix + row_vector (N,M)+(M,)",Broadcasting,float64,100000,,0.0277,0.1094,available,,not_measured,managed,0.1094,0.253199,much_slower
"matrix + row_vector (N,M)+(M,)",Broadcasting,float64,10000000,,20.6239,20.7618,available,,not_measured,managed,20.7618,0.993358,close
matrix + scalar,Broadcasting,float64,1000,,0.0008,0.0027,available,,not_measured,managed,0.0027,0.296296,negligible
matrix + scalar,Broadcasting,float64,100000,,0.0147,0.0974,available,,not_measured,managed,0.0974,0.150924,much_slower
matrix + scalar,Broadcasting,float64,10000000,,17.4832,20.7957,available,,not_measured,managed,20.7957,0.840712,close
"np.broadcast_to(col, (N,M))",Broadcasting,float64,1000,,0.002,0.0014,available,,not_measured,managed,0.0014,1.428571,faster
"np.broadcast_to(col, (N,M))",Broadcasting,float64,100000,,0.002,0.001,available,,not_measured,managed,0.001,2.0,faster
"np.broadcast_to(col, (N,M))",Broadcasting,float64,10000000,,0.002,0.0011,available,,not_measured,managed,0.0011,1.818182,faster
"np.broadcast_to(row, (N,M))",Broadcasting,float64,1000,,0.0021,0.0014,available,,not_measured,managed,0.0014,1.5,faster
"np.broadcast_to(row, (N,M))",Broadcasting,float64,100000,,0.002,0.0012,available,,not_measured,managed,0.0012,1.666667,faster
"np.broadcast_to(row, (N,M))",Broadcasting,float64,10000000,,0.007,0.001,available,,not_measured,managed,0.001,7.0,faster
"tensor3D + matrix2D (D,D,D)+(D,D)",Broadcasting,float64,1000,,0.0012,0.0073,available,,not_measured,managed,0.0073,0.164384,much_slower
"tensor3D + matrix2D (D,D,D)+(D,D)",Broadcasting,float64,100000,,0.0291,0.1491,available,,not_measured,managed,0.1491,0.195171,much_slower
"tensor3D + matrix2D (D,D,D)+(D,D)",Broadcasting,float64,10000000,,19.1306,22.268,available,,not_measured,managed,22.268,0.859107,close
a != b (float32),Comparison,float32,1000,,0.0005,0.0019,available,,not_measured,managed,0.0019,0.263158,negligible
a != b (float32),Comparison,float32,100000,,0.0066,0.02,available,,not_measured,managed,0.02,0.33,slower
a != b (float32),Comparison,float32,10000000,,11.1327,11.8171,available,,not_measured,managed,11.8171,0.942084,close
a != b (float64),Comparison,float64,1000,,0.0005,0.0019,available,,not_measured,managed,0.0019,0.263158,negligible
a != b (float64),Comparison,float64,100000,,0.012,0.0306,available,,not_measured,managed,0.0306,0.392157,slower
a != b (float64),Comparison,float64,10000000,,18.6232,19.8239,available,,not_measured,managed,19.8239,0.939432,close
a != b (int32),Comparison,int32,1000,,0.0005,0.0013,available,,not_measured,managed,0.0013,0.384615,negligible
a != b (int32),Comparison,int32,100000,,0.0083,0.021,available,,not_measured,managed,0.021,0.395238,slower
a != b (int32),Comparison,int32,10000000,,5.2005,10.5581,available,,not_measured,managed,10.5581,0.49256,slower
a != b (int64),Comparison,int64,1000,,0.0006,0.0027,available,,not_measured,managed,0.0027,0.222222,negligible
a != b (int64),Comparison,int64,100000,,0.0165,0.0299,available,,not_measured,managed,0.0299,0.551839,slower
a != b (int64),Comparison,int64,10000000,,19.8598,18.2666,available,,not_measured,managed,18.2666,1.087219,faster
a < b (float32),Comparison,float32,1000,,0.0005,0.0019,available,,not_measured,managed,0.0019,0.263158,negligible
a < b (float32),Comparison,float32,100000,,0.0065,0.0174,available,,not_measured,managed,0.0174,0.373563,slower
a < b (float32),Comparison,float32,10000000,,11.004,11.8203,available,,not_measured,managed,11.8203,0.930941,close
a < b (float64),Comparison,float64,1000,,0.0005,0.0024,available,,not_measured,managed,0.0024,0.208333,negligible
a < b (float64),Comparison,float64,100000,,0.0113,0.031,available,,not_measured,managed,0.031,0.364516,slower
a < b (float64),Comparison,float64,10000000,,18.9328,18.4534,available,,not_measured,managed,18.4534,1.025979,close
a < b (int32),Comparison,int32,1000,,0.0004,0.0018,available,,not_measured,managed,0.0018,0.222222,negligible
a < b (int32),Comparison,int32,100000,,0.0074,0.0225,available,,not_measured,managed,0.0225,0.328889,much_slower
a < b (int32),Comparison,int32,10000000,,4.8265,11.447,available,,not_measured,managed,11.447,0.421639,slower
a < b (int64),Comparison,int64,1000,,0.0006,0.0016,available,,not_measured,managed,0.0016,0.375,negligible
a < b (int64),Comparison,int64,100000,,0.0206,0.0296,available,,not_measured,managed,0.0296,0.695946,slower
a < b (int64),Comparison,int64,10000000,,19.0151,17.8995,available,,not_measured,managed,17.8995,1.062326,faster
a <= b (float32),Comparison,float32,1000,,0.0005,0.0017,available,,not_measured,managed,0.0017,0.294118,negligible
a <= b (float32),Comparison,float32,100000,,0.0063,0.0205,available,,not_measured,managed,0.0205,0.307317,much_slower
a <= b (float32),Comparison,float32,10000000,,10.6335,10.36,available,,not_measured,managed,10.36,1.0264,close
a <= b (float64),Comparison,float64,1000,,0.0005,0.0018,available,,not_measured,managed,0.0018,0.277778,negligible
a <= b (float64),Comparison,float64,100000,,0.0233,0.0314,available,,not_measured,managed,0.0314,0.742038,slower
a <= b (float64),Comparison,float64,10000000,,18.3535,20.4372,available,,not_measured,managed,20.4372,0.898044,close
a <= b (int32),Comparison,int32,1000,,0.0005,0.0023,available,,not_measured,managed,0.0023,0.217391,negligible
a <= b (int32),Comparison,int32,100000,,0.0079,0.0252,available,,not_measured,managed,0.0252,0.313492,much_slower
a <= b (int32),Comparison,int32,10000000,,4.9577,10.036,available,,not_measured,managed,10.036,0.493992,slower
a <= b (int64),Comparison,int64,1000,,0.0006,0.0031,available,,not_measured,managed,0.0031,0.193548,negligible
a <= b (int64),Comparison,int64,100000,,0.019,0.0332,available,,not_measured,managed,0.0332,0.572289,slower
a <= b (int64),Comparison,int64,10000000,,19.9751,17.9054,available,,not_measured,managed,17.9054,1.115591,faster
a == b (float32),Comparison,float32,1000,,0.0005,0.002,available,,not_measured,managed,0.002,0.25,negligible
a == b (float32),Comparison,float32,100000,,0.0064,0.0208,available,,not_measured,managed,0.0208,0.307692,much_slower
a == b (float32),Comparison,float32,10000000,,10.9932,11.9641,available,,not_measured,managed,11.9641,0.918849,close
a == b (float64),Comparison,float64,1000,,0.0005,0.0019,available,,not_measured,managed,0.0019,0.263158,negligible
a == b (float64),Comparison,float64,100000,,0.0137,0.0322,available,,not_measured,managed,0.0322,0.425466,slower
a == b (float64),Comparison,float64,10000000,,18.9367,19.3072,available,,not_measured,managed,19.3072,0.98081,close
a == b (int32),Comparison,int32,1000,,0.0005,0.0018,available,,not_measured,managed,0.0018,0.277778,negligible
a == b (int32),Comparison,int32,100000,,0.0076,0.0258,available,,not_measured,managed,0.0258,0.294574,much_slower
a == b (int32),Comparison,int32,10000000,,5.2806,9.6938,available,,not_measured,managed,9.6938,0.54474,slower
a == b (int64),Comparison,int64,1000,,0.0005,0.0021,available,,not_measured,managed,0.0021,0.238095,negligible
a == b (int64),Comparison,int64,100000,,0.0148,0.0299,available,,not_measured,managed,0.0299,0.494983,slower
a == b (int64),Comparison,int64,10000000,,19.1921,18.0719,available,,not_measured,managed,18.0719,1.061986,faster
a > b (float32),Comparison,float32,1000,,0.0005,0.0019,available,,not_measured,managed,0.0019,0.263158,negligible
a > b (float32),Comparison,float32,100000,,0.0061,0.019,available,,not_measured,managed,0.019,0.321053,much_slower
a > b (float32),Comparison,float32,10000000,,10.7851,11.7163,available,,not_measured,managed,11.7163,0.920521,close
a > b (float64),Comparison,float64,1000,,0.0005,0.0017,available,,not_measured,managed,0.0017,0.294118,negligible
a > b (float64),Comparison,float64,100000,,0.0161,0.0318,available,,not_measured,managed,0.0318,0.506289,slower
a > b (float64),Comparison,float64,10000000,,18.5867,20.3535,available,,not_measured,managed,20.3535,0.913194,close
a > b (int32),Comparison,int32,1000,,0.0004,0.0015,available,,not_measured,managed,0.0015,0.266667,negligible
a > b (int32),Comparison,int32,100000,,0.0076,0.0236,available,,not_measured,managed,0.0236,0.322034,much_slower
a > b (int32),Comparison,int32,10000000,,4.8412,10.453,available,,not_measured,managed,10.453,0.46314,slower
a > b (int64),Comparison,int64,1000,,0.0006,0.0022,available,,not_measured,managed,0.0022,0.272727,negligible
a > b (int64),Comparison,int64,100000,,0.0201,0.03,available,,not_measured,managed,0.03,0.67,slower
a > b (int64),Comparison,int64,10000000,,19.0077,17.7827,available,,not_measured,managed,17.7827,1.068887,faster
a >= b (float32),Comparison,float32,1000,,0.0005,0.0014,available,,not_measured,managed,0.0014,0.357143,negligible
a >= b (float32),Comparison,float32,100000,,0.0062,0.0199,available,,not_measured,managed,0.0199,0.311558,much_slower
a >= b (float32),Comparison,float32,10000000,,10.4509,9.9757,available,,not_measured,managed,9.9757,1.047636,close
a >= b (float64),Comparison,float64,1000,,0.0005,0.0021,available,,not_measured,managed,0.0021,0.238095,negligible
a >= b (float64),Comparison,float64,100000,,0.0239,0.0287,available,,not_measured,managed,0.0287,0.832753,close
a >= b (float64),Comparison,float64,10000000,,18.2861,18.234,available,,not_measured,managed,18.234,1.002857,close
a >= b (int32),Comparison,int32,1000,,0.0005,0.0021,available,,not_measured,managed,0.0021,0.238095,negligible
a >= b (int32),Comparison,int32,100000,,0.0119,0.0223,available,,not_measured,managed,0.0223,0.533632,slower
a >= b (int32),Comparison,int32,10000000,,4.7758,10.1032,available,,not_measured,managed,10.1032,0.472702,slower
a >= b (int64),Comparison,int64,1000,,0.0006,0.0022,available,,not_measured,managed,0.0022,0.272727,negligible
a >= b (int64),Comparison,int64,100000,,0.019,0.0319,available,,not_measured,managed,0.0319,0.595611,slower
a >= b (int64),Comparison,int64,10000000,,19.0195,18.5932,available,,not_measured,managed,18.5932,1.022928,close
"np.equal(a, b) (float32)",Comparison,float32,1000,,0.0005,0.0019,available,,not_measured,managed,0.0019,0.263158,negligible
"np.equal(a, b) (float32)",Comparison,float32,100000,,0.0061,0.0187,available,,not_measured,managed,0.0187,0.326203,much_slower
"np.equal(a, b) (float32)",Comparison,float32,10000000,,11.0075,10.6466,available,,not_measured,managed,10.6466,1.033898,close
"np.equal(a, b) (float64)",Comparison,float64,1000,,0.0007,0.0025,available,,not_measured,managed,0.0025,0.28,negligible
"np.equal(a, b) (float64)",Comparison,float64,100000,,0.0139,0.0298,available,,not_measured,managed,0.0298,0.466443,slower
"np.equal(a, b) (float64)",Comparison,float64,10000000,,18.793,18.0829,available,,not_measured,managed,18.0829,1.039269,close
"np.equal(a, b) (int32)",Comparison,int32,1000,,0.0005,0.0019,available,,not_measured,managed,0.0019,0.263158,negligible
"np.equal(a, b) (int32)",Comparison,int32,100000,,0.0117,0.0193,available,,not_measured,managed,0.0193,0.606218,slower
"np.equal(a, b) (int32)",Comparison,int32,10000000,,4.4875,10.2628,available,,not_measured,managed,10.2628,0.437259,slower
"np.equal(a, b) (int64)",Comparison,int64,1000,,0.0005,0.0017,available,,not_measured,managed,0.0017,0.294118,negligible
"np.equal(a, b) (int64)",Comparison,int64,100000,,0.0141,0.0321,available,,not_measured,managed,0.0321,0.439252,slower
"np.equal(a, b) (int64)",Comparison,int64,10000000,,18.6353,20.178,available,,not_measured,managed,20.178,0.923545,close
"np.greater(a, b) (float32)",Comparison,float32,1000,,0.0005,0.0017,available,,not_measured,managed,0.0017,0.294118,negligible
"np.greater(a, b) (float32)",Comparison,float32,100000,,0.0062,0.0185,available,,not_measured,managed,0.0185,0.335135,slower
"np.greater(a, b) (float32)",Comparison,float32,10000000,,11.5565,9.4059,available,,not_measured,managed,9.4059,1.228644,faster
"np.greater(a, b) (float64)",Comparison,float64,1000,,0.0005,0.0019,available,,not_measured,managed,0.0019,0.263158,negligible
"np.greater(a, b) (float64)",Comparison,float64,100000,,0.0148,0.0292,available,,not_measured,managed,0.0292,0.506849,slower
"np.greater(a, b) (float64)",Comparison,float64,10000000,,19.2926,20.9399,available,,not_measured,managed,20.9399,0.921332,close
"np.greater(a, b) (int32)",Comparison,int32,1000,,0.0005,0.0021,available,,not_measured,managed,0.0021,0.238095,negligible
"np.greater(a, b) (int32)",Comparison,int32,100000,,0.0095,0.0184,available,,not_measured,managed,0.0184,0.516304,slower
"np.greater(a, b) (int32)",Comparison,int32,10000000,,10.5585,9.6072,available,,not_measured,managed,9.6072,1.099019,faster
"np.greater(a, b) (int64)",Comparison,int64,1000,,0.0006,0.002,available,,not_measured,managed,0.002,0.3,negligible
"np.greater(a, b) (int64)",Comparison,int64,100000,,0.0214,0.0284,available,,not_measured,managed,0.0284,0.753521,slower
"np.greater(a, b) (int64)",Comparison,int64,10000000,,18.9944,19.7592,available,,not_measured,managed,19.7592,0.961294,close
"np.greater_equal(a, b) (float32)",Comparison,float32,1000,,0.0005,0.0015,available,,not_measured,managed,0.0015,0.333333,negligible
"np.greater_equal(a, b) (float32)",Comparison,float32,100000,,0.0061,0.0247,available,,not_measured,managed,0.0247,0.246964,much_slower
"np.greater_equal(a, b) (float32)",Comparison,float32,10000000,,10.4211,10.0384,available,,not_measured,managed,10.0384,1.038124,close
"np.greater_equal(a, b) (float64)",Comparison,float64,1000,,0.0005,0.0028,available,,not_measured,managed,0.0028,0.178571,negligible
"np.greater_equal(a, b) (float64)",Comparison,float64,100000,,0.0131,0.0284,available,,not_measured,managed,0.0284,0.461268,slower
"np.greater_equal(a, b) (float64)",Comparison,float64,10000000,,18.479,18.0184,available,,not_measured,managed,18.0184,1.025563,close
"np.greater_equal(a, b) (int32)",Comparison,int32,1000,,0.0005,0.0019,available,,not_measured,managed,0.0019,0.263158,negligible
"np.greater_equal(a, b) (int32)",Comparison,int32,100000,,0.0103,0.0181,available,,not_measured,managed,0.0181,0.569061,slower
"np.greater_equal(a, b) (int32)",Comparison,int32,10000000,,10.9501,11.838,available,,not_measured,managed,11.838,0.924996,close
"np.greater_equal(a, b) (int64)",Comparison,int64,1000,,0.0006,0.0022,available,,not_measured,managed,0.0022,0.272727,negligible
"np.greater_equal(a, b) (int64)",Comparison,int64,100000,,0.0202,0.0308,available,,not_measured,managed,0.0308,0.655844,slower
"np.greater_equal(a, b) (int64)",Comparison,int64,10000000,,19.3078,20.0608,available,,not_measured,managed,20.0608,0.962464,close
"np.less(a, b) (float32)",Comparison,float32,1000,,0.0005,0.0019,available,,not_measured,managed,0.0019,0.263158,negligible
"np.less(a, b) (float32)",Comparison,float32,100000,,0.0064,0.0189,available,,not_measured,managed,0.0189,0.338624,slower
"np.less(a, b) (float32)",Comparison,float32,10000000,,11.2315,9.6447,available,,not_measured,managed,9.6447,1.164526,faster
"np.less(a, b) (float64)",Comparison,float64,1000,,0.0005,0.0023,available,,not_measured,managed,0.0023,0.217391,negligible
"np.less(a, b) (float64)",Comparison,float64,100000,,0.0144,0.0314,available,,not_measured,managed,0.0314,0.458599,slower
"np.less(a, b) (float64)",Comparison,float64,10000000,,18.6078,20.9613,available,,not_measured,managed,20.9613,0.887722,close
"np.less(a, b) (int32)",Comparison,int32,1000,,0.0005,0.0016,available,,not_measured,managed,0.0016,0.3125,negligible
"np.less(a, b) (int32)",Comparison,int32,100000,,0.0105,0.0181,available,,not_measured,managed,0.0181,0.58011,slower
"np.less(a, b) (int32)",Comparison,int32,10000000,,4.5245,10.543,available,,not_measured,managed,10.543,0.429147,slower
"np.less(a, b) (int64)",Comparison,int64,1000,,0.0006,0.0018,available,,not_measured,managed,0.0018,0.333333,negligible
"np.less(a, b) (int64)",Comparison,int64,100000,,0.0208,0.0277,available,,not_measured,managed,0.0277,0.750903,slower
"np.less(a, b) (int64)",Comparison,int64,10000000,,18.8009,21.2633,available,,not_measured,managed,21.2633,0.884195,close
"np.less_equal(a, b) (float32)",Comparison,float32,1000,,0.0005,0.0015,available,,not_measured,managed,0.0015,0.333333,negligible
"np.less_equal(a, b) (float32)",Comparison,float32,100000,,0.0065,0.0227,available,,not_measured,managed,0.0227,0.286344,much_slower
"np.less_equal(a, b) (float32)",Comparison,float32,10000000,,11.4036,9.6309,available,,not_measured,managed,9.6309,1.184064,faster
"np.less_equal(a, b) (float64)",Comparison,float64,1000,,0.0005,0.0021,available,,not_measured,managed,0.0021,0.238095,negligible
"np.less_equal(a, b) (float64)",Comparison,float64,100000,,0.0127,0.0287,available,,not_measured,managed,0.0287,0.442509,slower
"np.less_equal(a, b) (float64)",Comparison,float64,10000000,,18.8334,21.5897,available,,not_measured,managed,21.5897,0.872333,close
"np.less_equal(a, b) (int32)",Comparison,int32,1000,,0.0005,0.0019,available,,not_measured,managed,0.0019,0.263158,negligible
"np.less_equal(a, b) (int32)",Comparison,int32,100000,,0.013,0.0187,available,,not_measured,managed,0.0187,0.695187,slower
"np.less_equal(a, b) (int32)",Comparison,int32,10000000,,10.9044,10.0708,available,,not_measured,managed,10.0708,1.082774,faster
"np.less_equal(a, b) (int64)",Comparison,int64,1000,,0.0006,0.0023,available,,not_measured,managed,0.0023,0.26087,negligible
"np.less_equal(a, b) (int64)",Comparison,int64,100000,,0.0201,0.0325,available,,not_measured,managed,0.0325,0.618462,slower
"np.less_equal(a, b) (int64)",Comparison,int64,10000000,,18.881,19.0234,available,,not_measured,managed,19.0234,0.992514,close
"np.not_equal(a, b) (float32)",Comparison,float32,1000,,0.0005,0.002,available,,not_measured,managed,0.002,0.25,negligible
"np.not_equal(a, b) (float32)",Comparison,float32,100000,,0.0066,0.018,available,,not_measured,managed,0.018,0.366667,slower
"np.not_equal(a, b) (float32)",Comparison,float32,10000000,,10.9339,10.4045,available,,not_measured,managed,10.4045,1.050882,faster
"np.not_equal(a, b) (float64)",Comparison,float64,1000,,0.0005,0.0025,available,,not_measured,managed,0.0025,0.2,negligible
"np.not_equal(a, b) (float64)",Comparison,float64,100000,,0.0132,0.0299,available,,not_measured,managed,0.0299,0.441472,slower
"np.not_equal(a, b) (float64)",Comparison,float64,10000000,,18.594,19.2934,available,,not_measured,managed,19.2934,0.963749,close
"np.not_equal(a, b) (int32)",Comparison,int32,1000,,0.0005,0.0021,available,,not_measured,managed,0.0021,0.238095,negligible
"np.not_equal(a, b) (int32)",Comparison,int32,100000,,0.0236,0.0179,available,,not_measured,managed,0.0179,1.318436,faster
"np.not_equal(a, b) (int32)",Comparison,int32,10000000,,4.66,10.6374,available,,not_measured,managed,10.6374,0.438077,slower
"np.not_equal(a, b) (int64)",Comparison,int64,1000,,0.0005,0.0021,available,,not_measured,managed,0.0021,0.238095,negligible
"np.not_equal(a, b) (int64)",Comparison,int64,100000,,0.0141,0.0304,available,,not_measured,managed,0.0304,0.463816,slower
"np.not_equal(a, b) (int64)",Comparison,int64,10000000,,19.0328,21.1925,available,,not_measured,managed,21.1925,0.898091,close
a.copy() (float32),Creation,float32,1000,,0.0004,0.0027,available,,not_measured,managed,0.0027,0.148148,negligible
a.copy() (float32),Creation,float32,100000,,0.0061,0.0128,available,,not_measured,managed,0.0128,0.476562,slower
a.copy() (float32),Creation,float32,10000000,,11.0826,5.7953,available,,not_measured,managed,5.7953,1.912343,faster
a.copy() (float64),Creation,float64,1000,,0.0004,0.0105,available,,not_measured,managed,0.0105,0.038095,negligible
a.copy() (float64),Creation,float64,100000,,0.0213,0.0266,available,,not_measured,managed,0.0266,0.800752,close
a.copy() (float64),Creation,float64,10000000,,28.9753,17.0494,available,,not_measured,managed,17.0494,1.699491,faster
a.copy() (int32),Creation,int32,1000,,0.0004,0.0056,available,,not_measured,managed,0.0056,0.071429,negligible
a.copy() (int32),Creation,int32,100000,,0.0059,0.0143,available,,not_measured,managed,0.0143,0.412587,slower
a.copy() (int32),Creation,int32,10000000,,7.8676,5.2267,available,,not_measured,managed,5.2267,1.505271,faster
a.copy() (int64),Creation,int64,1000,,0.0005,0.0028,available,,not_measured,managed,0.0028,0.178571,negligible
a.copy() (int64),Creation,int64,100000,,0.0245,0.0244,available,,not_measured,managed,0.0244,1.004098,close
a.copy() (int64),Creation,int64,10000000,,13.4258,17.2795,available,,not_measured,managed,17.2795,0.776979,slower
np.arange(N) (float32),Creation,float32,1000,,0.0009,0.002,available,,not_measured,managed,0.002,0.45,negligible
np.arange(N) (float32),Creation,float32,100000,,0.0431,0.0578,available,,not_measured,managed,0.0578,0.745675,slower
np.arange(N) (float32),Creation,float32,10000000,,10.5976,5.8966,available,,not_measured,managed,5.8966,1.797239,faster
np.arange(N) (float64),Creation,float64,1000,,0.0008,0.0017,available,,not_measured,managed,0.0017,0.470588,negligible
np.arange(N) (float64),Creation,float64,100000,,0.0287,0.0564,available,,not_measured,managed,0.0564,0.508865,slower
np.arange(N) (float64),Creation,float64,10000000,,18.7538,16.2531,available,,not_measured,managed,16.2531,1.15386,faster
np.arange(N) (int32),Creation,int32,1000,,0.0008,0.0054,available,,not_measured,managed,0.0054,0.148148,negligible
np.arange(N) (int32),Creation,int32,100000,,0.0302,0.0575,available,,not_measured,managed,0.0575,0.525217,slower
np.arange(N) (int32),Creation,int32,10000000,,11.0188,5.6977,available,,not_measured,managed,5.6977,1.933903,faster
np.arange(N) (int64),Creation,int64,1000,,0.0007,0.0023,available,,not_measured,managed,0.0023,0.304348,negligible
np.arange(N) (int64),Creation,int64,100000,,0.0201,0.0594,available,,not_measured,managed,0.0594,0.338384,slower
np.arange(N) (int64),Creation,int64,10000000,,12.8544,28.6929,available,,not_measured,managed,28.6929,0.447999,slower
np.array(a) (float64),Creation,float64,1000,,0.0004,0.0104,available,,not_measured,managed,0.0104,0.038462,negligible
np.array(a) (float64),Creation,float64,100000,,0.0241,0.117,available,,not_measured,managed,0.117,0.205983,much_slower
np.asanyarray(a) (float64),Creation,float64,1000,,0.0001,0.0,available,,not_measured,managed,0.0,,no_data
np.asanyarray(a) (float64),Creation,float64,100000,,0.0001,0.0,available,,not_measured,managed,0.0,,no_data
np.asarray(a) (float64),Creation,float64,1000,,0.0001,0.0,available,,not_measured,managed,0.0,,no_data
np.asarray(a) (float64),Creation,float64,100000,,0.0001,0.0,available,,not_measured,managed,0.0,,no_data
np.asarray_chkfinite(a) (float64),Creation,float64,1000,,0.0014,0.0001,available,,not_measured,managed,0.0001,14.0,negligible
np.asarray_chkfinite(a) (float64),Creation,float64,100000,,0.0128,0.0122,available,,not_measured,managed,0.0122,1.04918,close
np.ascontiguousarray(a) (float64),Creation,float64,1000,,0.0005,0.0055,available,,not_measured,managed,0.0055,0.090909,negligible
np.ascontiguousarray(a) (float64),Creation,float64,100000,,0.0119,0.067,available,,not_measured,managed,0.067,0.177612,much_slower
np.asfortranarray(a) (float64),Creation,float64,1000,,0.0009,0.0047,available,,not_measured,managed,0.0047,0.191489,negligible
np.asfortranarray(a) (float64),Creation,float64,100000,,0.0438,0.2357,available,,not_measured,managed,0.2357,0.185829,much_slower
np.asmatrix(a) (float64),Creation,float64,1000,,0.0019,0.0007,available,,not_measured,managed,0.0007,2.714286,negligible
np.asmatrix(a) (float64),Creation,float64,100000,,0.0022,0.001,available,,not_measured,managed,0.001,2.2,faster
np.copy (float32),Creation,float32,1000,,0.0008,0.0078,available,,not_measured,managed,0.0078,0.102564,negligible
np.copy (float32),Creation,float32,100000,,0.0067,0.0139,available,,not_measured,managed,0.0139,0.482014,slower
np.copy (float32),Creation,float32,10000000,,9.6484,5.9584,available,,not_measured,managed,5.9584,1.619294,faster
np.copy (float64),Creation,float64,1000,,0.0008,0.0087,available,,not_measured,managed,0.0087,0.091954,negligible
np.copy (float64),Creation,float64,100000,,0.0219,0.0255,available,,not_measured,managed,0.0255,0.858824,close
np.copy (float64),Creation,float64,10000000,,21.2886,17.0477,available,,not_measured,managed,17.0477,1.248767,faster
np.copy (int32),Creation,int32,1000,,0.0006,0.0078,available,,not_measured,managed,0.0078,0.076923,negligible
np.copy (int32),Creation,int32,100000,,0.0063,0.0137,available,,not_measured,managed,0.0137,0.459854,slower
np.copy (int32),Creation,int32,10000000,,8.3215,5.1975,available,,not_measured,managed,5.1975,1.601058,faster
np.copy (int64),Creation,int64,1000,,0.0007,0.0134,available,,not_measured,managed,0.0134,0.052239,negligible
np.copy (int64),Creation,int64,100000,,0.0257,0.0276,available,,not_measured,managed,0.0276,0.931159,close
np.copy (int64),Creation,int64,10000000,,14.2632,18.5321,available,,not_measured,managed,18.5321,0.769648,slower
np.empty (float32),Creation,float32,1000,,0.0004,0.0012,available,,not_measured,managed,0.0012,0.333333,negligible
np.empty (float32),Creation,float32,100000,,0.0004,0.0014,available,,not_measured,managed,0.0014,0.285714,negligible
np.empty (float32),Creation,float32,10000000,,0.0199,0.0011,available,,not_measured,managed,0.0011,18.090909,faster
np.empty (float64),Creation,float64,1000,,0.0003,0.0011,available,,not_measured,managed,0.0011,0.272727,negligible
np.empty (float64),Creation,float64,100000,,0.0003,0.0012,available,,not_measured,managed,0.0012,0.25,negligible
np.empty (float64),Creation,float64,10000000,,0.0192,0.0233,available,,not_measured,managed,0.0233,0.824034,close
np.empty (int32),Creation,int32,1000,,0.0003,0.0011,available,,not_measured,managed,0.0011,0.272727,negligible
np.empty (int32),Creation,int32,100000,,0.0004,0.0014,available,,not_measured,managed,0.0014,0.285714,negligible
np.empty (int32),Creation,int32,10000000,,0.011,0.0013,available,,not_measured,managed,0.0013,8.461538,faster
np.empty (int64),Creation,int64,1000,,0.0003,0.0013,available,,not_measured,managed,0.0013,0.230769,negligible
np.empty (int64),Creation,int64,100000,,0.0003,0.0014,available,,not_measured,managed,0.0014,0.214286,negligible
np.empty (int64),Creation,int64,10000000,,0.0116,0.0225,available,,not_measured,managed,0.0225,0.515556,slower
np.empty_like(a) (float32),Creation,float32,1000,,0.0004,0.0014,available,,not_measured,managed,0.0014,0.285714,negligible
np.empty_like(a) (float32),Creation,float32,100000,,0.0004,0.0068,available,,not_measured,managed,0.0068,0.058824,negligible
np.empty_like(a) (float32),Creation,float32,10000000,,0.0196,0.0065,available,,not_measured,managed,0.0065,3.015385,faster
np.empty_like(a) (float64),Creation,float64,1000,,0.0004,0.0012,available,,not_measured,managed,0.0012,0.333333,negligible
np.empty_like(a) (float64),Creation,float64,100000,,0.0004,0.0028,available,,not_measured,managed,0.0028,0.142857,negligible
np.empty_like(a) (float64),Creation,float64,10000000,,0.0199,0.0246,available,,not_measured,managed,0.0246,0.808943,close
np.empty_like(a) (int32),Creation,int32,1000,,0.0004,0.0019,available,,not_measured,managed,0.0019,0.210526,negligible
np.empty_like(a) (int32),Creation,int32,100000,,0.0004,0.0052,available,,not_measured,managed,0.0052,0.076923,negligible
np.empty_like(a) (int32),Creation,int32,10000000,,0.0109,0.0016,available,,not_measured,managed,0.0016,6.8125,faster
np.empty_like(a) (int64),Creation,int64,1000,,0.0004,0.0015,available,,not_measured,managed,0.0015,0.266667,negligible
np.empty_like(a) (int64),Creation,int64,100000,,0.0004,0.0018,available,,not_measured,managed,0.0018,0.222222,negligible
np.empty_like(a) (int64),Creation,int64,10000000,,0.02,0.0225,available,,not_measured,managed,0.0225,0.888889,close
np.eye(n) (float64),Creation,float64,1000,,0.0014,0.0098,available,,not_measured,managed,0.0098,0.142857,much_slower
np.eye(n) (float64),Creation,float64,100000,,0.012,0.0931,available,,not_measured,managed,0.0931,0.128894,much_slower
np.frombuffer(buffer) (float64),Creation,float64,1000,,0.0003,0.0013,available,,not_measured,managed,0.0013,0.230769,negligible
np.frombuffer(buffer) (float64),Creation,float64,100000,,0.0004,0.0011,available,,not_measured,managed,0.0011,0.363636,negligible
np.fromstring(text) (float64),Creation,float64,1000,,0.0987,0.0679,available,,not_measured,managed,0.0679,1.453608,faster
np.fromstring(text) (float64),Creation,float64,100000,,9.6478,14.4034,available,,not_measured,managed,14.4034,0.669828,slower
np.full (float32),Creation,float32,1000,,0.0009,0.0028,available,,not_measured,managed,0.0028,0.321429,negligible
np.full (float32),Creation,float32,100000,,0.0057,0.0221,available,,not_measured,managed,0.0221,0.257919,much_slower
np.full (float32),Creation,float32,10000000,,9.263,4.9181,available,,not_measured,managed,4.9181,1.883451,faster
np.full (float64),Creation,float64,1000,,0.0011,0.0017,available,,not_measured,managed,0.0017,0.647059,slower
np.full (float64),Creation,float64,100000,,0.0104,0.0222,available,,not_measured,managed,0.0222,0.468468,slower
np.full (float64),Creation,float64,10000000,,20.049,17.0292,available,,not_measured,managed,17.0292,1.177331,faster
np.full (int32),Creation,int32,1000,,0.001,0.0018,available,,not_measured,managed,0.0018,0.555556,slower
np.full (int32),Creation,int32,100000,,0.006,0.0204,available,,not_measured,managed,0.0204,0.294118,much_slower
np.full (int32),Creation,int32,10000000,,8.9881,4.4706,available,,not_measured,managed,4.4706,2.010491,faster
np.full (int64),Creation,int64,1000,,0.0009,0.0015,available,,not_measured,managed,0.0015,0.6,negligible
np.full (int64),Creation,int64,100000,,0.0102,0.0259,available,,not_measured,managed,0.0259,0.393822,slower
np.full (int64),Creation,int64,10000000,,14.7147,17.1537,available,,not_measured,managed,17.1537,0.857815,close
"np.full_like(a, 42) (float32)",Creation,float32,1000,,0.0011,0.0029,available,,not_measured,managed,0.0029,0.37931,slower
"np.full_like(a, 42) (float32)",Creation,float32,100000,,0.0057,0.0211,available,,not_measured,managed,0.0211,0.270142,much_slower
"np.full_like(a, 42) (float32)",Creation,float32,10000000,,9.1412,4.8007,available,,not_measured,managed,4.8007,1.904139,faster
"np.full_like(a, 42) (float64)",Creation,float64,1000,,0.0011,0.0015,available,,not_measured,managed,0.0015,0.733333,slower
"np.full_like(a, 42) (float64)",Creation,float64,100000,,0.0105,0.022,available,,not_measured,managed,0.022,0.477273,slower
"np.full_like(a, 42) (float64)",Creation,float64,10000000,,19.2055,17.2611,available,,not_measured,managed,17.2611,1.112646,faster
"np.full_like(a, 42) (int32)",Creation,int32,1000,,0.0011,0.0017,available,,not_measured,managed,0.0017,0.647059,slower
"np.full_like(a, 42) (int32)",Creation,int32,100000,,0.006,0.0205,available,,not_measured,managed,0.0205,0.292683,much_slower
"np.full_like(a, 42) (int32)",Creation,int32,10000000,,7.4734,5.346,available,,not_measured,managed,5.346,1.397942,faster
"np.full_like(a, 42) (int64)",Creation,int64,1000,,0.0011,0.0055,available,,not_measured,managed,0.0055,0.2,much_slower
"np.full_like(a, 42) (int64)",Creation,int64,100000,,0.0102,0.0219,available,,not_measured,managed,0.0219,0.465753,slower
"np.full_like(a, 42) (int64)",Creation,int64,10000000,,18.9441,16.4409,available,,not_measured,managed,16.4409,1.152254,faster
np.identity(n) (float64),Creation,float64,1000,,0.0017,0.0019,available,,not_measured,managed,0.0019,0.894737,close
np.identity(n) (float64),Creation,float64,100000,,0.0121,0.0834,available,,not_measured,managed,0.0834,0.145084,much_slower
"np.linspace(0, N, N) (float32)",Creation,float32,1000,,0.0053,0.0045,available,,not_measured,managed,0.0045,1.177778,faster
"np.linspace(0, N, N) (float32)",Creation,float32,100000,,0.2888,0.1956,available,,not_measured,managed,0.1956,1.476483,faster
"np.linspace(0, N, N) (float32)",Creation,float32,10000000,,56.9294,19.0131,available,,not_measured,managed,19.0131,2.99422,faster
"np.linspace(0, N, N) (float64)",Creation,float64,1000,,0.0047,0.0057,available,,not_measured,managed,0.0057,0.824561,close
"np.linspace(0, N, N) (float64)",Creation,float64,100000,,0.0579,0.1932,available,,not_measured,managed,0.1932,0.299689,much_slower
"np.linspace(0, N, N) (float64)",Creation,float64,10000000,,39.4282,25.239,available,,not_measured,managed,25.239,1.562193,faster
"np.linspace(0, N, N) (int32)",Creation,int32,1000,,0.0054,0.0038,available,,not_measured,managed,0.0038,1.421053,faster
"np.linspace(0, N, N) (int32)",Creation,int32,100000,,0.3066,0.3225,available,,not_measured,managed,0.3225,0.950698,close
"np.linspace(0, N, N) (int32)",Creation,int32,10000000,,45.1743,33.5228,available,,not_measured,managed,33.5228,1.347569,faster
"np.linspace(0, N, N) (int64)",Creation,int64,1000,,0.0054,0.0057,available,,not_measured,managed,0.0057,0.947368,close
"np.linspace(0, N, N) (int64)",Creation,int64,100000,,0.3632,0.3249,available,,not_measured,managed,0.3249,1.117882,faster
"np.linspace(0, N, N) (int64)",Creation,int64,10000000,,50.9397,38.7834,available,,not_measured,managed,38.7834,1.313441,faster
"np.meshgrid(x, y) (float64)",Creation,float64,1000,,0.0092,0.0138,available,,not_measured,managed,0.0138,0.666667,slower
"np.meshgrid(x, y) (float64)",Creation,float64,100000,,0.3686,0.2155,available,,not_measured,managed,0.2155,1.710441,faster
np.ones (float32),Creation,float32,1000,,0.0012,0.0028,available,,not_measured,managed,0.0028,0.428571,slower
np.ones (float32),Creation,float32,100000,,0.0055,0.0209,available,,not_measured,managed,0.0209,0.263158,much_slower
np.ones (float32),Creation,float32,10000000,,9.8316,4.4204,available,,not_measured,managed,4.4204,2.224143,faster
np.ones (float64),Creation,float64,1000,,0.001,0.0016,available,,not_measured,managed,0.0016,0.625,slower
np.ones (float64),Creation,float64,100000,,0.0109,0.0225,available,,not_measured,managed,0.0225,0.484444,slower
np.ones (float64),Creation,float64,10000000,,21.746,18.7917,available,,not_measured,managed,18.7917,1.157213,faster
np.ones (int32),Creation,int32,1000,,0.001,0.0017,available,,not_measured,managed,0.0017,0.588235,slower
np.ones (int32),Creation,int32,100000,,0.0056,0.0202,available,,not_measured,managed,0.0202,0.277228,much_slower
np.ones (int32),Creation,int32,10000000,,11.6529,4.5086,available,,not_measured,managed,4.5086,2.584594,faster
np.ones (int64),Creation,int64,1000,,0.0009,0.0015,available,,not_measured,managed,0.0015,0.6,negligible
np.ones (int64),Creation,int64,100000,,0.0103,0.0251,available,,not_measured,managed,0.0251,0.410359,slower
np.ones (int64),Creation,int64,10000000,,14.7057,16.846,available,,not_measured,managed,16.846,0.872949,close
np.ones_like(a) (float32),Creation,float32,1000,,0.0011,0.0016,available,,not_measured,managed,0.0016,0.6875,slower
np.ones_like(a) (float32),Creation,float32,100000,,0.0057,0.0212,available,,not_measured,managed,0.0212,0.268868,much_slower
np.ones_like(a) (float32),Creation,float32,10000000,,8.9093,4.383,available,,not_measured,managed,4.383,2.032695,faster
np.ones_like(a) (float64),Creation,float64,1000,,0.0011,0.0048,available,,not_measured,managed,0.0048,0.229167,much_slower
np.ones_like(a) (float64),Creation,float64,100000,,0.0112,0.0221,available,,not_measured,managed,0.0221,0.506787,slower
np.ones_like(a) (float64),Creation,float64,10000000,,18.9535,17.402,available,,not_measured,managed,17.402,1.089156,faster
np.ones_like(a) (int32),Creation,int32,1000,,0.0011,0.0047,available,,not_measured,managed,0.0047,0.234043,much_slower
np.ones_like(a) (int32),Creation,int32,100000,,0.0059,0.0201,available,,not_measured,managed,0.0201,0.293532,much_slower
np.ones_like(a) (int32),Creation,int32,10000000,,8.088,5.7821,available,,not_measured,managed,5.7821,1.3988,faster
np.ones_like(a) (int64),Creation,int64,1000,,0.0011,0.0033,available,,not_measured,managed,0.0033,0.333333,slower
np.ones_like(a) (int64),Creation,int64,100000,,0.0102,0.0219,available,,not_measured,managed,0.0219,0.465753,slower
np.ones_like(a) (int64),Creation,int64,10000000,,15.9282,17.644,available,,not_measured,managed,17.644,0.902754,close
"np.require(a, requirements=C) (float64)",Creation,float64,1000,,0.001,0.0042,available,,not_measured,managed,0.0042,0.238095,much_slower
"np.require(a, requirements=C) (float64)",Creation,float64,100000,,0.0127,0.0639,available,,not_measured,managed,0.0639,0.198748,much_slower
np.vander(x) (float64),Creation,float64,1000,,0.0044,0.0438,available,,not_measured,managed,0.0438,0.100457,much_slower
np.vander(x) (float64),Creation,float64,100000,,0.1683,0.3458,available,,not_measured,managed,0.3458,0.486698,slower
np.zeros (float32),Creation,float32,1000,,0.0005,0.0015,available,,not_measured,managed,0.0015,0.333333,negligible
np.zeros (float32),Creation,float32,100000,,0.0052,0.0053,available,,not_measured,managed,0.0053,0.981132,close
np.zeros (float32),Creation,float32,10000000,,0.0223,0.005,available,,not_measured,managed,0.005,4.46,faster
np.zeros (float64),Creation,float64,1000,,0.0004,0.0022,available,,not_measured,managed,0.0022,0.181818,negligible
np.zeros (float64),Creation,float64,100000,,0.0094,0.005,available,,not_measured,managed,0.005,1.88,faster
np.zeros (float64),Creation,float64,10000000,,0.0189,0.0147,available,,not_measured,managed,0.0147,1.285714,faster
np.zeros (int32),Creation,int32,1000,,0.0004,0.0036,available,,not_measured,managed,0.0036,0.111111,negligible
np.zeros (int32),Creation,int32,100000,,0.0052,0.004,available,,not_measured,managed,0.004,1.3,faster
np.zeros (int32),Creation,int32,10000000,,0.0112,0.0136,available,,not_measured,managed,0.0136,0.823529,close
np.zeros (int64),Creation,int64,1000,,0.0004,0.0051,available,,not_measured,managed,0.0051,0.078431,negligible
np.zeros (int64),Creation,int64,100000,,0.0099,0.0051,available,,not_measured,managed,0.0051,1.941176,faster
np.zeros (int64),Creation,int64,10000000,,0.01,0.0116,available,,not_measured,managed,0.0116,0.862069,close
np.zeros_like (float32),Creation,float32,1000,,0.0011,0.0018,available,,not_measured,managed,0.0018,0.611111,slower
np.zeros_like (float32),Creation,float32,100000,,0.0056,0.0047,available,,not_measured,managed,0.0047,1.191489,faster
np.zeros_like (float32),Creation,float32,10000000,,9.7782,0.0052,available,,not_measured,managed,0.0052,1880.423077,negligible
np.zeros_like (float64),Creation,float64,1000,,0.001,0.007,available,,not_measured,managed,0.007,0.142857,much_slower
np.zeros_like (float64),Creation,float64,100000,,0.0111,0.0052,available,,not_measured,managed,0.0052,2.134615,faster
np.zeros_like (float64),Creation,float64,10000000,,19.1048,0.014,available,,not_measured,managed,0.014,1364.628571,negligible
np.zeros_like (int32),Creation,int32,1000,,0.001,0.0019,available,,not_measured,managed,0.0019,0.526316,slower
np.zeros_like (int32),Creation,int32,100000,,0.0058,0.0043,available,,not_measured,managed,0.0043,1.348837,faster
np.zeros_like (int32),Creation,int32,10000000,,7.6693,0.0142,available,,not_measured,managed,0.0142,540.091549,negligible
np.zeros_like (int64),Creation,int64,1000,,0.0013,0.0088,available,,not_measured,managed,0.0088,0.147727,much_slower
np.zeros_like (int64),Creation,int64,100000,,0.0103,0.0055,available,,not_measured,managed,0.0055,1.872727,faster
np.zeros_like (int64),Creation,int64,10000000,,15.2495,0.0124,available,,not_measured,managed,0.0124,1229.798387,negligible
np.fft.fft(a) (complex128),Fourier,complex128,1000,,0.0083,0.0134,available,,not_measured,managed,0.0134,0.619403,slower
np.fft.fft(a) (complex128),Fourier,complex128,100000,,1.6688,2.6356,available,,not_measured,managed,2.6356,0.633177,slower
np.fft.fft2(a) (complex128),Fourier,complex128,1000,,0.0398,0.084,available,,not_measured,managed,0.084,0.47381,slower
np.fft.fft2(a) (complex128),Fourier,complex128,100000,,4.6928,12.2773,available,,not_measured,managed,12.2773,0.382234,slower
np.fft.fftfreq(n) (float64),Fourier,float64,1000,,0.0037,0.0173,available,,not_measured,managed,0.0173,0.213873,much_slower
np.fft.fftfreq(n) (float64),Fourier,float64,100000,,0.5761,0.5204,available,,not_measured,managed,0.5204,1.107033,faster
np.fft.fftn(a) (complex128),Fourier,complex128,1000,,0.037,0.0902,available,,not_measured,managed,0.0902,0.4102,slower
np.fft.fftn(a) (complex128),Fourier,complex128,100000,,4.7336,12.0817,available,,not_measured,managed,12.0817,0.391799,slower
np.fft.fftshift(a) (complex128),Fourier,complex128,1000,,0.0049,0.0171,available,,not_measured,managed,0.0171,0.28655,much_slower
np.fft.fftshift(a) (complex128),Fourier,complex128,100000,,0.3652,0.399,available,,not_measured,managed,0.399,0.915288,close
np.fft.hfft(a) (float64),Fourier,float64,1000,,0.0072,0.0144,available,,not_measured,managed,0.0144,0.5,slower
np.fft.hfft(a) (float64),Fourier,float64,100000,,1.0131,1.258,available,,not_measured,managed,1.258,0.805326,close
np.fft.ifft(a) (complex128),Fourier,complex128,1000,,0.0092,0.0149,available,,not_measured,managed,0.0149,0.61745,slower
np.fft.ifft(a) (complex128),Fourier,complex128,100000,,1.7096,2.6423,available,,not_measured,managed,2.6423,0.647012,slower
np.fft.ifft2(a) (complex128),Fourier,complex128,1000,,0.041,0.0921,available,,not_measured,managed,0.0921,0.445168,slower
np.fft.ifft2(a) (complex128),Fourier,complex128,100000,,4.906,12.2657,available,,not_measured,managed,12.2657,0.399977,slower
np.fft.ifftn(a) (complex128),Fourier,complex128,1000,,0.0397,0.0931,available,,not_measured,managed,0.0931,0.426423,slower
np.fft.ifftn(a) (complex128),Fourier,complex128,100000,,4.7066,12.3028,available,,not_measured,managed,12.3028,0.382563,slower
np.fft.ifftshift(a) (complex128),Fourier,complex128,1000,,0.0048,0.0131,available,,not_measured,managed,0.0131,0.366412,slower
np.fft.ifftshift(a) (complex128),Fourier,complex128,100000,,0.374,0.3828,available,,not_measured,managed,0.3828,0.977011,close
np.fft.ihfft(a) (float64),Fourier,float64,1000,,0.0084,0.014,available,,not_measured,managed,0.014,0.6,slower
np.fft.ihfft(a) (float64),Fourier,float64,100000,,0.7712,1.3247,available,,not_measured,managed,1.3247,0.58217,slower
np.fft.irfft(a) (float64),Fourier,float64,1000,,0.0072,0.0112,available,,not_measured,managed,0.0112,0.642857,slower
np.fft.irfft(a) (float64),Fourier,float64,100000,,0.7726,1.1853,available,,not_measured,managed,1.1853,0.651818,slower
np.fft.irfft2(a) (float64),Fourier,float64,1000,,0.0262,0.0394,available,,not_measured,managed,0.0394,0.664975,slower
np.fft.irfft2(a) (float64),Fourier,float64,100000,,2.4615,6.3602,available,,not_measured,managed,6.3602,0.387016,slower
np.fft.irfftn(a) (float64),Fourier,float64,1000,,0.0264,0.045,available,,not_measured,managed,0.045,0.586667,slower
np.fft.irfftn(a) (float64),Fourier,float64,100000,,2.5572,6.0528,available,,not_measured,managed,6.0528,0.422482,slower
np.fft.rfft(a) (float64),Fourier,float64,1000,,0.0065,0.0094,available,,not_measured,managed,0.0094,0.691489,slower
np.fft.rfft(a) (float64),Fourier,float64,100000,,0.7252,1.1505,available,,not_measured,managed,1.1505,0.630335,slower
np.fft.rfft2(a) (float64),Fourier,float64,1000,,0.0302,0.0436,available,,not_measured,managed,0.0436,0.692661,slower
np.fft.rfft2(a) (float64),Fourier,float64,100000,,2.4503,6.0298,available,,not_measured,managed,6.0298,0.406365,slower
np.fft.rfftfreq(n) (float64),Fourier,float64,1000,,0.0019,0.0091,available,,not_measured,managed,0.0091,0.208791,much_slower
np.fft.rfftfreq(n) (float64),Fourier,float64,100000,,0.0264,0.2016,available,,not_measured,managed,0.2016,0.130952,much_slower
np.fft.rfftn(a) (float64),Fourier,float64,1000,,0.0264,0.0442,available,,not_measured,managed,0.0442,0.597285,slower
np.fft.rfftn(a) (float64),Fourier,float64,100000,,2.4023,6.111,available,,not_measured,managed,6.111,0.393111,slower
np.diagonal(a) (float64),LinearAlgebra,float64,1000,,0.0005,0.0006,available,,not_measured,managed,0.0006,0.833333,negligible
np.diagonal(a) (float64),LinearAlgebra,float64,100000,,0.0006,0.0007,available,,not_measured,managed,0.0007,0.857143,negligible
np.diagonal(a) (float64),LinearAlgebra,float64,10000000,,0.0006,0.0007,available,,not_measured,managed,0.0007,0.857143,negligible
"np.dot(a, b) (float64)",LinearAlgebra,float64,1000,,0.0006,0.0016,available,,not_measured,managed,0.0016,0.375,negligible
"np.dot(a, b) (float64)",LinearAlgebra,float64,100000,,0.0842,0.0183,available,0.0076,available,openblas,0.0076,1.092105,faster
"np.dot(a, b) (float64)",LinearAlgebra,float64,10000000,,1.0464,11.48,available,,not_measured,managed,11.48,0.09115,much_slower
"np.einsum('ij,jk->ik', a, b)",LinearAlgebra,float64,128,"ij,jk->ik",0.2651,0.2206,available,0.0939,available,openblas,0.0939,2.823216,faster
"np.einsum(subscripts, operands) (float64)",LinearAlgebra,float64,1000,,0.0015,0.0204,available,,not_measured,managed,0.0204,0.073529,much_slower
"np.einsum(subscripts, operands) (float64)",LinearAlgebra,float64,100000,,0.0201,1.6906,available,,not_measured,managed,1.6906,0.011889,much_slower
"np.einsum(subscripts, operands) (float64)",LinearAlgebra,float64,10000000,,4.8744,165.6081,available,,not_measured,managed,165.6081,0.029433,much_slower
"np.einsum_path(subscripts, operands) (float64)",LinearAlgebra,float64,1000,,0.009,0.0036,available,,not_measured,managed,0.0036,2.5,faster
"np.einsum_path(subscripts, operands) (float64)",LinearAlgebra,float64,100000,,0.0104,0.0039,available,,not_measured,managed,0.0039,2.666667,faster
"np.einsum_path(subscripts, operands) (float64)",LinearAlgebra,float64,10000000,,0.0091,0.0034,available,,not_measured,managed,0.0034,2.676471,faster
"np.inner(a, b)",LinearAlgebra,float64,100000,,0.0076,0.0075,available,0.0078,available,managed,0.0075,1.013333,close
np.linalg.cholesky(a),LinearAlgebra,float64,32,,0.0051,,missing_backend,0.0166,available,openblas,0.0166,0.307229,much_slower
np.linalg.cholesky(a),LinearAlgebra,float64,96,,0.0229,,missing_backend,0.0414,available,openblas,0.0414,0.55314,slower
np.linalg.cond(a),LinearAlgebra,float64,32,,0.0424,,missing_backend,0.0454,available,openblas,0.0454,0.933921,close
np.linalg.cond(a),LinearAlgebra,float64,96,,0.3338,,missing_backend,0.3186,available,openblas,0.3186,1.047709,close
"np.linalg.cross(a, b) (float64)",LinearAlgebra,float64,1000,,0.0152,0.0531,available,,not_measured,managed,0.0531,0.286252,much_slower
"np.linalg.cross(a, b) (float64)",LinearAlgebra,float64,100000,,0.6925,1.6998,available,,not_measured,managed,1.6998,0.407401,slower
np.linalg.det(a),LinearAlgebra,float64,32,,0.007,,missing_backend,0.01,available,openblas,0.01,0.7,slower
np.linalg.det(a),LinearAlgebra,float64,96,,0.0321,,missing_backend,0.0322,available,openblas,0.0322,0.996894,close
np.linalg.diagonal(a) (float64),LinearAlgebra,float64,1000,,0.0007,0.0008,available,,not_measured,managed,0.0008,0.875,negligible
np.linalg.diagonal(a) (float64),LinearAlgebra,float64,100000,,0.0007,0.0009,available,,not_measured,managed,0.0009,0.777778,negligible
np.linalg.eig(a),LinearAlgebra,float64,32,,0.1148,,missing_backend,0.1395,available,openblas,0.1395,0.822939,close
np.linalg.eig(a),LinearAlgebra,float64,96,,1.5073,,missing_backend,1.487,available,openblas,1.487,1.013652,close
np.linalg.eigh(a),LinearAlgebra,float64,32,,0.0535,,missing_backend,0.0577,available,openblas,0.0577,0.92721,close
np.linalg.eigh(a),LinearAlgebra,float64,96,,0.4739,,missing_backend,0.4273,available,openblas,0.4273,1.109057,faster
np.linalg.eigvals(a),LinearAlgebra,float64,32,,0.07,,missing_backend,0.08,available,openblas,0.08,0.875,close
np.linalg.eigvals(a),LinearAlgebra,float64,96,,0.9121,,missing_backend,0.8608,available,openblas,0.8608,1.059596,faster
np.linalg.eigvalsh(a),LinearAlgebra,float64,32,,0.0239,,missing_backend,0.0245,available,openblas,0.0245,0.97551,close
np.linalg.eigvalsh(a),LinearAlgebra,float64,96,,0.1824,,missing_backend,0.1664,available,openblas,0.1664,1.096154,faster
np.linalg.inv(a),LinearAlgebra,float64,32,,0.0115,,missing_backend,0.0209,available,openblas,0.0209,0.550239,slower
np.linalg.inv(a),LinearAlgebra,float64,96,,0.0883,,missing_backend,0.0881,available,openblas,0.0881,1.00227,close
"np.linalg.lstsq(a, b)",LinearAlgebra,float64,32,,0.0918,,missing_backend,0.0946,available,openblas,0.0946,0.970402,close
"np.linalg.lstsq(a, b)",LinearAlgebra,float64,96,,0.877,,missing_backend,0.8382,available,openblas,0.8382,1.04629,close
"np.linalg.matmul(a, b)",LinearAlgebra,float64,128,,0.067,0.2107,available,0.0915,available,openblas,0.0915,0.73224,slower
"np.linalg.matmul(a, b) (float64)",LinearAlgebra,float64,1000,,0.0027,0.0149,available,,not_measured,managed,0.0149,0.181208,much_slower
"np.linalg.matmul(a, b) (float64)",LinearAlgebra,float64,100000,,0.0533,0.502,available,,not_measured,managed,0.502,0.106175,much_slower
np.linalg.matrix_norm(a) (float64),LinearAlgebra,float64,1000,,0.0025,0.0156,available,,not_measured,managed,0.0156,0.160256,much_slower
np.linalg.matrix_norm(a) (float64),LinearAlgebra,float64,100000,,0.0063,0.0769,available,,not_measured,managed,0.0769,0.081925,much_slower
"np.linalg.matrix_norm(a, ord=2)",LinearAlgebra,float64,32,ord=2,0.0467,,missing_backend,0.0364,available,openblas,0.0364,1.282967,faster
"np.linalg.matrix_norm(a, ord=2)",LinearAlgebra,float64,96,ord=2,0.33,,missing_backend,0.3064,available,openblas,0.3064,1.077023,faster
"np.linalg.matrix_power(a, -1)",LinearAlgebra,float64,32,n=-1,0.0134,,missing_backend,0.0164,available,openblas,0.0164,0.817073,close
"np.linalg.matrix_power(a, -1)",LinearAlgebra,float64,96,n=-1,0.097,,missing_backend,0.0919,available,openblas,0.0919,1.055495,faster
"np.linalg.matrix_power(a, 3) (float64)",LinearAlgebra,float64,1000,,0.0058,0.0264,available,,not_measured,managed,0.0264,0.219697,much_slower
"np.linalg.matrix_power(a, 3) (float64)",LinearAlgebra,float64,100000,,0.1245,0.97,available,,not_measured,managed,0.97,0.128351,much_slower
np.linalg.matrix_rank(a),LinearAlgebra,float64,32,,0.0421,,missing_backend,0.0446,available,openblas,0.0446,0.943946,close
np.linalg.matrix_rank(a),LinearAlgebra,float64,96,,0.3034,,missing_backend,0.3003,available,openblas,0.3003,1.010323,close
np.linalg.matrix_transpose(a) (float64),LinearAlgebra,float64,1000,,0.0007,0.0011,available,,not_measured,managed,0.0011,0.636364,negligible
np.linalg.matrix_transpose(a) (float64),LinearAlgebra,float64,100000,,0.0007,0.0012,available,,not_measured,managed,0.0012,0.583333,negligible
np.linalg.multi_dot(arrays),LinearAlgebra,float64,128,,0.1324,0.3759,available,0.197,available,openblas,0.197,0.672081,slower
np.linalg.multi_dot(arrays) (float64),LinearAlgebra,float64,1000,,0.0057,0.028,available,,not_measured,managed,0.028,0.203571,much_slower
np.linalg.multi_dot(arrays) (float64),LinearAlgebra,float64,100000,,0.1202,0.9732,available,,not_measured,managed,0.9732,0.12351,much_slower
np.linalg.norm(a) (float64),LinearAlgebra,float64,1000,,0.001,0.0031,available,,not_measured,managed,0.0031,0.322581,much_slower
np.linalg.norm(a) (float64),LinearAlgebra,float64,100000,,0.0994,0.0188,available,,not_measured,managed,0.0188,5.287234,faster
"np.linalg.norm(a, ord=2)",LinearAlgebra,float64,32,ord=2,0.0468,,missing_backend,0.0356,available,openblas,0.0356,1.314607,faster
"np.linalg.norm(a, ord=2)",LinearAlgebra,float64,96,ord=2,0.3086,,missing_backend,0.2922,available,openblas,0.2922,1.056126,faster
"np.linalg.outer(a, b) (float64)",LinearAlgebra,float64,1000,,0.0025,0.0112,available,,not_measured,managed,0.0112,0.223214,much_slower
"np.linalg.outer(a, b) (float64)",LinearAlgebra,float64,100000,,0.0398,0.1636,available,,not_measured,managed,0.1636,0.243276,much_slower
np.linalg.pinv(a),LinearAlgebra,float64,32,,0.0982,,missing_backend,0.1116,available,openblas,0.1116,0.879928,close
np.linalg.pinv(a),LinearAlgebra,float64,96,,0.8362,,missing_backend,0.8636,available,openblas,0.8636,0.968272,close
np.linalg.qr(a),LinearAlgebra,float64,32,,0.0263,,missing_backend,0.036,available,openblas,0.036,0.730556,slower
np.linalg.qr(a),LinearAlgebra,float64,96,,0.1878,,missing_backend,0.1876,available,openblas,0.1876,1.001066,close
np.linalg.slogdet(a),LinearAlgebra,float64,32,,0.0079,,missing_backend,0.0088,available,openblas,0.0088,0.897727,close
np.linalg.slogdet(a),LinearAlgebra,float64,96,,0.0328,,missing_backend,0.0319,available,openblas,0.0319,1.028213,close
"np.linalg.solve(a, b)",LinearAlgebra,float64,32,,0.0107,,missing_backend,0.0089,available,openblas,0.0089,1.202247,faster
"np.linalg.solve(a, b)",LinearAlgebra,float64,96,,0.0335,,missing_backend,0.032,available,openblas,0.032,1.046875,close
np.linalg.svd(a),LinearAlgebra,float64,32,,0.0934,,missing_backend,0.0857,available,openblas,0.0857,1.089848,faster
np.linalg.svd(a),LinearAlgebra,float64,96,,0.8002,,missing_backend,0.7232,available,openblas,0.7232,1.106471,faster
np.linalg.svdvals(a),LinearAlgebra,float64,32,,0.0394,,missing_backend,0.0329,available,openblas,0.0329,1.197568,faster
np.linalg.svdvals(a),LinearAlgebra,float64,96,,0.3313,,missing_backend,0.2928,available,openblas,0.2928,1.131489,faster
"np.linalg.tensordot(a, b) (float64)",LinearAlgebra,float64,1000,,0.006,0.0185,available,,not_measured,managed,0.0185,0.324324,much_slower
"np.linalg.tensordot(a, b) (float64)",LinearAlgebra,float64,100000,,0.066,0.4766,available,,not_measured,managed,0.4766,0.138481,much_slower
"np.linalg.tensordot(a, b, axes=1)",LinearAlgebra,float64,128,axes=1,0.0663,0.2046,available,0.0895,available,openblas,0.0895,0.740782,slower
np.linalg.tensorinv(a),LinearAlgebra,float64,32,,0.0147,,missing_backend,0.0165,available,openblas,0.0165,0.890909,close
np.linalg.tensorinv(a),LinearAlgebra,float64,96,,0.0988,,missing_backend,0.0869,available,openblas,0.0869,1.136939,faster
"np.linalg.tensorsolve(a, b)",LinearAlgebra,float64,32,,0.0092,,missing_backend,0.0094,available,openblas,0.0094,0.978723,close
"np.linalg.tensorsolve(a, b)",LinearAlgebra,float64,96,,0.0391,,missing_backend,0.0326,available,openblas,0.0326,1.199387,faster
np.linalg.trace(a) (float64),LinearAlgebra,float64,1000,,0.0016,0.0011,available,,not_measured,managed,0.0011,1.454545,faster
np.linalg.trace(a) (float64),LinearAlgebra,float64,100000,,0.0016,0.0014,available,,not_measured,managed,0.0014,1.142857,faster
"np.linalg.vecdot(a, b) (float64)",LinearAlgebra,float64,1000,,0.0009,0.0115,available,,not_measured,managed,0.0115,0.078261,negligible
"np.linalg.vecdot(a, b) (float64)",LinearAlgebra,float64,100000,,0.0905,0.1864,available,0.0145,available,openblas,0.0145,0.544828,slower
np.linalg.vector_norm(a) (float64),LinearAlgebra,float64,1000,,0.0027,0.018,available,,not_measured,managed,0.018,0.15,much_slower
np.linalg.vector_norm(a) (float64),LinearAlgebra,float64,100000,,0.0315,0.3644,available,,not_measured,managed,0.3644,0.086443,much_slower
"np.matmul(A, B) (float64)",LinearAlgebra,float64,1000,,0.0025,0.0116,available,,not_measured,managed,0.0116,0.215517,much_slower
"np.matmul(A, B) (float64)",LinearAlgebra,float64,100000,,0.57,4.5719,available,,not_measured,managed,4.5719,0.124675,much_slower
"np.matmul(A, B) (float64)",LinearAlgebra,float64,10000000,,0.6206,8.5667,available,,not_measured,managed,8.5667,0.072443,much_slower
"np.matmul(a, b)",LinearAlgebra,float64,128,,0.0636,0.2112,available,0.0933,available,openblas,0.0933,0.681672,slower
"np.matvec(a, b)",LinearAlgebra,float64,128,,0.0022,0.0231,available,0.0022,available,openblas,0.0022,1.0,close
"np.matvec(a, b) (float64)",LinearAlgebra,float64,1000,,0.001,0.0053,available,,not_measured,managed,0.0053,0.188679,much_slower
"np.matvec(a, b) (float64)",LinearAlgebra,float64,100000,,0.0059,0.1351,available,,not_measured,managed,0.1351,0.043671,much_slower
"np.matvec(a, b) (float64)",LinearAlgebra,float64,10000000,,0.0078,0.1907,available,,not_measured,managed,0.1907,0.040902,much_slower
"np.outer(a, b) (float64)",LinearAlgebra,float64,1000,,0.0024,0.0123,available,,not_measured,managed,0.0123,0.195122,much_slower
"np.outer(a, b) (float64)",LinearAlgebra,float64,100000,,0.0389,0.1559,available,,not_measured,managed,0.1559,0.249519,much_slower
"np.outer(a, b) (float64)",LinearAlgebra,float64,10000000,,14.3826,15.9524,available,,not_measured,managed,15.9524,0.901595,close
"np.tensordot(a, b) (float64)",LinearAlgebra,float64,1000,,0.0038,0.0206,available,,not_measured,managed,0.0206,0.184466,much_slower
"np.tensordot(a, b) (float64)",LinearAlgebra,float64,100000,,0.1059,1.7343,available,,not_measured,managed,1.7343,0.061062,much_slower
"np.tensordot(a, b) (float64)",LinearAlgebra,float64,10000000,,1.3214,166.5067,available,,not_measured,managed,166.5067,0.007936,much_slower
"np.tensordot(a, b, axes=1)",LinearAlgebra,float64,128,axes=1,0.0664,0.2107,available,0.0943,available,openblas,0.0943,0.704136,slower
"np.vdot(a, b) (float64)",LinearAlgebra,float64,1000,,0.0006,0.0034,available,,not_measured,managed,0.0034,0.176471,negligible
"np.vdot(a, b) (float64)",LinearAlgebra,float64,100000,,0.0977,0.0147,available,0.0083,available,openblas,0.0083,0.903614,close
"np.vdot(a, b) (float64)",LinearAlgebra,float64,10000000,,1.4025,11.3037,available,,not_measured,managed,11.3037,0.124074,much_slower
"np.vecdot(a, b) (float64)",LinearAlgebra,float64,1000,,0.0007,0.006,available,,not_measured,managed,0.006,0.116667,negligible
"np.vecdot(a, b) (float64)",LinearAlgebra,float64,100000,,0.0996,0.1817,available,0.0078,available,openblas,0.0078,0.974359,close
"np.vecdot(a, b) (float64)",LinearAlgebra,float64,10000000,,1.344,37.0803,available,,not_measured,managed,37.0803,0.036246,much_slower
"np.vecmat(a, b)",LinearAlgebra,float64,128,,0.0017,0.0036,available,0.0022,available,openblas,0.0022,0.772727,slower
"np.vecmat(a, b) (float64)",LinearAlgebra,float64,1000,,0.0007,0.0055,available,,not_measured,managed,0.0055,0.127273,negligible
"np.vecmat(a, b) (float64)",LinearAlgebra,float64,100000,,0.0058,0.0671,available,,not_measured,managed,0.0671,0.086438,much_slower
"np.vecmat(a, b) (float64)",LinearAlgebra,float64,10000000,,0.0087,0.0831,available,,not_measured,managed,0.0831,0.104693,much_slower
np.all(a) (bool),Logic,bool,1000,,0.0015,,not_measured,,not_measured,,,,no_data
np.all(a) (bool),Logic,bool,100000,,0.0015,,not_measured,,not_measured,,,,no_data
np.all(a) (bool),Logic,bool,10000000,,0.0044,,not_measured,,not_measured,,,,no_data
"np.allclose(a, b) (float16)",Logic,float16,1000,,0.0321,0.1052,available,,not_measured,managed,0.1052,0.305133,much_slower
"np.allclose(a, b) (float16)",Logic,float16,100000,,1.8036,1.0727,available,,not_measured,managed,1.0727,1.681365,faster
"np.allclose(a, b) (float32)",Logic,float32,1000,,0.0158,0.0281,available,,not_measured,managed,0.0281,0.562278,slower
"np.allclose(a, b) (float32)",Logic,float32,100000,,0.4039,0.6146,available,,not_measured,managed,0.6146,0.657175,slower
"np.allclose(a, b) (float64)",Logic,float64,1000,,0.0137,0.0446,available,,not_measured,managed,0.0446,0.307175,much_slower
"np.allclose(a, b) (float64)",Logic,float64,100000,,0.6605,0.5379,available,,not_measured,managed,0.5379,1.227923,faster
np.any(a) (bool),Logic,bool,1000,,0.0015,,not_measured,,not_measured,,,,no_data
np.any(a) (bool),Logic,bool,100000,,0.0015,,not_measured,,not_measured,,,,no_data
np.any(a) (bool),Logic,bool,10000000,,0.0046,,not_measured,,not_measured,,,,no_data
"np.array_equal(a, b) (float16)",Logic,float16,1000,,0.0026,0.0031,available,,not_measured,managed,0.0031,0.83871,close
"np.array_equal(a, b) (float16)",Logic,float16,100000,,0.0886,0.1328,available,,not_measured,managed,0.1328,0.667169,slower
"np.array_equal(a, b) (float16)",Logic,float16,10000000,,23.0125,13.2102,available,,not_measured,managed,13.2102,1.742025,faster
"np.array_equal(a, b) (float32)",Logic,float32,1000,,0.0021,0.0017,available,,not_measured,managed,0.0017,1.235294,faster
"np.array_equal(a, b) (float32)",Logic,float32,100000,,0.0078,0.0189,available,,not_measured,managed,0.0189,0.412698,slower
"np.array_equal(a, b) (float32)",Logic,float32,10000000,,10.5092,10.6271,available,,not_measured,managed,10.6271,0.988906,close
"np.array_equal(a, b) (float64)",Logic,float64,1000,,0.0016,0.0022,available,,not_measured,managed,0.0022,0.727273,slower
"np.array_equal(a, b) (float64)",Logic,float64,100000,,0.0125,0.0296,available,,not_measured,managed,0.0296,0.422297,slower
"np.array_equal(a, b) (float64)",Logic,float64,10000000,,17.9935,17.0187,available,,not_measured,managed,17.0187,1.057278,faster
"np.fmax(a, b) (float16)",Logic,float16,1000,,0.003,0.0041,available,,not_measured,managed,0.0041,0.731707,slower
"np.fmax(a, b) (float16)",Logic,float16,100000,,0.7577,0.9329,available,,not_measured,managed,0.9329,0.812199,close
"np.fmax(a, b) (float16)",Logic,float16,10000000,,102.9525,90.2446,available,,not_measured,managed,90.2446,1.140816,faster
"np.fmax(a, b) (float32)",Logic,float32,1000,,0.0006,0.0027,available,,not_measured,managed,0.0027,0.222222,negligible
"np.fmax(a, b) (float32)",Logic,float32,100000,,0.0081,0.0653,available,,not_measured,managed,0.0653,0.124043,much_slower
"np.fmax(a, b) (float32)",Logic,float32,10000000,,15.9897,12.6556,available,,not_measured,managed,12.6556,1.263449,faster
"np.fmax(a, b) (float64)",Logic,float64,1000,,0.0006,0.0035,available,,not_measured,managed,0.0035,0.171429,negligible
"np.fmax(a, b) (float64)",Logic,float64,100000,,0.0324,0.1486,available,,not_measured,managed,0.1486,0.218035,much_slower
"np.fmax(a, b) (float64)",Logic,float64,10000000,,33.1112,32.2104,available,,not_measured,managed,32.2104,1.027966,close
"np.fmin(a, b) (float16)",Logic,float16,1000,,0.0029,0.005,available,,not_measured,managed,0.005,0.58,slower
"np.fmin(a, b) (float16)",Logic,float16,100000,,0.7678,0.9324,available,,not_measured,managed,0.9324,0.823466,close
"np.fmin(a, b) (float16)",Logic,float16,10000000,,98.8801,90.945,available,,not_measured,managed,90.945,1.087252,faster
"np.fmin(a, b) (float32)",Logic,float32,1000,,0.0006,0.0024,available,,not_measured,managed,0.0024,0.25,negligible
"np.fmin(a, b) (float32)",Logic,float32,100000,,0.0078,0.059,available,,not_measured,managed,0.059,0.132203,much_slower
"np.fmin(a, b) (float32)",Logic,float32,10000000,,16.3969,12.2661,available,,not_measured,managed,12.2661,1.336766,faster
"np.fmin(a, b) (float64)",Logic,float64,1000,,0.0006,0.004,available,,not_measured,managed,0.004,0.15,negligible
"np.fmin(a, b) (float64)",Logic,float64,100000,,0.0315,0.151,available,,not_measured,managed,0.151,0.208609,much_slower
"np.fmin(a, b) (float64)",Logic,float64,10000000,,33.1123,36.3312,available,,not_measured,managed,36.3312,0.911401,close
"np.isclose(a, b) (float16)",Logic,float16,1000,,0.0336,0.0941,available,,not_measured,managed,0.0941,0.357067,slower
"np.isclose(a, b) (float16)",Logic,float16,100000,,1.7771,1.1131,available,,not_measured,managed,1.1131,1.596532,faster
"np.isclose(a, b) (float32)",Logic,float32,1000,,0.012,0.0387,available,,not_measured,managed,0.0387,0.310078,much_slower
"np.isclose(a, b) (float32)",Logic,float32,100000,,0.3826,0.6096,available,,not_measured,managed,0.6096,0.627625,slower
"np.isclose(a, b) (float64)",Logic,float64,1000,,0.0119,0.0562,available,,not_measured,managed,0.0562,0.211744,much_slower
"np.isclose(a, b) (float64)",Logic,float64,100000,,0.7306,0.57,available,,not_measured,managed,0.57,1.281754,faster
np.iscomplex(a) (float16),Logic,float16,1000,,0.0005,0.002,available,,not_measured,managed,0.002,0.25,negligible
np.iscomplex(a) (float16),Logic,float16,100000,,0.0017,0.0188,available,,not_measured,managed,0.0188,0.090426,much_slower
np.iscomplex(a) (float16),Logic,float16,10000000,,0.0176,,not_measured,,not_measured,,,,no_data
np.iscomplex(a) (float32),Logic,float32,1000,,0.0005,0.0014,available,,not_measured,managed,0.0014,0.357143,negligible
np.iscomplex(a) (float32),Logic,float32,100000,,0.0017,0.0174,available,,not_measured,managed,0.0174,0.097701,much_slower
np.iscomplex(a) (float32),Logic,float32,10000000,,0.0183,,not_measured,,not_measured,,,,no_data
np.iscomplex(a) (float64),Logic,float64,1000,,0.0005,0.002,available,,not_measured,managed,0.002,0.25,negligible
np.iscomplex(a) (float64),Logic,float64,100000,,0.0019,0.0174,available,,not_measured,managed,0.0174,0.109195,much_slower
np.iscomplex(a) (float64),Logic,float64,10000000,,0.0197,,not_measured,,not_measured,,,,no_data
np.iscomplexobj(a) (float16),Logic,float16,1000,,0.0002,0.0,available,,not_measured,managed,0.0,,no_data
np.iscomplexobj(a) (float16),Logic,float16,100000,,0.0002,0.0,available,,not_measured,managed,0.0,,no_data
np.iscomplexobj(a) (float16),Logic,float16,10000000,,0.0004,0.0,available,,not_measured,managed,0.0,,no_data
np.iscomplexobj(a) (float32),Logic,float32,1000,,0.0002,0.0,available,,not_measured,managed,0.0,,no_data
np.iscomplexobj(a) (float32),Logic,float32,100000,,0.0002,0.0,available,,not_measured,managed,0.0,,no_data
np.iscomplexobj(a) (float32),Logic,float32,10000000,,0.0004,0.0,available,,not_measured,managed,0.0,,no_data
np.iscomplexobj(a) (float64),Logic,float64,1000,,0.0002,0.0,available,,not_measured,managed,0.0,,no_data
np.iscomplexobj(a) (float64),Logic,float64,100000,,0.0002,0.0,available,,not_measured,managed,0.0,,no_data
np.iscomplexobj(a) (float64),Logic,float64,10000000,,0.0004,0.0,available,,not_measured,managed,0.0,,no_data
np.isfinite(a) (float16),Logic,float16,1000,,0.0009,0.0019,available,,not_measured,managed,0.0019,0.473684,negligible
np.isfinite(a) (float16),Logic,float16,100000,,0.0483,0.0588,available,,not_measured,managed,0.0588,0.821429,close
np.isfinite(a) (float16),Logic,float16,10000000,,5.8575,6.6886,available,,not_measured,managed,6.6886,0.875744,close
np.isfinite(a) (float32),Logic,float32,1000,,0.0004,0.0028,available,,not_measured,managed,0.0028,0.142857,negligible
np.isfinite(a) (float32),Logic,float32,100000,,0.0052,0.0558,available,,not_measured,managed,0.0558,0.09319,much_slower
np.isfinite(a) (float32),Logic,float32,10000000,,6.377,7.3553,available,,not_measured,managed,7.3553,0.866994,close
np.isfinite(a) (float64),Logic,float64,1000,,0.0005,0.0032,available,,not_measured,managed,0.0032,0.15625,negligible
np.isfinite(a) (float64),Logic,float64,100000,,0.0103,0.0618,available,,not_measured,managed,0.0618,0.166667,much_slower
np.isfinite(a) (float64),Logic,float64,10000000,,13.3022,10.6654,available,,not_measured,managed,10.6654,1.247229,faster
np.isfortran(a) (float16),Logic,float16,1000,,0.0002,0.0,available,,not_measured,managed,0.0,,no_data
np.isfortran(a) (float16),Logic,float16,100000,,0.0001,0.0,available,,not_measured,managed,0.0,,no_data
np.isfortran(a) (float16),Logic,float16,10000000,,0.0002,0.0,available,,not_measured,managed,0.0,,no_data
np.isfortran(a) (float32),Logic,float32,1000,,0.0002,0.0,available,,not_measured,managed,0.0,,no_data
np.isfortran(a) (float32),Logic,float32,100000,,0.0001,0.0,available,,not_measured,managed,0.0,,no_data
np.isfortran(a) (float32),Logic,float32,10000000,,0.0002,0.0,available,,not_measured,managed,0.0,,no_data
np.isfortran(a) (float64),Logic,float64,1000,,0.0001,0.0,available,,not_measured,managed,0.0,,no_data
np.isfortran(a) (float64),Logic,float64,100000,,0.0001,0.0,available,,not_measured,managed,0.0,,no_data
np.isfortran(a) (float64),Logic,float64,10000000,,0.0002,0.0,available,,not_measured,managed,0.0,,no_data
np.isinf(a) (float16),Logic,float16,1000,,0.0009,0.0023,available,,not_measured,managed,0.0023,0.391304,negligible
np.isinf(a) (float16),Logic,float16,100000,,0.0507,0.0622,available,,not_measured,managed,0.0622,0.815113,close
np.isinf(a) (float16),Logic,float16,10000000,,6.1952,6.3973,available,,not_measured,managed,6.3973,0.968409,close
np.isinf(a) (float32),Logic,float32,1000,,0.0005,0.0027,available,,not_measured,managed,0.0027,0.185185,negligible
np.isinf(a) (float32),Logic,float32,100000,,0.0053,0.0599,available,,not_measured,managed,0.0599,0.088481,much_slower
np.isinf(a) (float32),Logic,float32,10000000,,6.4727,6.7826,available,,not_measured,managed,6.7826,0.95431,close
np.isinf(a) (float64),Logic,float64,1000,,0.0005,0.0021,available,,not_measured,managed,0.0021,0.238095,negligible
np.isinf(a) (float64),Logic,float64,100000,,0.0104,0.0709,available,,not_measured,managed,0.0709,0.146685,much_slower
np.isinf(a) (float64),Logic,float64,10000000,,12.7463,10.8165,available,,not_measured,managed,10.8165,1.178413,faster
np.isnan(a) (float16),Logic,float16,1000,,0.0014,0.0026,available,,not_measured,managed,0.0026,0.538462,slower
np.isnan(a) (float16),Logic,float16,100000,,0.0695,0.0617,available,,not_measured,managed,0.0617,1.126418,faster
np.isnan(a) (float16),Logic,float16,10000000,,8.09,6.2036,available,,not_measured,managed,6.2036,1.304082,faster
np.isnan(a) (float32),Logic,float32,1000,,0.0005,0.0021,available,,not_measured,managed,0.0021,0.238095,negligible
np.isnan(a) (float32),Logic,float32,100000,,0.0041,0.0586,available,,not_measured,managed,0.0586,0.069966,much_slower
np.isnan(a) (float32),Logic,float32,10000000,,6.4762,7.2419,available,,not_measured,managed,7.2419,0.894268,close
np.isnan(a) (float64),Logic,float64,1000,,0.0004,0.002,available,,not_measured,managed,0.002,0.2,negligible
np.isnan(a) (float64),Logic,float64,100000,,0.0087,0.0613,available,,not_measured,managed,0.0613,0.141925,much_slower
np.isnan(a) (float64),Logic,float64,10000000,,11.5657,11.1416,available,,not_measured,managed,11.1416,1.038065,close
np.isreal(a) (float16),Logic,float16,1000,,0.002,0.0015,available,,not_measured,managed,0.0015,1.333333,faster
np.isreal(a) (float16),Logic,float16,100000,,0.0777,0.0171,available,,not_measured,managed,0.0171,4.54386,faster
np.isreal(a) (float16),Logic,float16,10000000,,22.9521,1.7465,available,,not_measured,managed,1.7465,13.141769,faster
np.isreal(a) (float32),Logic,float32,1000,,0.0013,0.001,available,,not_measured,managed,0.001,1.3,faster
np.isreal(a) (float32),Logic,float32,100000,,0.0087,0.016,available,,not_measured,managed,0.016,0.54375,slower
np.isreal(a) (float32),Logic,float32,10000000,,11.338,1.731,available,,not_measured,managed,1.731,6.549971,faster
np.isreal(a) (float64),Logic,float64,1000,,0.0013,0.002,available,,not_measured,managed,0.002,0.65,slower
np.isreal(a) (float64),Logic,float64,100000,,0.0172,0.0165,available,,not_measured,managed,0.0165,1.042424,close
np.isreal(a) (float64),Logic,float64,10000000,,21.0021,2.3786,available,,not_measured,managed,2.3786,8.829606,faster
np.isrealobj(a) (float16),Logic,float16,1000,,0.0003,0.0,available,,not_measured,managed,0.0,,no_data
np.isrealobj(a) (float16),Logic,float16,100000,,0.0003,0.0,available,,not_measured,managed,0.0,,no_data
np.isrealobj(a) (float16),Logic,float16,10000000,,0.0006,0.0,available,,not_measured,managed,0.0,,no_data
np.isrealobj(a) (float32),Logic,float32,1000,,0.0003,0.0,available,,not_measured,managed,0.0,,no_data
np.isrealobj(a) (float32),Logic,float32,100000,,0.0003,0.0,available,,not_measured,managed,0.0,,no_data
np.isrealobj(a) (float32),Logic,float32,10000000,,0.0005,0.0,available,,not_measured,managed,0.0,,no_data
np.isrealobj(a) (float64),Logic,float64,1000,,0.0003,0.0,available,,not_measured,managed,0.0,,no_data
np.isrealobj(a) (float64),Logic,float64,100000,,0.0003,0.0,available,,not_measured,managed,0.0,,no_data
np.isrealobj(a) (float64),Logic,float64,10000000,,0.0005,0.0,available,,not_measured,managed,0.0,,no_data
np.isscalar(a) (float16),Logic,float16,1000,,0.0006,0.0,available,,not_measured,managed,0.0,,no_data
np.isscalar(a) (float16),Logic,float16,100000,,0.0005,0.0,available,,not_measured,managed,0.0,,no_data
np.isscalar(a) (float16),Logic,float16,10000000,,0.0008,0.0,available,,not_measured,managed,0.0,,no_data
np.isscalar(a) (float32),Logic,float32,1000,,0.0005,0.0,available,,not_measured,managed,0.0,,no_data
np.isscalar(a) (float32),Logic,float32,100000,,0.0005,0.0,available,,not_measured,managed,0.0,,no_data
np.isscalar(a) (float32),Logic,float32,10000000,,0.0007,0.0,available,,not_measured,managed,0.0,,no_data
np.isscalar(a) (float64),Logic,float64,1000,,0.0005,0.0,available,,not_measured,managed,0.0,,no_data
np.isscalar(a) (float64),Logic,float64,100000,,0.0006,0.0,available,,not_measured,managed,0.0,,no_data
np.isscalar(a) (float64),Logic,float64,10000000,,0.0007,0.0,available,,not_measured,managed,0.0,,no_data
"np.logical_and(a, b) (bool)",Logic,bool,1000,,0.0004,,not_measured,,not_measured,,,,no_data
"np.logical_and(a, b) (bool)",Logic,bool,100000,,0.0024,,not_measured,,not_measured,,,,no_data
"np.logical_and(a, b) (bool)",Logic,bool,10000000,,3.8695,,not_measured,,not_measured,,,,no_data
np.logical_not(a) (bool),Logic,bool,1000,,0.0004,,not_measured,,not_measured,,,,no_data
np.logical_not(a) (bool),Logic,bool,100000,,0.002,,not_measured,,not_measured,,,,no_data
np.logical_not(a) (bool),Logic,bool,10000000,,2.5336,,not_measured,,not_measured,,,,no_data
"np.logical_or(a, b) (bool)",Logic,bool,1000,,0.0004,,not_measured,,not_measured,,,,no_data
"np.logical_or(a, b) (bool)",Logic,bool,100000,,0.0024,,not_measured,,not_measured,,,,no_data
"np.logical_or(a, b) (bool)",Logic,bool,10000000,,3.6492,,not_measured,,not_measured,,,,no_data
"np.logical_xor(a, b) (bool)",Logic,bool,1000,,0.0004,,not_measured,,not_measured,,,,no_data
"np.logical_xor(a, b) (bool)",Logic,bool,100000,,0.0024,,not_measured,,not_measured,,,,no_data
"np.logical_xor(a, b) (bool)",Logic,bool,10000000,,3.8543,,not_measured,,not_measured,,,,no_data
"np.maximum(a, b) (float16)",Logic,float16,1000,,0.0032,0.0045,available,,not_measured,managed,0.0045,0.711111,slower
"np.maximum(a, b) (float16)",Logic,float16,100000,,0.7702,0.9799,available,,not_measured,managed,0.9799,0.785999,slower
"np.maximum(a, b) (float16)",Logic,float16,10000000,,103.3543,95.4103,available,,not_measured,managed,95.4103,1.083261,faster
"np.maximum(a, b) (float32)",Logic,float32,1000,,0.0006,0.003,available,,not_measured,managed,0.003,0.2,negligible
"np.maximum(a, b) (float32)",Logic,float32,100000,,0.0078,0.0604,available,,not_measured,managed,0.0604,0.129139,much_slower
"np.maximum(a, b) (float32)",Logic,float32,10000000,,16.4898,15.1897,available,,not_measured,managed,15.1897,1.085591,faster
"np.maximum(a, b) (float64)",Logic,float64,1000,,0.0006,0.0035,available,,not_measured,managed,0.0035,0.171429,negligible
"np.maximum(a, b) (float64)",Logic,float64,100000,,0.0303,0.1476,available,,not_measured,managed,0.1476,0.205285,much_slower
"np.maximum(a, b) (float64)",Logic,float64,10000000,,36.4166,30.0723,available,,not_measured,managed,30.0723,1.210968,faster
"np.minimum(a, b) (float16)",Logic,float16,1000,,0.0031,0.0042,available,,not_measured,managed,0.0042,0.738095,slower
"np.minimum(a, b) (float16)",Logic,float16,100000,,0.7586,0.9733,available,,not_measured,managed,0.9733,0.77941,slower
"np.minimum(a, b) (float16)",Logic,float16,10000000,,102.8878,93.8227,available,,not_measured,managed,93.8227,1.096619,faster
"np.minimum(a, b) (float32)",Logic,float32,1000,,0.0006,0.0025,available,,not_measured,managed,0.0025,0.24,negligible
"np.minimum(a, b) (float32)",Logic,float32,100000,,0.008,0.0598,available,,not_measured,managed,0.0598,0.133779,much_slower
"np.minimum(a, b) (float32)",Logic,float32,10000000,,16.2995,12.8489,available,,not_measured,managed,12.8489,1.268552,faster
"np.minimum(a, b) (float64)",Logic,float64,1000,,0.0006,0.0038,available,,not_measured,managed,0.0038,0.157895,negligible
"np.minimum(a, b) (float64)",Logic,float64,100000,,0.0299,0.1429,available,,not_measured,managed,0.1429,0.209237,much_slower
"np.minimum(a, b) (float64)",Logic,float64,10000000,,31.6787,30.1096,available,,not_measured,managed,30.1096,1.052113,faster
a.T (transpose 2D),Manipulation,float64,1000,,0.0001,0.0009,available,,not_measured,managed,0.0009,0.111111,negligible
a.T (transpose 2D),Manipulation,float64,100000,,0.0001,0.0008,available,,not_measured,managed,0.0008,0.125,negligible
a.T (transpose 2D),Manipulation,float64,10000000,,0.0002,0.0009,available,,not_measured,managed,0.0009,0.222222,negligible
a.flatten,Manipulation,float64,1000,,0.0005,0.0033,available,,not_measured,managed,0.0033,0.151515,negligible
a.flatten,Manipulation,float64,100000,,0.0113,0.1144,available,,not_measured,managed,0.1144,0.098776,much_slower
a.flatten,Manipulation,float64,10000000,,19.3379,16.423,available,,not_measured,managed,16.423,1.177489,faster
a.ravel() (view),Manipulation,float64,1000,,0.0001,0.0012,available,,not_measured,managed,0.0012,0.083333,negligible
a.ravel() (view),Manipulation,float64,100000,,0.0004,0.0011,available,,not_measured,managed,0.0011,0.363636,negligible
a.ravel() (view),Manipulation,float64,10000000,,0.0002,0.0011,available,,not_measured,managed,0.0011,0.181818,negligible
"np.append(a, b) (float64)",Manipulation,float64,1000,,0.0016,0.0061,available,,not_measured,managed,0.0061,0.262295,much_slower
"np.append(a, b) (float64)",Manipulation,float64,100000,,0.4709,0.3376,available,,not_measured,managed,0.3376,1.394846,faster
"np.array_split(a, sections) (float64)",Manipulation,float64,1000,,0.0066,0.0054,available,,not_measured,managed,0.0054,1.222222,faster
"np.array_split(a, sections) (float64)",Manipulation,float64,100000,,0.0179,0.0055,available,,not_measured,managed,0.0055,3.254545,faster
np.atleast_1d(a) (float64),Manipulation,float64,1000,,0.0002,0.0,available,,not_measured,managed,0.0,,no_data
np.atleast_1d(a) (float64),Manipulation,float64,100000,,0.0004,0.0,available,,not_measured,managed,0.0,,no_data
np.atleast_2d(a) (float64),Manipulation,float64,1000,,0.0004,0.001,available,,not_measured,managed,0.001,0.4,negligible
np.atleast_2d(a) (float64),Manipulation,float64,100000,,0.001,0.001,available,,not_measured,managed,0.001,1.0,close
np.atleast_3d(a) (float64),Manipulation,float64,1000,,0.0005,0.0022,available,,not_measured,managed,0.0022,0.227273,negligible
np.atleast_3d(a) (float64),Manipulation,float64,100000,,0.0011,0.0021,available,,not_measured,managed,0.0021,0.52381,slower
"np.block([a, b]) (float64)",Manipulation,float64,1000,,0.0033,0.006,available,,not_measured,managed,0.006,0.55,slower
"np.block([a, b]) (float64)",Manipulation,float64,100000,,0.4932,0.3474,available,,not_measured,managed,0.3474,1.419689,faster
"np.broadcast_arrays(a, b) (float64)",Manipulation,float64,1000,,0.0034,0.0018,available,,not_measured,managed,0.0018,1.888889,faster
"np.broadcast_arrays(a, b) (float64)",Manipulation,float64,100000,,0.0095,0.0021,available,,not_measured,managed,0.0021,4.52381,faster
np.byteswap,Manipulation,float64,1000,,0.0008,0.006,available,,not_measured,managed,0.006,0.133333,negligible
np.byteswap,Manipulation,float64,100000,,0.0351,0.2107,available,,not_measured,managed,0.2107,0.166588,much_slower
np.byteswap,Manipulation,float64,10000000,,43.0448,16.3488,available,,not_measured,managed,16.3488,2.632903,faster
np.c_,Manipulation,float64,1000,,0.0043,0.0108,available,,not_measured,managed,0.0108,0.398148,slower
np.c_,Manipulation,float64,100000,,0.336,0.362,available,,not_measured,managed,0.362,0.928177,close
np.c_,Manipulation,float64,10000000,,69.4209,44.2182,available,,not_measured,managed,44.2182,1.569962,faster
"np.column_stack((a, b)) (float64)",Manipulation,float64,1000,,0.0022,0.0088,available,,not_measured,managed,0.0088,0.25,much_slower
"np.column_stack((a, b)) (float64)",Manipulation,float64,100000,,0.4905,0.3549,available,,not_measured,managed,0.3549,1.382079,faster
"np.concat((a, b)) (float64)",Manipulation,float64,1000,,0.001,0.0053,available,,not_measured,managed,0.0053,0.188679,much_slower
"np.concat((a, b)) (float64)",Manipulation,float64,100000,,0.446,0.3369,available,,not_measured,managed,0.3369,1.323835,faster
"np.concatenate([a, b, c]) (float64)",Manipulation,float64,1000,,0.0013,0.0101,available,,not_measured,managed,0.0101,0.128713,much_slower
"np.concatenate([a, b, c]) (float64)",Manipulation,float64,100000,,0.473,0.6118,available,,not_measured,managed,0.6118,0.773128,slower
"np.concatenate([a, b]) (float64)",Manipulation,float64,1000,,0.001,0.0071,available,,not_measured,managed,0.0071,0.140845,much_slower
"np.concatenate([a, b]) (float64)",Manipulation,float64,100000,,0.3284,0.4008,available,,not_measured,managed,0.4008,0.819361,close
"np.concatenate([a, b], axis=0) (float64)",Manipulation,float64,1000,,0.0011,0.0059,available,,not_measured,managed,0.0059,0.186441,much_slower
"np.concatenate([a, b], axis=0) (float64)",Manipulation,float64,100000,,0.3207,0.4204,available,,not_measured,managed,0.4204,0.762845,slower
"np.concatenate([a, b], axis=1) (float64)",Manipulation,float64,1000,,0.0012,0.0063,available,,not_measured,managed,0.0063,0.190476,much_slower
"np.concatenate([a, b], axis=1) (float64)",Manipulation,float64,100000,,0.3053,0.386,available,,not_measured,managed,0.386,0.790933,slower
"np.delete(a, index) (float64)",Manipulation,float64,1000,,0.0022,0.0054,available,,not_measured,managed,0.0054,0.407407,slower
"np.delete(a, index) (float64)",Manipulation,float64,100000,,0.0305,0.1398,available,,not_measured,managed,0.1398,0.218169,much_slower
np.diag,Manipulation,float64,1000,,0.0009,0.0103,available,,not_measured,managed,0.0103,0.087379,negligible
np.diag,Manipulation,float64,100000,,0.0008,0.1374,available,,not_measured,managed,0.1374,0.005822,negligible
np.diag,Manipulation,float64,10000000,,0.0019,3.7297,available,,not_measured,managed,3.7297,0.000509,much_slower
np.diagflat,Manipulation,float64,1000,,0.0031,0.01,available,,not_measured,managed,0.01,0.31,much_slower
np.diagflat,Manipulation,float64,100000,,0.014,0.0804,available,,not_measured,managed,0.0804,0.174129,much_slower
np.diagflat,Manipulation,float64,10000000,,6.3518,4.1278,available,,not_measured,managed,4.1278,1.538786,faster
"np.dsplit(a, sections) (float64)",Manipulation,float64,1000,,0.0094,0.0089,available,,not_measured,managed,0.0089,1.05618,faster
"np.dsplit(a, sections) (float64)",Manipulation,float64,100000,,0.0251,0.0073,available,,not_measured,managed,0.0073,3.438356,faster
"np.dstack([a, b]) (float64)",Manipulation,float64,1000,,0.0024,0.0069,available,,not_measured,managed,0.0069,0.347826,slower
"np.dstack([a, b]) (float64)",Manipulation,float64,100000,,0.3319,0.4391,available,,not_measured,managed,0.4391,0.755864,slower
"np.expand_dims(a, axis=-1) (float64)",Manipulation,float64,1000,,0.0012,0.0009,available,,not_measured,managed,0.0009,1.333333,negligible
"np.expand_dims(a, axis=-1) (float64)",Manipulation,float64,100000,,0.0012,0.0008,available,,not_measured,managed,0.0008,1.5,negligible
"np.expand_dims(a, axis=-1) (float64)",Manipulation,float64,10000000,,0.0035,0.001,available,,not_measured,managed,0.001,3.5,faster
"np.expand_dims(a, axis=0) (float64)",Manipulation,float64,1000,,0.0012,0.0011,available,,not_measured,managed,0.0011,1.090909,faster
"np.expand_dims(a, axis=0) (float64)",Manipulation,float64,100000,,0.0013,0.0006,available,,not_measured,managed,0.0006,2.166667,negligible
"np.expand_dims(a, axis=0) (float64)",Manipulation,float64,10000000,,0.0033,0.0008,available,,not_measured,managed,0.0008,4.125,negligible
"np.expand_dims(a2D, axis=1) (float64)",Manipulation,float64,1000,,0.002,0.0013,available,,not_measured,managed,0.0013,1.538462,faster
"np.expand_dims(a2D, axis=1) (float64)",Manipulation,float64,100000,,0.0015,0.0009,available,,not_measured,managed,0.0009,1.666667,negligible
"np.expand_dims(a2D, axis=1) (float64)",Manipulation,float64,10000000,,0.0031,0.0012,available,,not_measured,managed,0.0012,2.583333,faster
np.fill_diagonal,Manipulation,float64,1000,,0.001,0.0045,available,,not_measured,managed,0.0045,0.222222,much_slower
np.fill_diagonal,Manipulation,float64,100000,,0.0024,0.0046,available,,not_measured,managed,0.0046,0.521739,slower
np.fill_diagonal,Manipulation,float64,10000000,,0.0493,0.0437,available,,not_measured,managed,0.0437,1.128146,faster
np.flip,Manipulation,float64,1000,,0.0004,0.0005,available,,not_measured,managed,0.0005,0.8,negligible
np.flip,Manipulation,float64,100000,,0.0004,0.0013,available,,not_measured,managed,0.0013,0.307692,negligible
np.flip,Manipulation,float64,10000000,,0.001,0.0013,available,,not_measured,managed,0.0013,0.769231,slower
np.fliplr,Manipulation,float64,1000,,0.0004,0.0007,available,,not_measured,managed,0.0007,0.571429,negligible
np.fliplr,Manipulation,float64,100000,,0.0004,0.0015,available,,not_measured,managed,0.0015,0.266667,negligible
np.fliplr,Manipulation,float64,10000000,,0.0009,0.0008,available,,not_measured,managed,0.0008,1.125,negligible
np.flipud,Manipulation,float64,1000,,0.0003,0.001,available,,not_measured,managed,0.001,0.3,negligible
np.flipud,Manipulation,float64,100000,,0.0003,0.0013,available,,not_measured,managed,0.0013,0.230769,negligible
np.flipud,Manipulation,float64,10000000,,0.0008,0.0011,available,,not_measured,managed,0.0011,0.727273,negligible
"np.hsplit(a, sections) (float64)",Manipulation,float64,1000,,0.0093,0.0093,available,,not_measured,managed,0.0093,1.0,close
"np.hsplit(a, sections) (float64)",Manipulation,float64,100000,,0.0234,0.0077,available,,not_measured,managed,0.0077,3.038961,faster
"np.hstack([a, b]) (float64)",Manipulation,float64,1000,,0.0017,0.0048,available,,not_measured,managed,0.0048,0.354167,slower
"np.hstack([a, b]) (float64)",Manipulation,float64,100000,,0.3373,0.3738,available,,not_measured,managed,0.3738,0.902354,close
"np.insert(a, index, value) (float64)",Manipulation,float64,1000,,0.0052,0.0093,available,,not_measured,managed,0.0093,0.55914,slower
"np.insert(a, index, value) (float64)",Manipulation,float64,100000,,0.0379,0.1397,available,,not_measured,managed,0.1397,0.271296,much_slower
"np.intersect1d(a, b) (int32)",Manipulation,int32,1000,,0.0406,0.0476,available,,not_measured,managed,0.0476,0.852941,close
"np.intersect1d(a, b) (int32)",Manipulation,int32,100000,,8.3976,10.5536,available,,not_measured,managed,10.5536,0.79571,slower
"np.isin(a, b) (int32)",Manipulation,int32,1000,,0.0175,0.0442,available,,not_measured,managed,0.0442,0.395928,slower
"np.isin(a, b) (int32)",Manipulation,int32,100000,,0.8243,1.342,available,,not_measured,managed,1.342,0.614232,slower
np.ix_,Manipulation,float64,1000,,0.0017,0.0027,available,,not_measured,managed,0.0027,0.62963,slower
np.ix_,Manipulation,float64,100000,,0.0018,0.0028,available,,not_measured,managed,0.0028,0.642857,slower
np.ix_,Manipulation,float64,10000000,,0.005,0.0025,available,,not_measured,managed,0.0025,2.0,faster
np.matrix_transpose,Manipulation,float64,1000,,0.0006,0.0009,available,,not_measured,managed,0.0009,0.666667,negligible
np.matrix_transpose,Manipulation,float64,100000,,0.0006,0.0008,available,,not_measured,managed,0.0008,0.75,negligible
np.matrix_transpose,Manipulation,float64,10000000,,0.0012,0.0013,available,,not_measured,managed,0.0013,0.923077,close
"np.moveaxis(a, 0, -1) (float64)",Manipulation,float64,1000,,0.0021,0.0016,available,,not_measured,managed,0.0016,1.3125,faster
"np.moveaxis(a, 0, -1) (float64)",Manipulation,float64,100000,,0.0021,0.0014,available,,not_measured,managed,0.0014,1.5,faster
"np.moveaxis(a, 0, -1) (float64)",Manipulation,float64,10000000,,0.005,0.0015,available,,not_measured,managed,0.0015,3.333333,faster
"np.pad(a, width) (float64)",Manipulation,float64,1000,,0.0092,0.015,available,,not_measured,managed,0.015,0.613333,slower
"np.pad(a, width) (float64)",Manipulation,float64,100000,,0.0518,0.1486,available,,not_measured,managed,0.1486,0.348587,slower
np.permute_dims,Manipulation,float64,1000,,0.0004,0.0012,available,,not_measured,managed,0.0012,0.333333,negligible
np.permute_dims,Manipulation,float64,100000,,0.0004,0.0008,available,,not_measured,managed,0.0008,0.5,negligible
np.permute_dims,Manipulation,float64,10000000,,0.0007,0.0008,available,,not_measured,managed,0.0008,0.875,negligible
np.r_,Manipulation,float64,1000,,0.003,0.0051,available,,not_measured,managed,0.0051,0.588235,slower
np.r_,Manipulation,float64,100000,,0.3516,0.3909,available,,not_measured,managed,0.3909,0.899463,close
np.r_,Manipulation,float64,10000000,,40.2644,30.7325,available,,not_measured,managed,30.7325,1.310157,faster
np.r_(0:1:Nj),Manipulation,float64,1000,,0.008,0.0052,available,,not_measured,managed,0.0052,1.538462,faster
np.r_(0:1:Nj),Manipulation,float64,100000,,0.3944,0.2447,available,,not_measured,managed,0.2447,1.61177,faster
np.r_(0:1:Nj),Manipulation,float64,10000000,,88.7299,32.2724,available,,not_measured,managed,32.2724,2.749405,faster
np.r_(0:N),Manipulation,float64,1000,,0.0024,0.0062,available,,not_measured,managed,0.0062,0.387097,slower
np.r_(0:N),Manipulation,float64,100000,,0.3459,0.2549,available,,not_measured,managed,0.2549,1.357003,faster
np.r_(0:N),Manipulation,float64,10000000,,36.6485,31.4479,available,,not_measured,managed,31.4479,1.165372,faster
"np.r_(a, 0, 0, b)",Manipulation,float64,1000,,0.0042,0.0053,available,,not_measured,managed,0.0053,0.792453,slower
"np.r_(a, 0, 0, b)",Manipulation,float64,100000,,0.343,0.3824,available,,not_measured,managed,0.3824,0.896967,close
"np.r_(a, 0, 0, b)",Manipulation,float64,10000000,,37.508,30.6441,available,,not_measured,managed,30.6441,1.223988,faster
np.ravel,Manipulation,float64,1000,,0.0003,0.0011,available,,not_measured,managed,0.0011,0.272727,negligible
np.ravel,Manipulation,float64,100000,,0.0006,0.0011,available,,not_measured,managed,0.0011,0.545455,negligible
np.ravel,Manipulation,float64,10000000,,0.0007,0.001,available,,not_measured,managed,0.001,0.7,negligible
"np.repeat(a, repeats) (float64)",Manipulation,float64,1000,,0.0028,0.0082,available,,not_measured,managed,0.0082,0.341463,slower
"np.repeat(a, repeats) (float64)",Manipulation,float64,100000,,0.9866,0.4075,available,,not_measured,managed,0.4075,2.421104,faster
"np.reshape(a, shape)",Manipulation,float64,1000,,0.0006,0.0012,available,,not_measured,managed,0.0012,0.5,negligible
"np.reshape(a, shape)",Manipulation,float64,100000,,0.0006,0.0011,available,,not_measured,managed,0.0011,0.545455,negligible
"np.reshape(a, shape)",Manipulation,float64,10000000,,0.0016,0.001,available,,not_measured,managed,0.001,1.6,faster
"np.resize(a, shape) (float64)",Manipulation,float64,1000,,0.0023,0.0059,available,,not_measured,managed,0.0059,0.389831,slower
"np.resize(a, shape) (float64)",Manipulation,float64,100000,,0.5679,0.3426,available,,not_measured,managed,0.3426,1.657618,faster
"np.roll(a, shift) (float64)",Manipulation,float64,1000,,0.0048,0.0143,available,,not_measured,managed,0.0143,0.335664,slower
"np.roll(a, shift) (float64)",Manipulation,float64,100000,,0.0712,0.134,available,,not_measured,managed,0.134,0.531343,slower
"np.rollaxis(a, 2) (float64)",Manipulation,float64,1000,,0.0006,0.001,available,,not_measured,managed,0.001,0.6,negligible
"np.rollaxis(a, 2) (float64)",Manipulation,float64,100000,,0.0006,0.0011,available,,not_measured,managed,0.0011,0.545455,negligible
"np.rollaxis(a, 2) (float64)",Manipulation,float64,10000000,,0.0014,0.001,available,,not_measured,managed,0.001,1.4,faster
np.rot90,Manipulation,float64,1000,,0.0032,0.0024,available,,not_measured,managed,0.0024,1.333333,faster
np.rot90,Manipulation,float64,100000,,0.0032,0.0023,available,,not_measured,managed,0.0023,1.391304,faster
np.rot90,Manipulation,float64,10000000,,0.0106,0.0016,available,,not_measured,managed,0.0016,6.625,faster
"np.setdiff1d(a, b) (int32)",Manipulation,int32,1000,,0.0502,0.0738,available,,not_measured,managed,0.0738,0.680217,slower
"np.setdiff1d(a, b) (int32)",Manipulation,int32,100000,,8.0501,10.2635,available,,not_measured,managed,10.2635,0.784343,slower
"np.setxor1d(a, b) (int32)",Manipulation,int32,1000,,0.0385,0.079,available,,not_measured,managed,0.079,0.487342,slower
"np.setxor1d(a, b) (int32)",Manipulation,int32,100000,,7.4414,10.0405,available,,not_measured,managed,10.0405,0.741138,slower
np.size(a) (float64),Manipulation,float64,1000,,0.0002,0.0,available,,not_measured,managed,0.0,,no_data
np.size(a) (float64),Manipulation,float64,100000,,0.0004,0.0,available,,not_measured,managed,0.0,,no_data
"np.split(a, sections) (float64)",Manipulation,float64,1000,,0.0089,0.0068,available,,not_measured,managed,0.0068,1.308824,faster
"np.split(a, sections) (float64)",Manipulation,float64,100000,,0.023,0.0081,available,,not_measured,managed,0.0081,2.839506,faster
np.squeeze(a) (float64),Manipulation,float64,1000,,0.0003,0.0008,available,,not_measured,managed,0.0008,0.375,negligible
np.squeeze(a) (float64),Manipulation,float64,100000,,0.0003,0.0007,available,,not_measured,managed,0.0007,0.428571,negligible
np.squeeze(a) (float64),Manipulation,float64,10000000,,0.0008,0.0006,available,,not_measured,managed,0.0006,1.333333,negligible
"np.squeeze(a, axis=1) (float64)",Manipulation,float64,1000,,0.0003,0.0007,available,,not_measured,managed,0.0007,0.428571,negligible
"np.squeeze(a, axis=1) (float64)",Manipulation,float64,100000,,0.0004,0.0007,available,,not_measured,managed,0.0007,0.571429,negligible
"np.squeeze(a, axis=1) (float64)",Manipulation,float64,10000000,,0.0009,0.0005,available,,not_measured,managed,0.0005,1.8,negligible
"np.stack([a, b]) (float64)",Manipulation,float64,1000,,0.0022,0.0071,available,,not_measured,managed,0.0071,0.309859,much_slower
"np.stack([a, b]) (float64)",Manipulation,float64,100000,,0.3172,0.3663,available,,not_measured,managed,0.3663,0.865957,close
"np.stack([a, b], axis=1) (float64)",Manipulation,float64,1000,,0.0024,0.0042,available,,not_measured,managed,0.0042,0.571429,slower
"np.stack([a, b], axis=1) (float64)",Manipulation,float64,100000,,0.3297,0.3469,available,,not_measured,managed,0.3469,0.950418,close
"np.swapaxes(a, 0, 1) (float64)",Manipulation,float64,1000,,0.0004,0.0011,available,,not_measured,managed,0.0011,0.363636,negligible
"np.swapaxes(a, 0, 1) (float64)",Manipulation,float64,100000,,0.0004,0.0011,available,,not_measured,managed,0.0011,0.363636,negligible
"np.swapaxes(a, 0, 1) (float64)",Manipulation,float64,10000000,,0.0008,0.0009,available,,not_measured,managed,0.0009,0.888889,negligible
"np.swapaxes(a3D, 0, 2) (float64)",Manipulation,float64,1000,,0.0004,0.001,available,,not_measured,managed,0.001,0.4,negligible
"np.swapaxes(a3D, 0, 2) (float64)",Manipulation,float64,100000,,0.0004,0.0011,available,,not_measured,managed,0.0011,0.363636,negligible
"np.swapaxes(a3D, 0, 2) (float64)",Manipulation,float64,10000000,,0.0008,0.0009,available,,not_measured,managed,0.0009,0.888889,negligible
"np.tile(a, reps) (float64)",Manipulation,float64,1000,,0.0026,0.0118,available,,not_measured,managed,0.0118,0.220339,much_slower
"np.tile(a, reps) (float64)",Manipulation,float64,100000,,0.4959,0.3452,available,,not_measured,managed,0.3452,1.436559,faster
np.transpose(a),Manipulation,float64,1000,,0.0004,0.0008,available,,not_measured,managed,0.0008,0.5,negligible
np.transpose(a),Manipulation,float64,100000,,0.0004,0.0009,available,,not_measured,managed,0.0009,0.444444,negligible
np.transpose(a),Manipulation,float64,10000000,,0.0006,0.0011,available,,not_measured,managed,0.0011,0.545455,negligible
np.tri,Manipulation,float64,1000,,0.0039,0.0053,available,,not_measured,managed,0.0053,0.735849,slower
np.tri,Manipulation,float64,100000,,0.0563,0.1551,available,,not_measured,managed,0.1551,0.362992,slower
np.tri,Manipulation,float64,10000000,,26.997,15.9671,available,,not_measured,managed,15.9671,1.690789,faster
np.tril,Manipulation,float64,1000,,0.0042,0.003,available,,not_measured,managed,0.003,1.4,faster
np.tril,Manipulation,float64,100000,,0.0501,0.1327,available,,not_measured,managed,0.1327,0.377543,slower
np.tril,Manipulation,float64,10000000,,33.5301,22.2531,available,,not_measured,managed,22.2531,1.506761,faster
np.tril_indices,Manipulation,float64,1000,,0.0105,0.0088,available,,not_measured,managed,0.0088,1.193182,faster
np.tril_indices,Manipulation,float64,100000,,0.0745,0.1321,available,,not_measured,managed,0.1321,0.563967,slower
np.tril_indices,Manipulation,float64,10000000,,38.8777,12.9492,available,,not_measured,managed,12.9492,3.002324,faster
np.trim_zeros,Manipulation,float64,1000,,0.0127,0.0179,available,,not_measured,managed,0.0179,0.709497,slower
np.trim_zeros,Manipulation,float64,100000,,0.9594,0.0248,available,,not_measured,managed,0.0248,38.685484,negligible
np.trim_zeros,Manipulation,float64,10000000,,236.9432,0.1246,available,,not_measured,managed,0.1246,1901.630819,negligible
np.triu,Manipulation,float64,1000,,0.0042,0.0034,available,,not_measured,managed,0.0034,1.235294,faster
np.triu,Manipulation,float64,100000,,0.0499,0.1322,available,,not_measured,managed,0.1322,0.377458,slower
np.triu,Manipulation,float64,10000000,,28.3033,19.3437,available,,not_measured,managed,19.3437,1.463179,faster
np.triu_indices,Manipulation,float64,1000,,0.0117,0.0113,available,,not_measured,managed,0.0113,1.035398,close
np.triu_indices,Manipulation,float64,100000,,0.0761,0.1207,available,,not_measured,managed,0.1207,0.630489,slower
np.triu_indices,Manipulation,float64,10000000,,31.112,12.8489,available,,not_measured,managed,12.8489,2.421375,faster
"np.union1d(a, b) (int32)",Manipulation,int32,1000,,0.0213,0.0276,available,,not_measured,managed,0.0276,0.771739,slower
"np.union1d(a, b) (int32)",Manipulation,int32,100000,,4.8434,5.9013,available,,not_measured,managed,5.9013,0.820734,close
np.unique(a) (int32),Manipulation,int32,1000,,0.0168,0.011,available,,not_measured,managed,0.011,1.527273,faster
np.unique(a) (int32),Manipulation,int32,100000,,3.1318,4.8563,available,,not_measured,managed,4.8563,0.644894,slower
np.unique_all(a) (int32),Manipulation,int32,1000,,0.0388,0.0473,available,,not_measured,managed,0.0473,0.820296,close
np.unique_all(a) (int32),Manipulation,int32,100000,,6.5388,3.6148,available,,not_measured,managed,3.6148,1.808897,faster
np.unique_counts(a) (int32),Manipulation,int32,1000,,0.0101,0.0206,available,,not_measured,managed,0.0206,0.490291,slower
np.unique_counts(a) (int32),Manipulation,int32,100000,,0.6444,5.4617,available,,not_measured,managed,5.4617,0.117985,much_slower
np.unique_inverse(a) (int32),Manipulation,int32,1000,,0.0232,0.0306,available,,not_measured,managed,0.0306,0.75817,slower
np.unique_inverse(a) (int32),Manipulation,int32,100000,,5.7943,3.0989,available,,not_measured,managed,3.0989,1.869793,faster
np.unique_values(a) (int32),Manipulation,int32,1000,,0.0154,0.0103,available,,not_measured,managed,0.0103,1.495146,faster
np.unique_values(a) (int32),Manipulation,int32,100000,,5.7929,5.2385,available,,not_measured,managed,5.2385,1.105832,faster
np.unstack(a) (float64),Manipulation,float64,1000,,0.0032,0.0087,available,,not_measured,managed,0.0087,0.367816,slower
np.unstack(a) (float64),Manipulation,float64,100000,,0.0084,0.0084,available,,not_measured,managed,0.0084,1.0,close
"np.vsplit(a, sections) (float64)",Manipulation,float64,1000,,0.009,0.0084,available,,not_measured,managed,0.0084,1.071429,faster
"np.vsplit(a, sections) (float64)",Manipulation,float64,100000,,0.023,0.0071,available,,not_measured,managed,0.0071,3.239437,faster
"np.vstack([a, b]) (float64)",Manipulation,float64,1000,,0.0021,0.0078,available,,not_measured,managed,0.0078,0.269231,much_slower
"np.vstack([a, b]) (float64)",Manipulation,float64,100000,,0.3308,0.4751,available,,not_measured,managed,0.4751,0.696274,slower
reshape 1D->2D,Manipulation,float64,1000,,0.0002,0.0015,available,,not_measured,managed,0.0015,0.133333,negligible
reshape 1D->2D,Manipulation,float64,100000,,0.0002,0.001,available,,not_measured,managed,0.001,0.2,negligible
reshape 1D->2D,Manipulation,float64,10000000,,0.0003,0.0007,available,,not_measured,managed,0.0007,0.428571,negligible
reshape 1D->3D,Manipulation,float64,1000,,0.0002,0.0011,available,,not_measured,managed,0.0011,0.181818,negligible
reshape 1D->3D,Manipulation,float64,100000,,0.0002,0.0013,available,,not_measured,managed,0.0013,0.153846,negligible
reshape 1D->3D,Manipulation,float64,10000000,,0.0003,0.0012,available,,not_measured,managed,0.0012,0.25,negligible
reshape 2D->1D,Manipulation,float64,1000,,0.0002,0.0011,available,,not_measured,managed,0.0011,0.181818,negligible
reshape 2D->1D,Manipulation,float64,100000,,0.0002,0.0011,available,,not_measured,managed,0.0011,0.181818,negligible
reshape 2D->1D,Manipulation,float64,10000000,,0.0003,0.0012,available,,not_measured,managed,0.0012,0.25,negligible
a.all() [ndarray] (float64),NDArray,float64,1000,,0.0017,0.0012,available,,not_measured,managed,0.0012,1.416667,faster
a.all() [ndarray] (float64),NDArray,float64,100000,,0.0414,0.0174,available,,not_measured,managed,0.0174,2.37931,faster
a.any() [ndarray] (float64),NDArray,float64,1000,,0.0016,0.0026,available,,not_measured,managed,0.0026,0.615385,slower
a.any() [ndarray] (float64),NDArray,float64,100000,,0.0405,0.0025,available,,not_measured,managed,0.0025,16.2,faster
a.argmax() [ndarray] (float64),NDArray,float64,1000,,0.0005,0.0011,available,,not_measured,managed,0.0011,0.454545,negligible
a.argmax() [ndarray] (float64),NDArray,float64,100000,,0.0164,0.0637,available,,not_measured,managed,0.0637,0.257457,much_slower
a.argmin() [ndarray] (float64),NDArray,float64,1000,,0.0006,0.0011,available,,not_measured,managed,0.0011,0.545455,negligible
a.argmin() [ndarray] (float64),NDArray,float64,100000,,0.0166,0.063,available,,not_measured,managed,0.063,0.263492,much_slower
a.argpartition(kth) [ndarray] (float64),NDArray,float64,1000,,0.0044,0.0175,available,,not_measured,managed,0.0175,0.251429,much_slower
a.argpartition(kth) [ndarray] (float64),NDArray,float64,100000,,0.1557,0.7896,available,,not_measured,managed,0.7896,0.197188,much_slower
a.argsort() [ndarray] (float64),NDArray,float64,1000,,0.0097,0.0367,available,,not_measured,managed,0.0367,0.264305,much_slower
a.argsort() [ndarray] (float64),NDArray,float64,100000,,1.4981,3.8751,available,,not_measured,managed,3.8751,0.386596,slower
a.choose(choices) [ndarray] (float64),NDArray,float64,1000,,0.0052,0.0168,available,,not_measured,managed,0.0168,0.309524,much_slower
a.choose(choices) [ndarray] (float64),NDArray,float64,100000,,0.5957,0.3158,available,,not_measured,managed,0.3158,1.88632,faster
"a.clip(min, max) [ndarray] (float64)",NDArray,float64,1000,,0.0012,0.004,available,,not_measured,managed,0.004,0.3,much_slower
"a.clip(min, max) [ndarray] (float64)",NDArray,float64,100000,,0.0128,0.1375,available,,not_measured,managed,0.1375,0.093091,much_slower
a.compress(mask) [ndarray] (float64),NDArray,float64,1000,,0.0017,0.0029,available,,not_measured,managed,0.0029,0.586207,slower
a.compress(mask) [ndarray] (float64),NDArray,float64,100000,,0.0872,0.1117,available,,not_measured,managed,0.1117,0.780662,slower
a.conj() [ndarray] (float64),NDArray,float64,1000,,0.0001,0.0,available,,not_measured,managed,0.0,,no_data
a.conj() [ndarray] (float64),NDArray,float64,100000,,0.0001,0.0,available,,not_measured,managed,0.0,,no_data
a.conjugate() [ndarray] (float64),NDArray,float64,1000,,0.0001,0.0,available,,not_measured,managed,0.0,,no_data
a.conjugate() [ndarray] (float64),NDArray,float64,100000,,0.0001,0.0,available,,not_measured,managed,0.0,,no_data
a.cumprod() [ndarray] (float64),NDArray,float64,1000,,0.0036,0.0066,available,,not_measured,managed,0.0066,0.545455,slower
a.cumprod() [ndarray] (float64),NDArray,float64,100000,,0.1706,0.251,available,,not_measured,managed,0.251,0.679681,slower
a.cumsum() [ndarray] (float64),NDArray,float64,1000,,0.0023,0.0062,available,,not_measured,managed,0.0062,0.370968,slower
a.cumsum() [ndarray] (float64),NDArray,float64,100000,,0.1668,0.2385,available,,not_measured,managed,0.2385,0.699371,slower
a.diagonal() [ndarray] (float64),NDArray,float64,1000,,0.0001,0.0007,available,,not_measured,managed,0.0007,0.142857,negligible
a.diagonal() [ndarray] (float64),NDArray,float64,100000,,0.0002,0.0006,available,,not_measured,managed,0.0006,0.333333,negligible
a.dot(b) [ndarray] (float64),NDArray,float64,1000,,0.0005,0.0015,available,,not_measured,managed,0.0015,0.333333,negligible
a.dot(b) [ndarray] (float64),NDArray,float64,100000,,0.0944,0.0202,available,0.0077,available,openblas,0.0077,1.12987,faster
a.fill(value) [ndarray] (float64),NDArray,float64,1000,,0.0002,0.0001,available,,not_measured,managed,0.0001,2.0,negligible
a.fill(value) [ndarray] (float64),NDArray,float64,100000,,0.0098,0.0217,available,,not_measured,managed,0.0217,0.451613,slower
a.getfield(dtype) [ndarray] (float64),NDArray,float64,1000,,0.0002,0.0013,available,,not_measured,managed,0.0013,0.153846,negligible
a.getfield(dtype) [ndarray] (float64),NDArray,float64,100000,,0.0002,0.0012,available,,not_measured,managed,0.0012,0.166667,negligible
a.item(index) [ndarray] (float64),NDArray,float64,1000,,0.0001,0.0,available,,not_measured,managed,0.0,,no_data
a.item(index) [ndarray] (float64),NDArray,float64,100000,,0.0001,0.0,available,,not_measured,managed,0.0,,no_data
a.max() [ndarray] (float64),NDArray,float64,1000,,0.0013,0.0015,available,,not_measured,managed,0.0015,0.866667,close
a.max() [ndarray] (float64),NDArray,float64,100000,,0.0107,0.0176,available,,not_measured,managed,0.0176,0.607955,slower
a.min() [ndarray] (float64),NDArray,float64,1000,,0.0011,0.0014,available,,not_measured,managed,0.0014,0.785714,slower
a.min() [ndarray] (float64),NDArray,float64,100000,,0.0097,0.0178,available,,not_measured,managed,0.0178,0.544944,slower
a.nonzero() [ndarray] (float64),NDArray,float64,1000,,0.0024,0.004,available,,not_measured,managed,0.004,0.6,slower
a.nonzero() [ndarray] (float64),NDArray,float64,100000,,0.1873,0.1567,available,,not_measured,managed,0.1567,1.195278,faster
a.partition(kth) [ndarray] (float64),NDArray,float64,1000,,0.0032,0.0157,available,,not_measured,managed,0.0157,0.203822,much_slower
a.partition(kth) [ndarray] (float64),NDArray,float64,100000,,0.1505,0.7104,available,,not_measured,managed,0.7104,0.211852,much_slower
a.prod() [ndarray] (float64),NDArray,float64,1000,,0.0022,0.0021,available,,not_measured,managed,0.0021,1.047619,close
a.prod() [ndarray] (float64),NDArray,float64,100000,,0.0923,0.0098,available,,not_measured,managed,0.0098,9.418367,faster
"a.put(indices, values) [ndarray] (float64)",NDArray,float64,1000,,0.0018,0.0095,available,,not_measured,managed,0.0095,0.189474,much_slower
"a.put(indices, values) [ndarray] (float64)",NDArray,float64,100000,,0.1102,0.139,available,,not_measured,managed,0.139,0.792806,slower
a.repeat(repeats) [ndarray] (float64),NDArray,float64,1000,,0.0031,0.0094,available,,not_measured,managed,0.0094,0.329787,much_slower
a.repeat(repeats) [ndarray] (float64),NDArray,float64,100000,,0.3919,0.4188,available,,not_measured,managed,0.4188,0.935769,close
a.reshape(shape) [ndarray] (float64),NDArray,float64,1000,,0.0002,0.0016,available,,not_measured,managed,0.0016,0.125,negligible
a.reshape(shape) [ndarray] (float64),NDArray,float64,100000,,0.0002,0.001,available,,not_measured,managed,0.001,0.2,negligible
a.resize(shape) [ndarray] (float64),NDArray,float64,1000,,0.0007,0.0053,available,,not_measured,managed,0.0053,0.132075,negligible
a.resize(shape) [ndarray] (float64),NDArray,float64,100000,,0.0149,0.1623,available,,not_measured,managed,0.1623,0.091805,much_slower
a.round() [ndarray] (float64),NDArray,float64,1000,,0.0006,0.0032,available,,not_measured,managed,0.0032,0.1875,negligible
a.round() [ndarray] (float64),NDArray,float64,100000,,0.0143,0.1075,available,,not_measured,managed,0.1075,0.133023,much_slower
a.searchsorted(v) [ndarray] (float64),NDArray,float64,1000,,0.0083,0.0166,available,,not_measured,managed,0.0166,0.5,slower
a.searchsorted(v) [ndarray] (float64),NDArray,float64,100000,,2.1147,3.1382,available,,not_measured,managed,3.1382,0.673858,slower
"a.setfield(value, dtype) [ndarray] (float64)",NDArray,float64,1000,,0.0004,0.0032,available,,not_measured,managed,0.0032,0.125,negligible
"a.setfield(value, dtype) [ndarray] (float64)",NDArray,float64,100000,,0.0107,0.0507,available,,not_measured,managed,0.0507,0.211045,much_slower
a.setflags(write=True) [ndarray] (float64),NDArray,float64,1000,,0.0002,0.0,available,,not_measured,managed,0.0,,no_data
a.setflags(write=True) [ndarray] (float64),NDArray,float64,100000,,0.0002,0.0,available,,not_measured,managed,0.0,,no_data
a.sort() [ndarray] (float64),NDArray,float64,1000,,0.0044,0.0287,available,,not_measured,managed,0.0287,0.15331,much_slower
a.sort() [ndarray] (float64),NDArray,float64,100000,,0.4881,2.1277,available,,not_measured,managed,2.1277,0.229403,much_slower
a.squeeze() [ndarray] (float64),NDArray,float64,1000,,0.0002,0.001,available,,not_measured,managed,0.001,0.2,negligible
a.squeeze() [ndarray] (float64),NDArray,float64,100000,,0.0002,0.0006,available,,not_measured,managed,0.0006,0.333333,negligible
"a.swapaxes(0, 1) [ndarray] (float64)",NDArray,float64,1000,,0.0002,0.001,available,,not_measured,managed,0.001,0.2,negligible
"a.swapaxes(0, 1) [ndarray] (float64)",NDArray,float64,100000,,0.0002,0.0008,available,,not_measured,managed,0.0008,0.25,negligible
a.take(indices) [ndarray] (float64),NDArray,float64,1000,,0.0011,0.0028,available,,not_measured,managed,0.0028,0.392857,slower
a.take(indices) [ndarray] (float64),NDArray,float64,100000,,0.0612,0.114,available,,not_measured,managed,0.114,0.536842,slower
a.to_device(cpu) [ndarray] (float64),NDArray,float64,1000,,0.0001,0.0,available,,not_measured,managed,0.0,,no_data
a.to_device(cpu) [ndarray] (float64),NDArray,float64,100000,,0.0001,0.0,available,,not_measured,managed,0.0,,no_data
a.tobytes() [ndarray] (float64),NDArray,float64,1000,,0.0002,0.0013,available,,not_measured,managed,0.0013,0.153846,negligible
a.tobytes() [ndarray] (float64),NDArray,float64,100000,,0.0118,0.081,available,,not_measured,managed,0.081,0.145679,much_slower
a.tofile(path) [ndarray] (float64),NDArray,float64,1000,,0.213,0.4546,available,,not_measured,managed,0.4546,0.468544,slower
a.tofile(path) [ndarray] (float64),NDArray,float64,100000,,0.3399,3.5482,available,,not_measured,managed,3.5482,0.095795,much_slower
a.tolist() [ndarray] (float64),NDArray,float64,1000,,0.008,0.0135,available,,not_measured,managed,0.0135,0.592593,slower
a.tolist() [ndarray] (float64),NDArray,float64,100000,,0.8868,3.0869,available,,not_measured,managed,3.0869,0.287278,much_slower
a.trace() [ndarray] (float64),NDArray,float64,1000,,0.001,0.0017,available,,not_measured,managed,0.0017,0.588235,slower
a.trace() [ndarray] (float64),NDArray,float64,100000,,0.0011,0.001,available,,not_measured,managed,0.001,1.1,faster
a.transpose() [ndarray] (float64),NDArray,float64,1000,,0.0001,0.0014,available,,not_measured,managed,0.0014,0.071429,negligible
a.transpose() [ndarray] (float64),NDArray,float64,100000,,0.0001,0.0009,available,,not_measured,managed,0.0009,0.111111,negligible
a.view() [ndarray] (float64),NDArray,float64,1000,,0.0001,0.0009,available,,not_measured,managed,0.0009,0.111111,negligible
a.view() [ndarray] (float64),NDArray,float64,100000,,0.0001,0.0005,available,,not_measured,managed,0.0005,0.2,negligible
"np.random.beta(a, b) (float64)",Random,float64,1000,,0.0436,0.0447,available,,not_measured,managed,0.0447,0.975391,close
"np.random.beta(a, b) (float64)",Random,float64,100000,,4.0865,8.3629,available,,not_measured,managed,8.3629,0.488646,slower
"np.random.binomial(n, p) (int64)",Random,int64,1000,,0.0235,0.1082,available,,not_measured,managed,0.1082,0.21719,much_slower
"np.random.binomial(n, p) (int64)",Random,int64,100000,,2.343,15.3358,available,,not_measured,managed,15.3358,0.15278,much_slower
np.random.chisquare(df) (float64),Random,float64,1000,,0.0213,0.0324,available,,not_measured,managed,0.0324,0.657407,slower
np.random.chisquare(df) (float64),Random,float64,100000,,2.1326,4.6899,available,,not_measured,managed,4.6899,0.454722,slower
"np.random.choice(a, size) (float64)",Random,float64,1000,,0.0119,0.0164,available,,not_measured,managed,0.0164,0.72561,slower
"np.random.choice(a, size) (float64)",Random,float64,100000,,0.9365,1.5563,available,,not_measured,managed,1.5563,0.601748,slower
"np.random.dirichlet(alpha, size) (float64)",Random,float64,1000,,0.0602,0.1006,available,,not_measured,managed,0.1006,0.59841,slower
"np.random.dirichlet(alpha, size) (float64)",Random,float64,100000,,5.7938,9.4869,available,,not_measured,managed,9.4869,0.610716,slower
np.random.exponential(scale) (float64),Random,float64,1000,,0.0093,0.0368,available,,not_measured,managed,0.0368,0.252717,much_slower
np.random.exponential(scale) (float64),Random,float64,100000,,0.9235,2.6837,available,,not_measured,managed,2.6837,0.344114,slower
"np.random.f(dfnum, dfden) (float64)",Random,float64,1000,,0.0436,0.1231,available,,not_measured,managed,0.1231,0.354184,slower
"np.random.f(dfnum, dfden) (float64)",Random,float64,100000,,4.0962,10.0843,available,,not_measured,managed,10.0843,0.406196,slower
"np.random.gamma(shape, scale) (float64)",Random,float64,1000,,0.0209,0.0502,available,,not_measured,managed,0.0502,0.416335,slower
"np.random.gamma(shape, scale) (float64)",Random,float64,100000,,2.1016,4.6816,available,,not_measured,managed,4.6816,0.448906,slower
np.random.geometric(p) (int64),Random,int64,1000,,0.0182,0.0195,available,,not_measured,managed,0.0195,0.933333,close
np.random.geometric(p) (int64),Random,int64,100000,,1.8453,2.3824,available,,not_measured,managed,2.3824,0.774555,slower
"np.random.gumbel(loc, scale) (float64)",Random,float64,1000,,0.0152,0.0362,available,,not_measured,managed,0.0362,0.41989,slower
"np.random.gumbel(loc, scale) (float64)",Random,float64,100000,,1.4001,3.0331,available,,not_measured,managed,3.0331,0.461607,slower
"np.random.hypergeometric(ngood, nbad, nsample) (int64)",Random,int64,1000,,0.0648,0.1267,available,,not_measured,managed,0.1267,0.511444,slower
"np.random.hypergeometric(ngood, nbad, nsample) (int64)",Random,int64,100000,,6.6368,16.8501,available,,not_measured,managed,16.8501,0.393873,slower
"np.random.laplace(loc, scale) (float64)",Random,float64,1000,,0.0144,0.0305,available,,not_measured,managed,0.0305,0.472131,slower
"np.random.laplace(loc, scale) (float64)",Random,float64,100000,,1.3562,2.6108,available,,not_measured,managed,2.6108,0.519458,slower
"np.random.logistic(loc, scale) (float64)",Random,float64,1000,,0.0095,0.024,available,,not_measured,managed,0.024,0.395833,slower
"np.random.logistic(loc, scale) (float64)",Random,float64,100000,,0.8759,2.0894,available,,not_measured,managed,2.0894,0.419211,slower
"np.random.lognormal(mean, sigma) (float64)",Random,float64,1000,,0.0183,0.0384,available,,not_measured,managed,0.0384,0.476563,slower
"np.random.lognormal(mean, sigma) (float64)",Random,float64,100000,,1.8266,3.4366,available,,not_measured,managed,3.4366,0.531514,slower
np.random.logseries(p) (int64),Random,int64,1000,,0.0284,0.0355,available,,not_measured,managed,0.0355,0.8,close
np.random.logseries(p) (int64),Random,int64,100000,,2.8605,4.7123,available,,not_measured,managed,4.7123,0.607028,slower
"np.random.multinomial(n, pvals, size) (int64)",Random,int64,1000,,0.0722,0.221,available,,not_measured,managed,0.221,0.326697,much_slower
"np.random.multinomial(n, pvals, size) (int64)",Random,int64,100000,,7.5018,21.9239,available,,not_measured,managed,21.9239,0.342175,slower
"np.random.multivariate_normal(mean, cov, size) (float64)",Random,float64,1000,,0.0628,0.0882,available,,not_measured,managed,0.0882,0.712018,slower
"np.random.multivariate_normal(mean, cov, size) (float64)",Random,float64,100000,,4.7087,8.5216,available,,not_measured,managed,8.5216,0.552561,slower
"np.random.negative_binomial(n, p) (int64)",Random,int64,1000,,0.0731,0.1419,available,,not_measured,managed,0.1419,0.515152,slower
"np.random.negative_binomial(n, p) (int64)",Random,int64,100000,,7.3891,15.0325,available,,not_measured,managed,15.0325,0.491542,slower
"np.random.noncentral_chisquare(df, nonc) (float64)",Random,float64,1000,,0.0369,0.0687,available,,not_measured,managed,0.0687,0.537118,slower
"np.random.noncentral_chisquare(df, nonc) (float64)",Random,float64,100000,,3.4092,6.8566,available,,not_measured,managed,6.8566,0.497214,slower
"np.random.noncentral_f(dfnum, dfden, nonc) (float64)",Random,float64,1000,,0.0556,0.1044,available,,not_measured,managed,0.1044,0.532567,slower
"np.random.noncentral_f(dfnum, dfden, nonc) (float64)",Random,float64,100000,,5.3993,10.7901,available,,not_measured,managed,10.7901,0.500394,slower
"np.random.normal(loc, scale) (float64)",Random,float64,1000,,0.012,0.0268,available,,not_measured,managed,0.0268,0.447761,slower
"np.random.normal(loc, scale) (float64)",Random,float64,100000,,1.1335,2.5071,available,,not_measured,managed,2.5071,0.452116,slower
np.random.pareto(a) (float64),Random,float64,1000,,0.0152,0.0346,available,,not_measured,managed,0.0346,0.439306,slower
np.random.pareto(a) (float64),Random,float64,100000,,1.5453,3.319,available,,not_measured,managed,3.319,0.465592,slower
np.random.permutation(a) (float64),Random,float64,1000,,0.0144,0.0206,available,,not_measured,managed,0.0206,0.699029,slower
np.random.permutation(a) (float64),Random,float64,100000,,1.4211,2.1285,available,,not_measured,managed,2.1285,0.667653,slower
np.random.poisson(lam) (int64),Random,int64,1000,,0.033,0.0501,available,,not_measured,managed,0.0501,0.658683,slower
np.random.poisson(lam) (int64),Random,int64,100000,,3.4023,4.6583,available,,not_measured,managed,4.6583,0.730374,slower
np.random.power(a) (float64),Random,float64,1000,,0.0291,0.0335,available,,not_measured,managed,0.0335,0.868657,close
np.random.power(a) (float64),Random,float64,100000,,2.9535,3.2747,available,,not_measured,managed,3.2747,0.901915,close
np.random.rand(n) (float64),Random,float64,1000,,0.0043,0.018,available,,not_measured,managed,0.018,0.238889,much_slower
np.random.rand(n) (float64),Random,float64,100000,,0.3752,1.5895,available,,not_measured,managed,1.5895,0.236049,much_slower
"np.random.randint(low, high) (int64)",Random,int64,1000,,0.008,0.0122,available,,not_measured,managed,0.0122,0.655738,slower
"np.random.randint(low, high) (int64)",Random,int64,100000,,0.4654,0.9905,available,,not_measured,managed,0.9905,0.469864,slower
np.random.randn(n) (float64),Random,float64,1000,,0.0108,0.0256,available,,not_measured,managed,0.0256,0.421875,slower
np.random.randn(n) (float64),Random,float64,100000,,1.0695,2.482,available,,not_measured,managed,2.482,0.430902,slower
np.random.random(n) (float64),Random,float64,1000,,0.0042,0.0168,available,,not_measured,managed,0.0168,0.25,much_slower
np.random.random(n) (float64),Random,float64,100000,,0.3636,1.521,available,,not_measured,managed,1.521,0.239053,much_slower
np.random.random_sample(n) (float64),Random,float64,1000,,0.0041,0.0161,available,,not_measured,managed,0.0161,0.254658,much_slower
np.random.random_sample(n) (float64),Random,float64,100000,,0.3654,1.5336,available,,not_measured,managed,1.5336,0.238263,much_slower
np.random.rayleigh(scale) (float64),Random,float64,1000,,0.0102,0.0246,available,,not_measured,managed,0.0246,0.414634,slower
np.random.rayleigh(scale) (float64),Random,float64,100000,,0.9839,2.4364,available,,not_measured,managed,2.4364,0.403834,slower
np.random.shuffle(a) (float64),Random,float64,1000,,0.0138,0.0173,available,,not_measured,managed,0.0173,0.797688,slower
np.random.shuffle(a) (float64),Random,float64,100000,,1.4153,2.0284,available,,not_measured,managed,2.0284,0.697742,slower
np.random.standard_cauchy(n) (float64),Random,float64,1000,,0.0233,0.0323,available,,not_measured,managed,0.0323,0.721362,slower
np.random.standard_cauchy(n) (float64),Random,float64,100000,,2.1968,3.0585,available,,not_measured,managed,3.0585,0.718261,slower
np.random.standard_exponential(n) (float64),Random,float64,1000,,0.0089,0.0224,available,,not_measured,managed,0.0224,0.397321,slower
np.random.standard_exponential(n) (float64),Random,float64,100000,,0.8639,2.3078,available,,not_measured,managed,2.3078,0.374339,slower
np.random.standard_gamma(shape) (float64),Random,float64,1000,,0.0212,0.0443,available,,not_measured,managed,0.0443,0.478555,slower
np.random.standard_gamma(shape) (float64),Random,float64,100000,,2.0811,4.4169,available,,not_measured,managed,4.4169,0.471168,slower
np.random.standard_normal(n) (float64),Random,float64,1000,,0.0109,0.0252,available,,not_measured,managed,0.0252,0.43254,slower
np.random.standard_normal(n) (float64),Random,float64,100000,,1.0626,2.5524,available,,not_measured,managed,2.5524,0.416314,slower
np.random.standard_t(df) (float64),Random,float64,1000,,0.0343,0.0666,available,,not_measured,managed,0.0666,0.515015,slower
np.random.standard_t(df) (float64),Random,float64,100000,,3.4022,6.659,available,,not_measured,managed,6.659,0.510918,slower
"np.random.triangular(left, mode, right) (float64)",Random,float64,1000,,0.0099,0.0162,available,,not_measured,managed,0.0162,0.611111,slower
"np.random.triangular(left, mode, right) (float64)",Random,float64,100000,,0.8855,1.5733,available,,not_measured,managed,1.5733,0.56283,slower
"np.random.uniform(low, high) (float64)",Random,float64,1000,,0.0052,0.0145,available,,not_measured,managed,0.0145,0.358621,slower
"np.random.uniform(low, high) (float64)",Random,float64,100000,,0.3727,1.2691,available,,not_measured,managed,1.2691,0.293673,much_slower
"np.random.vonmises(mu, kappa) (float64)",Random,float64,1000,,0.0519,0.0896,available,,not_measured,managed,0.0896,0.579241,slower
"np.random.vonmises(mu, kappa) (float64)",Random,float64,100000,,5.1777,9.3747,available,,not_measured,managed,9.3747,0.552306,slower
"np.random.wald(mean, scale) (float64)",Random,float64,1000,,0.0248,0.0494,available,,not_measured,managed,0.0494,0.502024,slower
"np.random.wald(mean, scale) (float64)",Random,float64,100000,,2.5212,4.5259,available,,not_measured,managed,4.5259,0.55706,slower
np.random.weibull(a) (float64),Random,float64,1000,,0.0218,0.039,available,,not_measured,managed,0.039,0.558974,slower
np.random.weibull(a) (float64),Random,float64,100000,,2.1472,2.4515,available,,not_measured,managed,2.4515,0.875872,close
np.random.zipf(a) (int64),Random,int64,1000,,0.0358,0.0897,available,,not_measured,managed,0.0897,0.399108,slower
np.random.zipf(a) (int64),Random,int64,100000,,3.7353,8.4061,available,,not_measured,managed,8.4061,0.444356,slower
a.amax() [method] (complex128),Reduction,complex128,1000,,0.0024,0.0024,available,,not_measured,managed,0.0024,1.0,close
a.amax() [method] (complex128),Reduction,complex128,100000,,0.1659,0.1464,available,,not_measured,managed,0.1464,1.133197,faster
a.amax() [method] (complex128),Reduction,complex128,10000000,,16.6191,21.4518,available,,not_measured,managed,21.4518,0.774718,slower
a.amax() [method] (float16),Reduction,float16,1000,,0.0031,0.0023,available,,not_measured,managed,0.0023,1.347826,faster
a.amax() [method] (float16),Reduction,float16,100000,,0.5125,0.4638,available,,not_measured,managed,0.4638,1.105002,faster
a.amax() [method] (float16),Reduction,float16,10000000,,50.0279,51.365,available,,not_measured,managed,51.365,0.973969,close
a.amax() [method] (float32),Reduction,float32,1000,,0.001,0.0011,available,,not_measured,managed,0.0011,0.909091,close
a.amax() [method] (float32),Reduction,float32,100000,,0.0053,0.0092,available,,not_measured,managed,0.0092,0.576087,slower
a.amax() [method] (float32),Reduction,float32,10000000,,1.5253,4.4086,available,,not_measured,managed,4.4086,0.345983,slower
a.amax() [method] (float64),Reduction,float64,1000,,0.0011,0.0014,available,,not_measured,managed,0.0014,0.785714,slower
a.amax() [method] (float64),Reduction,float64,100000,,0.0099,0.0184,available,,not_measured,managed,0.0184,0.538043,slower
a.amax() [method] (float64),Reduction,float64,10000000,,3.3228,8.8355,available,,not_measured,managed,8.8355,0.376074,slower
a.amax() [method] (int16),Reduction,int16,1000,,0.0009,0.0018,available,,not_measured,managed,0.0018,0.5,negligible
a.amax() [method] (int16),Reduction,int16,100000,,0.0025,0.0028,available,,not_measured,managed,0.0028,0.892857,close
a.amax() [method] (int16),Reduction,int16,10000000,,0.3414,0.834,available,,not_measured,managed,0.834,0.409353,slower
a.amax() [method] (int32),Reduction,int32,1000,,0.001,0.0012,available,,not_measured,managed,0.0012,0.833333,close
a.amax() [method] (int32),Reduction,int32,100000,,0.0035,0.005,available,,not_measured,managed,0.005,0.7,slower
a.amax() [method] (int32),Reduction,int32,10000000,,1.2815,3.9705,available,,not_measured,managed,3.9705,0.322755,much_slower
a.amax() [method] (int64),Reduction,int64,1000,,0.001,0.0012,available,,not_measured,managed,0.0012,0.833333,close
a.amax() [method] (int64),Reduction,int64,100000,,0.0083,0.0294,available,,not_measured,managed,0.0294,0.282313,much_slower
a.amax() [method] (int64),Reduction,int64,10000000,,3.2211,9.3032,available,,not_measured,managed,9.3032,0.346236,slower
a.amax() [method] (int8),Reduction,int8,1000,,0.0009,0.0014,available,,not_measured,managed,0.0014,0.642857,negligible
a.amax() [method] (int8),Reduction,int8,100000,,0.0017,0.0024,available,,not_measured,managed,0.0024,0.708333,slower
a.amax() [method] (int8),Reduction,int8,10000000,,0.1762,0.242,available,,not_measured,managed,0.242,0.728099,slower
a.amax() [method] (uint16),Reduction,uint16,1000,,0.0009,0.0013,available,,not_measured,managed,0.0013,0.692308,negligible
a.amax() [method] (uint16),Reduction,uint16,100000,,0.0024,0.0027,available,,not_measured,managed,0.0027,0.888889,close
a.amax() [method] (uint16),Reduction,uint16,10000000,,0.2986,1.0649,available,,not_measured,managed,1.0649,0.280402,much_slower
a.amax() [method] (uint32),Reduction,uint32,1000,,0.0009,0.0016,available,,not_measured,managed,0.0016,0.5625,negligible
a.amax() [method] (uint32),Reduction,uint32,100000,,0.0037,0.0059,available,,not_measured,managed,0.0059,0.627119,slower
a.amax() [method] (uint32),Reduction,uint32,10000000,,1.5185,3.8872,available,,not_measured,managed,3.8872,0.390641,slower
a.amax() [method] (uint64),Reduction,uint64,1000,,0.001,0.0018,available,,not_measured,managed,0.0018,0.555556,slower
a.amax() [method] (uint64),Reduction,uint64,100000,,0.0115,0.0402,available,,not_measured,managed,0.0402,0.28607,much_slower
a.amax() [method] (uint64),Reduction,uint64,10000000,,3.7386,8.5777,available,,not_measured,managed,8.5777,0.435851,slower
a.amax() [method] (uint8),Reduction,uint8,1000,,0.0009,0.0014,available,,not_measured,managed,0.0014,0.642857,negligible
a.amax() [method] (uint8),Reduction,uint8,100000,,0.0017,0.0023,available,,not_measured,managed,0.0023,0.73913,slower
a.amax() [method] (uint8),Reduction,uint8,10000000,,0.1258,0.2554,available,,not_measured,managed,0.2554,0.492561,slower
a.amin() [method] (complex128),Reduction,complex128,1000,,0.0024,0.0023,available,,not_measured,managed,0.0023,1.043478,close
a.amin() [method] (complex128),Reduction,complex128,100000,,0.161,0.1493,available,,not_measured,managed,0.1493,1.078366,faster
a.amin() [method] (complex128),Reduction,complex128,10000000,,16.5837,28.2649,available,,not_measured,managed,28.2649,0.586724,slower
a.amin() [method] (float16),Reduction,float16,1000,,0.0033,0.0024,available,,not_measured,managed,0.0024,1.375,faster
a.amin() [method] (float16),Reduction,float16,100000,,0.5181,0.4275,available,,not_measured,managed,0.4275,1.21193,faster
a.amin() [method] (float16),Reduction,float16,10000000,,51.8922,43.8867,available,,not_measured,managed,43.8867,1.182413,faster
a.amin() [method] (float32),Reduction,float32,1000,,0.001,0.0012,available,,not_measured,managed,0.0012,0.833333,close
a.amin() [method] (float32),Reduction,float32,100000,,0.0054,0.0096,available,,not_measured,managed,0.0096,0.5625,slower
a.amin() [method] (float32),Reduction,float32,10000000,,1.7321,4.6412,available,,not_measured,managed,4.6412,0.373201,slower
a.amin() [method] (float64),Reduction,float64,1000,,0.001,0.0009,available,,not_measured,managed,0.0009,1.111111,negligible
a.amin() [method] (float64),Reduction,float64,100000,,0.0096,0.02,available,,not_measured,managed,0.02,0.48,slower
a.amin() [method] (float64),Reduction,float64,10000000,,3.5003,9.519,available,,not_measured,managed,9.519,0.367717,slower
a.amin() [method] (int16),Reduction,int16,1000,,0.0009,0.0015,available,,not_measured,managed,0.0015,0.6,negligible
a.amin() [method] (int16),Reduction,int16,100000,,0.0024,0.0027,available,,not_measured,managed,0.0027,0.888889,close
a.amin() [method] (int16),Reduction,int16,10000000,,0.3416,1.0047,available,,not_measured,managed,1.0047,0.340002,slower
a.amin() [method] (int32),Reduction,int32,1000,,0.0009,0.0011,available,,not_measured,managed,0.0011,0.818182,negligible
a.amin() [method] (int32),Reduction,int32,100000,,0.0036,0.0048,available,,not_measured,managed,0.0048,0.75,slower
a.amin() [method] (int32),Reduction,int32,10000000,,1.214,4.3261,available,,not_measured,managed,4.3261,0.280622,much_slower
a.amin() [method] (int64),Reduction,int64,1000,,0.001,0.0011,available,,not_measured,managed,0.0011,0.909091,close
a.amin() [method] (int64),Reduction,int64,100000,,0.0095,0.0292,available,,not_measured,managed,0.0292,0.325342,much_slower
a.amin() [method] (int64),Reduction,int64,10000000,,3.4428,10.6777,available,,not_measured,managed,10.6777,0.322429,much_slower
a.amin() [method] (int8),Reduction,int8,1000,,0.0009,0.0012,available,,not_measured,managed,0.0012,0.75,negligible
a.amin() [method] (int8),Reduction,int8,100000,,0.0017,0.0018,available,,not_measured,managed,0.0018,0.944444,close
a.amin() [method] (int8),Reduction,int8,10000000,,0.1883,0.259,available,,not_measured,managed,0.259,0.727027,slower
a.amin() [method] (uint16),Reduction,uint16,1000,,0.0009,0.0012,available,,not_measured,managed,0.0012,0.75,negligible
a.amin() [method] (uint16),Reduction,uint16,100000,,0.0025,0.0027,available,,not_measured,managed,0.0027,0.925926,close
a.amin() [method] (uint16),Reduction,uint16,10000000,,0.3039,1.0238,available,,not_measured,managed,1.0238,0.296835,much_slower
a.amin() [method] (uint32),Reduction,uint32,1000,,0.0009,0.0013,available,,not_measured,managed,0.0013,0.692308,negligible
a.amin() [method] (uint32),Reduction,uint32,100000,,0.0038,0.0055,available,,not_measured,managed,0.0055,0.690909,slower
a.amin() [method] (uint32),Reduction,uint32,10000000,,1.3501,5.0412,available,,not_measured,managed,5.0412,0.267813,much_slower
a.amin() [method] (uint64),Reduction,uint64,1000,,0.001,0.0018,available,,not_measured,managed,0.0018,0.555556,slower
a.amin() [method] (uint64),Reduction,uint64,100000,,0.012,0.0396,available,,not_measured,managed,0.0396,0.30303,much_slower
a.amin() [method] (uint64),Reduction,uint64,10000000,,4.8008,11.9088,available,,not_measured,managed,11.9088,0.40313,slower
a.amin() [method] (uint8),Reduction,uint8,1000,,0.0009,0.0012,available,,not_measured,managed,0.0012,0.75,negligible
a.amin() [method] (uint8),Reduction,uint8,100000,,0.0017,0.0026,available,,not_measured,managed,0.0026,0.653846,slower
a.amin() [method] (uint8),Reduction,uint8,10000000,,0.15,0.256,available,,not_measured,managed,0.256,0.585938,slower
a.mean() [method] (complex128),Reduction,complex128,1000,,0.0023,0.0017,available,,not_measured,managed,0.0017,1.352941,faster
a.mean() [method] (complex128),Reduction,complex128,100000,,0.0349,0.0108,available,,not_measured,managed,0.0108,3.231481,faster
a.mean() [method] (complex128),Reduction,complex128,10000000,,8.1741,20.4819,available,,not_measured,managed,20.4819,0.399089,slower
a.mean() [method] (float16),Reduction,float16,1000,,0.0046,0.0022,available,,not_measured,managed,0.0022,2.090909,faster
a.mean() [method] (float16),Reduction,float16,100000,,0.1057,0.0849,available,,not_measured,managed,0.0849,1.244994,faster
a.mean() [method] (float16),Reduction,float16,10000000,,11.0115,17.3424,available,,not_measured,managed,17.3424,0.634947,slower
a.mean() [method] (float32),Reduction,float32,1000,,0.0032,0.0023,available,,not_measured,managed,0.0023,1.391304,faster
a.mean() [method] (float32),Reduction,float32,100000,,0.0181,0.0034,available,,not_measured,managed,0.0034,5.323529,faster
a.mean() [method] (float32),Reduction,float32,10000000,,3.1104,4.7879,available,,not_measured,managed,4.7879,0.649638,slower
a.mean() [method] (float64),Reduction,float64,1000,,0.002,0.0018,available,,not_measured,managed,0.0018,1.111111,faster
a.mean() [method] (float64),Reduction,float64,100000,,0.0193,0.0042,available,,not_measured,managed,0.0042,4.595238,faster
a.mean() [method] (float64),Reduction,float64,10000000,,4.8342,9.176,available,,not_measured,managed,9.176,0.526831,slower
a.mean() [method] (int16),Reduction,int16,1000,,0.0027,0.0014,available,,not_measured,managed,0.0014,1.928571,faster
a.mean() [method] (int16),Reduction,int16,100000,,0.0519,0.0197,available,,not_measured,managed,0.0197,2.634518,faster
a.mean() [method] (int16),Reduction,int16,10000000,,5.4861,2.1297,available,,not_measured,managed,2.1297,2.575997,faster
a.mean() [method] (int32),Reduction,int32,1000,,0.0027,0.0016,available,,not_measured,managed,0.0016,1.6875,faster
a.mean() [method] (int32),Reduction,int32,100000,,0.0455,0.0195,available,,not_measured,managed,0.0195,2.333333,faster
a.mean() [method] (int32),Reduction,int32,10000000,,4.81,3.0728,available,,not_measured,managed,3.0728,1.565348,faster
a.mean() [method] (int64),Reduction,int64,1000,,0.0026,0.0017,available,,not_measured,managed,0.0017,1.529412,faster
a.mean() [method] (int64),Reduction,int64,100000,,0.034,0.0047,available,,not_measured,managed,0.0047,7.234043,faster
a.mean() [method] (int64),Reduction,int64,10000000,,6.4946,7.9461,available,,not_measured,managed,7.9461,0.817332,close
a.mean() [method] (int8),Reduction,int8,1000,,0.0028,0.0019,available,,not_measured,managed,0.0019,1.473684,faster
a.mean() [method] (int8),Reduction,int8,100000,,0.0531,0.0471,available,,not_measured,managed,0.0471,1.127389,faster
a.mean() [method] (int8),Reduction,int8,10000000,,6.0614,1.8881,available,,not_measured,managed,1.8881,3.210317,faster
a.mean() [method] (uint16),Reduction,uint16,1000,,0.0027,0.0019,available,,not_measured,managed,0.0019,1.421053,faster
a.mean() [method] (uint16),Reduction,uint16,100000,,0.0522,0.0236,available,,not_measured,managed,0.0236,2.211864,faster
a.mean() [method] (uint16),Reduction,uint16,10000000,,5.0205,2.2713,available,,not_measured,managed,2.2713,2.210408,faster
a.mean() [method] (uint32),Reduction,uint32,1000,,0.0026,0.0019,available,,not_measured,managed,0.0019,1.368421,faster
a.mean() [method] (uint32),Reduction,uint32,100000,,0.0402,0.0198,available,,not_measured,managed,0.0198,2.030303,faster
a.mean() [method] (uint32),Reduction,uint32,10000000,,4.6525,3.0409,available,,not_measured,managed,3.0409,1.529975,faster
a.mean() [method] (uint64),Reduction,uint64,1000,,0.0025,0.0016,available,,not_measured,managed,0.0016,1.5625,faster
a.mean() [method] (uint64),Reduction,uint64,100000,,0.0531,0.0046,available,,not_measured,managed,0.0046,11.543478,faster
a.mean() [method] (uint64),Reduction,uint64,10000000,,7.3867,8.9506,available,,not_measured,managed,8.9506,0.825274,close
a.mean() [method] (uint8),Reduction,uint8,1000,,0.0027,0.002,available,,not_measured,managed,0.002,1.35,faster
a.mean() [method] (uint8),Reduction,uint8,100000,,0.0584,0.019,available,,not_measured,managed,0.019,3.073684,faster
a.mean() [method] (uint8),Reduction,uint8,10000000,,5.0045,1.911,available,,not_measured,managed,1.911,2.618786,faster
a.std() [method] (float16),Reduction,float16,1000,,0.0179,0.0044,available,,not_measured,managed,0.0044,4.068182,faster
a.std() [method] (float16),Reduction,float16,100000,,0.8911,0.3994,available,,not_measured,managed,0.3994,2.231097,faster
a.std() [method] (float16),Reduction,float16,10000000,,92.0185,39.2848,available,,not_measured,managed,39.2848,2.342344,faster
a.std() [method] (float32),Reduction,float32,1000,,0.008,0.0015,available,,not_measured,managed,0.0015,5.333333,faster
a.std() [method] (float32),Reduction,float32,100000,,0.0487,0.0202,available,,not_measured,managed,0.0202,2.410891,faster
a.std() [method] (float32),Reduction,float32,10000000,,17.4994,9.8328,available,,not_measured,managed,9.8328,1.779697,faster
a.std() [method] (float64),Reduction,float64,1000,,0.0063,0.0018,available,,not_measured,managed,0.0018,3.5,faster
a.std() [method] (float64),Reduction,float64,100000,,0.0646,0.0377,available,,not_measured,managed,0.0377,1.713528,faster
a.std() [method] (float64),Reduction,float64,10000000,,31.4663,18.0062,available,,not_measured,managed,18.0062,1.747526,faster
a.sum() [method] (complex128),Reduction,complex128,1000,,0.0013,0.0015,available,,not_measured,managed,0.0015,0.866667,close
a.sum() [method] (complex128),Reduction,complex128,100000,,0.0352,0.0269,available,,not_measured,managed,0.0269,1.30855,faster
a.sum() [method] (complex128),Reduction,complex128,10000000,,8.3006,17.2355,available,,not_measured,managed,17.2355,0.481599,slower
a.sum() [method] (float16),Reduction,float16,1000,,0.0029,0.0015,available,,not_measured,managed,0.0015,1.933333,faster
a.sum() [method] (float16),Reduction,float16,100000,,0.2002,0.0684,available,,not_measured,managed,0.0684,2.926901,faster
a.sum() [method] (float16),Reduction,float16,10000000,,20.1056,7.5091,available,,not_measured,managed,7.5091,2.677498,faster
a.sum() [method] (float32),Reduction,float32,1000,,0.001,0.0016,available,,not_measured,managed,0.0016,0.625,slower
a.sum() [method] (float32),Reduction,float32,100000,,0.0154,0.0052,available,,not_measured,managed,0.0052,2.961538,faster
a.sum() [method] (float32),Reduction,float32,10000000,,3.2248,4.3007,available,,not_measured,managed,4.3007,0.749831,slower
a.sum() [method] (float64),Reduction,float64,1000,,0.001,0.0012,available,,not_measured,managed,0.0012,0.833333,close
a.sum() [method] (float64),Reduction,float64,100000,,0.0166,0.0096,available,,not_measured,managed,0.0096,1.729167,faster
a.sum() [method] (float64),Reduction,float64,10000000,,5.2252,8.2028,available,,not_measured,managed,8.2028,0.637002,slower
a.sum() [method] (int16),Reduction,int16,1000,,0.0015,0.0014,available,,not_measured,managed,0.0014,1.071429,faster
a.sum() [method] (int16),Reduction,int16,100000,,0.0333,0.0457,available,,not_measured,managed,0.0457,0.728665,slower
a.sum() [method] (int16),Reduction,int16,10000000,,3.6389,4.8288,available,,not_measured,managed,4.8288,0.753583,slower
a.sum() [method] (int32),Reduction,int32,1000,,0.0016,0.0013,available,,not_measured,managed,0.0013,1.230769,faster
a.sum() [method] (int32),Reduction,int32,100000,,0.0339,0.047,available,,not_measured,managed,0.047,0.721277,slower
a.sum() [method] (int32),Reduction,int32,10000000,,4.5613,5.9087,available,,not_measured,managed,5.9087,0.771963,slower
a.sum() [method] (int64),Reduction,int64,1000,,0.0011,0.0009,available,,not_measured,managed,0.0009,1.222222,negligible
a.sum() [method] (int64),Reduction,int64,100000,,0.0186,0.0092,available,,not_measured,managed,0.0092,2.021739,faster
a.sum() [method] (int64),Reduction,int64,10000000,,4.8898,8.3188,available,,not_measured,managed,8.3188,0.587801,slower
a.sum() [method] (int8),Reduction,int8,1000,,0.0014,0.0014,available,,not_measured,managed,0.0014,1.0,close
a.sum() [method] (int8),Reduction,int8,100000,,0.0323,0.0463,available,,not_measured,managed,0.0463,0.697624,slower
a.sum() [method] (int8),Reduction,int8,10000000,,3.3421,4.9438,available,,not_measured,managed,4.9438,0.676018,slower
a.sum() [method] (uint16),Reduction,uint16,1000,,0.0014,0.0012,available,,not_measured,managed,0.0012,1.166667,faster
a.sum() [method] (uint16),Reduction,uint16,100000,,0.0324,0.0429,available,,not_measured,managed,0.0429,0.755245,slower
a.sum() [method] (uint16),Reduction,uint16,10000000,,3.3074,4.5945,available,,not_measured,managed,4.5945,0.719861,slower
a.sum() [method] (uint32),Reduction,uint32,1000,,0.0014,0.0013,available,,not_measured,managed,0.0013,1.076923,faster
a.sum() [method] (uint32),Reduction,uint32,100000,,0.032,0.0421,available,,not_measured,managed,0.0421,0.760095,slower
a.sum() [method] (uint32),Reduction,uint32,10000000,,4.3966,5.8905,available,,not_measured,managed,5.8905,0.746388,slower
a.sum() [method] (uint64),Reduction,uint64,1000,,0.001,0.0013,available,,not_measured,managed,0.0013,0.769231,slower
a.sum() [method] (uint64),Reduction,uint64,100000,,0.0181,0.0096,available,,not_measured,managed,0.0096,1.885417,faster
a.sum() [method] (uint64),Reduction,uint64,10000000,,4.1305,8.2856,available,,not_measured,managed,8.2856,0.498515,slower
a.sum() [method] (uint8),Reduction,uint8,1000,,0.0015,0.0013,available,,not_measured,managed,0.0013,1.153846,faster
a.sum() [method] (uint8),Reduction,uint8,100000,,0.0349,0.0424,available,,not_measured,managed,0.0424,0.823113,close
a.sum() [method] (uint8),Reduction,uint8,10000000,,3.1371,3.9977,available,,not_measured,managed,3.9977,0.784726,slower
a.var() [method] (float16),Reduction,float16,1000,,0.0177,0.0045,available,,not_measured,managed,0.0045,3.933333,faster
a.var() [method] (float16),Reduction,float16,100000,,0.9015,0.3833,available,,not_measured,managed,0.3833,2.351944,faster
a.var() [method] (float16),Reduction,float16,10000000,,89.472,40.0156,available,,not_measured,managed,40.0156,2.235928,faster
a.var() [method] (float32),Reduction,float32,1000,,0.0073,0.0011,available,,not_measured,managed,0.0011,6.636364,faster
a.var() [method] (float32),Reduction,float32,100000,,0.0511,0.0202,available,,not_measured,managed,0.0202,2.529703,faster
a.var() [method] (float32),Reduction,float32,10000000,,17.1626,9.3164,available,,not_measured,managed,9.3164,1.842192,faster
a.var() [method] (float64),Reduction,float64,1000,,0.0059,0.0014,available,,not_measured,managed,0.0014,4.214286,faster
a.var() [method] (float64),Reduction,float64,100000,,0.0685,0.0381,available,,not_measured,managed,0.0381,1.7979,faster
a.var() [method] (float64),Reduction,float64,10000000,,32.5199,17.5915,available,,not_measured,managed,17.5915,1.848614,faster
np.amax (complex128),Reduction,complex128,1000,,0.0032,0.0023,available,,not_measured,managed,0.0023,1.391304,faster
np.amax (complex128),Reduction,complex128,100000,,0.1747,0.1444,available,,not_measured,managed,0.1444,1.209834,faster
np.amax (complex128),Reduction,complex128,10000000,,16.3625,22.8853,available,,not_measured,managed,22.8853,0.714979,slower
np.amax (float16),Reduction,float16,1000,,0.004,0.0024,available,,not_measured,managed,0.0024,1.666667,faster
np.amax (float16),Reduction,float16,100000,,0.505,0.472,available,,not_measured,managed,0.472,1.069915,faster
np.amax (float16),Reduction,float16,10000000,,50.0273,46.6954,available,,not_measured,managed,46.6954,1.071354,faster
np.amax (float32),Reduction,float32,1000,,0.0018,0.0019,available,,not_measured,managed,0.0019,0.947368,close
np.amax (float32),Reduction,float32,100000,,0.0062,0.0098,available,,not_measured,managed,0.0098,0.632653,slower
np.amax (float32),Reduction,float32,10000000,,1.5328,4.304,available,,not_measured,managed,4.304,0.356134,slower
np.amax (float64),Reduction,float64,1000,,0.0018,0.0014,available,,not_measured,managed,0.0014,1.285714,faster
np.amax (float64),Reduction,float64,100000,,0.0105,0.0184,available,,not_measured,managed,0.0184,0.570652,slower
np.amax (float64),Reduction,float64,10000000,,3.349,8.3981,available,,not_measured,managed,8.3981,0.398781,slower
np.amax (int16),Reduction,int16,1000,,0.0017,0.0013,available,,not_measured,managed,0.0013,1.307692,faster
np.amax (int16),Reduction,int16,100000,,0.0032,0.0025,available,,not_measured,managed,0.0025,1.28,faster
np.amax (int16),Reduction,int16,10000000,,0.333,1.1386,available,,not_measured,managed,1.1386,0.292464,much_slower
np.amax (int32),Reduction,int32,1000,,0.0017,0.0011,available,,not_measured,managed,0.0011,1.545455,faster
np.amax (int32),Reduction,int32,100000,,0.0045,0.0044,available,,not_measured,managed,0.0044,1.022727,close
np.amax (int32),Reduction,int32,10000000,,1.307,4.0828,available,,not_measured,managed,4.0828,0.320123,much_slower
np.amax (int64),Reduction,int64,1000,,0.0018,0.0011,available,,not_measured,managed,0.0011,1.636364,faster
np.amax (int64),Reduction,int64,100000,,0.009,0.0291,available,,not_measured,managed,0.0291,0.309278,much_slower
np.amax (int64),Reduction,int64,10000000,,3.1644,10.7917,available,,not_measured,managed,10.7917,0.293225,much_slower
np.amax (int8),Reduction,int8,1000,,0.0017,0.0009,available,,not_measured,managed,0.0009,1.888889,negligible
np.amax (int8),Reduction,int8,100000,,0.0025,0.0024,available,,not_measured,managed,0.0024,1.041667,close
np.amax (int8),Reduction,int8,10000000,,0.1721,0.251,available,,not_measured,managed,0.251,0.685657,slower
np.amax (uint16),Reduction,uint16,1000,,0.0023,0.0015,available,,not_measured,managed,0.0015,1.533333,faster
np.amax (uint16),Reduction,uint16,100000,,0.0031,0.0026,available,,not_measured,managed,0.0026,1.192308,faster
np.amax (uint16),Reduction,uint16,10000000,,0.2954,1.5487,available,,not_measured,managed,1.5487,0.190741,much_slower
np.amax (uint32),Reduction,uint32,1000,,0.0017,0.0012,available,,not_measured,managed,0.0012,1.416667,faster
np.amax (uint32),Reduction,uint32,100000,,0.0043,0.005,available,,not_measured,managed,0.005,0.86,close
np.amax (uint32),Reduction,uint32,10000000,,1.3631,4.0437,available,,not_measured,managed,4.0437,0.337092,slower
np.amax (uint64),Reduction,uint64,1000,,0.0018,0.002,available,,not_measured,managed,0.002,0.9,close
np.amax (uint64),Reduction,uint64,100000,,0.0124,0.0376,available,,not_measured,managed,0.0376,0.329787,much_slower
np.amax (uint64),Reduction,uint64,10000000,,3.6884,10.7815,available,,not_measured,managed,10.7815,0.342105,slower
np.amax (uint8),Reduction,uint8,1000,,0.0017,0.0012,available,,not_measured,managed,0.0012,1.416667,faster
np.amax (uint8),Reduction,uint8,100000,,0.0024,0.0023,available,,not_measured,managed,0.0023,1.043478,close
np.amax (uint8),Reduction,uint8,10000000,,0.1314,0.2588,available,,not_measured,managed,0.2588,0.507728,slower
np.amax axis=0 (complex128),Reduction,complex128,1000,,0.0032,0.0043,available,,not_measured,managed,0.0043,0.744186,slower
np.amax axis=0 (complex128),Reduction,complex128,100000,,0.151,0.1972,available,,not_measured,managed,0.1972,0.76572,slower
np.amax axis=0 (complex128),Reduction,complex128,10000000,,16.5759,28.8413,available,,not_measured,managed,28.8413,0.574728,slower
np.amax axis=0 (float16),Reduction,float16,1000,,0.0043,0.0036,available,,not_measured,managed,0.0036,1.194444,faster
np.amax axis=0 (float16),Reduction,float16,100000,,0.5176,0.6869,available,,not_measured,managed,0.6869,0.75353,slower
np.amax axis=0 (float16),Reduction,float16,10000000,,51.2953,142.5118,available,,not_measured,managed,142.5118,0.359937,slower
np.amax axis=0 (float32),Reduction,float32,1000,,0.0023,0.0018,available,,not_measured,managed,0.0018,1.277778,faster
np.amax axis=0 (float32),Reduction,float32,100000,,0.0098,0.0297,available,,not_measured,managed,0.0297,0.329966,much_slower
np.amax axis=0 (float32),Reduction,float32,10000000,,2.2465,4.4998,available,,not_measured,managed,4.4998,0.499244,slower
np.amax axis=0 (float64),Reduction,float64,1000,,0.0023,0.002,available,,not_measured,managed,0.002,1.15,faster
np.amax axis=0 (float64),Reduction,float64,100000,,0.0153,0.0594,available,,not_measured,managed,0.0594,0.257576,much_slower
np.amax axis=0 (float64),Reduction,float64,10000000,,3.82,10.5427,available,,not_measured,managed,10.5427,0.362336,slower
np.amax axis=0 (int16),Reduction,int16,1000,,0.0022,0.0011,available,,not_measured,managed,0.0011,2.0,faster
np.amax axis=0 (int16),Reduction,int16,100000,,0.0071,0.0076,available,,not_measured,managed,0.0076,0.934211,close
np.amax axis=0 (int16),Reduction,int16,10000000,,0.4997,1.8156,available,,not_measured,managed,1.8156,0.275226,much_slower
np.amax axis=0 (int32),Reduction,int32,1000,,0.0022,0.001,available,,not_measured,managed,0.001,2.2,faster
np.amax axis=0 (int32),Reduction,int32,100000,,0.0103,0.0115,available,,not_measured,managed,0.0115,0.895652,close
np.amax axis=0 (int32),Reduction,int32,10000000,,1.6979,4.4742,available,,not_measured,managed,4.4742,0.379487,slower
np.amax axis=0 (int64),Reduction,int64,1000,,0.0022,0.0021,available,,not_measured,managed,0.0021,1.047619,close
np.amax axis=0 (int64),Reduction,int64,100000,,0.0154,0.0305,available,,not_measured,managed,0.0305,0.504918,slower
np.amax axis=0 (int64),Reduction,int64,10000000,,4.221,9.6665,available,,not_measured,managed,9.6665,0.436663,slower
np.amax axis=0 (int8),Reduction,int8,1000,,0.0021,0.0013,available,,not_measured,managed,0.0013,1.615385,faster
np.amax axis=0 (int8),Reduction,int8,100000,,0.0077,0.008,available,,not_measured,managed,0.008,0.9625,close
np.amax axis=0 (int8),Reduction,int8,10000000,,0.2478,0.3485,available,,not_measured,managed,0.3485,0.711047,slower
np.amax axis=0 (uint16),Reduction,uint16,1000,,0.0022,0.0009,available,,not_measured,managed,0.0009,2.444444,negligible
np.amax axis=0 (uint16),Reduction,uint16,100000,,0.0071,0.0074,available,,not_measured,managed,0.0074,0.959459,close
np.amax axis=0 (uint16),Reduction,uint16,10000000,,0.5027,2.5225,available,,not_measured,managed,2.5225,0.199286,much_slower
np.amax axis=0 (uint32),Reduction,uint32,1000,,0.0022,0.0015,available,,not_measured,managed,0.0015,1.466667,faster
np.amax axis=0 (uint32),Reduction,uint32,100000,,0.0097,0.0107,available,,not_measured,managed,0.0107,0.906542,close
np.amax axis=0 (uint32),Reduction,uint32,10000000,,1.5322,4.7594,available,,not_measured,managed,4.7594,0.321931,much_slower
np.amax axis=0 (uint64),Reduction,uint64,1000,,0.0023,0.0021,available,,not_measured,managed,0.0021,1.095238,faster
np.amax axis=0 (uint64),Reduction,uint64,100000,,0.0182,0.0401,available,,not_measured,managed,0.0401,0.453865,slower
np.amax axis=0 (uint64),Reduction,uint64,10000000,,4.7039,9.4798,available,,not_measured,managed,9.4798,0.496202,slower
np.amax axis=0 (uint8),Reduction,uint8,1000,,0.0022,0.0014,available,,not_measured,managed,0.0014,1.571429,faster
np.amax axis=0 (uint8),Reduction,uint8,100000,,0.0082,0.0076,available,,not_measured,managed,0.0076,1.078947,faster
np.amax axis=0 (uint8),Reduction,uint8,10000000,,0.2177,0.3569,available,,not_measured,managed,0.3569,0.609975,slower
np.amin (complex128),Reduction,complex128,1000,,0.0033,0.0023,available,,not_measured,managed,0.0023,1.434783,faster
np.amin (complex128),Reduction,complex128,100000,,0.1541,0.1506,available,,not_measured,managed,0.1506,1.02324,close
np.amin (complex128),Reduction,complex128,10000000,,16.6061,24.596,available,,not_measured,managed,24.596,0.675154,slower
np.amin (float16),Reduction,float16,1000,,0.0043,0.0025,available,,not_measured,managed,0.0025,1.72,faster
np.amin (float16),Reduction,float16,100000,,0.5068,0.4218,available,,not_measured,managed,0.4218,1.201517,faster
np.amin (float16),Reduction,float16,10000000,,53.1412,44.1931,available,,not_measured,managed,44.1931,1.202477,faster
np.amin (float32),Reduction,float32,1000,,0.0019,0.0017,available,,not_measured,managed,0.0017,1.117647,faster
np.amin (float32),Reduction,float32,100000,,0.0063,0.0096,available,,not_measured,managed,0.0096,0.65625,slower
np.amin (float32),Reduction,float32,10000000,,1.5806,4.9684,available,,not_measured,managed,4.9684,0.318131,much_slower
np.amin (float64),Reduction,float64,1000,,0.0017,0.0014,available,,not_measured,managed,0.0014,1.214286,faster
np.amin (float64),Reduction,float64,100000,,0.0108,0.0195,available,,not_measured,managed,0.0195,0.553846,slower
np.amin (float64),Reduction,float64,10000000,,3.8381,9.3097,available,,not_measured,managed,9.3097,0.412269,slower
np.amin (int16),Reduction,int16,1000,,0.0017,0.001,available,,not_measured,managed,0.001,1.7,faster
np.amin (int16),Reduction,int16,100000,,0.0036,0.0033,available,,not_measured,managed,0.0033,1.090909,faster
np.amin (int16),Reduction,int16,10000000,,0.362,0.9468,available,,not_measured,managed,0.9468,0.382341,slower
np.amin (int32),Reduction,int32,1000,,0.0019,0.0014,available,,not_measured,managed,0.0014,1.357143,faster
np.amin (int32),Reduction,int32,100000,,0.0046,0.0051,available,,not_measured,managed,0.0051,0.901961,close
np.amin (int32),Reduction,int32,10000000,,1.2743,3.9885,available,,not_measured,managed,3.9885,0.319494,much_slower
np.amin (int64),Reduction,int64,1000,,0.0019,0.0011,available,,not_measured,managed,0.0011,1.727273,faster
np.amin (int64),Reduction,int64,100000,,0.0107,0.0301,available,,not_measured,managed,0.0301,0.355482,slower
np.amin (int64),Reduction,int64,10000000,,3.7257,10.0397,available,,not_measured,managed,10.0397,0.371097,slower
np.amin (int8),Reduction,int8,1000,,0.0018,0.0008,available,,not_measured,managed,0.0008,2.25,negligible
np.amin (int8),Reduction,int8,100000,,0.003,0.0026,available,,not_measured,managed,0.0026,1.153846,faster
np.amin (int8),Reduction,int8,10000000,,0.1989,0.2617,available,,not_measured,managed,0.2617,0.760031,slower
np.amin (uint16),Reduction,uint16,1000,,0.0017,0.0011,available,,not_measured,managed,0.0011,1.545455,faster
np.amin (uint16),Reduction,uint16,100000,,0.0035,0.0028,available,,not_measured,managed,0.0028,1.25,faster
np.amin (uint16),Reduction,uint16,10000000,,0.3096,0.908,available,,not_measured,managed,0.908,0.340969,slower
np.amin (uint32),Reduction,uint32,1000,,0.0017,0.0015,available,,not_measured,managed,0.0015,1.133333,faster
np.amin (uint32),Reduction,uint32,100000,,0.0048,0.0051,available,,not_measured,managed,0.0051,0.941176,close
np.amin (uint32),Reduction,uint32,10000000,,1.453,4.1891,available,,not_measured,managed,4.1891,0.346853,slower
np.amin (uint64),Reduction,uint64,1000,,0.002,0.0021,available,,not_measured,managed,0.0021,0.952381,close
np.amin (uint64),Reduction,uint64,100000,,0.0134,0.039,available,,not_measured,managed,0.039,0.34359,slower
np.amin (uint64),Reduction,uint64,10000000,,3.7783,10.2403,available,,not_measured,managed,10.2403,0.368964,slower
np.amin (uint8),Reduction,uint8,1000,,0.0017,0.0012,available,,not_measured,managed,0.0012,1.416667,faster
np.amin (uint8),Reduction,uint8,100000,,0.0029,0.0019,available,,not_measured,managed,0.0019,1.526316,faster
np.amin (uint8),Reduction,uint8,10000000,,0.1514,0.2573,available,,not_measured,managed,0.2573,0.588418,slower
np.amin axis=0 (complex128),Reduction,complex128,1000,,0.0031,0.0045,available,,not_measured,managed,0.0045,0.688889,slower
np.amin axis=0 (complex128),Reduction,complex128,100000,,0.1487,0.2391,available,,not_measured,managed,0.2391,0.621916,slower
np.amin axis=0 (complex128),Reduction,complex128,10000000,,18.7438,32.8407,available,,not_measured,managed,32.8407,0.570749,slower
np.amin axis=0 (float16),Reduction,float16,1000,,0.0044,0.0036,available,,not_measured,managed,0.0036,1.222222,faster
np.amin axis=0 (float16),Reduction,float16,100000,,0.4821,0.7042,available,,not_measured,managed,0.7042,0.684607,slower
np.amin axis=0 (float16),Reduction,float16,10000000,,51.9577,157.0288,available,,not_measured,managed,157.0288,0.33088,slower
np.amin axis=0 (float32),Reduction,float32,1000,,0.0023,0.0013,available,,not_measured,managed,0.0013,1.769231,faster
np.amin axis=0 (float32),Reduction,float32,100000,,0.0099,0.031,available,,not_measured,managed,0.031,0.319355,much_slower
np.amin axis=0 (float32),Reduction,float32,10000000,,2.0485,5.3184,available,,not_measured,managed,5.3184,0.385172,slower
np.amin axis=0 (float64),Reduction,float64,1000,,0.0023,0.0015,available,,not_measured,managed,0.0015,1.533333,faster
np.amin axis=0 (float64),Reduction,float64,100000,,0.0143,0.059,available,,not_measured,managed,0.059,0.242373,much_slower
np.amin axis=0 (float64),Reduction,float64,10000000,,3.8931,13.6506,available,,not_measured,managed,13.6506,0.285196,much_slower
np.amin axis=0 (int16),Reduction,int16,1000,,0.0022,0.0013,available,,not_measured,managed,0.0013,1.692308,faster
np.amin axis=0 (int16),Reduction,int16,100000,,0.0079,0.0076,available,,not_measured,managed,0.0076,1.039474,close
np.amin axis=0 (int16),Reduction,int16,10000000,,0.5768,1.7162,available,,not_measured,managed,1.7162,0.336091,slower
np.amin axis=0 (int32),Reduction,int32,1000,,0.0022,0.0017,available,,not_measured,managed,0.0017,1.294118,faster
np.amin axis=0 (int32),Reduction,int32,100000,,0.0114,0.0111,available,,not_measured,managed,0.0111,1.027027,close
np.amin axis=0 (int32),Reduction,int32,10000000,,1.8131,4.2881,available,,not_measured,managed,4.2881,0.422821,slower
np.amin axis=0 (int64),Reduction,int64,1000,,0.0022,0.0013,available,,not_measured,managed,0.0013,1.692308,faster
np.amin axis=0 (int64),Reduction,int64,100000,,0.0167,0.0309,available,,not_measured,managed,0.0309,0.540453,slower
np.amin axis=0 (int64),Reduction,int64,10000000,,4.4389,11.7529,available,,not_measured,managed,11.7529,0.377686,slower
np.amin axis=0 (int8),Reduction,int8,1000,,0.0021,0.0013,available,,not_measured,managed,0.0013,1.615385,faster
np.amin axis=0 (int8),Reduction,int8,100000,,0.0077,0.0086,available,,not_measured,managed,0.0086,0.895349,close
np.amin axis=0 (int8),Reduction,int8,10000000,,0.2565,0.3936,available,,not_measured,managed,0.3936,0.651677,slower
np.amin axis=0 (uint16),Reduction,uint16,1000,,0.0021,0.0013,available,,not_measured,managed,0.0013,1.615385,faster
np.amin axis=0 (uint16),Reduction,uint16,100000,,0.0081,0.0075,available,,not_measured,managed,0.0075,1.08,faster
np.amin axis=0 (uint16),Reduction,uint16,10000000,,0.5207,1.4658,available,,not_measured,managed,1.4658,0.355233,slower
np.amin axis=0 (uint32),Reduction,uint32,1000,,0.0022,0.0012,available,,not_measured,managed,0.0012,1.833333,faster
np.amin axis=0 (uint32),Reduction,uint32,100000,,0.0104,0.0117,available,,not_measured,managed,0.0117,0.888889,close
np.amin axis=0 (uint32),Reduction,uint32,10000000,,1.529,5.4079,available,,not_measured,managed,5.4079,0.282735,much_slower
np.amin axis=0 (uint64),Reduction,uint64,1000,,0.0022,0.0017,available,,not_measured,managed,0.0017,1.294118,faster
np.amin axis=0 (uint64),Reduction,uint64,100000,,0.0186,0.0394,available,,not_measured,managed,0.0394,0.472081,slower
np.amin axis=0 (uint64),Reduction,uint64,10000000,,4.7794,9.5983,available,,not_measured,managed,9.5983,0.497942,slower
np.amin axis=0 (uint8),Reduction,uint8,1000,,0.0022,0.0012,available,,not_measured,managed,0.0012,1.833333,faster
np.amin axis=0 (uint8),Reduction,uint8,100000,,0.0076,0.0084,available,,not_measured,managed,0.0084,0.904762,close
np.amin axis=0 (uint8),Reduction,uint8,10000000,,0.2058,0.3645,available,,not_measured,managed,0.3645,0.564609,slower
np.argmax (complex128),Reduction,complex128,1000,,0.0019,0.0023,available,,not_measured,managed,0.0023,0.826087,close
np.argmax (complex128),Reduction,complex128,100000,,0.1172,0.1489,available,,not_measured,managed,0.1489,0.787105,slower
np.argmax (complex128),Reduction,complex128,10000000,,13.8847,23.2878,available,,not_measured,managed,23.2878,0.596222,slower
np.argmax (float16),Reduction,float16,1000,,0.0029,0.0031,available,,not_measured,managed,0.0031,0.935484,close
np.argmax (float16),Reduction,float16,100000,,0.4457,0.2223,available,,not_measured,managed,0.2223,2.004948,faster
np.argmax (float16),Reduction,float16,10000000,,43.626,22.7083,available,,not_measured,managed,22.7083,1.921148,faster
np.argmax (float32),Reduction,float32,1000,,0.0009,0.0013,available,,not_measured,managed,0.0013,0.692308,negligible
np.argmax (float32),Reduction,float32,100000,,0.0087,0.0581,available,,not_measured,managed,0.0581,0.149742,much_slower
np.argmax (float32),Reduction,float32,10000000,,2.2532,7.7719,available,,not_measured,managed,7.7719,0.289916,much_slower
np.argmax (float64),Reduction,float64,1000,,0.001,0.0014,available,,not_measured,managed,0.0014,0.714286,slower
np.argmax (float64),Reduction,float64,100000,,0.019,0.0601,available,,not_measured,managed,0.0601,0.31614,much_slower
np.argmax (float64),Reduction,float64,10000000,,4.2132,14.5839,available,,not_measured,managed,14.5839,0.288894,much_slower
np.argmax (int16),Reduction,int16,1000,,0.001,0.0015,available,,not_measured,managed,0.0015,0.666667,slower
np.argmax (int16),Reduction,int16,100000,,0.004,0.0033,available,,not_measured,managed,0.0033,1.212121,faster
np.argmax (int16),Reduction,int16,10000000,,0.5606,2.5907,available,,not_measured,managed,2.5907,0.216389,much_slower
np.argmax (int32),Reduction,int32,1000,,0.0009,0.0013,available,,not_measured,managed,0.0013,0.692308,negligible
np.argmax (int32),Reduction,int32,100000,,0.0064,0.0049,available,,not_measured,managed,0.0049,1.306122,faster
np.argmax (int32),Reduction,int32,10000000,,1.8028,4.1916,available,,not_measured,managed,4.1916,0.430098,slower
np.argmax (int64),Reduction,int64,1000,,0.001,0.0015,available,,not_measured,managed,0.0015,0.666667,slower
np.argmax (int64),Reduction,int64,100000,,0.0154,0.0527,available,,not_measured,managed,0.0527,0.29222,much_slower
np.argmax (int64),Reduction,int64,10000000,,4.1147,10.0642,available,,not_measured,managed,10.0642,0.408845,slower
np.argmax (int8),Reduction,int8,1000,,0.001,0.0013,available,,not_measured,managed,0.0013,0.769231,slower
np.argmax (int8),Reduction,int8,100000,,0.0025,0.0019,available,,not_measured,managed,0.0019,1.315789,faster
np.argmax (int8),Reduction,int8,10000000,,0.3005,0.2553,available,,not_measured,managed,0.2553,1.177047,faster
np.argmax (uint16),Reduction,uint16,1000,,0.001,0.0016,available,,not_measured,managed,0.0016,0.625,slower
np.argmax (uint16),Reduction,uint16,100000,,0.005,0.0032,available,,not_measured,managed,0.0032,1.5625,faster
np.argmax (uint16),Reduction,uint16,10000000,,0.5397,2.5783,available,,not_measured,managed,2.5783,0.209324,much_slower
np.argmax (uint32),Reduction,uint32,1000,,0.0009,0.0013,available,,not_measured,managed,0.0013,0.692308,negligible
np.argmax (uint32),Reduction,uint32,100000,,0.0088,0.0058,available,,not_measured,managed,0.0058,1.517241,faster
np.argmax (uint32),Reduction,uint32,10000000,,2.2804,4.412,available,,not_measured,managed,4.412,0.516863,slower
np.argmax (uint64),Reduction,uint64,1000,,0.001,0.0016,available,,not_measured,managed,0.0016,0.625,slower
np.argmax (uint64),Reduction,uint64,100000,,0.0173,0.0623,available,,not_measured,managed,0.0623,0.277689,much_slower
np.argmax (uint64),Reduction,uint64,10000000,,4.8026,10.7633,available,,not_measured,managed,10.7633,0.446201,slower
np.argmax (uint8),Reduction,uint8,1000,,0.0009,0.0018,available,,not_measured,managed,0.0018,0.5,negligible
np.argmax (uint8),Reduction,uint8,100000,,0.0031,0.0026,available,,not_measured,managed,0.0026,1.192308,faster
np.argmax (uint8),Reduction,uint8,10000000,,0.2197,0.2548,available,,not_measured,managed,0.2548,0.862245,close
np.argmin (complex128),Reduction,complex128,1000,,0.0019,0.0023,available,,not_measured,managed,0.0023,0.826087,close
np.argmin (complex128),Reduction,complex128,100000,,0.1159,0.1525,available,,not_measured,managed,0.1525,0.76,slower
np.argmin (complex128),Reduction,complex128,10000000,,13.8095,23.6089,available,,not_measured,managed,23.6089,0.584928,slower
np.argmin (float16),Reduction,float16,1000,,0.0031,0.0033,available,,not_measured,managed,0.0033,0.939394,close
np.argmin (float16),Reduction,float16,100000,,0.4383,0.2365,available,,not_measured,managed,0.2365,1.853277,faster
np.argmin (float16),Reduction,float16,10000000,,43.0244,23.9573,available,,not_measured,managed,23.9573,1.795879,faster
np.argmin (float32),Reduction,float32,1000,,0.0009,0.0014,available,,not_measured,managed,0.0014,0.642857,negligible
np.argmin (float32),Reduction,float32,100000,,0.0088,0.0605,available,,not_measured,managed,0.0605,0.145455,much_slower
np.argmin (float32),Reduction,float32,10000000,,2.1897,7.6342,available,,not_measured,managed,7.6342,0.286828,much_slower
np.argmin (float64),Reduction,float64,1000,,0.001,0.0016,available,,not_measured,managed,0.0016,0.625,slower
np.argmin (float64),Reduction,float64,100000,,0.0167,0.0602,available,,not_measured,managed,0.0602,0.277409,much_slower
np.argmin (float64),Reduction,float64,10000000,,4.3515,14.1938,available,,not_measured,managed,14.1938,0.306578,much_slower
np.argmin (int16),Reduction,int16,1000,,0.0009,0.002,available,,not_measured,managed,0.002,0.45,negligible
np.argmin (int16),Reduction,int16,100000,,0.0037,0.0033,available,,not_measured,managed,0.0033,1.121212,faster
np.argmin (int16),Reduction,int16,10000000,,0.5981,1.1599,available,,not_measured,managed,1.1599,0.515648,slower
np.argmin (int32),Reduction,int32,1000,,0.0009,0.001,available,,not_measured,managed,0.001,0.9,negligible
np.argmin (int32),Reduction,int32,100000,,0.0058,0.0054,available,,not_measured,managed,0.0054,1.074074,faster
np.argmin (int32),Reduction,int32,10000000,,1.8412,4.0627,available,,not_measured,managed,4.0627,0.453196,slower
np.argmin (int64),Reduction,int64,1000,,0.0009,0.0014,available,,not_measured,managed,0.0014,0.642857,negligible
np.argmin (int64),Reduction,int64,100000,,0.0146,0.0541,available,,not_measured,managed,0.0541,0.269871,much_slower
np.argmin (int64),Reduction,int64,10000000,,4.2303,13.9466,available,,not_measured,managed,13.9466,0.303321,much_slower
np.argmin (int8),Reduction,int8,1000,,0.0009,0.0014,available,,not_measured,managed,0.0014,0.642857,negligible
np.argmin (int8),Reduction,int8,100000,,0.0023,0.002,available,,not_measured,managed,0.002,1.15,faster
np.argmin (int8),Reduction,int8,10000000,,0.3213,0.2587,available,,not_measured,managed,0.2587,1.241979,faster
np.argmin (uint16),Reduction,uint16,1000,,0.0009,0.0018,available,,not_measured,managed,0.0018,0.5,negligible
np.argmin (uint16),Reduction,uint16,100000,,0.0051,0.0032,available,,not_measured,managed,0.0032,1.59375,faster
np.argmin (uint16),Reduction,uint16,10000000,,0.5371,1.163,available,,not_measured,managed,1.163,0.461823,slower
np.argmin (uint32),Reduction,uint32,1000,,0.0009,0.0011,available,,not_measured,managed,0.0011,0.818182,negligible
np.argmin (uint32),Reduction,uint32,100000,,0.0091,0.0057,available,,not_measured,managed,0.0057,1.596491,faster
np.argmin (uint32),Reduction,uint32,10000000,,2.1937,4.3178,available,,not_measured,managed,4.3178,0.50806,slower
np.argmin (uint64),Reduction,uint64,1000,,0.001,0.0016,available,,not_measured,managed,0.0016,0.625,slower
np.argmin (uint64),Reduction,uint64,100000,,0.0174,0.0613,available,,not_measured,managed,0.0613,0.28385,much_slower
np.argmin (uint64),Reduction,uint64,10000000,,4.7183,14.2426,available,,not_measured,managed,14.2426,0.331281,slower
np.argmin (uint8),Reduction,uint8,1000,,0.0009,0.0013,available,,not_measured,managed,0.0013,0.692308,negligible
np.argmin (uint8),Reduction,uint8,100000,,0.0031,0.0022,available,,not_measured,managed,0.0022,1.409091,faster
np.argmin (uint8),Reduction,uint8,10000000,,0.2233,0.2613,available,,not_measured,managed,0.2613,0.854573,close
np.cumprod(a) (float16),Reduction,float16,1000,,0.0062,0.0099,available,,not_measured,managed,0.0099,0.626263,slower
np.cumprod(a) (float16),Reduction,float16,100000,,0.4164,0.9618,available,,not_measured,managed,0.9618,0.432938,slower
np.cumprod(a) (float16),Reduction,float16,10000000,,46.1538,94.4352,available,,not_measured,managed,94.4352,0.488735,slower
np.cumprod(a) (float32),Reduction,float32,1000,,0.0036,0.0022,available,,not_measured,managed,0.0022,1.636364,faster
np.cumprod(a) (float32),Reduction,float32,100000,,0.1819,0.1141,available,,not_measured,managed,0.1141,1.594216,faster
np.cumprod(a) (float32),Reduction,float32,10000000,,20.8267,10.6752,available,,not_measured,managed,10.6752,1.950942,faster
np.cumprod(a) (float64),Reduction,float64,1000,,0.0037,0.0052,available,,not_measured,managed,0.0052,0.711538,slower
np.cumprod(a) (float64),Reduction,float64,100000,,0.1685,0.1462,available,,not_measured,managed,0.1462,1.152531,faster
np.cumprod(a) (float64),Reduction,float64,10000000,,26.9734,14.4049,available,,not_measured,managed,14.4049,1.872516,faster
np.cumsum (complex128),Reduction,complex128,1000,,0.003,0.0041,available,,not_measured,managed,0.0041,0.731707,slower
np.cumsum (complex128),Reduction,complex128,100000,,0.3879,0.3255,available,,not_measured,managed,0.3255,1.191705,faster
np.cumsum (complex128),Reduction,complex128,10000000,,42.4606,44.457,available,,not_measured,managed,44.457,0.955094,close
np.cumsum (float16),Reduction,float16,1000,,0.0062,0.0174,available,,not_measured,managed,0.0174,0.356322,slower
np.cumsum (float16),Reduction,float16,100000,,0.4886,1.6703,available,,not_measured,managed,1.6703,0.292522,much_slower
np.cumsum (float16),Reduction,float16,10000000,,49.2308,167.9535,available,,not_measured,managed,167.9535,0.293122,much_slower
np.cumsum (float32),Reduction,float32,1000,,0.003,0.0023,available,,not_measured,managed,0.0023,1.304348,faster
np.cumsum (float32),Reduction,float32,100000,,0.1626,0.1178,available,,not_measured,managed,0.1178,1.380306,faster
np.cumsum (float32),Reduction,float32,10000000,,19.8189,12.3104,available,,not_measured,managed,12.3104,1.609931,faster
np.cumsum (float64),Reduction,float64,1000,,0.0028,0.0023,available,,not_measured,managed,0.0023,1.217391,faster
np.cumsum (float64),Reduction,float64,100000,,0.1736,0.172,available,,not_measured,managed,0.172,1.009302,close
np.cumsum (float64),Reduction,float64,10000000,,24.3096,21.683,available,,not_measured,managed,21.683,1.121136,faster
np.cumsum (int16),Reduction,int16,1000,,0.0026,0.0026,available,,not_measured,managed,0.0026,1.0,close
np.cumsum (int16),Reduction,int16,100000,,0.3297,0.1622,available,,not_measured,managed,0.1622,2.032676,faster
np.cumsum (int16),Reduction,int16,10000000,,29.0126,16.5649,available,,not_measured,managed,16.5649,1.75145,faster
np.cumsum (int32),Reduction,int32,1000,,0.0027,0.0024,available,,not_measured,managed,0.0024,1.125,faster
np.cumsum (int32),Reduction,int32,100000,,0.3205,0.1681,available,,not_measured,managed,0.1681,1.906603,faster
np.cumsum (int32),Reduction,int32,10000000,,31.1178,17.2159,available,,not_measured,managed,17.2159,1.807504,faster
np.cumsum (int64),Reduction,int64,1000,,0.0017,0.0022,available,,not_measured,managed,0.0022,0.772727,slower
np.cumsum (int64),Reduction,int64,100000,,0.0307,0.1702,available,,not_measured,managed,0.1702,0.180376,much_slower
np.cumsum (int64),Reduction,int64,10000000,,15.5983,21.5475,available,,not_measured,managed,21.5475,0.723903,slower
np.cumsum (int8),Reduction,int8,1000,,0.0026,0.0027,available,,not_measured,managed,0.0027,0.962963,close
np.cumsum (int8),Reduction,int8,100000,,0.3285,0.1968,available,,not_measured,managed,0.1968,1.669207,faster
np.cumsum (int8),Reduction,int8,10000000,,39.505,14.5603,available,,not_measured,managed,14.5603,2.7132,faster
np.cumsum (uint16),Reduction,uint16,1000,,0.0028,0.0024,available,,not_measured,managed,0.0024,1.166667,faster
np.cumsum (uint16),Reduction,uint16,100000,,0.3361,0.1581,available,,not_measured,managed,0.1581,2.12587,faster
np.cumsum (uint16),Reduction,uint16,10000000,,28.6608,15.4563,available,,not_measured,managed,15.4563,1.854312,faster
np.cumsum (uint32),Reduction,uint32,1000,,0.0025,0.0023,available,,not_measured,managed,0.0023,1.086957,faster
np.cumsum (uint32),Reduction,uint32,100000,,0.315,0.1605,available,,not_measured,managed,0.1605,1.962617,faster
np.cumsum (uint32),Reduction,uint32,10000000,,29.6641,16.9712,available,,not_measured,managed,16.9712,1.747908,faster
np.cumsum (uint64),Reduction,uint64,1000,,0.0019,0.0022,available,,not_measured,managed,0.0022,0.863636,close
np.cumsum (uint64),Reduction,uint64,100000,,0.0304,0.1661,available,,not_measured,managed,0.1661,0.183022,much_slower
np.cumsum (uint64),Reduction,uint64,10000000,,16.8016,22.6918,available,,not_measured,managed,22.6918,0.740426,slower
np.cumsum (uint8),Reduction,uint8,1000,,0.0027,0.0028,available,,not_measured,managed,0.0028,0.964286,close
np.cumsum (uint8),Reduction,uint8,100000,,0.3487,0.1685,available,,not_measured,managed,0.1685,2.069436,faster
np.cumsum (uint8),Reduction,uint8,10000000,,28.4765,14.8503,available,,not_measured,managed,14.8503,1.917571,faster
np.max (complex128),Reduction,complex128,1000,,0.0033,0.0024,available,,not_measured,managed,0.0024,1.375,faster
np.max (complex128),Reduction,complex128,100000,,0.1639,0.1494,available,,not_measured,managed,0.1494,1.097055,faster
np.max (complex128),Reduction,complex128,10000000,,16.7337,20.7188,available,,not_measured,managed,20.7188,0.807658,close
np.max (float16),Reduction,float16,1000,,0.0039,0.0024,available,,not_measured,managed,0.0024,1.625,faster
np.max (float16),Reduction,float16,100000,,0.5139,0.4656,available,,not_measured,managed,0.4656,1.103737,faster
np.max (float16),Reduction,float16,10000000,,51.0995,47.5786,available,,not_measured,managed,47.5786,1.074002,faster
np.max (float32),Reduction,float32,1000,,0.0018,0.0013,available,,not_measured,managed,0.0013,1.384615,faster
np.max (float32),Reduction,float32,100000,,0.0061,0.0097,available,,not_measured,managed,0.0097,0.628866,slower
np.max (float32),Reduction,float32,10000000,,1.549,4.0679,available,,not_measured,managed,4.0679,0.380786,slower
np.max (float64),Reduction,float64,1000,,0.0018,0.0015,available,,not_measured,managed,0.0015,1.2,faster
np.max (float64),Reduction,float64,100000,,0.0109,0.0194,available,,not_measured,managed,0.0194,0.561856,slower
np.max (float64),Reduction,float64,10000000,,3.4787,9.0596,available,,not_measured,managed,9.0596,0.383979,slower
np.max (int16),Reduction,int16,1000,,0.0017,0.0014,available,,not_measured,managed,0.0014,1.214286,faster
np.max (int16),Reduction,int16,100000,,0.0032,0.0033,available,,not_measured,managed,0.0033,0.969697,close
np.max (int16),Reduction,int16,10000000,,0.3307,0.9657,available,,not_measured,managed,0.9657,0.342446,slower
np.max (int32),Reduction,int32,1000,,0.002,0.002,available,,not_measured,managed,0.002,1.0,close
np.max (int32),Reduction,int32,100000,,0.0043,0.0047,available,,not_measured,managed,0.0047,0.914894,close
np.max (int32),Reduction,int32,10000000,,1.4025,4.2432,available,,not_measured,managed,4.2432,0.330529,slower
np.max (int64),Reduction,int64,1000,,0.0017,0.0011,available,,not_measured,managed,0.0011,1.545455,faster
np.max (int64),Reduction,int64,100000,,0.009,0.0301,available,,not_measured,managed,0.0301,0.299003,much_slower
np.max (int64),Reduction,int64,10000000,,3.455,10.9978,available,,not_measured,managed,10.9978,0.314154,much_slower
np.max (int8),Reduction,int8,1000,,0.0017,0.0014,available,,not_measured,managed,0.0014,1.214286,faster
np.max (int8),Reduction,int8,100000,,0.0025,0.0026,available,,not_measured,managed,0.0026,0.961538,close
np.max (int8),Reduction,int8,10000000,,0.1603,0.2412,available,,not_measured,managed,0.2412,0.664594,slower
np.max (uint16),Reduction,uint16,1000,,0.0018,0.001,available,,not_measured,managed,0.001,1.8,faster
np.max (uint16),Reduction,uint16,100000,,0.0032,0.0027,available,,not_measured,managed,0.0027,1.185185,faster
np.max (uint16),Reduction,uint16,10000000,,0.2909,0.853,available,,not_measured,managed,0.853,0.341032,slower
np.max (uint32),Reduction,uint32,1000,,0.0017,0.0017,available,,not_measured,managed,0.0017,1.0,close
np.max (uint32),Reduction,uint32,100000,,0.0042,0.0056,available,,not_measured,managed,0.0056,0.75,slower
np.max (uint32),Reduction,uint32,10000000,,1.3735,5.1535,available,,not_measured,managed,5.1535,0.266518,much_slower
np.max (uint64),Reduction,uint64,1000,,0.002,0.0013,available,,not_measured,managed,0.0013,1.538462,faster
np.max (uint64),Reduction,uint64,100000,,0.0123,0.04,available,,not_measured,managed,0.04,0.3075,much_slower
np.max (uint64),Reduction,uint64,10000000,,3.9018,10.7945,available,,not_measured,managed,10.7945,0.361462,slower
np.max (uint8),Reduction,uint8,1000,,0.0017,0.0012,available,,not_measured,managed,0.0012,1.416667,faster
np.max (uint8),Reduction,uint8,100000,,0.0025,0.0024,available,,not_measured,managed,0.0024,1.041667,close
np.max (uint8),Reduction,uint8,10000000,,0.123,0.2732,available,,not_measured,managed,0.2732,0.45022,slower
np.mean (complex128),Reduction,complex128,1000,,0.0028,0.0022,available,,not_measured,managed,0.0022,1.272727,faster
np.mean (complex128),Reduction,complex128,100000,,0.0365,0.0119,available,,not_measured,managed,0.0119,3.067227,faster
np.mean (complex128),Reduction,complex128,10000000,,9.0283,19.0264,available,,not_measured,managed,19.0264,0.474514,slower
np.mean (float16),Reduction,float16,1000,,0.0049,0.0022,available,,not_measured,managed,0.0022,2.227273,faster
np.mean (float16),Reduction,float16,100000,,0.1064,0.0855,available,,not_measured,managed,0.0855,1.244444,faster
np.mean (float16),Reduction,float16,10000000,,10.3326,17.1652,available,,not_measured,managed,17.1652,0.60195,slower
np.mean (float32),Reduction,float32,1000,,0.0037,0.0019,available,,not_measured,managed,0.0019,1.947368,faster
np.mean (float32),Reduction,float32,100000,,0.0186,0.0033,available,,not_measured,managed,0.0033,5.636364,faster
np.mean (float32),Reduction,float32,10000000,,3.3184,3.9873,available,,not_measured,managed,3.9873,0.832242,close
np.mean (float64),Reduction,float64,1000,,0.0025,0.0014,available,,not_measured,managed,0.0014,1.785714,faster
np.mean (float64),Reduction,float64,100000,,0.0183,0.0042,available,,not_measured,managed,0.0042,4.357143,faster
np.mean (float64),Reduction,float64,10000000,,4.766,8.6582,available,,not_measured,managed,8.6582,0.550461,slower
np.mean (int16),Reduction,int16,1000,,0.0033,0.0013,available,,not_measured,managed,0.0013,2.538462,faster
np.mean (int16),Reduction,int16,100000,,0.0528,0.0192,available,,not_measured,managed,0.0192,2.75,faster
np.mean (int16),Reduction,int16,10000000,,5.5062,2.1535,available,,not_measured,managed,2.1535,2.556861,faster
np.mean (int32),Reduction,int32,1000,,0.0031,0.0016,available,,not_measured,managed,0.0016,1.9375,faster
np.mean (int32),Reduction,int32,100000,,0.0426,0.0213,available,,not_measured,managed,0.0213,2.0,faster
np.mean (int32),Reduction,int32,10000000,,4.6443,3.0139,available,,not_measured,managed,3.0139,1.54096,faster
np.mean (int64),Reduction,int64,1000,,0.0029,0.0018,available,,not_measured,managed,0.0018,1.611111,faster
np.mean (int64),Reduction,int64,100000,,0.0345,0.0047,available,,not_measured,managed,0.0047,7.340426,faster
np.mean (int64),Reduction,int64,10000000,,6.5001,3.3658,available,,not_measured,managed,3.3658,1.93122,faster
np.mean (int8),Reduction,int8,1000,,0.0033,0.0014,available,,not_measured,managed,0.0014,2.357143,faster
np.mean (int8),Reduction,int8,100000,,0.0537,0.0479,available,,not_measured,managed,0.0479,1.121086,faster
np.mean (int8),Reduction,int8,10000000,,6.0462,1.9057,available,,not_measured,managed,1.9057,3.172692,faster
np.mean (uint16),Reduction,uint16,1000,,0.0031,0.0014,available,,not_measured,managed,0.0014,2.214286,faster
np.mean (uint16),Reduction,uint16,100000,,0.0531,0.0225,available,,not_measured,managed,0.0225,2.36,faster
np.mean (uint16),Reduction,uint16,10000000,,5.1033,2.0661,available,,not_measured,managed,2.0661,2.470016,faster
np.mean (uint32),Reduction,uint32,1000,,0.0031,0.0019,available,,not_measured,managed,0.0019,1.631579,faster
np.mean (uint32),Reduction,uint32,100000,,0.0409,0.0205,available,,not_measured,managed,0.0205,1.995122,faster
np.mean (uint32),Reduction,uint32,10000000,,4.9765,3.2003,available,,not_measured,managed,3.2003,1.55501,faster
np.mean (uint64),Reduction,uint64,1000,,0.003,0.0011,available,,not_measured,managed,0.0011,2.727273,faster
np.mean (uint64),Reduction,uint64,100000,,0.0521,0.0048,available,,not_measured,managed,0.0048,10.854167,faster
np.mean (uint64),Reduction,uint64,10000000,,7.2269,8.3626,available,,not_measured,managed,8.3626,0.864193,close
np.mean (uint8),Reduction,uint8,1000,,0.0031,0.0013,available,,not_measured,managed,0.0013,2.384615,faster
np.mean (uint8),Reduction,uint8,100000,,0.0541,0.0191,available,,not_measured,managed,0.0191,2.832461,faster
np.mean (uint8),Reduction,uint8,10000000,,5.0086,1.9221,available,,not_measured,managed,1.9221,2.605796,faster
np.mean axis=0 (complex128),Reduction,complex128,1000,,0.0042,0.0046,available,,not_measured,managed,0.0046,0.913043,close
np.mean axis=0 (complex128),Reduction,complex128,100000,,0.0178,0.0485,available,,not_measured,managed,0.0485,0.36701,slower
np.mean axis=0 (complex128),Reduction,complex128,10000000,,7.7296,18.2055,available,,not_measured,managed,18.2055,0.424575,slower
np.mean axis=0 (float16),Reduction,float16,1000,,0.0059,0.0072,available,,not_measured,managed,0.0072,0.819444,close
np.mean axis=0 (float16),Reduction,float16,100000,,0.0786,0.2952,available,,not_measured,managed,0.2952,0.26626,much_slower
np.mean axis=0 (float16),Reduction,float16,10000000,,7.0712,28.0556,available,,not_measured,managed,28.0556,0.252042,much_slower
np.mean axis=0 (float32),Reduction,float32,1000,,0.0039,0.0035,available,,not_measured,managed,0.0035,1.114286,faster
np.mean axis=0 (float32),Reduction,float32,100000,,0.0102,0.0189,available,,not_measured,managed,0.0189,0.539683,slower
np.mean axis=0 (float32),Reduction,float32,10000000,,2.1363,5.9516,available,,not_measured,managed,5.9516,0.358945,slower
np.mean axis=0 (float64),Reduction,float64,1000,,0.0031,0.0047,available,,not_measured,managed,0.0047,0.659574,slower
np.mean axis=0 (float64),Reduction,float64,100000,,0.0141,0.0316,available,,not_measured,managed,0.0316,0.446203,slower
np.mean axis=0 (float64),Reduction,float64,10000000,,3.3314,9.2269,available,,not_measured,managed,9.2269,0.361053,slower
np.mean axis=0 (int16),Reduction,int16,1000,,0.0041,0.0027,available,,not_measured,managed,0.0027,1.518519,faster
np.mean axis=0 (int16),Reduction,int16,100000,,0.0514,0.0199,available,,not_measured,managed,0.0199,2.582915,faster
np.mean axis=0 (int16),Reduction,int16,10000000,,5.2306,2.7348,available,,not_measured,managed,2.7348,1.912608,faster
np.mean axis=0 (int32),Reduction,int32,1000,,0.0041,0.0009,available,,not_measured,managed,0.0009,4.555556,negligible
np.mean axis=0 (int32),Reduction,int32,100000,,0.0406,0.0208,available,,not_measured,managed,0.0208,1.951923,faster
np.mean axis=0 (int32),Reduction,int32,10000000,,4.7748,4.7227,available,,not_measured,managed,4.7227,1.011032,close
np.mean axis=0 (int64),Reduction,int64,1000,,0.0039,0.0021,available,,not_measured,managed,0.0021,1.857143,faster
np.mean axis=0 (int64),Reduction,int64,100000,,0.033,0.1525,available,,not_measured,managed,0.1525,0.216393,much_slower
np.mean axis=0 (int64),Reduction,int64,10000000,,6.2631,139.0226,available,,not_measured,managed,139.0226,0.045051,much_slower
np.mean axis=0 (int8),Reduction,int8,1000,,0.0041,0.0009,available,,not_measured,managed,0.0009,4.555556,negligible
np.mean axis=0 (int8),Reduction,int8,100000,,0.0525,0.021,available,,not_measured,managed,0.021,2.5,faster
np.mean axis=0 (int8),Reduction,int8,10000000,,6.0892,1.9504,available,,not_measured,managed,1.9504,3.122026,faster
np.mean axis=0 (uint16),Reduction,uint16,1000,,0.0055,0.0015,available,,not_measured,managed,0.0015,3.666667,faster
np.mean axis=0 (uint16),Reduction,uint16,100000,,0.0527,0.0206,available,,not_measured,managed,0.0206,2.558252,faster
np.mean axis=0 (uint16),Reduction,uint16,10000000,,5.2892,2.61,available,,not_measured,managed,2.61,2.026513,faster
np.mean axis=0 (uint32),Reduction,uint32,1000,,0.0043,0.0015,available,,not_measured,managed,0.0015,2.866667,faster
np.mean axis=0 (uint32),Reduction,uint32,100000,,0.0403,0.028,available,,not_measured,managed,0.028,1.439286,faster
np.mean axis=0 (uint32),Reduction,uint32,10000000,,4.6468,4.5148,available,,not_measured,managed,4.5148,1.029237,close
np.mean axis=0 (uint64),Reduction,uint64,1000,,0.0041,0.0022,available,,not_measured,managed,0.0022,1.863636,faster
np.mean axis=0 (uint64),Reduction,uint64,100000,,0.0459,0.1795,available,,not_measured,managed,0.1795,0.25571,much_slower
np.mean axis=0 (uint64),Reduction,uint64,10000000,,7.5524,140.0372,available,,not_measured,managed,140.0372,0.053931,much_slower
np.mean axis=0 (uint8),Reduction,uint8,1000,,0.0041,0.0008,available,,not_measured,managed,0.0008,5.125,negligible
np.mean axis=0 (uint8),Reduction,uint8,100000,,0.0537,0.0211,available,,not_measured,managed,0.0211,2.545024,faster
np.mean axis=0 (uint8),Reduction,uint8,10000000,,5.6743,1.9927,available,,not_measured,managed,1.9927,2.847544,faster
np.mean axis=1 (complex128),Reduction,complex128,1000,,0.0034,0.005,available,,not_measured,managed,0.005,0.68,slower
np.mean axis=1 (complex128),Reduction,complex128,100000,,0.0352,0.0562,available,,not_measured,managed,0.0562,0.626335,slower
np.mean axis=1 (complex128),Reduction,complex128,10000000,,8.3422,19.7724,available,,not_measured,managed,19.7724,0.421911,slower
np.mean axis=1 (float16),Reduction,float16,1000,,0.0056,0.0065,available,,not_measured,managed,0.0065,0.861538,close
np.mean axis=1 (float16),Reduction,float16,100000,,0.087,0.2796,available,,not_measured,managed,0.2796,0.311159,much_slower
np.mean axis=1 (float16),Reduction,float16,10000000,,7.9356,27.1315,available,,not_measured,managed,27.1315,0.292487,much_slower
np.mean axis=1 (float32),Reduction,float32,1000,,0.0038,0.004,available,,not_measured,managed,0.004,0.95,close
np.mean axis=1 (float32),Reduction,float32,100000,,0.0231,0.0258,available,,not_measured,managed,0.0258,0.895349,close
np.mean axis=1 (float32),Reduction,float32,10000000,,3.2301,4.6932,available,,not_measured,managed,4.6932,0.688251,slower
np.mean axis=1 (float64),Reduction,float64,1000,,0.0031,0.0047,available,,not_measured,managed,0.0047,0.659574,slower
np.mean axis=1 (float64),Reduction,float64,100000,,0.0211,0.0299,available,,not_measured,managed,0.0299,0.705686,slower
np.mean axis=1 (float64),Reduction,float64,10000000,,5.1019,10.1108,available,,not_measured,managed,10.1108,0.504599,slower
np.mean axis=1 (int16),Reduction,int16,1000,,0.0039,0.002,available,,not_measured,managed,0.002,1.95,faster
np.mean axis=1 (int16),Reduction,int16,100000,,0.0573,0.0206,available,,not_measured,managed,0.0206,2.781553,faster
np.mean axis=1 (int16),Reduction,int16,10000000,,5.2402,2.6301,available,,not_measured,managed,2.6301,1.992396,faster
np.mean axis=1 (int32),Reduction,int32,1000,,0.0039,0.0016,available,,not_measured,managed,0.0016,2.4375,faster
np.mean axis=1 (int32),Reduction,int32,100000,,0.0438,0.0219,available,,not_measured,managed,0.0219,2.0,faster
np.mean axis=1 (int32),Reduction,int32,10000000,,5.0394,4.6992,available,,not_measured,managed,4.6992,1.072395,faster
np.mean axis=1 (int64),Reduction,int64,1000,,0.0036,0.0021,available,,not_measured,managed,0.0021,1.714286,faster
np.mean axis=1 (int64),Reduction,int64,100000,,0.0419,0.1471,available,,not_measured,managed,0.1471,0.28484,much_slower
np.mean axis=1 (int64),Reduction,int64,10000000,,6.5163,16.9707,available,,not_measured,managed,16.9707,0.383974,slower
np.mean axis=1 (int8),Reduction,int8,1000,,0.0038,0.0008,available,,not_measured,managed,0.0008,4.75,negligible
np.mean axis=1 (int8),Reduction,int8,100000,,0.0586,0.0211,available,,not_measured,managed,0.0211,2.777251,faster
np.mean axis=1 (int8),Reduction,int8,10000000,,6.3747,1.8933,available,,not_measured,managed,1.8933,3.366978,faster
np.mean axis=1 (uint16),Reduction,uint16,1000,,0.0037,0.0009,available,,not_measured,managed,0.0009,4.111111,negligible
np.mean axis=1 (uint16),Reduction,uint16,100000,,0.0586,0.0211,available,,not_measured,managed,0.0211,2.777251,faster
np.mean axis=1 (uint16),Reduction,uint16,10000000,,5.5374,2.4331,available,,not_measured,managed,2.4331,2.275862,faster
np.mean axis=1 (uint32),Reduction,uint32,1000,,0.0037,0.0015,available,,not_measured,managed,0.0015,2.466667,faster
np.mean axis=1 (uint32),Reduction,uint32,100000,,0.0487,0.0275,available,,not_measured,managed,0.0275,1.770909,faster
np.mean axis=1 (uint32),Reduction,uint32,10000000,,4.7673,4.7657,available,,not_measured,managed,4.7657,1.000336,close
np.mean axis=1 (uint64),Reduction,uint64,1000,,0.0049,0.0024,available,,not_measured,managed,0.0024,2.041667,faster
np.mean axis=1 (uint64),Reduction,uint64,100000,,0.0578,0.1649,available,,not_measured,managed,0.1649,0.350515,slower
np.mean axis=1 (uint64),Reduction,uint64,10000000,,7.3761,17.1868,available,,not_measured,managed,17.1868,0.429172,slower
np.mean axis=1 (uint8),Reduction,uint8,1000,,0.0041,0.0011,available,,not_measured,managed,0.0011,3.727273,faster
np.mean axis=1 (uint8),Reduction,uint8,100000,,0.0573,0.02,available,,not_measured,managed,0.02,2.865,faster
np.mean axis=1 (uint8),Reduction,uint8,10000000,,5.1778,1.9554,available,,not_measured,managed,1.9554,2.647949,faster
np.min (complex128),Reduction,complex128,1000,,0.0033,0.0023,available,,not_measured,managed,0.0023,1.434783,faster
np.min (complex128),Reduction,complex128,100000,,0.1587,0.1461,available,,not_measured,managed,0.1461,1.086242,faster
np.min (complex128),Reduction,complex128,10000000,,16.5325,20.8606,available,,not_measured,managed,20.8606,0.792523,slower
np.min (float16),Reduction,float16,1000,,0.004,0.0019,available,,not_measured,managed,0.0019,2.105263,faster
np.min (float16),Reduction,float16,100000,,0.5238,0.4187,available,,not_measured,managed,0.4187,1.251015,faster
np.min (float16),Reduction,float16,10000000,,51.7201,45.3168,available,,not_measured,managed,45.3168,1.141301,faster
np.min (float32),Reduction,float32,1000,,0.0017,0.0018,available,,not_measured,managed,0.0018,0.944444,close
np.min (float32),Reduction,float32,100000,,0.0063,0.0093,available,,not_measured,managed,0.0093,0.677419,slower
np.min (float32),Reduction,float32,10000000,,1.6512,4.1696,available,,not_measured,managed,4.1696,0.396009,slower
np.min (float64),Reduction,float64,1000,,0.0018,0.001,available,,not_measured,managed,0.001,1.8,faster
np.min (float64),Reduction,float64,100000,,0.0104,0.0183,available,,not_measured,managed,0.0183,0.568306,slower
np.min (float64),Reduction,float64,10000000,,3.4237,8.5502,available,,not_measured,managed,8.5502,0.400423,slower
np.min (int16),Reduction,int16,1000,,0.0017,0.0009,available,,not_measured,managed,0.0009,1.888889,negligible
np.min (int16),Reduction,int16,100000,,0.0032,0.0026,available,,not_measured,managed,0.0026,1.230769,faster
np.min (int16),Reduction,int16,10000000,,0.3425,0.6511,available,,not_measured,managed,0.6511,0.526033,slower
np.min (int32),Reduction,int32,1000,,0.0017,0.0013,available,,not_measured,managed,0.0013,1.307692,faster
np.min (int32),Reduction,int32,100000,,0.0046,0.0045,available,,not_measured,managed,0.0045,1.022222,close
np.min (int32),Reduction,int32,10000000,,1.2987,3.4914,available,,not_measured,managed,3.4914,0.371971,slower
np.min (int64),Reduction,int64,1000,,0.0019,0.0011,available,,not_measured,managed,0.0011,1.727273,faster
np.min (int64),Reduction,int64,100000,,0.0097,0.0284,available,,not_measured,managed,0.0284,0.341549,slower
np.min (int64),Reduction,int64,10000000,,3.2405,8.926,available,,not_measured,managed,8.926,0.363041,slower
np.min (int8),Reduction,int8,1000,,0.0018,0.001,available,,not_measured,managed,0.001,1.8,faster
np.min (int8),Reduction,int8,100000,,0.0025,0.0023,available,,not_measured,managed,0.0023,1.086957,faster
np.min (int8),Reduction,int8,10000000,,0.1914,0.244,available,,not_measured,managed,0.244,0.784426,slower
np.min (uint16),Reduction,uint16,1000,,0.0017,0.0018,available,,not_measured,managed,0.0018,0.944444,close
np.min (uint16),Reduction,uint16,100000,,0.0032,0.0028,available,,not_measured,managed,0.0028,1.142857,faster
np.min (uint16),Reduction,uint16,10000000,,0.2986,0.6375,available,,not_measured,managed,0.6375,0.468392,slower
np.min (uint32),Reduction,uint32,1000,,0.0021,0.0014,available,,not_measured,managed,0.0014,1.5,faster
np.min (uint32),Reduction,uint32,100000,,0.0044,0.0051,available,,not_measured,managed,0.0051,0.862745,close
np.min (uint32),Reduction,uint32,10000000,,1.3128,3.9324,available,,not_measured,managed,3.9324,0.333842,slower
np.min (uint64),Reduction,uint64,1000,,0.0018,0.0014,available,,not_measured,managed,0.0014,1.285714,faster
np.min (uint64),Reduction,uint64,100000,,0.0126,0.0381,available,,not_measured,managed,0.0381,0.330709,slower
np.min (uint64),Reduction,uint64,10000000,,3.9631,8.4767,available,,not_measured,managed,8.4767,0.467529,slower
np.min (uint8),Reduction,uint8,1000,,0.0017,0.0008,available,,not_measured,managed,0.0008,2.125,negligible
np.min (uint8),Reduction,uint8,100000,,0.0026,0.0025,available,,not_measured,managed,0.0025,1.04,close
np.min (uint8),Reduction,uint8,10000000,,0.1489,0.2406,available,,not_measured,managed,0.2406,0.618869,slower
np.nanargmax(a) (float16),Reduction,float16,1000,,0.0099,0.0057,available,,not_measured,managed,0.0057,1.736842,faster
np.nanargmax(a) (float16),Reduction,float16,100000,,0.5179,0.2891,available,,not_measured,managed,0.2891,1.791422,faster
np.nanargmax(a) (float16),Reduction,float16,10000000,,56.6402,29.0918,available,,not_measured,managed,29.0918,1.946947,faster
np.nanargmax(a) (float32),Reduction,float32,1000,,0.0089,0.0042,available,,not_measured,managed,0.0042,2.119048,faster
np.nanargmax(a) (float32),Reduction,float32,100000,,0.0312,0.1224,available,,not_measured,managed,0.1224,0.254902,much_slower
np.nanargmax(a) (float32),Reduction,float32,10000000,,14.7625,16.2447,available,,not_measured,managed,16.2447,0.908758,close
np.nanargmax(a) (float64),Reduction,float64,1000,,0.0068,0.0052,available,,not_measured,managed,0.0052,1.307692,faster
np.nanargmax(a) (float64),Reduction,float64,100000,,0.0472,0.1264,available,,not_measured,managed,0.1264,0.373418,slower
np.nanargmax(a) (float64),Reduction,float64,10000000,,28.1573,21.3015,available,,not_measured,managed,21.3015,1.321846,faster
np.nanargmin(a) (float16),Reduction,float16,1000,,0.0096,0.0053,available,,not_measured,managed,0.0053,1.811321,faster
np.nanargmin(a) (float16),Reduction,float16,100000,,0.5074,0.2935,available,,not_measured,managed,0.2935,1.72879,faster
np.nanargmin(a) (float16),Reduction,float16,10000000,,53.5942,28.7053,available,,not_measured,managed,28.7053,1.867049,faster
np.nanargmin(a) (float32),Reduction,float32,1000,,0.0065,0.0047,available,,not_measured,managed,0.0047,1.382979,faster
np.nanargmin(a) (float32),Reduction,float32,100000,,0.0282,0.1227,available,,not_measured,managed,0.1227,0.229829,much_slower
np.nanargmin(a) (float32),Reduction,float32,10000000,,13.8424,14.4274,available,,not_measured,managed,14.4274,0.959452,close
np.nanargmin(a) (float64),Reduction,float64,1000,,0.0064,0.0048,available,,not_measured,managed,0.0048,1.333333,faster
np.nanargmin(a) (float64),Reduction,float64,100000,,0.0481,0.1248,available,,not_measured,managed,0.1248,0.385417,slower
np.nanargmin(a) (float64),Reduction,float64,10000000,,24.478,20.983,available,,not_measured,managed,20.983,1.166563,faster
np.nanmax(a) (float16),Reduction,float16,1000,,0.0056,0.002,available,,not_measured,managed,0.002,2.8,faster
np.nanmax(a) (float16),Reduction,float16,100000,,0.5052,0.442,available,,not_measured,managed,0.442,1.142986,faster
np.nanmax(a) (float16),Reduction,float16,10000000,,51.149,45.9507,available,,not_measured,managed,45.9507,1.113128,faster
np.nanmax(a) (float32),Reduction,float32,1000,,0.0033,0.0016,available,,not_measured,managed,0.0016,2.0625,faster
np.nanmax(a) (float32),Reduction,float32,100000,,0.0081,0.0528,available,,not_measured,managed,0.0528,0.153409,much_slower
np.nanmax(a) (float32),Reduction,float32,10000000,,1.9652,5.9821,available,,not_measured,managed,5.9821,0.328513,much_slower
np.nanmax(a) (float64),Reduction,float64,1000,,0.0031,0.0018,available,,not_measured,managed,0.0018,1.722222,faster
np.nanmax(a) (float64),Reduction,float64,100000,,0.0121,0.1038,available,,not_measured,managed,0.1038,0.11657,much_slower
np.nanmax(a) (float64),Reduction,float64,10000000,,5.6069,13.6955,available,,not_measured,managed,13.6955,0.409397,slower
np.nanmean(a) (float16),Reduction,float16,1000,,0.013,0.0029,available,,not_measured,managed,0.0029,4.482759,faster
np.nanmean(a) (float16),Reduction,float16,100000,,0.33,0.2123,available,,not_measured,managed,0.2123,1.554404,faster
np.nanmean(a) (float16),Reduction,float16,10000000,,38.2433,21.1416,available,,not_measured,managed,21.1416,1.808912,faster
np.nanmean(a) (float32),Reduction,float32,1000,,0.0104,0.0021,available,,not_measured,managed,0.0021,4.952381,faster
np.nanmean(a) (float32),Reduction,float32,100000,,0.0763,0.0745,available,,not_measured,managed,0.0745,1.024161,close
np.nanmean(a) (float32),Reduction,float32,10000000,,20.8114,7.73,available,,not_measured,managed,7.73,2.69229,faster
np.nanmean(a) (float64),Reduction,float64,1000,,0.0092,0.0023,available,,not_measured,managed,0.0023,4.0,faster
np.nanmean(a) (float64),Reduction,float64,100000,,0.0883,0.0744,available,,not_measured,managed,0.0744,1.186828,faster
np.nanmean(a) (float64),Reduction,float64,10000000,,48.5427,9.8835,available,,not_measured,managed,9.8835,4.911489,faster
np.nanmedian(a) (float16),Reduction,float16,1000,,0.0228,0.0133,available,,not_measured,managed,0.0133,1.714286,faster
np.nanmedian(a) (float16),Reduction,float16,100000,,0.9595,1.713,available,,not_measured,managed,1.713,0.560128,slower
np.nanmedian(a) (float16),Reduction,float16,10000000,,116.5838,131.1002,available,,not_measured,managed,131.1002,0.889272,close
np.nanmedian(a) (float32),Reduction,float32,1000,,0.0141,0.0047,available,,not_measured,managed,0.0047,3.0,faster
np.nanmedian(a) (float32),Reduction,float32,100000,,0.4834,0.3725,available,,not_measured,managed,0.3725,1.297718,faster
np.nanmedian(a) (float32),Reduction,float32,10000000,,81.7016,55.8867,available,,not_measured,managed,55.8867,1.461915,faster
np.nanmedian(a) (float64),Reduction,float64,1000,,0.0129,0.005,available,,not_measured,managed,0.005,2.58,faster
np.nanmedian(a) (float64),Reduction,float64,100000,,0.4902,0.3899,available,,not_measured,managed,0.3899,1.257245,faster
np.nanmedian(a) (float64),Reduction,float64,10000000,,109.7268,64.0212,available,,not_measured,managed,64.0212,1.713914,faster
np.nanmin(a) (float16),Reduction,float16,1000,,0.006,0.0021,available,,not_measured,managed,0.0021,2.857143,faster
np.nanmin(a) (float16),Reduction,float16,100000,,0.5067,0.445,available,,not_measured,managed,0.445,1.138652,faster
np.nanmin(a) (float16),Reduction,float16,10000000,,50.2039,45.874,available,,not_measured,managed,45.874,1.094387,faster
np.nanmin(a) (float32),Reduction,float32,1000,,0.0032,0.0014,available,,not_measured,managed,0.0014,2.285714,faster
np.nanmin(a) (float32),Reduction,float32,100000,,0.0074,0.0534,available,,not_measured,managed,0.0534,0.138577,much_slower
np.nanmin(a) (float32),Reduction,float32,10000000,,1.8058,5.9093,available,,not_measured,managed,5.9093,0.305586,much_slower
np.nanmin(a) (float64),Reduction,float64,1000,,0.0032,0.0022,available,,not_measured,managed,0.0022,1.454545,faster
np.nanmin(a) (float64),Reduction,float64,100000,,0.0116,0.1035,available,,not_measured,managed,0.1035,0.112077,much_slower
np.nanmin(a) (float64),Reduction,float64,10000000,,4.6404,11.5795,available,,not_measured,managed,11.5795,0.400743,slower
"np.nanpercentile(a, 50) (float16)",Reduction,float16,1000,,0.0352,0.0134,available,,not_measured,managed,0.0134,2.626866,faster
"np.nanpercentile(a, 50) (float16)",Reduction,float16,100000,,1.8606,1.7669,available,,not_measured,managed,1.7669,1.053031,faster
"np.nanpercentile(a, 50) (float16)",Reduction,float16,10000000,,119.7548,129.4004,available,,not_measured,managed,129.4004,0.925459,close
"np.nanpercentile(a, 50) (float32)",Reduction,float32,1000,,0.0293,0.0051,available,,not_measured,managed,0.0051,5.745098,faster
"np.nanpercentile(a, 50) (float32)",Reduction,float32,100000,,0.7711,0.3767,available,,not_measured,managed,0.3767,2.046987,faster
"np.nanpercentile(a, 50) (float32)",Reduction,float32,10000000,,69.4682,54.7743,available,,not_measured,managed,54.7743,1.268263,faster
"np.nanpercentile(a, 50) (float64)",Reduction,float64,1000,,0.0282,0.0049,available,,not_measured,managed,0.0049,5.755102,faster
"np.nanpercentile(a, 50) (float64)",Reduction,float64,100000,,0.7836,0.4218,available,,not_measured,managed,0.4218,1.857752,faster
"np.nanpercentile(a, 50) (float64)",Reduction,float64,10000000,,63.6079,64.7989,available,,not_measured,managed,64.7989,0.98162,close
np.nanprod(a) (float16),Reduction,float16,1000,,0.0066,0.0026,available,,not_measured,managed,0.0026,2.538462,faster
np.nanprod(a) (float16),Reduction,float16,100000,,0.1665,0.1947,available,,not_measured,managed,0.1947,0.855162,close
np.nanprod(a) (float16),Reduction,float16,10000000,,20.3683,19.4095,available,,not_measured,managed,19.4095,1.049398,close
np.nanprod(a) (float32),Reduction,float32,1000,,0.0054,0.0014,available,,not_measured,managed,0.0014,3.857143,faster
np.nanprod(a) (float32),Reduction,float32,100000,,0.0941,0.0169,available,,not_measured,managed,0.0169,5.568047,faster
np.nanprod(a) (float32),Reduction,float32,10000000,,18.2352,4.7322,available,,not_measured,managed,4.7322,3.85343,faster
np.nanprod(a) (float64),Reduction,float64,1000,,0.0055,0.0011,available,,not_measured,managed,0.0011,5.0,faster
np.nanprod(a) (float64),Reduction,float64,100000,,0.1027,0.0325,available,,not_measured,managed,0.0325,3.16,faster
np.nanprod(a) (float64),Reduction,float64,10000000,,26.9065,9.8603,available,,not_measured,managed,9.8603,2.728771,faster
"np.nanquantile(a, 0.5) (float16)",Reduction,float16,1000,,0.034,0.0141,available,,not_measured,managed,0.0141,2.411348,faster
"np.nanquantile(a, 0.5) (float16)",Reduction,float16,100000,,1.8147,1.7488,available,,not_measured,managed,1.7488,1.037683,close
"np.nanquantile(a, 0.5) (float16)",Reduction,float16,10000000,,120.0947,131.9225,available,,not_measured,managed,131.9225,0.910343,close
"np.nanquantile(a, 0.5) (float32)",Reduction,float32,1000,,0.0293,0.0052,available,,not_measured,managed,0.0052,5.634615,faster
"np.nanquantile(a, 0.5) (float32)",Reduction,float32,100000,,0.7529,0.3774,available,,not_measured,managed,0.3774,1.994966,faster
"np.nanquantile(a, 0.5) (float32)",Reduction,float32,10000000,,61.9602,54.4836,available,,not_measured,managed,54.4836,1.137227,faster
"np.nanquantile(a, 0.5) (float64)",Reduction,float64,1000,,0.0268,0.005,available,,not_measured,managed,0.005,5.36,faster
"np.nanquantile(a, 0.5) (float64)",Reduction,float64,100000,,0.7318,0.3908,available,,not_measured,managed,0.3908,1.872569,faster
"np.nanquantile(a, 0.5) (float64)",Reduction,float64,10000000,,67.5643,63.4764,available,,not_measured,managed,63.4764,1.0644,faster
np.nanstd(a) (float16),Reduction,float16,1000,,0.0457,0.0056,available,,not_measured,managed,0.0056,8.160714,faster
np.nanstd(a) (float16),Reduction,float16,100000,,1.1899,0.4231,available,,not_measured,managed,0.4231,2.812338,faster
np.nanstd(a) (float16),Reduction,float16,10000000,,129.5926,41.2492,available,,not_measured,managed,41.2492,3.1417,faster
np.nanstd(a) (float32),Reduction,float32,1000,,0.0214,0.0028,available,,not_measured,managed,0.0028,7.642857,faster
np.nanstd(a) (float32),Reduction,float32,100000,,0.1657,0.1566,available,,not_measured,managed,0.1566,1.05811,faster
np.nanstd(a) (float32),Reduction,float32,10000000,,37.5638,16.3418,available,,not_measured,managed,16.3418,2.298633,faster
np.nanstd(a) (float64),Reduction,float64,1000,,0.0196,0.0026,available,,not_measured,managed,0.0026,7.538462,faster
np.nanstd(a) (float64),Reduction,float64,100000,,0.1861,0.1527,available,,not_measured,managed,0.1527,1.21873,faster
np.nanstd(a) (float64),Reduction,float64,10000000,,55.1937,19.8716,available,,not_measured,managed,19.8716,2.777517,faster
np.nansum(a) (float16),Reduction,float16,1000,,0.0065,0.0023,available,,not_measured,managed,0.0023,2.826087,faster
np.nansum(a) (float16),Reduction,float16,100000,,0.2938,0.1962,available,,not_measured,managed,0.1962,1.497452,faster
np.nansum(a) (float16),Reduction,float16,10000000,,31.595,19.3425,available,,not_measured,managed,19.3425,1.63345,faster
np.nansum(a) (float32),Reduction,float32,1000,,0.0039,0.0008,available,,not_measured,managed,0.0008,4.875,negligible
np.nansum(a) (float32),Reduction,float32,100000,,0.0313,0.0098,available,,not_measured,managed,0.0098,3.193878,faster
np.nansum(a) (float32),Reduction,float32,10000000,,14.6918,5.351,available,,not_measured,managed,5.351,2.745618,faster
np.nansum(a) (float64),Reduction,float64,1000,,0.0039,0.001,available,,not_measured,managed,0.001,3.9,faster
np.nansum(a) (float64),Reduction,float64,100000,,0.0441,0.0195,available,,not_measured,managed,0.0195,2.261538,faster
np.nansum(a) (float64),Reduction,float64,10000000,,24.4016,9.457,available,,not_measured,managed,9.457,2.580269,faster
np.nanvar(a) (float16),Reduction,float16,1000,,0.0396,0.0056,available,,not_measured,managed,0.0056,7.071429,faster
np.nanvar(a) (float16),Reduction,float16,100000,,1.1952,0.4246,available,,not_measured,managed,0.4246,2.814885,faster
np.nanvar(a) (float16),Reduction,float16,10000000,,119.985,41.1379,available,,not_measured,managed,41.1379,2.916653,faster
np.nanvar(a) (float32),Reduction,float32,1000,,0.0213,0.0026,available,,not_measured,managed,0.0026,8.192308,faster
np.nanvar(a) (float32),Reduction,float32,100000,,0.1779,0.1569,available,,not_measured,managed,0.1569,1.133843,faster
np.nanvar(a) (float32),Reduction,float32,10000000,,33.8508,17.4582,available,,not_measured,managed,17.4582,1.938963,faster
np.nanvar(a) (float64),Reduction,float64,1000,,0.0189,0.0026,available,,not_measured,managed,0.0026,7.269231,faster
np.nanvar(a) (float64),Reduction,float64,100000,,0.185,0.1507,available,,not_measured,managed,0.1507,1.227605,faster
np.nanvar(a) (float64),Reduction,float64,10000000,,51.8746,20.8325,available,,not_measured,managed,20.8325,2.49008,faster
np.prod (float64),Reduction,float64,1000,,0.0024,0.0017,available,,not_measured,managed,0.0017,1.411765,faster
np.prod (float64),Reduction,float64,100000,,2.3136,1.0256,available,,not_measured,managed,1.0256,2.25585,faster
np.prod (float64),Reduction,float64,10000000,,374.9335,417.5831,available,,not_measured,managed,417.5831,0.897866,close
np.prod (int64),Reduction,int64,1000,,0.0028,0.0013,available,,not_measured,managed,0.0013,2.153846,faster
np.prod (int64),Reduction,int64,100000,,0.0575,0.0388,available,,not_measured,managed,0.0388,1.481959,faster
np.prod (int64),Reduction,int64,10000000,,6.4022,8.7327,available,,not_measured,managed,8.7327,0.73313,slower
np.prod axis=0 (float64),Reduction,float64,1000,,0.0021,0.0012,available,,not_measured,managed,0.0012,1.75,faster
np.prod axis=0 (float64),Reduction,float64,100000,,0.0097,0.0201,available,,not_measured,managed,0.0201,0.482587,slower
np.prod axis=0 (float64),Reduction,float64,10000000,,20.1275,117.8719,available,,not_measured,managed,117.8719,0.170757,much_slower
np.prod axis=0 (int64),Reduction,int64,1000,,0.0022,0.0018,available,,not_measured,managed,0.0018,1.222222,faster
np.prod axis=0 (int64),Reduction,int64,100000,,0.0337,0.0436,available,,not_measured,managed,0.0436,0.772936,slower
np.prod axis=0 (int64),Reduction,int64,10000000,,5.6503,9.3039,available,,not_measured,managed,9.3039,0.607304,slower
np.prod axis=1 (float64),Reduction,float64,1000,,0.0022,0.0012,available,,not_measured,managed,0.0012,1.833333,faster
np.prod axis=1 (float64),Reduction,float64,100000,,0.0575,0.0126,available,,not_measured,managed,0.0126,4.563492,faster
np.prod axis=1 (float64),Reduction,float64,10000000,,77.499,8.7521,available,,not_measured,managed,8.7521,8.854903,faster
np.prod axis=1 (int64),Reduction,int64,1000,,0.0021,0.002,available,,not_measured,managed,0.002,1.05,close
np.prod axis=1 (int64),Reduction,int64,100000,,0.0485,0.0446,available,,not_measured,managed,0.0446,1.087444,faster
np.prod axis=1 (int64),Reduction,int64,10000000,,7.0038,10.4504,available,,not_measured,managed,10.4504,0.670194,slower
np.std (float16),Reduction,float16,1000,,0.0187,0.0045,available,,not_measured,managed,0.0045,4.155556,faster
np.std (float16),Reduction,float16,100000,,0.8872,0.4024,available,,not_measured,managed,0.4024,2.204771,faster
np.std (float16),Reduction,float16,10000000,,89.433,40.1047,available,,not_measured,managed,40.1047,2.229988,faster
np.std (float32),Reduction,float32,1000,,0.0087,0.0012,available,,not_measured,managed,0.0012,7.25,faster
np.std (float32),Reduction,float32,100000,,0.0525,0.0192,available,,not_measured,managed,0.0192,2.734375,faster
np.std (float32),Reduction,float32,10000000,,16.9672,9.3572,available,,not_measured,managed,9.3572,1.813277,faster
np.std (float64),Reduction,float64,1000,,0.0069,0.0019,available,,not_measured,managed,0.0019,3.631579,faster
np.std (float64),Reduction,float64,100000,,0.0677,0.0383,available,,not_measured,managed,0.0383,1.767624,faster
np.std (float64),Reduction,float64,10000000,,32.9969,19.2119,available,,not_measured,managed,19.2119,1.717524,faster
np.std axis=0 (float16),Reduction,float16,1000,,0.0205,0.011,available,,not_measured,managed,0.011,1.863636,faster
np.std axis=0 (float16),Reduction,float16,100000,,1.1355,0.8497,available,,not_measured,managed,0.8497,1.336354,faster
np.std axis=0 (float16),Reduction,float16,10000000,,110.5166,221.3413,available,,not_measured,managed,221.3413,0.499304,slower
np.std axis=0 (float32),Reduction,float32,1000,,0.0091,0.0039,available,,not_measured,managed,0.0039,2.333333,faster
np.std axis=0 (float32),Reduction,float32,100000,,0.0465,0.0668,available,,not_measured,managed,0.0668,0.696108,slower
np.std axis=0 (float32),Reduction,float32,10000000,,14.7877,10.9038,available,,not_measured,managed,10.9038,1.356197,faster
np.std axis=0 (float64),Reduction,float64,1000,,0.0101,0.0015,available,,not_measured,managed,0.0015,6.733333,faster
np.std axis=0 (float64),Reduction,float64,100000,,0.0713,0.0489,available,,not_measured,managed,0.0489,1.458078,faster
np.std axis=0 (float64),Reduction,float64,10000000,,28.7136,17.3995,available,,not_measured,managed,17.3995,1.650254,faster
np.sum (complex128),Reduction,complex128,1000,,0.0023,0.0015,available,,not_measured,managed,0.0015,1.533333,faster
np.sum (complex128),Reduction,complex128,100000,,0.0326,0.0255,available,,not_measured,managed,0.0255,1.278431,faster
np.sum (complex128),Reduction,complex128,10000000,,8.3185,17.3907,available,,not_measured,managed,17.3907,0.47833,slower
np.sum (float16),Reduction,float16,1000,,0.0059,0.0015,available,,not_measured,managed,0.0015,3.933333,faster
np.sum (float16),Reduction,float16,100000,,0.2003,0.0705,available,,not_measured,managed,0.0705,2.841135,faster
np.sum (float16),Reduction,float16,10000000,,19.8886,7.1664,available,,not_measured,managed,7.1664,2.775257,faster
np.sum (float32),Reduction,float32,1000,,0.0021,0.0013,available,,not_measured,managed,0.0013,1.615385,faster
np.sum (float32),Reduction,float32,100000,,0.0164,0.0057,available,,not_measured,managed,0.0057,2.877193,faster
np.sum (float32),Reduction,float32,10000000,,3.4827,4.5815,available,,not_measured,managed,4.5815,0.760166,slower
np.sum (float64),Reduction,float64,1000,,0.0018,0.0053,available,,not_measured,managed,0.0053,0.339623,slower
np.sum (float64),Reduction,float64,100000,,0.017,0.1938,available,,not_measured,managed,0.1938,0.087719,much_slower
np.sum (float64),Reduction,float64,10000000,,4.757,11.103,available,,not_measured,managed,11.103,0.428443,slower
np.sum (int16),Reduction,int16,1000,,0.0024,0.0013,available,,not_measured,managed,0.0013,1.846154,faster
np.sum (int16),Reduction,int16,100000,,0.0355,0.0461,available,,not_measured,managed,0.0461,0.770065,slower
np.sum (int16),Reduction,int16,10000000,,3.7863,5.1019,available,,not_measured,managed,5.1019,0.742135,slower
np.sum (int32),Reduction,int32,1000,,0.0024,0.0013,available,,not_measured,managed,0.0013,1.846154,faster
np.sum (int32),Reduction,int32,100000,,0.036,0.0475,available,,not_measured,managed,0.0475,0.757895,slower
np.sum (int32),Reduction,int32,10000000,,3.8915,5.8087,available,,not_measured,managed,5.8087,0.669943,slower
np.sum (int64),Reduction,int64,1000,,0.002,0.0014,available,,not_measured,managed,0.0014,1.428571,faster
np.sum (int64),Reduction,int64,100000,,0.0143,0.0089,available,,not_measured,managed,0.0089,1.606742,faster
np.sum (int64),Reduction,int64,10000000,,4.4426,7.9687,available,,not_measured,managed,7.9687,0.557506,slower
np.sum (int8),Reduction,int8,1000,,0.0022,0.0013,available,,not_measured,managed,0.0013,1.692308,faster
np.sum (int8),Reduction,int8,100000,,0.0341,0.0468,available,,not_measured,managed,0.0468,0.728632,slower
np.sum (int8),Reduction,int8,10000000,,3.2858,5.1176,available,,not_measured,managed,5.1176,0.642059,slower
np.sum (uint16),Reduction,uint16,1000,,0.0025,0.0013,available,,not_measured,managed,0.0013,1.923077,faster
np.sum (uint16),Reduction,uint16,100000,,0.033,0.0425,available,,not_measured,managed,0.0425,0.776471,slower
np.sum (uint16),Reduction,uint16,10000000,,3.3526,4.5619,available,,not_measured,managed,4.5619,0.734913,slower
np.sum (uint32),Reduction,uint32,1000,,0.0022,0.0013,available,,not_measured,managed,0.0013,1.692308,faster
np.sum (uint32),Reduction,uint32,100000,,0.0331,0.0416,available,,not_measured,managed,0.0416,0.795673,slower
np.sum (uint32),Reduction,uint32,10000000,,4.9255,5.3761,available,,not_measured,managed,5.3761,0.916185,close
np.sum (uint64),Reduction,uint64,1000,,0.0018,0.0013,available,,not_measured,managed,0.0013,1.384615,faster
np.sum (uint64),Reduction,uint64,100000,,0.0151,0.0088,available,,not_measured,managed,0.0088,1.715909,faster
np.sum (uint64),Reduction,uint64,10000000,,4.4671,8.1814,available,,not_measured,managed,8.1814,0.546007,slower
np.sum (uint8),Reduction,uint8,1000,,0.0024,0.0014,available,,not_measured,managed,0.0014,1.714286,faster
np.sum (uint8),Reduction,uint8,100000,,0.0349,0.0421,available,,not_measured,managed,0.0421,0.828979,close
np.sum (uint8),Reduction,uint8,10000000,,3.1442,3.8629,available,,not_measured,managed,3.8629,0.813948,close
np.sum axis=0 (complex128),Reduction,complex128,1000,,0.0022,0.0045,available,,not_measured,managed,0.0045,0.488889,slower
np.sum axis=0 (complex128),Reduction,complex128,100000,,0.0197,0.0415,available,,not_measured,managed,0.0415,0.474699,slower
np.sum axis=0 (complex128),Reduction,complex128,10000000,,7.2059,19.1184,available,,not_measured,managed,19.1184,0.376909,slower
np.sum axis=0 (float16),Reduction,float16,1000,,0.0051,0.0051,available,,not_measured,managed,0.0051,1.0,close
np.sum axis=0 (float16),Reduction,float16,100000,,0.2871,0.163,available,,not_measured,managed,0.163,1.76135,faster
np.sum axis=0 (float16),Reduction,float16,10000000,,28.5484,14.5672,available,,not_measured,managed,14.5672,1.959773,faster
np.sum axis=0 (float32),Reduction,float32,1000,,0.0021,0.0039,available,,not_measured,managed,0.0039,0.538462,slower
np.sum axis=0 (float32),Reduction,float32,100000,,0.0086,0.0158,available,,not_measured,managed,0.0158,0.544304,slower
np.sum axis=0 (float32),Reduction,float32,10000000,,1.7616,4.5801,available,,not_measured,managed,4.5801,0.38462,slower
np.sum axis=0 (float64),Reduction,float64,1000,,0.0021,0.0041,available,,not_measured,managed,0.0041,0.512195,slower
np.sum axis=0 (float64),Reduction,float64,100000,,0.0122,0.0253,available,,not_measured,managed,0.0253,0.482213,slower
np.sum axis=0 (float64),Reduction,float64,10000000,,6.2899,9.4367,available,,not_measured,managed,9.4367,0.666536,slower
np.sum axis=0 (int16),Reduction,int16,1000,,0.0028,0.0016,available,,not_measured,managed,0.0016,1.75,faster
np.sum axis=0 (int16),Reduction,int16,100000,,0.0472,0.0102,available,,not_measured,managed,0.0102,4.627451,faster
np.sum axis=0 (int16),Reduction,int16,10000000,,5.4724,2.152,available,,not_measured,managed,2.152,2.542937,faster
np.sum axis=0 (int32),Reduction,int32,1000,,0.0027,0.001,available,,not_measured,managed,0.001,2.7,faster
np.sum axis=0 (int32),Reduction,int32,100000,,0.0531,0.0161,available,,not_measured,managed,0.0161,3.298137,faster
np.sum axis=0 (int32),Reduction,int32,10000000,,6.1426,4.7464,available,,not_measured,managed,4.7464,1.29416,faster
np.sum axis=0 (int64),Reduction,int64,1000,,0.0022,0.0011,available,,not_measured,managed,0.0011,2.0,faster
np.sum axis=0 (int64),Reduction,int64,100000,,0.0276,0.0205,available,,not_measured,managed,0.0205,1.346341,faster
np.sum axis=0 (int64),Reduction,int64,10000000,,5.9081,10.8252,available,,not_measured,managed,10.8252,0.545773,slower
np.sum axis=0 (int8),Reduction,int8,1000,,0.0026,0.002,available,,not_measured,managed,0.002,1.3,faster
np.sum axis=0 (int8),Reduction,int8,100000,,0.0477,0.0095,available,,not_measured,managed,0.0095,5.021053,faster
np.sum axis=0 (int8),Reduction,int8,10000000,,5.5277,0.8858,available,,not_measured,managed,0.8858,6.240348,faster
np.sum axis=0 (uint16),Reduction,uint16,1000,,0.0026,0.0018,available,,not_measured,managed,0.0018,1.444444,faster
np.sum axis=0 (uint16),Reduction,uint16,100000,,0.0497,0.0103,available,,not_measured,managed,0.0103,4.825243,faster
np.sum axis=0 (uint16),Reduction,uint16,10000000,,4.773,1.7566,available,,not_measured,managed,1.7566,2.717181,faster
np.sum axis=0 (uint32),Reduction,uint32,1000,,0.0027,0.0011,available,,not_measured,managed,0.0011,2.454545,faster
np.sum axis=0 (uint32),Reduction,uint32,100000,,0.0486,0.0152,available,,not_measured,managed,0.0152,3.197368,faster
np.sum axis=0 (uint32),Reduction,uint32,10000000,,5.5204,6.7684,available,,not_measured,managed,6.7684,0.815614,close
np.sum axis=0 (uint64),Reduction,uint64,1000,,0.0021,0.0013,available,,not_measured,managed,0.0013,1.615385,faster
np.sum axis=0 (uint64),Reduction,uint64,100000,,0.0287,0.0206,available,,not_measured,managed,0.0206,1.393204,faster
np.sum axis=0 (uint64),Reduction,uint64,10000000,,5.1016,11.7334,available,,not_measured,managed,11.7334,0.434793,slower
np.sum axis=0 (uint8),Reduction,uint8,1000,,0.0029,0.0018,available,,not_measured,managed,0.0018,1.611111,faster
np.sum axis=0 (uint8),Reduction,uint8,100000,,0.0493,0.0099,available,,not_measured,managed,0.0099,4.979798,faster
np.sum axis=0 (uint8),Reduction,uint8,10000000,,4.571,0.8396,available,,not_measured,managed,0.8396,5.444259,faster
np.sum axis=1 (complex128),Reduction,complex128,1000,,0.0022,0.0041,available,,not_measured,managed,0.0041,0.536585,slower
np.sum axis=1 (complex128),Reduction,complex128,100000,,0.0356,0.05,available,,not_measured,managed,0.05,0.712,slower
np.sum axis=1 (complex128),Reduction,complex128,10000000,,8.4427,19.1907,available,,not_measured,managed,19.1907,0.439937,slower
np.sum axis=1 (float16),Reduction,float16,1000,,0.004,0.0078,available,,not_measured,managed,0.0078,0.512821,slower
np.sum axis=1 (float16),Reduction,float16,100000,,0.2029,0.0899,available,,not_measured,managed,0.0899,2.256952,faster
np.sum axis=1 (float16),Reduction,float16,10000000,,19.6086,7.1678,available,,not_measured,managed,7.1678,2.735651,faster
np.sum axis=1 (float32),Reduction,float32,1000,,0.0021,0.0036,available,,not_measured,managed,0.0036,0.583333,slower
np.sum axis=1 (float32),Reduction,float32,100000,,0.0179,0.0219,available,,not_measured,managed,0.0219,0.817352,close
np.sum axis=1 (float32),Reduction,float32,10000000,,3.4234,4.9847,available,,not_measured,managed,4.9847,0.686782,slower
np.sum axis=1 (float64),Reduction,float64,1000,,0.0021,0.004,available,,not_measured,managed,0.004,0.525,slower
np.sum axis=1 (float64),Reduction,float64,100000,,0.02,0.0242,available,,not_measured,managed,0.0242,0.826446,close
np.sum axis=1 (float64),Reduction,float64,10000000,,5.3816,9.7793,available,,not_measured,managed,9.7793,0.550305,slower
np.sum axis=1 (int16),Reduction,int16,1000,,0.0028,0.0017,available,,not_measured,managed,0.0017,1.647059,faster
np.sum axis=1 (int16),Reduction,int16,100000,,0.0383,0.0073,available,,not_measured,managed,0.0073,5.246575,faster
np.sum axis=1 (int16),Reduction,int16,10000000,,3.6341,1.7137,available,,not_measured,managed,1.7137,2.120616,faster
np.sum axis=1 (int32),Reduction,int32,1000,,0.0026,0.001,available,,not_measured,managed,0.001,2.6,faster
np.sum axis=1 (int32),Reduction,int32,100000,,0.0403,0.0104,available,,not_measured,managed,0.0104,3.875,faster
np.sum axis=1 (int32),Reduction,int32,10000000,,4.8059,5.7912,available,,not_measured,managed,5.7912,0.829863,close
np.sum axis=1 (int64),Reduction,int64,1000,,0.0021,0.0013,available,,not_measured,managed,0.0013,1.615385,faster
np.sum axis=1 (int64),Reduction,int64,100000,,0.0166,0.0125,available,,not_measured,managed,0.0125,1.328,faster
np.sum axis=1 (int64),Reduction,int64,10000000,,4.6595,8.9492,available,,not_measured,managed,8.9492,0.520661,slower
np.sum axis=1 (int8),Reduction,int8,1000,,0.0025,0.0011,available,,not_measured,managed,0.0011,2.272727,faster
np.sum axis=1 (int8),Reduction,int8,100000,,0.0394,0.0072,available,,not_measured,managed,0.0072,5.472222,faster
np.sum axis=1 (int8),Reduction,int8,10000000,,4.0329,0.5724,available,,not_measured,managed,0.5724,7.045597,faster
np.sum axis=1 (uint16),Reduction,uint16,1000,,0.0027,0.0015,available,,not_measured,managed,0.0015,1.8,faster
np.sum axis=1 (uint16),Reduction,uint16,100000,,0.037,0.0073,available,,not_measured,managed,0.0073,5.068493,faster
np.sum axis=1 (uint16),Reduction,uint16,10000000,,3.3681,1.2575,available,,not_measured,managed,1.2575,2.67841,faster
np.sum axis=1 (uint32),Reduction,uint32,1000,,0.0026,0.001,available,,not_measured,managed,0.001,2.6,faster
np.sum axis=1 (uint32),Reduction,uint32,100000,,0.0373,0.0105,available,,not_measured,managed,0.0105,3.552381,faster
np.sum axis=1 (uint32),Reduction,uint32,10000000,,4.6852,4.9584,available,,not_measured,managed,4.9584,0.944902,close
np.sum axis=1 (uint64),Reduction,uint64,1000,,0.0021,0.0011,available,,not_measured,managed,0.0011,1.909091,faster
np.sum axis=1 (uint64),Reduction,uint64,100000,,0.0183,0.0125,available,,not_measured,managed,0.0125,1.464,faster
np.sum axis=1 (uint64),Reduction,uint64,10000000,,4.18,11.3436,available,,not_measured,managed,11.3436,0.36849,slower
np.sum axis=1 (uint8),Reduction,uint8,1000,,0.0028,0.001,available,,not_measured,managed,0.001,2.8,faster
np.sum axis=1 (uint8),Reduction,uint8,100000,,0.0393,0.0071,available,,not_measured,managed,0.0071,5.535211,faster
np.sum axis=1 (uint8),Reduction,uint8,10000000,,3.1763,0.6393,available,,not_measured,managed,0.6393,4.968403,faster
np.var (float16),Reduction,float16,1000,,0.0181,0.0044,available,,not_measured,managed,0.0044,4.113636,faster
np.var (float16),Reduction,float16,100000,,0.9174,0.3917,available,,not_measured,managed,0.3917,2.342099,faster
np.var (float16),Reduction,float16,10000000,,95.571,39.4131,available,,not_measured,managed,39.4131,2.424854,faster
np.var (float32),Reduction,float32,1000,,0.0081,0.0013,available,,not_measured,managed,0.0013,6.230769,faster
np.var (float32),Reduction,float32,100000,,0.0565,0.0201,available,,not_measured,managed,0.0201,2.810945,faster
np.var (float32),Reduction,float32,10000000,,17.6331,10.0555,available,,not_measured,managed,10.0555,1.753578,faster
np.var (float64),Reduction,float64,1000,,0.0069,0.0012,available,,not_measured,managed,0.0012,5.75,faster
np.var (float64),Reduction,float64,100000,,0.0612,0.0382,available,,not_measured,managed,0.0382,1.602094,faster
np.var (float64),Reduction,float64,10000000,,30.9215,19.0249,available,,not_measured,managed,19.0249,1.625317,faster
np.var axis=0 (float16),Reduction,float16,1000,,0.0199,0.0109,available,,not_measured,managed,0.0109,1.825688,faster
np.var axis=0 (float16),Reduction,float16,100000,,1.1892,0.8441,available,,not_measured,managed,0.8441,1.408838,faster
np.var axis=0 (float16),Reduction,float16,10000000,,112.0635,220.0234,available,,not_measured,managed,220.0234,0.509325,slower
np.var axis=0 (float32),Reduction,float32,1000,,0.0087,0.0036,available,,not_measured,managed,0.0036,2.416667,faster
np.var axis=0 (float32),Reduction,float32,100000,,0.0442,0.0665,available,,not_measured,managed,0.0665,0.664662,slower
np.var axis=0 (float32),Reduction,float32,10000000,,15.7321,9.6872,available,,not_measured,managed,9.6872,1.624009,faster
np.var axis=0 (float64),Reduction,float64,1000,,0.0076,0.0016,available,,not_measured,managed,0.0016,4.75,faster
np.var axis=0 (float64),Reduction,float64,100000,,0.0763,0.0468,available,,not_measured,managed,0.0468,1.630342,faster
np.var axis=0 (float64),Reduction,float64,10000000,,29.0016,25.5786,available,,not_measured,managed,25.5786,1.133823,faster
"np.choose(selector, choices) (float64)",Selection,float64,1000,,0.0064,0.0071,available,,not_measured,managed,0.0071,0.901408,close
"np.choose(selector, choices) (float64)",Selection,float64,100000,,0.6011,0.3663,available,,not_measured,managed,0.3663,1.641005,faster
"np.compress(mask, a) (float64)",Selection,float64,1000,,0.003,0.0024,available,,not_measured,managed,0.0024,1.25,faster
"np.compress(mask, a) (float64)",Selection,float64,100000,,0.0849,0.1463,available,,not_measured,managed,0.1463,0.580314,slower
np.diag_indices(n) (float64),Selection,float64,1000,,0.0005,0.0026,available,,not_measured,managed,0.0026,0.192308,negligible
np.diag_indices(n) (float64),Selection,float64,100000,,0.0007,0.0022,available,,not_measured,managed,0.0022,0.318182,negligible
np.diag_indices_from(a) (float64),Selection,float64,1000,,0.0044,0.0025,available,,not_measured,managed,0.0025,1.76,faster
np.diag_indices_from(a) (float64),Selection,float64,100000,,0.0047,0.0021,available,,not_measured,managed,0.0021,2.238095,faster
"np.extract(mask, a) (float64)",Selection,float64,1000,,0.0035,0.0025,available,,not_measured,managed,0.0025,1.4,faster
"np.extract(mask, a) (float64)",Selection,float64,100000,,0.0871,0.145,available,,not_measured,managed,0.145,0.60069,slower
np.indices(shape) (float64),Selection,float64,1000,,0.003,0.0044,available,,not_measured,managed,0.0044,0.681818,slower
np.indices(shape) (float64),Selection,float64,100000,,0.3528,0.4353,available,,not_measured,managed,0.4353,0.810476,close
"np.mask_indices(n, triu) (float64)",Selection,float64,1000,,0.0089,0.0137,available,,not_measured,managed,0.0137,0.649635,slower
"np.mask_indices(n, triu) (float64)",Selection,float64,100000,,0.7558,0.7391,available,,not_measured,managed,0.7391,1.022595,close
"np.place(a, mask, values) (float64)",Selection,float64,1000,,0.0014,0.0008,available,,not_measured,managed,0.0008,1.75,negligible
"np.place(a, mask, values) (float64)",Selection,float64,100000,,0.3249,0.3309,available,,not_measured,managed,0.3309,0.981868,close
"np.put(a, indices, values) (float64)",Selection,float64,1000,,0.0021,0.0087,available,,not_measured,managed,0.0087,0.241379,much_slower
"np.put(a, indices, values) (float64)",Selection,float64,100000,,0.1129,0.1682,available,,not_measured,managed,0.1682,0.671225,slower
"np.ravel_multi_index(coords, dims) (float64)",Selection,float64,1000,,0.0016,0.0036,available,,not_measured,managed,0.0036,0.444444,slower
"np.ravel_multi_index(coords, dims) (float64)",Selection,float64,100000,,0.0766,0.2101,available,,not_measured,managed,0.2101,0.364588,slower
"np.select(condlist, choicelist) (float64)",Selection,float64,1000,,0.013,0.0056,available,,not_measured,managed,0.0056,2.321429,faster
"np.select(condlist, choicelist) (float64)",Selection,float64,100000,,0.7431,0.2054,available,,not_measured,managed,0.2054,3.617819,faster
"np.take(a, indices) (float64)",Selection,float64,1000,,0.0017,0.0027,available,,not_measured,managed,0.0027,0.62963,slower
"np.take(a, indices) (float64)",Selection,float64,100000,,0.0562,0.1578,available,,not_measured,managed,0.1578,0.356147,slower
"np.take_along_axis(a, indices) (float64)",Selection,float64,1000,,0.0021,0.0024,available,,not_measured,managed,0.0024,0.875,close
"np.take_along_axis(a, indices) (float64)",Selection,float64,100000,,0.0264,0.1077,available,,not_measured,managed,0.1077,0.245125,much_slower
np.tril_indices_from(a) (float64),Selection,float64,1000,,0.0117,0.0075,available,,not_measured,managed,0.0075,1.56,faster
np.tril_indices_from(a) (float64),Selection,float64,100000,,0.0792,0.1695,available,,not_measured,managed,0.1695,0.467257,slower
np.triu_indices_from(a) (float64),Selection,float64,1000,,0.0162,0.007,available,,not_measured,managed,0.007,2.314286,faster
np.triu_indices_from(a) (float64),Selection,float64,100000,,0.0739,0.1647,available,,not_measured,managed,0.1647,0.448695,slower
"np.unravel_index(indices, shape) (float64)",Selection,float64,1000,,0.0018,0.0024,available,,not_measured,managed,0.0024,0.75,slower
"np.unravel_index(indices, shape) (float64)",Selection,float64,100000,,0.0978,0.164,available,,not_measured,managed,0.164,0.596341,slower
np.where(cond) (float64),Selection,float64,1000,,0.0011,0.0035,available,,not_measured,managed,0.0035,0.314286,much_slower
np.where(cond) (float64),Selection,float64,100000,,0.03,0.1303,available,,not_measured,managed,0.1303,0.230238,much_slower
np.where(cond) (float64),Selection,float64,10000000,,8.1843,10.7353,available,,not_measured,managed,10.7353,0.762373,slower
"np.where(cond, a, b) (float64)",Selection,float64,1000,,0.002,0.0035,available,,not_measured,managed,0.0035,0.571429,slower
"np.where(cond, a, b) (float64)",Selection,float64,100000,,0.0406,0.1908,available,,not_measured,managed,0.1908,0.212788,much_slower
"np.where(cond, a, b) (float64)",Selection,float64,10000000,,18.1781,37.06,available,,not_measured,managed,37.06,0.490505,slower
a[100:1000] (contiguous slice),Slicing,float64,1000,,0.0002,0.0024,available,,not_measured,managed,0.0024,0.083333,negligible
a[100:1000] (contiguous slice),Slicing,float64,100000,,0.0002,0.0022,available,,not_measured,managed,0.0022,0.090909,negligible
a[100:1000] (contiguous slice),Slicing,float64,10000000,,0.0002,0.0031,available,,not_measured,managed,0.0031,0.064516,negligible
a[100:1000] * 2,Slicing,float64,1000,,0.0012,0.0078,available,,not_measured,managed,0.0078,0.153846,much_slower
a[100:1000] * 2,Slicing,float64,100000,,0.001,0.0091,available,,not_measured,managed,0.0091,0.10989,much_slower
a[100:1000] * 2,Slicing,float64,10000000,,0.002,0.0081,available,,not_measured,managed,0.0081,0.246914,much_slower
a[100:1000].copy(),Slicing,float64,1000,,0.0006,0.0069,available,,not_measured,managed,0.0069,0.086957,negligible
a[100:1000].copy(),Slicing,float64,100000,,0.0005,0.0072,available,,not_measured,managed,0.0072,0.069444,negligible
a[100:1000].copy(),Slicing,float64,10000000,,0.0005,0.0081,available,,not_measured,managed,0.0081,0.061728,negligible
"a[10:100, :] (row slice 2D)",Slicing,float64,1000,,0.0002,0.0034,available,,not_measured,managed,0.0034,0.058824,negligible
"a[10:100, :] (row slice 2D)",Slicing,float64,100000,,0.0002,0.0046,available,,not_measured,managed,0.0046,0.043478,negligible
"a[10:100, :] (row slice 2D)",Slicing,float64,10000000,,0.0002,0.0035,available,,not_measured,managed,0.0035,0.057143,negligible
"a[:, 10:100] (col slice 2D)",Slicing,float64,1000,,0.0002,0.0033,available,,not_measured,managed,0.0033,0.060606,negligible
"a[:, 10:100] (col slice 2D)",Slicing,float64,100000,,0.0002,0.0042,available,,not_measured,managed,0.0042,0.047619,negligible
"a[:, 10:100] (col slice 2D)",Slicing,float64,10000000,,0.0002,0.0032,available,,not_measured,managed,0.0032,0.0625,negligible
a[::-1] (reversed),Slicing,float64,1000,,0.0002,0.002,available,,not_measured,managed,0.002,0.1,negligible
a[::-1] (reversed),Slicing,float64,100000,,0.0002,0.0022,available,,not_measured,managed,0.0022,0.090909,negligible
a[::-1] (reversed),Slicing,float64,10000000,,0.0002,0.002,available,,not_measured,managed,0.002,0.1,negligible
a[::2] (strided slice),Slicing,float64,1000,,0.0002,0.0022,available,,not_measured,managed,0.0022,0.090909,negligible
a[::2] (strided slice),Slicing,float64,100000,,0.0002,0.0021,available,,not_measured,managed,0.0021,0.095238,negligible
a[::2] (strided slice),Slicing,float64,10000000,,0.0002,0.0021,available,,not_measured,managed,0.0021,0.095238,negligible
a[::2] * 2,Slicing,float64,1000,,0.0012,0.0117,available,,not_measured,managed,0.0117,0.102564,much_slower
a[::2] * 2,Slicing,float64,100000,,0.0181,0.2647,available,,not_measured,managed,0.2647,0.068379,much_slower
a[::2] * 2,Slicing,float64,10000000,,12.7308,20.2275,available,,not_measured,managed,20.2275,0.629381,slower
np.copy(a[100:1000]),Slicing,float64,1000,,0.0007,0.0075,available,,not_measured,managed,0.0075,0.093333,negligible
np.copy(a[100:1000]),Slicing,float64,100000,,0.0007,0.0083,available,,not_measured,managed,0.0083,0.084337,negligible
np.copy(a[100:1000]),Slicing,float64,10000000,,0.0007,0.0067,available,,not_measured,managed,0.0067,0.104478,negligible
"np.argpartition(a, kth) (float32)",Sorting,float32,1000,,0.0051,0.0169,available,,not_measured,managed,0.0169,0.301775,much_slower
"np.argpartition(a, kth) (float32)",Sorting,float32,100000,,0.1718,1.1138,available,,not_measured,managed,1.1138,0.154247,much_slower
"np.argpartition(a, kth) (float64)",Sorting,float64,1000,,0.0044,0.0176,available,,not_measured,managed,0.0176,0.25,much_slower
"np.argpartition(a, kth) (float64)",Sorting,float64,100000,,0.229,0.8752,available,,not_measured,managed,0.8752,0.261654,much_slower
"np.argpartition(a, kth) (int32)",Sorting,int32,1000,,0.0035,0.0155,available,,not_measured,managed,0.0155,0.225806,much_slower
"np.argpartition(a, kth) (int32)",Sorting,int32,100000,,0.1369,1.2725,available,,not_measured,managed,1.2725,0.107583,much_slower
"np.argpartition(a, kth) (int64)",Sorting,int64,1000,,0.0046,0.0216,available,,not_measured,managed,0.0216,0.212963,much_slower
"np.argpartition(a, kth) (int64)",Sorting,int64,100000,,0.1538,0.8868,available,,not_measured,managed,0.8868,0.173433,much_slower
np.argsort(a) (float32),Sorting,float32,1000,,0.0119,0.0273,available,,not_measured,managed,0.0273,0.435897,slower
np.argsort(a) (float32),Sorting,float32,100000,,1.683,1.9523,available,,not_measured,managed,1.9523,0.86206,close
np.argsort(a) (float32),Sorting,float32,10000000,,1477.9122,268.1215,available,,not_measured,managed,268.1215,5.512099,faster
np.argsort(a) (float64),Sorting,float64,1000,,0.0111,0.0504,available,,not_measured,managed,0.0504,0.220238,much_slower
np.argsort(a) (float64),Sorting,float64,100000,,5.1178,3.6474,available,,not_measured,managed,3.6474,1.403136,faster
np.argsort(a) (float64),Sorting,float64,10000000,,1405.3683,731.875,available,,not_measured,managed,731.875,1.92023,faster
np.argsort(a) (int32),Sorting,int32,1000,,0.0125,0.0293,available,,not_measured,managed,0.0293,0.426621,slower
np.argsort(a) (int32),Sorting,int32,100000,,0.4294,1.8009,available,,not_measured,managed,1.8009,0.238436,much_slower
np.argsort(a) (int32),Sorting,int32,10000000,,425.4267,232.6069,available,,not_measured,managed,232.6069,1.828951,faster
np.argsort(a) (int64),Sorting,int64,1000,,0.0144,0.0474,available,,not_measured,managed,0.0474,0.303797,much_slower
np.argsort(a) (int64),Sorting,int64,100000,,0.5738,3.2061,available,,not_measured,managed,3.2061,0.178971,much_slower
np.argsort(a) (int64),Sorting,int64,10000000,,512.6141,505.3822,available,,not_measured,managed,505.3822,1.01431,close
np.argwhere(a) (float32),Sorting,float32,1000,,0.0045,0.0033,available,,not_measured,managed,0.0033,1.363636,faster
np.argwhere(a) (float32),Sorting,float32,100000,,0.7609,0.1663,available,,not_measured,managed,0.1663,4.575466,faster
np.argwhere(a) (float64),Sorting,float64,1000,,0.0046,0.003,available,,not_measured,managed,0.003,1.533333,faster
np.argwhere(a) (float64),Sorting,float64,100000,,0.4523,0.1619,available,,not_measured,managed,0.1619,2.7937,faster
np.argwhere(a) (int32),Sorting,int32,1000,,0.0034,0.0043,available,,not_measured,managed,0.0043,0.790698,slower
np.argwhere(a) (int32),Sorting,int32,100000,,0.4567,0.1763,available,,not_measured,managed,0.1763,2.590471,faster
np.argwhere(a) (int64),Sorting,int64,1000,,0.0034,0.0045,available,,not_measured,managed,0.0045,0.755556,slower
np.argwhere(a) (int64),Sorting,int64,100000,,0.4226,0.1832,available,,not_measured,managed,0.1832,2.306769,faster
np.flatnonzero(a) (float32),Sorting,float32,1000,,0.0034,0.004,available,,not_measured,managed,0.004,0.85,close
np.flatnonzero(a) (float32),Sorting,float32,100000,,0.3005,0.2592,available,,not_measured,managed,0.2592,1.159336,faster
np.flatnonzero(a) (float64),Sorting,float64,1000,,0.0034,0.0038,available,,not_measured,managed,0.0038,0.894737,close
np.flatnonzero(a) (float64),Sorting,float64,100000,,0.3407,0.2982,available,,not_measured,managed,0.2982,1.142522,faster
np.flatnonzero(a) (int32),Sorting,int32,1000,,0.0023,0.0056,available,,not_measured,managed,0.0056,0.410714,slower
np.flatnonzero(a) (int32),Sorting,int32,100000,,0.1118,0.2526,available,,not_measured,managed,0.2526,0.442597,slower
np.flatnonzero(a) (int64),Sorting,int64,1000,,0.0024,0.0047,available,,not_measured,managed,0.0047,0.510638,slower
np.flatnonzero(a) (int64),Sorting,int64,100000,,0.1196,0.3872,available,,not_measured,managed,0.3872,0.308884,much_slower
"np.lexsort((b, a)) (float32)",Sorting,float32,1000,,0.0524,0.061,available,,not_measured,managed,0.061,0.859016,close
"np.lexsort((b, a)) (float32)",Sorting,float32,100000,,15.8435,4.9081,available,,not_measured,managed,4.9081,3.228031,faster
"np.lexsort((b, a)) (float64)",Sorting,float64,1000,,0.0603,0.0767,available,,not_measured,managed,0.0767,0.78618,slower
"np.lexsort((b, a)) (float64)",Sorting,float64,100000,,19.1099,8.3261,available,,not_measured,managed,8.3261,2.29518,faster
"np.lexsort((b, a)) (int32)",Sorting,int32,1000,,0.0412,0.0512,available,,not_measured,managed,0.0512,0.804688,close
"np.lexsort((b, a)) (int32)",Sorting,int32,100000,,11.0121,4.2756,available,,not_measured,managed,4.2756,2.575568,faster
"np.lexsort((b, a)) (int64)",Sorting,int64,1000,,0.0417,0.0889,available,,not_measured,managed,0.0889,0.469066,slower
"np.lexsort((b, a)) (int64)",Sorting,int64,100000,,12.04,6.4467,available,,not_measured,managed,6.4467,1.867622,faster
np.nonzero(a) (float32),Sorting,float32,1000,,0.0027,0.0054,available,,not_measured,managed,0.0054,0.5,slower
np.nonzero(a) (float32),Sorting,float32,100000,,0.1913,0.1346,available,,not_measured,managed,0.1346,1.421248,faster
np.nonzero(a) (float32),Sorting,float32,10000000,,40.7531,27.2509,available,,not_measured,managed,27.2509,1.495477,faster
np.nonzero(a) (float64),Sorting,float64,1000,,0.0027,0.0059,available,,not_measured,managed,0.0059,0.457627,slower
np.nonzero(a) (float64),Sorting,float64,100000,,0.3134,0.1705,available,,not_measured,managed,0.1705,1.838123,faster
np.nonzero(a) (float64),Sorting,float64,10000000,,29.291,50.8295,available,,not_measured,managed,50.8295,0.57626,slower
np.nonzero(a) (int32),Sorting,int32,1000,,0.0018,0.0073,available,,not_measured,managed,0.0073,0.246575,much_slower
np.nonzero(a) (int32),Sorting,int32,100000,,0.1163,0.1454,available,,not_measured,managed,0.1454,0.799862,slower
np.nonzero(a) (int32),Sorting,int32,10000000,,34.5635,23.6816,available,,not_measured,managed,23.6816,1.459509,faster
np.nonzero(a) (int64),Sorting,int64,1000,,0.0019,0.0062,available,,not_measured,managed,0.0062,0.306452,much_slower
np.nonzero(a) (int64),Sorting,int64,100000,,0.1278,0.1662,available,,not_measured,managed,0.1662,0.768953,slower
np.nonzero(a) (int64),Sorting,int64,10000000,,37.6602,34.0275,available,,not_measured,managed,34.0275,1.106758,faster
"np.partition(a, kth) (float32)",Sorting,float32,1000,,0.0025,0.0136,available,,not_measured,managed,0.0136,0.183824,much_slower
"np.partition(a, kth) (float32)",Sorting,float32,100000,,0.1108,0.8508,available,,not_measured,managed,0.8508,0.13023,much_slower
"np.partition(a, kth) (float64)",Sorting,float64,1000,,0.0033,0.0149,available,,not_measured,managed,0.0149,0.221477,much_slower
"np.partition(a, kth) (float64)",Sorting,float64,100000,,0.3204,0.7931,available,,not_measured,managed,0.7931,0.403984,slower
"np.partition(a, kth) (int32)",Sorting,int32,1000,,0.0019,0.0087,available,,not_measured,managed,0.0087,0.218391,much_slower
"np.partition(a, kth) (int32)",Sorting,int32,100000,,0.0288,0.5483,available,,not_measured,managed,0.5483,0.052526,much_slower
"np.partition(a, kth) (int64)",Sorting,int64,1000,,0.0025,0.0119,available,,not_measured,managed,0.0119,0.210084,much_slower
"np.partition(a, kth) (int64)",Sorting,int64,100000,,0.0872,0.6671,available,,not_measured,managed,0.6671,0.130715,much_slower
"np.searchsorted(a, v) (float32)",Sorting,float32,1000,,0.0082,0.0151,available,,not_measured,managed,0.0151,0.543046,slower
"np.searchsorted(a, v) (float32)",Sorting,float32,100000,,2.1327,3.0937,available,,not_measured,managed,3.0937,0.689369,slower
"np.searchsorted(a, v) (float32)",Sorting,float32,10000000,,320.5907,356.2031,available,,not_measured,managed,356.2031,0.900022,close
"np.searchsorted(a, v) (float64)",Sorting,float64,1000,,0.0081,0.015,available,,not_measured,managed,0.015,0.54,slower
"np.searchsorted(a, v) (float64)",Sorting,float64,100000,,2.7227,3.1915,available,,not_measured,managed,3.1915,0.85311,close
"np.searchsorted(a, v) (float64)",Sorting,float64,10000000,,265.1985,373.0022,available,,not_measured,managed,373.0022,0.710984,slower
"np.searchsorted(a, v) (int32)",Sorting,int32,1000,,0.0197,0.0117,available,,not_measured,managed,0.0117,1.683761,faster
"np.searchsorted(a, v) (int32)",Sorting,int32,100000,,2.9594,3.198,available,,not_measured,managed,3.198,0.925391,close
"np.searchsorted(a, v) (int32)",Sorting,int32,10000000,,438.9186,338.8701,available,,not_measured,managed,338.8701,1.295241,faster
"np.searchsorted(a, v) (int64)",Sorting,int64,1000,,0.0195,0.0127,available,,not_measured,managed,0.0127,1.535433,faster
"np.searchsorted(a, v) (int64)",Sorting,int64,100000,,3.0166,3.2601,available,,not_measured,managed,3.2601,0.925309,close
"np.searchsorted(a, v) (int64)",Sorting,int64,10000000,,570.687,347.6776,available,,not_measured,managed,347.6776,1.641426,faster
np.sort(a) (float32),Sorting,float32,1000,,0.0024,0.019,available,,not_measured,managed,0.019,0.126316,much_slower
np.sort(a) (float32),Sorting,float32,100000,,0.2582,1.2959,available,,not_measured,managed,1.2959,0.199244,much_slower
np.sort(a) (float64),Sorting,float64,1000,,0.0036,0.0294,available,,not_measured,managed,0.0294,0.122449,much_slower
np.sort(a) (float64),Sorting,float64,100000,,1.3224,2.0432,available,,not_measured,managed,2.0432,0.64722,slower
np.sort(a) (int32),Sorting,int32,1000,,0.0024,0.0107,available,,not_measured,managed,0.0107,0.224299,much_slower
np.sort(a) (int32),Sorting,int32,100000,,0.1073,1.4483,available,,not_measured,managed,1.4483,0.074087,much_slower
np.sort(a) (int64),Sorting,int64,1000,,0.0065,0.0279,available,,not_measured,managed,0.0279,0.232975,much_slower
np.sort(a) (int64),Sorting,int64,100000,,0.2977,2.9208,available,,not_measured,managed,2.9208,0.101924,much_slower
np.sort_complex(a) (float32),Sorting,float32,1000,,0.003,0.0283,available,,not_measured,managed,0.0283,0.106007,much_slower
np.sort_complex(a) (float32),Sorting,float32,100000,,0.6119,1.7326,available,,not_measured,managed,1.7326,0.353169,slower
np.sort_complex(a) (float64),Sorting,float64,1000,,0.0045,0.0382,available,,not_measured,managed,0.0382,0.117801,much_slower
np.sort_complex(a) (float64),Sorting,float64,100000,,1.7175,2.82,available,,not_measured,managed,2.82,0.609043,slower
np.sort_complex(a) (int32),Sorting,int32,1000,,0.0033,0.0289,available,,not_measured,managed,0.0289,0.114187,much_slower
np.sort_complex(a) (int32),Sorting,int32,100000,,0.3982,1.7565,available,,not_measured,managed,1.7565,0.226701,much_slower
np.sort_complex(a) (int64),Sorting,int64,1000,,0.0072,0.0434,available,,not_measured,managed,0.0434,0.165899,much_slower
np.sort_complex(a) (int64),Sorting,int64,100000,,0.6626,3.0723,available,,not_measured,managed,3.0723,0.215669,much_slower
np.average(a) (float16),Statistics,float16,1000,,0.0053,,not_measured,,not_measured,,,,no_data
np.average(a) (float16),Statistics,float16,100000,,0.1066,,not_measured,,not_measured,,,,no_data
np.average(a) (float16),Statistics,float16,10000000,,17.5462,,not_measured,,not_measured,,,,no_data
np.average(a) (float32),Statistics,float32,1000,,0.0042,,not_measured,,not_measured,,,,no_data
np.average(a) (float32),Statistics,float32,100000,,0.0187,,not_measured,,not_measured,,,,no_data
np.average(a) (float32),Statistics,float32,10000000,,11.2581,,not_measured,,not_measured,,,,no_data
np.average(a) (float64),Statistics,float64,1000,,0.0028,,not_measured,,not_measured,,,,no_data
np.average(a) (float64),Statistics,float64,100000,,0.0178,,not_measured,,not_measured,,,,no_data
np.average(a) (float64),Statistics,float64,10000000,,17.3729,,not_measured,,not_measured,,,,no_data
np.bincount(a) (int32),Statistics,int32,1000,,0.0015,0.0058,available,,not_measured,managed,0.0058,0.258621,much_slower
np.bincount(a) (int32),Statistics,int32,100000,,0.1146,0.4531,available,,not_measured,managed,0.4531,0.252924,much_slower
"np.convolve(a, kernel) (float64)",Statistics,float64,1000,,0.0111,,not_measured,,not_measured,,,,no_data
"np.convolve(a, kernel) (float64)",Statistics,float64,100000,,1.02,,not_measured,,not_measured,,,,no_data
"np.convolve(a, v, mode='same')",Statistics,float64,100000,"mode=same,kernel=31",1.0977,0.1257,available,2.4239,available,managed,0.1257,8.732697,faster
"np.corrcoef(a, b) (float64)",Statistics,float64,1000,,0.0231,,not_measured,,not_measured,,,,no_data
"np.corrcoef(a, b) (float64)",Statistics,float64,100000,,0.6542,,not_measured,,not_measured,,,,no_data
"np.correlate(a, kernel) (float64)",Statistics,float64,1000,,0.0106,,not_measured,,not_measured,,,,no_data
"np.correlate(a, kernel) (float64)",Statistics,float64,100000,,1.0139,,not_measured,,not_measured,,,,no_data
"np.correlate(a, v, mode='same')",Statistics,float64,100000,"mode=same,kernel=31",1.2291,0.1179,available,2.4322,available,managed,0.1179,10.424936,faster
np.count_nonzero(a) (float16),Statistics,float16,1000,,0.0018,,not_measured,,not_measured,,,,no_data
np.count_nonzero(a) (float16),Statistics,float16,100000,,0.1474,,not_measured,,not_measured,,,,no_data
np.count_nonzero(a) (float16),Statistics,float16,10000000,,27.3817,,not_measured,,not_measured,,,,no_data
np.count_nonzero(a) (float32),Statistics,float32,1000,,0.0006,,not_measured,,not_measured,,,,no_data
np.count_nonzero(a) (float32),Statistics,float32,100000,,0.0372,,not_measured,,not_measured,,,,no_data
np.count_nonzero(a) (float32),Statistics,float32,10000000,,8.4805,,not_measured,,not_measured,,,,no_data
np.count_nonzero(a) (float64),Statistics,float64,1000,,0.0006,,not_measured,,not_measured,,,,no_data
np.count_nonzero(a) (float64),Statistics,float64,100000,,0.0373,,not_measured,,not_measured,,,,no_data
np.count_nonzero(a) (float64),Statistics,float64,10000000,,13.4766,,not_measured,,not_measured,,,,no_data
"np.cov(a, b) (float64)",Statistics,float64,1000,,0.0142,,not_measured,,not_measured,,,,no_data
"np.cov(a, b) (float64)",Statistics,float64,100000,,0.5916,,not_measured,,not_measured,,,,no_data
"np.cross(a, b) (float64)",Statistics,float64,1000,,0.0137,,not_measured,,not_measured,,,,no_data
"np.cross(a, b) (float64)",Statistics,float64,100000,,0.8876,,not_measured,,not_measured,,,,no_data
np.diff(a) (float64),Statistics,float64,1000,,0.0017,,not_measured,,not_measured,,,,no_data
np.diff(a) (float64),Statistics,float64,100000,,0.014,,not_measured,,not_measured,,,,no_data
"np.digitize(a, bins) (float64)",Statistics,float64,1000,,0.018,,not_measured,,not_measured,,,,no_data
"np.digitize(a, bins) (float64)",Statistics,float64,100000,,3.4953,,not_measured,,not_measured,,,,no_data
np.ediff1d(a) (float64),Statistics,float64,1000,,0.0013,,not_measured,,not_measured,,,,no_data
np.ediff1d(a) (float64),Statistics,float64,100000,,0.0147,,not_measured,,not_measured,,,,no_data
"np.inner(a, b) (float64)",Statistics,float64,1000,,0.0007,,not_measured,,not_measured,,,,no_data
"np.kron(a, b) (float64)",Statistics,float64,1000,,0.0102,,not_measured,,not_measured,,,,no_data
"np.kron(a, b) (float64)",Statistics,float64,100000,,0.0449,,not_measured,,not_measured,,,,no_data
np.median(a) (float16),Statistics,float16,1000,,0.0168,,not_measured,,not_measured,,,,no_data
np.median(a) (float16),Statistics,float16,100000,,0.9012,,not_measured,,not_measured,,,,no_data
np.median(a) (float16),Statistics,float16,10000000,,218.4604,,not_measured,,not_measured,,,,no_data
np.median(a) (float32),Statistics,float32,1000,,0.0113,,not_measured,,not_measured,,,,no_data
np.median(a) (float32),Statistics,float32,100000,,0.4653,,not_measured,,not_measured,,,,no_data
np.median(a) (float32),Statistics,float32,10000000,,98.7807,,not_measured,,not_measured,,,,no_data
np.median(a) (float64),Statistics,float64,1000,,0.0104,,not_measured,,not_measured,,,,no_data
np.median(a) (float64),Statistics,float64,100000,,0.4837,,not_measured,,not_measured,,,,no_data
np.median(a) (float64),Statistics,float64,10000000,,123.6596,,not_measured,,not_measured,,,,no_data
"np.percentile(a, 50) (float16)",Statistics,float16,1000,,0.0291,,not_measured,,not_measured,,,,no_data
"np.percentile(a, 50) (float16)",Statistics,float16,100000,,1.7653,,not_measured,,not_measured,,,,no_data
"np.percentile(a, 50) (float16)",Statistics,float16,10000000,,169.4453,,not_measured,,not_measured,,,,no_data
"np.percentile(a, 50) (float32)",Statistics,float32,1000,,0.0314,,not_measured,,not_measured,,,,no_data
"np.percentile(a, 50) (float32)",Statistics,float32,100000,,0.7253,,not_measured,,not_measured,,,,no_data
"np.percentile(a, 50) (float32)",Statistics,float32,10000000,,68.5546,,not_measured,,not_measured,,,,no_data
"np.percentile(a, 50) (float64)",Statistics,float64,1000,,0.024,,not_measured,,not_measured,,,,no_data
"np.percentile(a, 50) (float64)",Statistics,float64,100000,,0.7312,,not_measured,,not_measured,,,,no_data
"np.percentile(a, 50) (float64)",Statistics,float64,10000000,,95.8597,,not_measured,,not_measured,,,,no_data
np.ptp(a) (float16),Statistics,float16,1000,,0.0074,,not_measured,,not_measured,,,,no_data
np.ptp(a) (float16),Statistics,float16,100000,,1.0389,,not_measured,,not_measured,,,,no_data
np.ptp(a) (float16),Statistics,float16,10000000,,134.3963,,not_measured,,not_measured,,,,no_data
np.ptp(a) (float32),Statistics,float32,1000,,0.0027,,not_measured,,not_measured,,,,no_data
np.ptp(a) (float32),Statistics,float32,100000,,0.0113,,not_measured,,not_measured,,,,no_data
np.ptp(a) (float32),Statistics,float32,10000000,,10.5878,,not_measured,,not_measured,,,,no_data
np.ptp(a) (float64),Statistics,float64,1000,,0.0027,,not_measured,,not_measured,,,,no_data
np.ptp(a) (float64),Statistics,float64,100000,,0.0198,,not_measured,,not_measured,,,,no_data
np.ptp(a) (float64),Statistics,float64,10000000,,21.917,,not_measured,,not_measured,,,,no_data
"np.quantile(a, 0.5) (float16)",Statistics,float16,1000,,0.028,,not_measured,,not_measured,,,,no_data
"np.quantile(a, 0.5) (float16)",Statistics,float16,100000,,1.7663,,not_measured,,not_measured,,,,no_data
"np.quantile(a, 0.5) (float16)",Statistics,float16,10000000,,158.8183,,not_measured,,not_measured,,,,no_data
"np.quantile(a, 0.5) (float32)",Statistics,float32,1000,,0.0242,,not_measured,,not_measured,,,,no_data
"np.quantile(a, 0.5) (float32)",Statistics,float32,100000,,0.7156,,not_measured,,not_measured,,,,no_data
"np.quantile(a, 0.5) (float32)",Statistics,float32,10000000,,70.5255,,not_measured,,not_measured,,,,no_data
"np.quantile(a, 0.5) (float64)",Statistics,float64,1000,,0.0265,,not_measured,,not_measured,,,,no_data
"np.quantile(a, 0.5) (float64)",Statistics,float64,100000,,0.724,,not_measured,,not_measured,,,,no_data
"np.quantile(a, 0.5) (float64)",Statistics,float64,10000000,,92.5459,,not_measured,,not_measured,,,,no_data
np.trace(a) (float64),Statistics,float64,1000,,0.0014,,not_measured,,not_measured,,,,no_data
np.trace(a) (float64),Statistics,float64,100000,,0.0015,,not_measured,,not_measured,,,,no_data
a * a (square via multiply) (float16),Unary,float16,1000,,0.0042,0.0098,available,,not_measured,managed,0.0098,0.428571,slower
a * a (square via multiply) (float16),Unary,float16,100000,,0.2826,0.9317,available,,not_measured,managed,0.9317,0.303317,much_slower
a * a (square via multiply) (float16),Unary,float16,10000000,,74.1605,90.8875,available,,not_measured,managed,90.8875,0.815959,close
a * a (square via multiply) (float32),Unary,float32,1000,,0.0006,0.0021,available,,not_measured,managed,0.0021,0.285714,negligible
a * a (square via multiply) (float32),Unary,float32,100000,,0.0078,0.0526,available,,not_measured,managed,0.0526,0.148289,much_slower
a * a (square via multiply) (float32),Unary,float32,10000000,,7.7544,8.6009,available,,not_measured,managed,8.6009,0.90158,close
a * a (square via multiply) (float64),Unary,float64,1000,,0.0007,0.002,available,,not_measured,managed,0.002,0.35,negligible
a * a (square via multiply) (float64),Unary,float64,100000,,0.0448,0.1163,available,,not_measured,managed,0.1163,0.385211,slower
a * a (square via multiply) (float64),Unary,float64,10000000,,15.9544,21.8269,available,,not_measured,managed,21.8269,0.730951,slower
a * a * a (cube via multiply) (float16),Unary,float16,1000,,0.0106,0.0213,available,,not_measured,managed,0.0213,0.497653,slower
a * a * a (cube via multiply) (float16),Unary,float16,100000,,0.9061,2.2539,available,,not_measured,managed,2.2539,0.402014,slower
a * a * a (cube via multiply) (float16),Unary,float16,10000000,,179.6414,234.9409,available,,not_measured,managed,234.9409,0.764624,slower
a * a * a (cube via multiply) (float32),Unary,float32,1000,,0.0011,0.0038,available,,not_measured,managed,0.0038,0.289474,much_slower
a * a * a (cube via multiply) (float32),Unary,float32,100000,,0.0161,0.1173,available,,not_measured,managed,0.1173,0.137255,much_slower
a * a * a (cube via multiply) (float32),Unary,float32,10000000,,16.2054,19.1563,available,,not_measured,managed,19.1563,0.845957,close
a * a * a (cube via multiply) (float64),Unary,float64,1000,,0.0014,0.0042,available,,not_measured,managed,0.0042,0.333333,slower
a * a * a (cube via multiply) (float64),Unary,float64,100000,,0.6692,0.2304,available,,not_measured,managed,0.2304,2.904514,faster
a * a * a (cube via multiply) (float64),Unary,float64,10000000,,34.3764,49.9937,available,,not_measured,managed,49.9937,0.687615,slower
np.abs (float16),Unary,float16,1000,,0.0008,0.0024,available,,not_measured,managed,0.0024,0.333333,negligible
np.abs (float16),Unary,float16,100000,,0.0278,0.0545,available,,not_measured,managed,0.0545,0.510092,slower
np.abs (float16),Unary,float16,10000000,,8.7409,6.2464,available,,not_measured,managed,6.2464,1.39935,faster
np.abs (float32),Unary,float32,1000,,0.0005,0.0024,available,,not_measured,managed,0.0024,0.208333,negligible
np.abs (float32),Unary,float32,100000,,0.0061,0.0649,available,,not_measured,managed,0.0649,0.093991,much_slower
np.abs (float32),Unary,float32,10000000,,9.2324,8.9253,available,,not_measured,managed,8.9253,1.034408,close
np.abs (float64),Unary,float64,1000,,0.0006,0.0021,available,,not_measured,managed,0.0021,0.285714,negligible
np.abs (float64),Unary,float64,100000,,0.0273,0.1269,available,,not_measured,managed,0.1269,0.21513,much_slower
np.abs (float64),Unary,float64,10000000,,20.8355,20.2367,available,,not_measured,managed,20.2367,1.02959,close
np.absolute(a) (float16),Unary,float16,1000,,0.0012,0.0023,available,,not_measured,managed,0.0023,0.521739,slower
np.absolute(a) (float16),Unary,float16,100000,,0.0275,0.0227,available,,not_measured,managed,0.0227,1.211454,faster
np.absolute(a) (float16),Unary,float16,10000000,,7.5932,3.5416,available,,not_measured,managed,3.5416,2.144003,faster
np.absolute(a) (float32),Unary,float32,1000,,0.0006,0.0016,available,,not_measured,managed,0.0016,0.375,negligible
np.absolute(a) (float32),Unary,float32,100000,,0.0064,0.0513,available,,not_measured,managed,0.0513,0.124756,much_slower
np.absolute(a) (float32),Unary,float32,10000000,,7.4181,5.3715,available,,not_measured,managed,5.3715,1.381011,faster
np.absolute(a) (float64),Unary,float64,1000,,0.0006,0.0029,available,,not_measured,managed,0.0029,0.206897,negligible
np.absolute(a) (float64),Unary,float64,100000,,0.0329,0.0569,available,,not_measured,managed,0.0569,0.578207,slower
np.absolute(a) (float64),Unary,float64,10000000,,17.8646,14.4572,available,,not_measured,managed,14.4572,1.235689,faster
np.acosh(a) (float16),Unary,float16,1000,,0.0087,0.0216,available,,not_measured,managed,0.0216,0.402778,slower
np.acosh(a) (float16),Unary,float16,100000,,0.8914,2.0225,available,,not_measured,managed,2.0225,0.440742,slower
np.acosh(a) (float16),Unary,float16,10000000,,178.7008,108.2171,available,,not_measured,managed,108.2171,1.651318,faster
np.acosh(a) (float32),Unary,float32,1000,,0.0058,0.0112,available,,not_measured,managed,0.0112,0.517857,slower
np.acosh(a) (float32),Unary,float32,100000,,0.6072,0.5766,available,,not_measured,managed,0.5766,1.05307,faster
np.acosh(a) (float32),Unary,float32,10000000,,92.0515,55.7853,available,,not_measured,managed,55.7853,1.650103,faster
np.acosh(a) (float64),Unary,float64,1000,,0.0075,0.0145,available,,not_measured,managed,0.0145,0.517241,slower
np.acosh(a) (float64),Unary,float64,100000,,1.4178,0.6708,available,,not_measured,managed,0.6708,2.113596,faster
np.acosh(a) (float64),Unary,float64,10000000,,73.8487,72.2551,available,,not_measured,managed,72.2551,1.022055,close
np.angle(a) (float16),Unary,float16,1000,,0.0131,0.0199,available,,not_measured,managed,0.0199,0.658291,slower
np.angle(a) (float16),Unary,float16,100000,,1.1313,1.5989,available,,not_measured,managed,1.5989,0.707549,slower
np.angle(a) (float16),Unary,float16,10000000,,108.6936,96.0198,available,,not_measured,managed,96.0198,1.131992,faster
np.angle(a) (float32),Unary,float32,1000,,0.0044,0.0159,available,,not_measured,managed,0.0159,0.27673,much_slower
np.angle(a) (float32),Unary,float32,100000,,1.1572,0.7081,available,,not_measured,managed,0.7081,1.634232,faster
np.angle(a) (float32),Unary,float32,10000000,,82.1519,93.7862,available,,not_measured,managed,93.7862,0.875949,close
np.angle(a) (float64),Unary,float64,1000,,0.0047,0.0161,available,,not_measured,managed,0.0161,0.291925,much_slower
np.angle(a) (float64),Unary,float64,100000,,1.0359,0.6767,available,,not_measured,managed,0.6767,1.530811,faster
np.angle(a) (float64),Unary,float64,10000000,,83.9529,78.2865,available,,not_measured,managed,78.2865,1.07238,faster
np.arccos(a) (float16),Unary,float16,1000,,0.0071,0.017,available,,not_measured,managed,0.017,0.417647,slower
np.arccos(a) (float16),Unary,float16,100000,,1.1445,1.241,available,,not_measured,managed,1.241,0.92224,close
np.arccos(a) (float16),Unary,float16,10000000,,209.8232,131.6949,available,,not_measured,managed,131.6949,1.593252,faster
np.arccos(a) (float32),Unary,float32,1000,,0.0039,0.0092,available,,not_measured,managed,0.0092,0.423913,slower
np.arccos(a) (float32),Unary,float32,100000,,0.7939,1.3629,available,,not_measured,managed,1.3629,0.582508,slower
np.arccos(a) (float32),Unary,float32,10000000,,81.315,80.2236,available,,not_measured,managed,80.2236,1.013604,close
np.arccos(a) (float64),Unary,float64,1000,,0.004,0.0103,available,,not_measured,managed,0.0103,0.38835,slower
np.arccos(a) (float64),Unary,float64,100000,,1.5241,0.8597,available,,not_measured,managed,0.8597,1.772828,faster
np.arccos(a) (float64),Unary,float64,10000000,,94.4348,95.6056,available,,not_measured,managed,95.6056,0.987754,close
np.arccosh(a) (float16),Unary,float16,1000,,0.0088,0.0212,available,,not_measured,managed,0.0212,0.415094,slower
np.arccosh(a) (float16),Unary,float16,100000,,0.8892,2.0669,available,,not_measured,managed,2.0669,0.430209,slower
np.arccosh(a) (float16),Unary,float16,10000000,,170.5355,107.8454,available,,not_measured,managed,107.8454,1.581296,faster
np.arccosh(a) (float32),Unary,float32,1000,,0.0059,0.0114,available,,not_measured,managed,0.0114,0.517544,slower
np.arccosh(a) (float32),Unary,float32,100000,,0.5949,0.5886,available,,not_measured,managed,0.5886,1.010703,close
np.arccosh(a) (float32),Unary,float32,10000000,,74.6823,56.1513,available,,not_measured,managed,56.1513,1.330019,faster
np.arccosh(a) (float64),Unary,float64,1000,,0.0073,0.015,available,,not_measured,managed,0.015,0.486667,slower
np.arccosh(a) (float64),Unary,float64,100000,,1.4041,0.6718,available,,not_measured,managed,0.6718,2.090057,faster
np.arccosh(a) (float64),Unary,float64,10000000,,70.6843,72.5841,available,,not_measured,managed,72.5841,0.973826,close
np.arcsin(a) (float16),Unary,float16,1000,,0.0078,0.018,available,,not_measured,managed,0.018,0.433333,slower
np.arcsin(a) (float16),Unary,float16,100000,,1.1131,1.238,available,,not_measured,managed,1.238,0.899111,close
np.arcsin(a) (float16),Unary,float16,10000000,,196.2618,136.1456,available,,not_measured,managed,136.1456,1.441558,faster
np.arcsin(a) (float32),Unary,float32,1000,,0.0042,0.0104,available,,not_measured,managed,0.0104,0.403846,slower
np.arcsin(a) (float32),Unary,float32,100000,,0.8204,1.3544,available,,not_measured,managed,1.3544,0.605729,slower
np.arcsin(a) (float32),Unary,float32,10000000,,85.8453,83.6036,available,,not_measured,managed,83.6036,1.026813,close
np.arcsin(a) (float64),Unary,float64,1000,,0.0041,0.0109,available,,not_measured,managed,0.0109,0.376147,slower
np.arcsin(a) (float64),Unary,float64,100000,,1.6082,0.8561,available,,not_measured,managed,0.8561,1.878519,faster
np.arcsin(a) (float64),Unary,float64,10000000,,102.1408,101.37,available,,not_measured,managed,101.37,1.007604,close
np.arcsinh(a) (float16),Unary,float16,1000,,0.0111,0.0252,available,,not_measured,managed,0.0252,0.440476,slower
np.arcsinh(a) (float16),Unary,float16,100000,,1.2659,2.6832,available,,not_measured,managed,2.6832,0.471787,slower
np.arcsinh(a) (float16),Unary,float16,10000000,,228.3391,145.1794,available,,not_measured,managed,145.1794,1.572806,faster
np.arcsinh(a) (float32),Unary,float32,1000,,0.0074,0.0165,available,,not_measured,managed,0.0165,0.448485,slower
np.arcsinh(a) (float32),Unary,float32,100000,,1.0109,1.6324,available,,not_measured,managed,1.6324,0.619272,slower
np.arcsinh(a) (float32),Unary,float32,10000000,,138.3836,90.843,available,,not_measured,managed,90.843,1.523327,faster
np.arcsinh(a) (float64),Unary,float64,1000,,0.0087,0.0205,available,,not_measured,managed,0.0205,0.42439,slower
np.arcsinh(a) (float64),Unary,float64,100000,,2.1899,0.9771,available,,not_measured,managed,0.9771,2.241224,faster
np.arcsinh(a) (float64),Unary,float64,10000000,,113.9204,103.8435,available,,not_measured,managed,103.8435,1.097039,faster
np.arctan(a) (float16),Unary,float16,1000,,0.0077,0.0173,available,,not_measured,managed,0.0173,0.445087,slower
np.arctan(a) (float16),Unary,float16,100000,,1.3385,1.4318,available,,not_measured,managed,1.4318,0.934837,close
np.arctan(a) (float16),Unary,float16,10000000,,213.7745,147.7143,available,,not_measured,managed,147.7143,1.447216,faster
np.arctan(a) (float32),Unary,float32,1000,,0.004,0.0091,available,,not_measured,managed,0.0091,0.43956,slower
np.arctan(a) (float32),Unary,float32,100000,,0.9903,1.4485,available,,not_measured,managed,1.4485,0.683673,slower
np.arctan(a) (float32),Unary,float32,10000000,,97.5844,98.3848,available,,not_measured,managed,98.3848,0.991865,close
np.arctan(a) (float64),Unary,float64,1000,,0.0041,0.0101,available,,not_measured,managed,0.0101,0.405941,slower
np.arctan(a) (float64),Unary,float64,100000,,2.0235,0.991,available,,not_measured,managed,0.991,2.041877,faster
np.arctan(a) (float64),Unary,float64,10000000,,108.8233,106.4615,available,,not_measured,managed,106.4615,1.022185,close
"np.arctan2(a, b) (float16)",Unary,float16,1000,,0.011,0.0303,available,,not_measured,managed,0.0303,0.363036,slower
"np.arctan2(a, b) (float16)",Unary,float16,100000,,1.7644,1.837,available,,not_measured,managed,1.837,0.960479,close
"np.arctan2(a, b) (float16)",Unary,float16,10000000,,306.0728,188.7485,available,,not_measured,managed,188.7485,1.621591,faster
"np.arctan2(a, b) (float32)",Unary,float32,1000,,0.0045,0.0285,available,,not_measured,managed,0.0285,0.157895,much_slower
"np.arctan2(a, b) (float32)",Unary,float32,100000,,1.4575,3.4777,available,,not_measured,managed,3.4777,0.419099,slower
"np.arctan2(a, b) (float32)",Unary,float32,10000000,,165.4835,226.3722,available,,not_measured,managed,226.3722,0.731024,slower
"np.arctan2(a, b) (float64)",Unary,float64,1000,,0.0061,0.0176,available,,not_measured,managed,0.0176,0.346591,slower
"np.arctan2(a, b) (float64)",Unary,float64,100000,,2.8496,1.4207,available,,not_measured,managed,1.4207,2.005772,faster
"np.arctan2(a, b) (float64)",Unary,float64,10000000,,151.8608,151.9321,available,,not_measured,managed,151.9321,0.999531,close
np.arctanh(a) (float16),Unary,float16,1000,,0.0096,0.0217,available,,not_measured,managed,0.0217,0.442396,slower
np.arctanh(a) (float16),Unary,float16,100000,,1.0811,2.1549,available,,not_measured,managed,2.1549,0.501694,slower
np.arctanh(a) (float16),Unary,float16,10000000,,206.5319,125.8855,available,,not_measured,managed,125.8855,1.640633,faster
np.arctanh(a) (float32),Unary,float32,1000,,0.0056,0.0125,available,,not_measured,managed,0.0125,0.448,slower
np.arctanh(a) (float32),Unary,float32,100000,,0.8467,0.8486,available,,not_measured,managed,0.8486,0.997761,close
np.arctanh(a) (float32),Unary,float32,10000000,,105.4962,81.6247,available,,not_measured,managed,81.6247,1.292454,faster
np.arctanh(a) (float64),Unary,float64,1000,,0.0063,0.0138,available,,not_measured,managed,0.0138,0.456522,slower
np.arctanh(a) (float64),Unary,float64,100000,,1.578,0.8676,available,,not_measured,managed,0.8676,1.818811,faster
np.arctanh(a) (float64),Unary,float64,10000000,,91.4105,92.6802,available,,not_measured,managed,92.6802,0.9863,close
np.around (float16),Unary,float16,1000,,0.0055,0.0081,available,,not_measured,managed,0.0081,0.679012,slower
np.around (float16),Unary,float16,100000,,0.4111,0.709,available,,not_measured,managed,0.709,0.579831,slower
np.around (float16),Unary,float16,10000000,,55.6579,70.3858,available,,not_measured,managed,70.3858,0.790755,slower
np.around (float32),Unary,float32,1000,,0.0011,0.0022,available,,not_measured,managed,0.0022,0.5,slower
np.around (float32),Unary,float32,100000,,0.0066,0.0538,available,,not_measured,managed,0.0538,0.122677,much_slower
np.around (float32),Unary,float32,10000000,,8.3392,9.3868,available,,not_measured,managed,9.3868,0.888396,close
np.around (float64),Unary,float64,1000,,0.0012,0.0026,available,,not_measured,managed,0.0026,0.461538,slower
np.around (float64),Unary,float64,100000,,0.0289,0.1062,available,,not_measured,managed,0.1062,0.272128,much_slower
np.around (float64),Unary,float64,10000000,,21.8245,20.63,available,,not_measured,managed,20.63,1.057901,faster
np.asinh(a) (float16),Unary,float16,1000,,0.0111,0.0264,available,,not_measured,managed,0.0264,0.420455,slower
np.asinh(a) (float16),Unary,float16,100000,,1.2913,2.6947,available,,not_measured,managed,2.6947,0.4792,slower
np.asinh(a) (float16),Unary,float16,10000000,,229.3663,147.2079,available,,not_measured,managed,147.2079,1.558111,faster
np.asinh(a) (float32),Unary,float32,1000,,0.0076,0.0163,available,,not_measured,managed,0.0163,0.466258,slower
np.asinh(a) (float32),Unary,float32,100000,,0.9874,0.9132,available,,not_measured,managed,0.9132,1.081253,faster
np.asinh(a) (float32),Unary,float32,10000000,,107.7707,89.5922,available,,not_measured,managed,89.5922,1.202903,faster
np.asinh(a) (float64),Unary,float64,1000,,0.009,0.0215,available,,not_measured,managed,0.0215,0.418605,slower
np.asinh(a) (float64),Unary,float64,100000,,2.19,0.9759,available,,not_measured,managed,0.9759,2.244082,faster
np.asinh(a) (float64),Unary,float64,10000000,,103.7804,102.9544,available,,not_measured,managed,102.9544,1.008023,close
np.atanh(a) (float16),Unary,float16,1000,,0.0105,0.0219,available,,not_measured,managed,0.0219,0.479452,slower
np.atanh(a) (float16),Unary,float16,100000,,1.0913,2.2247,available,,not_measured,managed,2.2247,0.490538,slower
np.atanh(a) (float16),Unary,float16,10000000,,116.4975,126.7734,available,,not_measured,managed,126.7734,0.918943,close
np.atanh(a) (float32),Unary,float32,1000,,0.0061,0.0123,available,,not_measured,managed,0.0123,0.495935,slower
np.atanh(a) (float32),Unary,float32,100000,,1.4534,0.8465,available,,not_measured,managed,0.8465,1.716952,faster
np.atanh(a) (float32),Unary,float32,10000000,,106.888,82.6821,available,,not_measured,managed,82.6821,1.292759,faster
np.atanh(a) (float64),Unary,float64,1000,,0.0063,0.0138,available,,not_measured,managed,0.0138,0.456522,slower
np.atanh(a) (float64),Unary,float64,100000,,1.5443,0.8612,available,,not_measured,managed,0.8612,1.793196,faster
np.atanh(a) (float64),Unary,float64,10000000,,91.8737,93.6445,available,,not_measured,managed,93.6445,0.98109,close
np.cbrt(a) (float16),Unary,float16,1000,,0.0107,0.0253,available,,not_measured,managed,0.0253,0.422925,slower
np.cbrt(a) (float16),Unary,float16,100000,,2.1576,2.435,available,,not_measured,managed,2.435,0.886078,close
np.cbrt(a) (float16),Unary,float16,10000000,,118.4125,249.0228,available,,not_measured,managed,249.0228,0.475509,slower
np.cbrt(a) (float32),Unary,float32,1000,,0.0063,0.0147,available,,not_measured,managed,0.0147,0.428571,slower
np.cbrt(a) (float32),Unary,float32,100000,,1.5545,1.4943,available,,not_measured,managed,1.4943,1.040286,close
np.cbrt(a) (float32),Unary,float32,10000000,,92.9007,146.5038,available,,not_measured,managed,146.5038,0.634118,slower
np.cbrt(a) (float64),Unary,float64,1000,,0.0098,0.0198,available,,not_measured,managed,0.0198,0.494949,slower
np.cbrt(a) (float64),Unary,float64,100000,,2.2368,2.1025,available,,not_measured,managed,2.1025,1.063876,faster
np.cbrt(a) (float64),Unary,float64,10000000,,120.4613,216.87,available,,not_measured,managed,216.87,0.555454,slower
np.ceil (float16),Unary,float16,1000,,0.0042,0.0066,available,,not_measured,managed,0.0066,0.636364,slower
np.ceil (float16),Unary,float16,100000,,0.4177,0.6256,available,,not_measured,managed,0.6256,0.667679,slower
np.ceil (float16),Unary,float16,10000000,,54.5755,62.7053,available,,not_measured,managed,62.7053,0.870349,close
np.ceil (float32),Unary,float32,1000,,0.0006,0.002,available,,not_measured,managed,0.002,0.3,negligible
np.ceil (float32),Unary,float32,100000,,0.006,0.0588,available,,not_measured,managed,0.0588,0.102041,much_slower
np.ceil (float32),Unary,float32,10000000,,11.0448,7.8385,available,,not_measured,managed,7.8385,1.409045,faster
np.ceil (float64),Unary,float64,1000,,0.0006,0.0027,available,,not_measured,managed,0.0027,0.222222,negligible
np.ceil (float64),Unary,float64,100000,,0.0274,0.1134,available,,not_measured,managed,0.1134,0.241623,much_slower
np.ceil (float64),Unary,float64,10000000,,24.4816,20.2017,available,,not_measured,managed,20.2017,1.211858,faster
"np.clip(a, -10, 10) (float16)",Unary,float16,1000,,0.0089,0.0101,available,,not_measured,managed,0.0101,0.881188,close
"np.clip(a, -10, 10) (float16)",Unary,float16,100000,,0.9297,1.0309,available,,not_measured,managed,1.0309,0.901833,close
"np.clip(a, -10, 10) (float16)",Unary,float16,10000000,,135.3834,104.7051,available,,not_measured,managed,104.7051,1.292997,faster
"np.clip(a, -10, 10) (float32)",Unary,float32,1000,,0.0022,0.0089,available,,not_measured,managed,0.0089,0.247191,much_slower
"np.clip(a, -10, 10) (float32)",Unary,float32,100000,,0.0084,0.0693,available,,not_measured,managed,0.0693,0.121212,much_slower
"np.clip(a, -10, 10) (float32)",Unary,float32,10000000,,8.2228,8.3864,available,,not_measured,managed,8.3864,0.980492,close
"np.clip(a, -10, 10) (float64)",Unary,float64,1000,,0.002,0.0066,available,,not_measured,managed,0.0066,0.30303,much_slower
"np.clip(a, -10, 10) (float64)",Unary,float64,100000,,0.0483,0.124,available,,not_measured,managed,0.124,0.389516,slower
"np.clip(a, -10, 10) (float64)",Unary,float64,10000000,,15.4,20.9332,available,,not_measured,managed,20.9332,0.735673,slower
np.conj(a) (float16),Unary,float16,1000,,0.0006,0.0017,available,,not_measured,managed,0.0017,0.352941,negligible
np.conj(a) (float16),Unary,float16,100000,,0.0218,0.0226,available,,not_measured,managed,0.0226,0.964602,close
np.conj(a) (float16),Unary,float16,10000000,,4.8589,3.7158,available,,not_measured,managed,3.7158,1.307632,faster
np.conj(a) (float32),Unary,float32,1000,,0.0006,0.0019,available,,not_measured,managed,0.0019,0.315789,negligible
np.conj(a) (float32),Unary,float32,100000,,0.0367,0.0314,available,,not_measured,managed,0.0314,1.16879,faster
np.conj(a) (float32),Unary,float32,10000000,,12.1286,5.7231,available,,not_measured,managed,5.7231,2.119236,faster
np.conj(a) (float64),Unary,float64,1000,,0.0006,0.0024,available,,not_measured,managed,0.0024,0.25,negligible
np.conj(a) (float64),Unary,float64,100000,,0.033,0.0596,available,,not_measured,managed,0.0596,0.553691,slower
np.conj(a) (float64),Unary,float64,10000000,,17.6602,13.8381,available,,not_measured,managed,13.8381,1.276201,faster
np.conjugate(a) (float16),Unary,float16,1000,,0.0006,0.0017,available,,not_measured,managed,0.0017,0.352941,negligible
np.conjugate(a) (float16),Unary,float16,100000,,0.0217,0.0451,available,,not_measured,managed,0.0451,0.481153,slower
np.conjugate(a) (float16),Unary,float16,10000000,,4.7655,3.7965,available,,not_measured,managed,3.7965,1.255235,faster
np.conjugate(a) (float32),Unary,float32,1000,,0.0006,0.0017,available,,not_measured,managed,0.0017,0.352941,negligible
np.conjugate(a) (float32),Unary,float32,100000,,0.0362,0.0325,available,,not_measured,managed,0.0325,1.113846,faster
np.conjugate(a) (float32),Unary,float32,10000000,,11.1425,5.2825,available,,not_measured,managed,5.2825,2.109323,faster
np.conjugate(a) (float64),Unary,float64,1000,,0.0009,0.0032,available,,not_measured,managed,0.0032,0.28125,negligible
np.conjugate(a) (float64),Unary,float64,100000,,0.0312,0.0652,available,,not_measured,managed,0.0652,0.478528,slower
np.conjugate(a) (float64),Unary,float64,10000000,,20.5982,13.3127,available,,not_measured,managed,13.3127,1.547259,faster
np.cos (float16),Unary,float16,1000,,0.0073,0.0167,available,,not_measured,managed,0.0167,0.437126,slower
np.cos (float16),Unary,float16,100000,,1.0496,1.9044,available,,not_measured,managed,1.9044,0.551145,slower
np.cos (float16),Unary,float16,10000000,,167.1084,192.4945,available,,not_measured,managed,192.4945,0.86812,close
np.cos (float32),Unary,float32,1000,,0.0013,0.0033,available,,not_measured,managed,0.0033,0.393939,slower
np.cos (float32),Unary,float32,100000,,0.0781,0.2683,available,,not_measured,managed,0.2683,0.291092,much_slower
np.cos (float32),Unary,float32,10000000,,12.1674,27.5921,available,,not_measured,managed,27.5921,0.440974,slower
np.cos (float64),Unary,float64,1000,,0.0055,0.0116,available,,not_measured,managed,0.0116,0.474138,slower
np.cos (float64),Unary,float64,100000,,1.85,1.2375,available,,not_measured,managed,1.2375,1.494949,faster
np.cos (float64),Unary,float64,10000000,,95.6288,130.0599,available,,not_measured,managed,130.0599,0.735267,slower
np.cosh(a) (float16),Unary,float16,1000,,0.0083,0.0218,available,,not_measured,managed,0.0218,0.380734,slower
np.cosh(a) (float16),Unary,float16,100000,,0.9609,1.1579,available,,not_measured,managed,1.1579,0.829864,close
np.cosh(a) (float16),Unary,float16,10000000,,165.8218,116.5615,available,,not_measured,managed,116.5615,1.422612,faster
np.cosh(a) (float32),Unary,float32,1000,,0.0042,0.0112,available,,not_measured,managed,0.0112,0.375,slower
np.cosh(a) (float32),Unary,float32,100000,,0.7173,1.2111,available,,not_measured,managed,1.2111,0.592271,slower
np.cosh(a) (float32),Unary,float32,10000000,,83.8763,63.7419,available,,not_measured,managed,63.7419,1.315874,faster
np.cosh(a) (float64),Unary,float64,1000,,0.0041,0.0121,available,,not_measured,managed,0.0121,0.338843,slower
np.cosh(a) (float64),Unary,float64,100000,,1.266,0.6007,available,,not_measured,managed,0.6007,2.107541,faster
np.cosh(a) (float64),Unary,float64,10000000,,71.1975,66.2618,available,,not_measured,managed,66.2618,1.074488,faster
np.deg2rad(a) (float16),Unary,float16,1000,,0.0042,0.0075,available,,not_measured,managed,0.0075,0.56,slower
np.deg2rad(a) (float16),Unary,float16,100000,,0.4046,0.698,available,,not_measured,managed,0.698,0.579656,slower
np.deg2rad(a) (float16),Unary,float16,10000000,,40.0564,37.4599,available,,not_measured,managed,37.4599,1.069314,faster
np.deg2rad(a) (float32),Unary,float32,1000,,0.0012,0.0017,available,,not_measured,managed,0.0017,0.705882,slower
np.deg2rad(a) (float32),Unary,float32,100000,,0.1247,0.0346,available,,not_measured,managed,0.0346,3.604046,faster
np.deg2rad(a) (float32),Unary,float32,10000000,,18.5765,5.9526,available,,not_measured,managed,5.9526,3.120737,faster
np.deg2rad(a) (float64),Unary,float64,1000,,0.0014,0.0029,available,,not_measured,managed,0.0029,0.482759,slower
np.deg2rad(a) (float64),Unary,float64,100000,,0.1224,0.0597,available,,not_measured,managed,0.0597,2.050251,faster
np.deg2rad(a) (float64),Unary,float64,10000000,,18.2193,14.3975,available,,not_measured,managed,14.3975,1.265449,faster
np.degrees(a) (float16),Unary,float16,1000,,0.0049,0.0075,available,,not_measured,managed,0.0075,0.653333,slower
np.degrees(a) (float16),Unary,float16,100000,,0.3999,0.6999,available,,not_measured,managed,0.6999,0.571367,slower
np.degrees(a) (float16),Unary,float16,10000000,,41.0043,37.4024,available,,not_measured,managed,37.4024,1.096301,faster
np.degrees(a) (float32),Unary,float32,1000,,0.0012,0.0017,available,,not_measured,managed,0.0017,0.705882,slower
np.degrees(a) (float32),Unary,float32,100000,,0.141,0.0289,available,,not_measured,managed,0.0289,4.878893,faster
np.degrees(a) (float32),Unary,float32,10000000,,14.5526,5.4521,available,,not_measured,managed,5.4521,2.669173,faster
np.degrees(a) (float64),Unary,float64,1000,,0.0014,0.0028,available,,not_measured,managed,0.0028,0.5,slower
np.degrees(a) (float64),Unary,float64,100000,,0.115,0.0554,available,,not_measured,managed,0.0554,2.075812,faster
np.degrees(a) (float64),Unary,float64,10000000,,23.0962,14.6127,available,,not_measured,managed,14.6127,1.580557,faster
np.exp (float16),Unary,float16,1000,,0.0047,0.0061,available,,not_measured,managed,0.0061,0.770492,slower
np.exp (float16),Unary,float16,100000,,0.4276,0.9304,available,,not_measured,managed,0.9304,0.459587,slower
np.exp (float16),Unary,float16,10000000,,78.3909,111.9641,available,,not_measured,managed,111.9641,0.700143,slower
np.exp (float32),Unary,float32,1000,,0.001,0.0022,available,,not_measured,managed,0.0022,0.454545,slower
np.exp (float32),Unary,float32,100000,,0.0585,0.0662,available,,not_measured,managed,0.0662,0.883686,close
np.exp (float32),Unary,float32,10000000,,10.5306,7.392,available,,not_measured,managed,7.392,1.424594,faster
np.exp (float64),Unary,float64,1000,,0.0031,0.0064,available,,not_measured,managed,0.0064,0.484375,slower
np.exp (float64),Unary,float64,100000,,0.5355,0.2865,available,,not_measured,managed,0.2865,1.86911,faster
np.exp (float64),Unary,float64,10000000,,37.9052,52.9755,available,,not_measured,managed,52.9755,0.715523,slower
np.exp2 (float16),Unary,float16,1000,,0.0045,0.0097,available,,not_measured,managed,0.0097,0.463918,slower
np.exp2 (float16),Unary,float16,100000,,0.4128,1.5392,available,,not_measured,managed,1.5392,0.268191,much_slower
np.exp2 (float16),Unary,float16,10000000,,78.5927,182.9342,available,,not_measured,managed,182.9342,0.429623,slower
np.exp2 (float32),Unary,float32,1000,,0.0021,0.0102,available,,not_measured,managed,0.0102,0.205882,much_slower
np.exp2 (float32),Unary,float32,100000,,0.1611,0.9176,available,,not_measured,managed,0.9176,0.175567,much_slower
np.exp2 (float32),Unary,float32,10000000,,19.9518,161.8345,available,,not_measured,managed,161.8345,0.123285,much_slower
np.exp2 (float64),Unary,float64,1000,,0.0024,0.0097,available,,not_measured,managed,0.0097,0.247423,much_slower
np.exp2 (float64),Unary,float64,100000,,0.4768,0.8425,available,,not_measured,managed,0.8425,0.565935,slower
np.exp2 (float64),Unary,float64,10000000,,38.7902,156.3296,available,,not_measured,managed,156.3296,0.248131,much_slower
np.expm1 (float16),Unary,float16,1000,,0.0061,0.0088,available,,not_measured,managed,0.0088,0.693182,slower
np.expm1 (float16),Unary,float16,100000,,0.5107,1.0714,available,,not_measured,managed,1.0714,0.476666,slower
np.expm1 (float16),Unary,float16,10000000,,95.3617,135.8391,available,,not_measured,managed,135.8391,0.70202,slower
np.expm1 (float32),Unary,float32,1000,,0.0031,0.004,available,,not_measured,managed,0.004,0.775,slower
np.expm1 (float32),Unary,float32,100000,,0.2522,0.1945,available,,not_measured,managed,0.1945,1.296658,faster
np.expm1 (float32),Unary,float32,10000000,,27.8527,35.2353,available,,not_measured,managed,35.2353,0.790477,slower
np.expm1 (float64),Unary,float64,1000,,0.004,0.0049,available,,not_measured,managed,0.0049,0.816327,close
np.expm1 (float64),Unary,float64,100000,,0.739,0.2847,available,,not_measured,managed,0.2847,2.595715,faster
np.expm1 (float64),Unary,float64,10000000,,56.4647,53.4116,available,,not_measured,managed,53.4116,1.057162,faster
np.floor (float16),Unary,float16,1000,,0.005,0.0069,available,,not_measured,managed,0.0069,0.724638,slower
np.floor (float16),Unary,float16,100000,,0.4241,0.6266,available,,not_measured,managed,0.6266,0.676827,slower
np.floor (float16),Unary,float16,10000000,,55.2759,60.8301,available,,not_measured,managed,60.8301,0.908693,close
np.floor (float32),Unary,float32,1000,,0.0005,0.0022,available,,not_measured,managed,0.0022,0.227273,negligible
np.floor (float32),Unary,float32,100000,,0.0063,0.0578,available,,not_measured,managed,0.0578,0.108997,much_slower
np.floor (float32),Unary,float32,10000000,,7.7158,9.2293,available,,not_measured,managed,9.2293,0.836011,close
np.floor (float64),Unary,float64,1000,,0.0008,0.0034,available,,not_measured,managed,0.0034,0.235294,negligible
np.floor (float64),Unary,float64,100000,,0.0405,0.1223,available,,not_measured,managed,0.1223,0.331153,slower
np.floor (float64),Unary,float64,10000000,,19.6616,19.8208,available,,not_measured,managed,19.8208,0.991968,close
np.imag(a) (float16),Unary,float16,1000,,0.0004,0.0021,available,,not_measured,managed,0.0021,0.190476,negligible
np.imag(a) (float16),Unary,float16,100000,,0.0029,0.0017,available,,not_measured,managed,0.0017,1.705882,faster
np.imag(a) (float16),Unary,float16,10000000,,0.0126,,not_measured,,not_measured,,,,no_data
np.imag(a) (float32),Unary,float32,1000,,0.0004,0.002,available,,not_measured,managed,0.002,0.2,negligible
np.imag(a) (float32),Unary,float32,100000,,0.0137,0.0015,available,,not_measured,managed,0.0015,9.133333,faster
np.imag(a) (float32),Unary,float32,10000000,,0.0117,,not_measured,,not_measured,,,,no_data
np.imag(a) (float64),Unary,float64,1000,,0.0004,0.0029,available,,not_measured,managed,0.0029,0.137931,negligible
np.imag(a) (float64),Unary,float64,100000,,0.0381,0.0019,available,,not_measured,managed,0.0019,20.052632,negligible
np.imag(a) (float64),Unary,float64,10000000,,0.0106,,not_measured,,not_measured,,,,no_data
np.log (float16),Unary,float16,1000,,0.0048,0.0129,available,,not_measured,managed,0.0129,0.372093,slower
np.log (float16),Unary,float16,100000,,0.4331,1.2412,available,,not_measured,managed,1.2412,0.348937,slower
np.log (float16),Unary,float16,10000000,,88.551,64.0271,available,,not_measured,managed,64.0271,1.383024,faster
np.log (float32),Unary,float32,1000,,0.0017,0.0031,available,,not_measured,managed,0.0031,0.548387,slower
np.log (float32),Unary,float32,100000,,0.0906,0.2306,available,,not_measured,managed,0.2306,0.392888,slower
np.log (float32),Unary,float32,10000000,,12.9563,22.9332,available,,not_measured,managed,22.9332,0.564958,slower
np.log (float64),Unary,float64,1000,,0.0028,0.0078,available,,not_measured,managed,0.0078,0.358974,slower
np.log (float64),Unary,float64,100000,,0.5174,0.5483,available,,not_measured,managed,0.5483,0.943644,close
np.log (float64),Unary,float64,10000000,,38.0643,57.7467,available,,not_measured,managed,57.7467,0.65916,slower
np.log10 (float16),Unary,float16,1000,,0.005,0.0132,available,,not_measured,managed,0.0132,0.378788,slower
np.log10 (float16),Unary,float16,100000,,0.4563,1.2709,available,,not_measured,managed,1.2709,0.359037,slower
np.log10 (float16),Unary,float16,10000000,,94.7972,137.6343,available,,not_measured,managed,137.6343,0.688761,slower
np.log10 (float32),Unary,float32,1000,,0.0024,0.007,available,,not_measured,managed,0.007,0.342857,slower
np.log10 (float32),Unary,float32,100000,,0.2093,0.4823,available,,not_measured,managed,0.4823,0.433962,slower
np.log10 (float32),Unary,float32,10000000,,23.5284,45.9167,available,,not_measured,managed,45.9167,0.512415,slower
np.log10 (float64),Unary,float64,1000,,0.0029,0.0082,available,,not_measured,managed,0.0082,0.353659,slower
np.log10 (float64),Unary,float64,100000,,0.5036,0.5676,available,,not_measured,managed,0.5676,0.887245,close
np.log10 (float64),Unary,float64,10000000,,47.4507,76.51,available,,not_measured,managed,76.51,0.62019,slower
np.log1p (float16),Unary,float16,1000,,0.006,0.0138,available,,not_measured,managed,0.0138,0.434783,slower
np.log1p (float16),Unary,float16,100000,,0.5586,1.3093,available,,not_measured,managed,1.3093,0.42664,slower
np.log1p (float16),Unary,float16,10000000,,122.1005,132.9394,available,,not_measured,managed,132.9394,0.918467,close
np.log1p (float32),Unary,float32,1000,,0.0033,0.0056,available,,not_measured,managed,0.0056,0.589286,slower
np.log1p (float32),Unary,float32,100000,,0.2965,0.4632,available,,not_measured,managed,0.4632,0.640112,slower
np.log1p (float32),Unary,float32,10000000,,32.1039,45.5056,available,,not_measured,managed,45.5056,0.705493,slower
np.log1p (float64),Unary,float64,1000,,0.0038,0.0087,available,,not_measured,managed,0.0087,0.436782,slower
np.log1p (float64),Unary,float64,100000,,0.7803,0.5271,available,,not_measured,managed,0.5271,1.480364,faster
np.log1p (float64),Unary,float64,10000000,,43.6099,34.8915,available,,not_measured,managed,34.8915,1.249872,faster
np.log2 (float16),Unary,float16,1000,,0.0053,0.0112,available,,not_measured,managed,0.0112,0.473214,slower
np.log2 (float16),Unary,float16,100000,,0.4559,1.0931,available,,not_measured,managed,1.0931,0.417071,slower
np.log2 (float16),Unary,float16,10000000,,81.6527,109.9325,available,,not_measured,managed,109.9325,0.742753,slower
np.log2 (float32),Unary,float32,1000,,0.0024,0.0064,available,,not_measured,managed,0.0064,0.375,slower
np.log2 (float32),Unary,float32,100000,,0.1958,0.4729,available,,not_measured,managed,0.4729,0.414041,slower
np.log2 (float32),Unary,float32,10000000,,22.9441,46.4819,available,,not_measured,managed,46.4819,0.493614,slower
np.log2 (float64),Unary,float64,1000,,0.0044,0.0088,available,,not_measured,managed,0.0088,0.5,slower
np.log2 (float64),Unary,float64,100000,,0.8375,0.7933,available,,not_measured,managed,0.7933,1.055717,faster
np.log2 (float64),Unary,float64,10000000,,53.5292,82.0834,available,,not_measured,managed,82.0834,0.652132,slower
np.modf(a) (float32),Unary,float32,1000,,0.0022,0.0063,available,,not_measured,managed,0.0063,0.349206,slower
np.modf(a) (float32),Unary,float32,100000,,0.4723,0.1662,available,,not_measured,managed,0.1662,2.841757,faster
np.modf(a) (float32),Unary,float32,10000000,,40.6561,19.8888,available,,not_measured,managed,19.8888,2.044171,faster
np.modf(a) (float64),Unary,float64,1000,,0.0024,0.0067,available,,not_measured,managed,0.0067,0.358209,slower
np.modf(a) (float64),Unary,float64,100000,,0.7703,0.2979,available,,not_measured,managed,0.2979,2.585767,faster
np.modf(a) (float64),Unary,float64,10000000,,46.4499,81.9793,available,,not_measured,managed,81.9793,0.566605,slower
np.negative(a) (float16),Unary,float16,1000,,0.0007,0.0025,available,,not_measured,managed,0.0025,0.28,negligible
np.negative(a) (float16),Unary,float16,100000,,0.0589,0.0551,available,,not_measured,managed,0.0551,1.068966,faster
np.negative(a) (float16),Unary,float16,10000000,,4.8127,7.3521,available,,not_measured,managed,7.3521,0.654602,slower
np.negative(a) (float32),Unary,float32,1000,,0.0005,0.0022,available,,not_measured,managed,0.0022,0.227273,negligible
np.negative(a) (float32),Unary,float32,100000,,0.0142,0.0556,available,,not_measured,managed,0.0556,0.255396,much_slower
np.negative(a) (float32),Unary,float32,10000000,,7.892,9.5495,available,,not_measured,managed,9.5495,0.826431,close
np.negative(a) (float64),Unary,float64,1000,,0.0005,0.0027,available,,not_measured,managed,0.0027,0.185185,negligible
np.negative(a) (float64),Unary,float64,100000,,0.0257,0.1232,available,,not_measured,managed,0.1232,0.208604,much_slower
np.negative(a) (float64),Unary,float64,10000000,,16.0672,19.9179,available,,not_measured,managed,19.9179,0.806671,close
np.positive(a) (float16),Unary,float16,1000,,0.0006,0.0014,available,,not_measured,managed,0.0014,0.428571,negligible
np.positive(a) (float16),Unary,float16,100000,,0.0396,0.0268,available,,not_measured,managed,0.0268,1.477612,faster
np.positive(a) (float16),Unary,float16,10000000,,4.2198,3.6901,available,,not_measured,managed,3.6901,1.143546,faster
np.positive(a) (float32),Unary,float32,1000,,0.0006,0.0018,available,,not_measured,managed,0.0018,0.333333,negligible
np.positive(a) (float32),Unary,float32,100000,,0.0297,0.051,available,,not_measured,managed,0.051,0.582353,slower
np.positive(a) (float32),Unary,float32,10000000,,7.7702,6.144,available,,not_measured,managed,6.144,1.264681,faster
np.positive(a) (float64),Unary,float64,1000,,0.0007,0.003,available,,not_measured,managed,0.003,0.233333,negligible
np.positive(a) (float64),Unary,float64,100000,,0.0401,0.1054,available,,not_measured,managed,0.1054,0.380455,slower
np.positive(a) (float64),Unary,float64,10000000,,15.3917,14.4107,available,,not_measured,managed,14.4107,1.068074,faster
"np.power(a, 0.5) (float16)",Unary,float16,1000,,0.0091,0.0077,available,,not_measured,managed,0.0077,1.181818,faster
"np.power(a, 0.5) (float16)",Unary,float16,100000,,0.8154,0.6636,available,,not_measured,managed,0.6636,1.228752,faster
"np.power(a, 0.5) (float16)",Unary,float16,10000000,,187.077,65.7102,available,,not_measured,managed,65.7102,2.847001,faster
"np.power(a, 0.5) (float32)",Unary,float32,1000,,0.002,0.0045,available,,not_measured,managed,0.0045,0.444444,slower
"np.power(a, 0.5) (float32)",Unary,float32,100000,,0.1272,0.0761,available,,not_measured,managed,0.0761,1.671485,faster
"np.power(a, 0.5) (float32)",Unary,float32,10000000,,15.848,8.6266,available,,not_measured,managed,8.6266,1.837108,faster
"np.power(a, 0.5) (float64)",Unary,float64,1000,,0.0021,0.0058,available,,not_measured,managed,0.0058,0.362069,slower
"np.power(a, 0.5) (float64)",Unary,float64,100000,,0.7497,0.3028,available,,not_measured,managed,0.3028,2.475892,faster
"np.power(a, 0.5) (float64)",Unary,float64,10000000,,24.1859,34.6539,available,,not_measured,managed,34.6539,0.697927,slower
"np.power(a, 2) (float16)",Unary,float16,1000,,0.0102,0.0107,available,,not_measured,managed,0.0107,0.953271,close
"np.power(a, 2) (float16)",Unary,float16,100000,,1.0451,0.9377,available,,not_measured,managed,0.9377,1.114536,faster
"np.power(a, 2) (float16)",Unary,float16,10000000,,224.3357,92.0102,available,,not_measured,managed,92.0102,2.438161,faster
"np.power(a, 2) (float32)",Unary,float32,1000,,0.0023,0.0039,available,,not_measured,managed,0.0039,0.589744,slower
"np.power(a, 2) (float32)",Unary,float32,100000,,0.1604,0.0567,available,,not_measured,managed,0.0567,2.828924,faster
"np.power(a, 2) (float32)",Unary,float32,10000000,,18.6658,10.1392,available,,not_measured,managed,10.1392,1.840954,faster
"np.power(a, 2) (float64)",Unary,float64,1000,,0.0023,0.0047,available,,not_measured,managed,0.0047,0.489362,slower
"np.power(a, 2) (float64)",Unary,float64,100000,,0.2382,0.1147,available,,not_measured,managed,0.1147,2.076722,faster
"np.power(a, 2) (float64)",Unary,float64,10000000,,23.1138,22.4176,available,,not_measured,managed,22.4176,1.031056,close
"np.power(a, 3) (float16)",Unary,float16,1000,,0.0118,0.0357,available,,not_measured,managed,0.0357,0.330532,slower
"np.power(a, 3) (float16)",Unary,float16,100000,,1.4809,4.3412,available,,not_measured,managed,4.3412,0.341127,slower
"np.power(a, 3) (float16)",Unary,float16,10000000,,279.002,405.5648,available,,not_measured,managed,405.5648,0.687934,slower
"np.power(a, 3) (float32)",Unary,float32,1000,,0.0059,0.0141,available,,not_measured,managed,0.0141,0.41844,slower
"np.power(a, 3) (float32)",Unary,float32,100000,,0.6819,1.3487,available,,not_measured,managed,1.3487,0.505598,slower
"np.power(a, 3) (float32)",Unary,float32,10000000,,71.521,131.1496,available,,not_measured,managed,131.1496,0.545339,slower
"np.power(a, 3) (float64)",Unary,float64,1000,,0.0101,0.0231,available,,not_measured,managed,0.0231,0.437229,slower
"np.power(a, 3) (float64)",Unary,float64,100000,,2.458,2.0608,available,,not_measured,managed,2.0608,1.192741,faster
"np.power(a, 3) (float64)",Unary,float64,10000000,,115.963,209.2461,available,,not_measured,managed,209.2461,0.554194,slower
np.rad2deg(a) (float16),Unary,float16,1000,,0.0049,0.0075,available,,not_measured,managed,0.0075,0.653333,slower
np.rad2deg(a) (float16),Unary,float16,100000,,0.4033,0.7071,available,,not_measured,managed,0.7071,0.570358,slower
np.rad2deg(a) (float16),Unary,float16,10000000,,39.4497,37.7264,available,,not_measured,managed,37.7264,1.045679,close
np.rad2deg(a) (float32),Unary,float32,1000,,0.0012,0.0013,available,,not_measured,managed,0.0013,0.923077,close
np.rad2deg(a) (float32),Unary,float32,100000,,0.125,0.0271,available,,not_measured,managed,0.0271,4.612546,faster
np.rad2deg(a) (float32),Unary,float32,10000000,,15.586,4.16,available,,not_measured,managed,4.16,3.746635,faster
np.rad2deg(a) (float64),Unary,float64,1000,,0.0014,0.0026,available,,not_measured,managed,0.0026,0.538462,slower
np.rad2deg(a) (float64),Unary,float64,100000,,0.1215,0.0573,available,,not_measured,managed,0.0573,2.120419,faster
np.rad2deg(a) (float64),Unary,float64,10000000,,18.8245,14.4298,available,,not_measured,managed,14.4298,1.304557,faster
np.radians(a) (float16),Unary,float16,1000,,0.0052,0.0079,available,,not_measured,managed,0.0079,0.658228,slower
np.radians(a) (float16),Unary,float16,100000,,0.3876,0.6991,available,,not_measured,managed,0.6991,0.554427,slower
np.radians(a) (float16),Unary,float16,10000000,,37.6271,37.5809,available,,not_measured,managed,37.5809,1.001229,close
np.radians(a) (float32),Unary,float32,1000,,0.0012,0.0027,available,,not_measured,managed,0.0027,0.444444,slower
np.radians(a) (float32),Unary,float32,100000,,0.1216,0.0315,available,,not_measured,managed,0.0315,3.860317,faster
np.radians(a) (float32),Unary,float32,10000000,,14.8606,7.48,available,,not_measured,managed,7.48,1.986711,faster
np.radians(a) (float64),Unary,float64,1000,,0.0014,0.0029,available,,not_measured,managed,0.0029,0.482759,slower
np.radians(a) (float64),Unary,float64,100000,,0.127,0.0594,available,,not_measured,managed,0.0594,2.138047,faster
np.radians(a) (float64),Unary,float64,10000000,,18.2581,14.6615,available,,not_measured,managed,14.6615,1.245309,faster
np.real(a) (float16),Unary,float16,1000,,0.0002,0.0,available,,not_measured,managed,0.0,,no_data
np.real(a) (float16),Unary,float16,100000,,0.0002,0.0,available,,not_measured,managed,0.0,,no_data
np.real(a) (float16),Unary,float16,10000000,,0.0002,0.0,available,,not_measured,managed,0.0,,no_data
np.real(a) (float32),Unary,float32,1000,,0.0002,0.0,available,,not_measured,managed,0.0,,no_data
np.real(a) (float32),Unary,float32,100000,,0.0003,0.0,available,,not_measured,managed,0.0,,no_data
np.real(a) (float32),Unary,float32,10000000,,0.0002,0.0,available,,not_measured,managed,0.0,,no_data
np.real(a) (float64),Unary,float64,1000,,0.0002,0.0,available,,not_measured,managed,0.0,,no_data
np.real(a) (float64),Unary,float64,100000,,0.0003,0.0,available,,not_measured,managed,0.0,,no_data
np.real(a) (float64),Unary,float64,10000000,,0.0002,0.0,available,,not_measured,managed,0.0,,no_data
np.reciprocal(a) (float16),Unary,float16,1000,,0.0025,0.0081,available,,not_measured,managed,0.0081,0.308642,much_slower
np.reciprocal(a) (float16),Unary,float16,100000,,0.4882,0.7684,available,,not_measured,managed,0.7684,0.635346,slower
np.reciprocal(a) (float16),Unary,float16,10000000,,26.5827,78.6298,available,,not_measured,managed,78.6298,0.338074,slower
np.reciprocal(a) (float32),Unary,float32,1000,,0.0005,0.0024,available,,not_measured,managed,0.0024,0.208333,negligible
np.reciprocal(a) (float32),Unary,float32,100000,,0.0634,0.0645,available,,not_measured,managed,0.0645,0.982946,close
np.reciprocal(a) (float32),Unary,float32,10000000,,7.3486,9.1301,available,,not_measured,managed,9.1301,0.804876,close
np.reciprocal(a) (float64),Unary,float64,1000,,0.0008,0.0028,available,,not_measured,managed,0.0028,0.285714,negligible
np.reciprocal(a) (float64),Unary,float64,100000,,0.2031,0.2015,available,,not_measured,managed,0.2015,1.00794,close
np.reciprocal(a) (float64),Unary,float64,10000000,,15.5565,24.514,available,,not_measured,managed,24.514,0.634597,slower
np.rint(a) (float16),Unary,float16,1000,,0.0053,0.0082,available,,not_measured,managed,0.0082,0.646341,slower
np.rint(a) (float16),Unary,float16,100000,,0.493,0.5072,available,,not_measured,managed,0.5072,0.972003,close
np.rint(a) (float16),Unary,float16,10000000,,51.6564,50.1083,available,,not_measured,managed,50.1083,1.030895,close
np.rint(a) (float32),Unary,float32,1000,,0.0005,0.0016,available,,not_measured,managed,0.0016,0.3125,negligible
np.rint(a) (float32),Unary,float32,100000,,0.0161,0.0277,available,,not_measured,managed,0.0277,0.581227,slower
np.rint(a) (float32),Unary,float32,10000000,,11.4474,6.9712,available,,not_measured,managed,6.9712,1.642099,faster
np.rint(a) (float64),Unary,float64,1000,,0.0005,0.0029,available,,not_measured,managed,0.0029,0.172414,negligible
np.rint(a) (float64),Unary,float64,100000,,0.0445,0.0531,available,,not_measured,managed,0.0531,0.838041,close
np.rint(a) (float64),Unary,float64,10000000,,20.7734,14.4474,available,,not_measured,managed,14.4474,1.437864,faster
np.round(a) (float16),Unary,float16,1000,,0.006,0.0083,available,,not_measured,managed,0.0083,0.722892,slower
np.round(a) (float16),Unary,float16,100000,,0.4979,0.4994,available,,not_measured,managed,0.4994,0.996996,close
np.round(a) (float16),Unary,float16,10000000,,47.4602,49.855,available,,not_measured,managed,49.855,0.951965,close
np.round(a) (float32),Unary,float32,1000,,0.001,0.0019,available,,not_measured,managed,0.0019,0.526316,slower
np.round(a) (float32),Unary,float32,100000,,0.0313,0.0267,available,,not_measured,managed,0.0267,1.172285,faster
np.round(a) (float32),Unary,float32,10000000,,10.2383,7.0128,available,,not_measured,managed,7.0128,1.459945,faster
np.round(a) (float64),Unary,float64,1000,,0.0011,0.0029,available,,not_measured,managed,0.0029,0.37931,slower
np.round(a) (float64),Unary,float64,100000,,0.0402,0.0536,available,,not_measured,managed,0.0536,0.75,slower
np.round(a) (float64),Unary,float64,10000000,,16.0451,14.2465,available,,not_measured,managed,14.2465,1.126249,faster
np.sign (float16),Unary,float16,1000,,0.0014,0.0078,available,,not_measured,managed,0.0078,0.179487,much_slower
np.sign (float16),Unary,float16,100000,,0.086,1.0024,available,,not_measured,managed,1.0024,0.085794,much_slower
np.sign (float16),Unary,float16,10000000,,19.8273,103.04,available,,not_measured,managed,103.04,0.192423,much_slower
np.sign (float32),Unary,float32,1000,,0.0011,0.0029,available,,not_measured,managed,0.0029,0.37931,slower
np.sign (float32),Unary,float32,100000,,0.3307,0.5929,available,,not_measured,managed,0.5929,0.557767,slower
np.sign (float32),Unary,float32,10000000,,37.4244,63.0946,available,,not_measured,managed,63.0946,0.593147,slower
np.sign (float64),Unary,float64,1000,,0.0011,0.0032,available,,not_measured,managed,0.0032,0.34375,slower
np.sign (float64),Unary,float64,100000,,0.4773,0.6162,available,,not_measured,managed,0.6162,0.774586,slower
np.sign (float64),Unary,float64,10000000,,50.6094,67.3471,available,,not_measured,managed,67.3471,0.751471,slower
np.sin (float16),Unary,float16,1000,,0.0098,0.0168,available,,not_measured,managed,0.0168,0.583333,slower
np.sin (float16),Unary,float16,100000,,0.9837,1.9105,available,,not_measured,managed,1.9105,0.514891,slower
np.sin (float16),Unary,float16,10000000,,177.2588,198.9163,available,,not_measured,managed,198.9163,0.891123,close
np.sin (float32),Unary,float32,1000,,0.0014,0.0035,available,,not_measured,managed,0.0035,0.4,slower
np.sin (float32),Unary,float32,100000,,0.0765,0.2741,available,,not_measured,managed,0.2741,0.279095,much_slower
np.sin (float32),Unary,float32,10000000,,12.6018,27.3915,available,,not_measured,managed,27.3915,0.460062,slower
np.sin (float64),Unary,float64,1000,,0.0051,0.0117,available,,not_measured,managed,0.0117,0.435897,slower
np.sin (float64),Unary,float64,100000,,1.4993,1.229,available,,not_measured,managed,1.229,1.219935,faster
np.sin (float64),Unary,float64,10000000,,89.554,137.2392,available,,not_measured,managed,137.2392,0.65254,slower
np.sinh(a) (float16),Unary,float16,1000,,0.0085,0.0225,available,,not_measured,managed,0.0225,0.377778,slower
np.sinh(a) (float16),Unary,float16,100000,,1.024,1.1799,available,,not_measured,managed,1.1799,0.86787,close
np.sinh(a) (float16),Unary,float16,10000000,,178.8938,119.8326,available,,not_measured,managed,119.8326,1.492864,faster
np.sinh(a) (float32),Unary,float32,1000,,0.0041,0.0119,available,,not_measured,managed,0.0119,0.344538,slower
np.sinh(a) (float32),Unary,float32,100000,,0.7115,1.2521,available,,not_measured,managed,1.2521,0.568245,slower
np.sinh(a) (float32),Unary,float32,10000000,,88.4625,65.707,available,,not_measured,managed,65.707,1.346318,faster
np.sinh(a) (float64),Unary,float64,1000,,0.0047,0.0131,available,,not_measured,managed,0.0131,0.358779,slower
np.sinh(a) (float64),Unary,float64,100000,,1.4016,0.6481,available,,not_measured,managed,0.6481,2.162629,faster
np.sinh(a) (float64),Unary,float64,10000000,,72.0906,70.3393,available,,not_measured,managed,70.3393,1.024898,close
np.sqrt (float16),Unary,float16,1000,,0.0047,0.0073,available,,not_measured,managed,0.0073,0.643836,slower
np.sqrt (float16),Unary,float16,100000,,0.425,0.7132,available,,not_measured,managed,0.7132,0.595906,slower
np.sqrt (float16),Unary,float16,10000000,,53.4152,66.3762,available,,not_measured,managed,66.3762,0.804734,close
np.sqrt (float32),Unary,float32,1000,,0.0007,0.0024,available,,not_measured,managed,0.0024,0.291667,negligible
np.sqrt (float32),Unary,float32,100000,,0.0151,0.0784,available,,not_measured,managed,0.0784,0.192602,much_slower
np.sqrt (float32),Unary,float32,10000000,,10.7082,8.4158,available,,not_measured,managed,8.4158,1.272392,faster
np.sqrt (float64),Unary,float64,1000,,0.0013,0.0055,available,,not_measured,managed,0.0055,0.236364,much_slower
np.sqrt (float64),Unary,float64,100000,,0.3301,0.2977,available,,not_measured,managed,0.2977,1.108834,faster
np.sqrt (float64),Unary,float64,10000000,,20.673,35.629,available,,not_measured,managed,35.629,0.58023,slower
np.square(a) (float16),Unary,float16,1000,,0.0025,0.0093,available,,not_measured,managed,0.0093,0.268817,much_slower
np.square(a) (float16),Unary,float16,100000,,0.4637,0.859,available,,not_measured,managed,0.859,0.539814,slower
np.square(a) (float16),Unary,float16,10000000,,23.223,90.4239,available,,not_measured,managed,90.4239,0.256824,much_slower
np.square(a) (float32),Unary,float32,1000,,0.0005,0.0022,available,,not_measured,managed,0.0022,0.227273,negligible
np.square(a) (float32),Unary,float32,100000,,0.014,0.0607,available,,not_measured,managed,0.0607,0.230643,much_slower
np.square(a) (float32),Unary,float32,10000000,,7.2612,8.9048,available,,not_measured,managed,8.9048,0.815425,close
np.square(a) (float64),Unary,float64,1000,,0.0005,0.003,available,,not_measured,managed,0.003,0.166667,negligible
np.square(a) (float64),Unary,float64,100000,,0.0244,0.1038,available,,not_measured,managed,0.1038,0.235067,much_slower
np.square(a) (float64),Unary,float64,10000000,,14.9618,21.3191,available,,not_measured,managed,21.3191,0.701803,slower
np.tan (float16),Unary,float16,1000,,0.0074,0.0172,available,,not_measured,managed,0.0172,0.430233,slower
np.tan (float16),Unary,float16,100000,,0.9759,1.9277,available,,not_measured,managed,1.9277,0.506251,slower
np.tan (float16),Unary,float16,10000000,,173.1065,198.6763,available,,not_measured,managed,198.6763,0.871299,close
np.tan (float32),Unary,float32,1000,,0.0036,0.0096,available,,not_measured,managed,0.0096,0.375,slower
np.tan (float32),Unary,float32,100000,,0.6753,1.1376,available,,not_measured,managed,1.1376,0.593618,slower
np.tan (float32),Unary,float32,10000000,,77.8829,118.2217,available,,not_measured,managed,118.2217,0.658787,slower
np.tan (float64),Unary,float64,1000,,0.005,0.0127,available,,not_measured,managed,0.0127,0.393701,slower
np.tan (float64),Unary,float64,100000,,2.0172,1.5464,available,,not_measured,managed,1.5464,1.304449,faster
np.tan (float64),Unary,float64,10000000,,169.5651,162.3607,available,,not_measured,managed,162.3607,1.044373,close
np.tanh(a) (float16),Unary,float16,1000,,0.0102,0.0217,available,,not_measured,managed,0.0217,0.470046,slower
np.tanh(a) (float16),Unary,float16,100000,,1.0606,1.8587,available,,not_measured,managed,1.8587,0.570614,slower
np.tanh(a) (float16),Unary,float16,10000000,,190.9456,109.0487,available,,not_measured,managed,109.0487,1.751012,faster
np.tanh(a) (float32),Unary,float32,1000,,0.0018,0.0027,available,,not_measured,managed,0.0027,0.666667,slower
np.tanh(a) (float32),Unary,float32,100000,,0.1349,0.3827,available,,not_measured,managed,0.3827,0.352495,slower
np.tanh(a) (float32),Unary,float32,10000000,,18.8822,8.2901,available,,not_measured,managed,8.2901,2.277681,faster
np.tanh(a) (float64),Unary,float64,1000,,0.007,0.0091,available,,not_measured,managed,0.0091,0.769231,slower
np.tanh(a) (float64),Unary,float64,100000,,2.8354,0.3083,available,,not_measured,managed,0.3083,9.196886,faster
np.tanh(a) (float64),Unary,float64,10000000,,75.9837,35.6937,available,,not_measured,managed,35.6937,2.128771,faster
np.trunc(a) (float16),Unary,float16,1000,,0.005,0.0072,available,,not_measured,managed,0.0072,0.694444,slower
np.trunc(a) (float16),Unary,float16,100000,,0.4986,0.6354,available,,not_measured,managed,0.6354,0.784703,slower
np.trunc(a) (float16),Unary,float16,10000000,,44.2132,62.0921,available,,not_measured,managed,62.0921,0.712058,slower
np.trunc(a) (float32),Unary,float32,1000,,0.0005,0.0023,available,,not_measured,managed,0.0023,0.217391,negligible
np.trunc(a) (float32),Unary,float32,100000,,0.014,0.0586,available,,not_measured,managed,0.0586,0.238908,much_slower
np.trunc(a) (float32),Unary,float32,10000000,,7.5356,8.9763,available,,not_measured,managed,8.9763,0.8395,close
np.trunc(a) (float64),Unary,float64,1000,,0.0005,0.0026,available,,not_measured,managed,0.0026,0.192308,negligible
np.trunc(a) (float64),Unary,float64,100000,,0.027,0.1011,available,,not_measured,managed,0.1011,0.267062,much_slower
np.trunc(a) (float64),Unary,float64,10000000,,15.7334,19.3973,available,,not_measured,managed,19.3973,0.811113,close
