bench	key	ns_ms	np_ms
reduce_layout_bench	100K|f64|C|sum|ax0	0.0206175	0.01664
reduce_layout_bench	100K|f64|C|sum|ax1	0.021728	0.0200895
reduce_layout_bench	100K|f64|C|min|ax0	0.0183735	0.0260755
reduce_layout_bench	100K|f64|C|min|ax1	0.026966999999999998	0.0199345
reduce_layout_bench	100K|f64|C|max|ax0	0.0222055	0.01455
reduce_layout_bench	100K|f64|C|max|ax1	0.026383999999999998	0.019233
reduce_layout_bench	100K|f64|C|prod|ax0	0.0100075	0.0110565
reduce_layout_bench	100K|f64|C|prod|ax1	0.0058245	0.06282
reduce_layout_bench	100K|f64|F|sum|ax0	0.022843	0.0190295
reduce_layout_bench	100K|f64|F|sum|ax1	0.018402	0.0131295
reduce_layout_bench	100K|f64|F|min|ax0	0.027479	0.02407
reduce_layout_bench	100K|f64|F|min|ax1	0.019158500000000002	0.018969
reduce_layout_bench	100K|f64|F|max|ax0	0.0245015	0.034742
reduce_layout_bench	100K|f64|F|max|ax1	0.0177145	0.0165265
reduce_layout_bench	100K|f64|F|prod|ax0	0.0064145	0.0651375
reduce_layout_bench	100K|f64|F|prod|ax1	0.0102475	0.0127605
reduce_layout_bench	100K|f64|T|sum|ax0	0.020998000000000003	0.0205865
reduce_layout_bench	100K|f64|T|sum|ax1	0.0209645	0.0104265
reduce_layout_bench	100K|f64|T|min|ax0	0.024873500000000003	0.019443
reduce_layout_bench	100K|f64|T|min|ax1	0.018096	0.0163705
reduce_layout_bench	100K|f64|T|max|ax0	0.024797	0.0192575
reduce_layout_bench	100K|f64|T|max|ax1	0.0186965	0.0147235
reduce_layout_bench	100K|f64|T|prod|ax0	0.0060565	0.0635385
reduce_layout_bench	100K|f64|T|prod|ax1	0.012796499999999999	0.012246
reduce_layout_bench	100K|f64|strided|sum|ax0	0.0335075	0.0208025
reduce_layout_bench	100K|f64|strided|sum|ax1	0.024249	0.0130085
reduce_layout_bench	100K|f64|strided|min|ax0	0.04452	0.0200215
reduce_layout_bench	100K|f64|strided|min|ax1	0.07474549999999999	0.0359705
reduce_layout_bench	100K|f64|strided|max|ax0	0.04545950000000001	0.0169885
reduce_layout_bench	100K|f64|strided|max|ax1	0.07593950000000001	0.026173
reduce_layout_bench	100K|f64|strided|prod|ax0	0.025484	0.028204
reduce_layout_bench	100K|f64|strided|prod|ax1	0.059728	0.0339535
reduce_layout_bench	100K|f64|negrow|sum|ax0	0.023028499999999997	0.0118865
reduce_layout_bench	100K|f64|negrow|sum|ax1	0.0172695	0.0220265
reduce_layout_bench	100K|f64|negrow|min|ax0	0.022204500000000002	0.015548
reduce_layout_bench	100K|f64|negrow|min|ax1	0.015483499999999999	0.0311765
reduce_layout_bench	100K|f64|negrow|max|ax0	0.0223975	0.0162505
reduce_layout_bench	100K|f64|negrow|max|ax1	0.013330999999999999	0.0192575
reduce_layout_bench	100K|f64|negrow|prod|ax0	0.006745999999999999	0.0110935
reduce_layout_bench	100K|f64|negrow|prod|ax1	0.097734	0.068711
reduce_layout_bench	100K|f64|negcol|sum|ax0	0.048720999999999993	0.0523405
reduce_layout_bench	100K|f64|negcol|sum|ax1	0.0149585	0.039188
reduce_layout_bench	100K|f64|negcol|min|ax0	0.11772500000000001	0.037833
reduce_layout_bench	100K|f64|negcol|min|ax1	0.009985500000000001	0.059862
reduce_layout_bench	100K|f64|negcol|max|ax0	0.1171835	0.033749
reduce_layout_bench	100K|f64|negcol|max|ax1	0.010301499999999998	0.0442865
reduce_layout_bench	100K|f64|negcol|prod|ax0	0.042551500000000006	0.036681
reduce_layout_bench	100K|f64|negcol|prod|ax1	0.0245945	0.069202
reduce_layout_bench	100K|f64|sliced|sum|ax0	0.014384999999999998	0.0165355
reduce_layout_bench	100K|f64|sliced|sum|ax1	0.01343	0.023735
reduce_layout_bench	100K|f64|sliced|min|ax0	0.0232375	0.0287655
reduce_layout_bench	100K|f64|sliced|min|ax1	0.105478	0.02878
reduce_layout_bench	100K|f64|sliced|max|ax0	0.024691	0.0195725
reduce_layout_bench	100K|f64|sliced|max|ax1	0.1028705	0.024448
reduce_layout_bench	100K|f64|sliced|prod|ax0	0.0095655	0.0161315
reduce_layout_bench	100K|f64|sliced|prod|ax1	0.020356	0.0776035
reduce_layout_bench	100K|f64|bcast|sum|ax0	0.010329999999999999	0.0116345
reduce_layout_bench	100K|f64|bcast|sum|ax1	0.0129795	0.017153
reduce_layout_bench	100K|f64|bcast|min|ax0	0.019847999999999998	0.0228605
reduce_layout_bench	100K|f64|bcast|min|ax1	0.009533	0.0195475
reduce_layout_bench	100K|f64|bcast|max|ax0	0.020177	0.013677
reduce_layout_bench	100K|f64|bcast|max|ax1	0.0098015	0.020013
reduce_layout_bench	100K|f64|bcast|prod|ax0	0.0053490000000000005	0.010705
reduce_layout_bench	100K|f64|bcast|prod|ax1	0.040126999999999996	0.068246
reduce_layout_bench	100K|f32|C|sum|ax0	0.008777	0.0084535
reduce_layout_bench	100K|f32|C|sum|ax1	0.013709	0.0179045
reduce_layout_bench	100K|f32|C|min|ax0	0.010516000000000001	0.0127215
reduce_layout_bench	100K|f32|C|min|ax1	0.019663	0.013636
reduce_layout_bench	100K|f32|C|max|ax0	0.010424500000000001	0.01534
reduce_layout_bench	100K|f32|C|max|ax1	0.0186305	0.013789
reduce_layout_bench	100K|f32|C|prod|ax0	0.0053115	0.0093705
reduce_layout_bench	100K|f32|C|prod|ax1	0.0034315	0.0710065
reduce_layout_bench	100K|f32|F|sum|ax0	0.0129345	0.018243
reduce_layout_bench	100K|f32|F|sum|ax1	0.008446500000000001	0.008424
reduce_layout_bench	100K|f32|F|min|ax0	0.018200499999999998	0.013103
reduce_layout_bench	100K|f32|F|min|ax1	0.010043999999999999	0.010472
reduce_layout_bench	100K|f32|F|max|ax0	0.018675	0.013589
reduce_layout_bench	100K|f32|F|max|ax1	0.010201	0.010932
reduce_layout_bench	100K|f32|F|prod|ax0	0.0034484999999999997	0.0678435
reduce_layout_bench	100K|f32|F|prod|ax1	0.005056000000000001	0.009368
reduce_layout_bench	100K|f32|T|sum|ax0	0.0134955	0.0182335
reduce_layout_bench	100K|f32|T|sum|ax1	0.008611	0.0082235
reduce_layout_bench	100K|f32|T|min|ax0	0.019113500000000002	0.013071
reduce_layout_bench	100K|f32|T|min|ax1	0.010462	0.010683
reduce_layout_bench	100K|f32|T|max|ax0	0.0186295	0.0134635
reduce_layout_bench	100K|f32|T|max|ax1	0.0101905	0.0117895
reduce_layout_bench	100K|f32|T|prod|ax0	0.0038374999999999998	0.0708745
reduce_layout_bench	100K|f32|T|prod|ax1	0.0048985	0.0092975
reduce_layout_bench	100K|f32|strided|sum|ax0	0.024667500000000002	0.026801
reduce_layout_bench	100K|f32|strided|sum|ax1	0.014574	0.01439
reduce_layout_bench	100K|f32|strided|min|ax0	0.0428245	0.013676
reduce_layout_bench	100K|f32|strided|min|ax1	0.046212	0.0309555
reduce_layout_bench	100K|f32|strided|max|ax0	0.042276499999999995	0.0234545
reduce_layout_bench	100K|f32|strided|max|ax1	0.044590500000000005	0.0466665
reduce_layout_bench	100K|f32|strided|prod|ax0	0.022588	0.0206825
reduce_layout_bench	100K|f32|strided|prod|ax1	0.0363155	0.0307095
reduce_layout_bench	100K|f32|negrow|sum|ax0	0.0088295	0.010414
reduce_layout_bench	100K|f32|negrow|sum|ax1	0.0133565	0.018612
reduce_layout_bench	100K|f32|negrow|min|ax0	0.014089	0.010795
reduce_layout_bench	100K|f32|negrow|min|ax1	0.011854499999999999	0.0130885
reduce_layout_bench	100K|f32|negrow|max|ax0	0.0151355	0.013017
reduce_layout_bench	100K|f32|negrow|max|ax1	0.012946500000000001	0.0164855
reduce_layout_bench	100K|f32|negrow|prod|ax0	0.004857	0.0104675
reduce_layout_bench	100K|f32|negrow|prod|ax1	0.0630375	0.0763865
reduce_layout_bench	100K|f32|negcol|sum|ax0	0.043458500000000004	0.0373905
reduce_layout_bench	100K|f32|negcol|sum|ax1	0.0132185	0.0222155
reduce_layout_bench	100K|f32|negcol|min|ax0	0.11362399999999999	0.056082
reduce_layout_bench	100K|f32|negcol|min|ax1	0.010978000000000002	0.04756
reduce_layout_bench	100K|f32|negcol|max|ax0	0.1103485	0.045675
reduce_layout_bench	100K|f32|negcol|max|ax1	0.0114825	0.049496
reduce_layout_bench	100K|f32|negcol|prod|ax0	0.0392715	0.0367435
reduce_layout_bench	100K|f32|negcol|prod|ax1	0.055536	0.062093
reduce_layout_bench	100K|f32|sliced|sum|ax0	0.008376	0.009997
reduce_layout_bench	100K|f32|sliced|sum|ax1	0.013206	0.017545
reduce_layout_bench	100K|f32|sliced|min|ax0	0.0127765	0.0119875
reduce_layout_bench	100K|f32|sliced|min|ax1	0.061708	0.011523
reduce_layout_bench	100K|f32|sliced|max|ax0	0.012944	0.010852
reduce_layout_bench	100K|f32|sliced|max|ax1	0.064081	0.0114555
reduce_layout_bench	100K|f32|sliced|prod|ax0	0.0048985	0.0090585
reduce_layout_bench	100K|f32|sliced|prod|ax1	0.0640515	0.0611985
reduce_layout_bench	100K|f32|bcast|sum|ax0	0.0072965	0.0073815
reduce_layout_bench	100K|f32|bcast|sum|ax1	0.0135575	0.015706
reduce_layout_bench	100K|f32|bcast|min|ax0	0.013009999999999999	0.0099205
reduce_layout_bench	100K|f32|bcast|min|ax1	0.010595	0.01203
reduce_layout_bench	100K|f32|bcast|max|ax0	0.013085	0.009895
reduce_layout_bench	100K|f32|bcast|max|ax1	0.0106225	0.012057
reduce_layout_bench	100K|f32|bcast|prod|ax0	0.00395	0.00797
reduce_layout_bench	100K|f32|bcast|prod|ax1	0.0391275	0.0614825
reduce_layout_bench	100K|c128|C|sum|ax0	0.0213425	0.017099
reduce_layout_bench	100K|c128|C|sum|ax1	0.0317495	0.038178
reduce_layout_bench	100K|c128|C|min|ax0	0.19408650000000002	0.148494
reduce_layout_bench	100K|c128|C|min|ax1	0.1855975	0.156818
reduce_layout_bench	100K|c128|C|max|ax0	0.2090385	0.145687
reduce_layout_bench	100K|c128|C|max|ax1	0.1688505	0.156769
reduce_layout_bench	100K|c128|C|prod|ax0	0.14198750000000002	0.053901
reduce_layout_bench	100K|c128|C|prod|ax1	0.180216	0.476056
reduce_layout_bench	100K|c128|F|sum|ax0	0.048831	0.0740885
reduce_layout_bench	100K|c128|F|sum|ax1	0.04600050000000001	0.0526375
reduce_layout_bench	100K|c128|F|min|ax0	0.2067235	0.194258
reduce_layout_bench	100K|c128|F|min|ax1	0.24411349999999998	0.157764
reduce_layout_bench	100K|c128|F|max|ax0	0.168408	0.191843
reduce_layout_bench	100K|c128|F|max|ax1	0.197859	0.163327
reduce_layout_bench	100K|c128|F|prod|ax0	0.19734649999999998	0.470895
reduce_layout_bench	100K|c128|F|prod|ax1	0.148057	0.062013
reduce_layout_bench	100K|c128|T|sum|ax0	0.054204999999999996	0.051432
reduce_layout_bench	100K|c128|T|sum|ax1	0.043567	0.042507
reduce_layout_bench	100K|c128|T|min|ax0	0.2083865	0.193474
reduce_layout_bench	100K|c128|T|min|ax1	0.19111699999999998	0.160505
reduce_layout_bench	100K|c128|T|max|ax0	0.122066	0.187805
reduce_layout_bench	100K|c128|T|max|ax1	0.19775849999999998	0.161168
reduce_layout_bench	100K|c128|T|prod|ax0	0.18823350000000003	0.433944
reduce_layout_bench	100K|c128|T|prod|ax1	0.125929	0.061503
reduce_layout_bench	100K|c128|strided|sum|ax0	0.0414775	0.041678
reduce_layout_bench	100K|c128|strided|sum|ax1	0.032974	0.036216
reduce_layout_bench	100K|c128|strided|min|ax0	0.118026	0.082618
reduce_layout_bench	100K|c128|strided|min|ax1	0.10527900000000001	0.0964795
reduce_layout_bench	100K|c128|strided|max|ax0	0.1042875	0.0863815
reduce_layout_bench	100K|c128|strided|max|ax1	0.0882925	0.096043
reduce_layout_bench	100K|c128|strided|prod|ax0	0.0737945	0.045339
reduce_layout_bench	100K|c128|strided|prod|ax1	0.09935650000000001	0.229161
reduce_layout_bench	100K|c128|negrow|sum|ax0	0.042878	0.0495015
reduce_layout_bench	100K|c128|negrow|sum|ax1	0.052651	0.0550695
reduce_layout_bench	100K|c128|negrow|min|ax0	0.24009450000000002	0.152416
reduce_layout_bench	100K|c128|negrow|min|ax1	0.2041305	0.191672
reduce_layout_bench	100K|c128|negrow|max|ax0	0.195835	0.157907
reduce_layout_bench	100K|c128|negrow|max|ax1	0.1770585	0.185937
reduce_layout_bench	100K|c128|negrow|prod|ax0	0.1468515	0.0643645
reduce_layout_bench	100K|c128|negrow|prod|ax1	0.1918	0.469618
reduce_layout_bench	100K|c128|negcol|sum|ax0	0.0782355	0.0772185
reduce_layout_bench	100K|c128|negcol|sum|ax1	0.0512035	0.061645
reduce_layout_bench	100K|c128|negcol|min|ax0	0.2358045	0.162944
reduce_layout_bench	100K|c128|negcol|min|ax1	0.196403	0.198162
reduce_layout_bench	100K|c128|negcol|max|ax0	0.19860350000000002	0.164072
reduce_layout_bench	100K|c128|negcol|max|ax1	0.164632	0.192083
reduce_layout_bench	100K|c128|negcol|prod|ax0	0.14490550000000002	0.089358
reduce_layout_bench	100K|c128|negcol|prod|ax1	0.1971985	0.463923
reduce_layout_bench	100K|c128|sliced|sum|ax0	0.042223	0.0416605
reduce_layout_bench	100K|c128|sliced|sum|ax1	0.048884	0.057383
reduce_layout_bench	100K|c128|sliced|min|ax0	0.233646	0.16179
reduce_layout_bench	100K|c128|sliced|min|ax1	0.2024305	0.185747
reduce_layout_bench	100K|c128|sliced|max|ax0	0.196084	0.15922
reduce_layout_bench	100K|c128|sliced|max|ax1	0.1749455	0.190727
reduce_layout_bench	100K|c128|sliced|prod|ax0	0.140602	0.0603915
reduce_layout_bench	100K|c128|sliced|prod|ax1	0.19845600000000002	0.457707
reduce_layout_bench	100K|c128|bcast|sum|ax0	0.0335555	0.03503
reduce_layout_bench	100K|c128|bcast|sum|ax1	0.0439895	0.050532
reduce_layout_bench	100K|c128|bcast|min|ax0	0.25717300000000004	0.160047
reduce_layout_bench	100K|c128|bcast|min|ax1	0.19862300000000002	0.186254
reduce_layout_bench	100K|c128|bcast|max|ax0	0.259362	0.160415
reduce_layout_bench	100K|c128|bcast|max|ax1	0.16532699999999997	0.186961
reduce_layout_bench	100K|c128|bcast|prod|ax0	0.13664949999999998	0.0646285
reduce_layout_bench	100K|c128|bcast|prod|ax1	0.1894435	0.478909
reduce_layout_bench	100K|dec|C|sum|ax0	0.805557	0.0253115
reduce_layout_bench	100K|dec|C|sum|ax1	0.447611	0.0338775
reduce_layout_bench	100K|dec|C|min|ax0	0.345522	0.0435795
reduce_layout_bench	100K|dec|C|min|ax1	0.2574755	0.058728
reduce_layout_bench	100K|dec|C|max|ax0	0.354453	0.0421945
reduce_layout_bench	100K|dec|C|max|ax1	0.2756995	0.057817
reduce_layout_bench	100K|dec|F|sum|ax0	0.4495715	0.034711
reduce_layout_bench	100K|dec|F|sum|ax1	0.785809	0.02638
reduce_layout_bench	100K|dec|F|min|ax0	0.26932649999999997	0.0578705
reduce_layout_bench	100K|dec|F|min|ax1	0.34421149999999995	0.04278
reduce_layout_bench	100K|dec|F|max|ax0	0.2687395	0.0592935
reduce_layout_bench	100K|dec|F|max|ax1	0.354086	0.043891
reduce_layout_bench	100K|dec|T|sum|ax0	0.44678199999999996	0.033875
reduce_layout_bench	100K|dec|T|sum|ax1	0.7805599999999999	0.026886
reduce_layout_bench	100K|dec|T|min|ax0	0.22219	0.063684
reduce_layout_bench	100K|dec|T|min|ax1	0.32533949999999995	0.043495
reduce_layout_bench	100K|dec|T|max|ax0	0.2536465	0.0581345
reduce_layout_bench	100K|dec|T|max|ax1	0.34732399999999997	0.0437515
reduce_layout_bench	100K|dec|strided|sum|ax0	0.4043645	0.038474
reduce_layout_bench	100K|dec|strided|sum|ax1	0.2298115	0.021646
reduce_layout_bench	100K|dec|strided|min|ax0	0.177365	0.0411145
reduce_layout_bench	100K|dec|strided|min|ax1	0.134059	0.0721045
reduce_layout_bench	100K|dec|strided|max|ax0	0.18736650000000002	0.041322
reduce_layout_bench	100K|dec|strided|max|ax1	0.128703	0.066299
reduce_layout_bench	100K|dec|negrow|sum|ax0	0.7848350000000001	0.027435
reduce_layout_bench	100K|dec|negrow|sum|ax1	0.448855	0.035488
reduce_layout_bench	100K|dec|negrow|min|ax0	0.305645	0.045431
reduce_layout_bench	100K|dec|negrow|min|ax1	0.26638850000000003	0.0617855
reduce_layout_bench	100K|dec|negrow|max|ax0	0.3522915	0.045802
reduce_layout_bench	100K|dec|negrow|max|ax1	0.2714185	0.062153
reduce_layout_bench	100K|dec|negcol|sum|ax0	0.8040835	0.069507
reduce_layout_bench	100K|dec|negcol|sum|ax1	0.44541400000000003	0.0350405
reduce_layout_bench	100K|dec|negcol|min|ax0	0.3513635	0.072213
reduce_layout_bench	100K|dec|negcol|min|ax1	0.2638895	0.114808
reduce_layout_bench	100K|dec|negcol|max|ax0	0.36415	0.071031
reduce_layout_bench	100K|dec|negcol|max|ax1	0.2769345	0.115994
reduce_layout_bench	100K|dec|sliced|sum|ax0	0.781729	0.0269145
reduce_layout_bench	100K|dec|sliced|sum|ax1	0.441708	0.0318965
reduce_layout_bench	100K|dec|sliced|min|ax0	0.2906915	0.0448315
reduce_layout_bench	100K|dec|sliced|min|ax1	0.25464200000000003	0.0527395
reduce_layout_bench	100K|dec|sliced|max|ax0	0.346294	0.0428835
reduce_layout_bench	100K|dec|sliced|max|ax1	0.2717415	0.0531435
reduce_layout_bench	100K|dec|bcast|sum|ax0	0.7929784999999999	0.022167
reduce_layout_bench	100K|dec|bcast|sum|ax1	0.44032899999999997	0.025396
reduce_layout_bench	100K|dec|bcast|min|ax0	0.34728299999999995	0.041088
reduce_layout_bench	100K|dec|bcast|min|ax1	0.254201	0.053502
reduce_layout_bench	100K|dec|bcast|max|ax0	0.340822	0.040879
reduce_layout_bench	100K|dec|bcast|max|ax1	0.2704535	0.053906
reduce_layout_bench	100K|f16|C|sum|ax0	0.31149550000000004	0.712734
reduce_layout_bench	100K|f16|C|sum|ax1	0.08585599999999999	0.267907
reduce_layout_bench	100K|f16|C|min|ax0	0.3199825	0.338987
reduce_layout_bench	100K|f16|C|min|ax1	0.35009500000000005	0.339714
reduce_layout_bench	100K|f16|C|max|ax0	0.339152	0.364423
reduce_layout_bench	100K|f16|C|max|ax1	0.3427435	0.376735
reduce_layout_bench	100K|f16|C|prod|ax0	0.7902125	0.779317
reduce_layout_bench	100K|f16|C|prod|ax1	0.7795340000000001	0.213404
reduce_layout_bench	100K|f16|F|sum|ax0	0.07753199999999999	0.271978
reduce_layout_bench	100K|f16|F|sum|ax1	0.0657455	0.696902
reduce_layout_bench	100K|f16|F|min|ax0	0.2790895	0.337677
reduce_layout_bench	100K|f16|F|min|ax1	0.347504	0.333682
reduce_layout_bench	100K|f16|F|max|ax0	0.34570300000000004	0.356789
reduce_layout_bench	100K|f16|F|max|ax1	0.33917299999999995	0.366824
reduce_layout_bench	100K|f16|F|prod|ax0	0.715993	0.217827
reduce_layout_bench	100K|f16|F|prod|ax1	0.798291	0.772464
reduce_layout_bench	100K|f16|T|sum|ax0	0.08698650000000001	0.253926
reduce_layout_bench	100K|f16|T|sum|ax1	0.139629	0.701065
reduce_layout_bench	100K|f16|T|min|ax0	0.3238465	0.333997
reduce_layout_bench	100K|f16|T|min|ax1	0.3429235	0.334144
reduce_layout_bench	100K|f16|T|max|ax0	0.3396635	0.368574
reduce_layout_bench	100K|f16|T|max|ax1	0.346148	0.360809
reduce_layout_bench	100K|f16|T|prod|ax0	0.7963835	0.216054
reduce_layout_bench	100K|f16|T|prod|ax1	0.7671915	0.766532
reduce_layout_bench	100K|f16|strided|sum|ax0	0.6406005	0.362208
reduce_layout_bench	100K|f16|strided|sum|ax1	0.211833	0.133377
reduce_layout_bench	100K|f16|strided|min|ax0	0.1732865	0.174617
reduce_layout_bench	100K|f16|strided|min|ax1	0.166084	0.178083
reduce_layout_bench	100K|f16|strided|max|ax0	0.170545	0.185502
reduce_layout_bench	100K|f16|strided|max|ax1	0.167762	0.191389
reduce_layout_bench	100K|f16|strided|prod|ax0	0.398811	0.390896
reduce_layout_bench	100K|f16|strided|prod|ax1	0.399732	0.114625
reduce_layout_bench	100K|f16|negrow|sum|ax0	0.166683	0.700337
reduce_layout_bench	100K|f16|negrow|sum|ax1	0.087195	0.264685
reduce_layout_bench	100K|f16|negrow|min|ax0	0.3395435	0.337815
reduce_layout_bench	100K|f16|negrow|min|ax1	0.35160850000000005	0.342089
reduce_layout_bench	100K|f16|negrow|max|ax0	0.3458835	0.366754
reduce_layout_bench	100K|f16|negrow|max|ax1	0.341758	0.365887
reduce_layout_bench	100K|f16|negrow|prod|ax0	0.7749465	0.789384
reduce_layout_bench	100K|f16|negrow|prod|ax1	0.7980714999999999	0.21416
reduce_layout_bench	100K|f16|negcol|sum|ax0	1.279699	0.6945
reduce_layout_bench	100K|f16|negcol|sum|ax1	0.08555249999999999	0.262853
reduce_layout_bench	100K|f16|negcol|min|ax0	0.340386	0.360476
reduce_layout_bench	100K|f16|negcol|min|ax1	0.3356225	0.342625
reduce_layout_bench	100K|f16|negcol|max|ax0	0.339283	0.364128
reduce_layout_bench	100K|f16|negcol|max|ax1	0.33951549999999997	0.369028
reduce_layout_bench	100K|f16|negcol|prod|ax0	0.782784	0.784554
reduce_layout_bench	100K|f16|negcol|prod|ax1	0.7813110000000001	0.223563
reduce_layout_bench	100K|f16|sliced|sum|ax0	0.1679195	0.6992
reduce_layout_bench	100K|f16|sliced|sum|ax1	0.08904	0.257478
reduce_layout_bench	100K|f16|sliced|min|ax0	0.343557	0.316701
reduce_layout_bench	100K|f16|sliced|min|ax1	0.3456005	0.336475
reduce_layout_bench	100K|f16|sliced|max|ax0	0.34175449999999996	0.353713
reduce_layout_bench	100K|f16|sliced|max|ax1	0.3345045	0.346128
reduce_layout_bench	100K|f16|sliced|prod|ax0	0.793715	0.740307
reduce_layout_bench	100K|f16|sliced|prod|ax1	0.786754	0.218967
reduce_layout_bench	100K|f16|bcast|sum|ax0	0.171537	0.707318
reduce_layout_bench	100K|f16|bcast|sum|ax1	0.0896165	0.258111
reduce_layout_bench	100K|f16|bcast|min|ax0	0.308496	0.314813
reduce_layout_bench	100K|f16|bcast|min|ax1	0.343304	0.352301
reduce_layout_bench	100K|f16|bcast|max|ax0	0.310702	0.323099
reduce_layout_bench	100K|f16|bcast|max|ax1	0.298655	0.3662
reduce_layout_bench	100K|f16|bcast|prod|ax0	0.8117885	0.790438
reduce_layout_bench	100K|f16|bcast|prod|ax1	0.7491545000000001	0.219445
reduce_layout_bench	100K|i32|C|sum|ax0	0.015382499999999999	0.116054
reduce_layout_bench	100K|i32|C|sum|ax1	0.0100755	0.093827
reduce_layout_bench	100K|i32|C|min|ax0	0.010337	0.0177845
reduce_layout_bench	100K|i32|C|min|ax1	0.0076695	0.0178995
reduce_layout_bench	100K|i32|C|max|ax0	0.010509	0.017255
reduce_layout_bench	100K|i32|C|max|ax1	0.0074075	0.017335
reduce_layout_bench	100K|i32|C|prod|ax0	0.0465085	0.129608
reduce_layout_bench	100K|i32|C|prod|ax1	0.0514745	0.192704
reduce_layout_bench	100K|i32|F|sum|ax0	0.0095405	0.0966045
reduce_layout_bench	100K|i32|F|sum|ax1	0.0142645	0.114252
reduce_layout_bench	100K|i32|F|min|ax0	0.0073834999999999994	0.0199635
reduce_layout_bench	100K|i32|F|min|ax1	0.0100485	0.017297
reduce_layout_bench	100K|i32|F|max|ax0	0.0070795	0.0190975
reduce_layout_bench	100K|i32|F|max|ax1	0.0103865	0.017385
reduce_layout_bench	100K|i32|F|prod|ax0	0.050942999999999995	0.189105
reduce_layout_bench	100K|i32|F|prod|ax1	0.04643	0.12282
reduce_layout_bench	100K|i32|T|sum|ax0	0.0096535	0.097694
reduce_layout_bench	100K|i32|T|sum|ax1	0.015127999999999999	0.118506
reduce_layout_bench	100K|i32|T|min|ax0	0.007906	0.0191305
reduce_layout_bench	100K|i32|T|min|ax1	0.0102695	0.0163365
reduce_layout_bench	100K|i32|T|max|ax0	0.007542	0.016982
reduce_layout_bench	100K|i32|T|max|ax1	0.0103295	0.017422
reduce_layout_bench	100K|i32|T|prod|ax0	0.051854500000000005	0.181924
reduce_layout_bench	100K|i32|T|prod|ax1	0.045254	0.126771
reduce_layout_bench	100K|i32|strided|sum|ax0	0.05853100000000001	0.0523595
reduce_layout_bench	100K|i32|strided|sum|ax1	0.058178	0.042592
reduce_layout_bench	100K|i32|strided|min|ax0	0.046856999999999996	0.03437
reduce_layout_bench	100K|i32|strided|min|ax1	0.1575445	0.0291175
reduce_layout_bench	100K|i32|strided|max|ax0	0.050637	0.0363915
reduce_layout_bench	100K|i32|strided|max|ax1	0.13725500000000002	0.0287045
reduce_layout_bench	100K|i32|strided|prod|ax0	0.0816695	0.0584535
reduce_layout_bench	100K|i32|strided|prod|ax1	0.081188	0.08089
reduce_layout_bench	100K|i32|negrow|sum|ax0	0.015601	0.116916
reduce_layout_bench	100K|i32|negrow|sum|ax1	0.1209745	0.100268
reduce_layout_bench	100K|i32|negrow|min|ax0	0.007502	0.018021
reduce_layout_bench	100K|i32|negrow|min|ax1	0.087379	0.01834
reduce_layout_bench	100K|i32|negrow|max|ax0	0.0078175	0.0173185
reduce_layout_bench	100K|i32|negrow|max|ax1	0.0890965	0.0184875
reduce_layout_bench	100K|i32|negrow|prod|ax0	0.048789	0.126853
reduce_layout_bench	100K|i32|negrow|prod|ax1	0.1565325	0.185864
reduce_layout_bench	100K|i32|negcol|sum|ax0	0.11970449999999999	0.099384
reduce_layout_bench	100K|i32|negcol|sum|ax1	0.119157	0.082597
reduce_layout_bench	100K|i32|negcol|min|ax0	0.0923135	0.0613795
reduce_layout_bench	100K|i32|negcol|min|ax1	0.102617	0.046459
reduce_layout_bench	100K|i32|negcol|max|ax0	0.0783045	0.0623365
reduce_layout_bench	100K|i32|negcol|max|ax1	0.16951	0.047657
reduce_layout_bench	100K|i32|negcol|prod|ax0	0.159807	0.105394
reduce_layout_bench	100K|i32|negcol|prod|ax1	0.1542395	0.164613
reduce_layout_bench	100K|i32|sliced|sum|ax0	0.0156845	0.117434
reduce_layout_bench	100K|i32|sliced|sum|ax1	0.11234	0.094712
reduce_layout_bench	100K|i32|sliced|min|ax0	0.008298	0.018145
reduce_layout_bench	100K|i32|sliced|min|ax1	0.021200999999999998	0.0173525
reduce_layout_bench	100K|i32|sliced|max|ax0	0.008874	0.018144
reduce_layout_bench	100K|i32|sliced|max|ax1	0.030122	0.0173405
reduce_layout_bench	100K|i32|sliced|prod|ax0	0.047652	0.123669
reduce_layout_bench	100K|i32|sliced|prod|ax1	0.1531885	0.182563
reduce_layout_bench	100K|i32|bcast|sum|ax0	0.015034	0.059082
reduce_layout_bench	100K|i32|bcast|sum|ax1	0.115659	0.035629
reduce_layout_bench	100K|i32|bcast|min|ax0	0.0047545	0.016215
reduce_layout_bench	100K|i32|bcast|min|ax1	0.089395	0.0136695
reduce_layout_bench	100K|i32|bcast|max|ax0	0.0046949999999999995	0.016
reduce_layout_bench	100K|i32|bcast|max|ax1	0.09489399999999999	0.013665
reduce_layout_bench	100K|i32|bcast|prod|ax0	0.047298	0.0628865
reduce_layout_bench	100K|i32|bcast|prod|ax1	0.157118	0.126063
reduce_layout_bench	100K|i64|C|sum|ax0	0.0232055	0.057686
reduce_layout_bench	100K|i64|C|sum|ax1	0.0127605	0.039826
reduce_layout_bench	100K|i64|C|min|ax0	0.0296395	0.0362185
reduce_layout_bench	100K|i64|C|min|ax1	0.034151	0.0464435
reduce_layout_bench	100K|i64|C|max|ax0	0.030185499999999997	0.037917
reduce_layout_bench	100K|i64|C|max|ax1	0.0384885	0.04847
reduce_layout_bench	100K|i64|C|prod|ax0	0.0472675	0.066703
reduce_layout_bench	100K|i64|C|prod|ax1	0.047407500000000005	0.123201
reduce_layout_bench	100K|i64|F|sum|ax0	0.0119965	0.0377815
reduce_layout_bench	100K|i64|F|sum|ax1	0.019063	0.0615045
reduce_layout_bench	100K|i64|F|min|ax0	0.0348015	0.0467245
reduce_layout_bench	100K|i64|F|min|ax1	0.0303395	0.038309
reduce_layout_bench	100K|i64|F|max|ax0	0.0344425	0.047565
reduce_layout_bench	100K|i64|F|max|ax1	0.032983	0.0386055
reduce_layout_bench	100K|i64|F|prod|ax0	0.048711000000000004	0.124825
reduce_layout_bench	100K|i64|F|prod|ax1	0.0429385	0.0645535
reduce_layout_bench	100K|i64|T|sum|ax0	0.0113905	0.029875
reduce_layout_bench	100K|i64|T|sum|ax1	0.019618	0.0291315
reduce_layout_bench	100K|i64|T|min|ax0	0.033887	0.016208
reduce_layout_bench	100K|i64|T|min|ax1	0.0277575	0.021532
reduce_layout_bench	100K|i64|T|max|ax0	0.0331325	0.01487
reduce_layout_bench	100K|i64|T|max|ax1	0.030762499999999998	0.020674
reduce_layout_bench	100K|i64|T|prod|ax0	0.045279999999999994	0.047705
reduce_layout_bench	100K|i64|T|prod|ax1	0.044034500000000004	0.03284
reduce_layout_bench	100K|i64|strided|sum|ax0	0.0468035	0.0200755
reduce_layout_bench	100K|i64|strided|sum|ax1	0.150458	0.013794
reduce_layout_bench	100K|i64|strided|min|ax0	0.049689500000000004	0.02499
reduce_layout_bench	100K|i64|strided|min|ax1	0.1206215	0.0169365
reduce_layout_bench	100K|i64|strided|max|ax0	0.0521335	0.0253155
reduce_layout_bench	100K|i64|strided|max|ax1	0.09887850000000001	0.017893
reduce_layout_bench	100K|i64|strided|prod|ax0	0.0451985	0.0203185
reduce_layout_bench	100K|i64|strided|prod|ax1	0.076836	0.023724
reduce_layout_bench	100K|i64|negrow|sum|ax0	0.013555999999999999	0.0299545
reduce_layout_bench	100K|i64|negrow|sum|ax1	0.155471	0.018611
reduce_layout_bench	100K|i64|negrow|min|ax0	0.031969500000000005	0.0193005
reduce_layout_bench	100K|i64|negrow|min|ax1	0.044888500000000005	0.016547
reduce_layout_bench	100K|i64|negrow|max|ax0	0.029681000000000003	0.0188785
reduce_layout_bench	100K|i64|negrow|max|ax1	0.0467525	0.01725
reduce_layout_bench	100K|i64|negrow|prod|ax0	0.0423295	0.030838
reduce_layout_bench	100K|i64|negrow|prod|ax1	0.056836000000000005	0.0488155
reduce_layout_bench	100K|i64|negcol|sum|ax0	0.089279	0.035502
reduce_layout_bench	100K|i64|negcol|sum|ax1	0.09175000000000001	0.0292165
reduce_layout_bench	100K|i64|negcol|min|ax0	0.0987155	0.0434315
reduce_layout_bench	100K|i64|negcol|min|ax1	0.1961105	0.028279
reduce_layout_bench	100K|i64|negcol|max|ax0	0.104903	0.0383045
reduce_layout_bench	100K|i64|negcol|max|ax1	0.170775	0.0271475
reduce_layout_bench	100K|i64|negcol|prod|ax0	0.0884065	0.0346255
reduce_layout_bench	100K|i64|negcol|prod|ax1	0.136057	0.048344
reduce_layout_bench	100K|i64|sliced|sum|ax0	0.014248	0.0286515
reduce_layout_bench	100K|i64|sliced|sum|ax1	0.035783999999999996	0.0177725
reduce_layout_bench	100K|i64|sliced|min|ax0	0.0303825	0.019453
reduce_layout_bench	100K|i64|sliced|min|ax1	0.0446705	0.0137465
reduce_layout_bench	100K|i64|sliced|max|ax0	0.030682	0.01718
reduce_layout_bench	100K|i64|sliced|max|ax1	0.04684	0.014244
reduce_layout_bench	100K|i64|sliced|prod|ax0	0.0417525	0.0288365
reduce_layout_bench	100K|i64|sliced|prod|ax1	0.0539915	0.0466095
reduce_layout_bench	100K|i64|bcast|sum|ax0	0.007232499999999999	0.027842
reduce_layout_bench	100K|i64|bcast|sum|ax1	0.08460649999999999	0.017109
reduce_layout_bench	100K|i64|bcast|min|ax0	0.029328	0.0143605
reduce_layout_bench	100K|i64|bcast|min|ax1	0.09503149999999999	0.0132275
reduce_layout_bench	100K|i64|bcast|max|ax0	0.029759	0.0135375
reduce_layout_bench	100K|i64|bcast|max|ax1	0.1007225	0.012721
reduce_layout_bench	100K|i64|bcast|prod|ax0	0.0397185	0.027839
reduce_layout_bench	100K|i64|bcast|prod|ax1	0.085047	0.047314
reduce_layout_bench	1M|f64|C|sum|ax0	0.23470666666666667	0.127053
reduce_layout_bench	1M|f64|C|sum|ax1	0.26757333333333333	0.21214
reduce_layout_bench	1M|f64|C|min|ax0	0.6054466666666667	0.12952
reduce_layout_bench	1M|f64|C|min|ax1	0.6020933333333333	0.133653
reduce_layout_bench	1M|f64|C|max|ax0	0.6272933333333334	0.127147
reduce_layout_bench	1M|f64|C|max|ax1	0.6095533333333333	0.13708
reduce_layout_bench	1M|f64|C|prod|ax0	0.25622	0.116487
reduce_layout_bench	1M|f64|C|prod|ax1	0.20027999999999999	0.695593
reduce_layout_bench	1M|f64|F|sum|ax0	0.2702466666666667	0.211793
reduce_layout_bench	1M|f64|F|sum|ax1	0.26003333333333334	0.125827
reduce_layout_bench	1M|f64|F|min|ax0	0.6005666666666667	0.126773
reduce_layout_bench	1M|f64|F|min|ax1	0.5841733333333334	0.12258
reduce_layout_bench	1M|f64|F|max|ax0	0.5886866666666666	0.123693
reduce_layout_bench	1M|f64|F|max|ax1	0.5769733333333333	0.12652
reduce_layout_bench	1M|f64|F|prod|ax0	0.18683333333333335	0.710413
reduce_layout_bench	1M|f64|F|prod|ax1	0.23858666666666667	0.117553
reduce_layout_bench	1M|f64|T|sum|ax0	0.2441266666666667	0.226927
reduce_layout_bench	1M|f64|T|sum|ax1	0.29966000000000004	0.11882
reduce_layout_bench	1M|f64|T|min|ax0	0.6303466666666666	0.142707
reduce_layout_bench	1M|f64|T|min|ax1	0.6252933333333334	0.128733
reduce_layout_bench	1M|f64|T|max|ax0	0.6654866666666667	0.123473
reduce_layout_bench	1M|f64|T|max|ax1	0.5873133333333332	0.122347
reduce_layout_bench	1M|f64|T|prod|ax0	0.19418	0.696133
reduce_layout_bench	1M|f64|T|prod|ax1	0.24503333333333333	0.111893
reduce_layout_bench	1M|f64|strided|sum|ax0	0.38062	0.1616
reduce_layout_bench	1M|f64|strided|sum|ax1	0.23584	0.1427
reduce_layout_bench	1M|f64|strided|min|ax0	0.7830533333333333	0.134787
reduce_layout_bench	1M|f64|strided|min|ax1	1.2680266666666666	0.195907
reduce_layout_bench	1M|f64|strided|max|ax0	0.7929733333333334	0.133227
reduce_layout_bench	1M|f64|strided|max|ax1	1.2371533333333333	0.193073
reduce_layout_bench	1M|f64|strided|prod|ax0	0.39559333333333335	0.154433
reduce_layout_bench	1M|f64|strided|prod|ax1	1.0347266666666666	0.319267
reduce_layout_bench	1M|f64|negrow|sum|ax0	0.24613333333333334	0.110153
reduce_layout_bench	1M|f64|negrow|sum|ax1	0.2564	0.195367
reduce_layout_bench	1M|f64|negrow|min|ax0	0.68272	0.127293
reduce_layout_bench	1M|f64|negrow|min|ax1	0.2946933333333333	0.143327
reduce_layout_bench	1M|f64|negrow|max|ax0	0.6827266666666667	0.132613
reduce_layout_bench	1M|f64|negrow|max|ax1	0.2590133333333334	0.141307
reduce_layout_bench	1M|f64|negrow|prod|ax0	0.19375333333333333	0.113707
reduce_layout_bench	1M|f64|negrow|prod|ax1	0.35642	0.71286
reduce_layout_bench	1M|f64|negcol|sum|ax0	0.7786066666666667	0.28632
reduce_layout_bench	1M|f64|negcol|sum|ax1	0.23865999999999998	0.200133
reduce_layout_bench	1M|f64|negcol|min|ax0	1.6765933333333334	0.235313
reduce_layout_bench	1M|f64|negcol|min|ax1	0.24422666666666668	0.38532
reduce_layout_bench	1M|f64|negcol|max|ax0	1.7603733333333333	0.218487
reduce_layout_bench	1M|f64|negcol|max|ax1	0.29552	0.367273
reduce_layout_bench	1M|f64|negcol|prod|ax0	0.9667	0.305587
reduce_layout_bench	1M|f64|negcol|prod|ax1	2.1855933333333337	0.712127
reduce_layout_bench	1M|f64|sliced|sum|ax0	0.26448	0.11694
reduce_layout_bench	1M|f64|sliced|sum|ax1	0.26134	0.194853
reduce_layout_bench	1M|f64|sliced|min|ax0	1.0721866666666666	0.127953
reduce_layout_bench	1M|f64|sliced|min|ax1	0.7052266666666667	0.119187
reduce_layout_bench	1M|f64|sliced|max|ax0	1.0655133333333333	0.129613
reduce_layout_bench	1M|f64|sliced|max|ax1	0.7153866666666667	0.115993
reduce_layout_bench	1M|f64|sliced|prod|ax0	0.23138666666666668	0.119653
reduce_layout_bench	1M|f64|sliced|prod|ax1	0.40812000000000004	0.703853
reduce_layout_bench	1M|f64|bcast|sum|ax0	0.14133333333333334	0.0569867
reduce_layout_bench	1M|f64|bcast|sum|ax1	0.1306	0.11492
reduce_layout_bench	1M|f64|bcast|min|ax0	0.6422133333333334	0.09364
reduce_layout_bench	1M|f64|bcast|min|ax1	0.17952666666666667	0.10428
reduce_layout_bench	1M|f64|bcast|max|ax0	0.6503133333333333	0.0948667
reduce_layout_bench	1M|f64|bcast|max|ax1	0.18361333333333332	0.10448
reduce_layout_bench	1M|f64|bcast|prod|ax0	0.06570666666666666	0.0593533
reduce_layout_bench	1M|f64|bcast|prod|ax1	0.7594733333333333	0.688573
reduce_layout_bench	1M|f32|C|sum|ax0	0.11836666666666668	0.0645933
reduce_layout_bench	1M|f32|C|sum|ax1	0.16882000000000003	0.16198
reduce_layout_bench	1M|f32|C|min|ax0	0.2914733333333333	0.0661333
reduce_layout_bench	1M|f32|C|min|ax1	0.317	0.0817733
reduce_layout_bench	1M|f32|C|max|ax0	0.29634	0.0642
reduce_layout_bench	1M|f32|C|max|ax1	0.3242733333333333	0.088
reduce_layout_bench	1M|f32|C|prod|ax0	0.11840666666666667	0.05948
reduce_layout_bench	1M|f32|C|prod|ax1	0.10068666666666666	0.690653
reduce_layout_bench	1M|f32|F|sum|ax0	0.15506	0.16366
reduce_layout_bench	1M|f32|F|sum|ax1	0.12164666666666667	0.05928
reduce_layout_bench	1M|f32|F|min|ax0	0.31668	0.0821467
reduce_layout_bench	1M|f32|F|min|ax1	0.2822733333333333	0.0684133
reduce_layout_bench	1M|f32|F|max|ax0	0.32026	0.0835133
reduce_layout_bench	1M|f32|F|max|ax1	0.28229333333333334	0.0644933
reduce_layout_bench	1M|f32|F|prod|ax0	0.09110666666666667	0.691973
reduce_layout_bench	1M|f32|F|prod|ax1	0.12016666666666667	0.0604733
reduce_layout_bench	1M|f32|T|sum|ax0	0.16397333333333333	0.166307
reduce_layout_bench	1M|f32|T|sum|ax1	0.11851333333333333	0.0597
reduce_layout_bench	1M|f32|T|min|ax0	0.3215533333333333	0.08068
reduce_layout_bench	1M|f32|T|min|ax1	0.30016	0.06272
reduce_layout_bench	1M|f32|T|max|ax0	0.33152000000000004	0.0843867
reduce_layout_bench	1M|f32|T|max|ax1	0.2864133333333333	0.0644733
reduce_layout_bench	1M|f32|T|prod|ax0	0.07385333333333333	0.68742
reduce_layout_bench	1M|f32|T|prod|ax1	0.15116	0.0583467
reduce_layout_bench	1M|f32|strided|sum|ax0	0.3708066666666667	0.141833
reduce_layout_bench	1M|f32|strided|sum|ax1	0.19112666666666664	0.102153
reduce_layout_bench	1M|f32|strided|min|ax0	0.76192	0.100627
reduce_layout_bench	1M|f32|strided|min|ax1	0.6401533333333334	0.198913
reduce_layout_bench	1M|f32|strided|max|ax0	0.7646200000000001	0.09018
reduce_layout_bench	1M|f32|strided|max|ax1	0.6483399999999999	0.199273
reduce_layout_bench	1M|f32|strided|prod|ax0	0.38943333333333335	0.148387
reduce_layout_bench	1M|f32|strided|prod|ax1	0.5391999999999999	0.32458
reduce_layout_bench	1M|f32|negrow|sum|ax0	0.12134	0.0597933
reduce_layout_bench	1M|f32|negrow|sum|ax1	0.18208	0.15078
reduce_layout_bench	1M|f32|negrow|min|ax0	0.34356000000000003	0.0661733
reduce_layout_bench	1M|f32|negrow|min|ax1	0.14702666666666667	0.08528
reduce_layout_bench	1M|f32|negrow|max|ax0	0.33938	0.0702
reduce_layout_bench	1M|f32|negrow|max|ax1	0.15216	0.0911333
reduce_layout_bench	1M|f32|negrow|prod|ax0	0.08560666666666666	0.0589667
reduce_layout_bench	1M|f32|negrow|prod|ax1	0.18518666666666667	0.704673
reduce_layout_bench	1M|f32|negcol|sum|ax0	0.7398666666666667	0.29136
reduce_layout_bench	1M|f32|negcol|sum|ax1	0.16042666666666666	0.145387
reduce_layout_bench	1M|f32|negcol|min|ax0	1.6082133333333333	0.390673
reduce_layout_bench	1M|f32|negcol|min|ax1	0.13058	0.377733
reduce_layout_bench	1M|f32|negcol|max|ax0	1.6424466666666668	0.3827
reduce_layout_bench	1M|f32|negcol|max|ax1	0.13218	0.392487
reduce_layout_bench	1M|f32|negcol|prod|ax0	0.7759199999999999	0.281327
reduce_layout_bench	1M|f32|negcol|prod|ax1	1.0504466666666668	0.73152
reduce_layout_bench	1M|f32|sliced|sum|ax0	0.13272	0.0610467
reduce_layout_bench	1M|f32|sliced|sum|ax1	0.18064666666666668	0.16506
reduce_layout_bench	1M|f32|sliced|min|ax0	0.3840733333333333	0.0707067
reduce_layout_bench	1M|f32|sliced|min|ax1	0.34922	0.0759133
reduce_layout_bench	1M|f32|sliced|max|ax0	0.38541333333333333	0.0730933
reduce_layout_bench	1M|f32|sliced|max|ax1	0.35775999999999997	0.0771133
reduce_layout_bench	1M|f32|sliced|prod|ax0	0.13125333333333333	0.06128
reduce_layout_bench	1M|f32|sliced|prod|ax1	0.18288	0.68372
reduce_layout_bench	1M|f32|bcast|sum|ax0	0.08121333333333333	0.0356667
reduce_layout_bench	1M|f32|bcast|sum|ax1	0.12491333333333333	0.11738
reduce_layout_bench	1M|f32|bcast|min|ax0	0.3298	0.05074
reduce_layout_bench	1M|f32|bcast|min|ax1	0.10732	0.07068
reduce_layout_bench	1M|f32|bcast|max|ax0	0.32265333333333335	0.0519933
reduce_layout_bench	1M|f32|bcast|max|ax1	0.10944666666666666	0.0696933
reduce_layout_bench	1M|f32|bcast|prod|ax0	0.03300666666666666	0.0351867
reduce_layout_bench	1M|f32|bcast|prod|ax1	0.7593	0.6973
reduce_layout_bench	1M|c128|C|sum|ax0	1.42708	0.323853
reduce_layout_bench	1M|c128|C|sum|ax1	1.6711666666666667	0.799993
reduce_layout_bench	1M|c128|C|min|ax0	2.67552	1.67324
reduce_layout_bench	1M|c128|C|min|ax1	2.3046466666666663	1.70861
reduce_layout_bench	1M|c128|C|max|ax0	2.3543666666666665	1.59531
reduce_layout_bench	1M|c128|C|max|ax1	2.2594399999999997	1.76016
reduce_layout_bench	1M|c128|C|prod|ax0	2.17792	0.3886
reduce_layout_bench	1M|c128|C|prod|ax1	2.44602	2.43559
reduce_layout_bench	1M|c128|F|sum|ax0	1.2702133333333334	0.5832
reduce_layout_bench	1M|c128|F|sum|ax1	0.7931333333333334	0.31338
reduce_layout_bench	1M|c128|F|min|ax0	2.182866666666667	1.62397
reduce_layout_bench	1M|c128|F|min|ax1	2.6953666666666667	1.49637
reduce_layout_bench	1M|c128|F|max|ax0	1.7218733333333334	1.58371
reduce_layout_bench	1M|c128|F|max|ax1	2.1207333333333334	1.553
reduce_layout_bench	1M|c128|F|prod|ax0	2.0041066666666665	2.389
reduce_layout_bench	1M|c128|F|prod|ax1	1.7298733333333334	0.351893
reduce_layout_bench	1M|c128|T|sum|ax0	0.87698	0.310453
reduce_layout_bench	1M|c128|T|sum|ax1	0.61848	0.21622
reduce_layout_bench	1M|c128|T|min|ax0	2.1875333333333336	1.54127
reduce_layout_bench	1M|c128|T|min|ax1	2.4736866666666666	1.42382
reduce_layout_bench	1M|c128|T|max|ax0	1.5864733333333334	1.51201
reduce_layout_bench	1M|c128|T|max|ax1	2.2295466666666663	1.41987
reduce_layout_bench	1M|c128|T|prod|ax0	1.9436066666666667	2.38807
reduce_layout_bench	1M|c128|T|prod|ax1	1.5644666666666667	0.32048
reduce_layout_bench	1M|c128|strided|sum|ax0	0.5646733333333334	0.280173
reduce_layout_bench	1M|c128|strided|sum|ax1	0.45824	0.24994
reduce_layout_bench	1M|c128|strided|min|ax0	1.3849266666666666	0.787273
reduce_layout_bench	1M|c128|strided|min|ax1	1.10748	0.824433
reduce_layout_bench	1M|c128|strided|max|ax0	1.0795666666666668	0.82806
reduce_layout_bench	1M|c128|strided|max|ax1	1.0082	0.797893
reduce_layout_bench	1M|c128|strided|prod|ax0	0.9175666666666668	0.257573
reduce_layout_bench	1M|c128|strided|prod|ax1	1.01092	1.17514
reduce_layout_bench	1M|c128|negrow|sum|ax0	0.65386	0.221233
reduce_layout_bench	1M|c128|negrow|sum|ax1	0.67272	0.34422
reduce_layout_bench	1M|c128|negrow|min|ax0	2.4917000000000002	1.43449
reduce_layout_bench	1M|c128|negrow|min|ax1	2.2468999999999997	1.55713
reduce_layout_bench	1M|c128|negrow|max|ax0	2.1356866666666665	1.48952
reduce_layout_bench	1M|c128|negrow|max|ax1	2.01804	1.61472
reduce_layout_bench	1M|c128|negrow|prod|ax0	1.65846	0.333287
reduce_layout_bench	1M|c128|negrow|prod|ax1	2.071633333333333	2.43752
reduce_layout_bench	1M|c128|negcol|sum|ax0	1.0183066666666667	0.441473
reduce_layout_bench	1M|c128|negcol|sum|ax1	0.81098	0.362433
reduce_layout_bench	1M|c128|negcol|min|ax0	2.5186866666666665	1.45949
reduce_layout_bench	1M|c128|negcol|min|ax1	2.219066666666667	1.62397
reduce_layout_bench	1M|c128|negcol|max|ax0	2.0818600000000003	1.49584
reduce_layout_bench	1M|c128|negcol|max|ax1	1.7670733333333333	1.73097
reduce_layout_bench	1M|c128|negcol|prod|ax0	1.687	0.40816
reduce_layout_bench	1M|c128|negcol|prod|ax1	2.0182466666666667	2.51576
reduce_layout_bench	1M|c128|sliced|sum|ax0	0.7276933333333333	0.28208
reduce_layout_bench	1M|c128|sliced|sum|ax1	0.59722	0.369533
reduce_layout_bench	1M|c128|sliced|min|ax0	2.1932533333333333	1.44335
reduce_layout_bench	1M|c128|sliced|min|ax1	2.1319666666666666	1.60496
reduce_layout_bench	1M|c128|sliced|max|ax0	2.1195466666666665	1.62296
reduce_layout_bench	1M|c128|sliced|max|ax1	1.66334	1.72388
reduce_layout_bench	1M|c128|sliced|prod|ax0	1.5381333333333334	0.432227
reduce_layout_bench	1M|c128|sliced|prod|ax1	2.105426666666667	2.43935
reduce_layout_bench	1M|c128|bcast|sum|ax0	0.33836666666666665	0.106447
reduce_layout_bench	1M|c128|bcast|sum|ax1	0.3340866666666667	0.241507
reduce_layout_bench	1M|c128|bcast|min|ax0	2.58672	1.36183
reduce_layout_bench	1M|c128|bcast|min|ax1	1.9206133333333333	1.50315
reduce_layout_bench	1M|c128|bcast|max|ax0	2.831306666666667	1.37727
reduce_layout_bench	1M|c128|bcast|max|ax1	1.5677666666666668	1.47959
reduce_layout_bench	1M|c128|bcast|prod|ax0	1.3090000000000002	0.294227
reduce_layout_bench	1M|c128|bcast|prod|ax1	1.8848866666666666	2.38077
reduce_layout_bench	1M|dec|C|sum|ax0	7.8165933333333335	0.130693
reduce_layout_bench	1M|dec|C|sum|ax1	3.6936533333333332	0.20622
reduce_layout_bench	1M|dec|C|min|ax0	3.3600266666666667	0.131853
reduce_layout_bench	1M|dec|C|min|ax1	2.6315533333333336	0.132013
reduce_layout_bench	1M|dec|C|max|ax0	3.5512133333333336	0.13914
reduce_layout_bench	1M|dec|C|max|ax1	2.6679666666666666	0.134987
reduce_layout_bench	1M|dec|F|sum|ax0	4.362786666666667	0.218433
reduce_layout_bench	1M|dec|F|sum|ax1	7.78144	0.130553
reduce_layout_bench	1M|dec|F|min|ax0	2.63744	0.12694
reduce_layout_bench	1M|dec|F|min|ax1	3.2418533333333333	0.12898
reduce_layout_bench	1M|dec|F|max|ax0	2.7499200000000004	0.118267
reduce_layout_bench	1M|dec|F|max|ax1	3.3276733333333337	0.12382
reduce_layout_bench	1M|dec|T|sum|ax0	4.3519	0.20702
reduce_layout_bench	1M|dec|T|sum|ax1	7.956226666666667	0.122093
reduce_layout_bench	1M|dec|T|min|ax0	2.738986666666667	0.125607
reduce_layout_bench	1M|dec|T|min|ax1	3.4716466666666665	0.127367
reduce_layout_bench	1M|dec|T|max|ax0	2.8454466666666667	0.118873
reduce_layout_bench	1M|dec|T|max|ax1	3.5616733333333332	0.1357
reduce_layout_bench	1M|dec|strided|sum|ax0	3.939426666666667	0.160073
reduce_layout_bench	1M|dec|strided|sum|ax1	2.3348866666666668	0.136227
reduce_layout_bench	1M|dec|strided|min|ax0	1.8853133333333332	0.156727
reduce_layout_bench	1M|dec|strided|min|ax1	1.49292	0.187993
reduce_layout_bench	1M|dec|strided|max|ax0	1.8446466666666665	0.127227
reduce_layout_bench	1M|dec|strided|max|ax1	1.4868400000000002	0.190667
reduce_layout_bench	1M|dec|negrow|sum|ax0	7.870026666666666	0.120207
reduce_layout_bench	1M|dec|negrow|sum|ax1	4.565333333333333	0.191947
reduce_layout_bench	1M|dec|negrow|min|ax0	3.362193333333333	0.1313
reduce_layout_bench	1M|dec|negrow|min|ax1	2.655933333333333	0.136207
reduce_layout_bench	1M|dec|negrow|max|ax0	3.3988666666666663	0.13184
reduce_layout_bench	1M|dec|negrow|max|ax1	2.7779866666666666	0.141367
reduce_layout_bench	1M|dec|negcol|sum|ax0	7.807226666666667	0.292227
reduce_layout_bench	1M|dec|negcol|sum|ax1	4.425773333333334	0.193453
reduce_layout_bench	1M|dec|negcol|min|ax0	3.438686666666667	0.218433
reduce_layout_bench	1M|dec|negcol|min|ax1	2.54168	0.3706
reduce_layout_bench	1M|dec|negcol|max|ax0	3.610813333333333	0.225007
reduce_layout_bench	1M|dec|negcol|max|ax1	2.77202	0.381967
reduce_layout_bench	1M|dec|sliced|sum|ax0	7.750493333333334	0.117853
reduce_layout_bench	1M|dec|sliced|sum|ax1	4.359719999999999	0.196507
reduce_layout_bench	1M|dec|sliced|min|ax0	3.472513333333333	0.13124
reduce_layout_bench	1M|dec|sliced|min|ax1	2.56524	0.115753
reduce_layout_bench	1M|dec|sliced|max|ax0	3.54314	0.128107
reduce_layout_bench	1M|dec|sliced|max|ax1	2.7227333333333332	0.124207
reduce_layout_bench	1M|dec|bcast|sum|ax0	7.449686666666667	0.06958
reduce_layout_bench	1M|dec|bcast|sum|ax1	4.260693333333333	0.119493
reduce_layout_bench	1M|dec|bcast|min|ax0	3.400393333333333	0.0991933
reduce_layout_bench	1M|dec|bcast|min|ax1	2.404593333333333	0.109373
reduce_layout_bench	1M|dec|bcast|max|ax0	3.388446666666667	0.09496
reduce_layout_bench	1M|dec|bcast|max|ax1	2.6446666666666667	0.103253
reduce_layout_bench	1M|f16|C|sum|ax0	1.6306399999999999	2.87675
reduce_layout_bench	1M|f16|C|sum|ax1	0.69386	2.01288
reduce_layout_bench	1M|f16|C|min|ax0	3.5533466666666667	2.11224
reduce_layout_bench	1M|f16|C|min|ax1	3.2261066666666665	2.21972
reduce_layout_bench	1M|f16|C|max|ax0	3.69704	2.05973
reduce_layout_bench	1M|f16|C|max|ax1	3.23388	2.15787
reduce_layout_bench	1M|f16|C|prod|ax0	7.131586666666666	2.55239
reduce_layout_bench	1M|f16|C|prod|ax1	7.5812800000000005	0.866547
reduce_layout_bench	1M|f16|F|sum|ax0	0.7147866666666667	1.9483
reduce_layout_bench	1M|f16|F|sum|ax1	1.53588	2.88667
reduce_layout_bench	1M|f16|F|min|ax0	3.3171066666666666	2.15821
reduce_layout_bench	1M|f16|F|min|ax1	3.5783	2.22576
reduce_layout_bench	1M|f16|F|max|ax0	3.4479266666666666	2.1326
reduce_layout_bench	1M|f16|F|max|ax1	3.219066666666667	2.07773
reduce_layout_bench	1M|f16|F|prod|ax0	7.832606666666666	0.927793
reduce_layout_bench	1M|f16|F|prod|ax1	8.528126666666667	2.66615
reduce_layout_bench	1M|f16|T|sum|ax0	0.6888000000000001	2.03365
reduce_layout_bench	1M|f16|T|sum|ax1	0.4119733333333333	3.00284
reduce_layout_bench	1M|f16|T|min|ax0	3.4123466666666666	2.39155
reduce_layout_bench	1M|f16|T|min|ax1	3.503626666666667	2.35995
reduce_layout_bench	1M|f16|T|max|ax0	3.35348	2.24944
reduce_layout_bench	1M|f16|T|max|ax1	3.76126	2.06055
reduce_layout_bench	1M|f16|T|prod|ax0	7.188253333333334	0.8971
reduce_layout_bench	1M|f16|T|prod|ax1	8.2195	2.71133
reduce_layout_bench	1M|f16|strided|sum|ax0	6.468766666666666	1.46162
reduce_layout_bench	1M|f16|strided|sum|ax1	1.9972133333333335	1.01542
reduce_layout_bench	1M|f16|strided|min|ax0	1.7605466666666667	1.08889
reduce_layout_bench	1M|f16|strided|min|ax1	1.6947	1.09062
reduce_layout_bench	1M|f16|strided|max|ax0	1.6478533333333334	1.0247
reduce_layout_bench	1M|f16|strided|max|ax1	1.6392066666666667	1.12996
reduce_layout_bench	1M|f16|strided|prod|ax0	3.1115733333333333	1.33512
reduce_layout_bench	1M|f16|strided|prod|ax1	3.7708	0.463547
reduce_layout_bench	1M|f16|negrow|sum|ax0	1.5685933333333333	2.96243
reduce_layout_bench	1M|f16|negrow|sum|ax1	0.7102400000000001	1.96978
reduce_layout_bench	1M|f16|negrow|min|ax0	3.517326666666667	2.21417
reduce_layout_bench	1M|f16|negrow|min|ax1	3.41778	2.31988
reduce_layout_bench	1M|f16|negrow|max|ax0	3.4939933333333335	2.11075
reduce_layout_bench	1M|f16|negrow|max|ax1	3.194306666666667	2.09931
reduce_layout_bench	1M|f16|negrow|prod|ax0	8.343020000000001	2.55511
reduce_layout_bench	1M|f16|negrow|prod|ax1	6.982766666666667	0.89406
reduce_layout_bench	1M|f16|negcol|sum|ax0	12.865926666666667	2.87408
reduce_layout_bench	1M|f16|negcol|sum|ax1	0.6942266666666667	1.96333
reduce_layout_bench	1M|f16|negcol|min|ax0	3.6792666666666665	2.13007
reduce_layout_bench	1M|f16|negcol|min|ax1	3.44284	2.24476
reduce_layout_bench	1M|f16|negcol|max|ax0	3.6778199999999996	1.97412
reduce_layout_bench	1M|f16|negcol|max|ax1	3.33766	2.11049
reduce_layout_bench	1M|f16|negcol|prod|ax0	8.523986666666667	2.66886
reduce_layout_bench	1M|f16|negcol|prod|ax1	7.740573333333333	0.9168
reduce_layout_bench	1M|f16|sliced|sum|ax0	1.5984533333333333	3.02589
reduce_layout_bench	1M|f16|sliced|sum|ax1	0.7537933333333334	2.04362
reduce_layout_bench	1M|f16|sliced|min|ax0	3.5737866666666664	2.14711
reduce_layout_bench	1M|f16|sliced|min|ax1	3.379626666666667	2.40593
reduce_layout_bench	1M|f16|sliced|max|ax0	3.6533266666666666	2.09951
reduce_layout_bench	1M|f16|sliced|max|ax1	3.4147933333333333	2.12271
reduce_layout_bench	1M|f16|sliced|prod|ax0	8.776606666666668	2.74503
reduce_layout_bench	1M|f16|sliced|prod|ax1	7.814886666666666	0.928
reduce_layout_bench	1M|f16|bcast|sum|ax0	1.53816	2.93879
reduce_layout_bench	1M|f16|bcast|sum|ax1	0.7167733333333334	1.92867
reduce_layout_bench	1M|f16|bcast|min|ax0	3.1420266666666667	1.5338
reduce_layout_bench	1M|f16|bcast|min|ax1	3.5660933333333333	2.27759
reduce_layout_bench	1M|f16|bcast|max|ax0	3.188486666666667	1.53332
reduce_layout_bench	1M|f16|bcast|max|ax1	3.4722933333333335	2.03321
reduce_layout_bench	1M|f16|bcast|prod|ax0	8.214459999999999	4.08053
reduce_layout_bench	1M|f16|bcast|prod|ax1	7.924806666666667	0.851593
reduce_layout_bench	1M|i32|C|sum|ax0	0.15116	0.42884
reduce_layout_bench	1M|i32|C|sum|ax1	0.11458666666666667	0.32234
reduce_layout_bench	1M|i32|C|min|ax0	0.11773333333333333	0.0712333
reduce_layout_bench	1M|i32|C|min|ax1	0.08372666666666667	0.0669933
reduce_layout_bench	1M|i32|C|max|ax0	0.1406933333333333	0.0724533
reduce_layout_bench	1M|i32|C|max|ax1	0.09758	0.07038
reduce_layout_bench	1M|i32|C|prod|ax0	0.46436	0.432573
reduce_layout_bench	1M|i32|C|prod|ax1	0.4773133333333333	0.70618
reduce_layout_bench	1M|i32|F|sum|ax0	0.11485333333333334	0.322833
reduce_layout_bench	1M|i32|F|sum|ax1	0.1499066666666667	0.42942
reduce_layout_bench	1M|i32|F|min|ax0	0.08349999999999999	0.0611133
reduce_layout_bench	1M|i32|F|min|ax1	0.14405333333333334	0.06798
reduce_layout_bench	1M|i32|F|max|ax0	0.08581333333333332	0.0602133
reduce_layout_bench	1M|i32|F|max|ax1	0.11894666666666667	0.0658533
reduce_layout_bench	1M|i32|F|prod|ax0	0.4990866666666667	0.71722
reduce_layout_bench	1M|i32|F|prod|ax1	0.48102	0.42878
reduce_layout_bench	1M|i32|T|sum|ax0	0.15797333333333335	0.32184
reduce_layout_bench	1M|i32|T|sum|ax1	0.17722000000000002	0.4311
reduce_layout_bench	1M|i32|T|min|ax0	0.11076666666666667	0.05438
reduce_layout_bench	1M|i32|T|min|ax1	0.12502666666666667	0.0602067
reduce_layout_bench	1M|i32|T|max|ax0	0.08610666666666668	0.05272
reduce_layout_bench	1M|i32|T|max|ax1	0.12696000000000002	0.0575
reduce_layout_bench	1M|i32|T|prod|ax0	0.48841999999999997	0.704907
reduce_layout_bench	1M|i32|T|prod|ax1	0.4663333333333333	0.42832
reduce_layout_bench	1M|i32|strided|sum|ax0	0.6926733333333334	0.234533
reduce_layout_bench	1M|i32|strided|sum|ax1	0.63624	0.178793
reduce_layout_bench	1M|i32|strided|min|ax0	0.44267333333333336	0.173167
reduce_layout_bench	1M|i32|strided|min|ax1	0.5327933333333333	0.135347
reduce_layout_bench	1M|i32|strided|max|ax0	0.4693	0.172893
reduce_layout_bench	1M|i32|strided|max|ax1	0.6890933333333333	0.120633
reduce_layout_bench	1M|i32|strided|prod|ax0	0.88656	0.230047
reduce_layout_bench	1M|i32|strided|prod|ax1	0.78806	0.346887
reduce_layout_bench	1M|i32|negrow|sum|ax0	0.17125333333333334	0.440687
reduce_layout_bench	1M|i32|negrow|sum|ax1	1.2204133333333333	0.334787
reduce_layout_bench	1M|i32|negrow|min|ax0	0.08842	0.0642267
reduce_layout_bench	1M|i32|negrow|min|ax1	0.20701333333333333	0.0640267
reduce_layout_bench	1M|i32|negrow|max|ax0	0.095	0.0632467
reduce_layout_bench	1M|i32|negrow|max|ax1	0.20104666666666665	0.0653733
reduce_layout_bench	1M|i32|negrow|prod|ax0	0.50452	0.44162
reduce_layout_bench	1M|i32|negrow|prod|ax1	1.5519066666666668	0.71814
reduce_layout_bench	1M|i32|negcol|sum|ax0	1.5980933333333334	0.469
reduce_layout_bench	1M|i32|negcol|sum|ax1	1.1671533333333335	0.36324
reduce_layout_bench	1M|i32|negcol|min|ax0	0.92086	0.344873
reduce_layout_bench	1M|i32|negcol|min|ax1	1.2149	0.23454
reduce_layout_bench	1M|i32|negcol|max|ax0	0.9695133333333333	0.345093
reduce_layout_bench	1M|i32|negcol|max|ax1	1.5154866666666666	0.234233
reduce_layout_bench	1M|i32|negcol|prod|ax0	2.1418133333333333	0.473793
reduce_layout_bench	1M|i32|negcol|prod|ax1	1.6575133333333334	0.752533
reduce_layout_bench	1M|i32|sliced|sum|ax0	0.17508666666666667	0.442853
reduce_layout_bench	1M|i32|sliced|sum|ax1	1.1838533333333332	0.333993
reduce_layout_bench	1M|i32|sliced|min|ax0	0.12224666666666667	0.0652533
reduce_layout_bench	1M|i32|sliced|min|ax1	0.2031	0.0611467
reduce_layout_bench	1M|i32|sliced|max|ax0	0.14178	0.0664267
reduce_layout_bench	1M|i32|sliced|max|ax1	0.24439333333333335	0.0530933
reduce_layout_bench	1M|i32|sliced|prod|ax0	0.49524	0.44646
reduce_layout_bench	1M|i32|sliced|prod|ax1	1.55246	0.715533
reduce_layout_bench	1M|i32|bcast|sum|ax0	0.15504666666666667	0.235813
reduce_layout_bench	1M|i32|bcast|sum|ax1	1.1640666666666666	0.11864
reduce_layout_bench	1M|i32|bcast|min|ax0	0.03418666666666667	0.0409467
reduce_layout_bench	1M|i32|bcast|min|ax1	0.8975066666666667	0.0301067
reduce_layout_bench	1M|i32|bcast|max|ax0	0.03354	0.04482
reduce_layout_bench	1M|i32|bcast|max|ax1	0.96616	0.0298333
reduce_layout_bench	1M|i32|bcast|prod|ax0	0.4810466666666667	0.23962
reduce_layout_bench	1M|i32|bcast|prod|ax1	1.5772066666666666	0.517767
reduce_layout_bench	1M|i64|C|sum|ax0	0.24605333333333332	0.242413
reduce_layout_bench	1M|i64|C|sum|ax1	0.19660666666666668	0.152473
reduce_layout_bench	1M|i64|C|min|ax0	0.32886666666666664	0.157973
reduce_layout_bench	1M|i64|C|min|ax1	0.33712666666666663	0.12228
reduce_layout_bench	1M|i64|C|max|ax0	0.3231533333333333	0.148193
reduce_layout_bench	1M|i64|C|max|ax1	0.35757333333333335	0.11406
reduce_layout_bench	1M|i64|C|prod|ax0	0.45088666666666666	0.238467
reduce_layout_bench	1M|i64|C|prod|ax1	0.45215333333333335	0.512807
reduce_layout_bench	1M|i64|F|sum|ax0	0.19714	0.153627
reduce_layout_bench	1M|i64|F|sum|ax1	0.28114	0.238733
reduce_layout_bench	1M|i64|F|min|ax0	0.30817333333333335	0.127427
reduce_layout_bench	1M|i64|F|min|ax1	0.3174266666666667	0.150267
reduce_layout_bench	1M|i64|F|max|ax0	0.32891333333333334	0.115367
reduce_layout_bench	1M|i64|F|max|ax1	0.29546	0.13438
reduce_layout_bench	1M|i64|F|prod|ax0	0.41324	0.51688
reduce_layout_bench	1M|i64|F|prod|ax1	0.43427333333333334	0.240273
reduce_layout_bench	1M|i64|T|sum|ax0	0.20252666666666666	0.15302
reduce_layout_bench	1M|i64|T|sum|ax1	0.24028666666666665	0.2471
reduce_layout_bench	1M|i64|T|min|ax0	0.3135066666666667	0.118327
reduce_layout_bench	1M|i64|T|min|ax1	0.31496	0.150627
reduce_layout_bench	1M|i64|T|max|ax0	0.32012	0.115
reduce_layout_bench	1M|i64|T|max|ax1	0.3070133333333333	0.14012
reduce_layout_bench	1M|i64|T|prod|ax0	0.43326666666666663	0.515273
reduce_layout_bench	1M|i64|T|prod|ax1	0.4401066666666667	0.24366
reduce_layout_bench	1M|i64|strided|sum|ax0	0.4389	0.165793
reduce_layout_bench	1M|i64|strided|sum|ax1	0.47701333333333334	0.123853
reduce_layout_bench	1M|i64|strided|min|ax0	0.5034666666666666	0.17776
reduce_layout_bench	1M|i64|strided|min|ax1	0.9061933333333333	0.137633
reduce_layout_bench	1M|i64|strided|max|ax0	0.5026133333333334	0.173893
reduce_layout_bench	1M|i64|strided|max|ax1	0.9580933333333334	0.13662
reduce_layout_bench	1M|i64|strided|prod|ax0	0.42283333333333334	0.16096
reduce_layout_bench	1M|i64|strided|prod|ax1	0.6434933333333334	0.25158
reduce_layout_bench	1M|i64|negrow|sum|ax0	0.22850666666666666	0.248647
reduce_layout_bench	1M|i64|negrow|sum|ax1	0.4584466666666666	0.164067
reduce_layout_bench	1M|i64|negrow|min|ax0	0.3541866666666667	0.14792
reduce_layout_bench	1M|i64|negrow|min|ax1	0.5406133333333333	0.130753
reduce_layout_bench	1M|i64|negrow|max|ax0	0.36679999999999996	0.143793
reduce_layout_bench	1M|i64|negrow|max|ax1	0.52234	0.12234
reduce_layout_bench	1M|i64|negrow|prod|ax0	0.7288533333333334	0.2467
reduce_layout_bench	1M|i64|negrow|prod|ax1	0.7457266666666666	0.529907
reduce_layout_bench	1M|i64|negcol|sum|ax0	1.1921266666666668	0.311387
reduce_layout_bench	1M|i64|negcol|sum|ax1	1.2489533333333334	0.233673
reduce_layout_bench	1M|i64|negcol|min|ax0	1.1458533333333334	0.35156
reduce_layout_bench	1M|i64|negcol|min|ax1	2.244666666666667	0.240487
reduce_layout_bench	1M|i64|negcol|max|ax0	1.2168866666666667	0.359047
reduce_layout_bench	1M|i64|negcol|max|ax1	2.0393466666666664	0.249127
reduce_layout_bench	1M|i64|negcol|prod|ax0	1.0327533333333334	0.299893
reduce_layout_bench	1M|i64|negcol|prod|ax1	1.58212	0.557293
reduce_layout_bench	1M|i64|sliced|sum|ax0	0.24772666666666668	0.234527
reduce_layout_bench	1M|i64|sliced|sum|ax1	0.3574733333333333	0.146647
reduce_layout_bench	1M|i64|sliced|min|ax0	0.60864	0.16786
reduce_layout_bench	1M|i64|sliced|min|ax1	0.5044799999999999	0.11318
reduce_layout_bench	1M|i64|sliced|max|ax0	0.6280333333333333	0.158527
reduce_layout_bench	1M|i64|sliced|max|ax1	0.4668933333333333	0.10732
reduce_layout_bench	1M|i64|sliced|prod|ax0	0.7474799999999999	0.237567
reduce_layout_bench	1M|i64|sliced|prod|ax1	0.5659066666666667	0.50834
reduce_layout_bench	1M|i64|bcast|sum|ax0	0.06936666666666666	0.233273
reduce_layout_bench	1M|i64|bcast|sum|ax1	0.8820266666666666	0.11484
reduce_layout_bench	1M|i64|bcast|min|ax0	0.30333333333333334	0.113767
reduce_layout_bench	1M|i64|bcast|min|ax1	0.9877800000000001	0.0929533
reduce_layout_bench	1M|i64|bcast|max|ax0	0.3009	0.102093
reduce_layout_bench	1M|i64|bcast|max|ax1	1.0794	0.0829333
reduce_layout_bench	1M|i64|bcast|prod|ax0	0.40892	0.235787
reduce_layout_bench	1M|i64|bcast|prod|ax1	0.8613	0.506673
copy_path_bench	100K|u8|C|pos	0.020945000000000002	0.020912
copy_path_bench	100K|u8|F|pos	0.02262	0.0207855
copy_path_bench	100K|u8|T|pos	0.0209975	0.020775
copy_path_bench	100K|u8|strided|pos	0.015693	0.015128
copy_path_bench	100K|u8|sliced|pos	0.041939000000000004	0.0227005
copy_path_bench	100K|u8|negrow|pos	0.042123999999999995	0.0228925
copy_path_bench	100K|u8|negcol|pos	0.022848999999999998	0.0425695
copy_path_bench	100K|u8|bcast|pos	0.021248	0.022889
copy_path_bench	100K|i8|C|pos	0.0210735	0.0207695
copy_path_bench	100K|i8|F|pos	0.021118	0.0207485
copy_path_bench	100K|i8|T|pos	0.016721	0.020788
copy_path_bench	100K|i8|strided|pos	0.016532500000000002	0.012499
copy_path_bench	100K|i8|sliced|pos	0.015912	0.0229425
copy_path_bench	100K|i8|negrow|pos	0.0200475	0.023065
copy_path_bench	100K|i8|negcol|pos	0.021845	0.0424415
copy_path_bench	100K|i8|bcast|pos	0.020937	0.023037
copy_path_bench	100K|i16|C|pos	0.015738000000000002	0.0209945
copy_path_bench	100K|i16|F|pos	0.016284	0.020813
copy_path_bench	100K|i16|T|pos	0.015957	0.0208395
copy_path_bench	100K|i16|strided|pos	0.012079	0.0113325
copy_path_bench	100K|i16|sliced|pos	0.015851999999999998	0.0244515
copy_path_bench	100K|i16|negrow|pos	0.01444	0.023647
copy_path_bench	100K|i16|negcol|pos	0.014500500000000001	0.043069
copy_path_bench	100K|i16|bcast|pos	0.01303	0.023303
copy_path_bench	100K|u16|C|pos	0.010716000000000002	0.021115
copy_path_bench	100K|u16|F|pos	0.0112175	0.0208495
copy_path_bench	100K|u16|T|pos	0.0129515	0.0210545
copy_path_bench	100K|u16|strided|pos	0.0105775	0.0108985
copy_path_bench	100K|u16|sliced|pos	0.0129105	0.023528
copy_path_bench	100K|u16|negrow|pos	0.014111499999999999	0.024115
copy_path_bench	100K|u16|negcol|pos	0.011737500000000001	0.042869
copy_path_bench	100K|u16|bcast|pos	0.010412999999999999	0.0232195
copy_path_bench	100K|i32|C|pos	0.022894	0.0208345
copy_path_bench	100K|i32|F|pos	0.022519	0.0211145
copy_path_bench	100K|i32|T|pos	0.0211125	0.0212745
copy_path_bench	100K|i32|strided|pos	0.02139	0.010898
copy_path_bench	100K|i32|sliced|pos	0.0249425	0.027237
copy_path_bench	100K|i32|negrow|pos	0.022060499999999997	0.0276625
copy_path_bench	100K|i32|negcol|pos	0.0371745	0.0425215
copy_path_bench	100K|i32|bcast|pos	0.020783	0.0255545
copy_path_bench	100K|u32|C|pos	0.020061	0.020875
copy_path_bench	100K|u32|F|pos	0.020872	0.0208895
copy_path_bench	100K|u32|T|pos	0.0203045	0.0209
copy_path_bench	100K|u32|strided|pos	0.0196265	0.011004
copy_path_bench	100K|u32|sliced|pos	0.0205605	0.0272655
copy_path_bench	100K|u32|negrow|pos	0.021621	0.02829
copy_path_bench	100K|u32|negcol|pos	0.034302	0.042595
copy_path_bench	100K|u32|bcast|pos	0.0196355	0.025798
copy_path_bench	100K|i64|C|pos	0.045025	0.146462
copy_path_bench	100K|i64|F|pos	0.0417955	0.0651015
copy_path_bench	100K|i64|T|pos	0.040323000000000005	0.0653845
copy_path_bench	100K|i64|strided|pos	0.0251335	0.010958
copy_path_bench	100K|i64|sliced|pos	0.045107	0.121521
copy_path_bench	100K|i64|negrow|pos	0.043611500000000004	0.093173
copy_path_bench	100K|i64|negcol|pos	0.053444000000000005	0.104225
copy_path_bench	100K|i64|bcast|pos	0.043459000000000005	0.057287
copy_path_bench	100K|u64|C|pos	0.0391045	0.028853
copy_path_bench	100K|u64|F|pos	0.043555	0.0297085
copy_path_bench	100K|u64|T|pos	0.0385675	0.030299
copy_path_bench	100K|u64|strided|pos	0.0255375	0.0110695
copy_path_bench	100K|u64|sliced|pos	0.043739	0.0610065
copy_path_bench	100K|u64|negrow|pos	0.040827999999999996	0.065892
copy_path_bench	100K|u64|negcol|pos	0.04445	0.066462
copy_path_bench	100K|u64|bcast|pos	0.0400125	0.044863
copy_path_bench	100K|char|C|pos	0.0088655	0.021757
copy_path_bench	100K|char|F|pos	0.0077715	0.0214965
copy_path_bench	100K|char|T|pos	0.009618999999999999	0.0213
copy_path_bench	100K|char|strided|pos	0.0065035	0.011273
copy_path_bench	100K|char|sliced|pos	0.0101575	0.0254795
copy_path_bench	100K|char|negrow|pos	0.010251	0.02543
copy_path_bench	100K|char|negcol|pos	0.0108165	0.047878
copy_path_bench	100K|char|bcast|pos	0.0099195	0.0254605
copy_path_bench	100K|f16|C|pos	0.0098675	0.0225715
copy_path_bench	100K|f16|F|pos	0.0091945	0.022564
copy_path_bench	100K|f16|T|pos	0.007658000000000001	0.022102
copy_path_bench	100K|f16|strided|pos	0.0082325	0.011753
copy_path_bench	100K|f16|sliced|pos	0.010768999999999999	0.025339
copy_path_bench	100K|f16|negrow|pos	0.010333000000000002	0.025602
copy_path_bench	100K|f16|negcol|pos	0.0109925	0.0440825
copy_path_bench	100K|f16|bcast|pos	0.0109845	0.024244
copy_path_bench	100K|f32|C|pos	0.020593	0.0201335
copy_path_bench	100K|f32|F|pos	0.020535	0.020254
copy_path_bench	100K|f32|T|pos	0.020332	0.021115
copy_path_bench	100K|f32|strided|pos	0.0208005	0.0103345
copy_path_bench	100K|f32|sliced|pos	0.0254395	0.0262805
copy_path_bench	100K|f32|negrow|pos	0.023032499999999997	0.026844
copy_path_bench	100K|f32|negcol|pos	0.039184000000000004	0.0459165
copy_path_bench	100K|f32|bcast|pos	0.028828999999999997	0.025272
copy_path_bench	100K|f64|C|pos	0.057552000000000006	0.026025
copy_path_bench	100K|f64|F|pos	0.054300499999999995	0.0278175
copy_path_bench	100K|f64|T|pos	0.0653915	0.027655
copy_path_bench	100K|f64|strided|pos	0.044204	0.0111685
copy_path_bench	100K|f64|sliced|pos	0.0630005	0.0489485
copy_path_bench	100K|f64|negrow|pos	0.0568915	0.0491275
copy_path_bench	100K|f64|negcol|pos	0.057103	0.0654805
copy_path_bench	100K|f64|bcast|pos	0.0514425	0.043793
copy_path_bench	100K|c128|C|pos	0.1626125	0.405885
copy_path_bench	100K|c128|F|pos	0.16486450000000002	0.423421
copy_path_bench	100K|c128|T|pos	0.1577325	0.42583
copy_path_bench	100K|c128|strided|pos	0.046707	0.121842
copy_path_bench	100K|c128|sliced|pos	0.207847	0.460717
copy_path_bench	100K|c128|negrow|pos	0.2119785	0.453709
copy_path_bench	100K|c128|negcol|pos	0.202437	0.486199
copy_path_bench	100K|c128|bcast|pos	0.200586	0.434533
copy_path_bench	1M|u8|C|pos	0.0539	0.210093
copy_path_bench	1M|u8|F|pos	0.0540125	0.213102
copy_path_bench	1M|u8|T|pos	0.054657500000000005	0.20991
copy_path_bench	1M|u8|strided|pos	0.03099	0.10657
copy_path_bench	1M|u8|sliced|pos	0.054335	0.238485
copy_path_bench	1M|u8|negrow|pos	0.057640000000000004	0.241167
copy_path_bench	1M|u8|negcol|pos	0.06043	0.427778
copy_path_bench	1M|u8|bcast|pos	0.0514275	0.234077
copy_path_bench	1M|i8|C|pos	0.052695000000000006	0.212955
copy_path_bench	1M|i8|F|pos	0.052355	0.216487
copy_path_bench	1M|i8|T|pos	0.052957500000000005	0.216335
copy_path_bench	1M|i8|strided|pos	0.0278675	0.1078
copy_path_bench	1M|i8|sliced|pos	0.0642575	0.239397
copy_path_bench	1M|i8|negrow|pos	0.07304000000000001	0.24243
copy_path_bench	1M|i8|negcol|pos	0.0550575	0.428743
copy_path_bench	1M|i8|bcast|pos	0.0569975	0.23489
copy_path_bench	1M|i16|C|pos	0.178285	0.442567
copy_path_bench	1M|i16|F|pos	0.18954500000000002	0.4431
copy_path_bench	1M|i16|T|pos	0.175815	0.435565
copy_path_bench	1M|i16|strided|pos	0.063845	0.109362
copy_path_bench	1M|i16|sliced|pos	0.237825	0.469562
copy_path_bench	1M|i16|negrow|pos	0.24385249999999997	0.46583
copy_path_bench	1M|i16|negcol|pos	0.23200500000000002	0.635803
copy_path_bench	1M|i16|bcast|pos	0.22033	0.443353
copy_path_bench	1M|u16|C|pos	0.17878	0.414258
copy_path_bench	1M|u16|F|pos	0.18178	0.413555
copy_path_bench	1M|u16|T|pos	0.18222750000000001	0.420747
copy_path_bench	1M|u16|strided|pos	0.0619575	0.107135
copy_path_bench	1M|u16|sliced|pos	0.23221750000000002	0.451332
copy_path_bench	1M|u16|negrow|pos	0.23428	0.46182
copy_path_bench	1M|u16|negcol|pos	0.2333325	0.632865
copy_path_bench	1M|u16|bcast|pos	0.2349825	0.446722
copy_path_bench	1M|i32|C|pos	0.2935075	0.67012
copy_path_bench	1M|i32|F|pos	0.2936075	0.673455
copy_path_bench	1M|i32|T|pos	0.276045	0.653282
copy_path_bench	1M|i32|strided|pos	0.27949250000000003	0.35559
copy_path_bench	1M|i32|sliced|pos	0.341805	0.726592
copy_path_bench	1M|i32|negrow|pos	0.33694	0.752238
copy_path_bench	1M|i32|negcol|pos	0.4150625	0.882152
copy_path_bench	1M|i32|bcast|pos	0.32358750000000003	0.741825
copy_path_bench	1M|u32|C|pos	0.28781500000000004	0.67698
copy_path_bench	1M|u32|F|pos	0.296335	0.65379
copy_path_bench	1M|u32|T|pos	0.2881325	0.65981
copy_path_bench	1M|u32|strided|pos	0.27263000000000004	0.362565
copy_path_bench	1M|u32|sliced|pos	0.35189750000000003	0.721027
copy_path_bench	1M|u32|negrow|pos	0.340885	0.738223
copy_path_bench	1M|u32|negcol|pos	0.399965	0.872397
copy_path_bench	1M|u32|bcast|pos	0.33023250000000004	0.70805
copy_path_bench	1M|i64|C|pos	0.48439249999999995	1.34549
copy_path_bench	1M|i64|F|pos	0.48907	1.30806
copy_path_bench	1M|i64|T|pos	0.47836999999999996	1.26611
copy_path_bench	1M|i64|strided|pos	0.3651475	0.690205
copy_path_bench	1M|i64|sliced|pos	0.52919	1.43205
copy_path_bench	1M|i64|negrow|pos	0.5685925000000001	1.46105
copy_path_bench	1M|i64|negcol|pos	0.6023525000000001	1.52904
copy_path_bench	1M|i64|bcast|pos	0.5811725	1.3356
copy_path_bench	1M|u64|C|pos	0.4891225	1.32728
copy_path_bench	1M|u64|F|pos	0.480285	1.28164
copy_path_bench	1M|u64|T|pos	0.4948175	1.34135
copy_path_bench	1M|u64|strided|pos	0.3815925	0.675357
copy_path_bench	1M|u64|sliced|pos	0.5407775	1.41238
copy_path_bench	1M|u64|negrow|pos	0.55386	1.4401
copy_path_bench	1M|u64|negcol|pos	0.5181225	1.62482
copy_path_bench	1M|u64|bcast|pos	0.5550775	1.38158
copy_path_bench	1M|char|C|pos	0.181065	0.415777
copy_path_bench	1M|char|F|pos	0.1838725	0.415267
copy_path_bench	1M|char|T|pos	0.186405	0.418252
copy_path_bench	1M|char|strided|pos	0.07286000000000001	0.10653
copy_path_bench	1M|char|sliced|pos	0.2347175	0.449293
copy_path_bench	1M|char|negrow|pos	0.23281749999999998	0.452928
copy_path_bench	1M|char|negcol|pos	0.2318625	0.621448
copy_path_bench	1M|char|bcast|pos	0.2322925	0.432155
copy_path_bench	1M|f16|C|pos	0.1837125	0.411525
copy_path_bench	1M|f16|F|pos	0.1797425	0.437405
copy_path_bench	1M|f16|T|pos	0.1760975	0.412445
copy_path_bench	1M|f16|strided|pos	0.0745075	0.107533
copy_path_bench	1M|f16|sliced|pos	0.23442	0.45579
copy_path_bench	1M|f16|negrow|pos	0.23681999999999997	0.45324
copy_path_bench	1M|f16|negcol|pos	0.2362425	0.63926
copy_path_bench	1M|f16|bcast|pos	0.22897249999999997	0.432677
copy_path_bench	1M|f32|C|pos	0.28996	0.664505
copy_path_bench	1M|f32|F|pos	0.28799	0.678407
copy_path_bench	1M|f32|T|pos	0.27867000000000003	0.682408
copy_path_bench	1M|f32|strided|pos	0.25871	0.371385
copy_path_bench	1M|f32|sliced|pos	0.353065	0.73542
copy_path_bench	1M|f32|negrow|pos	0.346515	0.747942
copy_path_bench	1M|f32|negcol|pos	0.400865	0.88063
copy_path_bench	1M|f32|bcast|pos	0.3345625	0.71692
copy_path_bench	1M|f64|C|pos	0.512315	1.34471
copy_path_bench	1M|f64|F|pos	0.49982249999999995	1.32419
copy_path_bench	1M|f64|T|pos	0.4952425	1.38185
copy_path_bench	1M|f64|strided|pos	0.44528749999999995	0.73397
copy_path_bench	1M|f64|sliced|pos	0.6050175	1.43878
copy_path_bench	1M|f64|negrow|pos	0.5883425	1.45163
copy_path_bench	1M|f64|negcol|pos	0.575195	1.64998
copy_path_bench	1M|f64|bcast|pos	0.5638375	1.3835
copy_path_bench	1M|c128|C|pos	0.5064075	3.96208
copy_path_bench	1M|c128|F|pos	0.5338849999999999	4.95823
copy_path_bench	1M|c128|T|pos	0.5659824999999999	4.74483
copy_path_bench	1M|c128|strided|pos	0.74073	2.7501
copy_path_bench	1M|c128|sliced|pos	1.1669675	5.03451
copy_path_bench	1M|c128|negrow|pos	1.17463	5.07685
copy_path_bench	1M|c128|negcol|pos	1.4668075	5.91914
copy_path_bench	1M|c128|bcast|pos	0.8648975	5.03788
elementwise_layout_bench	100K|f64|C|add	0.081954	0.164645
elementwise_layout_bench	100K|f64|C|mul	0.083831	0.162647
elementwise_layout_bench	100K|f64|C|neg	0.08463599999999999	0.0603215
elementwise_layout_bench	100K|f64|C|abs	0.084671	0.055896
elementwise_layout_bench	100K|f64|C|sqrt	0.100936	0.088022
elementwise_layout_bench	100K|f64|C|less	0.0289855	0.007296
elementwise_layout_bench	100K|f64|C|copy	0.08648	0.0424275
elementwise_layout_bench	100K|f64|F|add	0.088077	0.045872
elementwise_layout_bench	100K|f64|F|mul	0.085454	0.0455015
elementwise_layout_bench	100K|f64|F|neg	0.08429600000000001	0.0310285
elementwise_layout_bench	100K|f64|F|abs	0.0837795	0.02729
elementwise_layout_bench	100K|f64|F|sqrt	0.0949385	0.0675805
elementwise_layout_bench	100K|f64|F|less	0.02661	0.007228
elementwise_layout_bench	100K|f64|F|copy	0.084825	0.041895
elementwise_layout_bench	100K|f64|T|add	0.08007049999999999	0.0313335
elementwise_layout_bench	100K|f64|T|mul	0.080183	0.030203
elementwise_layout_bench	100K|f64|T|neg	0.0827505	0.03116
elementwise_layout_bench	100K|f64|T|abs	0.084102	0.0292015
elementwise_layout_bench	100K|f64|T|sqrt	0.09098800000000001	0.0684455
elementwise_layout_bench	100K|f64|T|less	0.0251825	0.006926
elementwise_layout_bench	100K|f64|T|copy	0.077458	0.043231
elementwise_layout_bench	100K|f64|strided|add	0.061605999999999994	0.01464
elementwise_layout_bench	100K|f64|strided|mul	0.0600915	0.014099
elementwise_layout_bench	100K|f64|strided|neg	0.0608725	0.00911
elementwise_layout_bench	100K|f64|strided|abs	0.060757000000000005	0.0076685
elementwise_layout_bench	100K|f64|strided|sqrt	0.06511549999999999	0.0279205
elementwise_layout_bench	100K|f64|strided|less	0.0494575	0.0168895
elementwise_layout_bench	100K|f64|strided|copy	0.050179	0.0104705
elementwise_layout_bench	100K|f64|sliced|add	0.065182	0.103961
elementwise_layout_bench	100K|f64|sliced|mul	0.06959749999999999	0.0994
elementwise_layout_bench	100K|f64|sliced|neg	0.075849	0.0562665
elementwise_layout_bench	100K|f64|sliced|abs	0.07011	0.042938
elementwise_layout_bench	100K|f64|sliced|sqrt	0.0736245	0.08323
elementwise_layout_bench	100K|f64|sliced|less	0.074904	0.034331
elementwise_layout_bench	100K|f64|sliced|copy	0.0649555	0.0175975
elementwise_layout_bench	100K|f64|negrow|add	0.0679625	0.0859485
elementwise_layout_bench	100K|f64|negrow|mul	0.0688415	0.0804765
elementwise_layout_bench	100K|f64|negrow|neg	0.0690535	0.04409
elementwise_layout_bench	100K|f64|negrow|abs	0.0655075	0.0434375
elementwise_layout_bench	100K|f64|negrow|sqrt	0.071897	0.084024
elementwise_layout_bench	100K|f64|negrow|less	0.067047	0.03524
elementwise_layout_bench	100K|f64|negrow|copy	0.061844	0.0185595
elementwise_layout_bench	100K|f64|negcol|add	0.0685155	0.114021
elementwise_layout_bench	100K|f64|negcol|mul	0.0637885	0.112439
elementwise_layout_bench	100K|f64|negcol|neg	0.057798999999999996	0.0625725
elementwise_layout_bench	100K|f64|negcol|abs	0.054034500000000006	0.060918
elementwise_layout_bench	100K|f64|negcol|sqrt	0.072281	0.103728
elementwise_layout_bench	100K|f64|negcol|less	0.0757995	0.074286
elementwise_layout_bench	100K|f64|negcol|copy	0.052958	0.032535
elementwise_layout_bench	100K|f64|bcast|add	0.0486215	0.0585175
elementwise_layout_bench	100K|f64|bcast|mul	0.052093	0.058429
elementwise_layout_bench	100K|f64|bcast|neg	0.0446635	0.044123
elementwise_layout_bench	100K|f64|bcast|abs	0.0449805	0.039917
elementwise_layout_bench	100K|f64|bcast|sqrt	0.0689615	0.079554
elementwise_layout_bench	100K|f64|bcast|less	0.049837	0.031532
elementwise_layout_bench	100K|f64|bcast|copy	0.044996	0.0146805
elementwise_layout_bench	100K|f32|C|add	0.025205500000000002	0.0068915
elementwise_layout_bench	100K|f32|C|mul	0.0312005	0.0067655
elementwise_layout_bench	100K|f32|C|neg	0.024274499999999997	0.006804
elementwise_layout_bench	100K|f32|C|abs	0.0379885	0.0059695
elementwise_layout_bench	100K|f32|C|sqrt	0.030511	0.0147865
elementwise_layout_bench	100K|f32|C|less	0.012646999999999999	0.0039615
elementwise_layout_bench	100K|f32|C|copy	0.0283425	0.005913
elementwise_layout_bench	100K|f32|F|add	0.023204500000000003	0.006662
elementwise_layout_bench	100K|f32|F|mul	0.027937	0.0067725
elementwise_layout_bench	100K|f32|F|neg	0.0239465	0.0062375
elementwise_layout_bench	100K|f32|F|abs	0.022416000000000002	0.0067925
elementwise_layout_bench	100K|f32|F|sqrt	0.022313999999999997	0.014343
elementwise_layout_bench	100K|f32|F|less	0.009379499999999999	0.0051535
elementwise_layout_bench	100K|f32|F|copy	0.0399755	0.021617
elementwise_layout_bench	100K|f32|T|add	0.02007	0.0059905
elementwise_layout_bench	100K|f32|T|mul	0.0223665	0.005878
elementwise_layout_bench	100K|f32|T|neg	0.020916999999999998	0.006827
elementwise_layout_bench	100K|f32|T|abs	0.019071	0.0057815
elementwise_layout_bench	100K|f32|T|sqrt	0.021584	0.014225
elementwise_layout_bench	100K|f32|T|less	0.012109000000000002	0.004023
elementwise_layout_bench	100K|f32|T|copy	0.040683	0.0213885
elementwise_layout_bench	100K|f32|strided|add	0.020175000000000002	0.013958
elementwise_layout_bench	100K|f32|strided|mul	0.0201215	0.0137435
elementwise_layout_bench	100K|f32|strided|neg	0.018249	0.0058705
elementwise_layout_bench	100K|f32|strided|abs	0.0170465	0.006356
elementwise_layout_bench	100K|f32|strided|sqrt	0.015367500000000001	0.0079845
elementwise_layout_bench	100K|f32|strided|less	0.035458500000000004	0.0169305
elementwise_layout_bench	100K|f32|strided|copy	0.023274499999999997	0.0097995
elementwise_layout_bench	100K|f32|sliced|add	0.025424000000000002	0.020958
elementwise_layout_bench	100K|f32|sliced|mul	0.0219765	0.020167
elementwise_layout_bench	100K|f32|sliced|neg	0.02276	0.0132225
elementwise_layout_bench	100K|f32|sliced|abs	0.020919	0.01291
elementwise_layout_bench	100K|f32|sliced|sqrt	0.021703	0.0209285
elementwise_layout_bench	100K|f32|sliced|less	0.048716	0.018966
elementwise_layout_bench	100K|f32|sliced|copy	0.0223175	0.0064185
elementwise_layout_bench	100K|f32|negrow|add	0.024814	0.0209305
elementwise_layout_bench	100K|f32|negrow|mul	0.022136	0.020892
elementwise_layout_bench	100K|f32|negrow|neg	0.0237095	0.0135405
elementwise_layout_bench	100K|f32|negrow|abs	0.024468999999999998	0.012908
elementwise_layout_bench	100K|f32|negrow|sqrt	0.024697499999999997	0.0208455
elementwise_layout_bench	100K|f32|negrow|less	0.050061999999999995	0.0193305
elementwise_layout_bench	100K|f32|negrow|copy	0.0209275	0.00701
elementwise_layout_bench	100K|f32|negcol|add	0.027854999999999998	0.0504825
elementwise_layout_bench	100K|f32|negcol|mul	0.029163	0.050755
elementwise_layout_bench	100K|f32|negcol|neg	0.0243915	0.0284455
elementwise_layout_bench	100K|f32|negcol|abs	0.028320500000000002	0.027305
elementwise_layout_bench	100K|f32|negcol|sqrt	0.025767500000000002	0.0354965
elementwise_layout_bench	100K|f32|negcol|less	0.068498	0.047752
elementwise_layout_bench	100K|f32|negcol|copy	0.0387885	0.020821
elementwise_layout_bench	100K|f32|bcast|add	0.023793500000000002	0.019153
elementwise_layout_bench	100K|f32|bcast|mul	0.0230155	0.019112
elementwise_layout_bench	100K|f32|bcast|neg	0.021753	0.0121145
elementwise_layout_bench	100K|f32|bcast|abs	0.020531999999999998	0.0119995
elementwise_layout_bench	100K|f32|bcast|sqrt	0.0227785	0.0187205
elementwise_layout_bench	100K|f32|bcast|less	0.051785500000000005	0.0159505
elementwise_layout_bench	100K|f32|bcast|copy	0.020079	0.005
elementwise_layout_bench	100K|c128|C|add	0.241389	0.296978
elementwise_layout_bench	100K|c128|C|mul	0.23980149999999997	0.295441
elementwise_layout_bench	100K|c128|C|neg	0.24364550000000001	0.428153
elementwise_layout_bench	100K|c128|C|abs	0.2131945	0.0923185
elementwise_layout_bench	100K|c128|C|sqrt	0.7080804999999999	0.967501
elementwise_layout_bench	100K|c128|C|less	0.1853525	0.0817355
elementwise_layout_bench	100K|c128|C|copy	0.19967649999999998	0.259533
elementwise_layout_bench	100K|c128|F|add	0.249213	0.340441
elementwise_layout_bench	100K|c128|F|mul	0.2553015	0.338432
elementwise_layout_bench	100K|c128|F|neg	0.241531	0.415082
elementwise_layout_bench	100K|c128|F|abs	0.1990405	0.088401
elementwise_layout_bench	100K|c128|F|sqrt	0.7179030000000001	0.921926
elementwise_layout_bench	100K|c128|F|less	0.1965845	0.077078
elementwise_layout_bench	100K|c128|F|copy	0.2753085	0.340329
elementwise_layout_bench	100K|c128|T|add	0.2540525	0.299793
elementwise_layout_bench	100K|c128|T|mul	0.255428	0.305241
elementwise_layout_bench	100K|c128|T|neg	0.25387550000000003	0.407235
elementwise_layout_bench	100K|c128|T|abs	0.20005199999999998	0.088916
elementwise_layout_bench	100K|c128|T|sqrt	0.727844	0.868885
elementwise_layout_bench	100K|c128|T|less	0.19115100000000002	0.0735755
elementwise_layout_bench	100K|c128|T|copy	0.235096	0.342817
elementwise_layout_bench	100K|c128|strided|add	0.059081	0.0349695
elementwise_layout_bench	100K|c128|strided|mul	0.060734500000000004	0.02988
elementwise_layout_bench	100K|c128|strided|neg	0.057461000000000005	0.134846
elementwise_layout_bench	100K|c128|strided|abs	0.1204745	0.048785
elementwise_layout_bench	100K|c128|strided|sqrt	0.31454	0.35464
elementwise_layout_bench	100K|c128|strided|less	0.09143549999999999	0.0420115
elementwise_layout_bench	100K|c128|strided|copy	0.050687499999999996	0.0558205
elementwise_layout_bench	100K|c128|sliced|add	0.22527	0.361121
elementwise_layout_bench	100K|c128|sliced|mul	0.2356795	0.361786
elementwise_layout_bench	100K|c128|sliced|neg	0.2606055	0.422991
elementwise_layout_bench	100K|c128|sliced|abs	0.219196	0.123113
elementwise_layout_bench	100K|c128|sliced|sqrt	0.6673065	0.89148
elementwise_layout_bench	100K|c128|sliced|less	0.191327	0.113955
elementwise_layout_bench	100K|c128|sliced|copy	0.22595500000000002	0.301271
elementwise_layout_bench	100K|c128|negrow|add	0.2264525	0.367371
elementwise_layout_bench	100K|c128|negrow|mul	0.228405	0.361108
elementwise_layout_bench	100K|c128|negrow|neg	0.221857	0.432491
elementwise_layout_bench	100K|c128|negrow|abs	0.2095775	0.128295
elementwise_layout_bench	100K|c128|negrow|sqrt	0.6672969999999999	0.894361
elementwise_layout_bench	100K|c128|negrow|less	0.21246099999999998	0.117329
elementwise_layout_bench	100K|c128|negrow|copy	0.2609615	0.295219
elementwise_layout_bench	100K|c128|negcol|add	0.2349385	0.437386
elementwise_layout_bench	100K|c128|negcol|mul	0.23592449999999998	0.42392
elementwise_layout_bench	100K|c128|negcol|neg	0.255107	0.470396
elementwise_layout_bench	100K|c128|negcol|abs	0.297971	0.170869
elementwise_layout_bench	100K|c128|negcol|sqrt	0.7585989999999999	0.939882
elementwise_layout_bench	100K|c128|negcol|less	0.210449	0.221765
elementwise_layout_bench	100K|c128|negcol|copy	0.2464645	0.301381
elementwise_layout_bench	100K|c128|bcast|add	0.2217425	0.346151
elementwise_layout_bench	100K|c128|bcast|mul	0.23854050000000002	0.322597
elementwise_layout_bench	100K|c128|bcast|neg	0.233856	0.418903
elementwise_layout_bench	100K|c128|bcast|abs	0.22507549999999998	0.115278
elementwise_layout_bench	100K|c128|bcast|sqrt	0.6918085	0.884141
elementwise_layout_bench	100K|c128|bcast|less	0.19339950000000003	0.106049
elementwise_layout_bench	100K|c128|bcast|copy	0.2106895	0.297998
elementwise_layout_bench	100K|f16|C|add	0.49073300000000003	0.292151
elementwise_layout_bench	100K|f16|C|mul	0.49688499999999997	0.277629
elementwise_layout_bench	100K|f16|C|neg	0.030082	0.026492
elementwise_layout_bench	100K|f16|C|abs	0.024619	0.0281985
elementwise_layout_bench	100K|f16|C|sqrt	0.3629035	0.402016
elementwise_layout_bench	100K|f16|C|less	0.117783	0.111224
elementwise_layout_bench	100K|f16|C|copy	0.0134885	0.0031045
elementwise_layout_bench	100K|f16|F|add	0.48062	0.285911
elementwise_layout_bench	100K|f16|F|mul	0.4810425	0.278601
elementwise_layout_bench	100K|f16|F|neg	0.027474500000000002	0.026321
elementwise_layout_bench	100K|f16|F|abs	0.025145	0.027987
elementwise_layout_bench	100K|f16|F|sqrt	0.3431675	0.406686
elementwise_layout_bench	100K|f16|F|less	0.1127855	0.110978
elementwise_layout_bench	100K|f16|F|copy	0.0508625	0.0210185
elementwise_layout_bench	100K|f16|T|add	0.472943	0.288646
elementwise_layout_bench	100K|f16|T|mul	0.48965899999999996	0.277504
elementwise_layout_bench	100K|f16|T|neg	0.0323695	0.0276295
elementwise_layout_bench	100K|f16|T|abs	0.026633499999999997	0.0291345
elementwise_layout_bench	100K|f16|T|sqrt	0.3454575	0.403889
elementwise_layout_bench	100K|f16|T|less	0.11333	0.112872
elementwise_layout_bench	100K|f16|T|copy	0.052105	0.0213195
elementwise_layout_bench	100K|f16|strided|add	0.272821	0.16086
elementwise_layout_bench	100K|f16|strided|mul	0.2770665	0.167926
elementwise_layout_bench	100K|f16|strided|neg	0.029014500000000002	0.014003
elementwise_layout_bench	100K|f16|strided|abs	0.0283315	0.0148515
elementwise_layout_bench	100K|f16|strided|sqrt	0.19344	0.203689
elementwise_layout_bench	100K|f16|strided|less	0.0791475	0.0563945
elementwise_layout_bench	100K|f16|strided|copy	0.009696	0.0096865
elementwise_layout_bench	100K|f16|sliced|add	0.4759205	0.285897
elementwise_layout_bench	100K|f16|sliced|mul	0.4806185	0.282541
elementwise_layout_bench	100K|f16|sliced|neg	0.0362195	0.028924
elementwise_layout_bench	100K|f16|sliced|abs	0.036271	0.0291905
elementwise_layout_bench	100K|f16|sliced|sqrt	0.3487945	0.389071
elementwise_layout_bench	100K|f16|sliced|less	0.12594	0.116343
elementwise_layout_bench	100K|f16|sliced|copy	0.010536	0.003872
elementwise_layout_bench	100K|f16|negrow|add	0.48763599999999996	0.291798
elementwise_layout_bench	100K|f16|negrow|mul	0.4852525	0.288442
elementwise_layout_bench	100K|f16|negrow|neg	0.035926	0.0295145
elementwise_layout_bench	100K|f16|negrow|abs	0.0368005	0.0293295
elementwise_layout_bench	100K|f16|negrow|sqrt	0.362345	0.388054
elementwise_layout_bench	100K|f16|negrow|less	0.1235185	0.119784
elementwise_layout_bench	100K|f16|negrow|copy	0.01675	0.003927
elementwise_layout_bench	100K|f16|negcol|add	0.5334525	0.321675
elementwise_layout_bench	100K|f16|negcol|mul	0.5380185000000001	0.321839
elementwise_layout_bench	100K|f16|negcol|neg	0.0546595	0.0478745
elementwise_layout_bench	100K|f16|negcol|abs	0.052975	0.0489665
elementwise_layout_bench	100K|f16|negcol|sqrt	0.379225	0.405023
elementwise_layout_bench	100K|f16|negcol|less	0.1412535	0.155666
elementwise_layout_bench	100K|f16|negcol|copy	0.0182635	0.0217425
elementwise_layout_bench	100K|f16|bcast|add	0.4795205	0.28702
elementwise_layout_bench	100K|f16|bcast|mul	0.48151200000000005	0.285946
elementwise_layout_bench	100K|f16|bcast|neg	0.0357645	0.0288795
elementwise_layout_bench	100K|f16|bcast|abs	0.037296	0.0287415
elementwise_layout_bench	100K|f16|bcast|sqrt	0.3526195	0.383008
elementwise_layout_bench	100K|f16|bcast|less	0.12940300000000002	0.115657
elementwise_layout_bench	100K|f16|bcast|copy	0.012765	0.003254
elementwise_layout_bench	100K|i32|C|add	0.0220685	0.028845
elementwise_layout_bench	100K|i32|C|mul	0.021955	0.0282425
elementwise_layout_bench	100K|i32|C|neg	0.022692999999999998	0.006474
elementwise_layout_bench	100K|i32|C|abs	0.0197985	0.028921
elementwise_layout_bench	100K|i32|C|sqrt	0.1412385	0.0903345
elementwise_layout_bench	100K|i32|C|less	0.0102675	0.0060985
elementwise_layout_bench	100K|i32|C|copy	0.0198425	0.0059245
elementwise_layout_bench	100K|i32|F|add	0.020694	0.02861
elementwise_layout_bench	100K|i32|F|mul	0.01978	0.028021
elementwise_layout_bench	100K|i32|F|neg	0.020038	0.006205
elementwise_layout_bench	100K|i32|F|abs	0.0206345	0.02857
elementwise_layout_bench	100K|i32|F|sqrt	0.1407585	0.0904055
elementwise_layout_bench	100K|i32|F|less	0.0112945	0.0062655
elementwise_layout_bench	100K|i32|F|copy	0.037258	0.021472
elementwise_layout_bench	100K|i32|T|add	0.016711	0.029227
elementwise_layout_bench	100K|i32|T|mul	0.018047	0.029051
elementwise_layout_bench	100K|i32|T|neg	0.0163285	0.0065905
elementwise_layout_bench	100K|i32|T|abs	0.018549	0.029116
elementwise_layout_bench	100K|i32|T|sqrt	0.14052199999999998	0.091789
elementwise_layout_bench	100K|i32|T|less	0.0120815	0.0061825
elementwise_layout_bench	100K|i32|T|copy	0.037296499999999996	0.0211995
elementwise_layout_bench	100K|i32|strided|add	0.0203135	0.0167135
elementwise_layout_bench	100K|i32|strided|mul	0.019547000000000002	0.014683
elementwise_layout_bench	100K|i32|strided|neg	0.0159465	0.005981
elementwise_layout_bench	100K|i32|strided|abs	0.020257999999999998	0.014946
elementwise_layout_bench	100K|i32|strided|sqrt	0.072763	0.04307
elementwise_layout_bench	100K|i32|strided|less	0.0335285	0.0168835
elementwise_layout_bench	100K|i32|strided|copy	0.021060500000000003	0.009605
elementwise_layout_bench	100K|i32|sliced|add	0.0241795	0.0405595
elementwise_layout_bench	100K|i32|sliced|mul	0.021770499999999998	0.0404845
elementwise_layout_bench	100K|i32|sliced|neg	0.0217435	0.013606
elementwise_layout_bench	100K|i32|sliced|abs	0.023293499999999998	0.0351325
elementwise_layout_bench	100K|i32|sliced|sqrt	0.1150175	0.09147
elementwise_layout_bench	100K|i32|sliced|less	0.042727	0.0194395
elementwise_layout_bench	100K|i32|sliced|copy	0.022899500000000003	0.006212
elementwise_layout_bench	100K|i32|negrow|add	0.0226195	0.041991
elementwise_layout_bench	100K|i32|negrow|mul	0.025363000000000004	0.040385
elementwise_layout_bench	100K|i32|negrow|neg	0.0250105	0.013662
elementwise_layout_bench	100K|i32|negrow|abs	0.02396	0.0362945
elementwise_layout_bench	100K|i32|negrow|sqrt	0.122524	0.094386
elementwise_layout_bench	100K|i32|negrow|less	0.0489675	0.0191725
elementwise_layout_bench	100K|i32|negrow|copy	0.0249365	0.006433
elementwise_layout_bench	100K|i32|negcol|add	0.030789	0.0715295
elementwise_layout_bench	100K|i32|negcol|mul	0.030608499999999997	0.0707065
elementwise_layout_bench	100K|i32|negcol|neg	0.0290065	0.0288
elementwise_layout_bench	100K|i32|negcol|abs	0.025997499999999996	0.05015
elementwise_layout_bench	100K|i32|negcol|sqrt	0.1278825	0.0987345
elementwise_layout_bench	100K|i32|negcol|less	0.069579	0.0490595
elementwise_layout_bench	100K|i32|negcol|copy	0.0353715	0.0208025
elementwise_layout_bench	100K|i32|bcast|add	0.0257005	0.0376785
elementwise_layout_bench	100K|i32|bcast|mul	0.025258	0.0373455
elementwise_layout_bench	100K|i32|bcast|neg	0.025202	0.0119945
elementwise_layout_bench	100K|i32|bcast|abs	0.0278915	0.033502
elementwise_layout_bench	100K|i32|bcast|sqrt	0.110739	0.0913545
elementwise_layout_bench	100K|i32|bcast|less	0.054741	0.016149
elementwise_layout_bench	100K|i32|bcast|copy	0.0241975	0.0050455
elementwise_layout_bench	100K|i64|C|add	0.051308999999999994	0.0323135
elementwise_layout_bench	100K|i64|C|mul	0.060578	0.0316965
elementwise_layout_bench	100K|i64|C|neg	0.0570065	0.0163125
elementwise_layout_bench	100K|i64|C|abs	0.0753645	0.033592
elementwise_layout_bench	100K|i64|C|sqrt	0.154161	0.086864
elementwise_layout_bench	100K|i64|C|less	0.0164955	0.017914
elementwise_layout_bench	100K|i64|C|copy	0.0565095	0.0160185
elementwise_layout_bench	100K|i64|F|add	0.06070299999999999	0.032305
elementwise_layout_bench	100K|i64|F|mul	0.057992	0.0318535
elementwise_layout_bench	100K|i64|F|neg	0.053807	0.0183395
elementwise_layout_bench	100K|i64|F|abs	0.0546855	0.03267
elementwise_layout_bench	100K|i64|F|sqrt	0.1477595	0.086893
elementwise_layout_bench	100K|i64|F|less	0.0182865	0.017783
elementwise_layout_bench	100K|i64|F|copy	0.055763999999999994	0.0322345
elementwise_layout_bench	100K|i64|T|add	0.050332499999999995	0.0326
elementwise_layout_bench	100K|i64|T|mul	0.046551999999999996	0.0315845
elementwise_layout_bench	100K|i64|T|neg	0.04488400000000001	0.015819
elementwise_layout_bench	100K|i64|T|abs	0.049409	0.0332875
elementwise_layout_bench	100K|i64|T|sqrt	0.152725	0.085801
elementwise_layout_bench	100K|i64|T|less	0.014229499999999999	0.017854
elementwise_layout_bench	100K|i64|T|copy	0.047207	0.0294725
elementwise_layout_bench	100K|i64|strided|add	0.025740500000000003	0.0151895
elementwise_layout_bench	100K|i64|strided|mul	0.037985000000000005	0.0146785
elementwise_layout_bench	100K|i64|strided|neg	0.032811	0.0076195
elementwise_layout_bench	100K|i64|strided|abs	0.03746	0.016107
elementwise_layout_bench	100K|i64|strided|sqrt	0.0706935	0.0410685
elementwise_layout_bench	100K|i64|strided|less	0.041951999999999996	0.0173765
elementwise_layout_bench	100K|i64|strided|copy	0.027465000000000003	0.0106915
elementwise_layout_bench	100K|i64|sliced|add	0.038318	0.066989
elementwise_layout_bench	100K|i64|sliced|mul	0.0461465	0.0644665
elementwise_layout_bench	100K|i64|sliced|neg	0.0486705	0.03911
elementwise_layout_bench	100K|i64|sliced|abs	0.05135049999999999	0.0540005
elementwise_layout_bench	100K|i64|sliced|sqrt	0.1182995	0.088729
elementwise_layout_bench	100K|i64|sliced|less	0.0524265	0.03978
elementwise_layout_bench	100K|i64|sliced|copy	0.047916999999999994	0.016425
elementwise_layout_bench	100K|i64|negrow|add	0.049788	0.081407
elementwise_layout_bench	100K|i64|negrow|mul	0.054026500000000005	0.080941
elementwise_layout_bench	100K|i64|negrow|neg	0.051912	0.038793
elementwise_layout_bench	100K|i64|negrow|abs	0.0633425	0.0539515
elementwise_layout_bench	100K|i64|negrow|sqrt	0.119677	0.089459
elementwise_layout_bench	100K|i64|negrow|less	0.047855	0.0405395
elementwise_layout_bench	100K|i64|negrow|copy	0.049627	0.016383
elementwise_layout_bench	100K|i64|negcol|add	0.049911500000000004	0.114915
elementwise_layout_bench	100K|i64|negcol|mul	0.075385	0.114276
elementwise_layout_bench	100K|i64|negcol|neg	0.0603085	0.0558455
elementwise_layout_bench	100K|i64|negcol|abs	0.0800595	0.0691745
elementwise_layout_bench	100K|i64|negcol|sqrt	0.13246449999999999	0.0951765
elementwise_layout_bench	100K|i64|negcol|less	0.0748865	0.071322
elementwise_layout_bench	100K|i64|negcol|copy	0.048792999999999996	0.0271535
elementwise_layout_bench	100K|i64|bcast|add	0.051331499999999995	0.0617865
elementwise_layout_bench	100K|i64|bcast|mul	0.0489535	0.059893
elementwise_layout_bench	100K|i64|bcast|neg	0.0469045	0.0371885
elementwise_layout_bench	100K|i64|bcast|abs	0.0549205	0.049273
elementwise_layout_bench	100K|i64|bcast|sqrt	0.11424799999999999	0.088237
elementwise_layout_bench	100K|i64|bcast|less	0.04429	0.035847
elementwise_layout_bench	100K|i64|bcast|copy	0.044417	0.0142185
elementwise_layout_bench	1M|f64|C|add	0.5935566666666666	1.34363
elementwise_layout_bench	1M|f64|C|mul	0.5666366666666666	1.36013
elementwise_layout_bench	1M|f64|C|neg	0.5937533333333334	1.37257
elementwise_layout_bench	1M|f64|C|abs	0.5887666666666667	1.26975
elementwise_layout_bench	1M|f64|C|sqrt	0.7763966666666666	1.33714
elementwise_layout_bench	1M|f64|C|less	0.18367999999999998	0.11845
elementwise_layout_bench	1M|f64|C|copy	0.4796666666666667	0.971107
elementwise_layout_bench	1M|f64|F|add	0.5502	1.3924
elementwise_layout_bench	1M|f64|F|mul	0.5968166666666667	1.37259
elementwise_layout_bench	1M|f64|F|neg	0.54964	1.36367
elementwise_layout_bench	1M|f64|F|abs	0.5508000000000001	1.28485
elementwise_layout_bench	1M|f64|F|sqrt	0.7674566666666667	1.34219
elementwise_layout_bench	1M|f64|F|less	0.17287	0.11872
elementwise_layout_bench	1M|f64|F|copy	0.9479566666666667	1.56512
elementwise_layout_bench	1M|f64|T|add	0.5707966666666666	1.36396
elementwise_layout_bench	1M|f64|T|mul	0.5452633333333333	1.37503
elementwise_layout_bench	1M|f64|T|neg	0.5097700000000001	1.36519
elementwise_layout_bench	1M|f64|T|abs	0.6679866666666666	1.26494
elementwise_layout_bench	1M|f64|T|sqrt	0.77557	1.32321
elementwise_layout_bench	1M|f64|T|less	0.19140666666666667	0.113313
elementwise_layout_bench	1M|f64|T|copy	1.0166033333333333	1.51145
elementwise_layout_bench	1M|f64|strided|add	0.4362066666666667	0.650427
elementwise_layout_bench	1M|f64|strided|mul	0.46419000000000005	0.659173
elementwise_layout_bench	1M|f64|strided|neg	0.42673	0.68109
elementwise_layout_bench	1M|f64|strided|abs	0.4204333333333333	0.69155
elementwise_layout_bench	1M|f64|strided|sqrt	0.4518133333333333	0.672297
elementwise_layout_bench	1M|f64|strided|less	0.37555333333333335	0.17155
elementwise_layout_bench	1M|f64|strided|copy	0.44684666666666667	0.638857
elementwise_layout_bench	1M|f64|sliced|add	0.6989066666666666	1.59991
elementwise_layout_bench	1M|f64|sliced|mul	0.6193666666666666	1.60441
elementwise_layout_bench	1M|f64|sliced|neg	0.6071433333333334	1.50566
elementwise_layout_bench	1M|f64|sliced|abs	0.64357	1.37838
elementwise_layout_bench	1M|f64|sliced|sqrt	0.80672	1.46308
elementwise_layout_bench	1M|f64|sliced|less	0.5433933333333333	0.383463
elementwise_layout_bench	1M|f64|sliced|copy	0.5184766666666667	1.37704
elementwise_layout_bench	1M|f64|negrow|add	0.5687733333333332	1.62936
elementwise_layout_bench	1M|f64|negrow|mul	0.5875833333333333	1.5951
elementwise_layout_bench	1M|f64|negrow|neg	0.6030033333333333	1.51944
elementwise_layout_bench	1M|f64|negrow|abs	0.5874733333333333	1.40663
elementwise_layout_bench	1M|f64|negrow|sqrt	0.82681	1.52963
elementwise_layout_bench	1M|f64|negrow|less	0.5721900000000001	0.39629
elementwise_layout_bench	1M|f64|negrow|copy	0.6611866666666667	1.40447
elementwise_layout_bench	1M|f64|negcol|add	0.7509233333333333	1.86608
elementwise_layout_bench	1M|f64|negcol|mul	1.75241	1.9004
elementwise_layout_bench	1M|f64|negcol|neg	0.7960366666666666	1.59079
elementwise_layout_bench	1M|f64|negcol|abs	0.5866733333333334	1.59858
elementwise_layout_bench	1M|f64|negcol|sqrt	0.9141066666666667	1.63211
elementwise_layout_bench	1M|f64|negcol|less	0.7672133333333334	0.720223
elementwise_layout_bench	1M|f64|negcol|copy	0.7806133333333333	1.30067
elementwise_layout_bench	1M|f64|bcast|add	0.6035866666666667	1.49518
elementwise_layout_bench	1M|f64|bcast|mul	0.5558533333333333	1.5206
elementwise_layout_bench	1M|f64|bcast|neg	0.6271066666666666	1.43962
elementwise_layout_bench	1M|f64|bcast|abs	0.5885566666666667	1.26955
elementwise_layout_bench	1M|f64|bcast|sqrt	0.7798233333333333	1.388
elementwise_layout_bench	1M|f64|bcast|less	0.5297466666666667	0.319747
elementwise_layout_bench	1M|f64|bcast|copy	0.6551933333333333	1.32879
elementwise_layout_bench	1M|f32|C|add	0.3833433333333333	0.701857
elementwise_layout_bench	1M|f32|C|mul	0.38004	0.69699
elementwise_layout_bench	1M|f32|C|neg	0.38584333333333337	0.6825
elementwise_layout_bench	1M|f32|C|abs	0.36854333333333333	0.658697
elementwise_layout_bench	1M|f32|C|sqrt	0.37487333333333334	0.635307
elementwise_layout_bench	1M|f32|C|less	0.10439	0.0825767
elementwise_layout_bench	1M|f32|C|copy	0.30307999999999996	0.498457
elementwise_layout_bench	1M|f32|F|add	0.41329999999999995	0.705423
elementwise_layout_bench	1M|f32|F|mul	0.3712	0.68155
elementwise_layout_bench	1M|f32|F|neg	0.36906666666666665	0.65764
elementwise_layout_bench	1M|f32|F|abs	0.37701666666666667	0.64301
elementwise_layout_bench	1M|f32|F|sqrt	0.3722333333333333	0.63131
elementwise_layout_bench	1M|f32|F|less	0.13733	0.06928
elementwise_layout_bench	1M|f32|F|copy	0.5764933333333333	0.825913
elementwise_layout_bench	1M|f32|T|add	0.37770333333333334	0.700093
elementwise_layout_bench	1M|f32|T|mul	0.37703000000000003	0.673623
elementwise_layout_bench	1M|f32|T|neg	0.36959666666666663	0.678293
elementwise_layout_bench	1M|f32|T|abs	0.36055	0.654183
elementwise_layout_bench	1M|f32|T|sqrt	0.37593333333333334	0.617637
elementwise_layout_bench	1M|f32|T|less	0.10814333333333333	0.0623733
elementwise_layout_bench	1M|f32|T|copy	0.60851	0.842793
elementwise_layout_bench	1M|f32|strided|add	0.3284266666666667	0.356397
elementwise_layout_bench	1M|f32|strided|mul	0.29166333333333333	0.35044
elementwise_layout_bench	1M|f32|strided|neg	0.2724066666666667	0.339597
elementwise_layout_bench	1M|f32|strided|abs	0.27646333333333334	0.325773
elementwise_layout_bench	1M|f32|strided|sqrt	0.26970333333333335	0.324793
elementwise_layout_bench	1M|f32|strided|less	0.3727233333333333	0.16162
elementwise_layout_bench	1M|f32|strided|copy	0.3161966666666667	0.335163
elementwise_layout_bench	1M|f32|sliced|add	0.3795366666666667	0.799753
elementwise_layout_bench	1M|f32|sliced|mul	0.4005066666666667	0.78087
elementwise_layout_bench	1M|f32|sliced|neg	0.44309333333333334	0.728043
elementwise_layout_bench	1M|f32|sliced|abs	0.43788	0.703673
elementwise_layout_bench	1M|f32|sliced|sqrt	0.39161999999999997	0.691317
elementwise_layout_bench	1M|f32|sliced|less	0.5942866666666667	0.211657
elementwise_layout_bench	1M|f32|sliced|copy	0.35812333333333335	0.657447
elementwise_layout_bench	1M|f32|negrow|add	0.3891666666666667	0.790873
elementwise_layout_bench	1M|f32|negrow|mul	0.3858666666666667	0.789423
elementwise_layout_bench	1M|f32|negrow|neg	0.45523	0.732643
elementwise_layout_bench	1M|f32|negrow|abs	0.48103666666666667	0.706663
elementwise_layout_bench	1M|f32|negrow|sqrt	0.47306000000000004	0.6962
elementwise_layout_bench	1M|f32|negrow|less	0.7279133333333333	0.223617
elementwise_layout_bench	1M|f32|negrow|copy	0.41394333333333333	0.676883
elementwise_layout_bench	1M|f32|negcol|add	0.39298666666666665	1.09372
elementwise_layout_bench	1M|f32|negcol|mul	0.4030333333333333	1.06167
elementwise_layout_bench	1M|f32|negcol|neg	0.43265333333333333	0.86902
elementwise_layout_bench	1M|f32|negcol|abs	0.4213566666666667	0.830103
elementwise_layout_bench	1M|f32|negcol|sqrt	0.4668533333333333	0.818597
elementwise_layout_bench	1M|f32|negcol|less	0.83	0.475923
elementwise_layout_bench	1M|f32|negcol|copy	0.47222000000000003	0.646367
elementwise_layout_bench	1M|f32|bcast|add	0.36195	0.75507
elementwise_layout_bench	1M|f32|bcast|mul	0.3683566666666667	0.760577
elementwise_layout_bench	1M|f32|bcast|neg	0.3624833333333333	0.723003
elementwise_layout_bench	1M|f32|bcast|abs	0.34290000000000004	0.690363
elementwise_layout_bench	1M|f32|bcast|sqrt	0.36039666666666664	0.668533
elementwise_layout_bench	1M|f32|bcast|less	0.5204566666666667	0.274027
elementwise_layout_bench	1M|f32|bcast|copy	0.3285433333333333	0.698167
elementwise_layout_bench	1M|c128|C|add	1.5017533333333333	2.90479
elementwise_layout_bench	1M|c128|C|mul	1.73842	2.92137
elementwise_layout_bench	1M|c128|C|neg	1.6875133333333332	3.92401
elementwise_layout_bench	1M|c128|C|abs	2.15978	1.89889
elementwise_layout_bench	1M|c128|C|sqrt	6.0115066666666666	8.48017
elementwise_layout_bench	1M|c128|C|less	1.9197433333333334	0.87013
elementwise_layout_bench	1M|c128|C|copy	0.6000266666666667	2.7582
elementwise_layout_bench	1M|c128|F|add	1.5821133333333333	3.4861
elementwise_layout_bench	1M|c128|F|mul	1.5629966666666666	3.55897
elementwise_layout_bench	1M|c128|F|neg	1.6923433333333333	4.51855
elementwise_layout_bench	1M|c128|F|abs	2.143936666666667	2.22766
elementwise_layout_bench	1M|c128|F|sqrt	6.084346666666666	8.91763
elementwise_layout_bench	1M|c128|F|less	2.0235866666666666	0.84529
elementwise_layout_bench	1M|c128|F|copy	3.5339566666666666	5.56169
elementwise_layout_bench	1M|c128|T|add	1.6213666666666666	3.60696
elementwise_layout_bench	1M|c128|T|mul	1.7538833333333335	2.99069
elementwise_layout_bench	1M|c128|T|neg	1.84263	4.05163
elementwise_layout_bench	1M|c128|T|abs	2.3458666666666668	1.96564
elementwise_layout_bench	1M|c128|T|sqrt	6.23281	9.35257
elementwise_layout_bench	1M|c128|T|less	2.230726666666667	1.07765
elementwise_layout_bench	1M|c128|T|copy	2.499693333333333	5.66147
elementwise_layout_bench	1M|c128|strided|add	1.0456333333333334	2.23828
elementwise_layout_bench	1M|c128|strided|mul	1.1289900000000002	2.13403
elementwise_layout_bench	1M|c128|strided|neg	1.4223766666666668	2.25099
elementwise_layout_bench	1M|c128|strided|abs	1.5735766666666666	1.44349
elementwise_layout_bench	1M|c128|strided|sqrt	3.2626633333333337	4.48294
elementwise_layout_bench	1M|c128|strided|less	1.2165166666666667	0.382353
elementwise_layout_bench	1M|c128|strided|copy	1.1677133333333332	1.62756
elementwise_layout_bench	1M|c128|sliced|add	1.8098466666666666	3.52401
elementwise_layout_bench	1M|c128|sliced|mul	1.7065566666666667	3.45554
elementwise_layout_bench	1M|c128|sliced|neg	1.5126033333333335	5.04244
elementwise_layout_bench	1M|c128|sliced|abs	2.1668366666666667	2.75963
elementwise_layout_bench	1M|c128|sliced|sqrt	5.984566666666667	9.11813
elementwise_layout_bench	1M|c128|sliced|less	1.9892166666666666	1.29238
elementwise_layout_bench	1M|c128|sliced|copy	1.36151	2.92099
elementwise_layout_bench	1M|c128|negrow|add	1.56595	3.41916
elementwise_layout_bench	1M|c128|negrow|mul	1.6938733333333333	3.59884
elementwise_layout_bench	1M|c128|negrow|neg	1.6347999999999998	4.67503
elementwise_layout_bench	1M|c128|negrow|abs	2.2398833333333332	2.1406
elementwise_layout_bench	1M|c128|negrow|sqrt	5.995433333333334	9.31033
elementwise_layout_bench	1M|c128|negrow|less	2.01252	1.33281
elementwise_layout_bench	1M|c128|negrow|copy	1.3064866666666668	3.08319
elementwise_layout_bench	1M|c128|negcol|add	1.6474866666666665	4.4057
elementwise_layout_bench	1M|c128|negcol|mul	1.85662	4.46567
elementwise_layout_bench	1M|c128|negcol|neg	1.7061766666666667	5.02797
elementwise_layout_bench	1M|c128|negcol|abs	2.3879900000000003	2.76442
elementwise_layout_bench	1M|c128|negcol|sqrt	6.010516666666666	9.86917
elementwise_layout_bench	1M|c128|negcol|less	1.7504166666666667	2.5667
elementwise_layout_bench	1M|c128|negcol|copy	1.4419833333333334	3.37009
elementwise_layout_bench	1M|c128|bcast|add	0.9886133333333333	3.2264
elementwise_layout_bench	1M|c128|bcast|mul	0.97945	3.02362
elementwise_layout_bench	1M|c128|bcast|neg	0.9492866666666667	3.99956
elementwise_layout_bench	1M|c128|bcast|abs	2.0348333333333333	1.87311
elementwise_layout_bench	1M|c128|bcast|sqrt	5.77552	8.63011
elementwise_layout_bench	1M|c128|bcast|less	1.9187366666666668	1.08755
elementwise_layout_bench	1M|c128|bcast|copy	0.8713733333333333	2.87718
elementwise_layout_bench	1M|f16|C|add	4.91274	2.98067
elementwise_layout_bench	1M|f16|C|mul	4.947376666666667	3.00747
elementwise_layout_bench	1M|f16|C|neg	0.34831333333333336	0.45985
elementwise_layout_bench	1M|f16|C|abs	0.33452333333333334	0.460493
elementwise_layout_bench	1M|f16|C|sqrt	3.5291133333333335	4.14908
elementwise_layout_bench	1M|f16|C|less	1.1420400000000002	1.11086
elementwise_layout_bench	1M|f16|C|copy	0.21616333333333332	0.2526
elementwise_layout_bench	1M|f16|F|add	4.8398200000000005	2.96468
elementwise_layout_bench	1M|f16|F|mul	4.8721966666666665	2.9609
elementwise_layout_bench	1M|f16|F|neg	0.3491666666666667	0.44626
elementwise_layout_bench	1M|f16|F|abs	0.33341333333333334	0.448093
elementwise_layout_bench	1M|f16|F|sqrt	3.4994066666666668	4.11316
elementwise_layout_bench	1M|f16|F|less	1.1283166666666666	1.11066
elementwise_layout_bench	1M|f16|F|copy	0.5502333333333334	0.520383
elementwise_layout_bench	1M|f16|T|add	4.89642	2.96932
elementwise_layout_bench	1M|f16|T|mul	4.84865	2.98471
elementwise_layout_bench	1M|f16|T|neg	0.4737633333333333	0.45739
elementwise_layout_bench	1M|f16|T|abs	0.37015333333333333	0.45651
elementwise_layout_bench	1M|f16|T|sqrt	3.592303333333333	4.11661
elementwise_layout_bench	1M|f16|T|less	1.1491166666666668	1.12292
elementwise_layout_bench	1M|f16|T|copy	0.56887	0.52594
elementwise_layout_bench	1M|f16|strided|add	2.7417733333333336	1.4021
elementwise_layout_bench	1M|f16|strided|mul	2.8707366666666667	1.40316
elementwise_layout_bench	1M|f16|strided|neg	0.259	0.135797
elementwise_layout_bench	1M|f16|strided|abs	0.25665666666666664	0.136887
elementwise_layout_bench	1M|f16|strided|sqrt	1.9197733333333333	2.01345
elementwise_layout_bench	1M|f16|strided|less	0.7463833333333334	0.556697
elementwise_layout_bench	1M|f16|strided|copy	0.07900333333333333	0.0973867
elementwise_layout_bench	1M|f16|sliced|add	4.90374	3.03191
elementwise_layout_bench	1M|f16|sliced|mul	4.878463333333333	3.05309
elementwise_layout_bench	1M|f16|sliced|neg	0.38852	0.487763
elementwise_layout_bench	1M|f16|sliced|abs	0.3910766666666667	0.498413
elementwise_layout_bench	1M|f16|sliced|sqrt	3.4901766666666663	3.76664
elementwise_layout_bench	1M|f16|sliced|less	1.3094366666666666	1.20119
elementwise_layout_bench	1M|f16|sliced|copy	0.2653066666666667	0.39296
elementwise_layout_bench	1M|f16|negrow|add	4.864940000000001	3.1808
elementwise_layout_bench	1M|f16|negrow|mul	4.936573333333333	3.05048
elementwise_layout_bench	1M|f16|negrow|neg	0.39524000000000004	0.493403
elementwise_layout_bench	1M|f16|negrow|abs	0.4024733333333333	0.489897
elementwise_layout_bench	1M|f16|negrow|sqrt	3.50387	3.97264
elementwise_layout_bench	1M|f16|negrow|less	1.2901866666666666	1.19622
elementwise_layout_bench	1M|f16|negrow|copy	0.25593666666666665	0.342733
elementwise_layout_bench	1M|f16|negcol|add	5.382006666666666	3.40257
elementwise_layout_bench	1M|f16|negcol|mul	5.501093333333333	3.37806
elementwise_layout_bench	1M|f16|negcol|neg	0.5500166666666666	0.670417
elementwise_layout_bench	1M|f16|negcol|abs	0.5465333333333333	0.661793
elementwise_layout_bench	1M|f16|negcol|sqrt	3.8268366666666664	4.10877
elementwise_layout_bench	1M|f16|negcol|less	1.4109066666666665	1.53366
elementwise_layout_bench	1M|f16|negcol|copy	0.26496333333333333	0.401787
elementwise_layout_bench	1M|f16|bcast|add	4.837516666666667	3.01753
elementwise_layout_bench	1M|f16|bcast|mul	4.827646666666666	3.0297
elementwise_layout_bench	1M|f16|bcast|neg	0.3853433333333333	0.471733
elementwise_layout_bench	1M|f16|bcast|abs	0.4003966666666667	0.468183
elementwise_layout_bench	1M|f16|bcast|sqrt	3.49601	3.98406
elementwise_layout_bench	1M|f16|bcast|less	1.2790666666666666	1.14651
elementwise_layout_bench	1M|f16|bcast|copy	0.23983666666666667	0.329913
elementwise_layout_bench	1M|i32|C|add	0.3586066666666667	0.684717
elementwise_layout_bench	1M|i32|C|mul	0.36814	0.678087
elementwise_layout_bench	1M|i32|C|neg	0.36991999999999997	0.70872
elementwise_layout_bench	1M|i32|C|abs	0.3538366666666667	0.688117
elementwise_layout_bench	1M|i32|C|sqrt	1.34915	1.5823
elementwise_layout_bench	1M|i32|C|less	0.09967	0.0812867
elementwise_layout_bench	1M|i32|C|copy	0.30175	0.503637
elementwise_layout_bench	1M|i32|F|add	0.3642566666666667	0.714743
elementwise_layout_bench	1M|i32|F|mul	0.3647766666666667	0.700047
elementwise_layout_bench	1M|i32|F|neg	0.3387233333333333	0.738903
elementwise_layout_bench	1M|i32|F|abs	0.3592533333333333	0.742553
elementwise_layout_bench	1M|i32|F|sqrt	1.3587133333333334	1.63152
elementwise_layout_bench	1M|i32|F|less	0.10426333333333333	0.0818833
elementwise_layout_bench	1M|i32|F|copy	0.54998	0.8385
elementwise_layout_bench	1M|i32|T|add	0.36635666666666666	0.690307
elementwise_layout_bench	1M|i32|T|mul	0.35994333333333334	0.68576
elementwise_layout_bench	1M|i32|T|neg	0.3501	0.734513
elementwise_layout_bench	1M|i32|T|abs	0.35814333333333337	0.680073
elementwise_layout_bench	1M|i32|T|sqrt	1.3547966666666666	1.5963
elementwise_layout_bench	1M|i32|T|less	0.09845666666666666	0.08222
elementwise_layout_bench	1M|i32|T|copy	0.5380666666666667	0.841727
elementwise_layout_bench	1M|i32|strided|add	0.26933	0.365657
elementwise_layout_bench	1M|i32|strided|mul	0.27692666666666665	0.368113
elementwise_layout_bench	1M|i32|strided|neg	0.27213	0.342037
elementwise_layout_bench	1M|i32|strided|abs	0.26949	0.368183
elementwise_layout_bench	1M|i32|strided|sqrt	0.60156	0.889163
elementwise_layout_bench	1M|i32|strided|less	0.36226	0.162663
elementwise_layout_bench	1M|i32|strided|copy	0.28102333333333335	0.338657
elementwise_layout_bench	1M|i32|sliced|add	0.3688533333333333	0.842927
elementwise_layout_bench	1M|i32|sliced|mul	0.37675333333333333	0.83353
elementwise_layout_bench	1M|i32|sliced|neg	0.37926000000000004	0.7418
elementwise_layout_bench	1M|i32|sliced|abs	0.3750266666666667	0.826177
elementwise_layout_bench	1M|i32|sliced|sqrt	1.0981766666666668	1.60886
elementwise_layout_bench	1M|i32|sliced|less	0.44345666666666667	0.22832
elementwise_layout_bench	1M|i32|sliced|copy	0.36141666666666666	0.672857
elementwise_layout_bench	1M|i32|negrow|add	0.35651666666666665	0.858793
elementwise_layout_bench	1M|i32|negrow|mul	0.3607866666666667	0.85755
elementwise_layout_bench	1M|i32|negrow|neg	0.35986666666666667	0.763657
elementwise_layout_bench	1M|i32|negrow|abs	0.38175333333333333	0.78407
elementwise_layout_bench	1M|i32|negrow|sqrt	1.1192966666666666	1.59426
elementwise_layout_bench	1M|i32|negrow|less	0.47331666666666666	0.212997
elementwise_layout_bench	1M|i32|negrow|copy	0.3676066666666667	0.693003
elementwise_layout_bench	1M|i32|negcol|add	0.3960633333333333	1.12838
elementwise_layout_bench	1M|i32|negcol|mul	0.3975733333333333	1.1243
elementwise_layout_bench	1M|i32|negcol|neg	0.39204	0.968167
elementwise_layout_bench	1M|i32|negcol|abs	0.37287	1.09129
elementwise_layout_bench	1M|i32|negcol|sqrt	1.2317566666666666	1.93276
elementwise_layout_bench	1M|i32|negcol|less	0.7099533333333333	0.54013
elementwise_layout_bench	1M|i32|negcol|copy	0.41583666666666663	0.73371
elementwise_layout_bench	1M|i32|bcast|add	0.33998	0.882
elementwise_layout_bench	1M|i32|bcast|mul	0.35008666666666666	0.917303
elementwise_layout_bench	1M|i32|bcast|neg	0.36024999999999996	0.749687
elementwise_layout_bench	1M|i32|bcast|abs	0.35985333333333336	0.784867
elementwise_layout_bench	1M|i32|bcast|sqrt	1.07301	1.6065
elementwise_layout_bench	1M|i32|bcast|less	0.44417333333333336	0.181913
elementwise_layout_bench	1M|i32|bcast|copy	0.33654	0.67562
elementwise_layout_bench	1M|i64|C|add	0.5821233333333333	1.44213
elementwise_layout_bench	1M|i64|C|mul	0.5683933333333333	1.33565
elementwise_layout_bench	1M|i64|C|neg	0.6064733333333333	1.42687
elementwise_layout_bench	1M|i64|C|abs	0.63491	1.34598
elementwise_layout_bench	1M|i64|C|sqrt	1.3747433333333334	1.77049
elementwise_layout_bench	1M|i64|C|less	0.19620666666666667	0.179363
elementwise_layout_bench	1M|i64|C|copy	0.5264599999999999	1.05575
elementwise_layout_bench	1M|i64|F|add	0.5759066666666667	1.34614
elementwise_layout_bench	1M|i64|F|mul	0.58506	1.37483
elementwise_layout_bench	1M|i64|F|neg	0.5342633333333333	1.39946
elementwise_layout_bench	1M|i64|F|abs	0.5423933333333333	1.34978
elementwise_layout_bench	1M|i64|F|sqrt	1.3589033333333334	1.77178
elementwise_layout_bench	1M|i64|F|less	0.18915666666666667	0.178297
elementwise_layout_bench	1M|i64|F|copy	1.0577866666666667	1.61583
elementwise_layout_bench	1M|i64|T|add	0.5472233333333333	1.45657
elementwise_layout_bench	1M|i64|T|mul	0.5601833333333333	1.4398
elementwise_layout_bench	1M|i64|T|neg	0.6064900000000001	1.44439
elementwise_layout_bench	1M|i64|T|abs	0.5621166666666666	1.46225
elementwise_layout_bench	1M|i64|T|sqrt	1.3678666666666668	1.77958
elementwise_layout_bench	1M|i64|T|less	0.19113	0.18055
elementwise_layout_bench	1M|i64|T|copy	1.10122	1.74101
elementwise_layout_bench	1M|i64|strided|add	0.42948333333333333	0.767673
elementwise_layout_bench	1M|i64|strided|mul	0.43145666666666666	0.746387
elementwise_layout_bench	1M|i64|strided|neg	0.39738	0.76862
elementwise_layout_bench	1M|i64|strided|abs	0.44982	0.706747
elementwise_layout_bench	1M|i64|strided|sqrt	0.6441466666666666	0.959373
elementwise_layout_bench	1M|i64|strided|less	0.37104	0.174363
elementwise_layout_bench	1M|i64|strided|copy	0.4008966666666666	0.81503
elementwise_layout_bench	1M|i64|sliced|add	0.6425266666666667	1.71077
elementwise_layout_bench	1M|i64|sliced|mul	0.7142866666666666	1.71841
elementwise_layout_bench	1M|i64|sliced|neg	0.6889533333333334	1.57056
elementwise_layout_bench	1M|i64|sliced|abs	0.7136133333333333	1.49594
elementwise_layout_bench	1M|i64|sliced|sqrt	1.19455	1.78842
elementwise_layout_bench	1M|i64|sliced|less	0.46482666666666667	0.479597
elementwise_layout_bench	1M|i64|sliced|copy	0.5482866666666666	1.44843
elementwise_layout_bench	1M|i64|negrow|add	0.62664	1.69127
elementwise_layout_bench	1M|i64|negrow|mul	0.63798	1.77852
elementwise_layout_bench	1M|i64|negrow|neg	0.82963	1.99339
elementwise_layout_bench	1M|i64|negrow|abs	1.0639766666666666	1.56573
elementwise_layout_bench	1M|i64|negrow|sqrt	1.24859	1.75052
elementwise_layout_bench	1M|i64|negrow|less	0.4867033333333334	0.507073
elementwise_layout_bench	1M|i64|negrow|copy	0.5586966666666666	1.48791
elementwise_layout_bench	1M|i64|negcol|add	0.5384733333333334	1.87752
elementwise_layout_bench	1M|i64|negcol|mul	0.8063033333333334	1.93144
elementwise_layout_bench	1M|i64|negcol|neg	0.67059	1.83103
elementwise_layout_bench	1M|i64|negcol|abs	0.8483266666666667	1.60132
elementwise_layout_bench	1M|i64|negcol|sqrt	1.24887	1.77192
elementwise_layout_bench	1M|i64|negcol|less	0.7319166666666667	0.706613
elementwise_layout_bench	1M|i64|negcol|copy	1.81915	1.33954
elementwise_layout_bench	1M|i64|bcast|add	0.5702933333333333	1.54957
elementwise_layout_bench	1M|i64|bcast|mul	0.5530433333333333	1.51418
elementwise_layout_bench	1M|i64|bcast|neg	0.5652033333333333	1.51843
elementwise_layout_bench	1M|i64|bcast|abs	0.5618833333333334	1.56677
elementwise_layout_bench	1M|i64|bcast|sqrt	1.0516233333333334	1.77435
elementwise_layout_bench	1M|i64|bcast|less	0.44888666666666666	0.432043
elementwise_layout_bench	1M|i64|bcast|copy	0.5908633333333333	1.35958
