Operation,Suite,DType,N,Scenario,NumPy ms,Managed ms,Managed availability,OpenBLAS ms,OpenBLAS availability,Effective backend,Effective NumSharp ms,NPY/NS,Status
"np.polyfit(x, y, 3)",Api,float64,1000,,0.0561,,missing_backend,0.1007,available,openblas,0.1007,0.5571,slower
np.roots(p),Api,float64,16,,0.0416,,missing_backend,0.057,available,openblas,0.057,0.729825,slower
np.array2string(a) (float64),ApiSurface,float64,1000,,2.14,1.0412,available,,not_measured,managed,1.0412,2.055321,faster
np.array_repr(a) (float64),ApiSurface,float64,1000,,2.1545,1.0315,available,,not_measured,managed,1.0315,2.088706,faster
np.array_str(a) (float64),ApiSurface,float64,1000,,2.1936,0.9633,available,,not_measured,managed,0.9633,2.277172,faster
"np.can_cast(from, to) (float64)",ApiSurface,float64,1000,,0.0003,0.0,available,,not_measured,managed,0.0,,no_data
"np.common_type(a, b) (float64)",ApiSurface,float64,1000,,0.0009,0.0,available,,not_measured,managed,0.0,,no_data
"np.copyto(dst, src) (float64)",ApiSurface,float64,1000,,0.0006,0.0005,available,,not_measured,managed,0.0005,1.2,negligible
np.format_float_positional(x) (float64),ApiSurface,float64,1000,,0.0006,0.0004,available,,not_measured,managed,0.0004,1.5,negligible
np.format_float_scientific(x) (float64),ApiSurface,float64,1000,,0.0006,0.0004,available,,not_measured,managed,0.0004,1.5,negligible
np.fromfile(path) (float64),ApiSurface,float64,1000,,0.0347,0.0473,available,,not_measured,managed,0.0473,0.733615,slower
np.get_printoptions() (float64),ApiSurface,float64,1000,,0.0004,0.0003,available,,not_measured,managed,0.0003,1.333333,negligible
"np.isdtype(dtype, kind) (float64)",ApiSurface,float64,1000,,0.0007,0.0,available,,not_measured,managed,0.0,,no_data
"np.issubdtype(dtype, kind) (float64)",ApiSurface,float64,1000,,0.0002,0.0,available,,not_measured,managed,0.0,,no_data
np.iterable(a) (float64),ApiSurface,float64,1000,,0.0001,0.0,available,,not_measured,managed,0.0,,no_data
np.load(path) (float64),ApiSurface,float64,1000,,0.0704,0.056,available,,not_measured,managed,0.056,1.257143,faster
np.loadtxt(path) (float64),ApiSurface,float64,1000,,0.3213,0.7197,available,,not_measured,managed,0.7197,0.446436,slower
np.min_scalar_type(value) (float64),ApiSurface,float64,1000,,0.0005,0.0,available,,not_measured,managed,0.0,,no_data
np.mintypecode(typechars) (float64),ApiSurface,float64,1000,,0.0008,0.0002,available,,not_measured,managed,0.0002,4.0,negligible
"np.nested_iters(a, axes) (float64)",ApiSurface,float64,1000,,0.0005,0.0024,available,,not_measured,managed,0.0024,0.208333,negligible
np.poly(roots) (float64),ApiSurface,float64,1000,,0.0235,0.2039,available,,not_measured,managed,0.2039,0.115253,much_slower
"np.polyadd(p, q) (float64)",ApiSurface,float64,1000,,0.0023,0.0027,available,,not_measured,managed,0.0027,0.851852,close
np.polyder(p) (float64),ApiSurface,float64,1000,,0.0029,0.0076,available,,not_measured,managed,0.0076,0.381579,slower
"np.polydiv(p, q) (float64)",ApiSurface,float64,1000,,0.1175,0.3435,available,,not_measured,managed,0.3435,0.342067,slower
np.polyint(p) (float64),ApiSurface,float64,1000,,0.0031,0.0107,available,,not_measured,managed,0.0107,0.28972,much_slower
"np.polymul(p, q) (float64)",ApiSurface,float64,1000,,0.015,0.0122,available,,not_measured,managed,0.0122,1.229508,faster
"np.polysub(p, q) (float64)",ApiSurface,float64,1000,,0.0018,0.0033,available,,not_measured,managed,0.0033,0.545455,slower
"np.polyval(p, x) (float64)",ApiSurface,float64,1000,,0.0224,0.1174,available,,not_measured,managed,0.1174,0.190801,much_slower
np.printoptions() (float64),ApiSurface,float64,1000,,0.0036,0.0001,available,,not_measured,managed,0.0001,36.0,negligible
"np.promote_types(a, b) (float64)",ApiSurface,float64,1000,,0.0002,0.0,available,,not_measured,managed,0.0,,no_data
"np.result_type(a, b) (float64)",ApiSurface,float64,1000,,0.0002,0.0,available,,not_measured,managed,0.0,,no_data
"np.save(path, a) (float64)",ApiSurface,float64,1000,,0.1919,0.3732,available,,not_measured,managed,0.3732,0.514202,slower
"np.savetxt(path, a) (float64)",ApiSurface,float64,1000,,1.6657,1.2239,available,,not_measured,managed,1.2239,1.360977,faster
"np.savez(path, a) (float64)",ApiSurface,float64,1000,,0.2458,7.1487,available,,not_measured,managed,7.1487,0.034384,much_slower
"np.savez_compressed(path, a) (float64)",ApiSurface,float64,1000,,0.3482,0.5172,available,,not_measured,managed,0.5172,0.673241,slower
np.set_printoptions() (float64),ApiSurface,float64,1000,,0.0021,0.0001,available,,not_measured,managed,0.0001,21.0,negligible
a % 7 (literal) (float32),Arithmetic,float32,1000,,0.0147,0.0188,available,,not_measured,managed,0.0188,0.781915,slower
a % 7 (literal) (float32),Arithmetic,float32,100000,,1.6651,1.8797,available,,not_measured,managed,1.8797,0.885833,close
a % 7 (literal) (float32),Arithmetic,float32,10000000,,249.138,186.1864,available,,not_measured,managed,186.1864,1.338111,faster
a % 7 (literal) (float64),Arithmetic,float64,1000,,0.0124,0.0151,available,,not_measured,managed,0.0151,0.821192,close
a % 7 (literal) (float64),Arithmetic,float64,100000,,1.4625,1.7011,available,,not_measured,managed,1.7011,0.859738,close
a % 7 (literal) (float64),Arithmetic,float64,10000000,,268.3993,173.1657,available,,not_measured,managed,173.1657,1.549956,faster
a % 7 (literal) (int32),Arithmetic,int32,1000,,0.0024,0.0056,available,,not_measured,managed,0.0056,0.428571,slower
a % 7 (literal) (int32),Arithmetic,int32,100000,,0.424,0.6726,available,,not_measured,managed,0.6726,0.63039,slower
a % 7 (literal) (int32),Arithmetic,int32,10000000,,45.2672,68.2715,available,,not_measured,managed,68.2715,0.663047,slower
a % 7 (literal) (int64),Arithmetic,int64,1000,,0.0047,0.0085,available,,not_measured,managed,0.0085,0.552941,slower
a % 7 (literal) (int64),Arithmetic,int64,100000,,0.4498,0.6823,available,,not_measured,managed,0.6823,0.659241,slower
a % 7 (literal) (int64),Arithmetic,int64,10000000,,49.7316,75.0528,available,,not_measured,managed,75.0528,0.662622,slower
a % b (element-wise) (float32),Arithmetic,float32,1000,,0.0124,0.0118,available,,not_measured,managed,0.0118,1.050847,faster
a % b (element-wise) (float32),Arithmetic,float32,100000,,1.5517,1.5681,available,,not_measured,managed,1.5681,0.989541,close
a % b (element-wise) (float32),Arithmetic,float32,10000000,,149.4625,157.2452,available,,not_measured,managed,157.2452,0.950506,close
a % b (element-wise) (float64),Arithmetic,float64,1000,,0.0111,0.0105,available,,not_measured,managed,0.0105,1.057143,faster
a % b (element-wise) (float64),Arithmetic,float64,100000,,1.2934,1.4549,available,,not_measured,managed,1.4549,0.888996,close
a % b (element-wise) (float64),Arithmetic,float64,10000000,,248.774,152.0806,available,,not_measured,managed,152.0806,1.635804,faster
a % b (element-wise) (int32),Arithmetic,int32,1000,,0.0021,0.003,available,,not_measured,managed,0.003,0.7,slower
a % b (element-wise) (int32),Arithmetic,int32,100000,,0.4009,0.5972,available,,not_measured,managed,0.5972,0.671299,slower
a % b (element-wise) (int32),Arithmetic,int32,10000000,,42.7789,60.2907,available,,not_measured,managed,60.2907,0.709544,slower
a % b (element-wise) (int64),Arithmetic,int64,1000,,0.0037,0.0036,available,,not_measured,managed,0.0036,1.027778,close
a % b (element-wise) (int64),Arithmetic,int64,100000,,0.3945,0.6027,available,,not_measured,managed,0.6027,0.654555,slower
a % b (element-wise) (int64),Arithmetic,int64,10000000,,47.6734,66.5675,available,,not_measured,managed,66.5675,0.716166,slower
a * 2 (literal) (complex128),Arithmetic,complex128,1000,,0.0011,0.0081,available,,not_measured,managed,0.0081,0.135802,much_slower
a * 2 (literal) (complex128),Arithmetic,complex128,100000,,0.2903,0.3355,available,,not_measured,managed,0.3355,0.865276,close
a * 2 (literal) (complex128),Arithmetic,complex128,10000000,,55.6999,41.1246,available,,not_measured,managed,41.1246,1.354418,faster
a * 2 (literal) (float16),Arithmetic,float16,1000,,0.0039,0.0108,available,,not_measured,managed,0.0108,0.361111,slower
a * 2 (literal) (float16),Arithmetic,float16,100000,,0.3144,0.8808,available,,not_measured,managed,0.8808,0.356948,slower
a * 2 (literal) (float16),Arithmetic,float16,10000000,,30.9131,87.9391,available,,not_measured,managed,87.9391,0.351529,slower
a * 2 (literal) (float32),Arithmetic,float32,1000,,0.0008,0.0058,available,,not_measured,managed,0.0058,0.137931,negligible
a * 2 (literal) (float32),Arithmetic,float32,100000,,0.007,0.0543,available,,not_measured,managed,0.0543,0.128913,much_slower
a * 2 (literal) (float32),Arithmetic,float32,10000000,,8.2754,9.0068,available,,not_measured,managed,9.0068,0.918795,close
a * 2 (literal) (float64),Arithmetic,float64,1000,,0.0009,0.0064,available,,not_measured,managed,0.0064,0.140625,negligible
a * 2 (literal) (float64),Arithmetic,float64,100000,,0.0138,0.1143,available,,not_measured,managed,0.1143,0.120735,much_slower
a * 2 (literal) (float64),Arithmetic,float64,10000000,,29.0576,19.3739,available,,not_measured,managed,19.3739,1.499832,faster
a * 2 (literal) (int16),Arithmetic,int16,1000,,0.0011,0.0029,available,,not_measured,managed,0.0029,0.37931,slower
a * 2 (literal) (int16),Arithmetic,int16,100000,,0.0238,0.029,available,,not_measured,managed,0.029,0.82069,close
a * 2 (literal) (int16),Arithmetic,int16,10000000,,4.4956,4.9792,available,,not_measured,managed,4.9792,0.902876,close
a * 2 (literal) (int32),Arithmetic,int32,1000,,0.0011,0.0032,available,,not_measured,managed,0.0032,0.34375,slower
a * 2 (literal) (int32),Arithmetic,int32,100000,,0.0244,0.0518,available,,not_measured,managed,0.0518,0.471042,slower
a * 2 (literal) (int32),Arithmetic,int32,10000000,,7.8133,7.7183,available,,not_measured,managed,7.7183,1.012308,close
a * 2 (literal) (int64),Arithmetic,int64,1000,,0.001,0.0064,available,,not_measured,managed,0.0064,0.15625,much_slower
a * 2 (literal) (int64),Arithmetic,int64,100000,,0.0274,0.1141,available,,not_measured,managed,0.1141,0.24014,much_slower
a * 2 (literal) (int64),Arithmetic,int64,10000000,,15.0749,30.9685,available,,not_measured,managed,30.9685,0.486782,slower
a * 2 (literal) (int8),Arithmetic,int8,1000,,0.001,0.0039,available,,not_measured,managed,0.0039,0.25641,much_slower
a * 2 (literal) (int8),Arithmetic,int8,100000,,0.0233,0.0161,available,,not_measured,managed,0.0161,1.447205,faster
a * 2 (literal) (int8),Arithmetic,int8,10000000,,4.5798,2.1932,available,,not_measured,managed,2.1932,2.088182,faster
a * 2 (literal) (uint16),Arithmetic,uint16,1000,,0.0011,0.0029,available,,not_measured,managed,0.0029,0.37931,slower
a * 2 (literal) (uint16),Arithmetic,uint16,100000,,0.0263,0.0334,available,,not_measured,managed,0.0334,0.787425,slower
a * 2 (literal) (uint16),Arithmetic,uint16,10000000,,4.5123,4.3191,available,,not_measured,managed,4.3191,1.044732,close
a * 2 (literal) (uint32),Arithmetic,uint32,1000,,0.0013,0.0058,available,,not_measured,managed,0.0058,0.224138,much_slower
a * 2 (literal) (uint32),Arithmetic,uint32,100000,,0.0269,0.0536,available,,not_measured,managed,0.0536,0.501866,slower
a * 2 (literal) (uint32),Arithmetic,uint32,10000000,,7.8253,7.7876,available,,not_measured,managed,7.7876,1.004841,close
a * 2 (literal) (uint64),Arithmetic,uint64,1000,,0.001,0.0058,available,,not_measured,managed,0.0058,0.172414,much_slower
a * 2 (literal) (uint64),Arithmetic,uint64,100000,,0.0252,0.1153,available,,not_measured,managed,0.1153,0.21856,much_slower
a * 2 (literal) (uint64),Arithmetic,uint64,10000000,,14.9617,21.1917,available,,not_measured,managed,21.1917,0.706017,slower
a * 2 (literal) (uint8),Arithmetic,uint8,1000,,0.0009,0.0028,available,,not_measured,managed,0.0028,0.321429,negligible
a * 2 (literal) (uint8),Arithmetic,uint8,100000,,0.0262,0.0238,available,,not_measured,managed,0.0238,1.10084,faster
a * 2 (literal) (uint8),Arithmetic,uint8,10000000,,3.2455,2.3399,available,,not_measured,managed,2.3399,1.387025,faster
a * a (square) (complex128),Arithmetic,complex128,1000,,0.0008,0.0039,available,,not_measured,managed,0.0039,0.205128,negligible
a * a (square) (complex128),Arithmetic,complex128,100000,,0.2771,0.3273,available,,not_measured,managed,0.3273,0.846624,close
a * a (square) (complex128),Arithmetic,complex128,10000000,,57.1918,43.2034,available,,not_measured,managed,43.2034,1.32378,faster
a * a (square) (float16),Arithmetic,float16,1000,,0.0036,0.0098,available,,not_measured,managed,0.0098,0.367347,slower
a * a (square) (float16),Arithmetic,float16,100000,,0.3051,0.8819,available,,not_measured,managed,0.8819,0.345958,slower
a * a (square) (float16),Arithmetic,float16,10000000,,30.484,88.8828,available,,not_measured,managed,88.8828,0.342968,slower
a * a (square) (float32),Arithmetic,float32,1000,,0.0005,0.0022,available,,not_measured,managed,0.0022,0.227273,negligible
a * a (square) (float32),Arithmetic,float32,100000,,0.0067,0.0525,available,,not_measured,managed,0.0525,0.127619,much_slower
a * a (square) (float32),Arithmetic,float32,10000000,,7.8199,11.2137,available,,not_measured,managed,11.2137,0.697352,slower
a * a (square) (float64),Arithmetic,float64,1000,,0.0006,0.0029,available,,not_measured,managed,0.0029,0.206897,negligible
a * a (square) (float64),Arithmetic,float64,100000,,0.0149,0.106,available,,not_measured,managed,0.106,0.140566,much_slower
a * a (square) (float64),Arithmetic,float64,10000000,,28.1684,21.2552,available,,not_measured,managed,21.2552,1.325247,faster
a * a (square) (int16),Arithmetic,int16,1000,,0.0008,0.0018,available,,not_measured,managed,0.0018,0.444444,negligible
a * a (square) (int16),Arithmetic,int16,100000,,0.038,0.0266,available,,not_measured,managed,0.0266,1.428571,faster
a * a (square) (int16),Arithmetic,int16,10000000,,4.9401,4.5029,available,,not_measured,managed,4.5029,1.097093,faster
a * a (square) (int32),Arithmetic,int32,1000,,0.0009,0.0021,available,,not_measured,managed,0.0021,0.428571,negligible
a * a (square) (int32),Arithmetic,int32,100000,,0.0313,0.0505,available,,not_measured,managed,0.0505,0.619802,slower
a * a (square) (int32),Arithmetic,int32,10000000,,7.9209,9.9714,available,,not_measured,managed,9.9714,0.794362,slower
a * a (square) (int64),Arithmetic,int64,1000,,0.0008,0.0029,available,,not_measured,managed,0.0029,0.275862,negligible
a * a (square) (int64),Arithmetic,int64,100000,,0.034,0.1114,available,,not_measured,managed,0.1114,0.305206,much_slower
a * a (square) (int64),Arithmetic,int64,10000000,,15.2173,30.7221,available,,not_measured,managed,30.7221,0.495321,slower
a * a (square) (int8),Arithmetic,int8,1000,,0.0007,0.0015,available,,not_measured,managed,0.0015,0.466667,negligible
a * a (square) (int8),Arithmetic,int8,100000,,0.0294,0.016,available,,not_measured,managed,0.016,1.8375,faster
a * a (square) (int8),Arithmetic,int8,10000000,,3.8633,2.1416,available,,not_measured,managed,2.1416,1.803932,faster
a * a (square) (uint16),Arithmetic,uint16,1000,,0.0008,0.0019,available,,not_measured,managed,0.0019,0.421053,negligible
a * a (square) (uint16),Arithmetic,uint16,100000,,0.0297,0.0277,available,,not_measured,managed,0.0277,1.072202,faster
a * a (square) (uint16),Arithmetic,uint16,10000000,,4.8161,4.4012,available,,not_measured,managed,4.4012,1.09427,faster
a * a (square) (uint32),Arithmetic,uint32,1000,,0.0009,0.0021,available,,not_measured,managed,0.0021,0.428571,negligible
a * a (square) (uint32),Arithmetic,uint32,100000,,0.0315,0.0515,available,,not_measured,managed,0.0515,0.61165,slower
a * a (square) (uint32),Arithmetic,uint32,10000000,,8.0631,8.0786,available,,not_measured,managed,8.0786,0.998081,close
a * a (square) (uint64),Arithmetic,uint64,1000,,0.0008,0.0021,available,,not_measured,managed,0.0021,0.380952,negligible
a * a (square) (uint64),Arithmetic,uint64,100000,,0.0304,0.1064,available,,not_measured,managed,0.1064,0.285714,much_slower
a * a (square) (uint64),Arithmetic,uint64,10000000,,15.2452,31.3451,available,,not_measured,managed,31.3451,0.486366,slower
a * a (square) (uint8),Arithmetic,uint8,1000,,0.0007,0.0015,available,,not_measured,managed,0.0015,0.466667,negligible
a * a (square) (uint8),Arithmetic,uint8,100000,,0.0291,0.0164,available,,not_measured,managed,0.0164,1.77439,faster
a * a (square) (uint8),Arithmetic,uint8,10000000,,3.8082,2.1598,available,,not_measured,managed,2.1598,1.763219,faster
a * b (element-wise) (complex128),Arithmetic,complex128,1000,,0.0009,0.0044,available,,not_measured,managed,0.0044,0.204545,negligible
a * b (element-wise) (complex128),Arithmetic,complex128,100000,,0.2893,0.3535,available,,not_measured,managed,0.3535,0.818388,close
a * b (element-wise) (complex128),Arithmetic,complex128,10000000,,69.6742,56.6006,available,,not_measured,managed,56.6006,1.23098,faster
a * b (element-wise) (float16),Arithmetic,float16,1000,,0.0037,0.0096,available,,not_measured,managed,0.0096,0.385417,slower
a * b (element-wise) (float16),Arithmetic,float16,100000,,0.3148,0.8655,available,,not_measured,managed,0.8655,0.36372,slower
a * b (element-wise) (float16),Arithmetic,float16,10000000,,30.3808,87.8373,available,,not_measured,managed,87.8373,0.345876,slower
a * b (element-wise) (float32),Arithmetic,float32,1000,,0.0005,0.0021,available,,not_measured,managed,0.0021,0.238095,negligible
a * b (element-wise) (float32),Arithmetic,float32,100000,,0.0076,0.0517,available,,not_measured,managed,0.0517,0.147002,much_slower
a * b (element-wise) (float32),Arithmetic,float32,10000000,,8.5156,10.6183,available,,not_measured,managed,10.6183,0.801974,close
a * b (element-wise) (float64),Arithmetic,float64,1000,,0.0006,0.0026,available,,not_measured,managed,0.0026,0.230769,negligible
a * b (element-wise) (float64),Arithmetic,float64,100000,,0.0285,0.1037,available,,not_measured,managed,0.1037,0.274831,much_slower
a * b (element-wise) (float64),Arithmetic,float64,10000000,,36.3514,33.3261,available,,not_measured,managed,33.3261,1.090779,faster
a * b (element-wise) (int16),Arithmetic,int16,1000,,0.0009,0.0017,available,,not_measured,managed,0.0017,0.529412,negligible
a * b (element-wise) (int16),Arithmetic,int16,100000,,0.03,0.0276,available,,not_measured,managed,0.0276,1.086957,faster
a * b (element-wise) (int16),Arithmetic,int16,10000000,,5.0257,6.0667,available,,not_measured,managed,6.0667,0.828408,close
a * b (element-wise) (int32),Arithmetic,int32,1000,,0.0009,0.0022,available,,not_measured,managed,0.0022,0.409091,negligible
a * b (element-wise) (int32),Arithmetic,int32,100000,,0.0378,0.0518,available,,not_measured,managed,0.0518,0.72973,slower
a * b (element-wise) (int32),Arithmetic,int32,10000000,,8.6807,11.1295,available,,not_measured,managed,11.1295,0.779972,slower
a * b (element-wise) (int64),Arithmetic,int64,1000,,0.0008,0.003,available,,not_measured,managed,0.003,0.266667,negligible
a * b (element-wise) (int64),Arithmetic,int64,100000,,0.0375,0.1153,available,,not_measured,managed,0.1153,0.325239,much_slower
a * b (element-wise) (int64),Arithmetic,int64,10000000,,17.1148,37.7497,available,,not_measured,managed,37.7497,0.453376,slower
a * b (element-wise) (int8),Arithmetic,int8,1000,,0.0007,0.0014,available,,not_measured,managed,0.0014,0.5,negligible
a * b (element-wise) (int8),Arithmetic,int8,100000,,0.0298,0.0161,available,,not_measured,managed,0.0161,1.850932,faster
a * b (element-wise) (int8),Arithmetic,int8,10000000,,3.9053,3.0313,available,,not_measured,managed,3.0313,1.288325,faster
a * b (element-wise) (uint16),Arithmetic,uint16,1000,,0.0008,0.0019,available,,not_measured,managed,0.0019,0.421053,negligible
a * b (element-wise) (uint16),Arithmetic,uint16,100000,,0.032,0.0273,available,,not_measured,managed,0.0273,1.172161,faster
a * b (element-wise) (uint16),Arithmetic,uint16,10000000,,5.1076,6.1524,available,,not_measured,managed,6.1524,0.83018,close
a * b (element-wise) (uint32),Arithmetic,uint32,1000,,0.0009,0.0022,available,,not_measured,managed,0.0022,0.409091,negligible
a * b (element-wise) (uint32),Arithmetic,uint32,100000,,0.0347,0.054,available,,not_measured,managed,0.054,0.642593,slower
a * b (element-wise) (uint32),Arithmetic,uint32,10000000,,8.6599,11.3659,available,,not_measured,managed,11.3659,0.761919,slower
a * b (element-wise) (uint64),Arithmetic,uint64,1000,,0.0011,0.003,available,,not_measured,managed,0.003,0.366667,slower
a * b (element-wise) (uint64),Arithmetic,uint64,100000,,0.0367,0.1143,available,,not_measured,managed,0.1143,0.321085,much_slower
a * b (element-wise) (uint64),Arithmetic,uint64,10000000,,16.9319,37.4667,available,,not_measured,managed,37.4667,0.451919,slower
a * b (element-wise) (uint8),Arithmetic,uint8,1000,,0.0007,0.0016,available,,not_measured,managed,0.0016,0.4375,negligible
a * b (element-wise) (uint8),Arithmetic,uint8,100000,,0.0305,0.0167,available,,not_measured,managed,0.0167,1.826347,faster
a * b (element-wise) (uint8),Arithmetic,uint8,10000000,,3.7534,3.0235,available,,not_measured,managed,3.0235,1.241409,faster
a * scalar (complex128),Arithmetic,complex128,1000,,0.0009,0.0037,available,,not_measured,managed,0.0037,0.243243,negligible
a * scalar (complex128),Arithmetic,complex128,100000,,0.2909,0.322,available,,not_measured,managed,0.322,0.903416,close
a * scalar (complex128),Arithmetic,complex128,10000000,,61.4803,40.9404,available,,not_measured,managed,40.9404,1.501702,faster
a * scalar (float16),Arithmetic,float16,1000,,0.0038,0.0095,available,,not_measured,managed,0.0095,0.4,slower
a * scalar (float16),Arithmetic,float16,100000,,0.31,0.8796,available,,not_measured,managed,0.8796,0.352433,slower
a * scalar (float16),Arithmetic,float16,10000000,,30.4766,88.9203,available,,not_measured,managed,88.9203,0.342741,slower
a * scalar (float32),Arithmetic,float32,1000,,0.0007,0.0023,available,,not_measured,managed,0.0023,0.304348,negligible
a * scalar (float32),Arithmetic,float32,100000,,0.0067,0.0504,available,,not_measured,managed,0.0504,0.132937,much_slower
a * scalar (float32),Arithmetic,float32,10000000,,7.9119,9.0232,available,,not_measured,managed,9.0232,0.87684,close
a * scalar (float64),Arithmetic,float64,1000,,0.0007,0.003,available,,not_measured,managed,0.003,0.233333,negligible
a * scalar (float64),Arithmetic,float64,100000,,0.0132,0.1117,available,,not_measured,managed,0.1117,0.118174,much_slower
a * scalar (float64),Arithmetic,float64,10000000,,26.6097,19.548,available,,not_measured,managed,19.548,1.361249,faster
a * scalar (int16),Arithmetic,int16,1000,,0.0012,0.0019,available,,not_measured,managed,0.0019,0.631579,slower
a * scalar (int16),Arithmetic,int16,100000,,0.024,0.0275,available,,not_measured,managed,0.0275,0.872727,close
a * scalar (int16),Arithmetic,int16,10000000,,4.4182,4.2122,available,,not_measured,managed,4.2122,1.048906,close
a * scalar (int32),Arithmetic,int32,1000,,0.001,0.0022,available,,not_measured,managed,0.0022,0.454545,slower
a * scalar (int32),Arithmetic,int32,100000,,0.025,0.0513,available,,not_measured,managed,0.0513,0.487329,slower
a * scalar (int32),Arithmetic,int32,10000000,,7.76,9.9604,available,,not_measured,managed,9.9604,0.779085,slower
a * scalar (int64),Arithmetic,int64,1000,,0.001,0.0029,available,,not_measured,managed,0.0029,0.344828,slower
a * scalar (int64),Arithmetic,int64,100000,,0.0257,0.1185,available,,not_measured,managed,0.1185,0.216878,much_slower
a * scalar (int64),Arithmetic,int64,10000000,,15.3044,30.9862,available,,not_measured,managed,30.9862,0.49391,slower
a * scalar (int8),Arithmetic,int8,1000,,0.0008,0.0015,available,,not_measured,managed,0.0015,0.533333,negligible
a * scalar (int8),Arithmetic,int8,100000,,0.0233,0.016,available,,not_measured,managed,0.016,1.45625,faster
a * scalar (int8),Arithmetic,int8,10000000,,3.2436,2.1686,available,,not_measured,managed,2.1686,1.495712,faster
a * scalar (uint16),Arithmetic,uint16,1000,,0.0009,0.0018,available,,not_measured,managed,0.0018,0.5,negligible
a * scalar (uint16),Arithmetic,uint16,100000,,0.0274,0.0274,available,,not_measured,managed,0.0274,1.0,close
a * scalar (uint16),Arithmetic,uint16,10000000,,4.5723,4.2107,available,,not_measured,managed,4.2107,1.085876,faster
a * scalar (uint32),Arithmetic,uint32,1000,,0.001,0.0022,available,,not_measured,managed,0.0022,0.454545,slower
a * scalar (uint32),Arithmetic,uint32,100000,,0.0237,0.0516,available,,not_measured,managed,0.0516,0.459302,slower
a * scalar (uint32),Arithmetic,uint32,10000000,,7.7571,8.7568,available,,not_measured,managed,8.7568,0.885837,close
a * scalar (uint64),Arithmetic,uint64,1000,,0.0009,0.0029,available,,not_measured,managed,0.0029,0.310345,negligible
a * scalar (uint64),Arithmetic,uint64,100000,,0.0236,0.111,available,,not_measured,managed,0.111,0.212613,much_slower
a * scalar (uint64),Arithmetic,uint64,10000000,,15.097,30.1447,available,,not_measured,managed,30.1447,0.500818,slower
a * scalar (uint8),Arithmetic,uint8,1000,,0.0008,0.0015,available,,not_measured,managed,0.0015,0.533333,negligible
a * scalar (uint8),Arithmetic,uint8,100000,,0.0237,0.0161,available,,not_measured,managed,0.0161,1.47205,faster
a * scalar (uint8),Arithmetic,uint8,10000000,,3.1799,2.1423,available,,not_measured,managed,2.1423,1.484339,faster
a + 5 (literal) (complex128),Arithmetic,complex128,1000,,0.0011,0.0086,available,,not_measured,managed,0.0086,0.127907,much_slower
a + 5 (literal) (complex128),Arithmetic,complex128,100000,,0.2943,0.3091,available,,not_measured,managed,0.3091,0.952119,close
a + 5 (literal) (complex128),Arithmetic,complex128,10000000,,57.0111,42.1934,available,,not_measured,managed,42.1934,1.351185,faster
a + 5 (literal) (float16),Arithmetic,float16,1000,,0.0066,0.0109,available,,not_measured,managed,0.0109,0.605505,slower
a + 5 (literal) (float16),Arithmetic,float16,100000,,0.3214,0.8788,available,,not_measured,managed,0.8788,0.365726,slower
a + 5 (literal) (float16),Arithmetic,float16,10000000,,30.4688,89.3755,available,,not_measured,managed,89.3755,0.340908,slower
a + 5 (literal) (float32),Arithmetic,float32,1000,,0.0011,0.0061,available,,not_measured,managed,0.0061,0.180328,much_slower
a + 5 (literal) (float32),Arithmetic,float32,100000,,0.0072,0.0534,available,,not_measured,managed,0.0534,0.134831,much_slower
a + 5 (literal) (float32),Arithmetic,float32,10000000,,7.9658,7.9643,available,,not_measured,managed,7.9643,1.000188,close
a + 5 (literal) (float64),Arithmetic,float64,1000,,0.0009,0.0062,available,,not_measured,managed,0.0062,0.145161,negligible
a + 5 (literal) (float64),Arithmetic,float64,100000,,0.0148,0.1056,available,,not_measured,managed,0.1056,0.140152,much_slower
a + 5 (literal) (float64),Arithmetic,float64,10000000,,28.3938,19.974,available,,not_measured,managed,19.974,1.421538,faster
a + 5 (literal) (int16),Arithmetic,int16,1000,,0.0012,0.003,available,,not_measured,managed,0.003,0.4,slower
a + 5 (literal) (int16),Arithmetic,int16,100000,,0.0264,0.0354,available,,not_measured,managed,0.0354,0.745763,slower
a + 5 (literal) (int16),Arithmetic,int16,10000000,,4.7017,5.275,available,,not_measured,managed,5.275,0.891318,close
a + 5 (literal) (int32),Arithmetic,int32,1000,,0.0011,0.0035,available,,not_measured,managed,0.0035,0.314286,much_slower
a + 5 (literal) (int32),Arithmetic,int32,100000,,0.027,0.0515,available,,not_measured,managed,0.0515,0.524272,slower
a + 5 (literal) (int32),Arithmetic,int32,10000000,,7.7673,7.972,available,,not_measured,managed,7.972,0.974323,close
a + 5 (literal) (int64),Arithmetic,int64,1000,,0.001,0.006,available,,not_measured,managed,0.006,0.166667,much_slower
a + 5 (literal) (int64),Arithmetic,int64,100000,,0.0281,0.1027,available,,not_measured,managed,0.1027,0.273612,much_slower
a + 5 (literal) (int64),Arithmetic,int64,10000000,,15.311,28.2127,available,,not_measured,managed,28.2127,0.542699,slower
a + 5 (literal) (int8),Arithmetic,int8,1000,,0.001,0.0039,available,,not_measured,managed,0.0039,0.25641,much_slower
a + 5 (literal) (int8),Arithmetic,int8,100000,,0.0295,0.0242,available,,not_measured,managed,0.0242,1.219008,faster
a + 5 (literal) (int8),Arithmetic,int8,10000000,,3.5797,2.2194,available,,not_measured,managed,2.2194,1.612913,faster
a + 5 (literal) (uint16),Arithmetic,uint16,1000,,0.0012,0.0029,available,,not_measured,managed,0.0029,0.413793,slower
a + 5 (literal) (uint16),Arithmetic,uint16,100000,,0.0264,0.0342,available,,not_measured,managed,0.0342,0.77193,slower
a + 5 (literal) (uint16),Arithmetic,uint16,10000000,,4.9092,5.1154,available,,not_measured,managed,5.1154,0.95969,close
a + 5 (literal) (uint32),Arithmetic,uint32,1000,,0.0012,0.0064,available,,not_measured,managed,0.0064,0.1875,much_slower
a + 5 (literal) (uint32),Arithmetic,uint32,100000,,0.0245,0.0529,available,,not_measured,managed,0.0529,0.463138,slower
a + 5 (literal) (uint32),Arithmetic,uint32,10000000,,7.8047,8.003,available,,not_measured,managed,8.003,0.975222,close
a + 5 (literal) (uint64),Arithmetic,uint64,1000,,0.001,0.0059,available,,not_measured,managed,0.0059,0.169492,much_slower
a + 5 (literal) (uint64),Arithmetic,uint64,100000,,0.0327,0.1124,available,,not_measured,managed,0.1124,0.290925,much_slower
a + 5 (literal) (uint64),Arithmetic,uint64,10000000,,15.1858,29.7935,available,,not_measured,managed,29.7935,0.509702,slower
a + 5 (literal) (uint8),Arithmetic,uint8,1000,,0.001,0.0055,available,,not_measured,managed,0.0055,0.181818,much_slower
a + 5 (literal) (uint8),Arithmetic,uint8,100000,,0.0277,0.0226,available,,not_measured,managed,0.0226,1.225664,faster
a + 5 (literal) (uint8),Arithmetic,uint8,10000000,,3.6061,2.1942,available,,not_measured,managed,2.1942,1.643469,faster
a + b (element-wise) (complex128),Arithmetic,complex128,1000,,0.0011,0.0046,available,,not_measured,managed,0.0046,0.23913,much_slower
a + b (element-wise) (complex128),Arithmetic,complex128,100000,,0.3147,0.3457,available,,not_measured,managed,0.3457,0.910327,close
a + b (element-wise) (complex128),Arithmetic,complex128,10000000,,66.9857,58.4046,available,,not_measured,managed,58.4046,1.146925,faster
a + b (element-wise) (float16),Arithmetic,float16,1000,,0.0056,0.0095,available,,not_measured,managed,0.0095,0.589474,slower
a + b (element-wise) (float16),Arithmetic,float16,100000,,0.315,0.9057,available,,not_measured,managed,0.9057,0.347797,slower
a + b (element-wise) (float16),Arithmetic,float16,10000000,,30.6032,93.2564,available,,not_measured,managed,93.2564,0.328162,much_slower
a + b (element-wise) (float32),Arithmetic,float32,1000,,0.0007,0.0023,available,,not_measured,managed,0.0023,0.304348,negligible
a + b (element-wise) (float32),Arithmetic,float32,100000,,0.0079,0.0519,available,,not_measured,managed,0.0519,0.152216,much_slower
a + b (element-wise) (float32),Arithmetic,float32,10000000,,8.6501,10.7868,available,,not_measured,managed,10.7868,0.801915,close
a + b (element-wise) (float64),Arithmetic,float64,1000,,0.0008,0.0018,available,,not_measured,managed,0.0018,0.444444,negligible
a + b (element-wise) (float64),Arithmetic,float64,100000,,0.0289,0.1127,available,,not_measured,managed,0.1127,0.256433,much_slower
a + b (element-wise) (float64),Arithmetic,float64,10000000,,34.969,25.9321,available,,not_measured,managed,25.9321,1.348483,faster
a + b (element-wise) (int16),Arithmetic,int16,1000,,0.0011,0.0024,available,,not_measured,managed,0.0024,0.458333,slower
a + b (element-wise) (int16),Arithmetic,int16,100000,,0.032,0.0292,available,,not_measured,managed,0.0292,1.09589,faster
a + b (element-wise) (int16),Arithmetic,int16,10000000,,9.0723,6.2443,available,,not_measured,managed,6.2443,1.452893,faster
a + b (element-wise) (int32),Arithmetic,int32,1000,,0.0009,0.0025,available,,not_measured,managed,0.0025,0.36,negligible
a + b (element-wise) (int32),Arithmetic,int32,100000,,0.0391,0.0573,available,,not_measured,managed,0.0573,0.682373,slower
a + b (element-wise) (int32),Arithmetic,int32,10000000,,8.7202,11.2771,available,,not_measured,managed,11.2771,0.773266,slower
a + b (element-wise) (int64),Arithmetic,int64,1000,,0.001,0.0033,available,,not_measured,managed,0.0033,0.30303,much_slower
a + b (element-wise) (int64),Arithmetic,int64,100000,,0.0431,0.1296,available,,not_measured,managed,0.1296,0.332562,slower
a + b (element-wise) (int64),Arithmetic,int64,10000000,,17.1442,35.711,available,,not_measured,managed,35.711,0.480082,slower
a + b (element-wise) (int8),Arithmetic,int8,1000,,0.0007,0.0018,available,,not_measured,managed,0.0018,0.388889,negligible
a + b (element-wise) (int8),Arithmetic,int8,100000,,0.0317,0.0181,available,,not_measured,managed,0.0181,1.751381,faster
a + b (element-wise) (int8),Arithmetic,int8,10000000,,3.9284,2.821,available,,not_measured,managed,2.821,1.392556,faster
a + b (element-wise) (uint16),Arithmetic,uint16,1000,,0.0011,0.0021,available,,not_measured,managed,0.0021,0.52381,slower
a + b (element-wise) (uint16),Arithmetic,uint16,100000,,0.0327,0.0305,available,,not_measured,managed,0.0305,1.072131,faster
a + b (element-wise) (uint16),Arithmetic,uint16,10000000,,5.3744,6.2306,available,,not_measured,managed,6.2306,0.862581,close
a + b (element-wise) (uint32),Arithmetic,uint32,1000,,0.0011,0.0022,available,,not_measured,managed,0.0022,0.5,slower
a + b (element-wise) (uint32),Arithmetic,uint32,100000,,0.0342,0.0555,available,,not_measured,managed,0.0555,0.616216,slower
a + b (element-wise) (uint32),Arithmetic,uint32,10000000,,8.6283,11.1087,available,,not_measured,managed,11.1087,0.776716,slower
a + b (element-wise) (uint64),Arithmetic,uint64,1000,,0.001,0.0031,available,,not_measured,managed,0.0031,0.322581,much_slower
a + b (element-wise) (uint64),Arithmetic,uint64,100000,,0.038,0.1127,available,,not_measured,managed,0.1127,0.337178,slower
a + b (element-wise) (uint64),Arithmetic,uint64,10000000,,17.0626,36.1716,available,,not_measured,managed,36.1716,0.471713,slower
a + b (element-wise) (uint8),Arithmetic,uint8,1000,,0.0007,0.002,available,,not_measured,managed,0.002,0.35,negligible
a + b (element-wise) (uint8),Arithmetic,uint8,100000,,0.0308,0.0163,available,,not_measured,managed,0.0163,1.889571,faster
a + b (element-wise) (uint8),Arithmetic,uint8,10000000,,4.0043,2.9192,available,,not_measured,managed,2.9192,1.371711,faster
a + scalar (complex128),Arithmetic,complex128,1000,,0.0014,0.0042,available,,not_measured,managed,0.0042,0.333333,slower
a + scalar (complex128),Arithmetic,complex128,100000,,0.2996,0.2989,available,,not_measured,managed,0.2989,1.002342,close
a + scalar (complex128),Arithmetic,complex128,10000000,,52.0197,42.0749,available,,not_measured,managed,42.0749,1.236359,faster
a + scalar (float16),Arithmetic,float16,1000,,0.0066,0.0096,available,,not_measured,managed,0.0096,0.6875,slower
a + scalar (float16),Arithmetic,float16,100000,,0.3158,0.8884,available,,not_measured,managed,0.8884,0.355471,slower
a + scalar (float16),Arithmetic,float16,10000000,,30.4274,89.5701,available,,not_measured,managed,89.5701,0.339705,slower
a + scalar (float32),Arithmetic,float32,1000,,0.0008,0.0021,available,,not_measured,managed,0.0021,0.380952,negligible
a + scalar (float32),Arithmetic,float32,100000,,0.0067,0.0526,available,,not_measured,managed,0.0526,0.127376,much_slower
a + scalar (float32),Arithmetic,float32,10000000,,8.0976,7.8354,available,,not_measured,managed,7.8354,1.033464,close
a + scalar (float64),Arithmetic,float64,1000,,0.0007,0.0027,available,,not_measured,managed,0.0027,0.259259,negligible
a + scalar (float64),Arithmetic,float64,100000,,0.0138,0.1015,available,,not_measured,managed,0.1015,0.135961,much_slower
a + scalar (float64),Arithmetic,float64,10000000,,27.3897,26.1723,available,,not_measured,managed,26.1723,1.046515,close
a + scalar (int16),Arithmetic,int16,1000,,0.001,0.0019,available,,not_measured,managed,0.0019,0.526316,slower
a + scalar (int16),Arithmetic,int16,100000,,0.0284,0.027,available,,not_measured,managed,0.027,1.051852,faster
a + scalar (int16),Arithmetic,int16,10000000,,5.3569,5.1082,available,,not_measured,managed,5.1082,1.048686,close
a + scalar (int32),Arithmetic,int32,1000,,0.001,0.0021,available,,not_measured,managed,0.0021,0.47619,slower
a + scalar (int32),Arithmetic,int32,100000,,0.0306,0.0497,available,,not_measured,managed,0.0497,0.615694,slower
a + scalar (int32),Arithmetic,int32,10000000,,7.9809,10.355,available,,not_measured,managed,10.355,0.770729,slower
a + scalar (int64),Arithmetic,int64,1000,,0.0009,0.0028,available,,not_measured,managed,0.0028,0.321429,negligible
a + scalar (int64),Arithmetic,int64,100000,,0.0294,0.1008,available,,not_measured,managed,0.1008,0.291667,much_slower
a + scalar (int64),Arithmetic,int64,10000000,,15.21,29.882,available,,not_measured,managed,29.882,0.509002,slower
a + scalar (int8),Arithmetic,int8,1000,,0.0008,0.0009,available,,not_measured,managed,0.0009,0.888889,negligible
a + scalar (int8),Arithmetic,int8,100000,,0.0262,0.0141,available,,not_measured,managed,0.0141,1.858156,faster
a + scalar (int8),Arithmetic,int8,10000000,,3.8031,1.9899,available,,not_measured,managed,1.9899,1.911202,faster
a + scalar (uint16),Arithmetic,uint16,1000,,0.001,0.0019,available,,not_measured,managed,0.0019,0.526316,slower
a + scalar (uint16),Arithmetic,uint16,100000,,0.0279,0.0265,available,,not_measured,managed,0.0265,1.05283,faster
a + scalar (uint16),Arithmetic,uint16,10000000,,5.1574,5.2876,available,,not_measured,managed,5.2876,0.975376,close
a + scalar (uint32),Arithmetic,uint32,1000,,0.001,0.0022,available,,not_measured,managed,0.0022,0.454545,slower
a + scalar (uint32),Arithmetic,uint32,100000,,0.0257,0.0501,available,,not_measured,managed,0.0501,0.512974,slower
a + scalar (uint32),Arithmetic,uint32,10000000,,7.8252,10.0826,available,,not_measured,managed,10.0826,0.776109,slower
a + scalar (uint64),Arithmetic,uint64,1000,,0.001,0.0029,available,,not_measured,managed,0.0029,0.344828,slower
a + scalar (uint64),Arithmetic,uint64,100000,,0.0264,0.1006,available,,not_measured,managed,0.1006,0.262425,much_slower
a + scalar (uint64),Arithmetic,uint64,10000000,,16.5208,30.0565,available,,not_measured,managed,30.0565,0.549658,slower
a + scalar (uint8),Arithmetic,uint8,1000,,0.0008,0.0016,available,,not_measured,managed,0.0016,0.5,negligible
a + scalar (uint8),Arithmetic,uint8,100000,,0.028,0.0149,available,,not_measured,managed,0.0149,1.879195,faster
a + scalar (uint8),Arithmetic,uint8,10000000,,3.5819,2.3236,available,,not_measured,managed,2.3236,1.54153,faster
a - b (element-wise) (complex128),Arithmetic,complex128,1000,,0.0009,0.0042,available,,not_measured,managed,0.0042,0.214286,negligible
a - b (element-wise) (complex128),Arithmetic,complex128,100000,,0.3055,0.3508,available,,not_measured,managed,0.3508,0.870867,close
a - b (element-wise) (complex128),Arithmetic,complex128,10000000,,74.2797,58.0571,available,,not_measured,managed,58.0571,1.279425,faster
a - b (element-wise) (float16),Arithmetic,float16,1000,,0.0046,0.0096,available,,not_measured,managed,0.0096,0.479167,slower
a - b (element-wise) (float16),Arithmetic,float16,100000,,0.3149,0.9031,available,,not_measured,managed,0.9031,0.348688,slower
a - b (element-wise) (float16),Arithmetic,float16,10000000,,30.6943,90.4985,available,,not_measured,managed,90.4985,0.339169,slower
a - b (element-wise) (float32),Arithmetic,float32,1000,,0.0005,0.0022,available,,not_measured,managed,0.0022,0.227273,negligible
a - b (element-wise) (float32),Arithmetic,float32,100000,,0.0087,0.0522,available,,not_measured,managed,0.0522,0.166667,much_slower
a - b (element-wise) (float32),Arithmetic,float32,10000000,,8.4732,11.2168,available,,not_measured,managed,11.2168,0.755403,slower
a - b (element-wise) (float64),Arithmetic,float64,1000,,0.0006,0.003,available,,not_measured,managed,0.003,0.2,negligible
a - b (element-wise) (float64),Arithmetic,float64,100000,,0.0283,0.1074,available,,not_measured,managed,0.1074,0.263501,much_slower
a - b (element-wise) (float64),Arithmetic,float64,10000000,,34.9198,26.0328,available,,not_measured,managed,26.0328,1.341377,faster
a - b (element-wise) (int16),Arithmetic,int16,1000,,0.0009,0.0017,available,,not_measured,managed,0.0017,0.529412,negligible
a - b (element-wise) (int16),Arithmetic,int16,100000,,0.0317,0.0276,available,,not_measured,managed,0.0276,1.148551,faster
a - b (element-wise) (int16),Arithmetic,int16,10000000,,5.2764,6.0515,available,,not_measured,managed,6.0515,0.871916,close
a - b (element-wise) (int32),Arithmetic,int32,1000,,0.0009,0.0023,available,,not_measured,managed,0.0023,0.391304,negligible
a - b (element-wise) (int32),Arithmetic,int32,100000,,0.0371,0.0518,available,,not_measured,managed,0.0518,0.716216,slower
a - b (element-wise) (int32),Arithmetic,int32,10000000,,8.6484,10.8129,available,,not_measured,managed,10.8129,0.799822,slower
a - b (element-wise) (int64),Arithmetic,int64,1000,,0.0008,0.0029,available,,not_measured,managed,0.0029,0.275862,negligible
a - b (element-wise) (int64),Arithmetic,int64,100000,,0.0365,0.1075,available,,not_measured,managed,0.1075,0.339535,slower
a - b (element-wise) (int64),Arithmetic,int64,10000000,,17.2483,25.9102,available,,not_measured,managed,25.9102,0.665695,slower
a - b (element-wise) (int8),Arithmetic,int8,1000,,0.0007,0.0013,available,,not_measured,managed,0.0013,0.538462,negligible
a - b (element-wise) (int8),Arithmetic,int8,100000,,0.0307,0.0158,available,,not_measured,managed,0.0158,1.943038,faster
a - b (element-wise) (int8),Arithmetic,int8,10000000,,3.9158,2.6224,available,,not_measured,managed,2.6224,1.493212,faster
a - b (element-wise) (uint16),Arithmetic,uint16,1000,,0.0009,0.0017,available,,not_measured,managed,0.0017,0.529412,negligible
a - b (element-wise) (uint16),Arithmetic,uint16,100000,,0.0333,0.0273,available,,not_measured,managed,0.0273,1.21978,faster
a - b (element-wise) (uint16),Arithmetic,uint16,10000000,,5.5889,5.9662,available,,not_measured,managed,5.9662,0.93676,close
a - b (element-wise) (uint32),Arithmetic,uint32,1000,,0.0009,0.0022,available,,not_measured,managed,0.0022,0.409091,negligible
a - b (element-wise) (uint32),Arithmetic,uint32,100000,,0.0345,0.0516,available,,not_measured,managed,0.0516,0.668605,slower
a - b (element-wise) (uint32),Arithmetic,uint32,10000000,,8.7168,11.2764,available,,not_measured,managed,11.2764,0.773013,slower
a - b (element-wise) (uint64),Arithmetic,uint64,1000,,0.0008,0.003,available,,not_measured,managed,0.003,0.266667,negligible
a - b (element-wise) (uint64),Arithmetic,uint64,100000,,0.0374,0.1061,available,,not_measured,managed,0.1061,0.352498,slower
a - b (element-wise) (uint64),Arithmetic,uint64,10000000,,17.047,25.9694,available,,not_measured,managed,25.9694,0.656426,slower
a - b (element-wise) (uint8),Arithmetic,uint8,1000,,0.0007,0.0018,available,,not_measured,managed,0.0018,0.388889,negligible
a - b (element-wise) (uint8),Arithmetic,uint8,100000,,0.0316,0.0156,available,,not_measured,managed,0.0156,2.025641,faster
a - b (element-wise) (uint8),Arithmetic,uint8,10000000,,4.0111,2.6057,available,,not_measured,managed,2.6057,1.539356,faster
a - scalar (complex128),Arithmetic,complex128,1000,,0.0009,0.0037,available,,not_measured,managed,0.0037,0.243243,negligible
a - scalar (complex128),Arithmetic,complex128,100000,,0.3067,0.3156,available,,not_measured,managed,0.3156,0.9718,close
a - scalar (complex128),Arithmetic,complex128,10000000,,54.1637,41.9335,available,,not_measured,managed,41.9335,1.291657,faster
a - scalar (float16),Arithmetic,float16,1000,,0.0061,0.0096,available,,not_measured,managed,0.0096,0.635417,slower
a - scalar (float16),Arithmetic,float16,100000,,0.3103,0.9049,available,,not_measured,managed,0.9049,0.342911,slower
a - scalar (float16),Arithmetic,float16,10000000,,30.748,89.3447,available,,not_measured,managed,89.3447,0.34415,slower
a - scalar (float32),Arithmetic,float32,1000,,0.0007,0.0022,available,,not_measured,managed,0.0022,0.318182,negligible
a - scalar (float32),Arithmetic,float32,100000,,0.0068,0.0513,available,,not_measured,managed,0.0513,0.132554,much_slower
a - scalar (float32),Arithmetic,float32,10000000,,7.9545,9.093,available,,not_measured,managed,9.093,0.874794,close
a - scalar (float64),Arithmetic,float64,1000,,0.0007,0.0029,available,,not_measured,managed,0.0029,0.241379,negligible
a - scalar (float64),Arithmetic,float64,100000,,0.0132,0.1036,available,,not_measured,managed,0.1036,0.127413,much_slower
a - scalar (float64),Arithmetic,float64,10000000,,27.5263,19.538,available,,not_measured,managed,19.538,1.40886,faster
a - scalar (int16),Arithmetic,int16,1000,,0.0011,0.0019,available,,not_measured,managed,0.0019,0.578947,slower
a - scalar (int16),Arithmetic,int16,100000,,0.0267,0.0269,available,,not_measured,managed,0.0269,0.992565,close
a - scalar (int16),Arithmetic,int16,10000000,,4.679,4.2894,available,,not_measured,managed,4.2894,1.090829,faster
a - scalar (int32),Arithmetic,int32,1000,,0.001,0.0022,available,,not_measured,managed,0.0022,0.454545,slower
a - scalar (int32),Arithmetic,int32,100000,,0.0295,0.0511,available,,not_measured,managed,0.0511,0.577299,slower
a - scalar (int32),Arithmetic,int32,10000000,,7.7852,9.1958,available,,not_measured,managed,9.1958,0.846604,close
a - scalar (int64),Arithmetic,int64,1000,,0.0009,0.003,available,,not_measured,managed,0.003,0.3,negligible
a - scalar (int64),Arithmetic,int64,100000,,0.0265,0.1042,available,,not_measured,managed,0.1042,0.254319,much_slower
a - scalar (int64),Arithmetic,int64,10000000,,15.5112,19.6435,available,,not_measured,managed,19.6435,0.789635,slower
a - scalar (int8),Arithmetic,int8,1000,,0.0008,0.0018,available,,not_measured,managed,0.0018,0.444444,negligible
a - scalar (int8),Arithmetic,int8,100000,,0.0291,0.0154,available,,not_measured,managed,0.0154,1.88961,faster
a - scalar (int8),Arithmetic,int8,10000000,,3.3961,1.959,available,,not_measured,managed,1.959,1.733589,faster
a - scalar (uint16),Arithmetic,uint16,1000,,0.0011,0.0019,available,,not_measured,managed,0.0019,0.578947,slower
a - scalar (uint16),Arithmetic,uint16,100000,,0.0273,0.027,available,,not_measured,managed,0.027,1.011111,close
a - scalar (uint16),Arithmetic,uint16,10000000,,5.19,4.4785,available,,not_measured,managed,4.4785,1.15887,faster
a - scalar (uint32),Arithmetic,uint32,1000,,0.001,0.0022,available,,not_measured,managed,0.0022,0.454545,slower
a - scalar (uint32),Arithmetic,uint32,100000,,0.028,0.0511,available,,not_measured,managed,0.0511,0.547945,slower
a - scalar (uint32),Arithmetic,uint32,10000000,,7.8959,9.0546,available,,not_measured,managed,9.0546,0.872032,close
a - scalar (uint64),Arithmetic,uint64,1000,,0.0009,0.003,available,,not_measured,managed,0.003,0.3,negligible
a - scalar (uint64),Arithmetic,uint64,100000,,0.0272,0.1034,available,,not_measured,managed,0.1034,0.263056,much_slower
a - scalar (uint64),Arithmetic,uint64,10000000,,15.2996,19.4358,available,,not_measured,managed,19.4358,0.787187,slower
a - scalar (uint8),Arithmetic,uint8,1000,,0.0009,0.0015,available,,not_measured,managed,0.0015,0.6,negligible
a - scalar (uint8),Arithmetic,uint8,100000,,0.0269,0.015,available,,not_measured,managed,0.015,1.793333,faster
a - scalar (uint8),Arithmetic,uint8,10000000,,3.4609,1.9575,available,,not_measured,managed,1.9575,1.76802,faster
a / b (element-wise) (float32),Arithmetic,float32,1000,,0.0006,0.0026,available,,not_measured,managed,0.0026,0.230769,negligible
a / b (element-wise) (float32),Arithmetic,float32,100000,,0.0131,0.0643,available,,not_measured,managed,0.0643,0.203733,much_slower
a / b (element-wise) (float32),Arithmetic,float32,10000000,,8.5839,11.3991,available,,not_measured,managed,11.3991,0.753033,slower
a / b (element-wise) (float64),Arithmetic,float64,1000,,0.0009,0.003,available,,not_measured,managed,0.003,0.3,negligible
a / b (element-wise) (float64),Arithmetic,float64,100000,,0.0395,0.1977,available,,not_measured,managed,0.1977,0.199798,much_slower
a / b (element-wise) (float64),Arithmetic,float64,10000000,,35.2546,27.1703,available,,not_measured,managed,27.1703,1.297542,faster
a / b (element-wise) (int32),Arithmetic,int32,1000,,0.0021,0.0045,available,,not_measured,managed,0.0045,0.466667,slower
a / b (element-wise) (int32),Arithmetic,int32,100000,,0.1005,0.2047,available,,not_measured,managed,0.2047,0.490962,slower
a / b (element-wise) (int32),Arithmetic,int32,10000000,,20.1985,24.4591,available,,not_measured,managed,24.4591,0.825807,close
a / b (element-wise) (int64),Arithmetic,int64,1000,,0.0021,0.0056,available,,not_measured,managed,0.0056,0.375,slower
a / b (element-wise) (int64),Arithmetic,int64,100000,,0.0853,0.197,available,,not_measured,managed,0.197,0.432995,slower
a / b (element-wise) (int64),Arithmetic,int64,10000000,,23.9003,29.9473,available,,not_measured,managed,29.9473,0.798079,slower
a / scalar (float32),Arithmetic,float32,1000,,0.0007,0.0025,available,,not_measured,managed,0.0025,0.28,negligible
a / scalar (float32),Arithmetic,float32,100000,,0.0146,0.0641,available,,not_measured,managed,0.0641,0.227769,much_slower
a / scalar (float32),Arithmetic,float32,10000000,,8.032,9.1445,available,,not_measured,managed,9.1445,0.878342,close
a / scalar (float64),Arithmetic,float64,1000,,0.001,0.0027,available,,not_measured,managed,0.0027,0.37037,slower
a / scalar (float64),Arithmetic,float64,100000,,0.0442,0.1925,available,,not_measured,managed,0.1925,0.22961,much_slower
a / scalar (float64),Arithmetic,float64,10000000,,37.435,23.5382,available,,not_measured,managed,23.5382,1.590393,faster
a / scalar (int32),Arithmetic,int32,1000,,0.0023,0.0067,available,,not_measured,managed,0.0067,0.343284,slower
a / scalar (int32),Arithmetic,int32,100000,,0.0665,0.1977,available,,not_measured,managed,0.1977,0.336368,slower
a / scalar (int32),Arithmetic,int32,10000000,,16.7652,23.4103,available,,not_measured,managed,23.4103,0.716146,slower
a / scalar (int64),Arithmetic,int64,1000,,0.0038,0.0059,available,,not_measured,managed,0.0059,0.644068,slower
a / scalar (int64),Arithmetic,int64,100000,,0.0683,0.1957,available,,not_measured,managed,0.1957,0.349004,slower
a / scalar (int64),Arithmetic,int64,10000000,,18.7846,24.816,available,,not_measured,managed,24.816,0.756955,slower
"np.add(a, b) (complex128)",Arithmetic,complex128,1000,,0.0009,0.0044,available,,not_measured,managed,0.0044,0.204545,negligible
"np.add(a, b) (complex128)",Arithmetic,complex128,100000,,0.3038,0.3449,available,,not_measured,managed,0.3449,0.880835,close
"np.add(a, b) (complex128)",Arithmetic,complex128,10000000,,75.5255,58.2536,available,,not_measured,managed,58.2536,1.296495,faster
"np.add(a, b) (float16)",Arithmetic,float16,1000,,0.0062,0.0095,available,,not_measured,managed,0.0095,0.652632,slower
"np.add(a, b) (float16)",Arithmetic,float16,100000,,0.3176,0.8954,available,,not_measured,managed,0.8954,0.354702,slower
"np.add(a, b) (float16)",Arithmetic,float16,10000000,,30.7698,90.0937,available,,not_measured,managed,90.0937,0.341531,slower
"np.add(a, b) (float32)",Arithmetic,float32,1000,,0.0008,0.0011,available,,not_measured,managed,0.0011,0.727273,negligible
"np.add(a, b) (float32)",Arithmetic,float32,100000,,0.0085,0.0513,available,,not_measured,managed,0.0513,0.165692,much_slower
"np.add(a, b) (float32)",Arithmetic,float32,10000000,,8.5384,10.8352,available,,not_measured,managed,10.8352,0.788024,slower
"np.add(a, b) (float64)",Arithmetic,float64,1000,,0.0008,0.0031,available,,not_measured,managed,0.0031,0.258065,negligible
"np.add(a, b) (float64)",Arithmetic,float64,100000,,0.0318,0.11,available,,not_measured,managed,0.11,0.289091,much_slower
"np.add(a, b) (float64)",Arithmetic,float64,10000000,,37.0969,25.7172,available,,not_measured,managed,25.7172,1.442494,faster
"np.add(a, b) (int16)",Arithmetic,int16,1000,,0.0009,0.0021,available,,not_measured,managed,0.0021,0.428571,negligible
"np.add(a, b) (int16)",Arithmetic,int16,100000,,0.0365,0.0398,available,,not_measured,managed,0.0398,0.917085,close
"np.add(a, b) (int16)",Arithmetic,int16,10000000,,10.1965,6.3948,available,,not_measured,managed,6.3948,1.594499,faster
"np.add(a, b) (int32)",Arithmetic,int32,1000,,0.0009,0.0022,available,,not_measured,managed,0.0022,0.409091,negligible
"np.add(a, b) (int32)",Arithmetic,int32,100000,,0.038,0.0553,available,,not_measured,managed,0.0553,0.687161,slower
"np.add(a, b) (int32)",Arithmetic,int32,10000000,,9.1357,10.9208,available,,not_measured,managed,10.9208,0.836541,close
"np.add(a, b) (int64)",Arithmetic,int64,1000,,0.001,0.0029,available,,not_measured,managed,0.0029,0.344828,slower
"np.add(a, b) (int64)",Arithmetic,int64,100000,,0.0386,0.1143,available,,not_measured,managed,0.1143,0.337708,slower
"np.add(a, b) (int64)",Arithmetic,int64,10000000,,16.8805,34.7952,available,,not_measured,managed,34.7952,0.485139,slower
"np.add(a, b) (int8)",Arithmetic,int8,1000,,0.0007,0.0021,available,,not_measured,managed,0.0021,0.333333,negligible
"np.add(a, b) (int8)",Arithmetic,int8,100000,,0.0316,0.0177,available,,not_measured,managed,0.0177,1.785311,faster
"np.add(a, b) (int8)",Arithmetic,int8,10000000,,3.9844,2.8566,available,,not_measured,managed,2.8566,1.394805,faster
"np.add(a, b) (uint16)",Arithmetic,uint16,1000,,0.0009,0.0021,available,,not_measured,managed,0.0021,0.428571,negligible
"np.add(a, b) (uint16)",Arithmetic,uint16,100000,,0.0337,0.0288,available,,not_measured,managed,0.0288,1.170139,faster
"np.add(a, b) (uint16)",Arithmetic,uint16,10000000,,5.4924,6.1441,available,,not_measured,managed,6.1441,0.893931,close
"np.add(a, b) (uint32)",Arithmetic,uint32,1000,,0.0009,0.0023,available,,not_measured,managed,0.0023,0.391304,negligible
"np.add(a, b) (uint32)",Arithmetic,uint32,100000,,0.0306,0.0563,available,,not_measured,managed,0.0563,0.543517,slower
"np.add(a, b) (uint32)",Arithmetic,uint32,10000000,,8.6373,11.1112,available,,not_measured,managed,11.1112,0.777351,slower
"np.add(a, b) (uint64)",Arithmetic,uint64,1000,,0.0008,0.0025,available,,not_measured,managed,0.0025,0.32,negligible
"np.add(a, b) (uint64)",Arithmetic,uint64,100000,,0.0372,0.1106,available,,not_measured,managed,0.1106,0.336347,slower
"np.add(a, b) (uint64)",Arithmetic,uint64,10000000,,16.9529,36.0699,available,,not_measured,managed,36.0699,0.470001,slower
"np.add(a, b) (uint8)",Arithmetic,uint8,1000,,0.0007,0.002,available,,not_measured,managed,0.002,0.35,negligible
"np.add(a, b) (uint8)",Arithmetic,uint8,100000,,0.0334,0.0162,available,,not_measured,managed,0.0162,2.061728,faster
"np.add(a, b) (uint8)",Arithmetic,uint8,10000000,,4.1329,2.9138,available,,not_measured,managed,2.9138,1.418388,faster
"np.divide(a, b) (float32)",Arithmetic,float32,1000,,0.0006,0.0026,available,,not_measured,managed,0.0026,0.230769,negligible
"np.divide(a, b) (float32)",Arithmetic,float32,100000,,0.0134,0.0653,available,,not_measured,managed,0.0653,0.205207,much_slower
"np.divide(a, b) (float32)",Arithmetic,float32,10000000,,8.5002,11.2537,available,,not_measured,managed,11.2537,0.755325,slower
"np.divide(a, b) (float64)",Arithmetic,float64,1000,,0.0011,0.004,available,,not_measured,managed,0.004,0.275,much_slower
"np.divide(a, b) (float64)",Arithmetic,float64,100000,,0.042,0.1957,available,,not_measured,managed,0.1957,0.214614,much_slower
"np.divide(a, b) (float64)",Arithmetic,float64,10000000,,40.868,35.5752,available,,not_measured,managed,35.5752,1.148778,faster
"np.divide(a, b) (int32)",Arithmetic,int32,1000,,0.0021,0.0056,available,,not_measured,managed,0.0056,0.375,slower
"np.divide(a, b) (int32)",Arithmetic,int32,100000,,0.0914,0.2027,available,,not_measured,managed,0.2027,0.450913,slower
"np.divide(a, b) (int32)",Arithmetic,int32,10000000,,20.1862,24.5236,available,,not_measured,managed,24.5236,0.823134,close
"np.divide(a, b) (int64)",Arithmetic,int64,1000,,0.0021,0.0062,available,,not_measured,managed,0.0062,0.33871,slower
"np.divide(a, b) (int64)",Arithmetic,int64,100000,,0.0825,0.2019,available,,not_measured,managed,0.2019,0.408618,slower
"np.divide(a, b) (int64)",Arithmetic,int64,10000000,,23.871,41.2452,available,,not_measured,managed,41.2452,0.578758,slower
"np.floor_divide(a, b) (float32)",Arithmetic,float32,1000,,0.0123,0.012,available,,not_measured,managed,0.012,1.025,close
"np.floor_divide(a, b) (float32)",Arithmetic,float32,100000,,1.5634,1.5615,available,,not_measured,managed,1.5615,1.001217,close
"np.floor_divide(a, b) (float32)",Arithmetic,float32,10000000,,149.9994,157.6573,available,,not_measured,managed,157.6573,0.951427,close
"np.floor_divide(a, b) (float64)",Arithmetic,float64,1000,,0.0103,0.01,available,,not_measured,managed,0.01,1.03,close
"np.floor_divide(a, b) (float64)",Arithmetic,float64,100000,,1.2928,1.4513,available,,not_measured,managed,1.4513,0.890788,close
"np.floor_divide(a, b) (float64)",Arithmetic,float64,10000000,,258.4415,153.4305,available,,not_measured,managed,153.4305,1.684421,faster
"np.floor_divide(a, b) (int32)",Arithmetic,int32,1000,,0.0024,0.0035,available,,not_measured,managed,0.0035,0.685714,slower
"np.floor_divide(a, b) (int32)",Arithmetic,int32,100000,,0.4049,0.6245,available,,not_measured,managed,0.6245,0.648359,slower
"np.floor_divide(a, b) (int32)",Arithmetic,int32,10000000,,43.0063,62.5407,available,,not_measured,managed,62.5407,0.687653,slower
"np.floor_divide(a, b) (int64)",Arithmetic,int64,1000,,0.0025,0.0037,available,,not_measured,managed,0.0037,0.675676,slower
"np.floor_divide(a, b) (int64)",Arithmetic,int64,100000,,0.3988,0.6244,available,,not_measured,managed,0.6244,0.638693,slower
"np.floor_divide(a, b) (int64)",Arithmetic,int64,10000000,,47.2989,78.8368,available,,not_measured,managed,78.8368,0.59996,slower
"np.mod(a, b) (float32)",Arithmetic,float32,1000,,0.0125,0.0122,available,,not_measured,managed,0.0122,1.02459,close
"np.mod(a, b) (float32)",Arithmetic,float32,100000,,1.5374,1.5494,available,,not_measured,managed,1.5494,0.992255,close
"np.mod(a, b) (float32)",Arithmetic,float32,10000000,,150.618,163.5778,available,,not_measured,managed,163.5778,0.920773,close
"np.mod(a, b) (float64)",Arithmetic,float64,1000,,0.0107,0.0107,available,,not_measured,managed,0.0107,1.0,close
"np.mod(a, b) (float64)",Arithmetic,float64,100000,,1.2937,1.4305,available,,not_measured,managed,1.4305,0.904369,close
"np.mod(a, b) (float64)",Arithmetic,float64,10000000,,233.1277,147.5571,available,,not_measured,managed,147.5571,1.579915,faster
"np.mod(a, b) (int32)",Arithmetic,int32,1000,,0.0021,0.0035,available,,not_measured,managed,0.0035,0.6,slower
"np.mod(a, b) (int32)",Arithmetic,int32,100000,,0.3953,0.594,available,,not_measured,managed,0.594,0.665488,slower
"np.mod(a, b) (int32)",Arithmetic,int32,10000000,,42.445,59.9227,available,,not_measured,managed,59.9227,0.708329,slower
"np.mod(a, b) (int64)",Arithmetic,int64,1000,,0.0037,0.0037,available,,not_measured,managed,0.0037,1.0,close
"np.mod(a, b) (int64)",Arithmetic,int64,100000,,0.3932,0.6054,available,,not_measured,managed,0.6054,0.649488,slower
"np.mod(a, b) (int64)",Arithmetic,int64,10000000,,47.6498,80.4375,available,,not_measured,managed,80.4375,0.592383,slower
"np.multiply(a, b) (complex128)",Arithmetic,complex128,1000,,0.0008,0.0032,available,,not_measured,managed,0.0032,0.25,negligible
"np.multiply(a, b) (complex128)",Arithmetic,complex128,100000,,0.2938,0.3432,available,,not_measured,managed,0.3432,0.856061,close
"np.multiply(a, b) (complex128)",Arithmetic,complex128,10000000,,73.0659,56.7251,available,,not_measured,managed,56.7251,1.28807,faster
"np.multiply(a, b) (float16)",Arithmetic,float16,1000,,0.0038,0.0098,available,,not_measured,managed,0.0098,0.387755,slower
"np.multiply(a, b) (float16)",Arithmetic,float16,100000,,0.3115,0.8983,available,,not_measured,managed,0.8983,0.346766,slower
"np.multiply(a, b) (float16)",Arithmetic,float16,10000000,,30.4266,89.6936,available,,not_measured,managed,89.6936,0.339228,slower
"np.multiply(a, b) (float32)",Arithmetic,float32,1000,,0.0005,0.0023,available,,not_measured,managed,0.0023,0.217391,negligible
"np.multiply(a, b) (float32)",Arithmetic,float32,100000,,0.0077,0.0521,available,,not_measured,managed,0.0521,0.147793,much_slower
"np.multiply(a, b) (float32)",Arithmetic,float32,10000000,,8.4867,10.9481,available,,not_measured,managed,10.9481,0.775176,slower
"np.multiply(a, b) (float64)",Arithmetic,float64,1000,,0.0006,0.0019,available,,not_measured,managed,0.0019,0.315789,negligible
"np.multiply(a, b) (float64)",Arithmetic,float64,100000,,0.0299,0.1105,available,,not_measured,managed,0.1105,0.270588,much_slower
"np.multiply(a, b) (float64)",Arithmetic,float64,10000000,,34.4672,25.143,available,,not_measured,managed,25.143,1.370847,faster
"np.multiply(a, b) (int16)",Arithmetic,int16,1000,,0.0009,0.0019,available,,not_measured,managed,0.0019,0.473684,negligible
"np.multiply(a, b) (int16)",Arithmetic,int16,100000,,0.0297,0.0279,available,,not_measured,managed,0.0279,1.064516,faster
"np.multiply(a, b) (int16)",Arithmetic,int16,10000000,,5.584,6.1057,available,,not_measured,managed,6.1057,0.914555,close
"np.multiply(a, b) (int32)",Arithmetic,int32,1000,,0.0009,0.0023,available,,not_measured,managed,0.0023,0.391304,negligible
"np.multiply(a, b) (int32)",Arithmetic,int32,100000,,0.0314,0.0532,available,,not_measured,managed,0.0532,0.590226,slower
"np.multiply(a, b) (int32)",Arithmetic,int32,10000000,,8.7318,11.2237,available,,not_measured,managed,11.2237,0.777979,slower
"np.multiply(a, b) (int64)",Arithmetic,int64,1000,,0.0008,0.0024,available,,not_measured,managed,0.0024,0.333333,negligible
"np.multiply(a, b) (int64)",Arithmetic,int64,100000,,0.0349,0.1213,available,,not_measured,managed,0.1213,0.287716,much_slower
"np.multiply(a, b) (int64)",Arithmetic,int64,10000000,,18.9592,34.4814,available,,not_measured,managed,34.4814,0.549838,slower
"np.multiply(a, b) (int8)",Arithmetic,int8,1000,,0.0007,0.0013,available,,not_measured,managed,0.0013,0.538462,negligible
"np.multiply(a, b) (int8)",Arithmetic,int8,100000,,0.0296,0.0164,available,,not_measured,managed,0.0164,1.804878,faster
"np.multiply(a, b) (int8)",Arithmetic,int8,10000000,,3.7689,3.1428,available,,not_measured,managed,3.1428,1.199217,faster
"np.multiply(a, b) (uint16)",Arithmetic,uint16,1000,,0.0008,0.0019,available,,not_measured,managed,0.0019,0.421053,negligible
"np.multiply(a, b) (uint16)",Arithmetic,uint16,100000,,0.0305,0.0283,available,,not_measured,managed,0.0283,1.077739,faster
"np.multiply(a, b) (uint16)",Arithmetic,uint16,10000000,,5.0227,6.1445,available,,not_measured,managed,6.1445,0.81743,close
"np.multiply(a, b) (uint32)",Arithmetic,uint32,1000,,0.0009,0.0022,available,,not_measured,managed,0.0022,0.409091,negligible
"np.multiply(a, b) (uint32)",Arithmetic,uint32,100000,,0.0321,0.0536,available,,not_measured,managed,0.0536,0.598881,slower
"np.multiply(a, b) (uint32)",Arithmetic,uint32,10000000,,8.7189,11.0852,available,,not_measured,managed,11.0852,0.786535,slower
"np.multiply(a, b) (uint64)",Arithmetic,uint64,1000,,0.0008,0.0019,available,,not_measured,managed,0.0019,0.421053,negligible
"np.multiply(a, b) (uint64)",Arithmetic,uint64,100000,,0.0346,0.1179,available,,not_measured,managed,0.1179,0.293469,much_slower
"np.multiply(a, b) (uint64)",Arithmetic,uint64,10000000,,17.0334,27.6827,available,,not_measured,managed,27.6827,0.615308,slower
"np.multiply(a, b) (uint8)",Arithmetic,uint8,1000,,0.0007,0.0013,available,,not_measured,managed,0.0013,0.538462,negligible
"np.multiply(a, b) (uint8)",Arithmetic,uint8,100000,,0.0306,0.0163,available,,not_measured,managed,0.0163,1.877301,faster
"np.multiply(a, b) (uint8)",Arithmetic,uint8,10000000,,3.8339,3.0914,available,,not_measured,managed,3.0914,1.240182,faster
"np.subtract(a, b) (complex128)",Arithmetic,complex128,1000,,0.0009,0.004,available,,not_measured,managed,0.004,0.225,negligible
"np.subtract(a, b) (complex128)",Arithmetic,complex128,100000,,0.296,0.3447,available,,not_measured,managed,0.3447,0.858718,close
"np.subtract(a, b) (complex128)",Arithmetic,complex128,10000000,,79.5284,57.3264,available,,not_measured,managed,57.3264,1.387291,faster
"np.subtract(a, b) (float16)",Arithmetic,float16,1000,,0.0046,0.0094,available,,not_measured,managed,0.0094,0.489362,slower
"np.subtract(a, b) (float16)",Arithmetic,float16,100000,,0.3125,0.8981,available,,not_measured,managed,0.8981,0.347957,slower
"np.subtract(a, b) (float16)",Arithmetic,float16,10000000,,31.3946,88.7192,available,,not_measured,managed,88.7192,0.353865,slower
"np.subtract(a, b) (float32)",Arithmetic,float32,1000,,0.0006,0.0022,available,,not_measured,managed,0.0022,0.272727,negligible
"np.subtract(a, b) (float32)",Arithmetic,float32,100000,,0.0089,0.0507,available,,not_measured,managed,0.0507,0.175542,much_slower
"np.subtract(a, b) (float32)",Arithmetic,float32,10000000,,8.6071,10.9446,available,,not_measured,managed,10.9446,0.786424,slower
"np.subtract(a, b) (float64)",Arithmetic,float64,1000,,0.0006,0.003,available,,not_measured,managed,0.003,0.2,negligible
"np.subtract(a, b) (float64)",Arithmetic,float64,100000,,0.0281,0.1074,available,,not_measured,managed,0.1074,0.261639,much_slower
"np.subtract(a, b) (float64)",Arithmetic,float64,10000000,,38.5804,25.9451,available,,not_measured,managed,25.9451,1.487001,faster
"np.subtract(a, b) (int16)",Arithmetic,int16,1000,,0.0009,0.0019,available,,not_measured,managed,0.0019,0.473684,negligible
"np.subtract(a, b) (int16)",Arithmetic,int16,100000,,0.0349,0.0269,available,,not_measured,managed,0.0269,1.297398,faster
"np.subtract(a, b) (int16)",Arithmetic,int16,10000000,,5.7285,6.162,available,,not_measured,managed,6.162,0.929649,close
"np.subtract(a, b) (int32)",Arithmetic,int32,1000,,0.0009,0.0023,available,,not_measured,managed,0.0023,0.391304,negligible
"np.subtract(a, b) (int32)",Arithmetic,int32,100000,,0.0397,0.0517,available,,not_measured,managed,0.0517,0.767892,slower
"np.subtract(a, b) (int32)",Arithmetic,int32,10000000,,8.8496,11.4189,available,,not_measured,managed,11.4189,0.774996,slower
"np.subtract(a, b) (int64)",Arithmetic,int64,1000,,0.0008,0.0031,available,,not_measured,managed,0.0031,0.258065,negligible
"np.subtract(a, b) (int64)",Arithmetic,int64,100000,,0.0381,0.1052,available,,not_measured,managed,0.1052,0.362167,slower
"np.subtract(a, b) (int64)",Arithmetic,int64,10000000,,17.0801,25.9726,available,,not_measured,managed,25.9726,0.65762,slower
"np.subtract(a, b) (int8)",Arithmetic,int8,1000,,0.0007,0.0011,available,,not_measured,managed,0.0011,0.636364,negligible
"np.subtract(a, b) (int8)",Arithmetic,int8,100000,,0.0317,0.0154,available,,not_measured,managed,0.0154,2.058442,faster
"np.subtract(a, b) (int8)",Arithmetic,int8,10000000,,3.9614,2.5956,available,,not_measured,managed,2.5956,1.526198,faster
"np.subtract(a, b) (uint16)",Arithmetic,uint16,1000,,0.0009,0.0019,available,,not_measured,managed,0.0019,0.473684,negligible
"np.subtract(a, b) (uint16)",Arithmetic,uint16,100000,,0.0353,0.0275,available,,not_measured,managed,0.0275,1.283636,faster
"np.subtract(a, b) (uint16)",Arithmetic,uint16,10000000,,5.4583,5.8956,available,,not_measured,managed,5.8956,0.925826,close
"np.subtract(a, b) (uint32)",Arithmetic,uint32,1000,,0.0009,0.0023,available,,not_measured,managed,0.0023,0.391304,negligible
"np.subtract(a, b) (uint32)",Arithmetic,uint32,100000,,0.0375,0.0515,available,,not_measured,managed,0.0515,0.728155,slower
"np.subtract(a, b) (uint32)",Arithmetic,uint32,10000000,,8.5768,11.0977,available,,not_measured,managed,11.0977,0.772845,slower
"np.subtract(a, b) (uint64)",Arithmetic,uint64,1000,,0.0008,0.003,available,,not_measured,managed,0.003,0.266667,negligible
"np.subtract(a, b) (uint64)",Arithmetic,uint64,100000,,0.0364,0.1048,available,,not_measured,managed,0.1048,0.347328,slower
"np.subtract(a, b) (uint64)",Arithmetic,uint64,10000000,,17.1716,26.054,available,,not_measured,managed,26.054,0.659077,slower
"np.subtract(a, b) (uint8)",Arithmetic,uint8,1000,,0.0007,0.0011,available,,not_measured,managed,0.0011,0.636364,negligible
"np.subtract(a, b) (uint8)",Arithmetic,uint8,100000,,0.0313,0.0159,available,,not_measured,managed,0.0159,1.968553,faster
"np.subtract(a, b) (uint8)",Arithmetic,uint8,10000000,,3.9343,2.624,available,,not_measured,managed,2.624,1.499352,faster
"np.true_divide(a, b) (float32)",Arithmetic,float32,1000,,0.0006,0.0024,available,,not_measured,managed,0.0024,0.25,negligible
"np.true_divide(a, b) (float32)",Arithmetic,float32,100000,,0.0127,0.0653,available,,not_measured,managed,0.0653,0.194487,much_slower
"np.true_divide(a, b) (float32)",Arithmetic,float32,10000000,,8.4448,11.4353,available,,not_measured,managed,11.4353,0.738485,slower
"np.true_divide(a, b) (float64)",Arithmetic,float64,1000,,0.0009,0.0041,available,,not_measured,managed,0.0041,0.219512,negligible
"np.true_divide(a, b) (float64)",Arithmetic,float64,100000,,0.041,0.1959,available,,not_measured,managed,0.1959,0.20929,much_slower
"np.true_divide(a, b) (float64)",Arithmetic,float64,10000000,,37.9049,36.0341,available,,not_measured,managed,36.0341,1.051917,faster
"np.true_divide(a, b) (int32)",Arithmetic,int32,1000,,0.0021,0.006,available,,not_measured,managed,0.006,0.35,slower
"np.true_divide(a, b) (int32)",Arithmetic,int32,100000,,0.0913,0.198,available,,not_measured,managed,0.198,0.461111,slower
"np.true_divide(a, b) (int32)",Arithmetic,int32,10000000,,20.3773,25.165,available,,not_measured,managed,25.165,0.809748,close
"np.true_divide(a, b) (int64)",Arithmetic,int64,1000,,0.002,0.0062,available,,not_measured,managed,0.0062,0.322581,much_slower
"np.true_divide(a, b) (int64)",Arithmetic,int64,100000,,0.0846,0.2004,available,,not_measured,managed,0.2004,0.422156,slower
"np.true_divide(a, b) (int64)",Arithmetic,int64,10000000,,23.5595,40.9624,available,,not_measured,managed,40.9624,0.575149,slower
scalar - a (complex128),Arithmetic,complex128,1000,,0.001,0.0038,available,,not_measured,managed,0.0038,0.263158,much_slower
scalar - a (complex128),Arithmetic,complex128,100000,,0.2871,0.3181,available,,not_measured,managed,0.3181,0.902546,close
scalar - a (complex128),Arithmetic,complex128,10000000,,50.9258,41.6641,available,,not_measured,managed,41.6641,1.222294,faster
scalar - a (float16),Arithmetic,float16,1000,,0.0055,0.0093,available,,not_measured,managed,0.0093,0.591398,slower
scalar - a (float16),Arithmetic,float16,100000,,0.3096,0.9026,available,,not_measured,managed,0.9026,0.343009,slower
scalar - a (float16),Arithmetic,float16,10000000,,30.6513,94.0145,available,,not_measured,managed,94.0145,0.326027,much_slower
scalar - a (float32),Arithmetic,float32,1000,,0.0007,0.0022,available,,not_measured,managed,0.0022,0.318182,negligible
scalar - a (float32),Arithmetic,float32,100000,,0.0067,0.0506,available,,not_measured,managed,0.0506,0.132411,much_slower
scalar - a (float32),Arithmetic,float32,10000000,,8.0133,9.0549,available,,not_measured,managed,9.0549,0.884968,close
scalar - a (float64),Arithmetic,float64,1000,,0.0008,0.0028,available,,not_measured,managed,0.0028,0.285714,negligible
scalar - a (float64),Arithmetic,float64,100000,,0.0131,0.104,available,,not_measured,managed,0.104,0.125962,much_slower
scalar - a (float64),Arithmetic,float64,10000000,,26.8071,19.537,available,,not_measured,managed,19.537,1.37212,faster
scalar - a (int16),Arithmetic,int16,1000,,0.0011,0.0015,available,,not_measured,managed,0.0015,0.733333,slower
scalar - a (int16),Arithmetic,int16,100000,,0.0274,0.0273,available,,not_measured,managed,0.0273,1.003663,close
scalar - a (int16),Arithmetic,int16,10000000,,4.7116,4.2795,available,,not_measured,managed,4.2795,1.10097,faster
scalar - a (int32),Arithmetic,int32,1000,,0.001,0.0022,available,,not_measured,managed,0.0022,0.454545,slower
scalar - a (int32),Arithmetic,int32,100000,,0.0316,0.0509,available,,not_measured,managed,0.0509,0.620825,slower
scalar - a (int32),Arithmetic,int32,10000000,,7.889,9.1653,available,,not_measured,managed,9.1653,0.860747,close
scalar - a (int64),Arithmetic,int64,1000,,0.0009,0.0027,available,,not_measured,managed,0.0027,0.333333,negligible
scalar - a (int64),Arithmetic,int64,100000,,0.0342,0.1033,available,,not_measured,managed,0.1033,0.331075,slower
scalar - a (int64),Arithmetic,int64,10000000,,15.2097,19.5781,available,,not_measured,managed,19.5781,0.776873,slower
scalar - a (int8),Arithmetic,int8,1000,,0.0009,0.0011,available,,not_measured,managed,0.0011,0.818182,negligible
scalar - a (int8),Arithmetic,int8,100000,,0.0274,0.0155,available,,not_measured,managed,0.0155,1.767742,faster
scalar - a (int8),Arithmetic,int8,10000000,,3.3502,1.9847,available,,not_measured,managed,1.9847,1.688013,faster
scalar - a (uint16),Arithmetic,uint16,1000,,0.0011,0.0019,available,,not_measured,managed,0.0019,0.578947,slower
scalar - a (uint16),Arithmetic,uint16,100000,,0.0337,0.0274,available,,not_measured,managed,0.0274,1.229927,faster
scalar - a (uint16),Arithmetic,uint16,10000000,,4.7743,4.5772,available,,not_measured,managed,4.5772,1.043061,close
scalar - a (uint32),Arithmetic,uint32,1000,,0.001,0.0022,available,,not_measured,managed,0.0022,0.454545,slower
scalar - a (uint32),Arithmetic,uint32,100000,,0.0275,0.0509,available,,not_measured,managed,0.0509,0.540275,slower
scalar - a (uint32),Arithmetic,uint32,10000000,,7.8321,9.1636,available,,not_measured,managed,9.1636,0.854697,close
scalar - a (uint64),Arithmetic,uint64,1000,,0.0012,0.003,available,,not_measured,managed,0.003,0.4,slower
scalar - a (uint64),Arithmetic,uint64,100000,,0.0263,0.1034,available,,not_measured,managed,0.1034,0.254352,much_slower
scalar - a (uint64),Arithmetic,uint64,10000000,,15.2661,19.3762,available,,not_measured,managed,19.3762,0.787879,slower
scalar - a (uint8),Arithmetic,uint8,1000,,0.0009,0.0015,available,,not_measured,managed,0.0015,0.6,negligible
scalar - a (uint8),Arithmetic,uint8,100000,,0.0261,0.0159,available,,not_measured,managed,0.0159,1.641509,faster
scalar - a (uint8),Arithmetic,uint8,10000000,,3.3301,1.95,available,,not_measured,managed,1.95,1.707744,faster
scalar / a (float32),Arithmetic,float32,1000,,0.0007,0.0025,available,,not_measured,managed,0.0025,0.28,negligible
scalar / a (float32),Arithmetic,float32,100000,,0.0133,0.0632,available,,not_measured,managed,0.0632,0.210443,much_slower
scalar / a (float32),Arithmetic,float32,10000000,,7.9654,9.3504,available,,not_measured,managed,9.3504,0.851878,close
scalar / a (float64),Arithmetic,float64,1000,,0.001,0.0028,available,,not_measured,managed,0.0028,0.357143,slower
scalar / a (float64),Arithmetic,float64,100000,,0.0413,0.1899,available,,not_measured,managed,0.1899,0.217483,much_slower
scalar / a (float64),Arithmetic,float64,10000000,,32.7278,23.8872,available,,not_measured,managed,23.8872,1.370098,faster
scalar / a (int32),Arithmetic,int32,1000,,0.0019,0.0049,available,,not_measured,managed,0.0049,0.387755,slower
scalar / a (int32),Arithmetic,int32,100000,,0.075,0.1974,available,,not_measured,managed,0.1974,0.379939,slower
scalar / a (int32),Arithmetic,int32,10000000,,16.7631,23.2313,available,,not_measured,managed,23.2313,0.721574,slower
scalar / a (int64),Arithmetic,int64,1000,,0.0023,0.0063,available,,not_measured,managed,0.0063,0.365079,slower
scalar / a (int64),Arithmetic,int64,100000,,0.111,0.2007,available,,not_measured,managed,0.2007,0.553064,slower
scalar / a (int64),Arithmetic,int64,10000000,,18.7561,24.4431,available,,not_measured,managed,24.4431,0.767337,slower
a & b (bool),Bitwise,bool,1000,,0.0004,0.0018,available,,not_measured,managed,0.0018,0.222222,negligible
a & b (bool),Bitwise,bool,100000,,0.0029,0.0528,available,,not_measured,managed,0.0528,0.054924,much_slower
a & b (bool),Bitwise,bool,10000000,,2.1259,5.8949,available,,not_measured,managed,5.8949,0.360634,slower
a & b (int16),Bitwise,int16,1000,,0.0008,0.0021,available,,not_measured,managed,0.0021,0.380952,negligible
a & b (int16),Bitwise,int16,100000,,0.0301,0.0261,available,,not_measured,managed,0.0261,1.153257,faster
a & b (int16),Bitwise,int16,10000000,,9.064,5.906,available,,not_measured,managed,5.906,1.53471,faster
a & b (int32),Bitwise,int32,1000,,0.0008,0.002,available,,not_measured,managed,0.002,0.4,negligible
a & b (int32),Bitwise,int32,100000,,0.0359,0.0502,available,,not_measured,managed,0.0502,0.715139,slower
a & b (int32),Bitwise,int32,10000000,,16.7435,11.5441,available,,not_measured,managed,11.5441,1.450395,faster
a & b (int64),Bitwise,int64,1000,,0.0008,0.0029,available,,not_measured,managed,0.0029,0.275862,negligible
a & b (int64),Bitwise,int64,100000,,0.0375,0.1087,available,,not_measured,managed,0.1087,0.344986,slower
a & b (int64),Bitwise,int64,10000000,,33.8041,26.7589,available,,not_measured,managed,26.7589,1.263284,faster
a & b (int8),Bitwise,int8,1000,,0.0007,0.002,available,,not_measured,managed,0.002,0.35,negligible
a & b (int8),Bitwise,int8,100000,,0.0288,0.014,available,,not_measured,managed,0.014,2.057143,faster
a & b (int8),Bitwise,int8,10000000,,6.4838,2.5273,available,,not_measured,managed,2.5273,2.565505,faster
a & b (uint16),Bitwise,uint16,1000,,0.0008,0.002,available,,not_measured,managed,0.002,0.4,negligible
a & b (uint16),Bitwise,uint16,100000,,0.0288,0.0261,available,,not_measured,managed,0.0261,1.103448,faster
a & b (uint16),Bitwise,uint16,10000000,,9.2204,5.8288,available,,not_measured,managed,5.8288,1.581869,faster
a & b (uint32),Bitwise,uint32,1000,,0.0008,0.0021,available,,not_measured,managed,0.0021,0.380952,negligible
a & b (uint32),Bitwise,uint32,100000,,0.0288,0.0528,available,,not_measured,managed,0.0528,0.545455,slower
a & b (uint32),Bitwise,uint32,10000000,,16.9156,10.7802,available,,not_measured,managed,10.7802,1.569136,faster
a & b (uint64),Bitwise,uint64,1000,,0.0008,0.003,available,,not_measured,managed,0.003,0.266667,negligible
a & b (uint64),Bitwise,uint64,100000,,0.0376,0.099,available,,not_measured,managed,0.099,0.379798,slower
a & b (uint64),Bitwise,uint64,10000000,,33.4996,25.8685,available,,not_measured,managed,25.8685,1.294996,faster
a & b (uint8),Bitwise,uint8,1000,,0.0006,0.0014,available,,not_measured,managed,0.0014,0.428571,negligible
a & b (uint8),Bitwise,uint8,100000,,0.0285,0.0136,available,,not_measured,managed,0.0136,2.095588,faster
a & b (uint8),Bitwise,uint8,10000000,,6.6979,2.5781,available,,not_measured,managed,2.5781,2.597999,faster
a ^ b (bool),Bitwise,bool,1000,,0.0004,0.0024,available,,not_measured,managed,0.0024,0.166667,negligible
a ^ b (bool),Bitwise,bool,100000,,0.003,0.0492,available,,not_measured,managed,0.0492,0.060976,much_slower
a ^ b (bool),Bitwise,bool,10000000,,2.0811,5.2862,available,,not_measured,managed,5.2862,0.393685,slower
a ^ b (int16),Bitwise,int16,1000,,0.0008,0.0014,available,,not_measured,managed,0.0014,0.571429,negligible
a ^ b (int16),Bitwise,int16,100000,,0.0289,0.0262,available,,not_measured,managed,0.0262,1.103053,faster
a ^ b (int16),Bitwise,int16,10000000,,9.124,5.9158,available,,not_measured,managed,5.9158,1.54231,faster
a ^ b (int32),Bitwise,int32,1000,,0.0008,0.0029,available,,not_measured,managed,0.0029,0.275862,negligible
a ^ b (int32),Bitwise,int32,100000,,0.0285,0.0504,available,,not_measured,managed,0.0504,0.565476,slower
a ^ b (int32),Bitwise,int32,10000000,,16.3477,11.3236,available,,not_measured,managed,11.3236,1.443684,faster
a ^ b (int64),Bitwise,int64,1000,,0.0008,0.0035,available,,not_measured,managed,0.0035,0.228571,negligible
a ^ b (int64),Bitwise,int64,100000,,0.0359,0.0974,available,,not_measured,managed,0.0974,0.368583,slower
a ^ b (int64),Bitwise,int64,10000000,,32.1572,25.7343,available,,not_measured,managed,25.7343,1.249585,faster
a ^ b (int8),Bitwise,int8,1000,,0.0007,0.0017,available,,not_measured,managed,0.0017,0.411765,negligible
a ^ b (int8),Bitwise,int8,100000,,0.0288,0.0144,available,,not_measured,managed,0.0144,2.0,faster
a ^ b (int8),Bitwise,int8,10000000,,6.6071,2.5803,available,,not_measured,managed,2.5803,2.560594,faster
a ^ b (uint16),Bitwise,uint16,1000,,0.0008,0.0016,available,,not_measured,managed,0.0016,0.5,negligible
a ^ b (uint16),Bitwise,uint16,100000,,0.0295,0.0266,available,,not_measured,managed,0.0266,1.109023,faster
a ^ b (uint16),Bitwise,uint16,10000000,,9.2194,5.8233,available,,not_measured,managed,5.8233,1.583192,faster
a ^ b (uint32),Bitwise,uint32,1000,,0.0008,0.0021,available,,not_measured,managed,0.0021,0.380952,negligible
a ^ b (uint32),Bitwise,uint32,100000,,0.0287,0.0511,available,,not_measured,managed,0.0511,0.561644,slower
a ^ b (uint32),Bitwise,uint32,10000000,,16.8215,11.2066,available,,not_measured,managed,11.2066,1.501035,faster
a ^ b (uint64),Bitwise,uint64,1000,,0.0008,0.0031,available,,not_measured,managed,0.0031,0.258065,negligible
a ^ b (uint64),Bitwise,uint64,100000,,0.0311,0.0988,available,,not_measured,managed,0.0988,0.314777,much_slower
a ^ b (uint64),Bitwise,uint64,10000000,,33.7249,25.6681,available,,not_measured,managed,25.6681,1.313884,faster
a ^ b (uint8),Bitwise,uint8,1000,,0.0006,0.0014,available,,not_measured,managed,0.0014,0.428571,negligible
a ^ b (uint8),Bitwise,uint8,100000,,0.03,0.0138,available,,not_measured,managed,0.0138,2.173913,faster
a ^ b (uint8),Bitwise,uint8,10000000,,6.8785,2.7696,available,,not_measured,managed,2.7696,2.483572,faster
a | b (bool),Bitwise,bool,1000,,0.0004,0.0022,available,,not_measured,managed,0.0022,0.181818,negligible
a | b (bool),Bitwise,bool,100000,,0.0029,0.0512,available,,not_measured,managed,0.0512,0.056641,much_slower
a | b (bool),Bitwise,bool,10000000,,2.1645,5.3706,available,,not_measured,managed,5.3706,0.403028,slower
a | b (int16),Bitwise,int16,1000,,0.0008,0.0018,available,,not_measured,managed,0.0018,0.444444,negligible
a | b (int16),Bitwise,int16,100000,,0.0287,0.0265,available,,not_measured,managed,0.0265,1.083019,faster
a | b (int16),Bitwise,int16,10000000,,8.9492,5.7106,available,,not_measured,managed,5.7106,1.567121,faster
a | b (int32),Bitwise,int32,1000,,0.0008,0.0013,available,,not_measured,managed,0.0013,0.615385,negligible
a | b (int32),Bitwise,int32,100000,,0.0285,0.0525,available,,not_measured,managed,0.0525,0.542857,slower
a | b (int32),Bitwise,int32,10000000,,16.7068,11.2423,available,,not_measured,managed,11.2423,1.486066,faster
a | b (int64),Bitwise,int64,1000,,0.0008,0.0028,available,,not_measured,managed,0.0028,0.285714,negligible
a | b (int64),Bitwise,int64,100000,,0.0356,0.1344,available,,not_measured,managed,0.1344,0.264881,much_slower
a | b (int64),Bitwise,int64,10000000,,32.1443,26.1583,available,,not_measured,managed,26.1583,1.228838,faster
a | b (int8),Bitwise,int8,1000,,0.0007,0.0018,available,,not_measured,managed,0.0018,0.388889,negligible
a | b (int8),Bitwise,int8,100000,,0.0303,0.0136,available,,not_measured,managed,0.0136,2.227941,faster
a | b (int8),Bitwise,int8,10000000,,6.6963,2.5167,available,,not_measured,managed,2.5167,2.660746,faster
a | b (uint16),Bitwise,uint16,1000,,0.0008,0.0019,available,,not_measured,managed,0.0019,0.421053,negligible
a | b (uint16),Bitwise,uint16,100000,,0.0287,0.0259,available,,not_measured,managed,0.0259,1.108108,faster
a | b (uint16),Bitwise,uint16,10000000,,9.0567,5.8316,available,,not_measured,managed,5.8316,1.553039,faster
a | b (uint32),Bitwise,uint32,1000,,0.0008,0.0021,available,,not_measured,managed,0.0021,0.380952,negligible
a | b (uint32),Bitwise,uint32,100000,,0.0286,0.0525,available,,not_measured,managed,0.0525,0.544762,slower
a | b (uint32),Bitwise,uint32,10000000,,16.1782,11.4706,available,,not_measured,managed,11.4706,1.410406,faster
a | b (uint64),Bitwise,uint64,1000,,0.0008,0.0033,available,,not_measured,managed,0.0033,0.242424,negligible
a | b (uint64),Bitwise,uint64,100000,,0.0335,0.1033,available,,not_measured,managed,0.1033,0.324298,much_slower
a | b (uint64),Bitwise,uint64,10000000,,31.5928,25.5691,available,,not_measured,managed,25.5691,1.235585,faster
a | b (uint8),Bitwise,uint8,1000,,0.0006,0.0016,available,,not_measured,managed,0.0016,0.375,negligible
a | b (uint8),Bitwise,uint8,100000,,0.0298,0.0143,available,,not_measured,managed,0.0143,2.083916,faster
a | b (uint8),Bitwise,uint8,10000000,,6.8607,2.7444,available,,not_measured,managed,2.7444,2.499891,faster
"np.bitwise_and(a, b) (bool)",Bitwise,bool,1000,,0.0004,0.002,available,,not_measured,managed,0.002,0.2,negligible
"np.bitwise_and(a, b) (bool)",Bitwise,bool,100000,,0.0033,0.0528,available,,not_measured,managed,0.0528,0.0625,much_slower
"np.bitwise_and(a, b) (bool)",Bitwise,bool,10000000,,2.2704,5.2754,available,,not_measured,managed,5.2754,0.430375,slower
"np.bitwise_and(a, b) (int16)",Bitwise,int16,1000,,0.0008,0.0021,available,,not_measured,managed,0.0021,0.380952,negligible
"np.bitwise_and(a, b) (int16)",Bitwise,int16,100000,,0.0296,0.0264,available,,not_measured,managed,0.0264,1.121212,faster
"np.bitwise_and(a, b) (int16)",Bitwise,int16,10000000,,9.3196,6.0351,available,,not_measured,managed,6.0351,1.544233,faster
"np.bitwise_and(a, b) (int32)",Bitwise,int32,1000,,0.0008,0.0019,available,,not_measured,managed,0.0019,0.421053,negligible
"np.bitwise_and(a, b) (int32)",Bitwise,int32,100000,,0.0303,0.0508,available,,not_measured,managed,0.0508,0.596457,slower
"np.bitwise_and(a, b) (int32)",Bitwise,int32,10000000,,18.2472,11.1018,available,,not_measured,managed,11.1018,1.643625,faster
"np.bitwise_and(a, b) (int64)",Bitwise,int64,1000,,0.0008,0.0031,available,,not_measured,managed,0.0031,0.258065,negligible
"np.bitwise_and(a, b) (int64)",Bitwise,int64,100000,,0.0329,0.1035,available,,not_measured,managed,0.1035,0.317874,much_slower
"np.bitwise_and(a, b) (int64)",Bitwise,int64,10000000,,33.1887,25.4866,available,,not_measured,managed,25.4866,1.302202,faster
"np.bitwise_and(a, b) (int8)",Bitwise,int8,1000,,0.0007,0.0015,available,,not_measured,managed,0.0015,0.466667,negligible
"np.bitwise_and(a, b) (int8)",Bitwise,int8,100000,,0.0295,0.013,available,,not_measured,managed,0.013,2.269231,faster
"np.bitwise_and(a, b) (int8)",Bitwise,int8,10000000,,6.4925,2.784,available,,not_measured,managed,2.784,2.332076,faster
"np.bitwise_and(a, b) (uint16)",Bitwise,uint16,1000,,0.0008,0.0016,available,,not_measured,managed,0.0016,0.5,negligible
"np.bitwise_and(a, b) (uint16)",Bitwise,uint16,100000,,0.0289,0.0258,available,,not_measured,managed,0.0258,1.120155,faster
"np.bitwise_and(a, b) (uint16)",Bitwise,uint16,10000000,,9.1931,5.8885,available,,not_measured,managed,5.8885,1.561196,faster
"np.bitwise_and(a, b) (uint32)",Bitwise,uint32,1000,,0.0009,0.0021,available,,not_measured,managed,0.0021,0.428571,negligible
"np.bitwise_and(a, b) (uint32)",Bitwise,uint32,100000,,0.0297,0.0497,available,,not_measured,managed,0.0497,0.597586,slower
"np.bitwise_and(a, b) (uint32)",Bitwise,uint32,10000000,,16.9001,11.4946,available,,not_measured,managed,11.4946,1.470264,faster
"np.bitwise_and(a, b) (uint64)",Bitwise,uint64,1000,,0.0008,0.0033,available,,not_measured,managed,0.0033,0.242424,negligible
"np.bitwise_and(a, b) (uint64)",Bitwise,uint64,100000,,0.0305,0.0991,available,,not_measured,managed,0.0991,0.30777,much_slower
"np.bitwise_and(a, b) (uint64)",Bitwise,uint64,10000000,,32.4891,25.5002,available,,not_measured,managed,25.5002,1.274072,faster
"np.bitwise_and(a, b) (uint8)",Bitwise,uint8,1000,,0.0007,0.0016,available,,not_measured,managed,0.0016,0.4375,negligible
"np.bitwise_and(a, b) (uint8)",Bitwise,uint8,100000,,0.0285,0.0142,available,,not_measured,managed,0.0142,2.007042,faster
"np.bitwise_and(a, b) (uint8)",Bitwise,uint8,10000000,,6.7523,2.8242,available,,not_measured,managed,2.8242,2.390872,faster
np.bitwise_not(a) (bool),Bitwise,bool,1000,,0.0004,0.0022,available,,not_measured,managed,0.0022,0.181818,negligible
np.bitwise_not(a) (bool),Bitwise,bool,100000,,0.0026,0.057,available,,not_measured,managed,0.057,0.045614,much_slower
np.bitwise_not(a) (bool),Bitwise,bool,10000000,,2.8989,5.1119,available,,not_measured,managed,5.1119,0.567089,slower
np.bitwise_not(a) (int16),Bitwise,int16,1000,,0.0008,0.0018,available,,not_measured,managed,0.0018,0.444444,negligible
np.bitwise_not(a) (int16),Bitwise,int16,100000,,0.0266,0.0276,available,,not_measured,managed,0.0276,0.963768,close
np.bitwise_not(a) (int16),Bitwise,int16,10000000,,7.052,4.4139,available,,not_measured,managed,4.4139,1.59768,faster
np.bitwise_not(a) (int32),Bitwise,int32,1000,,0.0026,0.002,available,,not_measured,managed,0.002,1.3,faster
np.bitwise_not(a) (int32),Bitwise,int32,100000,,0.026,0.0495,available,,not_measured,managed,0.0495,0.525253,slower
np.bitwise_not(a) (int32),Bitwise,int32,10000000,,17.0727,9.4836,available,,not_measured,managed,9.4836,1.800234,faster
np.bitwise_not(a) (int64),Bitwise,int64,1000,,0.0007,0.0028,available,,not_measured,managed,0.0028,0.25,negligible
np.bitwise_not(a) (int64),Bitwise,int64,100000,,0.0267,0.1043,available,,not_measured,managed,0.1043,0.255992,much_slower
np.bitwise_not(a) (int64),Bitwise,int64,10000000,,25.4132,19.1018,available,,not_measured,managed,19.1018,1.330409,faster
np.bitwise_not(a) (int8),Bitwise,int8,1000,,0.0006,0.0017,available,,not_measured,managed,0.0017,0.352941,negligible
np.bitwise_not(a) (int8),Bitwise,int8,100000,,0.0258,0.0138,available,,not_measured,managed,0.0138,1.869565,faster
np.bitwise_not(a) (int8),Bitwise,int8,10000000,,5.3998,1.9391,available,,not_measured,managed,1.9391,2.784694,faster
np.bitwise_not(a) (uint16),Bitwise,uint16,1000,,0.0007,0.0021,available,,not_measured,managed,0.0021,0.333333,negligible
np.bitwise_not(a) (uint16),Bitwise,uint16,100000,,0.0258,0.0259,available,,not_measured,managed,0.0259,0.996139,close
np.bitwise_not(a) (uint16),Bitwise,uint16,10000000,,7.0749,4.8434,available,,not_measured,managed,4.8434,1.46073,faster
np.bitwise_not(a) (uint32),Bitwise,uint32,1000,,0.0008,0.0018,available,,not_measured,managed,0.0018,0.444444,negligible
np.bitwise_not(a) (uint32),Bitwise,uint32,100000,,0.0285,0.0487,available,,not_measured,managed,0.0487,0.585216,slower
np.bitwise_not(a) (uint32),Bitwise,uint32,10000000,,12.9405,8.6892,available,,not_measured,managed,8.6892,1.489263,faster
np.bitwise_not(a) (uint64),Bitwise,uint64,1000,,0.0007,0.0032,available,,not_measured,managed,0.0032,0.21875,negligible
np.bitwise_not(a) (uint64),Bitwise,uint64,100000,,0.0266,0.097,available,,not_measured,managed,0.097,0.274227,much_slower
np.bitwise_not(a) (uint64),Bitwise,uint64,10000000,,25.4495,19.4933,available,,not_measured,managed,19.4933,1.305551,faster
np.bitwise_not(a) (uint8),Bitwise,uint8,1000,,0.0006,0.0015,available,,not_measured,managed,0.0015,0.4,negligible
np.bitwise_not(a) (uint8),Bitwise,uint8,100000,,0.0262,0.0146,available,,not_measured,managed,0.0146,1.794521,faster
np.bitwise_not(a) (uint8),Bitwise,uint8,10000000,,5.5064,1.9209,available,,not_measured,managed,1.9209,2.866573,faster
"np.bitwise_or(a, b) (bool)",Bitwise,bool,1000,,0.0004,0.0022,available,,not_measured,managed,0.0022,0.181818,negligible
"np.bitwise_or(a, b) (bool)",Bitwise,bool,100000,,0.003,0.0516,available,,not_measured,managed,0.0516,0.05814,much_slower
"np.bitwise_or(a, b) (bool)",Bitwise,bool,10000000,,4.0467,5.1157,available,,not_measured,managed,5.1157,0.791035,slower
"np.bitwise_or(a, b) (int16)",Bitwise,int16,1000,,0.0008,0.0018,available,,not_measured,managed,0.0018,0.444444,negligible
"np.bitwise_or(a, b) (int16)",Bitwise,int16,100000,,0.0287,0.0262,available,,not_measured,managed,0.0262,1.09542,faster
"np.bitwise_or(a, b) (int16)",Bitwise,int16,10000000,,8.9342,5.6839,available,,not_measured,managed,5.6839,1.571843,faster
"np.bitwise_or(a, b) (int32)",Bitwise,int32,1000,,0.0008,0.0021,available,,not_measured,managed,0.0021,0.380952,negligible
"np.bitwise_or(a, b) (int32)",Bitwise,int32,100000,,0.0295,0.0502,available,,not_measured,managed,0.0502,0.587649,slower
"np.bitwise_or(a, b) (int32)",Bitwise,int32,10000000,,24.073,11.432,available,,not_measured,managed,11.432,2.105756,faster
"np.bitwise_or(a, b) (int64)",Bitwise,int64,1000,,0.0008,0.0036,available,,not_measured,managed,0.0036,0.222222,negligible
"np.bitwise_or(a, b) (int64)",Bitwise,int64,100000,,0.0332,0.1037,available,,not_measured,managed,0.1037,0.320154,much_slower
"np.bitwise_or(a, b) (int64)",Bitwise,int64,10000000,,31.0529,26.0127,available,,not_measured,managed,26.0127,1.193759,faster
"np.bitwise_or(a, b) (int8)",Bitwise,int8,1000,,0.0007,0.0016,available,,not_measured,managed,0.0016,0.4375,negligible
"np.bitwise_or(a, b) (int8)",Bitwise,int8,100000,,0.0292,0.0137,available,,not_measured,managed,0.0137,2.131387,faster
"np.bitwise_or(a, b) (int8)",Bitwise,int8,10000000,,6.2623,2.7381,available,,not_measured,managed,2.7381,2.287097,faster
"np.bitwise_or(a, b) (uint16)",Bitwise,uint16,1000,,0.0008,0.0019,available,,not_measured,managed,0.0019,0.421053,negligible
"np.bitwise_or(a, b) (uint16)",Bitwise,uint16,100000,,0.0288,0.0257,available,,not_measured,managed,0.0257,1.120623,faster
"np.bitwise_or(a, b) (uint16)",Bitwise,uint16,10000000,,8.878,5.9806,available,,not_measured,managed,5.9806,1.484466,faster
"np.bitwise_or(a, b) (uint32)",Bitwise,uint32,1000,,0.0008,0.0021,available,,not_measured,managed,0.0021,0.380952,negligible
"np.bitwise_or(a, b) (uint32)",Bitwise,uint32,100000,,0.0313,0.0496,available,,not_measured,managed,0.0496,0.631048,slower
"np.bitwise_or(a, b) (uint32)",Bitwise,uint32,10000000,,16.6645,11.318,available,,not_measured,managed,11.318,1.472389,faster
"np.bitwise_or(a, b) (uint64)",Bitwise,uint64,1000,,0.0008,0.0031,available,,not_measured,managed,0.0031,0.258065,negligible
"np.bitwise_or(a, b) (uint64)",Bitwise,uint64,100000,,0.0312,0.0997,available,,not_measured,managed,0.0997,0.312939,much_slower
"np.bitwise_or(a, b) (uint64)",Bitwise,uint64,10000000,,32.5081,25.5696,available,,not_measured,managed,25.5696,1.271357,faster
"np.bitwise_or(a, b) (uint8)",Bitwise,uint8,1000,,0.0007,0.0019,available,,not_measured,managed,0.0019,0.368421,negligible
"np.bitwise_or(a, b) (uint8)",Bitwise,uint8,100000,,0.03,0.014,available,,not_measured,managed,0.014,2.142857,faster
"np.bitwise_or(a, b) (uint8)",Bitwise,uint8,10000000,,6.7254,3.1264,available,,not_measured,managed,3.1264,2.151164,faster
"np.bitwise_xor(a, b) (bool)",Bitwise,bool,1000,,0.0004,0.002,available,,not_measured,managed,0.002,0.2,negligible
"np.bitwise_xor(a, b) (bool)",Bitwise,bool,100000,,0.003,0.0522,available,,not_measured,managed,0.0522,0.057471,much_slower
"np.bitwise_xor(a, b) (bool)",Bitwise,bool,10000000,,4.3193,5.0756,available,,not_measured,managed,5.0756,0.850993,close
"np.bitwise_xor(a, b) (int16)",Bitwise,int16,1000,,0.0008,0.002,available,,not_measured,managed,0.002,0.4,negligible
"np.bitwise_xor(a, b) (int16)",Bitwise,int16,100000,,0.0317,0.0257,available,,not_measured,managed,0.0257,1.233463,faster
"np.bitwise_xor(a, b) (int16)",Bitwise,int16,10000000,,9.3074,5.8851,available,,not_measured,managed,5.8851,1.581519,faster
"np.bitwise_xor(a, b) (int32)",Bitwise,int32,1000,,0.0008,0.002,available,,not_measured,managed,0.002,0.4,negligible
"np.bitwise_xor(a, b) (int32)",Bitwise,int32,100000,,0.0301,0.0517,available,,not_measured,managed,0.0517,0.582205,slower
"np.bitwise_xor(a, b) (int32)",Bitwise,int32,10000000,,25.4851,11.0355,available,,not_measured,managed,11.0355,2.309374,faster
"np.bitwise_xor(a, b) (int64)",Bitwise,int64,1000,,0.0008,0.0026,available,,not_measured,managed,0.0026,0.307692,negligible
"np.bitwise_xor(a, b) (int64)",Bitwise,int64,100000,,0.0334,0.0971,available,,not_measured,managed,0.0971,0.343975,slower
"np.bitwise_xor(a, b) (int64)",Bitwise,int64,10000000,,32.6498,25.7072,available,,not_measured,managed,25.7072,1.270064,faster
"np.bitwise_xor(a, b) (int8)",Bitwise,int8,1000,,0.0007,0.0019,available,,not_measured,managed,0.0019,0.368421,negligible
"np.bitwise_xor(a, b) (int8)",Bitwise,int8,100000,,0.0287,0.0136,available,,not_measured,managed,0.0136,2.110294,faster
"np.bitwise_xor(a, b) (int8)",Bitwise,int8,10000000,,6.2565,2.7897,available,,not_measured,managed,2.7897,2.242714,faster
"np.bitwise_xor(a, b) (uint16)",Bitwise,uint16,1000,,0.0008,0.0016,available,,not_measured,managed,0.0016,0.5,negligible
"np.bitwise_xor(a, b) (uint16)",Bitwise,uint16,100000,,0.0291,0.0257,available,,not_measured,managed,0.0257,1.132296,faster
"np.bitwise_xor(a, b) (uint16)",Bitwise,uint16,10000000,,9.2357,6.3395,available,,not_measured,managed,6.3395,1.45685,faster
"np.bitwise_xor(a, b) (uint32)",Bitwise,uint32,1000,,0.0008,0.0024,available,,not_measured,managed,0.0024,0.333333,negligible
"np.bitwise_xor(a, b) (uint32)",Bitwise,uint32,100000,,0.0309,0.0491,available,,not_measured,managed,0.0491,0.629328,slower
"np.bitwise_xor(a, b) (uint32)",Bitwise,uint32,10000000,,16.1894,11.0211,available,,not_measured,managed,11.0211,1.468946,faster
"np.bitwise_xor(a, b) (uint64)",Bitwise,uint64,1000,,0.0008,0.0029,available,,not_measured,managed,0.0029,0.275862,negligible
"np.bitwise_xor(a, b) (uint64)",Bitwise,uint64,100000,,0.031,0.0984,available,,not_measured,managed,0.0984,0.315041,much_slower
"np.bitwise_xor(a, b) (uint64)",Bitwise,uint64,10000000,,32.2337,26.8352,available,,not_measured,managed,26.8352,1.201172,faster
"np.bitwise_xor(a, b) (uint8)",Bitwise,uint8,1000,,0.0007,0.0022,available,,not_measured,managed,0.0022,0.318182,negligible
"np.bitwise_xor(a, b) (uint8)",Bitwise,uint8,100000,,0.0298,0.0137,available,,not_measured,managed,0.0137,2.175182,faster
"np.bitwise_xor(a, b) (uint8)",Bitwise,uint8,10000000,,6.5168,2.6159,available,,not_measured,managed,2.6159,2.491227,faster
np.invert(a) (bool),Bitwise,bool,1000,,0.0004,0.0025,available,,not_measured,managed,0.0025,0.16,negligible
np.invert(a) (bool),Bitwise,bool,100000,,0.0026,0.0498,available,,not_measured,managed,0.0498,0.052209,much_slower
np.invert(a) (bool),Bitwise,bool,10000000,,1.9433,5.1907,available,,not_measured,managed,5.1907,0.374381,slower
np.invert(a) (int16),Bitwise,int16,1000,,0.0007,0.002,available,,not_measured,managed,0.002,0.35,negligible
np.invert(a) (int16),Bitwise,int16,100000,,0.0258,0.0257,available,,not_measured,managed,0.0257,1.003891,close
np.invert(a) (int16),Bitwise,int16,10000000,,6.742,4.2485,available,,not_measured,managed,4.2485,1.586913,faster
np.invert(a) (int32),Bitwise,int32,1000,,0.0007,0.0018,available,,not_measured,managed,0.0018,0.388889,negligible
np.invert(a) (int32),Bitwise,int32,100000,,0.026,0.0591,available,,not_measured,managed,0.0591,0.439932,slower
np.invert(a) (int32),Bitwise,int32,10000000,,13.1354,8.6419,available,,not_measured,managed,8.6419,1.519967,faster
np.invert(a) (int64),Bitwise,int64,1000,,0.0007,0.0033,available,,not_measured,managed,0.0033,0.212121,negligible
np.invert(a) (int64),Bitwise,int64,100000,,0.0271,0.1026,available,,not_measured,managed,0.1026,0.264133,much_slower
np.invert(a) (int64),Bitwise,int64,10000000,,24.3454,19.9562,available,,not_measured,managed,19.9562,1.219942,faster
np.invert(a) (int8),Bitwise,int8,1000,,0.0006,0.0015,available,,not_measured,managed,0.0015,0.4,negligible
np.invert(a) (int8),Bitwise,int8,100000,,0.0264,0.0163,available,,not_measured,managed,0.0163,1.619632,faster
np.invert(a) (int8),Bitwise,int8,10000000,,5.5176,2.0247,available,,not_measured,managed,2.0247,2.725144,faster
np.invert(a) (uint16),Bitwise,uint16,1000,,0.0007,0.0021,available,,not_measured,managed,0.0021,0.333333,negligible
np.invert(a) (uint16),Bitwise,uint16,100000,,0.026,0.0253,available,,not_measured,managed,0.0253,1.027668,close
np.invert(a) (uint16),Bitwise,uint16,10000000,,7.0054,5.2406,available,,not_measured,managed,5.2406,1.336755,faster
np.invert(a) (uint32),Bitwise,uint32,1000,,0.0008,0.0021,available,,not_measured,managed,0.0021,0.380952,negligible
np.invert(a) (uint32),Bitwise,uint32,100000,,0.026,0.0497,available,,not_measured,managed,0.0497,0.523139,slower
np.invert(a) (uint32),Bitwise,uint32,10000000,,12.9497,7.8396,available,,not_measured,managed,7.8396,1.651832,faster
np.invert(a) (uint64),Bitwise,uint64,1000,,0.0008,0.003,available,,not_measured,managed,0.003,0.266667,negligible
np.invert(a) (uint64),Bitwise,uint64,100000,,0.0263,0.095,available,,not_measured,managed,0.095,0.276842,much_slower
np.invert(a) (uint64),Bitwise,uint64,10000000,,25.1532,19.2084,available,,not_measured,managed,19.2084,1.30949,faster
np.invert(a) (uint8),Bitwise,uint8,1000,,0.0006,0.0016,available,,not_measured,managed,0.0016,0.375,negligible
np.invert(a) (uint8),Bitwise,uint8,100000,,0.0257,0.0135,available,,not_measured,managed,0.0135,1.903704,faster
np.invert(a) (uint8),Bitwise,uint8,10000000,,5.6064,1.9799,available,,not_measured,managed,1.9799,2.831658,faster
"np.left_shift(a, 2) (bool)",Bitwise,bool,1000,,0.0015,0.0081,available,,not_measured,managed,0.0081,0.185185,much_slower
"np.left_shift(a, 2) (bool)",Bitwise,bool,100000,,0.0427,0.1254,available,,not_measured,managed,0.1254,0.34051,slower
"np.left_shift(a, 2) (bool)",Bitwise,bool,10000000,,16.12,14.8281,available,,not_measured,managed,14.8281,1.087125,faster
"np.left_shift(a, 2) (int16)",Bitwise,int16,1000,,0.0011,0.0036,available,,not_measured,managed,0.0036,0.305556,much_slower
"np.left_shift(a, 2) (int16)",Bitwise,int16,100000,,0.0325,0.0314,available,,not_measured,managed,0.0314,1.035032,close
"np.left_shift(a, 2) (int16)",Bitwise,int16,10000000,,7.2486,4.3602,available,,not_measured,managed,4.3602,1.662447,faster
"np.left_shift(a, 2) (int32)",Bitwise,int32,1000,,0.001,0.0039,available,,not_measured,managed,0.0039,0.25641,much_slower
"np.left_shift(a, 2) (int32)",Bitwise,int32,100000,,0.0193,0.0557,available,,not_measured,managed,0.0557,0.346499,slower
"np.left_shift(a, 2) (int32)",Bitwise,int32,10000000,,13.1404,8.7192,available,,not_measured,managed,8.7192,1.507065,faster
"np.left_shift(a, 2) (int64)",Bitwise,int64,1000,,0.0009,0.0046,available,,not_measured,managed,0.0046,0.195652,negligible
"np.left_shift(a, 2) (int64)",Bitwise,int64,100000,,0.0201,0.0958,available,,not_measured,managed,0.0958,0.209812,much_slower
"np.left_shift(a, 2) (int64)",Bitwise,int64,10000000,,25.1381,20.3719,available,,not_measured,managed,20.3719,1.23396,faster
"np.left_shift(a, 2) (int8)",Bitwise,int8,1000,,0.0009,0.002,available,,not_measured,managed,0.002,0.45,negligible
"np.left_shift(a, 2) (int8)",Bitwise,int8,100000,,0.0283,0.0151,available,,not_measured,managed,0.0151,1.874172,faster
"np.left_shift(a, 2) (int8)",Bitwise,int8,10000000,,5.5647,2.1366,available,,not_measured,managed,2.1366,2.604465,faster
"np.left_shift(a, 2) (uint16)",Bitwise,uint16,1000,,0.001,0.0041,available,,not_measured,managed,0.0041,0.243902,much_slower
"np.left_shift(a, 2) (uint16)",Bitwise,uint16,100000,,0.0297,0.0266,available,,not_measured,managed,0.0266,1.116541,faster
"np.left_shift(a, 2) (uint16)",Bitwise,uint16,10000000,,7.4834,4.5757,available,,not_measured,managed,4.5757,1.635466,faster
"np.left_shift(a, 2) (uint32)",Bitwise,uint32,1000,,0.001,0.0043,available,,not_measured,managed,0.0043,0.232558,much_slower
"np.left_shift(a, 2) (uint32)",Bitwise,uint32,100000,,0.0214,0.0508,available,,not_measured,managed,0.0508,0.42126,slower
"np.left_shift(a, 2) (uint32)",Bitwise,uint32,10000000,,13.8027,7.9027,available,,not_measured,managed,7.9027,1.74658,faster
"np.left_shift(a, 2) (uint64)",Bitwise,uint64,1000,,0.001,0.0051,available,,not_measured,managed,0.0051,0.196078,much_slower
"np.left_shift(a, 2) (uint64)",Bitwise,uint64,100000,,0.0191,0.0999,available,,not_measured,managed,0.0999,0.191191,much_slower
"np.left_shift(a, 2) (uint64)",Bitwise,uint64,10000000,,25.6864,19.3671,available,,not_measured,managed,19.3671,1.32629,faster
"np.left_shift(a, 2) (uint8)",Bitwise,uint8,1000,,0.0009,0.0038,available,,not_measured,managed,0.0038,0.236842,negligible
"np.left_shift(a, 2) (uint8)",Bitwise,uint8,100000,,0.0281,0.0158,available,,not_measured,managed,0.0158,1.778481,faster
"np.left_shift(a, 2) (uint8)",Bitwise,uint8,10000000,,5.8601,1.9449,available,,not_measured,managed,1.9449,3.01306,faster
"np.right_shift(a, 2) (bool)",Bitwise,bool,1000,,0.0016,0.0088,available,,not_measured,managed,0.0088,0.181818,much_slower
"np.right_shift(a, 2) (bool)",Bitwise,bool,100000,,0.053,0.1159,available,,not_measured,managed,0.1159,0.457291,slower
"np.right_shift(a, 2) (bool)",Bitwise,bool,10000000,,16.9879,14.9298,available,,not_measured,managed,14.9298,1.137852,faster
"np.right_shift(a, 2) (int16)",Bitwise,int16,1000,,0.0012,0.0034,available,,not_measured,managed,0.0034,0.352941,slower
"np.right_shift(a, 2) (int16)",Bitwise,int16,100000,,0.038,0.0267,available,,not_measured,managed,0.0267,1.423221,faster
"np.right_shift(a, 2) (int16)",Bitwise,int16,10000000,,9.1014,4.1755,available,,not_measured,managed,4.1755,2.179715,faster
"np.right_shift(a, 2) (int32)",Bitwise,int32,1000,,0.0011,0.0036,available,,not_measured,managed,0.0036,0.305556,much_slower
"np.right_shift(a, 2) (int32)",Bitwise,int32,100000,,0.0302,0.056,available,,not_measured,managed,0.056,0.539286,slower
"np.right_shift(a, 2) (int32)",Bitwise,int32,10000000,,13.3567,9.4687,available,,not_measured,managed,9.4687,1.410616,faster
"np.right_shift(a, 2) (int64)",Bitwise,int64,1000,,0.0014,0.0046,available,,not_measured,managed,0.0046,0.304348,much_slower
"np.right_shift(a, 2) (int64)",Bitwise,int64,100000,,0.029,0.1,available,,not_measured,managed,0.1,0.29,much_slower
"np.right_shift(a, 2) (int64)",Bitwise,int64,10000000,,24.4439,21.1537,available,,not_measured,managed,21.1537,1.155538,faster
"np.right_shift(a, 2) (int8)",Bitwise,int8,1000,,0.001,0.0041,available,,not_measured,managed,0.0041,0.243902,much_slower
"np.right_shift(a, 2) (int8)",Bitwise,int8,100000,,0.0382,0.0188,available,,not_measured,managed,0.0188,2.031915,faster
"np.right_shift(a, 2) (int8)",Bitwise,int8,10000000,,8.7667,2.3973,available,,not_measured,managed,2.3973,3.656906,faster
"np.right_shift(a, 2) (uint16)",Bitwise,uint16,1000,,0.0011,0.0043,available,,not_measured,managed,0.0043,0.255814,much_slower
"np.right_shift(a, 2) (uint16)",Bitwise,uint16,100000,,0.0284,0.0264,available,,not_measured,managed,0.0264,1.075758,faster
"np.right_shift(a, 2) (uint16)",Bitwise,uint16,10000000,,7.3811,4.5134,available,,not_measured,managed,4.5134,1.635375,faster
"np.right_shift(a, 2) (uint32)",Bitwise,uint32,1000,,0.001,0.004,available,,not_measured,managed,0.004,0.25,much_slower
"np.right_shift(a, 2) (uint32)",Bitwise,uint32,100000,,0.02,0.0507,available,,not_measured,managed,0.0507,0.394477,slower
"np.right_shift(a, 2) (uint32)",Bitwise,uint32,10000000,,12.9718,9.2777,available,,not_measured,managed,9.2777,1.39817,faster
"np.right_shift(a, 2) (uint64)",Bitwise,uint64,1000,,0.001,0.0044,available,,not_measured,managed,0.0044,0.227273,much_slower
"np.right_shift(a, 2) (uint64)",Bitwise,uint64,100000,,0.0191,0.0982,available,,not_measured,managed,0.0982,0.194501,much_slower
"np.right_shift(a, 2) (uint64)",Bitwise,uint64,10000000,,26.3704,19.5102,available,,not_measured,managed,19.5102,1.351621,faster
"np.right_shift(a, 2) (uint8)",Bitwise,uint8,1000,,0.0009,0.0023,available,,not_measured,managed,0.0023,0.391304,negligible
"np.right_shift(a, 2) (uint8)",Bitwise,uint8,100000,,0.0292,0.0155,available,,not_measured,managed,0.0155,1.883871,faster
"np.right_shift(a, 2) (uint8)",Bitwise,uint8,10000000,,6.2743,1.9603,available,,not_measured,managed,1.9603,3.200684,faster
matrix * 2.0,Broadcasting,float64,1000,,0.0007,0.0033,available,,not_measured,managed,0.0033,0.212121,negligible
matrix * 2.0,Broadcasting,float64,100000,,0.0137,0.082,available,,not_measured,managed,0.082,0.167073,much_slower
matrix * 2.0,Broadcasting,float64,10000000,,16.7362,20.4812,available,,not_measured,managed,20.4812,0.817149,close
"matrix * col_vector (N,M)*(N,1)",Broadcasting,float64,1000,,0.0013,0.0055,available,,not_measured,managed,0.0055,0.236364,much_slower
"matrix * col_vector (N,M)*(N,1)",Broadcasting,float64,100000,,0.0286,0.1032,available,,not_measured,managed,0.1032,0.277132,much_slower
"matrix * col_vector (N,M)*(N,1)",Broadcasting,float64,10000000,,26.4555,21.1808,available,,not_measured,managed,21.1808,1.249032,faster
"matrix * row_vector (N,M)*(M,)",Broadcasting,float64,1000,,0.0012,0.0048,available,,not_measured,managed,0.0048,0.25,much_slower
"matrix * row_vector (N,M)*(M,)",Broadcasting,float64,100000,,0.026,0.1008,available,,not_measured,managed,0.1008,0.257937,much_slower
"matrix * row_vector (N,M)*(M,)",Broadcasting,float64,10000000,,27.296,21.0518,available,,not_measured,managed,21.0518,1.296611,faster
"matrix + col_vector (N,M)+(N,1)",Broadcasting,float64,1000,,0.0014,0.0059,available,,not_measured,managed,0.0059,0.237288,much_slower
"matrix + col_vector (N,M)+(N,1)",Broadcasting,float64,100000,,0.03,0.1032,available,,not_measured,managed,0.1032,0.290698,much_slower
"matrix + col_vector (N,M)+(N,1)",Broadcasting,float64,10000000,,26.5138,20.6669,available,,not_measured,managed,20.6669,1.282911,faster
"matrix + row_vector (N,M)+(M,)",Broadcasting,float64,1000,,0.0012,0.0044,available,,not_measured,managed,0.0044,0.272727,much_slower
"matrix + row_vector (N,M)+(M,)",Broadcasting,float64,100000,,0.0292,0.1121,available,,not_measured,managed,0.1121,0.260482,much_slower
"matrix + row_vector (N,M)+(M,)",Broadcasting,float64,10000000,,19.3963,20.4765,available,,not_measured,managed,20.4765,0.947247,close
matrix + scalar,Broadcasting,float64,1000,,0.0005,0.0023,available,,not_measured,managed,0.0023,0.217391,negligible
matrix + scalar,Broadcasting,float64,100000,,0.0114,0.078,available,,not_measured,managed,0.078,0.146154,much_slower
matrix + scalar,Broadcasting,float64,10000000,,16.4236,19.9475,available,,not_measured,managed,19.9475,0.823341,close
"np.broadcast_to(col, (N,M))",Broadcasting,float64,1000,,0.0018,0.0011,available,,not_measured,managed,0.0011,1.636364,faster
"np.broadcast_to(col, (N,M))",Broadcasting,float64,100000,,0.0018,0.0011,available,,not_measured,managed,0.0011,1.636364,faster
"np.broadcast_to(col, (N,M))",Broadcasting,float64,10000000,,0.0073,0.0011,available,,not_measured,managed,0.0011,6.636364,faster
"np.broadcast_to(row, (N,M))",Broadcasting,float64,1000,,0.0019,0.0012,available,,not_measured,managed,0.0012,1.583333,faster
"np.broadcast_to(row, (N,M))",Broadcasting,float64,100000,,0.0018,0.0013,available,,not_measured,managed,0.0013,1.384615,faster
"np.broadcast_to(row, (N,M))",Broadcasting,float64,10000000,,0.0047,0.001,available,,not_measured,managed,0.001,4.7,faster
"tensor3D + matrix2D (D,D,D)+(D,D)",Broadcasting,float64,1000,,0.0011,0.0047,available,,not_measured,managed,0.0047,0.234043,much_slower
"tensor3D + matrix2D (D,D,D)+(D,D)",Broadcasting,float64,100000,,0.0251,0.1414,available,,not_measured,managed,0.1414,0.177511,much_slower
"tensor3D + matrix2D (D,D,D)+(D,D)",Broadcasting,float64,10000000,,25.5225,20.8609,available,,not_measured,managed,20.8609,1.223461,faster
a != b (float32),Comparison,float32,1000,,0.0005,0.0015,available,,not_measured,managed,0.0015,0.333333,negligible
a != b (float32),Comparison,float32,100000,,0.0142,0.0165,available,,not_measured,managed,0.0165,0.860606,close
a != b (float32),Comparison,float32,10000000,,10.2106,9.1763,available,,not_measured,managed,9.1763,1.112714,faster
a != b (float64),Comparison,float64,1000,,0.0005,0.0019,available,,not_measured,managed,0.0019,0.263158,negligible
a != b (float64),Comparison,float64,100000,,0.0107,0.0254,available,,not_measured,managed,0.0254,0.42126,slower
a != b (float64),Comparison,float64,10000000,,18.5806,15.9548,available,,not_measured,managed,15.9548,1.164577,faster
a != b (int32),Comparison,int32,1000,,0.0005,0.0015,available,,not_measured,managed,0.0015,0.333333,negligible
a != b (int32),Comparison,int32,100000,,0.0084,0.0177,available,,not_measured,managed,0.0177,0.474576,slower
a != b (int32),Comparison,int32,10000000,,4.6129,8.867,available,,not_measured,managed,8.867,0.520232,slower
a != b (int64),Comparison,int64,1000,,0.0005,0.0018,available,,not_measured,managed,0.0018,0.277778,negligible
a != b (int64),Comparison,int64,100000,,0.0151,0.0297,available,,not_measured,managed,0.0297,0.508418,slower
a != b (int64),Comparison,int64,10000000,,19.4501,16.3374,available,,not_measured,managed,16.3374,1.190526,faster
a < b (float32),Comparison,float32,1000,,0.0005,0.0011,available,,not_measured,managed,0.0011,0.454545,negligible
a < b (float32),Comparison,float32,100000,,0.0093,0.0166,available,,not_measured,managed,0.0166,0.560241,slower
a < b (float32),Comparison,float32,10000000,,10.5894,10.1088,available,,not_measured,managed,10.1088,1.047543,close
a < b (float64),Comparison,float64,1000,,0.0004,0.002,available,,not_measured,managed,0.002,0.2,negligible
a < b (float64),Comparison,float64,100000,,0.0107,0.0278,available,,not_measured,managed,0.0278,0.384892,slower
a < b (float64),Comparison,float64,10000000,,18.5341,16.9025,available,,not_measured,managed,16.9025,1.09653,faster
a < b (int32),Comparison,int32,1000,,0.0004,0.0022,available,,not_measured,managed,0.0022,0.181818,negligible
a < b (int32),Comparison,int32,100000,,0.007,0.0179,available,,not_measured,managed,0.0179,0.391061,slower
a < b (int32),Comparison,int32,10000000,,4.4532,9.2041,available,,not_measured,managed,9.2041,0.483828,slower
a < b (int64),Comparison,int64,1000,,0.0005,0.0022,available,,not_measured,managed,0.0022,0.227273,negligible
a < b (int64),Comparison,int64,100000,,0.0183,0.0276,available,,not_measured,managed,0.0276,0.663043,slower
a < b (int64),Comparison,int64,10000000,,19.2397,15.5211,available,,not_measured,managed,15.5211,1.239584,faster
a <= b (float32),Comparison,float32,1000,,0.0004,0.0016,available,,not_measured,managed,0.0016,0.25,negligible
a <= b (float32),Comparison,float32,100000,,0.0097,0.0167,available,,not_measured,managed,0.0167,0.580838,slower
a <= b (float32),Comparison,float32,10000000,,10.5722,10.6303,available,,not_measured,managed,10.6303,0.994534,close
a <= b (float64),Comparison,float64,1000,,0.0004,0.0018,available,,not_measured,managed,0.0018,0.222222,negligible
a <= b (float64),Comparison,float64,100000,,0.0114,0.0262,available,,not_measured,managed,0.0262,0.435115,slower
a <= b (float64),Comparison,float64,10000000,,26.4317,16.9999,available,,not_measured,managed,16.9999,1.554815,faster
a <= b (int32),Comparison,int32,1000,,0.0004,0.0017,available,,not_measured,managed,0.0017,0.235294,negligible
a <= b (int32),Comparison,int32,100000,,0.007,0.0185,available,,not_measured,managed,0.0185,0.378378,slower
a <= b (int32),Comparison,int32,10000000,,4.6594,11.0013,available,,not_measured,managed,11.0013,0.423532,slower
a <= b (int64),Comparison,int64,1000,,0.0006,0.002,available,,not_measured,managed,0.002,0.3,negligible
a <= b (int64),Comparison,int64,100000,,0.0186,0.0302,available,,not_measured,managed,0.0302,0.615894,slower
a <= b (int64),Comparison,int64,10000000,,19.7886,15.613,available,,not_measured,managed,15.613,1.267444,faster
a == b (float32),Comparison,float32,1000,,0.0005,0.0015,available,,not_measured,managed,0.0015,0.333333,negligible
a == b (float32),Comparison,float32,100000,,0.0127,0.0169,available,,not_measured,managed,0.0169,0.751479,slower
a == b (float32),Comparison,float32,10000000,,10.3571,8.9514,available,,not_measured,managed,8.9514,1.157037,faster
a == b (float64),Comparison,float64,1000,,0.0004,0.0018,available,,not_measured,managed,0.0018,0.222222,negligible
a == b (float64),Comparison,float64,100000,,0.0103,0.0244,available,,not_measured,managed,0.0244,0.422131,slower
a == b (float64),Comparison,float64,10000000,,19.9079,15.894,available,,not_measured,managed,15.894,1.252542,faster
a == b (int32),Comparison,int32,1000,,0.0004,0.0016,available,,not_measured,managed,0.0016,0.25,negligible
a == b (int32),Comparison,int32,100000,,0.0075,0.0221,available,,not_measured,managed,0.0221,0.339367,slower
a == b (int32),Comparison,int32,10000000,,4.4572,8.7582,available,,not_measured,managed,8.7582,0.508917,slower
a == b (int64),Comparison,int64,1000,,0.0005,0.0018,available,,not_measured,managed,0.0018,0.277778,negligible
a == b (int64),Comparison,int64,100000,,0.0126,0.0288,available,,not_measured,managed,0.0288,0.4375,slower
a == b (int64),Comparison,int64,10000000,,19.3459,15.7141,available,,not_measured,managed,15.7141,1.231117,faster
a > b (float32),Comparison,float32,1000,,0.0004,0.0017,available,,not_measured,managed,0.0017,0.235294,negligible
a > b (float32),Comparison,float32,100000,,0.01,0.0163,available,,not_measured,managed,0.0163,0.613497,slower
a > b (float32),Comparison,float32,10000000,,10.5374,10.4151,available,,not_measured,managed,10.4151,1.011743,close
a > b (float64),Comparison,float64,1000,,0.0004,0.0018,available,,not_measured,managed,0.0018,0.222222,negligible
a > b (float64),Comparison,float64,100000,,0.011,0.0244,available,,not_measured,managed,0.0244,0.45082,slower
a > b (float64),Comparison,float64,10000000,,19.1812,16.6324,available,,not_measured,managed,16.6324,1.153243,faster
a > b (int32),Comparison,int32,1000,,0.0004,0.0019,available,,not_measured,managed,0.0019,0.210526,negligible
a > b (int32),Comparison,int32,100000,,0.0069,0.0172,available,,not_measured,managed,0.0172,0.401163,slower
a > b (int32),Comparison,int32,10000000,,4.6439,9.1228,available,,not_measured,managed,9.1228,0.509043,slower
a > b (int64),Comparison,int64,1000,,0.0005,0.0019,available,,not_measured,managed,0.0019,0.263158,negligible
a > b (int64),Comparison,int64,100000,,0.0183,0.0268,available,,not_measured,managed,0.0268,0.682836,slower
a > b (int64),Comparison,int64,10000000,,18.8875,16.0825,available,,not_measured,managed,16.0825,1.174413,faster
a >= b (float32),Comparison,float32,1000,,0.0004,0.0017,available,,not_measured,managed,0.0017,0.235294,negligible
a >= b (float32),Comparison,float32,100000,,0.007,0.017,available,,not_measured,managed,0.017,0.411765,slower
a >= b (float32),Comparison,float32,10000000,,10.7055,10.4222,available,,not_measured,managed,10.4222,1.027182,close
a >= b (float64),Comparison,float64,1000,,0.0004,0.0019,available,,not_measured,managed,0.0019,0.210526,negligible
a >= b (float64),Comparison,float64,100000,,0.0171,0.0323,available,,not_measured,managed,0.0323,0.529412,slower
a >= b (float64),Comparison,float64,10000000,,18.7657,16.3643,available,,not_measured,managed,16.3643,1.146746,faster
a >= b (int32),Comparison,int32,1000,,0.0004,0.0019,available,,not_measured,managed,0.0019,0.210526,negligible
a >= b (int32),Comparison,int32,100000,,0.0069,0.018,available,,not_measured,managed,0.018,0.383333,slower
a >= b (int32),Comparison,int32,10000000,,4.5529,9.5301,available,,not_measured,managed,9.5301,0.477739,slower
a >= b (int64),Comparison,int64,1000,,0.0005,0.0024,available,,not_measured,managed,0.0024,0.208333,negligible
a >= b (int64),Comparison,int64,100000,,0.0182,0.0294,available,,not_measured,managed,0.0294,0.619048,slower
a >= b (int64),Comparison,int64,10000000,,18.7747,16.2601,available,,not_measured,managed,16.2601,1.154648,faster
"np.equal(a, b) (float32)",Comparison,float32,1000,,0.0004,0.0016,available,,not_measured,managed,0.0016,0.25,negligible
"np.equal(a, b) (float32)",Comparison,float32,100000,,0.0087,0.0162,available,,not_measured,managed,0.0162,0.537037,slower
"np.equal(a, b) (float32)",Comparison,float32,10000000,,10.7133,10.9479,available,,not_measured,managed,10.9479,0.978571,close
"np.equal(a, b) (float64)",Comparison,float64,1000,,0.0005,0.0023,available,,not_measured,managed,0.0023,0.217391,negligible
"np.equal(a, b) (float64)",Comparison,float64,100000,,0.0121,0.026,available,,not_measured,managed,0.026,0.465385,slower
"np.equal(a, b) (float64)",Comparison,float64,10000000,,17.9631,17.1136,available,,not_measured,managed,17.1136,1.049639,close
"np.equal(a, b) (int32)",Comparison,int32,1000,,0.0004,0.0018,available,,not_measured,managed,0.0018,0.222222,negligible
"np.equal(a, b) (int32)",Comparison,int32,100000,,0.007,0.0175,available,,not_measured,managed,0.0175,0.4,slower
"np.equal(a, b) (int32)",Comparison,int32,10000000,,4.4403,8.7519,available,,not_measured,managed,8.7519,0.507353,slower
"np.equal(a, b) (int64)",Comparison,int64,1000,,0.0005,0.002,available,,not_measured,managed,0.002,0.25,negligible
"np.equal(a, b) (int64)",Comparison,int64,100000,,0.014,0.0271,available,,not_measured,managed,0.0271,0.516605,slower
"np.equal(a, b) (int64)",Comparison,int64,10000000,,19.0419,16.3267,available,,not_measured,managed,16.3267,1.166304,faster
"np.greater(a, b) (float32)",Comparison,float32,1000,,0.0004,0.0015,available,,not_measured,managed,0.0015,0.266667,negligible
"np.greater(a, b) (float32)",Comparison,float32,100000,,0.009,0.0198,available,,not_measured,managed,0.0198,0.454545,slower
"np.greater(a, b) (float32)",Comparison,float32,10000000,,10.7167,9.2807,available,,not_measured,managed,9.2807,1.15473,faster
"np.greater(a, b) (float64)",Comparison,float64,1000,,0.0005,0.0017,available,,not_measured,managed,0.0017,0.294118,negligible
"np.greater(a, b) (float64)",Comparison,float64,100000,,0.0159,0.025,available,,not_measured,managed,0.025,0.636,slower
"np.greater(a, b) (float64)",Comparison,float64,10000000,,19.0344,16.5794,available,,not_measured,managed,16.5794,1.148075,faster
"np.greater(a, b) (int32)",Comparison,int32,1000,,0.0004,0.0017,available,,not_measured,managed,0.0017,0.235294,negligible
"np.greater(a, b) (int32)",Comparison,int32,100000,,0.0079,0.0172,available,,not_measured,managed,0.0172,0.459302,slower
"np.greater(a, b) (int32)",Comparison,int32,10000000,,6.0301,9.254,available,,not_measured,managed,9.254,0.651621,slower
"np.greater(a, b) (int64)",Comparison,int64,1000,,0.0006,0.0018,available,,not_measured,managed,0.0018,0.333333,negligible
"np.greater(a, b) (int64)",Comparison,int64,100000,,0.0216,0.0269,available,,not_measured,managed,0.0269,0.802974,close
"np.greater(a, b) (int64)",Comparison,int64,10000000,,19.0393,15.3942,available,,not_measured,managed,15.3942,1.236784,faster
"np.greater_equal(a, b) (float32)",Comparison,float32,1000,,0.0004,0.0016,available,,not_measured,managed,0.0016,0.25,negligible
"np.greater_equal(a, b) (float32)",Comparison,float32,100000,,0.0143,0.0178,available,,not_measured,managed,0.0178,0.803371,close
"np.greater_equal(a, b) (float32)",Comparison,float32,10000000,,10.7343,8.6376,available,,not_measured,managed,8.6376,1.242741,faster
"np.greater_equal(a, b) (float64)",Comparison,float64,1000,,0.0005,0.0019,available,,not_measured,managed,0.0019,0.263158,negligible
"np.greater_equal(a, b) (float64)",Comparison,float64,100000,,0.0151,0.0281,available,,not_measured,managed,0.0281,0.537367,slower
"np.greater_equal(a, b) (float64)",Comparison,float64,10000000,,18.6597,16.0657,available,,not_measured,managed,16.0657,1.161462,faster
"np.greater_equal(a, b) (int32)",Comparison,int32,1000,,0.0005,0.0017,available,,not_measured,managed,0.0017,0.294118,negligible
"np.greater_equal(a, b) (int32)",Comparison,int32,100000,,0.0073,0.0181,available,,not_measured,managed,0.0181,0.403315,slower
"np.greater_equal(a, b) (int32)",Comparison,int32,10000000,,10.8947,9.0928,available,,not_measured,managed,9.0928,1.198168,faster
"np.greater_equal(a, b) (int64)",Comparison,int64,1000,,0.0006,0.0017,available,,not_measured,managed,0.0017,0.352941,negligible
"np.greater_equal(a, b) (int64)",Comparison,int64,100000,,0.0199,0.0287,available,,not_measured,managed,0.0287,0.69338,slower
"np.greater_equal(a, b) (int64)",Comparison,int64,10000000,,18.5817,18.3576,available,,not_measured,managed,18.3576,1.012207,close
"np.less(a, b) (float32)",Comparison,float32,1000,,0.0004,0.0015,available,,not_measured,managed,0.0015,0.266667,negligible
"np.less(a, b) (float32)",Comparison,float32,100000,,0.0069,0.0164,available,,not_measured,managed,0.0164,0.420732,slower
"np.less(a, b) (float32)",Comparison,float32,10000000,,10.6406,9.5024,available,,not_measured,managed,9.5024,1.11978,faster
"np.less(a, b) (float64)",Comparison,float64,1000,,0.0005,0.0016,available,,not_measured,managed,0.0016,0.3125,negligible
"np.less(a, b) (float64)",Comparison,float64,100000,,0.0109,0.0277,available,,not_measured,managed,0.0277,0.393502,slower
"np.less(a, b) (float64)",Comparison,float64,10000000,,18.7955,17.7934,available,,not_measured,managed,17.7934,1.056319,faster
"np.less(a, b) (int32)",Comparison,int32,1000,,0.0004,0.0022,available,,not_measured,managed,0.0022,0.181818,negligible
"np.less(a, b) (int32)",Comparison,int32,100000,,0.0072,0.0169,available,,not_measured,managed,0.0169,0.426036,slower
"np.less(a, b) (int32)",Comparison,int32,10000000,,4.564,8.7655,available,,not_measured,managed,8.7655,0.520678,slower
"np.less(a, b) (int64)",Comparison,int64,1000,,0.0005,0.0022,available,,not_measured,managed,0.0022,0.227273,negligible
"np.less(a, b) (int64)",Comparison,int64,100000,,0.0209,0.0273,available,,not_measured,managed,0.0273,0.765568,slower
"np.less(a, b) (int64)",Comparison,int64,10000000,,19.046,16.7905,available,,not_measured,managed,16.7905,1.134332,faster
"np.less_equal(a, b) (float32)",Comparison,float32,1000,,0.0004,0.0014,available,,not_measured,managed,0.0014,0.285714,negligible
"np.less_equal(a, b) (float32)",Comparison,float32,100000,,0.0071,0.0186,available,,not_measured,managed,0.0186,0.38172,slower
"np.less_equal(a, b) (float32)",Comparison,float32,10000000,,10.9316,9.2772,available,,not_measured,managed,9.2772,1.17833,faster
"np.less_equal(a, b) (float64)",Comparison,float64,1000,,0.0005,0.0022,available,,not_measured,managed,0.0022,0.227273,negligible
"np.less_equal(a, b) (float64)",Comparison,float64,100000,,0.012,0.0274,available,,not_measured,managed,0.0274,0.437956,slower
"np.less_equal(a, b) (float64)",Comparison,float64,10000000,,18.7576,16.5357,available,,not_measured,managed,16.5357,1.13437,faster
"np.less_equal(a, b) (int32)",Comparison,int32,1000,,0.0004,0.0017,available,,not_measured,managed,0.0017,0.235294,negligible
"np.less_equal(a, b) (int32)",Comparison,int32,100000,,0.0077,0.0176,available,,not_measured,managed,0.0176,0.4375,slower
"np.less_equal(a, b) (int32)",Comparison,int32,10000000,,10.5725,9.2549,available,,not_measured,managed,9.2549,1.142368,faster
"np.less_equal(a, b) (int64)",Comparison,int64,1000,,0.0006,0.003,available,,not_measured,managed,0.003,0.2,negligible
"np.less_equal(a, b) (int64)",Comparison,int64,100000,,0.0214,0.0296,available,,not_measured,managed,0.0296,0.722973,slower
"np.less_equal(a, b) (int64)",Comparison,int64,10000000,,19.1498,15.5919,available,,not_measured,managed,15.5919,1.228189,faster
"np.not_equal(a, b) (float32)",Comparison,float32,1000,,0.0004,0.0019,available,,not_measured,managed,0.0019,0.210526,negligible
"np.not_equal(a, b) (float32)",Comparison,float32,100000,,0.0081,0.0169,available,,not_measured,managed,0.0169,0.47929,slower
"np.not_equal(a, b) (float32)",Comparison,float32,10000000,,10.7889,9.4803,available,,not_measured,managed,9.4803,1.138034,faster
"np.not_equal(a, b) (float64)",Comparison,float64,1000,,0.0005,0.0012,available,,not_measured,managed,0.0012,0.416667,negligible
"np.not_equal(a, b) (float64)",Comparison,float64,100000,,0.0156,0.0238,available,,not_measured,managed,0.0238,0.655462,slower
"np.not_equal(a, b) (float64)",Comparison,float64,10000000,,18.2938,16.3539,available,,not_measured,managed,16.3539,1.11862,faster
"np.not_equal(a, b) (int32)",Comparison,int32,1000,,0.0004,0.0019,available,,not_measured,managed,0.0019,0.210526,negligible
"np.not_equal(a, b) (int32)",Comparison,int32,100000,,0.0069,0.0171,available,,not_measured,managed,0.0171,0.403509,slower
"np.not_equal(a, b) (int32)",Comparison,int32,10000000,,4.5688,8.8105,available,,not_measured,managed,8.8105,0.518563,slower
"np.not_equal(a, b) (int64)",Comparison,int64,1000,,0.0005,0.0024,available,,not_measured,managed,0.0024,0.208333,negligible
"np.not_equal(a, b) (int64)",Comparison,int64,100000,,0.0157,0.0273,available,,not_measured,managed,0.0273,0.575092,slower
"np.not_equal(a, b) (int64)",Comparison,int64,10000000,,18.5385,17.8131,available,,not_measured,managed,17.8131,1.040723,close
a.copy() (float32),Creation,float32,1000,,0.0004,0.0077,available,,not_measured,managed,0.0077,0.051948,negligible
a.copy() (float32),Creation,float32,100000,,0.0058,0.0117,available,,not_measured,managed,0.0117,0.495726,slower
a.copy() (float32),Creation,float32,10000000,,8.9479,5.0426,available,,not_measured,managed,5.0426,1.774462,faster
a.copy() (float64),Creation,float64,1000,,0.0004,0.0139,available,,not_measured,managed,0.0139,0.028777,negligible
a.copy() (float64),Creation,float64,100000,,0.0119,0.0247,available,,not_measured,managed,0.0247,0.481781,slower
a.copy() (float64),Creation,float64,10000000,,18.8107,18.1872,available,,not_measured,managed,18.1872,1.034282,close
a.copy() (int32),Creation,int32,1000,,0.0004,0.0076,available,,not_measured,managed,0.0076,0.052632,negligible
a.copy() (int32),Creation,int32,100000,,0.006,0.0132,available,,not_measured,managed,0.0132,0.454545,slower
a.copy() (int32),Creation,int32,10000000,,7.6732,4.861,available,,not_measured,managed,4.861,1.578523,faster
a.copy() (int64),Creation,int64,1000,,0.0005,0.0122,available,,not_measured,managed,0.0122,0.040984,negligible
a.copy() (int64),Creation,int64,100000,,0.0113,0.0236,available,,not_measured,managed,0.0236,0.478814,slower
a.copy() (int64),Creation,int64,10000000,,18.2708,16.8558,available,,not_measured,managed,16.8558,1.083947,faster
np.arange(N) (float32),Creation,float32,1000,,0.0008,0.0081,available,,not_measured,managed,0.0081,0.098765,negligible
np.arange(N) (float32),Creation,float32,100000,,0.0395,0.0555,available,,not_measured,managed,0.0555,0.711712,slower
np.arange(N) (float32),Creation,float32,10000000,,10.9229,5.7305,available,,not_measured,managed,5.7305,1.906099,faster
np.arange(N) (float64),Creation,float64,1000,,0.0009,0.0098,available,,not_measured,managed,0.0098,0.091837,negligible
np.arange(N) (float64),Creation,float64,100000,,0.0326,0.0523,available,,not_measured,managed,0.0523,0.623327,slower
np.arange(N) (float64),Creation,float64,10000000,,19.6418,16.909,available,,not_measured,managed,16.909,1.161618,faster
np.arange(N) (int32),Creation,int32,1000,,0.0007,0.0026,available,,not_measured,managed,0.0026,0.269231,negligible
np.arange(N) (int32),Creation,int32,100000,,0.0299,0.0555,available,,not_measured,managed,0.0555,0.538739,slower
np.arange(N) (int32),Creation,int32,10000000,,9.8884,5.614,available,,not_measured,managed,5.614,1.761382,faster
np.arange(N) (int64),Creation,int64,1000,,0.0006,0.0141,available,,not_measured,managed,0.0141,0.042553,negligible
np.arange(N) (int64),Creation,int64,100000,,0.019,0.057,available,,not_measured,managed,0.057,0.333333,slower
np.arange(N) (int64),Creation,int64,10000000,,18.4898,16.7159,available,,not_measured,managed,16.7159,1.106121,faster
np.array(a) (float64),Creation,float64,1000,,0.0005,0.0078,available,,not_measured,managed,0.0078,0.064103,negligible
np.array(a) (float64),Creation,float64,100000,,0.0115,0.1185,available,,not_measured,managed,0.1185,0.097046,much_slower
np.asanyarray(a) (float64),Creation,float64,1000,,0.0001,0.0,available,,not_measured,managed,0.0,,no_data
np.asanyarray(a) (float64),Creation,float64,100000,,0.0001,0.0,available,,not_measured,managed,0.0,,no_data
np.asarray(a) (float64),Creation,float64,1000,,0.0001,0.0,available,,not_measured,managed,0.0,,no_data
np.asarray(a) (float64),Creation,float64,100000,,0.0001,0.0,available,,not_measured,managed,0.0,,no_data
np.asarray_chkfinite(a) (float64),Creation,float64,1000,,0.0015,0.0001,available,,not_measured,managed,0.0001,15.0,negligible
np.asarray_chkfinite(a) (float64),Creation,float64,100000,,0.0124,0.012,available,,not_measured,managed,0.012,1.033333,close
np.ascontiguousarray(a) (float64),Creation,float64,1000,,0.0004,0.0048,available,,not_measured,managed,0.0048,0.083333,negligible
np.ascontiguousarray(a) (float64),Creation,float64,100000,,0.0098,0.0622,available,,not_measured,managed,0.0622,0.157556,much_slower
np.asfortranarray(a) (float64),Creation,float64,1000,,0.0009,0.0056,available,,not_measured,managed,0.0056,0.160714,negligible
np.asfortranarray(a) (float64),Creation,float64,100000,,0.0282,0.2031,available,,not_measured,managed,0.2031,0.138848,much_slower
np.asmatrix(a) (float64),Creation,float64,1000,,0.002,0.0009,available,,not_measured,managed,0.0009,2.222222,negligible
np.asmatrix(a) (float64),Creation,float64,100000,,0.002,0.0009,available,,not_measured,managed,0.0009,2.222222,negligible
np.copy (float32),Creation,float32,1000,,0.0006,0.0076,available,,not_measured,managed,0.0076,0.078947,negligible
np.copy (float32),Creation,float32,100000,,0.0061,0.0122,available,,not_measured,managed,0.0122,0.5,slower
np.copy (float32),Creation,float32,10000000,,9.6991,5.05,available,,not_measured,managed,5.05,1.920614,faster
np.copy (float64),Creation,float64,1000,,0.0006,0.0148,available,,not_measured,managed,0.0148,0.040541,negligible
np.copy (float64),Creation,float64,100000,,0.0116,0.024,available,,not_measured,managed,0.024,0.483333,slower
np.copy (float64),Creation,float64,10000000,,19.1112,17.1287,available,,not_measured,managed,17.1287,1.115741,faster
np.copy (int32),Creation,int32,1000,,0.0006,0.0069,available,,not_measured,managed,0.0069,0.086957,negligible
np.copy (int32),Creation,int32,100000,,0.0067,0.013,available,,not_measured,managed,0.013,0.515385,slower
np.copy (int32),Creation,int32,10000000,,8.3478,4.8774,available,,not_measured,managed,4.8774,1.711527,faster
np.copy (int64),Creation,int64,1000,,0.0006,0.0146,available,,not_measured,managed,0.0146,0.041096,negligible
np.copy (int64),Creation,int64,100000,,0.0117,0.0247,available,,not_measured,managed,0.0247,0.473684,slower
np.copy (int64),Creation,int64,10000000,,18.3331,16.8803,available,,not_measured,managed,16.8803,1.086065,faster
np.empty (float32),Creation,float32,1000,,0.0003,0.0017,available,,not_measured,managed,0.0017,0.176471,negligible
np.empty (float32),Creation,float32,100000,,0.0003,0.0015,available,,not_measured,managed,0.0015,0.2,negligible
np.empty (float32),Creation,float32,10000000,,0.0266,0.0055,available,,not_measured,managed,0.0055,4.836364,faster
np.empty (float64),Creation,float64,1000,,0.0003,0.0013,available,,not_measured,managed,0.0013,0.230769,negligible
np.empty (float64),Creation,float64,100000,,0.0003,0.0051,available,,not_measured,managed,0.0051,0.058824,negligible
np.empty (float64),Creation,float64,10000000,,0.0221,0.0117,available,,not_measured,managed,0.0117,1.888889,faster
np.empty (int32),Creation,int32,1000,,0.0003,0.0028,available,,not_measured,managed,0.0028,0.107143,negligible
np.empty (int32),Creation,int32,100000,,0.0003,0.0014,available,,not_measured,managed,0.0014,0.214286,negligible
np.empty (int32),Creation,int32,10000000,,0.0125,0.0019,available,,not_measured,managed,0.0019,6.578947,faster
np.empty (int64),Creation,int64,1000,,0.0003,0.0037,available,,not_measured,managed,0.0037,0.081081,negligible
np.empty (int64),Creation,int64,100000,,0.0003,0.0016,available,,not_measured,managed,0.0016,0.1875,negligible
np.empty (int64),Creation,int64,10000000,,0.0213,0.0231,available,,not_measured,managed,0.0231,0.922078,close
np.empty_like(a) (float32),Creation,float32,1000,,0.0004,0.0039,available,,not_measured,managed,0.0039,0.102564,negligible
np.empty_like(a) (float32),Creation,float32,100000,,0.0004,0.0163,available,,not_measured,managed,0.0163,0.02454,negligible
np.empty_like(a) (float32),Creation,float32,10000000,,0.0195,0.0075,available,,not_measured,managed,0.0075,2.6,faster
np.empty_like(a) (float64),Creation,float64,1000,,0.0003,0.002,available,,not_measured,managed,0.002,0.15,negligible
np.empty_like(a) (float64),Creation,float64,100000,,0.0003,0.0065,available,,not_measured,managed,0.0065,0.046154,negligible
np.empty_like(a) (float64),Creation,float64,10000000,,0.0213,0.012,available,,not_measured,managed,0.012,1.775,faster
np.empty_like(a) (int32),Creation,int32,1000,,0.0004,0.0046,available,,not_measured,managed,0.0046,0.086957,negligible
np.empty_like(a) (int32),Creation,int32,100000,,0.0004,0.0092,available,,not_measured,managed,0.0092,0.043478,negligible
np.empty_like(a) (int32),Creation,int32,10000000,,0.0223,0.0077,available,,not_measured,managed,0.0077,2.896104,faster
np.empty_like(a) (int64),Creation,int64,1000,,0.0004,0.0013,available,,not_measured,managed,0.0013,0.307692,negligible
np.empty_like(a) (int64),Creation,int64,100000,,0.0004,0.0126,available,,not_measured,managed,0.0126,0.031746,negligible
np.empty_like(a) (int64),Creation,int64,10000000,,0.0208,0.0234,available,,not_measured,managed,0.0234,0.888889,close
np.eye(n) (float64),Creation,float64,1000,,0.0013,0.0111,available,,not_measured,managed,0.0111,0.117117,much_slower
np.eye(n) (float64),Creation,float64,100000,,0.0126,0.0856,available,,not_measured,managed,0.0856,0.147196,much_slower
np.frombuffer(buffer) (float64),Creation,float64,1000,,0.0003,0.001,available,,not_measured,managed,0.001,0.3,negligible
np.frombuffer(buffer) (float64),Creation,float64,100000,,0.0003,0.001,available,,not_measured,managed,0.001,0.3,negligible
np.fromstring(text) (float64),Creation,float64,1000,,0.0935,0.0654,available,,not_measured,managed,0.0654,1.429664,faster
np.fromstring(text) (float64),Creation,float64,100000,,9.2712,6.9039,available,,not_measured,managed,6.9039,1.342893,faster
np.full (float32),Creation,float32,1000,,0.0009,0.0013,available,,not_measured,managed,0.0013,0.692308,negligible
np.full (float32),Creation,float32,100000,,0.0056,0.0194,available,,not_measured,managed,0.0194,0.28866,much_slower
np.full (float32),Creation,float32,10000000,,9.0993,4.2875,available,,not_measured,managed,4.2875,2.122286,faster
np.full (float64),Creation,float64,1000,,0.0009,0.0097,available,,not_measured,managed,0.0097,0.092784,negligible
np.full (float64),Creation,float64,100000,,0.0097,0.0209,available,,not_measured,managed,0.0209,0.464115,slower
np.full (float64),Creation,float64,10000000,,19.7578,16.6372,available,,not_measured,managed,16.6372,1.187568,faster
np.full (int32),Creation,int32,1000,,0.0009,0.0044,available,,not_measured,managed,0.0044,0.204545,negligible
np.full (int32),Creation,int32,100000,,0.0053,0.0192,available,,not_measured,managed,0.0192,0.276042,much_slower
np.full (int32),Creation,int32,10000000,,8.6505,4.1453,available,,not_measured,managed,4.1453,2.086821,faster
np.full (int64),Creation,int64,1000,,0.0009,0.0107,available,,not_measured,managed,0.0107,0.084112,negligible
np.full (int64),Creation,int64,100000,,0.0098,0.0212,available,,not_measured,managed,0.0212,0.462264,slower
np.full (int64),Creation,int64,10000000,,18.1707,16.6937,available,,not_measured,managed,16.6937,1.088476,faster
"np.full_like(a, 42) (float32)",Creation,float32,1000,,0.0011,0.0035,available,,not_measured,managed,0.0035,0.314286,much_slower
"np.full_like(a, 42) (float32)",Creation,float32,100000,,0.0055,0.0197,available,,not_measured,managed,0.0197,0.279188,much_slower
"np.full_like(a, 42) (float32)",Creation,float32,10000000,,9.0814,4.5751,available,,not_measured,managed,4.5751,1.984962,faster
"np.full_like(a, 42) (float64)",Creation,float64,1000,,0.0014,0.005,available,,not_measured,managed,0.005,0.28,much_slower
"np.full_like(a, 42) (float64)",Creation,float64,100000,,0.0101,0.0211,available,,not_measured,managed,0.0211,0.478673,slower
"np.full_like(a, 42) (float64)",Creation,float64,10000000,,19.3398,16.917,available,,not_measured,managed,16.917,1.143217,faster
"np.full_like(a, 42) (int32)",Creation,int32,1000,,0.0011,0.0044,available,,not_measured,managed,0.0044,0.25,much_slower
"np.full_like(a, 42) (int32)",Creation,int32,100000,,0.0055,0.0194,available,,not_measured,managed,0.0194,0.283505,much_slower
"np.full_like(a, 42) (int32)",Creation,int32,10000000,,9.1404,4.507,available,,not_measured,managed,4.507,2.028045,faster
"np.full_like(a, 42) (int64)",Creation,int64,1000,,0.0011,0.0019,available,,not_measured,managed,0.0019,0.578947,slower
"np.full_like(a, 42) (int64)",Creation,int64,100000,,0.0102,0.0212,available,,not_measured,managed,0.0212,0.481132,slower
"np.full_like(a, 42) (int64)",Creation,int64,10000000,,19.1383,17.0479,available,,not_measured,managed,17.0479,1.122619,faster
np.identity(n) (float64),Creation,float64,1000,,0.0016,0.0076,available,,not_measured,managed,0.0076,0.210526,much_slower
np.identity(n) (float64),Creation,float64,100000,,0.0124,0.0839,available,,not_measured,managed,0.0839,0.147795,much_slower
"np.linspace(0, N, N) (float32)",Creation,float32,1000,,0.0047,0.0049,available,,not_measured,managed,0.0049,0.959184,close
"np.linspace(0, N, N) (float32)",Creation,float32,100000,,0.2773,0.1859,available,,not_measured,managed,0.1859,1.491662,faster
"np.linspace(0, N, N) (float32)",Creation,float32,10000000,,58.8383,18.6489,available,,not_measured,managed,18.6489,3.155055,faster
"np.linspace(0, N, N) (float64)",Creation,float64,1000,,0.0042,0.0158,available,,not_measured,managed,0.0158,0.265823,much_slower
"np.linspace(0, N, N) (float64)",Creation,float64,100000,,0.0551,0.1826,available,,not_measured,managed,0.1826,0.301752,much_slower
"np.linspace(0, N, N) (float64)",Creation,float64,10000000,,40.3451,26.3771,available,,not_measured,managed,26.3771,1.52955,faster
"np.linspace(0, N, N) (int32)",Creation,int32,1000,,0.0054,0.0039,available,,not_measured,managed,0.0039,1.384615,faster
"np.linspace(0, N, N) (int32)",Creation,int32,100000,,0.2904,0.3132,available,,not_measured,managed,0.3132,0.927203,close
"np.linspace(0, N, N) (int32)",Creation,int32,10000000,,67.866,30.7353,available,,not_measured,managed,30.7353,2.20808,faster
"np.linspace(0, N, N) (int64)",Creation,int64,1000,,0.0055,0.0038,available,,not_measured,managed,0.0038,1.447368,faster
"np.linspace(0, N, N) (int64)",Creation,int64,100000,,0.3412,0.3118,available,,not_measured,managed,0.3118,1.094291,faster
"np.linspace(0, N, N) (int64)",Creation,int64,10000000,,77.5659,37.2486,available,,not_measured,managed,37.2486,2.082384,faster
"np.meshgrid(x, y) (float64)",Creation,float64,1000,,0.0089,0.0122,available,,not_measured,managed,0.0122,0.729508,slower
"np.meshgrid(x, y) (float64)",Creation,float64,100000,,0.4159,0.2069,available,,not_measured,managed,0.2069,2.01015,faster
np.ones (float32),Creation,float32,1000,,0.0009,0.0032,available,,not_measured,managed,0.0032,0.28125,negligible
np.ones (float32),Creation,float32,100000,,0.0054,0.0192,available,,not_measured,managed,0.0192,0.28125,much_slower
np.ones (float32),Creation,float32,10000000,,9.8583,4.2339,available,,not_measured,managed,4.2339,2.328421,faster
np.ones (float64),Creation,float64,1000,,0.0009,0.0111,available,,not_measured,managed,0.0111,0.081081,negligible
np.ones (float64),Creation,float64,100000,,0.0099,0.0213,available,,not_measured,managed,0.0213,0.464789,slower
np.ones (float64),Creation,float64,10000000,,19.9483,16.925,available,,not_measured,managed,16.925,1.178629,faster
np.ones (int32),Creation,int32,1000,,0.0009,0.0038,available,,not_measured,managed,0.0038,0.236842,negligible
np.ones (int32),Creation,int32,100000,,0.0053,0.0193,available,,not_measured,managed,0.0193,0.274611,much_slower
np.ones (int32),Creation,int32,10000000,,7.6923,4.0588,available,,not_measured,managed,4.0588,1.895215,faster
np.ones (int64),Creation,int64,1000,,0.0009,0.0085,available,,not_measured,managed,0.0085,0.105882,negligible
np.ones (int64),Creation,int64,100000,,0.01,0.0212,available,,not_measured,managed,0.0212,0.471698,slower
np.ones (int64),Creation,int64,10000000,,18.6636,16.6046,available,,not_measured,managed,16.6046,1.124002,faster
np.ones_like(a) (float32),Creation,float32,1000,,0.0011,0.0007,available,,not_measured,managed,0.0007,1.571429,negligible
np.ones_like(a) (float32),Creation,float32,100000,,0.0054,0.0193,available,,not_measured,managed,0.0193,0.279793,much_slower
np.ones_like(a) (float32),Creation,float32,10000000,,9.1687,4.3154,available,,not_measured,managed,4.3154,2.124647,faster
np.ones_like(a) (float64),Creation,float64,1000,,0.0011,0.0063,available,,not_measured,managed,0.0063,0.174603,much_slower
np.ones_like(a) (float64),Creation,float64,100000,,0.0101,0.0214,available,,not_measured,managed,0.0214,0.471963,slower
np.ones_like(a) (float64),Creation,float64,10000000,,19.154,16.8165,available,,not_measured,managed,16.8165,1.139,faster
np.ones_like(a) (int32),Creation,int32,1000,,0.0011,0.0032,available,,not_measured,managed,0.0032,0.34375,slower
np.ones_like(a) (int32),Creation,int32,100000,,0.0056,0.0189,available,,not_measured,managed,0.0189,0.296296,much_slower
np.ones_like(a) (int32),Creation,int32,10000000,,8.8792,4.6095,available,,not_measured,managed,4.6095,1.926283,faster
np.ones_like(a) (int64),Creation,int64,1000,,0.0011,0.006,available,,not_measured,managed,0.006,0.183333,much_slower
np.ones_like(a) (int64),Creation,int64,100000,,0.0102,0.0212,available,,not_measured,managed,0.0212,0.481132,slower
np.ones_like(a) (int64),Creation,int64,10000000,,20.3271,16.8513,available,,not_measured,managed,16.8513,1.206263,faster
"np.require(a, requirements=C) (float64)",Creation,float64,1000,,0.001,0.0045,available,,not_measured,managed,0.0045,0.222222,much_slower
"np.require(a, requirements=C) (float64)",Creation,float64,100000,,0.0136,0.0579,available,,not_measured,managed,0.0579,0.234888,much_slower
np.vander(x) (float64),Creation,float64,1000,,0.0043,0.0521,available,,not_measured,managed,0.0521,0.082534,much_slower
np.vander(x) (float64),Creation,float64,100000,,0.176,0.232,available,,not_measured,managed,0.232,0.758621,slower
np.zeros (float32),Creation,float32,1000,,0.0005,0.0057,available,,not_measured,managed,0.0057,0.087719,negligible
np.zeros (float32),Creation,float32,100000,,0.005,0.0038,available,,not_measured,managed,0.0038,1.315789,faster
np.zeros (float32),Creation,float32,10000000,,0.0201,0.005,available,,not_measured,managed,0.005,4.02,faster
np.zeros (float64),Creation,float64,1000,,0.0004,0.0017,available,,not_measured,managed,0.0017,0.235294,negligible
np.zeros (float64),Creation,float64,100000,,0.0093,0.0045,available,,not_measured,managed,0.0045,2.066667,faster
np.zeros (float64),Creation,float64,10000000,,0.0218,0.0054,available,,not_measured,managed,0.0054,4.037037,faster
np.zeros (int32),Creation,int32,1000,,0.0004,0.0029,available,,not_measured,managed,0.0029,0.137931,negligible
np.zeros (int32),Creation,int32,100000,,0.0049,0.0039,available,,not_measured,managed,0.0039,1.25641,faster
np.zeros (int32),Creation,int32,10000000,,0.0114,0.0037,available,,not_measured,managed,0.0037,3.081081,faster
np.zeros (int64),Creation,int64,1000,,0.0004,0.0076,available,,not_measured,managed,0.0076,0.052632,negligible
np.zeros (int64),Creation,int64,100000,,0.0095,0.0048,available,,not_measured,managed,0.0048,1.979167,faster
np.zeros (int64),Creation,int64,10000000,,0.0202,0.014,available,,not_measured,managed,0.014,1.442857,faster
np.zeros_like (float32),Creation,float32,1000,,0.001,0.003,available,,not_measured,managed,0.003,0.333333,slower
np.zeros_like (float32),Creation,float32,100000,,0.0054,0.0042,available,,not_measured,managed,0.0042,1.285714,faster
np.zeros_like (float32),Creation,float32,10000000,,9.3261,0.0054,available,,not_measured,managed,0.0054,1727.055556,negligible
np.zeros_like (float64),Creation,float64,1000,,0.001,0.0123,available,,not_measured,managed,0.0123,0.081301,much_slower
np.zeros_like (float64),Creation,float64,100000,,0.01,0.005,available,,not_measured,managed,0.005,2.0,faster
np.zeros_like (float64),Creation,float64,10000000,,19.4298,0.0056,available,,not_measured,managed,0.0056,3469.607143,negligible
np.zeros_like (int32),Creation,int32,1000,,0.0011,0.003,available,,not_measured,managed,0.003,0.366667,slower
np.zeros_like (int32),Creation,int32,100000,,0.0054,0.0042,available,,not_measured,managed,0.0042,1.285714,faster
np.zeros_like (int32),Creation,int32,10000000,,8.9116,0.004,available,,not_measured,managed,0.004,2227.9,negligible
np.zeros_like (int64),Creation,int64,1000,,0.001,0.0069,available,,not_measured,managed,0.0069,0.144928,much_slower
np.zeros_like (int64),Creation,int64,100000,,0.0102,0.0053,available,,not_measured,managed,0.0053,1.924528,faster
np.zeros_like (int64),Creation,int64,10000000,,19.8839,0.015,available,,not_measured,managed,0.015,1325.593333,negligible
np.fft.fft(a) (complex128),Fourier,complex128,1000,,0.0086,0.0295,available,,not_measured,managed,0.0295,0.291525,much_slower
np.fft.fft(a) (complex128),Fourier,complex128,100000,,1.7443,2.4859,available,,not_measured,managed,2.4859,0.701677,slower
np.fft.fft2(a) (complex128),Fourier,complex128,1000,,0.0387,0.0726,available,,not_measured,managed,0.0726,0.533058,slower
np.fft.fft2(a) (complex128),Fourier,complex128,100000,,4.7607,11.9209,available,,not_measured,managed,11.9209,0.399357,slower
np.fft.fftfreq(n) (float64),Fourier,float64,1000,,0.0035,0.0185,available,,not_measured,managed,0.0185,0.189189,much_slower
np.fft.fftfreq(n) (float64),Fourier,float64,100000,,0.7663,0.5433,available,,not_measured,managed,0.5433,1.410455,faster
np.fft.fftn(a) (complex128),Fourier,complex128,1000,,0.0366,0.0768,available,,not_measured,managed,0.0768,0.476563,slower
np.fft.fftn(a) (complex128),Fourier,complex128,100000,,5.2616,11.8184,available,,not_measured,managed,11.8184,0.445204,slower
np.fft.fftshift(a) (complex128),Fourier,complex128,1000,,0.005,0.012,available,,not_measured,managed,0.012,0.416667,slower
np.fft.fftshift(a) (complex128),Fourier,complex128,100000,,0.3795,0.4393,available,,not_measured,managed,0.4393,0.863874,close
np.fft.hfft(a) (float64),Fourier,float64,1000,,0.008,0.0132,available,,not_measured,managed,0.0132,0.606061,slower
np.fft.hfft(a) (float64),Fourier,float64,100000,,1.2936,1.181,available,,not_measured,managed,1.181,1.095343,faster
np.fft.ifft(a) (complex128),Fourier,complex128,1000,,0.0092,0.0199,available,,not_measured,managed,0.0199,0.462312,slower
np.fft.ifft(a) (complex128),Fourier,complex128,100000,,1.689,2.4936,available,,not_measured,managed,2.4936,0.677334,slower
np.fft.ifft2(a) (complex128),Fourier,complex128,1000,,0.0403,0.0765,available,,not_measured,managed,0.0765,0.526797,slower
np.fft.ifft2(a) (complex128),Fourier,complex128,100000,,5.0246,11.8049,available,,not_measured,managed,11.8049,0.425637,slower
np.fft.ifftn(a) (complex128),Fourier,complex128,1000,,0.0417,0.0759,available,,not_measured,managed,0.0759,0.549407,slower
np.fft.ifftn(a) (complex128),Fourier,complex128,100000,,5.293,12.4428,available,,not_measured,managed,12.4428,0.425387,slower
np.fft.ifftshift(a) (complex128),Fourier,complex128,1000,,0.0047,0.0119,available,,not_measured,managed,0.0119,0.394958,slower
np.fft.ifftshift(a) (complex128),Fourier,complex128,100000,,0.4023,0.3862,available,,not_measured,managed,0.3862,1.041688,close
np.fft.ihfft(a) (float64),Fourier,float64,1000,,0.0081,0.0125,available,,not_measured,managed,0.0125,0.648,slower
np.fft.ihfft(a) (float64),Fourier,float64,100000,,0.831,1.1573,available,,not_measured,managed,1.1573,0.718051,slower
np.fft.irfft(a) (float64),Fourier,float64,1000,,0.0073,0.0111,available,,not_measured,managed,0.0111,0.657658,slower
np.fft.irfft(a) (float64),Fourier,float64,100000,,0.8527,1.1963,available,,not_measured,managed,1.1963,0.712781,slower
np.fft.irfft2(a) (float64),Fourier,float64,1000,,0.0261,0.0391,available,,not_measured,managed,0.0391,0.667519,slower
np.fft.irfft2(a) (float64),Fourier,float64,100000,,2.8077,5.831,available,,not_measured,managed,5.831,0.481513,slower
np.fft.irfftn(a) (float64),Fourier,float64,1000,,0.0272,0.0418,available,,not_measured,managed,0.0418,0.650718,slower
np.fft.irfftn(a) (float64),Fourier,float64,100000,,2.6365,5.7815,available,,not_measured,managed,5.7815,0.456024,slower
np.fft.rfft(a) (float64),Fourier,float64,1000,,0.0067,0.0097,available,,not_measured,managed,0.0097,0.690722,slower
np.fft.rfft(a) (float64),Fourier,float64,100000,,0.8661,1.1414,available,,not_measured,managed,1.1414,0.758805,slower
np.fft.rfft2(a) (float64),Fourier,float64,1000,,0.0289,0.0432,available,,not_measured,managed,0.0432,0.668981,slower
np.fft.rfft2(a) (float64),Fourier,float64,100000,,2.8223,5.6609,available,,not_measured,managed,5.6609,0.49856,slower
np.fft.rfftfreq(n) (float64),Fourier,float64,1000,,0.0018,0.0103,available,,not_measured,managed,0.0103,0.174757,much_slower
np.fft.rfftfreq(n) (float64),Fourier,float64,100000,,0.0294,0.1991,available,,not_measured,managed,0.1991,0.147664,much_slower
np.fft.rfftn(a) (float64),Fourier,float64,1000,,0.0253,0.0432,available,,not_measured,managed,0.0432,0.585648,slower
np.fft.rfftn(a) (float64),Fourier,float64,100000,,2.6191,5.7007,available,,not_measured,managed,5.7007,0.459435,slower
np.diagonal(a) (float64),LinearAlgebra,float64,1000,,0.0006,0.0006,available,,not_measured,managed,0.0006,1.0,negligible
np.diagonal(a) (float64),LinearAlgebra,float64,100000,,0.0006,0.0006,available,,not_measured,managed,0.0006,1.0,negligible
np.diagonal(a) (float64),LinearAlgebra,float64,10000000,,0.0006,0.0006,available,,not_measured,managed,0.0006,1.0,negligible
"np.dot(a, b) (float64)",LinearAlgebra,float64,1000,,0.0006,0.0012,available,,not_measured,managed,0.0012,0.5,negligible
"np.dot(a, b) (float64)",LinearAlgebra,float64,100000,,0.0831,0.0201,available,0.0074,available,openblas,0.0074,1.027027,close
"np.dot(a, b) (float64)",LinearAlgebra,float64,10000000,,0.9739,8.8045,available,,not_measured,managed,8.8045,0.110614,much_slower
"np.einsum('ij,jk->ik', a, b)",LinearAlgebra,float64,128,"ij,jk->ik",0.265,0.2096,available,0.0619,available,openblas,0.0619,4.281099,faster
"np.einsum(subscripts, operands) (float64)",LinearAlgebra,float64,1000,,0.0015,0.0195,available,,not_measured,managed,0.0195,0.076923,much_slower
"np.einsum(subscripts, operands) (float64)",LinearAlgebra,float64,100000,,0.0212,1.5504,available,,not_measured,managed,1.5504,0.013674,much_slower
"np.einsum(subscripts, operands) (float64)",LinearAlgebra,float64,10000000,,4.5255,152.1234,available,,not_measured,managed,152.1234,0.029749,much_slower
"np.einsum_path(subscripts, operands) (float64)",LinearAlgebra,float64,1000,,0.009,0.0037,available,,not_measured,managed,0.0037,2.432432,faster
"np.einsum_path(subscripts, operands) (float64)",LinearAlgebra,float64,100000,,0.009,0.0032,available,,not_measured,managed,0.0032,2.8125,faster
"np.einsum_path(subscripts, operands) (float64)",LinearAlgebra,float64,10000000,,0.0092,0.003,available,,not_measured,managed,0.003,3.066667,faster
np.linalg.cholesky(a),LinearAlgebra,float64,32,,0.0054,,missing_backend,0.0026,available,openblas,0.0026,2.076923,faster
np.linalg.cholesky(a),LinearAlgebra,float64,96,,0.0297,,missing_backend,0.0356,available,openblas,0.0356,0.83427,close
np.linalg.cond(a),LinearAlgebra,float64,32,,0.0401,,missing_backend,0.0378,available,openblas,0.0378,1.060847,faster
np.linalg.cond(a),LinearAlgebra,float64,96,,0.3198,,missing_backend,0.5259,available,openblas,0.5259,0.6081,slower
"np.linalg.cross(a, b) (float64)",LinearAlgebra,float64,1000,,0.0156,0.0291,available,,not_measured,managed,0.0291,0.536082,slower
"np.linalg.cross(a, b) (float64)",LinearAlgebra,float64,100000,,0.6631,1.3797,available,,not_measured,managed,1.3797,0.480612,slower
np.linalg.det(a),LinearAlgebra,float64,32,,0.0066,,missing_backend,0.0052,available,openblas,0.0052,1.269231,faster
np.linalg.det(a),LinearAlgebra,float64,96,,0.03,,missing_backend,0.06,available,openblas,0.06,0.5,slower
np.linalg.diagonal(a) (float64),LinearAlgebra,float64,1000,,0.0062,0.0006,available,,not_measured,managed,0.0006,10.333333,negligible
np.linalg.diagonal(a) (float64),LinearAlgebra,float64,100000,,0.0007,0.0006,available,,not_measured,managed,0.0006,1.166667,negligible
np.linalg.eig(a),LinearAlgebra,float64,32,,0.1194,,missing_backend,0.116,available,openblas,0.116,1.02931,close
np.linalg.eig(a),LinearAlgebra,float64,96,,1.5348,,missing_backend,2.7234,available,openblas,2.7234,0.56356,slower
np.linalg.eigh(a),LinearAlgebra,float64,32,,0.0641,,missing_backend,0.0468,available,openblas,0.0468,1.369658,faster
np.linalg.eigh(a),LinearAlgebra,float64,96,,0.4429,,missing_backend,0.8513,available,openblas,0.8513,0.520263,slower
np.linalg.eigvals(a),LinearAlgebra,float64,32,,0.0746,,missing_backend,0.0675,available,openblas,0.0675,1.105185,faster
np.linalg.eigvals(a),LinearAlgebra,float64,96,,0.8668,,missing_backend,1.5264,available,openblas,1.5264,0.567872,slower
np.linalg.eigvalsh(a),LinearAlgebra,float64,32,,0.0252,,missing_backend,0.0209,available,openblas,0.0209,1.205742,faster
np.linalg.eigvalsh(a),LinearAlgebra,float64,96,,0.2323,,missing_backend,0.2885,available,openblas,0.2885,0.805199,close
np.linalg.inv(a),LinearAlgebra,float64,32,,0.0126,,missing_backend,0.0094,available,openblas,0.0094,1.340426,faster
np.linalg.inv(a),LinearAlgebra,float64,96,,0.1231,,missing_backend,0.1642,available,openblas,0.1642,0.749695,slower
"np.linalg.lstsq(a, b)",LinearAlgebra,float64,32,,0.1046,,missing_backend,0.0834,available,openblas,0.0834,1.254197,faster
"np.linalg.lstsq(a, b)",LinearAlgebra,float64,96,,1.1186,,missing_backend,1.6352,available,openblas,1.6352,0.684075,slower
"np.linalg.matmul(a, b)",LinearAlgebra,float64,128,,0.0675,0.2078,available,0.0635,available,openblas,0.0635,1.062992,faster
"np.linalg.matmul(a, b) (float64)",LinearAlgebra,float64,1000,,0.0028,0.0107,available,,not_measured,managed,0.0107,0.261682,much_slower
"np.linalg.matmul(a, b) (float64)",LinearAlgebra,float64,100000,,0.07,0.4073,available,,not_measured,managed,0.4073,0.171863,much_slower
np.linalg.matrix_norm(a) (float64),LinearAlgebra,float64,1000,,0.0025,0.0095,available,,not_measured,managed,0.0095,0.263158,much_slower
np.linalg.matrix_norm(a) (float64),LinearAlgebra,float64,100000,,0.0062,0.0461,available,,not_measured,managed,0.0461,0.13449,much_slower
"np.linalg.matrix_norm(a, ord=2)",LinearAlgebra,float64,32,ord=2,0.0442,,missing_backend,0.0581,available,openblas,0.0581,0.760757,slower
"np.linalg.matrix_norm(a, ord=2)",LinearAlgebra,float64,96,ord=2,0.3155,,missing_backend,0.4981,available,openblas,0.4981,0.633407,slower
"np.linalg.matrix_power(a, -1)",LinearAlgebra,float64,32,n=-1,0.0132,,missing_backend,0.0214,available,openblas,0.0214,0.616822,slower
"np.linalg.matrix_power(a, -1)",LinearAlgebra,float64,96,n=-1,0.0885,,missing_backend,0.1657,available,openblas,0.1657,0.534098,slower
"np.linalg.matrix_power(a, 3) (float64)",LinearAlgebra,float64,1000,,0.0057,0.0196,available,,not_measured,managed,0.0196,0.290816,much_slower
"np.linalg.matrix_power(a, 3) (float64)",LinearAlgebra,float64,100000,,0.1327,0.7909,available,,not_measured,managed,0.7909,0.167784,much_slower
np.linalg.matrix_rank(a),LinearAlgebra,float64,32,,0.0417,,missing_backend,0.0372,available,openblas,0.0372,1.120968,faster
np.linalg.matrix_rank(a),LinearAlgebra,float64,96,,0.4112,,missing_backend,0.5264,available,openblas,0.5264,0.781155,slower
np.linalg.matrix_transpose(a) (float64),LinearAlgebra,float64,1000,,0.0007,0.0007,available,,not_measured,managed,0.0007,1.0,negligible
np.linalg.matrix_transpose(a) (float64),LinearAlgebra,float64,100000,,0.0007,0.0006,available,,not_measured,managed,0.0006,1.166667,negligible
np.linalg.multi_dot(arrays),LinearAlgebra,float64,128,,0.1342,0.41,available,0.1199,available,openblas,0.1199,1.119266,faster
np.linalg.multi_dot(arrays) (float64),LinearAlgebra,float64,1000,,0.0063,0.021,available,,not_measured,managed,0.021,0.3,much_slower
np.linalg.multi_dot(arrays) (float64),LinearAlgebra,float64,100000,,0.1426,0.7925,available,,not_measured,managed,0.7925,0.179937,much_slower
np.linalg.norm(a) (float64),LinearAlgebra,float64,1000,,0.001,0.0019,available,,not_measured,managed,0.0019,0.526316,slower
np.linalg.norm(a) (float64),LinearAlgebra,float64,100000,,0.0926,0.014,available,,not_measured,managed,0.014,6.614286,faster
"np.linalg.norm(a, ord=2)",LinearAlgebra,float64,32,ord=2,0.0471,,missing_backend,0.0645,available,openblas,0.0645,0.730233,slower
"np.linalg.norm(a, ord=2)",LinearAlgebra,float64,96,ord=2,0.3085,,missing_backend,0.4958,available,openblas,0.4958,0.622227,slower
"np.linalg.outer(a, b) (float64)",LinearAlgebra,float64,1000,,0.0024,0.0085,available,,not_measured,managed,0.0085,0.282353,much_slower
"np.linalg.outer(a, b) (float64)",LinearAlgebra,float64,100000,,0.0388,0.1599,available,,not_measured,managed,0.1599,0.242652,much_slower
np.linalg.pinv(a),LinearAlgebra,float64,32,,0.1006,,missing_backend,0.0967,available,openblas,0.0967,1.040331,close
np.linalg.pinv(a),LinearAlgebra,float64,96,,1.033,,missing_backend,1.6728,available,openblas,1.6728,0.617527,slower
np.linalg.qr(a),LinearAlgebra,float64,32,,0.0297,,missing_backend,0.0212,available,openblas,0.0212,1.400943,faster
np.linalg.qr(a),LinearAlgebra,float64,96,,0.1882,,missing_backend,0.3196,available,openblas,0.3196,0.588861,slower
np.linalg.slogdet(a),LinearAlgebra,float64,32,,0.0077,,missing_backend,0.0058,available,openblas,0.0058,1.327586,faster
np.linalg.slogdet(a),LinearAlgebra,float64,96,,0.0315,,missing_backend,0.0585,available,openblas,0.0585,0.538462,slower
"np.linalg.solve(a, b)",LinearAlgebra,float64,32,,0.0087,,missing_backend,0.0053,available,openblas,0.0053,1.641509,faster
"np.linalg.solve(a, b)",LinearAlgebra,float64,96,,0.0331,,missing_backend,0.0609,available,openblas,0.0609,0.543514,slower
np.linalg.svd(a),LinearAlgebra,float64,32,,0.0872,,missing_backend,0.0747,available,openblas,0.0747,1.167336,faster
np.linalg.svd(a),LinearAlgebra,float64,96,,0.9363,,missing_backend,1.4758,available,openblas,1.4758,0.634436,slower
np.linalg.svdvals(a),LinearAlgebra,float64,32,,0.035,,missing_backend,0.0307,available,openblas,0.0307,1.140065,faster
np.linalg.svdvals(a),LinearAlgebra,float64,96,,0.3091,,missing_backend,0.4991,available,openblas,0.4991,0.619315,slower
"np.linalg.tensordot(a, b) (float64)",LinearAlgebra,float64,1000,,0.006,0.0143,available,,not_measured,managed,0.0143,0.41958,slower
"np.linalg.tensordot(a, b) (float64)",LinearAlgebra,float64,100000,,0.0779,0.4014,available,,not_measured,managed,0.4014,0.194071,much_slower
"np.linalg.tensordot(a, b, axes=1)",LinearAlgebra,float64,128,axes=1,0.0695,0.2149,available,0.0614,available,openblas,0.0614,1.131922,faster
np.linalg.tensorinv(a),LinearAlgebra,float64,32,,0.0127,,missing_backend,0.01,available,openblas,0.01,1.27,faster
np.linalg.tensorinv(a),LinearAlgebra,float64,96,,0.0919,,missing_backend,0.1621,available,openblas,0.1621,0.566934,slower
"np.linalg.tensorsolve(a, b)",LinearAlgebra,float64,32,,0.0099,,missing_backend,0.0065,available,openblas,0.0065,1.523077,faster
"np.linalg.tensorsolve(a, b)",LinearAlgebra,float64,96,,0.0344,,missing_backend,0.0593,available,openblas,0.0593,0.580101,slower
np.linalg.trace(a) (float64),LinearAlgebra,float64,1000,,0.0016,0.0011,available,,not_measured,managed,0.0011,1.454545,faster
np.linalg.trace(a) (float64),LinearAlgebra,float64,100000,,0.0016,0.0012,available,,not_measured,managed,0.0012,1.333333,faster
"np.linalg.vecdot(a, b) (float64)",LinearAlgebra,float64,1000,,0.001,0.0068,available,,not_measured,managed,0.0068,0.147059,much_slower
"np.linalg.vecdot(a, b) (float64)",LinearAlgebra,float64,100000,,0.0908,0.1809,available,0.0075,available,openblas,0.0075,1.44,faster
np.linalg.vector_norm(a) (float64),LinearAlgebra,float64,1000,,0.0026,0.0072,available,,not_measured,managed,0.0072,0.361111,slower
np.linalg.vector_norm(a) (float64),LinearAlgebra,float64,100000,,0.0301,0.3147,available,,not_measured,managed,0.3147,0.095647,much_slower
"np.matmul(A, B) (float64)",LinearAlgebra,float64,1000,,0.0031,0.011,available,,not_measured,managed,0.011,0.281818,much_slower
"np.matmul(A, B) (float64)",LinearAlgebra,float64,100000,,0.6639,4.344,available,,not_measured,managed,4.344,0.152831,much_slower
"np.matmul(A, B) (float64)",LinearAlgebra,float64,10000000,,0.7068,7.0651,available,,not_measured,managed,7.0651,0.100041,much_slower
"np.matmul(a, b)",LinearAlgebra,float64,128,,0.0644,0.2122,available,0.0638,available,openblas,0.0638,1.009404,close
"np.matvec(a, b)",LinearAlgebra,float64,128,,0.0025,0.0232,available,0.0021,available,openblas,0.0021,1.190476,faster
"np.matvec(a, b) (float64)",LinearAlgebra,float64,1000,,0.001,0.0056,available,,not_measured,managed,0.0056,0.178571,much_slower
"np.matvec(a, b) (float64)",LinearAlgebra,float64,100000,,0.0056,0.1248,available,,not_measured,managed,0.1248,0.044872,much_slower
"np.matvec(a, b) (float64)",LinearAlgebra,float64,10000000,,0.0111,0.1766,available,,not_measured,managed,0.1766,0.062854,much_slower
"np.outer(a, b) (float64)",LinearAlgebra,float64,1000,,0.0022,0.008,available,,not_measured,managed,0.008,0.275,much_slower
"np.outer(a, b) (float64)",LinearAlgebra,float64,100000,,0.0394,0.1546,available,,not_measured,managed,0.1546,0.254851,much_slower
"np.outer(a, b) (float64)",LinearAlgebra,float64,10000000,,14.9368,23.4806,available,,not_measured,managed,23.4806,0.636134,slower
"np.tensordot(a, b) (float64)",LinearAlgebra,float64,1000,,0.0042,0.0206,available,,not_measured,managed,0.0206,0.203883,much_slower
"np.tensordot(a, b) (float64)",LinearAlgebra,float64,100000,,0.1018,1.5228,available,,not_measured,managed,1.5228,0.066851,much_slower
"np.tensordot(a, b) (float64)",LinearAlgebra,float64,10000000,,1.2875,151.0315,available,,not_measured,managed,151.0315,0.008525,much_slower
"np.tensordot(a, b, axes=1)",LinearAlgebra,float64,128,axes=1,0.0713,0.2118,available,0.0614,available,openblas,0.0614,1.161238,faster
"np.vdot(a, b) (float64)",LinearAlgebra,float64,1000,,0.0006,0.0026,available,,not_measured,managed,0.0026,0.230769,negligible
"np.vdot(a, b) (float64)",LinearAlgebra,float64,100000,,0.0884,0.0138,available,0.0081,available,openblas,0.0081,1.185185,faster
"np.vdot(a, b) (float64)",LinearAlgebra,float64,10000000,,1.2032,9.3725,available,,not_measured,managed,9.3725,0.128376,much_slower
"np.vecdot(a, b) (float64)",LinearAlgebra,float64,1000,,0.0007,0.0057,available,,not_measured,managed,0.0057,0.122807,negligible
"np.vecdot(a, b) (float64)",LinearAlgebra,float64,100000,,0.0985,0.1821,available,0.0073,available,openblas,0.0073,1.917808,faster
"np.vecdot(a, b) (float64)",LinearAlgebra,float64,10000000,,1.2147,41.2993,available,,not_measured,managed,41.2993,0.029412,much_slower
"np.vecmat(a, b)",LinearAlgebra,float64,128,,0.002,0.0031,available,0.0021,available,openblas,0.0021,0.952381,close
"np.vecmat(a, b) (float64)",LinearAlgebra,float64,1000,,0.001,0.0035,available,,not_measured,managed,0.0035,0.285714,much_slower
"np.vecmat(a, b) (float64)",LinearAlgebra,float64,100000,,0.0061,0.054,available,,not_measured,managed,0.054,0.112963,much_slower
"np.vecmat(a, b) (float64)",LinearAlgebra,float64,10000000,,0.0081,0.0721,available,,not_measured,managed,0.0721,0.112344,much_slower
np.all(a) (bool),Logic,bool,1000,,0.0014,,not_measured,,not_measured,,,,no_data
np.all(a) (bool),Logic,bool,100000,,0.0014,,not_measured,,not_measured,,,,no_data
np.all(a) (bool),Logic,bool,10000000,,0.0052,,not_measured,,not_measured,,,,no_data
"np.allclose(a, b) (float16)",Logic,float16,1000,,0.0301,0.0232,available,,not_measured,managed,0.0232,1.297414,faster
"np.allclose(a, b) (float16)",Logic,float16,100000,,1.752,1.017,available,,not_measured,managed,1.017,1.722714,faster
"np.allclose(a, b) (float32)",Logic,float32,1000,,0.0131,0.0421,available,,not_measured,managed,0.0421,0.311164,much_slower
"np.allclose(a, b) (float32)",Logic,float32,100000,,0.4016,0.5673,available,,not_measured,managed,0.5673,0.707915,slower
"np.allclose(a, b) (float64)",Logic,float64,1000,,0.0139,0.0488,available,,not_measured,managed,0.0488,0.284836,much_slower
"np.allclose(a, b) (float64)",Logic,float64,100000,,0.637,0.5204,available,,not_measured,managed,0.5204,1.224058,faster
np.any(a) (bool),Logic,bool,1000,,0.0014,,not_measured,,not_measured,,,,no_data
np.any(a) (bool),Logic,bool,100000,,0.0014,,not_measured,,not_measured,,,,no_data
np.any(a) (bool),Logic,bool,10000000,,0.004,,not_measured,,not_measured,,,,no_data
"np.array_equal(a, b) (float16)",Logic,float16,1000,,0.0025,0.0028,available,,not_measured,managed,0.0028,0.892857,close
"np.array_equal(a, b) (float16)",Logic,float16,100000,,0.0861,0.1301,available,,not_measured,managed,0.1301,0.661799,slower
"np.array_equal(a, b) (float16)",Logic,float16,10000000,,21.6994,13.3505,available,,not_measured,managed,13.3505,1.625362,faster
"np.array_equal(a, b) (float32)",Logic,float32,1000,,0.0016,0.0016,available,,not_measured,managed,0.0016,1.0,close
"np.array_equal(a, b) (float32)",Logic,float32,100000,,0.0067,0.0112,available,,not_measured,managed,0.0112,0.598214,slower
"np.array_equal(a, b) (float32)",Logic,float32,10000000,,10.9986,9.2203,available,,not_measured,managed,9.2203,1.192868,faster
"np.array_equal(a, b) (float64)",Logic,float64,1000,,0.0016,0.0017,available,,not_measured,managed,0.0017,0.941176,close
"np.array_equal(a, b) (float64)",Logic,float64,100000,,0.0114,0.0239,available,,not_measured,managed,0.0239,0.476987,slower
"np.array_equal(a, b) (float64)",Logic,float64,10000000,,16.7577,17.3401,available,,not_measured,managed,17.3401,0.966413,close
"np.fmax(a, b) (float16)",Logic,float16,1000,,0.0031,0.0043,available,,not_measured,managed,0.0043,0.72093,slower
"np.fmax(a, b) (float16)",Logic,float16,100000,,0.7626,0.8763,available,,not_measured,managed,0.8763,0.87025,close
"np.fmax(a, b) (float16)",Logic,float16,10000000,,100.8935,91.5244,available,,not_measured,managed,91.5244,1.102367,faster
"np.fmax(a, b) (float32)",Logic,float32,1000,,0.0006,0.0026,available,,not_measured,managed,0.0026,0.230769,negligible
"np.fmax(a, b) (float32)",Logic,float32,100000,,0.0071,0.0561,available,,not_measured,managed,0.0561,0.12656,much_slower
"np.fmax(a, b) (float32)",Logic,float32,10000000,,16.4533,13.4459,available,,not_measured,managed,13.4459,1.223667,faster
"np.fmax(a, b) (float64)",Logic,float64,1000,,0.0006,0.0039,available,,not_measured,managed,0.0039,0.153846,negligible
"np.fmax(a, b) (float64)",Logic,float64,100000,,0.0283,0.106,available,,not_measured,managed,0.106,0.266981,much_slower
"np.fmax(a, b) (float64)",Logic,float64,10000000,,32.4196,37.2586,available,,not_measured,managed,37.2586,0.870124,close
"np.fmin(a, b) (float16)",Logic,float16,1000,,0.003,0.004,available,,not_measured,managed,0.004,0.75,slower
"np.fmin(a, b) (float16)",Logic,float16,100000,,0.7719,0.877,available,,not_measured,managed,0.877,0.88016,close
"np.fmin(a, b) (float16)",Logic,float16,10000000,,99.4773,91.641,available,,not_measured,managed,91.641,1.085511,faster
"np.fmin(a, b) (float32)",Logic,float32,1000,,0.0005,0.0026,available,,not_measured,managed,0.0026,0.192308,negligible
"np.fmin(a, b) (float32)",Logic,float32,100000,,0.0071,0.0543,available,,not_measured,managed,0.0543,0.130755,much_slower
"np.fmin(a, b) (float32)",Logic,float32,10000000,,16.4104,13.3755,available,,not_measured,managed,13.3755,1.2269,faster
"np.fmin(a, b) (float64)",Logic,float64,1000,,0.0006,0.0035,available,,not_measured,managed,0.0035,0.171429,negligible
"np.fmin(a, b) (float64)",Logic,float64,100000,,0.0283,0.1137,available,,not_measured,managed,0.1137,0.248901,much_slower
"np.fmin(a, b) (float64)",Logic,float64,10000000,,32.4828,41.2037,available,,not_measured,managed,41.2037,0.788347,slower
"np.isclose(a, b) (float16)",Logic,float16,1000,,0.0287,0.0922,available,,not_measured,managed,0.0922,0.31128,much_slower
"np.isclose(a, b) (float16)",Logic,float16,100000,,1.8053,1.0236,available,,not_measured,managed,1.0236,1.763677,faster
"np.isclose(a, b) (float32)",Logic,float32,1000,,0.013,0.0845,available,,not_measured,managed,0.0845,0.153846,much_slower
"np.isclose(a, b) (float32)",Logic,float32,100000,,0.3765,0.5502,available,,not_measured,managed,0.5502,0.684297,slower
"np.isclose(a, b) (float64)",Logic,float64,1000,,0.0113,0.0711,available,,not_measured,managed,0.0711,0.158931,much_slower
"np.isclose(a, b) (float64)",Logic,float64,100000,,0.6322,0.5608,available,,not_measured,managed,0.5608,1.127318,faster
np.iscomplex(a) (float16),Logic,float16,1000,,0.0005,0.0016,available,,not_measured,managed,0.0016,0.3125,negligible
np.iscomplex(a) (float16),Logic,float16,100000,,0.0017,0.0035,available,,not_measured,managed,0.0035,0.485714,slower
np.iscomplex(a) (float16),Logic,float16,10000000,,0.0208,0.0095,available,,not_measured,managed,0.0095,2.189474,faster
np.iscomplex(a) (float32),Logic,float32,1000,,0.0005,0.0017,available,,not_measured,managed,0.0017,0.294118,negligible
np.iscomplex(a) (float32),Logic,float32,100000,,0.0017,0.0033,available,,not_measured,managed,0.0033,0.515152,slower
np.iscomplex(a) (float32),Logic,float32,10000000,,0.0213,0.006,available,,not_measured,managed,0.006,3.55,faster
np.iscomplex(a) (float64),Logic,float64,1000,,0.0005,0.0014,available,,not_measured,managed,0.0014,0.357143,negligible
np.iscomplex(a) (float64),Logic,float64,100000,,0.0017,0.0033,available,,not_measured,managed,0.0033,0.515152,slower
np.iscomplex(a) (float64),Logic,float64,10000000,,0.0191,0.0059,available,,not_measured,managed,0.0059,3.237288,faster
np.iscomplexobj(a) (float16),Logic,float16,1000,,0.0002,0.0,available,,not_measured,managed,0.0,,no_data
np.iscomplexobj(a) (float16),Logic,float16,100000,,0.0002,0.0,available,,not_measured,managed,0.0,,no_data
np.iscomplexobj(a) (float16),Logic,float16,10000000,,0.0003,0.0,available,,not_measured,managed,0.0,,no_data
np.iscomplexobj(a) (float32),Logic,float32,1000,,0.0002,0.0,available,,not_measured,managed,0.0,,no_data
np.iscomplexobj(a) (float32),Logic,float32,100000,,0.0002,0.0,available,,not_measured,managed,0.0,,no_data
np.iscomplexobj(a) (float32),Logic,float32,10000000,,0.0004,0.0,available,,not_measured,managed,0.0,,no_data
np.iscomplexobj(a) (float64),Logic,float64,1000,,0.0002,0.0,available,,not_measured,managed,0.0,,no_data
np.iscomplexobj(a) (float64),Logic,float64,100000,,0.0002,0.0,available,,not_measured,managed,0.0,,no_data
np.iscomplexobj(a) (float64),Logic,float64,10000000,,0.0004,0.0,available,,not_measured,managed,0.0,,no_data
np.isfinite(a) (float16),Logic,float16,1000,,0.0009,0.0021,available,,not_measured,managed,0.0021,0.428571,negligible
np.isfinite(a) (float16),Logic,float16,100000,,0.0497,0.0536,available,,not_measured,managed,0.0536,0.927239,close
np.isfinite(a) (float16),Logic,float16,10000000,,5.802,6.0048,available,,not_measured,managed,6.0048,0.966227,close
np.isfinite(a) (float32),Logic,float32,1000,,0.0004,0.002,available,,not_measured,managed,0.002,0.2,negligible
np.isfinite(a) (float32),Logic,float32,100000,,0.0051,0.0542,available,,not_measured,managed,0.0542,0.094096,much_slower
np.isfinite(a) (float32),Logic,float32,10000000,,6.4614,8.3496,available,,not_measured,managed,8.3496,0.773857,slower
np.isfinite(a) (float64),Logic,float64,1000,,0.0005,0.0019,available,,not_measured,managed,0.0019,0.263158,negligible
np.isfinite(a) (float64),Logic,float64,100000,,0.0098,0.0555,available,,not_measured,managed,0.0555,0.176577,much_slower
np.isfinite(a) (float64),Logic,float64,10000000,,11.4899,11.2716,available,,not_measured,managed,11.2716,1.019367,close
np.isfortran(a) (float16),Logic,float16,1000,,0.0001,0.0,available,,not_measured,managed,0.0,,no_data
np.isfortran(a) (float16),Logic,float16,100000,,0.0001,0.0,available,,not_measured,managed,0.0,,no_data
np.isfortran(a) (float16),Logic,float16,10000000,,0.0002,0.0,available,,not_measured,managed,0.0,,no_data
np.isfortran(a) (float32),Logic,float32,1000,,0.0001,0.0,available,,not_measured,managed,0.0,,no_data
np.isfortran(a) (float32),Logic,float32,100000,,0.0001,0.0,available,,not_measured,managed,0.0,,no_data
np.isfortran(a) (float32),Logic,float32,10000000,,0.0002,0.0,available,,not_measured,managed,0.0,,no_data
np.isfortran(a) (float64),Logic,float64,1000,,0.0001,0.0,available,,not_measured,managed,0.0,,no_data
np.isfortran(a) (float64),Logic,float64,100000,,0.0001,0.0,available,,not_measured,managed,0.0,,no_data
np.isfortran(a) (float64),Logic,float64,10000000,,0.0002,0.0,available,,not_measured,managed,0.0,,no_data
np.isinf(a) (float16),Logic,float16,1000,,0.0009,0.002,available,,not_measured,managed,0.002,0.45,negligible
np.isinf(a) (float16),Logic,float16,100000,,0.0499,0.0568,available,,not_measured,managed,0.0568,0.878521,close
np.isinf(a) (float16),Logic,float16,10000000,,6.0259,6.0694,available,,not_measured,managed,6.0694,0.992833,close
np.isinf(a) (float32),Logic,float32,1000,,0.0005,0.002,available,,not_measured,managed,0.002,0.25,negligible
np.isinf(a) (float32),Logic,float32,100000,,0.0053,0.0583,available,,not_measured,managed,0.0583,0.090909,much_slower
np.isinf(a) (float32),Logic,float32,10000000,,6.6576,9.5788,available,,not_measured,managed,9.5788,0.695035,slower
np.isinf(a) (float64),Logic,float64,1000,,0.0005,0.0021,available,,not_measured,managed,0.0021,0.238095,negligible
np.isinf(a) (float64),Logic,float64,100000,,0.0101,0.0642,available,,not_measured,managed,0.0642,0.157321,much_slower
np.isinf(a) (float64),Logic,float64,10000000,,10.6867,10.8356,available,,not_measured,managed,10.8356,0.986258,close
np.isnan(a) (float16),Logic,float16,1000,,0.0013,0.0031,available,,not_measured,managed,0.0031,0.419355,slower
np.isnan(a) (float16),Logic,float16,100000,,0.0676,0.0573,available,,not_measured,managed,0.0573,1.179756,faster
np.isnan(a) (float16),Logic,float16,10000000,,7.8009,5.9339,available,,not_measured,managed,5.9339,1.314633,faster
np.isnan(a) (float32),Logic,float32,1000,,0.0005,0.002,available,,not_measured,managed,0.002,0.25,negligible
np.isnan(a) (float32),Logic,float32,100000,,0.0042,0.0574,available,,not_measured,managed,0.0574,0.073171,much_slower
np.isnan(a) (float32),Logic,float32,10000000,,5.9926,6.8278,available,,not_measured,managed,6.8278,0.877677,close
np.isnan(a) (float64),Logic,float64,1000,,0.0005,0.002,available,,not_measured,managed,0.002,0.25,negligible
np.isnan(a) (float64),Logic,float64,100000,,0.0085,0.0547,available,,not_measured,managed,0.0547,0.155393,much_slower
np.isnan(a) (float64),Logic,float64,10000000,,10.8025,10.9001,available,,not_measured,managed,10.9001,0.991046,close
np.isreal(a) (float16),Logic,float16,1000,,0.002,0.0016,available,,not_measured,managed,0.0016,1.25,faster
np.isreal(a) (float16),Logic,float16,100000,,0.077,0.0035,available,,not_measured,managed,0.0035,22.0,negligible
np.isreal(a) (float16),Logic,float16,10000000,,20.957,0.3904,available,,not_measured,managed,0.3904,53.68084,negligible
np.isreal(a) (float32),Logic,float32,1000,,0.0012,0.0017,available,,not_measured,managed,0.0017,0.705882,slower
np.isreal(a) (float32),Logic,float32,100000,,0.0084,0.0036,available,,not_measured,managed,0.0036,2.333333,faster
np.isreal(a) (float32),Logic,float32,10000000,,11.2649,0.3693,available,,not_measured,managed,0.3693,30.503385,negligible
np.isreal(a) (float64),Logic,float64,1000,,0.0013,0.0011,available,,not_measured,managed,0.0011,1.181818,faster
np.isreal(a) (float64),Logic,float64,100000,,0.0164,0.0035,available,,not_measured,managed,0.0035,4.685714,faster
np.isreal(a) (float64),Logic,float64,10000000,,19.9681,0.4615,available,,not_measured,managed,0.4615,43.267822,negligible
np.isrealobj(a) (float16),Logic,float16,1000,,0.0003,0.0,available,,not_measured,managed,0.0,,no_data
np.isrealobj(a) (float16),Logic,float16,100000,,0.0003,0.0,available,,not_measured,managed,0.0,,no_data
np.isrealobj(a) (float16),Logic,float16,10000000,,0.0005,0.0,available,,not_measured,managed,0.0,,no_data
np.isrealobj(a) (float32),Logic,float32,1000,,0.0003,0.0,available,,not_measured,managed,0.0,,no_data
np.isrealobj(a) (float32),Logic,float32,100000,,0.0003,0.0,available,,not_measured,managed,0.0,,no_data
np.isrealobj(a) (float32),Logic,float32,10000000,,0.0005,0.0,available,,not_measured,managed,0.0,,no_data
np.isrealobj(a) (float64),Logic,float64,1000,,0.0003,0.0,available,,not_measured,managed,0.0,,no_data
np.isrealobj(a) (float64),Logic,float64,100000,,0.0003,0.0,available,,not_measured,managed,0.0,,no_data
np.isrealobj(a) (float64),Logic,float64,10000000,,0.0005,0.0,available,,not_measured,managed,0.0,,no_data
np.isscalar(a) (float16),Logic,float16,1000,,0.0005,0.0,available,,not_measured,managed,0.0,,no_data
np.isscalar(a) (float16),Logic,float16,100000,,0.0005,0.0,available,,not_measured,managed,0.0,,no_data
np.isscalar(a) (float16),Logic,float16,10000000,,0.0007,0.0,available,,not_measured,managed,0.0,,no_data
np.isscalar(a) (float32),Logic,float32,1000,,0.0005,0.0,available,,not_measured,managed,0.0,,no_data
np.isscalar(a) (float32),Logic,float32,100000,,0.0005,0.0,available,,not_measured,managed,0.0,,no_data
np.isscalar(a) (float32),Logic,float32,10000000,,0.0007,0.0,available,,not_measured,managed,0.0,,no_data
np.isscalar(a) (float64),Logic,float64,1000,,0.0005,0.0,available,,not_measured,managed,0.0,,no_data
np.isscalar(a) (float64),Logic,float64,100000,,0.0005,0.0,available,,not_measured,managed,0.0,,no_data
np.isscalar(a) (float64),Logic,float64,10000000,,0.0007,0.0,available,,not_measured,managed,0.0,,no_data
"np.logical_and(a, b) (bool)",Logic,bool,1000,,0.0004,,not_measured,,not_measured,,,,no_data
"np.logical_and(a, b) (bool)",Logic,bool,100000,,0.0025,,not_measured,,not_measured,,,,no_data
"np.logical_and(a, b) (bool)",Logic,bool,10000000,,2.8551,,not_measured,,not_measured,,,,no_data
np.logical_not(a) (bool),Logic,bool,1000,,0.0004,,not_measured,,not_measured,,,,no_data
np.logical_not(a) (bool),Logic,bool,100000,,0.0022,,not_measured,,not_measured,,,,no_data
np.logical_not(a) (bool),Logic,bool,10000000,,2.5551,,not_measured,,not_measured,,,,no_data
"np.logical_or(a, b) (bool)",Logic,bool,1000,,0.0004,,not_measured,,not_measured,,,,no_data
"np.logical_or(a, b) (bool)",Logic,bool,100000,,0.0025,,not_measured,,not_measured,,,,no_data
"np.logical_or(a, b) (bool)",Logic,bool,10000000,,2.8217,,not_measured,,not_measured,,,,no_data
"np.logical_xor(a, b) (bool)",Logic,bool,1000,,0.0004,,not_measured,,not_measured,,,,no_data
"np.logical_xor(a, b) (bool)",Logic,bool,100000,,0.0025,,not_measured,,not_measured,,,,no_data
"np.logical_xor(a, b) (bool)",Logic,bool,10000000,,3.1466,,not_measured,,not_measured,,,,no_data
"np.maximum(a, b) (float16)",Logic,float16,1000,,0.003,0.0041,available,,not_measured,managed,0.0041,0.731707,slower
"np.maximum(a, b) (float16)",Logic,float16,100000,,0.7793,0.9065,available,,not_measured,managed,0.9065,0.85968,close
"np.maximum(a, b) (float16)",Logic,float16,10000000,,104.6295,94.8747,available,,not_measured,managed,94.8747,1.102818,faster
"np.maximum(a, b) (float32)",Logic,float32,1000,,0.0006,0.0024,available,,not_measured,managed,0.0024,0.25,negligible
"np.maximum(a, b) (float32)",Logic,float32,100000,,0.0068,0.0559,available,,not_measured,managed,0.0559,0.121646,much_slower
"np.maximum(a, b) (float32)",Logic,float32,10000000,,16.1971,13.8913,available,,not_measured,managed,13.8913,1.165989,faster
"np.maximum(a, b) (float64)",Logic,float64,1000,,0.0006,0.0036,available,,not_measured,managed,0.0036,0.166667,negligible
"np.maximum(a, b) (float64)",Logic,float64,100000,,0.0304,0.1068,available,,not_measured,managed,0.1068,0.284644,much_slower
"np.maximum(a, b) (float64)",Logic,float64,10000000,,32.0661,28.0617,available,,not_measured,managed,28.0617,1.1427,faster
"np.minimum(a, b) (float16)",Logic,float16,1000,,0.0036,0.0042,available,,not_measured,managed,0.0042,0.857143,close
"np.minimum(a, b) (float16)",Logic,float16,100000,,0.7642,0.9287,available,,not_measured,managed,0.9287,0.822871,close
"np.minimum(a, b) (float16)",Logic,float16,10000000,,100.8753,93.9371,available,,not_measured,managed,93.9371,1.07386,faster
"np.minimum(a, b) (float32)",Logic,float32,1000,,0.0006,0.0021,available,,not_measured,managed,0.0021,0.285714,negligible
"np.minimum(a, b) (float32)",Logic,float32,100000,,0.0069,0.0541,available,,not_measured,managed,0.0541,0.127542,much_slower
"np.minimum(a, b) (float32)",Logic,float32,10000000,,16.3566,13.7495,available,,not_measured,managed,13.7495,1.189614,faster
"np.minimum(a, b) (float64)",Logic,float64,1000,,0.0006,0.0042,available,,not_measured,managed,0.0042,0.142857,negligible
"np.minimum(a, b) (float64)",Logic,float64,100000,,0.0288,0.1018,available,,not_measured,managed,0.1018,0.282908,much_slower
"np.minimum(a, b) (float64)",Logic,float64,10000000,,32.1546,28.384,available,,not_measured,managed,28.384,1.132842,faster
a.T (transpose 2D),Manipulation,float64,1000,,0.0001,0.0007,available,,not_measured,managed,0.0007,0.142857,negligible
a.T (transpose 2D),Manipulation,float64,100000,,0.0001,0.0008,available,,not_measured,managed,0.0008,0.125,negligible
a.T (transpose 2D),Manipulation,float64,10000000,,0.0002,0.0008,available,,not_measured,managed,0.0008,0.25,negligible
a.flatten,Manipulation,float64,1000,,0.0005,0.0026,available,,not_measured,managed,0.0026,0.192308,negligible
a.flatten,Manipulation,float64,100000,,0.0113,0.0999,available,,not_measured,managed,0.0999,0.113113,much_slower
a.flatten,Manipulation,float64,10000000,,20.5735,14.7159,available,,not_measured,managed,14.7159,1.398046,faster
a.ravel() (view),Manipulation,float64,1000,,0.0001,0.0009,available,,not_measured,managed,0.0009,0.111111,negligible
a.ravel() (view),Manipulation,float64,100000,,0.0001,0.001,available,,not_measured,managed,0.001,0.1,negligible
a.ravel() (view),Manipulation,float64,10000000,,0.0002,0.0009,available,,not_measured,managed,0.0009,0.222222,negligible
"np.append(a, b) (float64)",Manipulation,float64,1000,,0.0015,0.0056,available,,not_measured,managed,0.0056,0.267857,much_slower
"np.append(a, b) (float64)",Manipulation,float64,100000,,0.565,0.4295,available,,not_measured,managed,0.4295,1.315483,faster
"np.array_split(a, sections) (float64)",Manipulation,float64,1000,,0.0065,0.0048,available,,not_measured,managed,0.0048,1.354167,faster
"np.array_split(a, sections) (float64)",Manipulation,float64,100000,,0.0188,0.0052,available,,not_measured,managed,0.0052,3.615385,faster
np.atleast_1d(a) (float64),Manipulation,float64,1000,,0.0002,0.0,available,,not_measured,managed,0.0,,no_data
np.atleast_1d(a) (float64),Manipulation,float64,100000,,0.0004,0.0,available,,not_measured,managed,0.0,,no_data
np.atleast_2d(a) (float64),Manipulation,float64,1000,,0.0006,0.0008,available,,not_measured,managed,0.0008,0.75,negligible
np.atleast_2d(a) (float64),Manipulation,float64,100000,,0.001,0.0008,available,,not_measured,managed,0.0008,1.25,negligible
np.atleast_3d(a) (float64),Manipulation,float64,1000,,0.0005,0.0018,available,,not_measured,managed,0.0018,0.277778,negligible
np.atleast_3d(a) (float64),Manipulation,float64,100000,,0.001,0.0017,available,,not_measured,managed,0.0017,0.588235,slower
"np.block([a, b]) (float64)",Manipulation,float64,1000,,0.0033,0.0055,available,,not_measured,managed,0.0055,0.6,slower
"np.block([a, b]) (float64)",Manipulation,float64,100000,,0.7212,0.4354,available,,not_measured,managed,0.4354,1.656408,faster
"np.broadcast_arrays(a, b) (float64)",Manipulation,float64,1000,,0.0033,0.0021,available,,not_measured,managed,0.0021,1.571429,faster
"np.broadcast_arrays(a, b) (float64)",Manipulation,float64,100000,,0.0143,0.0016,available,,not_measured,managed,0.0016,8.9375,faster
np.byteswap,Manipulation,float64,1000,,0.0008,0.0056,available,,not_measured,managed,0.0056,0.142857,negligible
np.byteswap,Manipulation,float64,100000,,0.0343,0.1641,available,,not_measured,managed,0.1641,0.209019,much_slower
np.byteswap,Manipulation,float64,10000000,,28.6869,14.7308,available,,not_measured,managed,14.7308,1.94741,faster
np.c_,Manipulation,float64,1000,,0.0044,0.0104,available,,not_measured,managed,0.0104,0.423077,slower
np.c_,Manipulation,float64,100000,,0.3234,0.3212,available,,not_measured,managed,0.3212,1.006849,close
np.c_,Manipulation,float64,10000000,,69.0227,48.0018,available,,not_measured,managed,48.0018,1.437919,faster
"np.column_stack((a, b)) (float64)",Manipulation,float64,1000,,0.0022,0.0079,available,,not_measured,managed,0.0079,0.278481,much_slower
"np.column_stack((a, b)) (float64)",Manipulation,float64,100000,,0.6657,0.4331,available,,not_measured,managed,0.4331,1.537058,faster
"np.concat((a, b)) (float64)",Manipulation,float64,1000,,0.001,0.0045,available,,not_measured,managed,0.0045,0.222222,much_slower
"np.concat((a, b)) (float64)",Manipulation,float64,100000,,0.549,0.3307,available,,not_measured,managed,0.3307,1.660115,faster
"np.concatenate([a, b, c]) (float64)",Manipulation,float64,1000,,0.0013,0.0077,available,,not_measured,managed,0.0077,0.168831,much_slower
"np.concatenate([a, b, c]) (float64)",Manipulation,float64,100000,,0.4506,0.4875,available,,not_measured,managed,0.4875,0.924308,close
"np.concatenate([a, b]) (float64)",Manipulation,float64,1000,,0.0011,0.006,available,,not_measured,managed,0.006,0.183333,much_slower
"np.concatenate([a, b]) (float64)",Manipulation,float64,100000,,0.3102,0.3355,available,,not_measured,managed,0.3355,0.92459,close
"np.concatenate([a, b], axis=0) (float64)",Manipulation,float64,1000,,0.0011,0.0049,available,,not_measured,managed,0.0049,0.22449,much_slower
"np.concatenate([a, b], axis=0) (float64)",Manipulation,float64,100000,,0.3112,0.3312,available,,not_measured,managed,0.3312,0.939614,close
"np.concatenate([a, b], axis=1) (float64)",Manipulation,float64,1000,,0.0013,0.0053,available,,not_measured,managed,0.0053,0.245283,much_slower
"np.concatenate([a, b], axis=1) (float64)",Manipulation,float64,100000,,0.2893,0.3142,available,,not_measured,managed,0.3142,0.920751,close
"np.delete(a, index) (float64)",Manipulation,float64,1000,,0.0021,0.0052,available,,not_measured,managed,0.0052,0.403846,slower
"np.delete(a, index) (float64)",Manipulation,float64,100000,,0.0329,0.1206,available,,not_measured,managed,0.1206,0.272803,much_slower
np.diag,Manipulation,float64,1000,,0.0008,0.0092,available,,not_measured,managed,0.0092,0.086957,negligible
np.diag,Manipulation,float64,100000,,0.0008,0.0851,available,,not_measured,managed,0.0851,0.009401,negligible
np.diag,Manipulation,float64,10000000,,0.0017,4.1864,available,,not_measured,managed,4.1864,0.000406,much_slower
np.diagflat,Manipulation,float64,1000,,0.0032,0.0085,available,,not_measured,managed,0.0085,0.376471,slower
np.diagflat,Manipulation,float64,100000,,0.0139,0.0871,available,,not_measured,managed,0.0871,0.159587,much_slower
np.diagflat,Manipulation,float64,10000000,,5.0474,4.1722,available,,not_measured,managed,4.1722,1.209769,faster
"np.dsplit(a, sections) (float64)",Manipulation,float64,1000,,0.0092,0.0055,available,,not_measured,managed,0.0055,1.672727,faster
"np.dsplit(a, sections) (float64)",Manipulation,float64,100000,,0.0244,0.0066,available,,not_measured,managed,0.0066,3.69697,faster
"np.dstack([a, b]) (float64)",Manipulation,float64,1000,,0.0025,0.0088,available,,not_measured,managed,0.0088,0.284091,much_slower
"np.dstack([a, b]) (float64)",Manipulation,float64,100000,,0.3097,0.3276,available,,not_measured,managed,0.3276,0.94536,close
"np.expand_dims(a, axis=-1) (float64)",Manipulation,float64,1000,,0.0012,0.0008,available,,not_measured,managed,0.0008,1.5,negligible
"np.expand_dims(a, axis=-1) (float64)",Manipulation,float64,100000,,0.0012,0.0008,available,,not_measured,managed,0.0008,1.5,negligible
"np.expand_dims(a, axis=-1) (float64)",Manipulation,float64,10000000,,0.0031,0.0007,available,,not_measured,managed,0.0007,4.428571,negligible
"np.expand_dims(a, axis=0) (float64)",Manipulation,float64,1000,,0.0012,0.0009,available,,not_measured,managed,0.0009,1.333333,negligible
"np.expand_dims(a, axis=0) (float64)",Manipulation,float64,100000,,0.0013,0.0009,available,,not_measured,managed,0.0009,1.444444,negligible
"np.expand_dims(a, axis=0) (float64)",Manipulation,float64,10000000,,0.0031,0.0008,available,,not_measured,managed,0.0008,3.875,negligible
"np.expand_dims(a2D, axis=1) (float64)",Manipulation,float64,1000,,0.0022,0.0007,available,,not_measured,managed,0.0007,3.142857,negligible
"np.expand_dims(a2D, axis=1) (float64)",Manipulation,float64,100000,,0.0013,0.0008,available,,not_measured,managed,0.0008,1.625,negligible
"np.expand_dims(a2D, axis=1) (float64)",Manipulation,float64,10000000,,0.0031,0.0008,available,,not_measured,managed,0.0008,3.875,negligible
np.fill_diagonal,Manipulation,float64,1000,,0.001,0.0037,available,,not_measured,managed,0.0037,0.27027,much_slower
np.fill_diagonal,Manipulation,float64,100000,,0.0025,0.0045,available,,not_measured,managed,0.0045,0.555556,slower
np.fill_diagonal,Manipulation,float64,10000000,,0.0417,0.0397,available,,not_measured,managed,0.0397,1.050378,faster
np.flip,Manipulation,float64,1000,,0.0004,0.0006,available,,not_measured,managed,0.0006,0.666667,negligible
np.flip,Manipulation,float64,100000,,0.0004,0.0008,available,,not_measured,managed,0.0008,0.5,negligible
np.flip,Manipulation,float64,10000000,,0.0009,0.0005,available,,not_measured,managed,0.0005,1.8,negligible
np.fliplr,Manipulation,float64,1000,,0.0004,0.0006,available,,not_measured,managed,0.0006,0.666667,negligible
np.fliplr,Manipulation,float64,100000,,0.0003,0.0005,available,,not_measured,managed,0.0005,0.6,negligible
np.fliplr,Manipulation,float64,10000000,,0.0008,0.0006,available,,not_measured,managed,0.0006,1.333333,negligible
np.flipud,Manipulation,float64,1000,,0.0003,0.0006,available,,not_measured,managed,0.0006,0.5,negligible
np.flipud,Manipulation,float64,100000,,0.0003,0.0006,available,,not_measured,managed,0.0006,0.5,negligible
np.flipud,Manipulation,float64,10000000,,0.0007,0.0005,available,,not_measured,managed,0.0005,1.4,negligible
"np.hsplit(a, sections) (float64)",Manipulation,float64,1000,,0.009,0.0063,available,,not_measured,managed,0.0063,1.428571,faster
"np.hsplit(a, sections) (float64)",Manipulation,float64,100000,,0.0236,0.0074,available,,not_measured,managed,0.0074,3.189189,faster
"np.hstack([a, b]) (float64)",Manipulation,float64,1000,,0.0017,0.0047,available,,not_measured,managed,0.0047,0.361702,slower
"np.hstack([a, b]) (float64)",Manipulation,float64,100000,,0.3093,0.3277,available,,not_measured,managed,0.3277,0.943851,close
"np.insert(a, index, value) (float64)",Manipulation,float64,1000,,0.0052,0.009,available,,not_measured,managed,0.009,0.577778,slower
"np.insert(a, index, value) (float64)",Manipulation,float64,100000,,0.0447,0.1143,available,,not_measured,managed,0.1143,0.391076,slower
"np.intersect1d(a, b) (int32)",Manipulation,int32,1000,,0.0382,0.0388,available,,not_measured,managed,0.0388,0.984536,close
"np.intersect1d(a, b) (int32)",Manipulation,int32,100000,,7.7414,9.895,available,,not_measured,managed,9.895,0.782355,slower
"np.isin(a, b) (int32)",Manipulation,int32,1000,,0.0169,0.0364,available,,not_measured,managed,0.0364,0.464286,slower
"np.isin(a, b) (int32)",Manipulation,int32,100000,,0.7161,1.0338,available,,not_measured,managed,1.0338,0.692687,slower
np.ix_,Manipulation,float64,1000,,0.0018,0.0021,available,,not_measured,managed,0.0021,0.857143,close
np.ix_,Manipulation,float64,100000,,0.0018,0.0021,available,,not_measured,managed,0.0021,0.857143,close
np.ix_,Manipulation,float64,10000000,,0.0042,0.002,available,,not_measured,managed,0.002,2.1,faster
np.matrix_transpose,Manipulation,float64,1000,,0.0006,0.0008,available,,not_measured,managed,0.0008,0.75,negligible
np.matrix_transpose,Manipulation,float64,100000,,0.0006,0.0007,available,,not_measured,managed,0.0007,0.857143,negligible
np.matrix_transpose,Manipulation,float64,10000000,,0.0013,0.0007,available,,not_measured,managed,0.0007,1.857143,negligible
"np.moveaxis(a, 0, -1) (float64)",Manipulation,float64,1000,,0.0021,0.0011,available,,not_measured,managed,0.0011,1.909091,faster
"np.moveaxis(a, 0, -1) (float64)",Manipulation,float64,100000,,0.0021,0.001,available,,not_measured,managed,0.001,2.1,faster
"np.moveaxis(a, 0, -1) (float64)",Manipulation,float64,10000000,,0.0048,0.0011,available,,not_measured,managed,0.0011,4.363636,faster
"np.pad(a, width) (float64)",Manipulation,float64,1000,,0.0096,0.013,available,,not_measured,managed,0.013,0.738462,slower
"np.pad(a, width) (float64)",Manipulation,float64,100000,,0.0938,0.1105,available,,not_measured,managed,0.1105,0.848869,close
np.permute_dims,Manipulation,float64,1000,,0.0004,0.0006,available,,not_measured,managed,0.0006,0.666667,negligible
np.permute_dims,Manipulation,float64,100000,,0.0004,0.0007,available,,not_measured,managed,0.0007,0.571429,negligible
np.permute_dims,Manipulation,float64,10000000,,0.0006,0.0006,available,,not_measured,managed,0.0006,1.0,negligible
np.r_,Manipulation,float64,1000,,0.0035,0.0048,available,,not_measured,managed,0.0048,0.729167,slower
np.r_,Manipulation,float64,100000,,0.3125,0.3198,available,,not_measured,managed,0.3198,0.977173,close
np.r_,Manipulation,float64,10000000,,36.0544,36.6016,available,,not_measured,managed,36.6016,0.98505,close
np.r_(0:1:Nj),Manipulation,float64,1000,,0.0059,0.0041,available,,not_measured,managed,0.0041,1.439024,faster
np.r_(0:1:Nj),Manipulation,float64,100000,,0.3524,0.2156,available,,not_measured,managed,0.2156,1.634508,faster
np.r_(0:1:Nj),Manipulation,float64,10000000,,56.4121,37.3187,available,,not_measured,managed,37.3187,1.511631,faster
np.r_(0:N),Manipulation,float64,1000,,0.0025,0.0065,available,,not_measured,managed,0.0065,0.384615,slower
np.r_(0:N),Manipulation,float64,100000,,0.3154,0.2078,available,,not_measured,managed,0.2078,1.517806,faster
np.r_(0:N),Manipulation,float64,10000000,,36.3345,35.773,available,,not_measured,managed,35.773,1.015696,close
"np.r_(a, 0, 0, b)",Manipulation,float64,1000,,0.0042,0.0107,available,,not_measured,managed,0.0107,0.392523,slower
"np.r_(a, 0, 0, b)",Manipulation,float64,100000,,0.3414,0.3213,available,,not_measured,managed,0.3213,1.062558,faster
"np.r_(a, 0, 0, b)",Manipulation,float64,10000000,,36.7164,37.1718,available,,not_measured,managed,37.1718,0.987749,close
np.ravel,Manipulation,float64,1000,,0.0004,0.0009,available,,not_measured,managed,0.0009,0.444444,negligible
np.ravel,Manipulation,float64,100000,,0.0003,0.001,available,,not_measured,managed,0.001,0.3,negligible
np.ravel,Manipulation,float64,10000000,,0.0009,0.0009,available,,not_measured,managed,0.0009,1.0,negligible
"np.repeat(a, repeats) (float64)",Manipulation,float64,1000,,0.0029,0.0084,available,,not_measured,managed,0.0084,0.345238,slower
"np.repeat(a, repeats) (float64)",Manipulation,float64,100000,,1.1478,0.4009,available,,not_measured,managed,0.4009,2.863058,faster
"np.reshape(a, shape)",Manipulation,float64,1000,,0.0006,0.0009,available,,not_measured,managed,0.0009,0.666667,negligible
"np.reshape(a, shape)",Manipulation,float64,100000,,0.0006,0.001,available,,not_measured,managed,0.001,0.6,negligible
"np.reshape(a, shape)",Manipulation,float64,10000000,,0.0017,0.001,available,,not_measured,managed,0.001,1.7,faster
"np.resize(a, shape) (float64)",Manipulation,float64,1000,,0.0027,0.0061,available,,not_measured,managed,0.0061,0.442623,slower
"np.resize(a, shape) (float64)",Manipulation,float64,100000,,0.5829,0.365,available,,not_measured,managed,0.365,1.596986,faster
"np.roll(a, shift) (float64)",Manipulation,float64,1000,,0.0046,0.0111,available,,not_measured,managed,0.0111,0.414414,slower
"np.roll(a, shift) (float64)",Manipulation,float64,100000,,0.0408,0.1136,available,,not_measured,managed,0.1136,0.359155,slower
"np.rollaxis(a, 2) (float64)",Manipulation,float64,1000,,0.0006,0.0008,available,,not_measured,managed,0.0008,0.75,negligible
"np.rollaxis(a, 2) (float64)",Manipulation,float64,100000,,0.0006,0.0007,available,,not_measured,managed,0.0007,0.857143,negligible
"np.rollaxis(a, 2) (float64)",Manipulation,float64,10000000,,0.0014,0.0007,available,,not_measured,managed,0.0007,2.0,negligible
np.rot90,Manipulation,float64,1000,,0.0033,0.0015,available,,not_measured,managed,0.0015,2.2,faster
np.rot90,Manipulation,float64,100000,,0.0032,0.0014,available,,not_measured,managed,0.0014,2.285714,faster
np.rot90,Manipulation,float64,10000000,,0.0096,0.0015,available,,not_measured,managed,0.0015,6.4,faster
"np.setdiff1d(a, b) (int32)",Manipulation,int32,1000,,0.0493,0.074,available,,not_measured,managed,0.074,0.666216,slower
"np.setdiff1d(a, b) (int32)",Manipulation,int32,100000,,7.789,9.544,available,,not_measured,managed,9.544,0.816115,close
"np.setxor1d(a, b) (int32)",Manipulation,int32,1000,,0.0391,0.0566,available,,not_measured,managed,0.0566,0.690813,slower
"np.setxor1d(a, b) (int32)",Manipulation,int32,100000,,7.6954,9.814,available,,not_measured,managed,9.814,0.784125,slower
np.size(a) (float64),Manipulation,float64,1000,,0.0002,0.0,available,,not_measured,managed,0.0,,no_data
np.size(a) (float64),Manipulation,float64,100000,,0.0004,0.0,available,,not_measured,managed,0.0,,no_data
"np.split(a, sections) (float64)",Manipulation,float64,1000,,0.0092,0.0064,available,,not_measured,managed,0.0064,1.4375,faster
"np.split(a, sections) (float64)",Manipulation,float64,100000,,0.0225,0.006,available,,not_measured,managed,0.006,3.75,faster
np.squeeze(a) (float64),Manipulation,float64,1000,,0.0003,0.0005,available,,not_measured,managed,0.0005,0.6,negligible
np.squeeze(a) (float64),Manipulation,float64,100000,,0.0003,0.0007,available,,not_measured,managed,0.0007,0.428571,negligible
np.squeeze(a) (float64),Manipulation,float64,10000000,,0.0008,0.0006,available,,not_measured,managed,0.0006,1.333333,negligible
"np.squeeze(a, axis=1) (float64)",Manipulation,float64,1000,,0.0004,0.0006,available,,not_measured,managed,0.0006,0.666667,negligible
"np.squeeze(a, axis=1) (float64)",Manipulation,float64,100000,,0.0003,0.0005,available,,not_measured,managed,0.0005,0.6,negligible
"np.squeeze(a, axis=1) (float64)",Manipulation,float64,10000000,,0.0009,0.0006,available,,not_measured,managed,0.0006,1.5,negligible
"np.stack([a, b]) (float64)",Manipulation,float64,1000,,0.0022,0.0078,available,,not_measured,managed,0.0078,0.282051,much_slower
"np.stack([a, b]) (float64)",Manipulation,float64,100000,,0.3267,0.3314,available,,not_measured,managed,0.3314,0.985818,close
"np.stack([a, b], axis=1) (float64)",Manipulation,float64,1000,,0.0024,0.0079,available,,not_measured,managed,0.0079,0.303797,much_slower
"np.stack([a, b], axis=1) (float64)",Manipulation,float64,100000,,0.3229,0.33,available,,not_measured,managed,0.33,0.978485,close
"np.swapaxes(a, 0, 1) (float64)",Manipulation,float64,1000,,0.0004,0.0009,available,,not_measured,managed,0.0009,0.444444,negligible
"np.swapaxes(a, 0, 1) (float64)",Manipulation,float64,100000,,0.0004,0.0009,available,,not_measured,managed,0.0009,0.444444,negligible
"np.swapaxes(a, 0, 1) (float64)",Manipulation,float64,10000000,,0.0008,0.0007,available,,not_measured,managed,0.0007,1.142857,negligible
"np.swapaxes(a3D, 0, 2) (float64)",Manipulation,float64,1000,,0.0004,0.0008,available,,not_measured,managed,0.0008,0.5,negligible
"np.swapaxes(a3D, 0, 2) (float64)",Manipulation,float64,100000,,0.0004,0.0007,available,,not_measured,managed,0.0007,0.571429,negligible
"np.swapaxes(a3D, 0, 2) (float64)",Manipulation,float64,10000000,,0.0008,0.0007,available,,not_measured,managed,0.0007,1.142857,negligible
"np.tile(a, reps) (float64)",Manipulation,float64,1000,,0.0026,0.0102,available,,not_measured,managed,0.0102,0.254902,much_slower
"np.tile(a, reps) (float64)",Manipulation,float64,100000,,0.6197,0.3348,available,,not_measured,managed,0.3348,1.850956,faster
np.transpose(a),Manipulation,float64,1000,,0.0004,0.0008,available,,not_measured,managed,0.0008,0.5,negligible
np.transpose(a),Manipulation,float64,100000,,0.0004,0.001,available,,not_measured,managed,0.001,0.4,negligible
np.transpose(a),Manipulation,float64,10000000,,0.0006,0.0008,available,,not_measured,managed,0.0008,0.75,negligible
np.tri,Manipulation,float64,1000,,0.0032,0.0046,available,,not_measured,managed,0.0046,0.695652,slower
np.tri,Manipulation,float64,100000,,0.0495,0.1106,available,,not_measured,managed,0.1106,0.447559,slower
np.tri,Manipulation,float64,10000000,,20.6119,17.339,available,,not_measured,managed,17.339,1.188759,faster
np.tril,Manipulation,float64,1000,,0.0043,0.0032,available,,not_measured,managed,0.0032,1.34375,faster
np.tril,Manipulation,float64,100000,,0.0483,0.1044,available,,not_measured,managed,0.1044,0.462644,slower
np.tril,Manipulation,float64,10000000,,25.4434,20.268,available,,not_measured,managed,20.268,1.255348,faster
np.tril_indices,Manipulation,float64,1000,,0.0108,0.0076,available,,not_measured,managed,0.0076,1.421053,faster
np.tril_indices,Manipulation,float64,100000,,0.073,0.1153,available,,not_measured,managed,0.1153,0.633131,slower
np.tril_indices,Manipulation,float64,10000000,,27.5999,10.8206,available,,not_measured,managed,10.8206,2.550681,faster
np.trim_zeros,Manipulation,float64,1000,,0.0121,0.0138,available,,not_measured,managed,0.0138,0.876812,close
np.trim_zeros,Manipulation,float64,100000,,0.9589,0.022,available,,not_measured,managed,0.022,43.586364,negligible
np.trim_zeros,Manipulation,float64,10000000,,205.9483,0.1178,available,,not_measured,managed,0.1178,1748.287776,negligible
np.triu,Manipulation,float64,1000,,0.0044,0.0037,available,,not_measured,managed,0.0037,1.189189,faster
np.triu,Manipulation,float64,100000,,0.0536,0.0991,available,,not_measured,managed,0.0991,0.540868,slower
np.triu,Manipulation,float64,10000000,,26.1507,20.1464,available,,not_measured,managed,20.1464,1.298033,faster
np.triu_indices,Manipulation,float64,1000,,0.0106,0.0096,available,,not_measured,managed,0.0096,1.104167,faster
np.triu_indices,Manipulation,float64,100000,,0.0686,0.1084,available,,not_measured,managed,0.1084,0.632841,slower
np.triu_indices,Manipulation,float64,10000000,,30.9686,11.6132,available,,not_measured,managed,11.6132,2.666672,faster
"np.union1d(a, b) (int32)",Manipulation,int32,1000,,0.0215,0.0257,available,,not_measured,managed,0.0257,0.836576,close
"np.union1d(a, b) (int32)",Manipulation,int32,100000,,4.8589,5.8396,available,,not_measured,managed,5.8396,0.83206,close
np.unique(a) (int32),Manipulation,int32,1000,,0.0161,0.0098,available,,not_measured,managed,0.0098,1.642857,faster
np.unique(a) (int32),Manipulation,int32,100000,,3.1694,4.4773,available,,not_measured,managed,4.4773,0.707882,slower
np.unique_all(a) (int32),Manipulation,int32,1000,,0.0358,0.0356,available,,not_measured,managed,0.0356,1.005618,close
np.unique_all(a) (int32),Manipulation,int32,100000,,6.4803,3.3528,available,,not_measured,managed,3.3528,1.932802,faster
np.unique_counts(a) (int32),Manipulation,int32,1000,,0.0099,0.0196,available,,not_measured,managed,0.0196,0.505102,slower
np.unique_counts(a) (int32),Manipulation,int32,100000,,0.6846,5.1066,available,,not_measured,managed,5.1066,0.134062,much_slower
np.unique_inverse(a) (int32),Manipulation,int32,1000,,0.0226,0.0339,available,,not_measured,managed,0.0339,0.666667,slower
np.unique_inverse(a) (int32),Manipulation,int32,100000,,5.637,2.6997,available,,not_measured,managed,2.6997,2.08801,faster
np.unique_values(a) (int32),Manipulation,int32,1000,,0.0151,0.0099,available,,not_measured,managed,0.0099,1.525253,faster
np.unique_values(a) (int32),Manipulation,int32,100000,,8.3304,4.6014,available,,not_measured,managed,4.6014,1.810406,faster
np.unstack(a) (float64),Manipulation,float64,1000,,0.0032,0.0062,available,,not_measured,managed,0.0062,0.516129,slower
np.unstack(a) (float64),Manipulation,float64,100000,,0.0076,0.006,available,,not_measured,managed,0.006,1.266667,faster
"np.vsplit(a, sections) (float64)",Manipulation,float64,1000,,0.0091,0.0079,available,,not_measured,managed,0.0079,1.151899,faster
"np.vsplit(a, sections) (float64)",Manipulation,float64,100000,,0.0228,0.006,available,,not_measured,managed,0.006,3.8,faster
"np.vstack([a, b]) (float64)",Manipulation,float64,1000,,0.0021,0.008,available,,not_measured,managed,0.008,0.2625,much_slower
"np.vstack([a, b]) (float64)",Manipulation,float64,100000,,0.3195,0.3279,available,,not_measured,managed,0.3279,0.974382,close
reshape 1D->2D,Manipulation,float64,1000,,0.0002,0.0009,available,,not_measured,managed,0.0009,0.222222,negligible
reshape 1D->2D,Manipulation,float64,100000,,0.0002,0.0009,available,,not_measured,managed,0.0009,0.222222,negligible
reshape 1D->2D,Manipulation,float64,10000000,,0.0006,0.0011,available,,not_measured,managed,0.0011,0.545455,negligible
reshape 1D->3D,Manipulation,float64,1000,,0.0002,0.0012,available,,not_measured,managed,0.0012,0.166667,negligible
reshape 1D->3D,Manipulation,float64,100000,,0.0002,0.0012,available,,not_measured,managed,0.0012,0.166667,negligible
reshape 1D->3D,Manipulation,float64,10000000,,0.0003,0.0009,available,,not_measured,managed,0.0009,0.333333,negligible
reshape 2D->1D,Manipulation,float64,1000,,0.0002,0.0011,available,,not_measured,managed,0.0011,0.181818,negligible
reshape 2D->1D,Manipulation,float64,100000,,0.0002,0.0009,available,,not_measured,managed,0.0009,0.222222,negligible
reshape 2D->1D,Manipulation,float64,10000000,,0.0003,0.0011,available,,not_measured,managed,0.0011,0.272727,negligible
a.all() [ndarray] (float64),NDArray,float64,1000,,0.0014,0.0016,available,,not_measured,managed,0.0016,0.875,close
a.all() [ndarray] (float64),NDArray,float64,100000,,0.0405,0.0177,available,,not_measured,managed,0.0177,2.288136,faster
a.any() [ndarray] (float64),NDArray,float64,1000,,0.0014,0.002,available,,not_measured,managed,0.002,0.7,slower
a.any() [ndarray] (float64),NDArray,float64,100000,,0.0394,0.0024,available,,not_measured,managed,0.0024,16.416667,faster
a.argmax() [ndarray] (float64),NDArray,float64,1000,,0.0004,0.001,available,,not_measured,managed,0.001,0.4,negligible
a.argmax() [ndarray] (float64),NDArray,float64,100000,,0.0157,0.0612,available,,not_measured,managed,0.0612,0.256536,much_slower
a.argmin() [ndarray] (float64),NDArray,float64,1000,,0.0004,0.0015,available,,not_measured,managed,0.0015,0.266667,negligible
a.argmin() [ndarray] (float64),NDArray,float64,100000,,0.0157,0.0608,available,,not_measured,managed,0.0608,0.258224,much_slower
a.argpartition(kth) [ndarray] (float64),NDArray,float64,1000,,0.0043,0.0145,available,,not_measured,managed,0.0145,0.296552,much_slower
a.argpartition(kth) [ndarray] (float64),NDArray,float64,100000,,0.1459,0.7855,available,,not_measured,managed,0.7855,0.185742,much_slower
a.argsort() [ndarray] (float64),NDArray,float64,1000,,0.0103,0.0346,available,,not_measured,managed,0.0346,0.297688,much_slower
a.argsort() [ndarray] (float64),NDArray,float64,100000,,1.4464,3.6515,available,,not_measured,managed,3.6515,0.396111,slower
a.choose(choices) [ndarray] (float64),NDArray,float64,1000,,0.005,0.0135,available,,not_measured,managed,0.0135,0.37037,slower
a.choose(choices) [ndarray] (float64),NDArray,float64,100000,,0.6145,0.3511,available,,not_measured,managed,0.3511,1.750214,faster
"a.clip(min, max) [ndarray] (float64)",NDArray,float64,1000,,0.0012,0.0039,available,,not_measured,managed,0.0039,0.307692,much_slower
"a.clip(min, max) [ndarray] (float64)",NDArray,float64,100000,,0.0122,0.1486,available,,not_measured,managed,0.1486,0.0821,much_slower
a.compress(mask) [ndarray] (float64),NDArray,float64,1000,,0.0021,0.0026,available,,not_measured,managed,0.0026,0.807692,close
a.compress(mask) [ndarray] (float64),NDArray,float64,100000,,0.0802,0.1146,available,,not_measured,managed,0.1146,0.699825,slower
a.conj() [ndarray] (float64),NDArray,float64,1000,,0.0001,0.0,available,,not_measured,managed,0.0,,no_data
a.conj() [ndarray] (float64),NDArray,float64,100000,,0.0001,0.0,available,,not_measured,managed,0.0,,no_data
a.conjugate() [ndarray] (float64),NDArray,float64,1000,,0.0001,0.0,available,,not_measured,managed,0.0,,no_data
a.conjugate() [ndarray] (float64),NDArray,float64,100000,,0.0001,0.0,available,,not_measured,managed,0.0,,no_data
a.cumprod() [ndarray] (float64),NDArray,float64,1000,,0.003,0.0058,available,,not_measured,managed,0.0058,0.517241,slower
a.cumprod() [ndarray] (float64),NDArray,float64,100000,,0.169,0.3281,available,,not_measured,managed,0.3281,0.515087,slower
a.cumsum() [ndarray] (float64),NDArray,float64,1000,,0.0023,0.0053,available,,not_measured,managed,0.0053,0.433962,slower
a.cumsum() [ndarray] (float64),NDArray,float64,100000,,0.1625,0.3154,available,,not_measured,managed,0.3154,0.515219,slower
a.diagonal() [ndarray] (float64),NDArray,float64,1000,,0.0001,0.0007,available,,not_measured,managed,0.0007,0.142857,negligible
a.diagonal() [ndarray] (float64),NDArray,float64,100000,,0.0001,0.0007,available,,not_measured,managed,0.0007,0.142857,negligible
a.dot(b) [ndarray] (float64),NDArray,float64,1000,,0.0005,0.0009,available,,not_measured,managed,0.0009,0.555556,negligible
a.dot(b) [ndarray] (float64),NDArray,float64,100000,,0.0909,0.0194,available,0.0093,available,openblas,0.0093,0.849462,close
a.fill(value) [ndarray] (float64),NDArray,float64,1000,,0.0002,0.0001,available,,not_measured,managed,0.0001,2.0,negligible
a.fill(value) [ndarray] (float64),NDArray,float64,100000,,0.0091,0.0216,available,,not_measured,managed,0.0216,0.421296,slower
a.getfield(dtype) [ndarray] (float64),NDArray,float64,1000,,0.0002,0.001,available,,not_measured,managed,0.001,0.2,negligible
a.getfield(dtype) [ndarray] (float64),NDArray,float64,100000,,0.0002,0.001,available,,not_measured,managed,0.001,0.2,negligible
a.item(index) [ndarray] (float64),NDArray,float64,1000,,0.0001,0.0,available,,not_measured,managed,0.0,,no_data
a.item(index) [ndarray] (float64),NDArray,float64,100000,,0.0001,0.0,available,,not_measured,managed,0.0,,no_data
a.max() [ndarray] (float64),NDArray,float64,1000,,0.001,0.0011,available,,not_measured,managed,0.0011,0.909091,close
a.max() [ndarray] (float64),NDArray,float64,100000,,0.0123,0.0181,available,,not_measured,managed,0.0181,0.679558,slower
a.min() [ndarray] (float64),NDArray,float64,1000,,0.001,0.0015,available,,not_measured,managed,0.0015,0.666667,slower
a.min() [ndarray] (float64),NDArray,float64,100000,,0.022,0.0197,available,,not_measured,managed,0.0197,1.116751,faster
a.nonzero() [ndarray] (float64),NDArray,float64,1000,,0.0028,0.0046,available,,not_measured,managed,0.0046,0.608696,slower
a.nonzero() [ndarray] (float64),NDArray,float64,100000,,0.1782,0.1491,available,,not_measured,managed,0.1491,1.195171,faster
a.partition(kth) [ndarray] (float64),NDArray,float64,1000,,0.0033,0.0157,available,,not_measured,managed,0.0157,0.210191,much_slower
a.partition(kth) [ndarray] (float64),NDArray,float64,100000,,0.1432,0.7073,available,,not_measured,managed,0.7073,0.20246,much_slower
a.prod() [ndarray] (float64),NDArray,float64,1000,,0.0021,0.0011,available,,not_measured,managed,0.0011,1.909091,faster
a.prod() [ndarray] (float64),NDArray,float64,100000,,0.0747,0.0139,available,,not_measured,managed,0.0139,5.374101,faster
"a.put(indices, values) [ndarray] (float64)",NDArray,float64,1000,,0.0018,0.0065,available,,not_measured,managed,0.0065,0.276923,much_slower
"a.put(indices, values) [ndarray] (float64)",NDArray,float64,100000,,0.1067,0.1429,available,,not_measured,managed,0.1429,0.746676,slower
a.repeat(repeats) [ndarray] (float64),NDArray,float64,1000,,0.0028,0.0087,available,,not_measured,managed,0.0087,0.321839,much_slower
a.repeat(repeats) [ndarray] (float64),NDArray,float64,100000,,0.4709,0.4218,available,,not_measured,managed,0.4218,1.116406,faster
a.reshape(shape) [ndarray] (float64),NDArray,float64,1000,,0.0002,0.0012,available,,not_measured,managed,0.0012,0.166667,negligible
a.reshape(shape) [ndarray] (float64),NDArray,float64,100000,,0.0002,0.0011,available,,not_measured,managed,0.0011,0.181818,negligible
a.resize(shape) [ndarray] (float64),NDArray,float64,1000,,0.0007,0.0045,available,,not_measured,managed,0.0045,0.155556,negligible
a.resize(shape) [ndarray] (float64),NDArray,float64,100000,,0.0117,0.216,available,,not_measured,managed,0.216,0.054167,much_slower
a.round() [ndarray] (float64),NDArray,float64,1000,,0.0006,0.0025,available,,not_measured,managed,0.0025,0.24,negligible
a.round() [ndarray] (float64),NDArray,float64,100000,,0.0109,0.1353,available,,not_measured,managed,0.1353,0.080562,much_slower
a.searchsorted(v) [ndarray] (float64),NDArray,float64,1000,,0.0064,0.0174,available,,not_measured,managed,0.0174,0.367816,slower
a.searchsorted(v) [ndarray] (float64),NDArray,float64,100000,,2.0982,3.0126,available,,not_measured,managed,3.0126,0.696475,slower
"a.setfield(value, dtype) [ndarray] (float64)",NDArray,float64,1000,,0.0004,0.0039,available,,not_measured,managed,0.0039,0.102564,negligible
"a.setfield(value, dtype) [ndarray] (float64)",NDArray,float64,100000,,0.0093,0.0532,available,,not_measured,managed,0.0532,0.174812,much_slower
a.setflags(write=True) [ndarray] (float64),NDArray,float64,1000,,0.0002,0.0,available,,not_measured,managed,0.0,,no_data
a.setflags(write=True) [ndarray] (float64),NDArray,float64,100000,,0.0002,0.0,available,,not_measured,managed,0.0,,no_data
a.sort() [ndarray] (float64),NDArray,float64,1000,,0.0032,0.0288,available,,not_measured,managed,0.0288,0.111111,much_slower
a.sort() [ndarray] (float64),NDArray,float64,100000,,0.4939,1.9682,available,,not_measured,managed,1.9682,0.25094,much_slower
a.squeeze() [ndarray] (float64),NDArray,float64,1000,,0.0002,0.0007,available,,not_measured,managed,0.0007,0.285714,negligible
a.squeeze() [ndarray] (float64),NDArray,float64,100000,,0.0002,0.0007,available,,not_measured,managed,0.0007,0.285714,negligible
"a.swapaxes(0, 1) [ndarray] (float64)",NDArray,float64,1000,,0.0002,0.0009,available,,not_measured,managed,0.0009,0.222222,negligible
"a.swapaxes(0, 1) [ndarray] (float64)",NDArray,float64,100000,,0.0002,0.001,available,,not_measured,managed,0.001,0.2,negligible
a.take(indices) [ndarray] (float64),NDArray,float64,1000,,0.0009,0.0027,available,,not_measured,managed,0.0027,0.333333,negligible
a.take(indices) [ndarray] (float64),NDArray,float64,100000,,0.0514,0.1152,available,,not_measured,managed,0.1152,0.446181,slower
a.to_device(cpu) [ndarray] (float64),NDArray,float64,1000,,0.0001,0.0,available,,not_measured,managed,0.0,,no_data
a.to_device(cpu) [ndarray] (float64),NDArray,float64,100000,,0.0001,0.0,available,,not_measured,managed,0.0,,no_data
a.tobytes() [ndarray] (float64),NDArray,float64,1000,,0.0002,0.0006,available,,not_measured,managed,0.0006,0.333333,negligible
a.tobytes() [ndarray] (float64),NDArray,float64,100000,,0.0108,0.0922,available,,not_measured,managed,0.0922,0.117137,much_slower
a.tofile(path) [ndarray] (float64),NDArray,float64,1000,,0.1527,0.3628,available,,not_measured,managed,0.3628,0.420893,slower
a.tofile(path) [ndarray] (float64),NDArray,float64,100000,,0.3464,3.9354,available,,not_measured,managed,3.9354,0.088022,much_slower
a.tolist() [ndarray] (float64),NDArray,float64,1000,,0.0078,0.0111,available,,not_measured,managed,0.0111,0.702703,slower
a.tolist() [ndarray] (float64),NDArray,float64,100000,,0.8327,3.9615,available,,not_measured,managed,3.9615,0.210198,much_slower
a.trace() [ndarray] (float64),NDArray,float64,1000,,0.001,0.0012,available,,not_measured,managed,0.0012,0.833333,close
a.trace() [ndarray] (float64),NDArray,float64,100000,,0.001,0.001,available,,not_measured,managed,0.001,1.0,close
a.transpose() [ndarray] (float64),NDArray,float64,1000,,0.0001,0.0009,available,,not_measured,managed,0.0009,0.111111,negligible
a.transpose() [ndarray] (float64),NDArray,float64,100000,,0.0001,0.0007,available,,not_measured,managed,0.0007,0.142857,negligible
a.view() [ndarray] (float64),NDArray,float64,1000,,0.0001,0.0007,available,,not_measured,managed,0.0007,0.142857,negligible
a.view() [ndarray] (float64),NDArray,float64,100000,,0.0001,0.0005,available,,not_measured,managed,0.0005,0.2,negligible
"np.random.beta(a, b) (float64)",Random,float64,1000,,0.0447,0.0445,available,,not_measured,managed,0.0445,1.004494,close
"np.random.beta(a, b) (float64)",Random,float64,100000,,4.2659,8.6808,available,,not_measured,managed,8.6808,0.491418,slower
"np.random.binomial(n, p) (int64)",Random,int64,1000,,0.0241,0.1489,available,,not_measured,managed,0.1489,0.161854,much_slower
"np.random.binomial(n, p) (int64)",Random,int64,100000,,3.4622,13.9775,available,,not_measured,managed,13.9775,0.247698,much_slower
np.random.chisquare(df) (float64),Random,float64,1000,,0.0231,0.0465,available,,not_measured,managed,0.0465,0.496774,slower
np.random.chisquare(df) (float64),Random,float64,100000,,2.1556,4.4503,available,,not_measured,managed,4.4503,0.484372,slower
"np.random.choice(a, size) (float64)",Random,float64,1000,,0.0113,0.0465,available,,not_measured,managed,0.0465,0.243011,much_slower
"np.random.choice(a, size) (float64)",Random,float64,100000,,1.3049,1.6229,available,,not_measured,managed,1.6229,0.804054,close
"np.random.dirichlet(alpha, size) (float64)",Random,float64,1000,,0.07,0.1046,available,,not_measured,managed,0.1046,0.669216,slower
"np.random.dirichlet(alpha, size) (float64)",Random,float64,100000,,9.4116,9.9404,available,,not_measured,managed,9.9404,0.946803,close
np.random.exponential(scale) (float64),Random,float64,1000,,0.0099,0.0321,available,,not_measured,managed,0.0321,0.308411,much_slower
np.random.exponential(scale) (float64),Random,float64,100000,,0.9035,2.7524,available,,not_measured,managed,2.7524,0.328259,much_slower
"np.random.f(dfnum, dfden) (float64)",Random,float64,1000,,0.0431,0.1201,available,,not_measured,managed,0.1201,0.358868,slower
"np.random.f(dfnum, dfden) (float64)",Random,float64,100000,,4.2119,10.1436,available,,not_measured,managed,10.1436,0.415227,slower
"np.random.gamma(shape, scale) (float64)",Random,float64,1000,,0.0222,0.0511,available,,not_measured,managed,0.0511,0.434442,slower
"np.random.gamma(shape, scale) (float64)",Random,float64,100000,,2.1292,4.6059,available,,not_measured,managed,4.6059,0.462277,slower
np.random.geometric(p) (int64),Random,int64,1000,,0.0189,0.0234,available,,not_measured,managed,0.0234,0.807692,close
np.random.geometric(p) (int64),Random,int64,100000,,2.2156,2.2896,available,,not_measured,managed,2.2896,0.96768,close
"np.random.gumbel(loc, scale) (float64)",Random,float64,1000,,0.015,0.0346,available,,not_measured,managed,0.0346,0.433526,slower
"np.random.gumbel(loc, scale) (float64)",Random,float64,100000,,1.478,3.2546,available,,not_measured,managed,3.2546,0.454126,slower
"np.random.hypergeometric(ngood, nbad, nsample) (int64)",Random,int64,1000,,0.0685,0.1613,available,,not_measured,managed,0.1613,0.424675,slower
"np.random.hypergeometric(ngood, nbad, nsample) (int64)",Random,int64,100000,,9.5819,16.9447,available,,not_measured,managed,16.9447,0.565481,slower
"np.random.laplace(loc, scale) (float64)",Random,float64,1000,,0.015,0.0306,available,,not_measured,managed,0.0306,0.490196,slower
"np.random.laplace(loc, scale) (float64)",Random,float64,100000,,1.4178,2.7183,available,,not_measured,managed,2.7183,0.521576,slower
"np.random.logistic(loc, scale) (float64)",Random,float64,1000,,0.0099,0.0239,available,,not_measured,managed,0.0239,0.414226,slower
"np.random.logistic(loc, scale) (float64)",Random,float64,100000,,0.8932,2.1956,available,,not_measured,managed,2.1956,0.406814,slower
"np.random.lognormal(mean, sigma) (float64)",Random,float64,1000,,0.0201,0.0356,available,,not_measured,managed,0.0356,0.564607,slower
"np.random.lognormal(mean, sigma) (float64)",Random,float64,100000,,1.7943,3.078,available,,not_measured,managed,3.078,0.582943,slower
np.random.logseries(p) (int64),Random,int64,1000,,0.0288,0.0439,available,,not_measured,managed,0.0439,0.656036,slower
np.random.logseries(p) (int64),Random,int64,100000,,3.7829,4.3833,available,,not_measured,managed,4.3833,0.863026,close
"np.random.multinomial(n, pvals, size) (int64)",Random,int64,1000,,0.0817,0.2337,available,,not_measured,managed,0.2337,0.349593,slower
"np.random.multinomial(n, pvals, size) (int64)",Random,int64,100000,,11.7326,22.7929,available,,not_measured,managed,22.7929,0.514748,slower
"np.random.multivariate_normal(mean, cov, size) (float64)",Random,float64,1000,,0.0822,0.0874,available,,not_measured,managed,0.0874,0.940503,close
"np.random.multivariate_normal(mean, cov, size) (float64)",Random,float64,100000,,7.8405,8.4879,available,,not_measured,managed,8.4879,0.923727,close
"np.random.negative_binomial(n, p) (int64)",Random,int64,1000,,0.0809,0.1454,available,,not_measured,managed,0.1454,0.556396,slower
"np.random.negative_binomial(n, p) (int64)",Random,int64,100000,,10.985,14.647,available,,not_measured,managed,14.647,0.749983,slower
"np.random.noncentral_chisquare(df, nonc) (float64)",Random,float64,1000,,0.0354,0.0667,available,,not_measured,managed,0.0667,0.530735,slower
"np.random.noncentral_chisquare(df, nonc) (float64)",Random,float64,100000,,3.3596,6.7991,available,,not_measured,managed,6.7991,0.494124,slower
"np.random.noncentral_f(dfnum, dfden, nonc) (float64)",Random,float64,1000,,0.0583,0.1026,available,,not_measured,managed,0.1026,0.568226,slower
"np.random.noncentral_f(dfnum, dfden, nonc) (float64)",Random,float64,100000,,5.4525,10.5679,available,,not_measured,managed,10.5679,0.515949,slower
"np.random.normal(loc, scale) (float64)",Random,float64,1000,,0.013,0.0258,available,,not_measured,managed,0.0258,0.503876,slower
"np.random.normal(loc, scale) (float64)",Random,float64,100000,,1.1445,2.5672,available,,not_measured,managed,2.5672,0.445816,slower
np.random.pareto(a) (float64),Random,float64,1000,,0.0168,0.0331,available,,not_measured,managed,0.0331,0.507553,slower
np.random.pareto(a) (float64),Random,float64,100000,,1.5223,3.1277,available,,not_measured,managed,3.1277,0.486715,slower
np.random.permutation(a) (float64),Random,float64,1000,,0.0153,0.0202,available,,not_measured,managed,0.0202,0.757426,slower
np.random.permutation(a) (float64),Random,float64,100000,,2.1313,2.0554,available,,not_measured,managed,2.0554,1.036927,close
np.random.poisson(lam) (int64),Random,int64,1000,,0.0352,0.0555,available,,not_measured,managed,0.0555,0.634234,slower
np.random.poisson(lam) (int64),Random,int64,100000,,4.5507,5.442,available,,not_measured,managed,5.442,0.836218,close
np.random.power(a) (float64),Random,float64,1000,,0.0307,0.0339,available,,not_measured,managed,0.0339,0.905605,close
np.random.power(a) (float64),Random,float64,100000,,2.8947,2.9671,available,,not_measured,managed,2.9671,0.975599,close
np.random.rand(n) (float64),Random,float64,1000,,0.0051,0.0173,available,,not_measured,managed,0.0173,0.294798,much_slower
np.random.rand(n) (float64),Random,float64,100000,,0.3668,1.4522,available,,not_measured,managed,1.4522,0.252582,much_slower
"np.random.randint(low, high) (int64)",Random,int64,1000,,0.0082,0.0108,available,,not_measured,managed,0.0108,0.759259,slower
"np.random.randint(low, high) (int64)",Random,int64,100000,,0.6268,0.9544,available,,not_measured,managed,0.9544,0.656748,slower
np.random.randn(n) (float64),Random,float64,1000,,0.0109,0.0266,available,,not_measured,managed,0.0266,0.409774,slower
np.random.randn(n) (float64),Random,float64,100000,,1.0564,2.3662,available,,not_measured,managed,2.3662,0.446454,slower
np.random.random(n) (float64),Random,float64,1000,,0.0043,0.0162,available,,not_measured,managed,0.0162,0.265432,much_slower
np.random.random(n) (float64),Random,float64,100000,,0.3657,1.4768,available,,not_measured,managed,1.4768,0.24763,much_slower
np.random.random_sample(n) (float64),Random,float64,1000,,0.0043,0.0159,available,,not_measured,managed,0.0159,0.27044,much_slower
np.random.random_sample(n) (float64),Random,float64,100000,,0.3617,1.4643,available,,not_measured,managed,1.4643,0.247012,much_slower
np.random.rayleigh(scale) (float64),Random,float64,1000,,0.0114,0.0236,available,,not_measured,managed,0.0236,0.483051,slower
np.random.rayleigh(scale) (float64),Random,float64,100000,,1.0487,2.2769,available,,not_measured,managed,2.2769,0.460582,slower
np.random.shuffle(a) (float64),Random,float64,1000,,0.014,0.0169,available,,not_measured,managed,0.0169,0.828402,close
np.random.shuffle(a) (float64),Random,float64,100000,,2.1517,1.9751,available,,not_measured,managed,1.9751,1.089413,faster
np.random.standard_cauchy(n) (float64),Random,float64,1000,,0.0234,0.0318,available,,not_measured,managed,0.0318,0.735849,slower
np.random.standard_cauchy(n) (float64),Random,float64,100000,,2.2256,2.8898,available,,not_measured,managed,2.8898,0.770157,slower
np.random.standard_exponential(n) (float64),Random,float64,1000,,0.0093,0.0241,available,,not_measured,managed,0.0241,0.385892,slower
np.random.standard_exponential(n) (float64),Random,float64,100000,,0.8292,2.1647,available,,not_measured,managed,2.1647,0.383055,slower
np.random.standard_gamma(shape) (float64),Random,float64,1000,,0.0227,0.0435,available,,not_measured,managed,0.0435,0.521839,slower
np.random.standard_gamma(shape) (float64),Random,float64,100000,,1.9856,4.5468,available,,not_measured,managed,4.5468,0.436703,slower
np.random.standard_normal(n) (float64),Random,float64,1000,,0.0116,0.0261,available,,not_measured,managed,0.0261,0.444444,slower
np.random.standard_normal(n) (float64),Random,float64,100000,,1.0563,2.4722,available,,not_measured,managed,2.4722,0.427271,slower
np.random.standard_t(df) (float64),Random,float64,1000,,0.0362,0.0661,available,,not_measured,managed,0.0661,0.547655,slower
np.random.standard_t(df) (float64),Random,float64,100000,,3.8701,6.6805,available,,not_measured,managed,6.6805,0.579313,slower
"np.random.triangular(left, mode, right) (float64)",Random,float64,1000,,0.0102,0.0177,available,,not_measured,managed,0.0177,0.576271,slower
"np.random.triangular(left, mode, right) (float64)",Random,float64,100000,,1.3303,1.6935,available,,not_measured,managed,1.6935,0.785533,slower
"np.random.uniform(low, high) (float64)",Random,float64,1000,,0.0055,0.0149,available,,not_measured,managed,0.0149,0.369128,slower
"np.random.uniform(low, high) (float64)",Random,float64,100000,,0.6652,1.3129,available,,not_measured,managed,1.3129,0.506665,slower
"np.random.vonmises(mu, kappa) (float64)",Random,float64,1000,,0.0549,0.091,available,,not_measured,managed,0.091,0.603297,slower
"np.random.vonmises(mu, kappa) (float64)",Random,float64,100000,,8.5895,9.0151,available,,not_measured,managed,9.0151,0.95279,close
"np.random.wald(mean, scale) (float64)",Random,float64,1000,,0.0265,0.0494,available,,not_measured,managed,0.0494,0.536437,slower
"np.random.wald(mean, scale) (float64)",Random,float64,100000,,3.9479,4.9547,available,,not_measured,managed,4.9547,0.796799,slower
np.random.weibull(a) (float64),Random,float64,1000,,0.0227,0.0389,available,,not_measured,managed,0.0389,0.583548,slower
np.random.weibull(a) (float64),Random,float64,100000,,3.5556,4.0043,available,,not_measured,managed,4.0043,0.887945,close
np.random.zipf(a) (int64),Random,int64,1000,,0.0355,0.0831,available,,not_measured,managed,0.0831,0.427196,slower
np.random.zipf(a) (int64),Random,int64,100000,,6.1963,8.231,available,,not_measured,managed,8.231,0.7528,slower
a.amax() [method] (complex128),Reduction,complex128,1000,,0.0024,0.0023,available,,not_measured,managed,0.0023,1.043478,close
a.amax() [method] (complex128),Reduction,complex128,100000,,0.1527,0.1465,available,,not_measured,managed,0.1465,1.042321,close
a.amax() [method] (complex128),Reduction,complex128,10000000,,27.009,19.4148,available,,not_measured,managed,19.4148,1.391155,faster
a.amax() [method] (float16),Reduction,float16,1000,,0.003,0.0022,available,,not_measured,managed,0.0022,1.363636,faster
a.amax() [method] (float16),Reduction,float16,100000,,0.4983,0.442,available,,not_measured,managed,0.442,1.127376,faster
a.amax() [method] (float16),Reduction,float16,10000000,,67.4868,46.638,available,,not_measured,managed,46.638,1.447035,faster
a.amax() [method] (float32),Reduction,float32,1000,,0.0009,0.0012,available,,not_measured,managed,0.0012,0.75,negligible
a.amax() [method] (float32),Reduction,float32,100000,,0.0054,0.0087,available,,not_measured,managed,0.0087,0.62069,slower
a.amax() [method] (float32),Reduction,float32,10000000,,4.4896,3.8133,available,,not_measured,managed,3.8133,1.177353,faster
a.amax() [method] (float64),Reduction,float64,1000,,0.001,0.0013,available,,not_measured,managed,0.0013,0.769231,slower
a.amax() [method] (float64),Reduction,float64,100000,,0.0098,0.017,available,,not_measured,managed,0.017,0.576471,slower
a.amax() [method] (float64),Reduction,float64,10000000,,9.0123,8.2188,available,,not_measured,managed,8.2188,1.096547,faster
a.amax() [method] (int16),Reduction,int16,1000,,0.0009,0.0011,available,,not_measured,managed,0.0011,0.818182,negligible
a.amax() [method] (int16),Reduction,int16,100000,,0.0023,0.003,available,,not_measured,managed,0.003,0.766667,slower
a.amax() [method] (int16),Reduction,int16,10000000,,0.6682,0.6632,available,,not_measured,managed,0.6632,1.007539,close
a.amax() [method] (int32),Reduction,int32,1000,,0.0009,0.0011,available,,not_measured,managed,0.0011,0.818182,negligible
a.amax() [method] (int32),Reduction,int32,100000,,0.0037,0.0051,available,,not_measured,managed,0.0051,0.72549,slower
a.amax() [method] (int32),Reduction,int32,10000000,,3.8534,3.4165,available,,not_measured,managed,3.4165,1.127879,faster
a.amax() [method] (int64),Reduction,int64,1000,,0.001,0.001,available,,not_measured,managed,0.001,1.0,close
a.amax() [method] (int64),Reduction,int64,100000,,0.0083,0.0266,available,,not_measured,managed,0.0266,0.31203,much_slower
a.amax() [method] (int64),Reduction,int64,10000000,,9.9544,8.687,available,,not_measured,managed,8.687,1.145896,faster
a.amax() [method] (int8),Reduction,int8,1000,,0.0009,0.0012,available,,not_measured,managed,0.0012,0.75,negligible
a.amax() [method] (int8),Reduction,int8,100000,,0.0016,0.0019,available,,not_measured,managed,0.0019,0.842105,close
a.amax() [method] (int8),Reduction,int8,10000000,,0.2553,0.227,available,,not_measured,managed,0.227,1.12467,faster
a.amax() [method] (uint16),Reduction,uint16,1000,,0.0009,0.0011,available,,not_measured,managed,0.0011,0.818182,negligible
a.amax() [method] (uint16),Reduction,uint16,100000,,0.0023,0.0028,available,,not_measured,managed,0.0028,0.821429,close
a.amax() [method] (uint16),Reduction,uint16,10000000,,0.6696,0.6788,available,,not_measured,managed,0.6788,0.986447,close
a.amax() [method] (uint32),Reduction,uint32,1000,,0.0009,0.0011,available,,not_measured,managed,0.0011,0.818182,negligible
a.amax() [method] (uint32),Reduction,uint32,100000,,0.0035,0.0043,available,,not_measured,managed,0.0043,0.813953,close
a.amax() [method] (uint32),Reduction,uint32,10000000,,4.2961,3.2421,available,,not_measured,managed,3.2421,1.325098,faster
a.amax() [method] (uint64),Reduction,uint64,1000,,0.001,0.0011,available,,not_measured,managed,0.0011,0.909091,close
a.amax() [method] (uint64),Reduction,uint64,100000,,0.0112,0.0372,available,,not_measured,managed,0.0372,0.301075,much_slower
a.amax() [method] (uint64),Reduction,uint64,10000000,,10.663,8.4484,available,,not_measured,managed,8.4484,1.262132,faster
a.amax() [method] (uint8),Reduction,uint8,1000,,0.0009,0.001,available,,not_measured,managed,0.001,0.9,negligible
a.amax() [method] (uint8),Reduction,uint8,100000,,0.0016,0.0019,available,,not_measured,managed,0.0019,0.842105,close
a.amax() [method] (uint8),Reduction,uint8,10000000,,0.2967,0.2302,available,,not_measured,managed,0.2302,1.288879,faster
a.amin() [method] (complex128),Reduction,complex128,1000,,0.0024,0.0024,available,,not_measured,managed,0.0024,1.0,close
a.amin() [method] (complex128),Reduction,complex128,100000,,0.1524,0.1464,available,,not_measured,managed,0.1464,1.040984,close
a.amin() [method] (complex128),Reduction,complex128,10000000,,25.6247,22.2022,available,,not_measured,managed,22.2022,1.154151,faster
a.amin() [method] (float16),Reduction,float16,1000,,0.0032,0.0023,available,,not_measured,managed,0.0023,1.391304,faster
a.amin() [method] (float16),Reduction,float16,100000,,0.5061,0.4087,available,,not_measured,managed,0.4087,1.238317,faster
a.amin() [method] (float16),Reduction,float16,10000000,,76.6458,42.9831,available,,not_measured,managed,42.9831,1.783161,faster
a.amin() [method] (float32),Reduction,float32,1000,,0.0009,0.0012,available,,not_measured,managed,0.0012,0.75,negligible
a.amin() [method] (float32),Reduction,float32,100000,,0.0053,0.0089,available,,not_measured,managed,0.0089,0.595506,slower
a.amin() [method] (float32),Reduction,float32,10000000,,5.0108,3.9529,available,,not_measured,managed,3.9529,1.267626,faster
a.amin() [method] (float64),Reduction,float64,1000,,0.001,0.0013,available,,not_measured,managed,0.0013,0.769231,slower
a.amin() [method] (float64),Reduction,float64,100000,,0.0097,0.0177,available,,not_measured,managed,0.0177,0.548023,slower
a.amin() [method] (float64),Reduction,float64,10000000,,8.7703,8.8823,available,,not_measured,managed,8.8823,0.987391,close
a.amin() [method] (int16),Reduction,int16,1000,,0.0009,0.001,available,,not_measured,managed,0.001,0.9,negligible
a.amin() [method] (int16),Reduction,int16,100000,,0.0023,0.0028,available,,not_measured,managed,0.0028,0.821429,close
a.amin() [method] (int16),Reduction,int16,10000000,,0.7192,0.6949,available,,not_measured,managed,0.6949,1.034969,close
a.amin() [method] (int32),Reduction,int32,1000,,0.001,0.0011,available,,not_measured,managed,0.0011,0.909091,close
a.amin() [method] (int32),Reduction,int32,100000,,0.0036,0.0043,available,,not_measured,managed,0.0043,0.837209,close
a.amin() [method] (int32),Reduction,int32,10000000,,4.1575,3.8595,available,,not_measured,managed,3.8595,1.077212,faster
a.amin() [method] (int64),Reduction,int64,1000,,0.001,0.001,available,,not_measured,managed,0.001,1.0,close
a.amin() [method] (int64),Reduction,int64,100000,,0.0094,0.0267,available,,not_measured,managed,0.0267,0.35206,slower
a.amin() [method] (int64),Reduction,int64,10000000,,12.283,8.0316,available,,not_measured,managed,8.0316,1.529334,faster
a.amin() [method] (int8),Reduction,int8,1000,,0.0009,0.0011,available,,not_measured,managed,0.0011,0.818182,negligible
a.amin() [method] (int8),Reduction,int8,100000,,0.0017,0.0019,available,,not_measured,managed,0.0019,0.894737,close
a.amin() [method] (int8),Reduction,int8,10000000,,0.256,0.3464,available,,not_measured,managed,0.3464,0.73903,slower
a.amin() [method] (uint16),Reduction,uint16,1000,,0.0009,0.0011,available,,not_measured,managed,0.0011,0.818182,negligible
a.amin() [method] (uint16),Reduction,uint16,100000,,0.0046,0.0029,available,,not_measured,managed,0.0029,1.586207,faster
a.amin() [method] (uint16),Reduction,uint16,10000000,,0.2974,0.787,available,,not_measured,managed,0.787,0.377891,slower
a.amin() [method] (uint32),Reduction,uint32,1000,,0.001,0.0011,available,,not_measured,managed,0.0011,0.909091,close
a.amin() [method] (uint32),Reduction,uint32,100000,,0.0035,0.0045,available,,not_measured,managed,0.0045,0.777778,slower
a.amin() [method] (uint32),Reduction,uint32,10000000,,2.8668,3.4362,available,,not_measured,managed,3.4362,0.834294,close
a.amin() [method] (uint64),Reduction,uint64,1000,,0.001,0.0011,available,,not_measured,managed,0.0011,0.909091,close
a.amin() [method] (uint64),Reduction,uint64,100000,,0.0157,0.0378,available,,not_measured,managed,0.0378,0.415344,slower
a.amin() [method] (uint64),Reduction,uint64,10000000,,10.9764,8.2983,available,,not_measured,managed,8.2983,1.322729,faster
a.amin() [method] (uint8),Reduction,uint8,1000,,0.0009,0.0012,available,,not_measured,managed,0.0012,0.75,negligible
a.amin() [method] (uint8),Reduction,uint8,100000,,0.0016,0.002,available,,not_measured,managed,0.002,0.8,close
a.amin() [method] (uint8),Reduction,uint8,10000000,,0.2614,0.2287,available,,not_measured,managed,0.2287,1.142982,faster
a.mean() [method] (complex128),Reduction,complex128,1000,,0.0022,0.0016,available,,not_measured,managed,0.0016,1.375,faster
a.mean() [method] (complex128),Reduction,complex128,100000,,0.0295,0.0224,available,,not_measured,managed,0.0224,1.316964,faster
a.mean() [method] (complex128),Reduction,complex128,10000000,,20.3088,16.8702,available,,not_measured,managed,16.8702,1.203827,faster
a.mean() [method] (float16),Reduction,float16,1000,,0.0042,0.0021,available,,not_measured,managed,0.0021,2.0,faster
a.mean() [method] (float16),Reduction,float16,100000,,0.1062,0.1613,available,,not_measured,managed,0.1613,0.6584,slower
a.mean() [method] (float16),Reduction,float16,10000000,,19.902,16.1575,available,,not_measured,managed,16.1575,1.23175,faster
a.mean() [method] (float32),Reduction,float32,1000,,0.0032,0.0011,available,,not_measured,managed,0.0011,2.909091,faster
a.mean() [method] (float32),Reduction,float32,100000,,0.0172,0.0055,available,,not_measured,managed,0.0055,3.127273,faster
a.mean() [method] (float32),Reduction,float32,10000000,,10.4496,3.2409,available,,not_measured,managed,3.2409,3.22429,faster
a.mean() [method] (float64),Reduction,float64,1000,,0.002,0.0012,available,,not_measured,managed,0.0012,1.666667,faster
a.mean() [method] (float64),Reduction,float64,100000,,0.0179,0.0087,available,,not_measured,managed,0.0087,2.057471,faster
a.mean() [method] (float64),Reduction,float64,10000000,,18.9833,7.451,available,,not_measured,managed,7.451,2.547752,faster
a.mean() [method] (int16),Reduction,int16,1000,,0.0027,0.0012,available,,not_measured,managed,0.0012,2.25,faster
a.mean() [method] (int16),Reduction,int16,100000,,0.0515,0.0466,available,,not_measured,managed,0.0466,1.10515,faster
a.mean() [method] (int16),Reduction,int16,10000000,,10.1586,4.4159,available,,not_measured,managed,4.4159,2.30046,faster
a.mean() [method] (int32),Reduction,int32,1000,,0.0026,0.0012,available,,not_measured,managed,0.0012,2.166667,faster
a.mean() [method] (int32),Reduction,int32,100000,,0.0392,0.0449,available,,not_measured,managed,0.0449,0.873051,close
a.mean() [method] (int32),Reduction,int32,10000000,,10.1473,5.243,available,,not_measured,managed,5.243,1.9354,faster
a.mean() [method] (int64),Reduction,int64,1000,,0.0024,0.0011,available,,not_measured,managed,0.0011,2.181818,faster
a.mean() [method] (int64),Reduction,int64,100000,,0.0346,0.0089,available,,not_measured,managed,0.0089,3.88764,faster
a.mean() [method] (int64),Reduction,int64,10000000,,14.6328,7.6139,available,,not_measured,managed,7.6139,1.921853,faster
a.mean() [method] (int8),Reduction,int8,1000,,0.0026,0.0011,available,,not_measured,managed,0.0011,2.363636,faster
a.mean() [method] (int8),Reduction,int8,100000,,0.0512,0.0441,available,,not_measured,managed,0.0441,1.160998,faster
a.mean() [method] (int8),Reduction,int8,10000000,,8.5038,4.6594,available,,not_measured,managed,4.6594,1.825085,faster
a.mean() [method] (uint16),Reduction,uint16,1000,,0.0026,0.0011,available,,not_measured,managed,0.0011,2.363636,faster
a.mean() [method] (uint16),Reduction,uint16,100000,,0.0533,0.0397,available,,not_measured,managed,0.0397,1.342569,faster
a.mean() [method] (uint16),Reduction,uint16,10000000,,9.716,4.1746,available,,not_measured,managed,4.1746,2.327409,faster
a.mean() [method] (uint32),Reduction,uint32,1000,,0.0025,0.0011,available,,not_measured,managed,0.0011,2.272727,faster
a.mean() [method] (uint32),Reduction,uint32,100000,,0.0395,0.0399,available,,not_measured,managed,0.0399,0.989975,close
a.mean() [method] (uint32),Reduction,uint32,10000000,,7.8048,5.0884,available,,not_measured,managed,5.0884,1.533842,faster
a.mean() [method] (uint64),Reduction,uint64,1000,,0.0025,0.0012,available,,not_measured,managed,0.0012,2.083333,faster
a.mean() [method] (uint64),Reduction,uint64,100000,,0.0507,0.0092,available,,not_measured,managed,0.0092,5.51087,faster
a.mean() [method] (uint64),Reduction,uint64,10000000,,13.651,7.4433,available,,not_measured,managed,7.4433,1.833998,faster
a.mean() [method] (uint8),Reduction,uint8,1000,,0.0026,0.0011,available,,not_measured,managed,0.0011,2.363636,faster
a.mean() [method] (uint8),Reduction,uint8,100000,,0.052,0.0408,available,,not_measured,managed,0.0408,1.27451,faster
a.mean() [method] (uint8),Reduction,uint8,10000000,,8.5634,3.6912,available,,not_measured,managed,3.6912,2.31995,faster
a.std() [method] (float16),Reduction,float16,1000,,0.0177,0.0045,available,,not_measured,managed,0.0045,3.933333,faster
a.std() [method] (float16),Reduction,float16,100000,,0.8993,0.4004,available,,not_measured,managed,0.4004,2.246004,faster
a.std() [method] (float16),Reduction,float16,10000000,,181.9311,40.6214,available,,not_measured,managed,40.6214,4.478701,faster
a.std() [method] (float32),Reduction,float32,1000,,0.0076,0.001,available,,not_measured,managed,0.001,7.6,faster
a.std() [method] (float32),Reduction,float32,100000,,0.0463,0.02,available,,not_measured,managed,0.02,2.315,faster
a.std() [method] (float32),Reduction,float32,10000000,,44.054,8.9418,available,,not_measured,managed,8.9418,4.926749,faster
a.std() [method] (float64),Reduction,float64,1000,,0.006,0.0014,available,,not_measured,managed,0.0014,4.285714,faster
a.std() [method] (float64),Reduction,float64,100000,,0.0627,0.0391,available,,not_measured,managed,0.0391,1.603581,faster
a.std() [method] (float64),Reduction,float64,10000000,,73.7136,17.9911,available,,not_measured,managed,17.9911,4.097226,faster
a.sum() [method] (complex128),Reduction,complex128,1000,,0.0011,0.0014,available,,not_measured,managed,0.0014,0.785714,slower
a.sum() [method] (complex128),Reduction,complex128,100000,,0.0294,0.0228,available,,not_measured,managed,0.0228,1.289474,faster
a.sum() [method] (complex128),Reduction,complex128,10000000,,20.3648,16.0405,available,,not_measured,managed,16.0405,1.269586,faster
a.sum() [method] (float16),Reduction,float16,1000,,0.0029,0.0014,available,,not_measured,managed,0.0014,2.071429,faster
a.sum() [method] (float16),Reduction,float16,100000,,0.2041,0.0671,available,,not_measured,managed,0.0671,3.041729,faster
a.sum() [method] (float16),Reduction,float16,10000000,,28.184,6.7273,available,,not_measured,managed,6.7273,4.189497,faster
a.sum() [method] (float32),Reduction,float32,1000,,0.001,0.0012,available,,not_measured,managed,0.0012,0.833333,close
a.sum() [method] (float32),Reduction,float32,100000,,0.0146,0.006,available,,not_measured,managed,0.006,2.433333,faster
a.sum() [method] (float32),Reduction,float32,10000000,,12.7641,3.6996,available,,not_measured,managed,3.6996,3.45013,faster
a.sum() [method] (float64),Reduction,float64,1000,,0.001,0.0014,available,,not_measured,managed,0.0014,0.714286,slower
a.sum() [method] (float64),Reduction,float64,100000,,0.016,0.0094,available,,not_measured,managed,0.0094,1.702128,faster
a.sum() [method] (float64),Reduction,float64,10000000,,19.0418,7.6501,available,,not_measured,managed,7.6501,2.489092,faster
a.sum() [method] (int16),Reduction,int16,1000,,0.002,0.0012,available,,not_measured,managed,0.0012,1.666667,faster
a.sum() [method] (int16),Reduction,int16,100000,,0.0321,0.0436,available,,not_measured,managed,0.0436,0.736239,slower
a.sum() [method] (int16),Reduction,int16,10000000,,8.5334,4.8192,available,,not_measured,managed,4.8192,1.770709,faster
a.sum() [method] (int32),Reduction,int32,1000,,0.0015,0.0012,available,,not_measured,managed,0.0012,1.25,faster
a.sum() [method] (int32),Reduction,int32,100000,,0.0333,0.0471,available,,not_measured,managed,0.0471,0.707006,slower
a.sum() [method] (int32),Reduction,int32,10000000,,9.943,5.5929,available,,not_measured,managed,5.5929,1.77779,faster
a.sum() [method] (int64),Reduction,int64,1000,,0.001,0.0014,available,,not_measured,managed,0.0014,0.714286,slower
a.sum() [method] (int64),Reduction,int64,100000,,0.0179,0.0091,available,,not_measured,managed,0.0091,1.967033,faster
a.sum() [method] (int64),Reduction,int64,10000000,,11.4975,7.9808,available,,not_measured,managed,7.9808,1.440645,faster
a.sum() [method] (int8),Reduction,int8,1000,,0.0014,0.0012,available,,not_measured,managed,0.0012,1.166667,faster
a.sum() [method] (int8),Reduction,int8,100000,,0.0334,0.0469,available,,not_measured,managed,0.0469,0.712154,slower
a.sum() [method] (int8),Reduction,int8,10000000,,9.1443,4.6138,available,,not_measured,managed,4.6138,1.981945,faster
a.sum() [method] (uint16),Reduction,uint16,1000,,0.0014,0.0013,available,,not_measured,managed,0.0013,1.076923,faster
a.sum() [method] (uint16),Reduction,uint16,100000,,0.0319,0.0412,available,,not_measured,managed,0.0412,0.774272,slower
a.sum() [method] (uint16),Reduction,uint16,10000000,,9.6737,4.4138,available,,not_measured,managed,4.4138,2.191694,faster
a.sum() [method] (uint32),Reduction,uint32,1000,,0.0014,0.0012,available,,not_measured,managed,0.0012,1.166667,faster
a.sum() [method] (uint32),Reduction,uint32,100000,,0.032,0.0434,available,,not_measured,managed,0.0434,0.737327,slower
a.sum() [method] (uint32),Reduction,uint32,10000000,,8.6198,5.2924,available,,not_measured,managed,5.2924,1.628713,faster
a.sum() [method] (uint64),Reduction,uint64,1000,,0.001,0.0015,available,,not_measured,managed,0.0015,0.666667,slower
a.sum() [method] (uint64),Reduction,uint64,100000,,0.0187,0.0089,available,,not_measured,managed,0.0089,2.101124,faster
a.sum() [method] (uint64),Reduction,uint64,10000000,,9.6857,7.6351,available,,not_measured,managed,7.6351,1.268575,faster
a.sum() [method] (uint8),Reduction,uint8,1000,,0.0015,0.0011,available,,not_measured,managed,0.0011,1.363636,faster
a.sum() [method] (uint8),Reduction,uint8,100000,,0.0337,0.0425,available,,not_measured,managed,0.0425,0.792941,slower
a.sum() [method] (uint8),Reduction,uint8,10000000,,8.3988,3.7468,available,,not_measured,managed,3.7468,2.241593,faster
a.var() [method] (float16),Reduction,float16,1000,,0.0172,0.0045,available,,not_measured,managed,0.0045,3.822222,faster
a.var() [method] (float16),Reduction,float16,100000,,0.8859,0.3923,available,,not_measured,managed,0.3923,2.258221,faster
a.var() [method] (float16),Reduction,float16,10000000,,185.5803,38.1121,available,,not_measured,managed,38.1121,4.869328,faster
a.var() [method] (float32),Reduction,float32,1000,,0.0071,0.0012,available,,not_measured,managed,0.0012,5.916667,faster
a.var() [method] (float32),Reduction,float32,100000,,0.0452,0.0192,available,,not_measured,managed,0.0192,2.354167,faster
a.var() [method] (float32),Reduction,float32,10000000,,34.7972,9.0338,available,,not_measured,managed,9.0338,3.85189,faster
a.var() [method] (float64),Reduction,float64,1000,,0.0056,0.0019,available,,not_measured,managed,0.0019,2.947368,faster
a.var() [method] (float64),Reduction,float64,100000,,0.0612,0.0367,available,,not_measured,managed,0.0367,1.667575,faster
a.var() [method] (float64),Reduction,float64,10000000,,71.7929,17.9969,available,,not_measured,managed,17.9969,3.989181,faster
np.amax (complex128),Reduction,complex128,1000,,0.0031,0.0023,available,,not_measured,managed,0.0023,1.347826,faster
np.amax (complex128),Reduction,complex128,100000,,0.1551,0.1459,available,,not_measured,managed,0.1459,1.063057,faster
np.amax (complex128),Reduction,complex128,10000000,,24.4557,19.3953,available,,not_measured,managed,19.3953,1.260909,faster
np.amax (float16),Reduction,float16,1000,,0.0037,0.0022,available,,not_measured,managed,0.0022,1.681818,faster
np.amax (float16),Reduction,float16,100000,,0.5018,0.4411,available,,not_measured,managed,0.4411,1.137611,faster
np.amax (float16),Reduction,float16,10000000,,76.6343,46.3431,available,,not_measured,managed,46.3431,1.653629,faster
np.amax (float32),Reduction,float32,1000,,0.0016,0.0012,available,,not_measured,managed,0.0012,1.333333,faster
np.amax (float32),Reduction,float32,100000,,0.0063,0.0087,available,,not_measured,managed,0.0087,0.724138,slower
np.amax (float32),Reduction,float32,10000000,,4.4529,3.8165,available,,not_measured,managed,3.8165,1.16675,faster
np.amax (float64),Reduction,float64,1000,,0.0017,0.0013,available,,not_measured,managed,0.0013,1.307692,faster
np.amax (float64),Reduction,float64,100000,,0.0107,0.0169,available,,not_measured,managed,0.0169,0.633136,slower
np.amax (float64),Reduction,float64,10000000,,8.9949,8.1764,available,,not_measured,managed,8.1764,1.100105,faster
np.amax (int16),Reduction,int16,1000,,0.0016,0.0011,available,,not_measured,managed,0.0011,1.454545,faster
np.amax (int16),Reduction,int16,100000,,0.003,0.0028,available,,not_measured,managed,0.0028,1.071429,faster
np.amax (int16),Reduction,int16,10000000,,0.6948,0.6553,available,,not_measured,managed,0.6553,1.060278,faster
np.amax (int32),Reduction,int32,1000,,0.0016,0.0008,available,,not_measured,managed,0.0008,2.0,negligible
np.amax (int32),Reduction,int32,100000,,0.0043,0.0043,available,,not_measured,managed,0.0043,1.0,close
np.amax (int32),Reduction,int32,10000000,,3.8673,3.3807,available,,not_measured,managed,3.3807,1.143935,faster
np.amax (int64),Reduction,int64,1000,,0.0017,0.0015,available,,not_measured,managed,0.0015,1.133333,faster
np.amax (int64),Reduction,int64,100000,,0.0089,0.0272,available,,not_measured,managed,0.0272,0.327206,much_slower
np.amax (int64),Reduction,int64,10000000,,9.803,8.6767,available,,not_measured,managed,8.6767,1.129807,faster
np.amax (int8),Reduction,int8,1000,,0.0016,0.001,available,,not_measured,managed,0.001,1.6,faster
np.amax (int8),Reduction,int8,100000,,0.0023,0.0019,available,,not_measured,managed,0.0019,1.210526,faster
np.amax (int8),Reduction,int8,10000000,,0.2558,0.2321,available,,not_measured,managed,0.2321,1.102111,faster
np.amax (uint16),Reduction,uint16,1000,,0.0016,0.001,available,,not_measured,managed,0.001,1.6,faster
np.amax (uint16),Reduction,uint16,100000,,0.003,0.0029,available,,not_measured,managed,0.0029,1.034483,close
np.amax (uint16),Reduction,uint16,10000000,,0.2912,0.6733,available,,not_measured,managed,0.6733,0.432497,slower
np.amax (uint32),Reduction,uint32,1000,,0.0016,0.0012,available,,not_measured,managed,0.0012,1.333333,faster
np.amax (uint32),Reduction,uint32,100000,,0.0042,0.0044,available,,not_measured,managed,0.0044,0.954545,close
np.amax (uint32),Reduction,uint32,10000000,,3.9537,3.3142,available,,not_measured,managed,3.3142,1.192958,faster
np.amax (uint64),Reduction,uint64,1000,,0.0017,0.0011,available,,not_measured,managed,0.0011,1.545455,faster
np.amax (uint64),Reduction,uint64,100000,,0.012,0.0367,available,,not_measured,managed,0.0367,0.326975,much_slower
np.amax (uint64),Reduction,uint64,10000000,,12.2189,8.5682,available,,not_measured,managed,8.5682,1.426075,faster
np.amax (uint8),Reduction,uint8,1000,,0.0017,0.0011,available,,not_measured,managed,0.0011,1.545455,faster
np.amax (uint8),Reduction,uint8,100000,,0.0023,0.002,available,,not_measured,managed,0.002,1.15,faster
np.amax (uint8),Reduction,uint8,10000000,,0.2868,0.2313,available,,not_measured,managed,0.2313,1.239948,faster
np.amax axis=0 (complex128),Reduction,complex128,1000,,0.0029,0.0044,available,,not_measured,managed,0.0044,0.659091,slower
np.amax axis=0 (complex128),Reduction,complex128,100000,,0.1443,0.1897,available,,not_measured,managed,0.1897,0.760675,slower
np.amax axis=0 (complex128),Reduction,complex128,10000000,,21.6567,21.435,available,,not_measured,managed,21.435,1.010343,close
np.amax axis=0 (float16),Reduction,float16,1000,,0.0039,0.0035,available,,not_measured,managed,0.0035,1.114286,faster
np.amax axis=0 (float16),Reduction,float16,100000,,0.4972,0.6599,available,,not_measured,managed,0.6599,0.753447,slower
np.amax axis=0 (float16),Reduction,float16,10000000,,81.7039,137.8232,available,,not_measured,managed,137.8232,0.592817,slower
np.amax axis=0 (float32),Reduction,float32,1000,,0.002,0.001,available,,not_measured,managed,0.001,2.0,faster
np.amax axis=0 (float32),Reduction,float32,100000,,0.0108,0.0276,available,,not_measured,managed,0.0276,0.391304,slower
np.amax axis=0 (float32),Reduction,float32,10000000,,4.4243,4.3235,available,,not_measured,managed,4.3235,1.023314,close
np.amax axis=0 (float64),Reduction,float64,1000,,0.002,0.0014,available,,not_measured,managed,0.0014,1.428571,faster
np.amax axis=0 (float64),Reduction,float64,100000,,0.0154,0.0549,available,,not_measured,managed,0.0549,0.28051,much_slower
np.amax axis=0 (float64),Reduction,float64,10000000,,10.5838,8.6485,available,,not_measured,managed,8.6485,1.223773,faster
np.amax axis=0 (int16),Reduction,int16,1000,,0.0019,0.0013,available,,not_measured,managed,0.0013,1.461538,faster
np.amax axis=0 (int16),Reduction,int16,100000,,0.0068,0.0073,available,,not_measured,managed,0.0073,0.931507,close
np.amax axis=0 (int16),Reduction,int16,10000000,,1.3116,0.7794,available,,not_measured,managed,0.7794,1.682833,faster
np.amax axis=0 (int32),Reduction,int32,1000,,0.0019,0.0013,available,,not_measured,managed,0.0013,1.461538,faster
np.amax axis=0 (int32),Reduction,int32,100000,,0.011,0.0104,available,,not_measured,managed,0.0104,1.057692,faster
np.amax axis=0 (int32),Reduction,int32,10000000,,4.2998,3.9053,available,,not_measured,managed,3.9053,1.101017,faster
np.amax axis=0 (int64),Reduction,int64,1000,,0.002,0.0012,available,,not_measured,managed,0.0012,1.666667,faster
np.amax axis=0 (int64),Reduction,int64,100000,,0.014,0.0286,available,,not_measured,managed,0.0286,0.48951,slower
np.amax axis=0 (int64),Reduction,int64,10000000,,11.0677,8.6821,available,,not_measured,managed,8.6821,1.274772,faster
np.amax axis=0 (int8),Reduction,int8,1000,,0.0019,0.0012,available,,not_measured,managed,0.0012,1.583333,faster
np.amax axis=0 (int8),Reduction,int8,100000,,0.0077,0.0078,available,,not_measured,managed,0.0078,0.987179,close
np.amax axis=0 (int8),Reduction,int8,10000000,,0.3941,0.3401,available,,not_measured,managed,0.3401,1.158777,faster
np.amax axis=0 (uint16),Reduction,uint16,1000,,0.0019,0.0013,available,,not_measured,managed,0.0013,1.461538,faster
np.amax axis=0 (uint16),Reduction,uint16,100000,,0.0073,0.007,available,,not_measured,managed,0.007,1.042857,close
np.amax axis=0 (uint16),Reduction,uint16,10000000,,0.8391,0.7641,available,,not_measured,managed,0.7641,1.098155,faster
np.amax axis=0 (uint32),Reduction,uint32,1000,,0.002,0.0013,available,,not_measured,managed,0.0013,1.538462,faster
np.amax axis=0 (uint32),Reduction,uint32,100000,,0.011,0.0104,available,,not_measured,managed,0.0104,1.057692,faster
np.amax axis=0 (uint32),Reduction,uint32,10000000,,4.4725,3.7564,available,,not_measured,managed,3.7564,1.190635,faster
np.amax axis=0 (uint64),Reduction,uint64,1000,,0.0021,0.0016,available,,not_measured,managed,0.0016,1.3125,faster
np.amax axis=0 (uint64),Reduction,uint64,100000,,0.0164,0.037,available,,not_measured,managed,0.037,0.443243,slower
np.amax axis=0 (uint64),Reduction,uint64,10000000,,10.2078,8.6624,available,,not_measured,managed,8.6624,1.178403,faster
np.amax axis=0 (uint8),Reduction,uint8,1000,,0.0019,0.0013,available,,not_measured,managed,0.0013,1.461538,faster
np.amax axis=0 (uint8),Reduction,uint8,100000,,0.008,0.0075,available,,not_measured,managed,0.0075,1.066667,faster
np.amax axis=0 (uint8),Reduction,uint8,10000000,,0.4029,0.3251,available,,not_measured,managed,0.3251,1.239311,faster
np.amin (complex128),Reduction,complex128,1000,,0.003,0.0023,available,,not_measured,managed,0.0023,1.304348,faster
np.amin (complex128),Reduction,complex128,100000,,0.1566,0.1452,available,,not_measured,managed,0.1452,1.078512,faster
np.amin (complex128),Reduction,complex128,10000000,,26.1843,23.3065,available,,not_measured,managed,23.3065,1.123476,faster
np.amin (float16),Reduction,float16,1000,,0.004,0.0023,available,,not_measured,managed,0.0023,1.73913,faster
np.amin (float16),Reduction,float16,100000,,0.5271,0.408,available,,not_measured,managed,0.408,1.291912,faster
np.amin (float16),Reduction,float16,10000000,,76.1639,43.139,available,,not_measured,managed,43.139,1.765546,faster
np.amin (float32),Reduction,float32,1000,,0.0016,0.0012,available,,not_measured,managed,0.0012,1.333333,faster
np.amin (float32),Reduction,float32,100000,,0.006,0.009,available,,not_measured,managed,0.009,0.666667,slower
np.amin (float32),Reduction,float32,10000000,,5.3441,3.9518,available,,not_measured,managed,3.9518,1.35232,faster
np.amin (float64),Reduction,float64,1000,,0.0016,0.0012,available,,not_measured,managed,0.0012,1.333333,faster
np.amin (float64),Reduction,float64,100000,,0.0106,0.0175,available,,not_measured,managed,0.0175,0.605714,slower
np.amin (float64),Reduction,float64,10000000,,9.4367,8.7899,available,,not_measured,managed,8.7899,1.073584,faster
np.amin (int16),Reduction,int16,1000,,0.0016,0.0012,available,,not_measured,managed,0.0012,1.333333,faster
np.amin (int16),Reduction,int16,100000,,0.0035,0.0028,available,,not_measured,managed,0.0028,1.25,faster
np.amin (int16),Reduction,int16,10000000,,0.6975,0.7167,available,,not_measured,managed,0.7167,0.973211,close
np.amin (int32),Reduction,int32,1000,,0.0016,0.0011,available,,not_measured,managed,0.0011,1.454545,faster
np.amin (int32),Reduction,int32,100000,,0.0043,0.0044,available,,not_measured,managed,0.0044,0.977273,close
np.amin (int32),Reduction,int32,10000000,,2.491,3.5229,available,,not_measured,managed,3.5229,0.707088,slower
np.amin (int64),Reduction,int64,1000,,0.0019,0.0015,available,,not_measured,managed,0.0015,1.266667,faster
np.amin (int64),Reduction,int64,100000,,0.0095,0.0271,available,,not_measured,managed,0.0271,0.350554,slower
np.amin (int64),Reduction,int64,10000000,,9.5818,8.11,available,,not_measured,managed,8.11,1.18148,faster
np.amin (int8),Reduction,int8,1000,,0.0016,0.0011,available,,not_measured,managed,0.0011,1.454545,faster
np.amin (int8),Reduction,int8,100000,,0.0027,0.0019,available,,not_measured,managed,0.0019,1.421053,faster
np.amin (int8),Reduction,int8,10000000,,0.2574,0.2474,available,,not_measured,managed,0.2474,1.04042,close
np.amin (uint16),Reduction,uint16,1000,,0.0016,0.0011,available,,not_measured,managed,0.0011,1.454545,faster
np.amin (uint16),Reduction,uint16,100000,,0.0035,0.003,available,,not_measured,managed,0.003,1.166667,faster
np.amin (uint16),Reduction,uint16,10000000,,0.7948,0.7243,available,,not_measured,managed,0.7243,1.097335,faster
np.amin (uint32),Reduction,uint32,1000,,0.0016,0.0011,available,,not_measured,managed,0.0011,1.454545,faster
np.amin (uint32),Reduction,uint32,100000,,0.0045,0.0044,available,,not_measured,managed,0.0044,1.022727,close
np.amin (uint32),Reduction,uint32,10000000,,0.9723,3.3603,available,,not_measured,managed,3.3603,0.289349,much_slower
np.amin (uint64),Reduction,uint64,1000,,0.0019,0.0011,available,,not_measured,managed,0.0011,1.727273,faster
np.amin (uint64),Reduction,uint64,100000,,0.012,0.0379,available,,not_measured,managed,0.0379,0.316623,much_slower
np.amin (uint64),Reduction,uint64,10000000,,8.6247,8.1311,available,,not_measured,managed,8.1311,1.060705,faster
np.amin (uint8),Reduction,uint8,1000,,0.0016,0.0011,available,,not_measured,managed,0.0011,1.454545,faster
np.amin (uint8),Reduction,uint8,100000,,0.0027,0.002,available,,not_measured,managed,0.002,1.35,faster
np.amin (uint8),Reduction,uint8,10000000,,0.2782,0.2335,available,,not_measured,managed,0.2335,1.191435,faster
np.amin axis=0 (complex128),Reduction,complex128,1000,,0.003,0.0045,available,,not_measured,managed,0.0045,0.666667,slower
np.amin axis=0 (complex128),Reduction,complex128,100000,,0.1409,0.224,available,,not_measured,managed,0.224,0.629018,slower
np.amin axis=0 (complex128),Reduction,complex128,10000000,,23.4114,26.3954,available,,not_measured,managed,26.3954,0.88695,close
np.amin axis=0 (float16),Reduction,float16,1000,,0.004,0.0036,available,,not_measured,managed,0.0036,1.111111,faster
np.amin axis=0 (float16),Reduction,float16,100000,,0.4719,0.6658,available,,not_measured,managed,0.6658,0.708771,slower
np.amin axis=0 (float16),Reduction,float16,10000000,,77.9398,142.182,available,,not_measured,managed,142.182,0.548169,slower
np.amin axis=0 (float32),Reduction,float32,1000,,0.002,0.0011,available,,not_measured,managed,0.0011,1.818182,faster
np.amin axis=0 (float32),Reduction,float32,100000,,0.011,0.0276,available,,not_measured,managed,0.0276,0.398551,slower
np.amin axis=0 (float32),Reduction,float32,10000000,,4.3181,4.423,available,,not_measured,managed,4.423,0.976283,close
np.amin axis=0 (float64),Reduction,float64,1000,,0.002,0.0014,available,,not_measured,managed,0.0014,1.428571,faster
np.amin axis=0 (float64),Reduction,float64,100000,,0.0149,0.0558,available,,not_measured,managed,0.0558,0.267025,much_slower
np.amin axis=0 (float64),Reduction,float64,10000000,,10.8595,9.1703,available,,not_measured,managed,9.1703,1.184203,faster
np.amin axis=0 (int16),Reduction,int16,1000,,0.0019,0.0012,available,,not_measured,managed,0.0012,1.583333,faster
np.amin axis=0 (int16),Reduction,int16,100000,,0.0071,0.0072,available,,not_measured,managed,0.0072,0.986111,close
np.amin axis=0 (int16),Reduction,int16,10000000,,0.9667,0.8187,available,,not_measured,managed,0.8187,1.180774,faster
np.amin axis=0 (int32),Reduction,int32,1000,,0.0019,0.0014,available,,not_measured,managed,0.0014,1.357143,faster
np.amin axis=0 (int32),Reduction,int32,100000,,0.011,0.0102,available,,not_measured,managed,0.0102,1.078431,faster
np.amin axis=0 (int32),Reduction,int32,10000000,,4.345,5.0503,available,,not_measured,managed,5.0503,0.860345,close
np.amin axis=0 (int64),Reduction,int64,1000,,0.002,0.0012,available,,not_measured,managed,0.0012,1.666667,faster
np.amin axis=0 (int64),Reduction,int64,100000,,0.0149,0.0286,available,,not_measured,managed,0.0286,0.520979,slower
np.amin axis=0 (int64),Reduction,int64,10000000,,8.7148,8.874,available,,not_measured,managed,8.874,0.98206,close
np.amin axis=0 (int8),Reduction,int8,1000,,0.0019,0.0013,available,,not_measured,managed,0.0013,1.461538,faster
np.amin axis=0 (int8),Reduction,int8,100000,,0.007,0.0079,available,,not_measured,managed,0.0079,0.886076,close
np.amin axis=0 (int8),Reduction,int8,10000000,,0.401,0.3634,available,,not_measured,managed,0.3634,1.103467,faster
np.amin axis=0 (uint16),Reduction,uint16,1000,,0.0019,0.0013,available,,not_measured,managed,0.0013,1.461538,faster
np.amin axis=0 (uint16),Reduction,uint16,100000,,0.0072,0.0072,available,,not_measured,managed,0.0072,1.0,close
np.amin axis=0 (uint16),Reduction,uint16,10000000,,0.8786,1.6855,available,,not_measured,managed,1.6855,0.52127,slower
np.amin axis=0 (uint32),Reduction,uint32,1000,,0.0019,0.0013,available,,not_measured,managed,0.0013,1.461538,faster
np.amin axis=0 (uint32),Reduction,uint32,100000,,0.011,0.0105,available,,not_measured,managed,0.0105,1.047619,close
np.amin axis=0 (uint32),Reduction,uint32,10000000,,5.3923,4.0702,available,,not_measured,managed,4.0702,1.324824,faster
np.amin axis=0 (uint64),Reduction,uint64,1000,,0.002,0.0013,available,,not_measured,managed,0.0013,1.538462,faster
np.amin axis=0 (uint64),Reduction,uint64,100000,,0.0161,0.0373,available,,not_measured,managed,0.0373,0.431635,slower
np.amin axis=0 (uint64),Reduction,uint64,10000000,,11.3343,10.0507,available,,not_measured,managed,10.0507,1.127712,faster
np.amin axis=0 (uint8),Reduction,uint8,1000,,0.0019,0.0013,available,,not_measured,managed,0.0013,1.461538,faster
np.amin axis=0 (uint8),Reduction,uint8,100000,,0.0068,0.0079,available,,not_measured,managed,0.0079,0.860759,close
np.amin axis=0 (uint8),Reduction,uint8,10000000,,0.4025,0.3259,available,,not_measured,managed,0.3259,1.235041,faster
np.argmax (complex128),Reduction,complex128,1000,,0.0019,0.0022,available,,not_measured,managed,0.0022,0.863636,close
np.argmax (complex128),Reduction,complex128,100000,,0.1161,0.1473,available,,not_measured,managed,0.1473,0.788187,slower
np.argmax (complex128),Reduction,complex128,10000000,,22.6886,19.165,available,,not_measured,managed,19.165,1.183856,faster
np.argmax (float16),Reduction,float16,1000,,0.0031,0.0029,available,,not_measured,managed,0.0029,1.068966,faster
np.argmax (float16),Reduction,float16,100000,,0.4328,0.218,available,,not_measured,managed,0.218,1.985321,faster
np.argmax (float16),Reduction,float16,10000000,,72.0277,21.4268,available,,not_measured,managed,21.4268,3.361571,faster
np.argmax (float32),Reduction,float32,1000,,0.0009,0.0013,available,,not_measured,managed,0.0013,0.692308,negligible
np.argmax (float32),Reduction,float32,100000,,0.009,0.0587,available,,not_measured,managed,0.0587,0.153322,much_slower
np.argmax (float32),Reduction,float32,10000000,,5.0318,6.733,available,,not_measured,managed,6.733,0.747334,slower
np.argmax (float64),Reduction,float64,1000,,0.001,0.0013,available,,not_measured,managed,0.0013,0.769231,slower
np.argmax (float64),Reduction,float64,100000,,0.0173,0.0584,available,,not_measured,managed,0.0584,0.296233,much_slower
np.argmax (float64),Reduction,float64,10000000,,10.1955,8.9012,available,,not_measured,managed,8.9012,1.145407,faster
np.argmax (int16),Reduction,int16,1000,,0.001,0.0011,available,,not_measured,managed,0.0011,0.909091,close
np.argmax (int16),Reduction,int16,100000,,0.0038,0.0032,available,,not_measured,managed,0.0032,1.1875,faster
np.argmax (int16),Reduction,int16,10000000,,1.3535,0.7236,available,,not_measured,managed,0.7236,1.870509,faster
np.argmax (int32),Reduction,int32,1000,,0.0009,0.0011,available,,not_measured,managed,0.0011,0.818182,negligible
np.argmax (int32),Reduction,int32,100000,,0.0063,0.0057,available,,not_measured,managed,0.0057,1.105263,faster
np.argmax (int32),Reduction,int32,10000000,,4.7974,3.644,available,,not_measured,managed,3.644,1.31652,faster
np.argmax (int64),Reduction,int64,1000,,0.001,0.0012,available,,not_measured,managed,0.0012,0.833333,close
np.argmax (int64),Reduction,int64,100000,,0.0141,0.0529,available,,not_measured,managed,0.0529,0.266541,much_slower
np.argmax (int64),Reduction,int64,10000000,,10.985,8.3276,available,,not_measured,managed,8.3276,1.319108,faster
np.argmax (int8),Reduction,int8,1000,,0.001,0.0012,available,,not_measured,managed,0.0012,0.833333,close
np.argmax (int8),Reduction,int8,100000,,0.0024,0.0023,available,,not_measured,managed,0.0023,1.043478,close
np.argmax (int8),Reduction,int8,10000000,,0.5943,0.2447,available,,not_measured,managed,0.2447,2.428688,faster
np.argmax (uint16),Reduction,uint16,1000,,0.001,0.001,available,,not_measured,managed,0.001,1.0,close
np.argmax (uint16),Reduction,uint16,100000,,0.005,0.0033,available,,not_measured,managed,0.0033,1.515152,faster
np.argmax (uint16),Reduction,uint16,10000000,,2.1934,0.7659,available,,not_measured,managed,0.7659,2.86382,faster
np.argmax (uint32),Reduction,uint32,1000,,0.0009,0.0011,available,,not_measured,managed,0.0011,0.818182,negligible
np.argmax (uint32),Reduction,uint32,100000,,0.0088,0.0058,available,,not_measured,managed,0.0058,1.517241,faster
np.argmax (uint32),Reduction,uint32,10000000,,5.1533,3.576,available,,not_measured,managed,3.576,1.441079,faster
np.argmax (uint64),Reduction,uint64,1000,,0.001,0.0016,available,,not_measured,managed,0.0016,0.625,slower
np.argmax (uint64),Reduction,uint64,100000,,0.017,0.0608,available,,not_measured,managed,0.0608,0.279605,much_slower
np.argmax (uint64),Reduction,uint64,10000000,,11.9933,8.731,available,,not_measured,managed,8.731,1.373646,faster
np.argmax (uint8),Reduction,uint8,1000,,0.001,0.0015,available,,not_measured,managed,0.0015,0.666667,slower
np.argmax (uint8),Reduction,uint8,100000,,0.003,0.0023,available,,not_measured,managed,0.0023,1.304348,faster
np.argmax (uint8),Reduction,uint8,10000000,,0.9466,0.2388,available,,not_measured,managed,0.2388,3.963987,faster
np.argmin (complex128),Reduction,complex128,1000,,0.0019,0.0022,available,,not_measured,managed,0.0022,0.863636,close
np.argmin (complex128),Reduction,complex128,100000,,0.1145,0.1457,available,,not_measured,managed,0.1457,0.785861,slower
np.argmin (complex128),Reduction,complex128,10000000,,22.0042,19.3506,available,,not_measured,managed,19.3506,1.137133,faster
np.argmin (float16),Reduction,float16,1000,,0.0029,0.0029,available,,not_measured,managed,0.0029,1.0,close
np.argmin (float16),Reduction,float16,100000,,0.4091,0.2176,available,,not_measured,managed,0.2176,1.880055,faster
np.argmin (float16),Reduction,float16,10000000,,69.3212,21.5659,available,,not_measured,managed,21.5659,3.214389,faster
np.argmin (float32),Reduction,float32,1000,,0.0009,0.0013,available,,not_measured,managed,0.0013,0.692308,negligible
np.argmin (float32),Reduction,float32,100000,,0.0089,0.058,available,,not_measured,managed,0.058,0.153448,much_slower
np.argmin (float32),Reduction,float32,10000000,,4.9682,6.566,available,,not_measured,managed,6.566,0.756655,slower
np.argmin (float64),Reduction,float64,1000,,0.001,0.0013,available,,not_measured,managed,0.0013,0.769231,slower
np.argmin (float64),Reduction,float64,100000,,0.0173,0.0586,available,,not_measured,managed,0.0586,0.295222,much_slower
np.argmin (float64),Reduction,float64,10000000,,10.1294,8.907,available,,not_measured,managed,8.907,1.13724,faster
np.argmin (int16),Reduction,int16,1000,,0.0009,0.0011,available,,not_measured,managed,0.0011,0.818182,negligible
np.argmin (int16),Reduction,int16,100000,,0.0035,0.0031,available,,not_measured,managed,0.0031,1.129032,faster
np.argmin (int16),Reduction,int16,10000000,,1.3088,0.7434,available,,not_measured,managed,0.7434,1.76056,faster
np.argmin (int32),Reduction,int32,1000,,0.0008,0.0011,available,,not_measured,managed,0.0011,0.727273,negligible
np.argmin (int32),Reduction,int32,100000,,0.0057,0.0056,available,,not_measured,managed,0.0056,1.017857,close
np.argmin (int32),Reduction,int32,10000000,,4.6876,3.656,available,,not_measured,managed,3.656,1.282166,faster
np.argmin (int64),Reduction,int64,1000,,0.0009,0.0037,available,,not_measured,managed,0.0037,0.243243,negligible
np.argmin (int64),Reduction,int64,100000,,0.014,0.0517,available,,not_measured,managed,0.0517,0.270793,much_slower
np.argmin (int64),Reduction,int64,10000000,,10.9886,8.5333,available,,not_measured,managed,8.5333,1.287732,faster
np.argmin (int8),Reduction,int8,1000,,0.0009,0.0012,available,,not_measured,managed,0.0012,0.75,negligible
np.argmin (int8),Reduction,int8,100000,,0.0023,0.0023,available,,not_measured,managed,0.0023,1.0,close
np.argmin (int8),Reduction,int8,10000000,,0.5733,0.2476,available,,not_measured,managed,0.2476,2.315428,faster
np.argmin (uint16),Reduction,uint16,1000,,0.0009,0.0011,available,,not_measured,managed,0.0011,0.818182,negligible
np.argmin (uint16),Reduction,uint16,100000,,0.005,0.0031,available,,not_measured,managed,0.0031,1.612903,faster
np.argmin (uint16),Reduction,uint16,10000000,,2.3841,0.7371,available,,not_measured,managed,0.7371,3.234432,faster
np.argmin (uint32),Reduction,uint32,1000,,0.0009,0.0011,available,,not_measured,managed,0.0011,0.818182,negligible
np.argmin (uint32),Reduction,uint32,100000,,0.0088,0.0055,available,,not_measured,managed,0.0055,1.6,faster
np.argmin (uint32),Reduction,uint32,10000000,,5.0755,3.5349,available,,not_measured,managed,3.5349,1.435826,faster
np.argmin (uint64),Reduction,uint64,1000,,0.001,0.0013,available,,not_measured,managed,0.0013,0.769231,slower
np.argmin (uint64),Reduction,uint64,100000,,0.017,0.0591,available,,not_measured,managed,0.0591,0.287648,much_slower
np.argmin (uint64),Reduction,uint64,10000000,,10.3455,8.8719,available,,not_measured,managed,8.8719,1.166097,faster
np.argmin (uint8),Reduction,uint8,1000,,0.0009,0.0011,available,,not_measured,managed,0.0011,0.818182,negligible
np.argmin (uint8),Reduction,uint8,100000,,0.003,0.0023,available,,not_measured,managed,0.0023,1.304348,faster
np.argmin (uint8),Reduction,uint8,10000000,,0.95,0.2524,available,,not_measured,managed,0.2524,3.763867,faster
np.cumprod(a) (float16),Reduction,float16,1000,,0.0152,0.0167,available,,not_measured,managed,0.0167,0.91018,close
np.cumprod(a) (float16),Reduction,float16,100000,,0.3807,1.6204,available,,not_measured,managed,1.6204,0.234942,much_slower
np.cumprod(a) (float16),Reduction,float16,10000000,,93.668,163.1712,available,,not_measured,managed,163.1712,0.574047,slower
np.cumprod(a) (float32),Reduction,float32,1000,,0.0192,0.0497,available,,not_measured,managed,0.0497,0.386318,slower
np.cumprod(a) (float32),Reduction,float32,100000,,2.4449,6.7023,available,,not_measured,managed,6.7023,0.364785,slower
np.cumprod(a) (float32),Reduction,float32,10000000,,798.7023,657.5351,available,,not_measured,managed,657.5351,1.214692,faster
np.cumprod(a) (float64),Reduction,float64,1000,,0.0029,0.0072,available,,not_measured,managed,0.0072,0.402778,slower
np.cumprod(a) (float64),Reduction,float64,100000,,7.3176,6.3835,available,,not_measured,managed,6.3835,1.14633,faster
np.cumprod(a) (float64),Reduction,float64,10000000,,785.4826,670.6892,available,,not_measured,managed,670.6892,1.171157,faster
np.cumsum (complex128),Reduction,complex128,1000,,0.0031,0.0038,available,,not_measured,managed,0.0038,0.815789,close
np.cumsum (complex128),Reduction,complex128,100000,,0.3442,0.3263,available,,not_measured,managed,0.3263,1.054857,faster
np.cumsum (complex128),Reduction,complex128,10000000,,65.1769,41.96,available,,not_measured,managed,41.96,1.55331,faster
np.cumsum (float16),Reduction,float16,1000,,0.006,0.0172,available,,not_measured,managed,0.0172,0.348837,slower
np.cumsum (float16),Reduction,float16,100000,,0.4658,1.6813,available,,not_measured,managed,1.6813,0.277048,much_slower
np.cumsum (float16),Reduction,float16,10000000,,97.7797,165.66,available,,not_measured,managed,165.66,0.590243,slower
np.cumsum (float32),Reduction,float32,1000,,0.0028,0.0018,available,,not_measured,managed,0.0018,1.555556,faster
np.cumsum (float32),Reduction,float32,100000,,0.159,0.1206,available,,not_measured,managed,0.1206,1.318408,faster
np.cumsum (float32),Reduction,float32,10000000,,34.4149,11.4729,available,,not_measured,managed,11.4729,2.999669,faster
np.cumsum (float64),Reduction,float64,1000,,0.0028,0.0037,available,,not_measured,managed,0.0037,0.756757,slower
np.cumsum (float64),Reduction,float64,100000,,0.1653,0.2115,available,,not_measured,managed,0.2115,0.78156,slower
np.cumsum (float64),Reduction,float64,10000000,,48.2314,21.6011,available,,not_measured,managed,21.6011,2.232821,faster
np.cumsum (int16),Reduction,int16,1000,,0.0025,0.0023,available,,not_measured,managed,0.0023,1.086957,faster
np.cumsum (int16),Reduction,int16,100000,,0.3262,0.2162,available,,not_measured,managed,0.2162,1.508788,faster
np.cumsum (int16),Reduction,int16,10000000,,49.2768,15.1643,available,,not_measured,managed,15.1643,3.249527,faster
np.cumsum (int32),Reduction,int32,1000,,0.0026,0.0022,available,,not_measured,managed,0.0022,1.181818,faster
np.cumsum (int32),Reduction,int32,100000,,0.3336,0.1882,available,,not_measured,managed,0.1882,1.772582,faster
np.cumsum (int32),Reduction,int32,10000000,,51.4926,19.052,available,,not_measured,managed,19.052,2.70274,faster
np.cumsum (int64),Reduction,int64,1000,,0.0017,0.0021,available,,not_measured,managed,0.0021,0.809524,close
np.cumsum (int64),Reduction,int64,100000,,0.0299,0.1709,available,,not_measured,managed,0.1709,0.174956,much_slower
np.cumsum (int64),Reduction,int64,10000000,,34.7759,21.7224,available,,not_measured,managed,21.7224,1.600923,faster
np.cumsum (int8),Reduction,int8,1000,,0.0025,0.0031,available,,not_measured,managed,0.0031,0.806452,close
np.cumsum (int8),Reduction,int8,100000,,0.3275,0.248,available,,not_measured,managed,0.248,1.320565,faster
np.cumsum (int8),Reduction,int8,10000000,,47.7409,14.4197,available,,not_measured,managed,14.4197,3.310811,faster
np.cumsum (uint16),Reduction,uint16,1000,,0.0027,0.0021,available,,not_measured,managed,0.0021,1.285714,faster
np.cumsum (uint16),Reduction,uint16,100000,,0.3476,0.2124,available,,not_measured,managed,0.2124,1.636535,faster
np.cumsum (uint16),Reduction,uint16,10000000,,51.9949,15.9418,available,,not_measured,managed,15.9418,3.261545,faster
np.cumsum (uint32),Reduction,uint32,1000,,0.0024,0.0021,available,,not_measured,managed,0.0021,1.142857,faster
np.cumsum (uint32),Reduction,uint32,100000,,0.3259,0.1951,available,,not_measured,managed,0.1951,1.670425,faster
np.cumsum (uint32),Reduction,uint32,10000000,,51.3796,17.0458,available,,not_measured,managed,17.0458,3.014209,faster
np.cumsum (uint64),Reduction,uint64,1000,,0.0017,0.0021,available,,not_measured,managed,0.0021,0.809524,close
np.cumsum (uint64),Reduction,uint64,100000,,0.0297,0.1667,available,,not_measured,managed,0.1667,0.178164,much_slower
np.cumsum (uint64),Reduction,uint64,10000000,,28.683,21.0507,available,,not_measured,managed,21.0507,1.362568,faster
np.cumsum (uint8),Reduction,uint8,1000,,0.0025,0.0027,available,,not_measured,managed,0.0027,0.925926,close
np.cumsum (uint8),Reduction,uint8,100000,,0.3281,0.2112,available,,not_measured,managed,0.2112,1.553504,faster
np.cumsum (uint8),Reduction,uint8,10000000,,44.2707,14.7416,available,,not_measured,managed,14.7416,3.003114,faster
np.max (complex128),Reduction,complex128,1000,,0.0031,0.0023,available,,not_measured,managed,0.0023,1.347826,faster
np.max (complex128),Reduction,complex128,100000,,0.151,0.1462,available,,not_measured,managed,0.1462,1.032832,close
np.max (complex128),Reduction,complex128,10000000,,24.6723,19.4857,available,,not_measured,managed,19.4857,1.266175,faster
np.max (float16),Reduction,float16,1000,,0.0036,0.0023,available,,not_measured,managed,0.0023,1.565217,faster
np.max (float16),Reduction,float16,100000,,0.5011,0.4377,available,,not_measured,managed,0.4377,1.144848,faster
np.max (float16),Reduction,float16,10000000,,74.3413,46.3558,available,,not_measured,managed,46.3558,1.603711,faster
np.max (float32),Reduction,float32,1000,,0.0016,0.0013,available,,not_measured,managed,0.0013,1.230769,faster
np.max (float32),Reduction,float32,100000,,0.0064,0.0086,available,,not_measured,managed,0.0086,0.744186,slower
np.max (float32),Reduction,float32,10000000,,4.3411,3.6158,available,,not_measured,managed,3.6158,1.200592,faster
np.max (float64),Reduction,float64,1000,,0.0016,0.0013,available,,not_measured,managed,0.0013,1.230769,faster
np.max (float64),Reduction,float64,100000,,0.0108,0.0168,available,,not_measured,managed,0.0168,0.642857,slower
np.max (float64),Reduction,float64,10000000,,8.778,8.203,available,,not_measured,managed,8.203,1.070096,faster
np.max (int16),Reduction,int16,1000,,0.0018,0.0011,available,,not_measured,managed,0.0011,1.636364,faster
np.max (int16),Reduction,int16,100000,,0.0032,0.0028,available,,not_measured,managed,0.0028,1.142857,faster
np.max (int16),Reduction,int16,10000000,,0.6596,0.675,available,,not_measured,managed,0.675,0.977185,close
np.max (int32),Reduction,int32,1000,,0.0016,0.0012,available,,not_measured,managed,0.0012,1.333333,faster
np.max (int32),Reduction,int32,100000,,0.0052,0.0043,available,,not_measured,managed,0.0043,1.209302,faster
np.max (int32),Reduction,int32,10000000,,4.0305,3.2775,available,,not_measured,managed,3.2775,1.229748,faster
np.max (int64),Reduction,int64,1000,,0.0017,0.0015,available,,not_measured,managed,0.0015,1.133333,faster
np.max (int64),Reduction,int64,100000,,0.0089,0.027,available,,not_measured,managed,0.027,0.32963,much_slower
np.max (int64),Reduction,int64,10000000,,11.1073,8.3643,available,,not_measured,managed,8.3643,1.327941,faster
np.max (int8),Reduction,int8,1000,,0.0016,0.0011,available,,not_measured,managed,0.0011,1.454545,faster
np.max (int8),Reduction,int8,100000,,0.0023,0.0019,available,,not_measured,managed,0.0019,1.210526,faster
np.max (int8),Reduction,int8,10000000,,0.2935,0.2565,available,,not_measured,managed,0.2565,1.14425,faster
np.max (uint16),Reduction,uint16,1000,,0.0023,0.0012,available,,not_measured,managed,0.0012,1.916667,faster
np.max (uint16),Reduction,uint16,100000,,0.003,0.0028,available,,not_measured,managed,0.0028,1.071429,faster
np.max (uint16),Reduction,uint16,10000000,,0.931,0.6791,available,,not_measured,managed,0.6791,1.370932,faster
np.max (uint32),Reduction,uint32,1000,,0.0016,0.0011,available,,not_measured,managed,0.0011,1.454545,faster
np.max (uint32),Reduction,uint32,100000,,0.0042,0.0045,available,,not_measured,managed,0.0045,0.933333,close
np.max (uint32),Reduction,uint32,10000000,,1.5195,3.2714,available,,not_measured,managed,3.2714,0.46448,slower
np.max (uint64),Reduction,uint64,1000,,0.0017,0.0011,available,,not_measured,managed,0.0011,1.545455,faster
np.max (uint64),Reduction,uint64,100000,,0.0119,0.0365,available,,not_measured,managed,0.0365,0.326027,much_slower
np.max (uint64),Reduction,uint64,10000000,,11.0047,8.1652,available,,not_measured,managed,8.1652,1.347756,faster
np.max (uint8),Reduction,uint8,1000,,0.0016,0.0011,available,,not_measured,managed,0.0011,1.454545,faster
np.max (uint8),Reduction,uint8,100000,,0.0024,0.002,available,,not_measured,managed,0.002,1.2,faster
np.max (uint8),Reduction,uint8,10000000,,0.3177,0.2421,available,,not_measured,managed,0.2421,1.312268,faster
np.mean (complex128),Reduction,complex128,1000,,0.0026,0.0016,available,,not_measured,managed,0.0016,1.625,faster
np.mean (complex128),Reduction,complex128,100000,,0.0321,0.022,available,,not_measured,managed,0.022,1.459091,faster
np.mean (complex128),Reduction,complex128,10000000,,19.1769,16.771,available,,not_measured,managed,16.771,1.143456,faster
np.mean (float16),Reduction,float16,1000,,0.0047,0.0021,available,,not_measured,managed,0.0021,2.238095,faster
np.mean (float16),Reduction,float16,100000,,0.1015,0.1636,available,,not_measured,managed,0.1636,0.620416,slower
np.mean (float16),Reduction,float16,10000000,,17.6949,16.284,available,,not_measured,managed,16.284,1.086643,faster
np.mean (float32),Reduction,float32,1000,,0.0036,0.0012,available,,not_measured,managed,0.0012,3.0,faster
np.mean (float32),Reduction,float32,100000,,0.0183,0.0051,available,,not_measured,managed,0.0051,3.588235,faster
np.mean (float32),Reduction,float32,10000000,,11.3165,3.3387,available,,not_measured,managed,3.3387,3.389493,faster
np.mean (float64),Reduction,float64,1000,,0.0024,0.0013,available,,not_measured,managed,0.0013,1.846154,faster
np.mean (float64),Reduction,float64,100000,,0.0189,0.0086,available,,not_measured,managed,0.0086,2.197674,faster
np.mean (float64),Reduction,float64,10000000,,17.9544,7.3631,available,,not_measured,managed,7.3631,2.438429,faster
np.mean (int16),Reduction,int16,1000,,0.003,0.0012,available,,not_measured,managed,0.0012,2.5,faster
np.mean (int16),Reduction,int16,100000,,0.0522,0.0443,available,,not_measured,managed,0.0443,1.17833,faster
np.mean (int16),Reduction,int16,10000000,,9.5652,4.5044,available,,not_measured,managed,4.5044,2.123524,faster
np.mean (int32),Reduction,int32,1000,,0.003,0.0012,available,,not_measured,managed,0.0012,2.5,faster
np.mean (int32),Reduction,int32,100000,,0.0437,0.0455,available,,not_measured,managed,0.0455,0.96044,close
np.mean (int32),Reduction,int32,10000000,,9.9028,5.3051,available,,not_measured,managed,5.3051,1.866657,faster
np.mean (int64),Reduction,int64,1000,,0.0028,0.0012,available,,not_measured,managed,0.0012,2.333333,faster
np.mean (int64),Reduction,int64,100000,,0.0347,0.0088,available,,not_measured,managed,0.0088,3.943182,faster
np.mean (int64),Reduction,int64,10000000,,14.4887,7.4994,available,,not_measured,managed,7.4994,1.931981,faster
np.mean (int8),Reduction,int8,1000,,0.003,0.0012,available,,not_measured,managed,0.0012,2.5,faster
np.mean (int8),Reduction,int8,100000,,0.0544,0.0453,available,,not_measured,managed,0.0453,1.200883,faster
np.mean (int8),Reduction,int8,10000000,,14.0746,4.6523,available,,not_measured,managed,4.6523,3.025299,faster
np.mean (uint16),Reduction,uint16,1000,,0.003,0.0011,available,,not_measured,managed,0.0011,2.727273,faster
np.mean (uint16),Reduction,uint16,100000,,0.0552,0.0418,available,,not_measured,managed,0.0418,1.320574,faster
np.mean (uint16),Reduction,uint16,10000000,,10.1392,4.2267,available,,not_measured,managed,4.2267,2.398845,faster
np.mean (uint32),Reduction,uint32,1000,,0.0029,0.0015,available,,not_measured,managed,0.0015,1.933333,faster
np.mean (uint32),Reduction,uint32,100000,,0.04,0.0393,available,,not_measured,managed,0.0393,1.017812,close
np.mean (uint32),Reduction,uint32,10000000,,8.7129,5.093,available,,not_measured,managed,5.093,1.71076,faster
np.mean (uint64),Reduction,uint64,1000,,0.0029,0.0012,available,,not_measured,managed,0.0012,2.416667,faster
np.mean (uint64),Reduction,uint64,100000,,0.0535,0.0096,available,,not_measured,managed,0.0096,5.572917,faster
np.mean (uint64),Reduction,uint64,10000000,,12.0259,7.6024,available,,not_measured,managed,7.6024,1.581856,faster
np.mean (uint8),Reduction,uint8,1000,,0.003,0.0011,available,,not_measured,managed,0.0011,2.727273,faster
np.mean (uint8),Reduction,uint8,100000,,0.0532,0.0411,available,,not_measured,managed,0.0411,1.294404,faster
np.mean (uint8),Reduction,uint8,10000000,,8.4276,3.7184,available,,not_measured,managed,3.7184,2.266459,faster
np.mean axis=0 (complex128),Reduction,complex128,1000,,0.0035,0.0045,available,,not_measured,managed,0.0045,0.777778,slower
np.mean axis=0 (complex128),Reduction,complex128,100000,,0.028,0.0453,available,,not_measured,managed,0.0453,0.618102,slower
np.mean axis=0 (complex128),Reduction,complex128,10000000,,19.6127,16.9481,available,,not_measured,managed,16.9481,1.157221,faster
np.mean axis=0 (float16),Reduction,float16,1000,,0.0056,0.0068,available,,not_measured,managed,0.0068,0.823529,close
np.mean axis=0 (float16),Reduction,float16,100000,,0.0778,0.2802,available,,not_measured,managed,0.2802,0.277659,much_slower
np.mean axis=0 (float16),Reduction,float16,10000000,,18.0552,27.2283,available,,not_measured,managed,27.2283,0.663104,slower
np.mean axis=0 (float32),Reduction,float32,1000,,0.0035,0.0033,available,,not_measured,managed,0.0033,1.060606,faster
np.mean axis=0 (float32),Reduction,float32,100000,,0.0114,0.0177,available,,not_measured,managed,0.0177,0.644068,slower
np.mean axis=0 (float32),Reduction,float32,10000000,,4.4369,3.7939,available,,not_measured,managed,3.7939,1.169483,faster
np.mean axis=0 (float64),Reduction,float64,1000,,0.0029,0.0039,available,,not_measured,managed,0.0039,0.74359,slower
np.mean axis=0 (float64),Reduction,float64,100000,,0.0143,0.028,available,,not_measured,managed,0.028,0.510714,slower
np.mean axis=0 (float64),Reduction,float64,10000000,,11.121,8.7225,available,,not_measured,managed,8.7225,1.274979,faster
np.mean axis=0 (int16),Reduction,int16,1000,,0.0039,0.001,available,,not_measured,managed,0.001,3.9,faster
np.mean axis=0 (int16),Reduction,int16,100000,,0.0522,0.0189,available,,not_measured,managed,0.0189,2.761905,faster
np.mean axis=0 (int16),Reduction,int16,10000000,,7.5927,2.0347,available,,not_measured,managed,2.0347,3.731607,faster
np.mean axis=0 (int32),Reduction,int32,1000,,0.0039,0.001,available,,not_measured,managed,0.001,3.9,faster
np.mean axis=0 (int32),Reduction,int32,100000,,0.0358,0.0193,available,,not_measured,managed,0.0193,1.854922,faster
np.mean axis=0 (int32),Reduction,int32,10000000,,10.0928,3.9741,available,,not_measured,managed,3.9741,2.539644,faster
np.mean axis=0 (int64),Reduction,int64,1000,,0.0036,0.0021,available,,not_measured,managed,0.0021,1.714286,faster
np.mean axis=0 (int64),Reduction,int64,100000,,0.0334,0.146,available,,not_measured,managed,0.146,0.228767,much_slower
np.mean axis=0 (int64),Reduction,int64,10000000,,9.314,114.3394,available,,not_measured,managed,114.3394,0.081459,much_slower
np.mean axis=0 (int8),Reduction,int8,1000,,0.0039,0.0011,available,,not_measured,managed,0.0011,3.545455,faster
np.mean axis=0 (int8),Reduction,int8,100000,,0.0482,0.019,available,,not_measured,managed,0.019,2.536842,faster
np.mean axis=0 (int8),Reduction,int8,10000000,,8.5106,1.8142,available,,not_measured,managed,1.8142,4.691104,faster
np.mean axis=0 (uint16),Reduction,uint16,1000,,0.0038,0.0016,available,,not_measured,managed,0.0016,2.375,faster
np.mean axis=0 (uint16),Reduction,uint16,100000,,0.0513,0.0191,available,,not_measured,managed,0.0191,2.685864,faster
np.mean axis=0 (uint16),Reduction,uint16,10000000,,10.2316,2.0286,available,,not_measured,managed,2.0286,5.043675,faster
np.mean axis=0 (uint32),Reduction,uint32,1000,,0.0037,0.0011,available,,not_measured,managed,0.0011,3.363636,faster
np.mean axis=0 (uint32),Reduction,uint32,100000,,0.0423,0.0251,available,,not_measured,managed,0.0251,1.685259,faster
np.mean axis=0 (uint32),Reduction,uint32,10000000,,10.1033,4.1907,available,,not_measured,managed,4.1907,2.410886,faster
np.mean axis=0 (uint64),Reduction,uint64,1000,,0.0039,0.0025,available,,not_measured,managed,0.0025,1.56,faster
np.mean axis=0 (uint64),Reduction,uint64,100000,,0.0572,0.1583,available,,not_measured,managed,0.1583,0.361339,slower
np.mean axis=0 (uint64),Reduction,uint64,10000000,,15.0935,119.304,available,,not_measured,managed,119.304,0.126513,much_slower
np.mean axis=0 (uint8),Reduction,uint8,1000,,0.0038,0.001,available,,not_measured,managed,0.001,3.8,faster
np.mean axis=0 (uint8),Reduction,uint8,100000,,0.0556,0.0191,available,,not_measured,managed,0.0191,2.910995,faster
np.mean axis=0 (uint8),Reduction,uint8,10000000,,7.9994,1.7713,available,,not_measured,managed,1.7713,4.516118,faster
np.mean axis=1 (complex128),Reduction,complex128,1000,,0.0031,0.0047,available,,not_measured,managed,0.0047,0.659574,slower
np.mean axis=1 (complex128),Reduction,complex128,100000,,0.0364,0.0536,available,,not_measured,managed,0.0536,0.679104,slower
np.mean axis=1 (complex128),Reduction,complex128,10000000,,18.602,18.1618,available,,not_measured,managed,18.1618,1.024238,close
np.mean axis=1 (float16),Reduction,float16,1000,,0.005,0.0067,available,,not_measured,managed,0.0067,0.746269,slower
np.mean axis=1 (float16),Reduction,float16,100000,,0.0839,0.271,available,,not_measured,managed,0.271,0.309594,much_slower
np.mean axis=1 (float16),Reduction,float16,10000000,,18.6917,26.0187,available,,not_measured,managed,26.0187,0.718395,slower
np.mean axis=1 (float32),Reduction,float32,1000,,0.0035,0.0034,available,,not_measured,managed,0.0034,1.029412,close
np.mean axis=1 (float32),Reduction,float32,100000,,0.0183,0.0232,available,,not_measured,managed,0.0232,0.788793,slower
np.mean axis=1 (float32),Reduction,float32,10000000,,8.0831,3.9328,available,,not_measured,managed,3.9328,2.055304,faster
np.mean axis=1 (float64),Reduction,float64,1000,,0.003,0.0041,available,,not_measured,managed,0.0041,0.731707,slower
np.mean axis=1 (float64),Reduction,float64,100000,,0.0196,0.0282,available,,not_measured,managed,0.0282,0.695035,slower
np.mean axis=1 (float64),Reduction,float64,10000000,,14.6663,8.9008,available,,not_measured,managed,8.9008,1.647751,faster
np.mean axis=1 (int16),Reduction,int16,1000,,0.0035,0.0012,available,,not_measured,managed,0.0012,2.916667,faster
np.mean axis=1 (int16),Reduction,int16,100000,,0.0564,0.0195,available,,not_measured,managed,0.0195,2.892308,faster
np.mean axis=1 (int16),Reduction,int16,10000000,,9.4535,2.029,available,,not_measured,managed,2.029,4.659192,faster
np.mean axis=1 (int32),Reduction,int32,1000,,0.0035,0.0011,available,,not_measured,managed,0.0011,3.181818,faster
np.mean axis=1 (int32),Reduction,int32,100000,,0.0423,0.0196,available,,not_measured,managed,0.0196,2.158163,faster
np.mean axis=1 (int32),Reduction,int32,10000000,,10.8981,3.8722,available,,not_measured,managed,3.8722,2.814447,faster
np.mean axis=1 (int64),Reduction,int64,1000,,0.0034,0.0021,available,,not_measured,managed,0.0021,1.619048,faster
np.mean axis=1 (int64),Reduction,int64,100000,,0.0419,0.1441,available,,not_measured,managed,0.1441,0.29077,much_slower
np.mean axis=1 (int64),Reduction,int64,10000000,,14.1876,14.6226,available,,not_measured,managed,14.6226,0.970252,close
np.mean axis=1 (int8),Reduction,int8,1000,,0.0035,0.0012,available,,not_measured,managed,0.0012,2.916667,faster
np.mean axis=1 (int8),Reduction,int8,100000,,0.0617,0.0195,available,,not_measured,managed,0.0195,3.164103,faster
np.mean axis=1 (int8),Reduction,int8,10000000,,7.8567,1.7997,available,,not_measured,managed,1.7997,4.365561,faster
np.mean axis=1 (uint16),Reduction,uint16,1000,,0.0035,0.001,available,,not_measured,managed,0.001,3.5,faster
np.mean axis=1 (uint16),Reduction,uint16,100000,,0.0576,0.0196,available,,not_measured,managed,0.0196,2.938776,faster
np.mean axis=1 (uint16),Reduction,uint16,10000000,,9.6452,1.966,available,,not_measured,managed,1.966,4.906002,faster
np.mean axis=1 (uint32),Reduction,uint32,1000,,0.0034,0.0011,available,,not_measured,managed,0.0011,3.090909,faster
np.mean axis=1 (uint32),Reduction,uint32,100000,,0.044,0.0254,available,,not_measured,managed,0.0254,1.732283,faster
np.mean axis=1 (uint32),Reduction,uint32,10000000,,10.8002,4.1422,available,,not_measured,managed,4.1422,2.607358,faster
np.mean axis=1 (uint64),Reduction,uint64,1000,,0.0035,0.0024,available,,not_measured,managed,0.0024,1.458333,faster
np.mean axis=1 (uint64),Reduction,uint64,100000,,0.0614,0.1565,available,,not_measured,managed,0.1565,0.392332,slower
np.mean axis=1 (uint64),Reduction,uint64,10000000,,12.3025,15.9105,available,,not_measured,managed,15.9105,0.773232,slower
np.mean axis=1 (uint8),Reduction,uint8,1000,,0.0035,0.001,available,,not_measured,managed,0.001,3.5,faster
np.mean axis=1 (uint8),Reduction,uint8,100000,,0.0565,0.0196,available,,not_measured,managed,0.0196,2.882653,faster
np.mean axis=1 (uint8),Reduction,uint8,10000000,,8.8087,1.788,available,,not_measured,managed,1.788,4.926566,faster
np.min (complex128),Reduction,complex128,1000,,0.0032,0.0023,available,,not_measured,managed,0.0023,1.391304,faster
np.min (complex128),Reduction,complex128,100000,,0.1541,0.1467,available,,not_measured,managed,0.1467,1.050443,faster
np.min (complex128),Reduction,complex128,10000000,,25.9818,19.33,available,,not_measured,managed,19.33,1.344118,faster
np.min (float16),Reduction,float16,1000,,0.0039,0.0023,available,,not_measured,managed,0.0023,1.695652,faster
np.min (float16),Reduction,float16,100000,,0.505,0.4069,available,,not_measured,managed,0.4069,1.241091,faster
np.min (float16),Reduction,float16,10000000,,81.8534,42.2388,available,,not_measured,managed,42.2388,1.937872,faster
np.min (float32),Reduction,float32,1000,,0.0016,0.0012,available,,not_measured,managed,0.0012,1.333333,faster
np.min (float32),Reduction,float32,100000,,0.0061,0.0089,available,,not_measured,managed,0.0089,0.685393,slower
np.min (float32),Reduction,float32,10000000,,5.2942,3.7886,available,,not_measured,managed,3.7886,1.397403,faster
np.min (float64),Reduction,float64,1000,,0.0019,0.0013,available,,not_measured,managed,0.0013,1.461538,faster
np.min (float64),Reduction,float64,100000,,0.0105,0.0175,available,,not_measured,managed,0.0175,0.6,slower
np.min (float64),Reduction,float64,10000000,,8.8766,8.5034,available,,not_measured,managed,8.5034,1.043888,close
np.min (int16),Reduction,int16,1000,,0.0016,0.0011,available,,not_measured,managed,0.0011,1.454545,faster
np.min (int16),Reduction,int16,100000,,0.003,0.0028,available,,not_measured,managed,0.0028,1.071429,faster
np.min (int16),Reduction,int16,10000000,,0.6854,0.7077,available,,not_measured,managed,0.7077,0.968489,close
np.min (int32),Reduction,int32,1000,,0.0019,0.0011,available,,not_measured,managed,0.0011,1.727273,faster
np.min (int32),Reduction,int32,100000,,0.0043,0.0048,available,,not_measured,managed,0.0048,0.895833,close
np.min (int32),Reduction,int32,10000000,,4.1214,3.2775,available,,not_measured,managed,3.2775,1.257483,faster
np.min (int64),Reduction,int64,1000,,0.0017,0.001,available,,not_measured,managed,0.001,1.7,faster
np.min (int64),Reduction,int64,100000,,0.0095,0.0268,available,,not_measured,managed,0.0268,0.354478,slower
np.min (int64),Reduction,int64,10000000,,9.0214,8.3687,available,,not_measured,managed,8.3687,1.077993,faster
np.min (int8),Reduction,int8,1000,,0.0015,0.0011,available,,not_measured,managed,0.0011,1.363636,faster
np.min (int8),Reduction,int8,100000,,0.0023,0.0019,available,,not_measured,managed,0.0019,1.210526,faster
np.min (int8),Reduction,int8,10000000,,0.2734,0.2397,available,,not_measured,managed,0.2397,1.140592,faster
np.min (uint16),Reduction,uint16,1000,,0.0016,0.0012,available,,not_measured,managed,0.0012,1.333333,faster
np.min (uint16),Reduction,uint16,100000,,0.0042,0.0029,available,,not_measured,managed,0.0029,1.448276,faster
np.min (uint16),Reduction,uint16,10000000,,0.2928,0.6885,available,,not_measured,managed,0.6885,0.425272,slower
np.min (uint32),Reduction,uint32,1000,,0.0019,0.0012,available,,not_measured,managed,0.0012,1.583333,faster
np.min (uint32),Reduction,uint32,100000,,0.0042,0.0044,available,,not_measured,managed,0.0044,0.954545,close
np.min (uint32),Reduction,uint32,10000000,,4.3135,3.3482,available,,not_measured,managed,3.3482,1.288304,faster
np.min (uint64),Reduction,uint64,1000,,0.0017,0.0011,available,,not_measured,managed,0.0011,1.545455,faster
np.min (uint64),Reduction,uint64,100000,,0.012,0.0366,available,,not_measured,managed,0.0366,0.327869,much_slower
np.min (uint64),Reduction,uint64,10000000,,11.7349,8.2811,available,,not_measured,managed,8.2811,1.41707,faster
np.min (uint8),Reduction,uint8,1000,,0.0016,0.0011,available,,not_measured,managed,0.0011,1.454545,faster
np.min (uint8),Reduction,uint8,100000,,0.0023,0.002,available,,not_measured,managed,0.002,1.15,faster
np.min (uint8),Reduction,uint8,10000000,,0.2795,0.2418,available,,not_measured,managed,0.2418,1.155914,faster
np.nanargmax(a) (float16),Reduction,float16,1000,,0.0128,0.0057,available,,not_measured,managed,0.0057,2.245614,faster
np.nanargmax(a) (float16),Reduction,float16,100000,,0.5279,0.2725,available,,not_measured,managed,0.2725,1.937248,faster
np.nanargmax(a) (float16),Reduction,float16,10000000,,98.2285,28.1648,available,,not_measured,managed,28.1648,3.487633,faster
np.nanargmax(a) (float32),Reduction,float32,1000,,0.0061,0.0037,available,,not_measured,managed,0.0037,1.648649,faster
np.nanargmax(a) (float32),Reduction,float32,100000,,0.0274,0.1172,available,,not_measured,managed,0.1172,0.233788,much_slower
np.nanargmax(a) (float32),Reduction,float32,10000000,,22.2215,14.4077,available,,not_measured,managed,14.4077,1.542335,faster
np.nanargmax(a) (float64),Reduction,float64,1000,,0.0064,0.0038,available,,not_measured,managed,0.0038,1.684211,faster
np.nanargmax(a) (float64),Reduction,float64,100000,,0.1408,0.1161,available,,not_measured,managed,0.1161,1.212748,faster
np.nanargmax(a) (float64),Reduction,float64,10000000,,42.9935,21.3726,available,,not_measured,managed,21.3726,2.011618,faster
np.nanargmin(a) (float16),Reduction,float16,1000,,0.0088,0.0054,available,,not_measured,managed,0.0054,1.62963,faster
np.nanargmin(a) (float16),Reduction,float16,100000,,0.4989,0.2696,available,,not_measured,managed,0.2696,1.850519,faster
np.nanargmin(a) (float16),Reduction,float16,10000000,,96.213,28.7859,available,,not_measured,managed,28.7859,3.342366,faster
np.nanargmin(a) (float32),Reduction,float32,1000,,0.0061,0.0037,available,,not_measured,managed,0.0037,1.648649,faster
np.nanargmin(a) (float32),Reduction,float32,100000,,0.0286,0.1154,available,,not_measured,managed,0.1154,0.247834,much_slower
np.nanargmin(a) (float32),Reduction,float32,10000000,,25.2296,14.2928,available,,not_measured,managed,14.2928,1.765196,faster
np.nanargmin(a) (float64),Reduction,float64,1000,,0.006,0.0037,available,,not_measured,managed,0.0037,1.621622,faster
np.nanargmin(a) (float64),Reduction,float64,100000,,0.1257,0.1157,available,,not_measured,managed,0.1157,1.08643,faster
np.nanargmin(a) (float64),Reduction,float64,10000000,,42.4453,20.8469,available,,not_measured,managed,20.8469,2.036049,faster
np.nanmax(a) (float16),Reduction,float16,1000,,0.0052,0.0024,available,,not_measured,managed,0.0024,2.166667,faster
np.nanmax(a) (float16),Reduction,float16,100000,,0.4974,0.4238,available,,not_measured,managed,0.4238,1.173667,faster
np.nanmax(a) (float16),Reduction,float16,10000000,,76.9088,47.0978,available,,not_measured,managed,47.0978,1.63296,faster
np.nanmax(a) (float32),Reduction,float32,1000,,0.003,0.0012,available,,not_measured,managed,0.0012,2.5,faster
np.nanmax(a) (float32),Reduction,float32,100000,,0.0072,0.0514,available,,not_measured,managed,0.0514,0.140078,much_slower
np.nanmax(a) (float32),Reduction,float32,10000000,,4.0501,6.0021,available,,not_measured,managed,6.0021,0.67478,slower
np.nanmax(a) (float64),Reduction,float64,1000,,0.003,0.0019,available,,not_measured,managed,0.0019,1.578947,faster
np.nanmax(a) (float64),Reduction,float64,100000,,0.0118,0.1058,available,,not_measured,managed,0.1058,0.111531,much_slower
np.nanmax(a) (float64),Reduction,float64,10000000,,9.5433,12.7438,available,,not_measured,managed,12.7438,0.748858,slower
np.nanmean(a) (float16),Reduction,float16,1000,,0.0132,0.0028,available,,not_measured,managed,0.0028,4.714286,faster
np.nanmean(a) (float16),Reduction,float16,100000,,0.3284,0.2035,available,,not_measured,managed,0.2035,1.613759,faster
np.nanmean(a) (float16),Reduction,float16,10000000,,66.8003,21.0167,available,,not_measured,managed,21.0167,3.178439,faster
np.nanmean(a) (float32),Reduction,float32,1000,,0.0097,0.0019,available,,not_measured,managed,0.0019,5.105263,faster
np.nanmean(a) (float32),Reduction,float32,100000,,0.0762,0.0718,available,,not_measured,managed,0.0718,1.061281,faster
np.nanmean(a) (float32),Reduction,float32,10000000,,45.6688,7.524,available,,not_measured,managed,7.524,6.06975,faster
np.nanmean(a) (float64),Reduction,float64,1000,,0.0084,0.0019,available,,not_measured,managed,0.0019,4.421053,faster
np.nanmean(a) (float64),Reduction,float64,100000,,0.0873,0.0738,available,,not_measured,managed,0.0738,1.182927,faster
np.nanmean(a) (float64),Reduction,float64,10000000,,65.656,10.4202,available,,not_measured,managed,10.4202,6.300839,faster
np.nanmedian(a) (float16),Reduction,float16,1000,,0.0166,0.0123,available,,not_measured,managed,0.0123,1.349593,faster
np.nanmedian(a) (float16),Reduction,float16,100000,,0.973,1.6992,available,,not_measured,managed,1.6992,0.572622,slower
np.nanmedian(a) (float16),Reduction,float16,10000000,,194.1775,128.0458,available,,not_measured,managed,128.0458,1.516469,faster
np.nanmedian(a) (float32),Reduction,float32,1000,,0.0128,0.005,available,,not_measured,managed,0.005,2.56,faster
np.nanmedian(a) (float32),Reduction,float32,100000,,0.4799,0.3544,available,,not_measured,managed,0.3544,1.35412,faster
np.nanmedian(a) (float32),Reduction,float32,10000000,,110.6672,53.3593,available,,not_measured,managed,53.3593,2.074,faster
np.nanmedian(a) (float64),Reduction,float64,1000,,0.0132,0.0048,available,,not_measured,managed,0.0048,2.75,faster
np.nanmedian(a) (float64),Reduction,float64,100000,,0.8916,0.381,available,,not_measured,managed,0.381,2.340157,faster
np.nanmedian(a) (float64),Reduction,float64,10000000,,131.7204,64.9356,available,,not_measured,managed,64.9356,2.028477,faster
np.nanmin(a) (float16),Reduction,float16,1000,,0.0051,0.0024,available,,not_measured,managed,0.0024,2.125,faster
np.nanmin(a) (float16),Reduction,float16,100000,,0.5099,0.4232,available,,not_measured,managed,0.4232,1.204868,faster
np.nanmin(a) (float16),Reduction,float16,10000000,,78.2563,44.968,available,,not_measured,managed,44.968,1.740266,faster
np.nanmin(a) (float32),Reduction,float32,1000,,0.0029,0.0012,available,,not_measured,managed,0.0012,2.416667,faster
np.nanmin(a) (float32),Reduction,float32,100000,,0.0072,0.0522,available,,not_measured,managed,0.0522,0.137931,much_slower
np.nanmin(a) (float32),Reduction,float32,10000000,,5.1023,6.2408,available,,not_measured,managed,6.2408,0.817571,close
np.nanmin(a) (float64),Reduction,float64,1000,,0.0029,0.0019,available,,not_measured,managed,0.0019,1.526316,faster
np.nanmin(a) (float64),Reduction,float64,100000,,0.0114,0.1052,available,,not_measured,managed,0.1052,0.108365,much_slower
np.nanmin(a) (float64),Reduction,float64,10000000,,10.2018,12.539,available,,not_measured,managed,12.539,0.813606,close
"np.nanpercentile(a, 50) (float16)",Reduction,float16,1000,,0.0345,0.0122,available,,not_measured,managed,0.0122,2.827869,faster
"np.nanpercentile(a, 50) (float16)",Reduction,float16,100000,,1.8476,1.6889,available,,not_measured,managed,1.6889,1.093966,faster
"np.nanpercentile(a, 50) (float16)",Reduction,float16,10000000,,203.9031,128.1226,available,,not_measured,managed,128.1226,1.591469,faster
"np.nanpercentile(a, 50) (float32)",Reduction,float32,1000,,0.0259,0.0048,available,,not_measured,managed,0.0048,5.395833,faster
"np.nanpercentile(a, 50) (float32)",Reduction,float32,100000,,0.7154,0.3609,available,,not_measured,managed,0.3609,1.982267,faster
"np.nanpercentile(a, 50) (float32)",Reduction,float32,10000000,,79.9734,52.7205,available,,not_measured,managed,52.7205,1.516932,faster
"np.nanpercentile(a, 50) (float64)",Reduction,float64,1000,,0.0258,0.0049,available,,not_measured,managed,0.0049,5.265306,faster
"np.nanpercentile(a, 50) (float64)",Reduction,float64,100000,,1.2125,0.3689,available,,not_measured,managed,0.3689,3.286799,faster
"np.nanpercentile(a, 50) (float64)",Reduction,float64,10000000,,102.4749,64.7813,available,,not_measured,managed,64.7813,1.581859,faster
np.nanprod(a) (float16),Reduction,float16,1000,,0.0216,0.0023,available,,not_measured,managed,0.0023,9.391304,faster
np.nanprod(a) (float16),Reduction,float16,100000,,0.2177,0.2036,available,,not_measured,managed,0.2036,1.069253,faster
np.nanprod(a) (float16),Reduction,float16,10000000,,47.5617,19.6099,available,,not_measured,managed,19.6099,2.425392,faster
np.nanprod(a) (float32),Reduction,float32,1000,,0.0206,0.0016,available,,not_measured,managed,0.0016,12.875,faster
np.nanprod(a) (float32),Reduction,float32,100000,,2.383,1.9742,available,,not_measured,managed,1.9742,1.207071,faster
np.nanprod(a) (float32),Reduction,float32,10000000,,795.7063,203.8725,available,,not_measured,managed,203.8725,3.90296,faster
np.nanprod(a) (float64),Reduction,float64,1000,,0.0043,0.001,available,,not_measured,managed,0.001,4.3,faster
np.nanprod(a) (float64),Reduction,float64,100000,,5.2382,3.2518,available,,not_measured,managed,3.2518,1.610862,faster
np.nanprod(a) (float64),Reduction,float64,10000000,,849.874,344.3129,available,,not_measured,managed,344.3129,2.468319,faster
"np.nanquantile(a, 0.5) (float16)",Reduction,float16,1000,,0.0304,0.0122,available,,not_measured,managed,0.0122,2.491803,faster
"np.nanquantile(a, 0.5) (float16)",Reduction,float16,100000,,1.8393,1.6875,available,,not_measured,managed,1.6875,1.089956,faster
"np.nanquantile(a, 0.5) (float16)",Reduction,float16,10000000,,203.5362,129.7749,available,,not_measured,managed,129.7749,1.568379,faster
"np.nanquantile(a, 0.5) (float32)",Reduction,float32,1000,,0.0253,0.0048,available,,not_measured,managed,0.0048,5.270833,faster
"np.nanquantile(a, 0.5) (float32)",Reduction,float32,100000,,0.7057,0.3682,available,,not_measured,managed,0.3682,1.916621,faster
"np.nanquantile(a, 0.5) (float32)",Reduction,float32,10000000,,77.5724,53.1184,available,,not_measured,managed,53.1184,1.460368,faster
"np.nanquantile(a, 0.5) (float64)",Reduction,float64,1000,,0.025,0.0048,available,,not_measured,managed,0.0048,5.208333,faster
"np.nanquantile(a, 0.5) (float64)",Reduction,float64,100000,,1.1921,0.3674,available,,not_measured,managed,0.3674,3.244692,faster
"np.nanquantile(a, 0.5) (float64)",Reduction,float64,10000000,,99.1522,65.0209,available,,not_measured,managed,65.0209,1.524928,faster
np.nanstd(a) (float16),Reduction,float16,1000,,0.0311,0.0057,available,,not_measured,managed,0.0057,5.45614,faster
np.nanstd(a) (float16),Reduction,float16,100000,,1.1723,0.397,available,,not_measured,managed,0.397,2.952897,faster
np.nanstd(a) (float16),Reduction,float16,10000000,,246.5701,41.3113,available,,not_measured,managed,41.3113,5.968587,faster
np.nanstd(a) (float32),Reduction,float32,1000,,0.0195,0.0027,available,,not_measured,managed,0.0027,7.222222,faster
np.nanstd(a) (float32),Reduction,float32,100000,,0.1673,0.1489,available,,not_measured,managed,0.1489,1.123573,faster
np.nanstd(a) (float32),Reduction,float32,10000000,,78.8338,16.0975,available,,not_measured,managed,16.0975,4.89727,faster
np.nanstd(a) (float64),Reduction,float64,1000,,0.018,0.0024,available,,not_measured,managed,0.0024,7.5,faster
np.nanstd(a) (float64),Reduction,float64,100000,,0.1887,0.1456,available,,not_measured,managed,0.1456,1.296016,faster
np.nanstd(a) (float64),Reduction,float64,10000000,,107.9871,19.9158,available,,not_measured,managed,19.9158,5.422182,faster
np.nansum(a) (float16),Reduction,float16,1000,,0.0062,0.0023,available,,not_measured,managed,0.0023,2.695652,faster
np.nansum(a) (float16),Reduction,float16,100000,,0.2807,0.1884,available,,not_measured,managed,0.1884,1.489915,faster
np.nansum(a) (float16),Reduction,float16,10000000,,52.9907,19.0367,available,,not_measured,managed,19.0367,2.783607,faster
np.nansum(a) (float32),Reduction,float32,1000,,0.0037,0.0016,available,,not_measured,managed,0.0016,2.3125,faster
np.nansum(a) (float32),Reduction,float32,100000,,0.0311,0.0094,available,,not_measured,managed,0.0094,3.308511,faster
np.nansum(a) (float32),Reduction,float32,10000000,,32.5505,4.1024,available,,not_measured,managed,4.1024,7.934502,faster
np.nansum(a) (float64),Reduction,float64,1000,,0.0037,0.0014,available,,not_measured,managed,0.0014,2.642857,faster
np.nansum(a) (float64),Reduction,float64,100000,,0.0453,0.0187,available,,not_measured,managed,0.0187,2.42246,faster
np.nansum(a) (float64),Reduction,float64,10000000,,52.5685,9.0631,available,,not_measured,managed,9.0631,5.800278,faster
np.nanvar(a) (float16),Reduction,float16,1000,,0.0301,0.0056,available,,not_measured,managed,0.0056,5.375,faster
np.nanvar(a) (float16),Reduction,float16,100000,,1.1606,0.4001,available,,not_measured,managed,0.4001,2.900775,faster
np.nanvar(a) (float16),Reduction,float16,10000000,,272.6231,43.3223,available,,not_measured,managed,43.3223,6.292905,faster
np.nanvar(a) (float32),Reduction,float32,1000,,0.0189,0.0026,available,,not_measured,managed,0.0026,7.269231,faster
np.nanvar(a) (float32),Reduction,float32,100000,,0.1587,0.1491,available,,not_measured,managed,0.1491,1.064386,faster
np.nanvar(a) (float32),Reduction,float32,10000000,,73.8349,15.9214,available,,not_measured,managed,15.9214,4.637463,faster
np.nanvar(a) (float64),Reduction,float64,1000,,0.0207,0.0024,available,,not_measured,managed,0.0024,8.625,faster
np.nanvar(a) (float64),Reduction,float64,100000,,0.1966,0.1451,available,,not_measured,managed,0.1451,1.354928,faster
np.nanvar(a) (float64),Reduction,float64,10000000,,111.3661,20.2653,available,,not_measured,managed,20.2653,5.495408,faster
np.prod (float64),Reduction,float64,1000,,0.0028,0.0013,available,,not_measured,managed,0.0013,2.153846,faster
np.prod (float64),Reduction,float64,100000,,3.1397,1.1493,available,,not_measured,managed,1.1493,2.731837,faster
np.prod (float64),Reduction,float64,10000000,,781.8775,432.8116,available,,not_measured,managed,432.8116,1.806508,faster
np.prod (int64),Reduction,int64,1000,,0.0021,0.0012,available,,not_measured,managed,0.0012,1.75,faster
np.prod (int64),Reduction,int64,100000,,0.125,0.0412,available,,not_measured,managed,0.0412,3.033981,faster
np.prod (int64),Reduction,int64,10000000,,14.3693,8.8045,available,,not_measured,managed,8.8045,1.63204,faster
np.prod axis=0 (float64),Reduction,float64,1000,,0.0024,0.0014,available,,not_measured,managed,0.0014,1.714286,faster
np.prod axis=0 (float64),Reduction,float64,100000,,0.0229,0.02,available,,not_measured,managed,0.02,1.145,faster
np.prod axis=0 (float64),Reduction,float64,10000000,,136.4983,115.4239,available,,not_measured,managed,115.4239,1.182583,faster
np.prod axis=0 (int64),Reduction,int64,1000,,0.0019,0.0014,available,,not_measured,managed,0.0014,1.357143,faster
np.prod axis=0 (int64),Reduction,int64,100000,,0.0608,0.0411,available,,not_measured,managed,0.0411,1.479319,faster
np.prod axis=0 (int64),Reduction,int64,10000000,,10.4097,8.8008,available,,not_measured,managed,8.8008,1.182813,faster
np.prod axis=1 (float64),Reduction,float64,1000,,0.0019,0.0011,available,,not_measured,managed,0.0011,1.727273,faster
np.prod axis=1 (float64),Reduction,float64,100000,,0.1352,0.0116,available,,not_measured,managed,0.0116,11.655172,faster
np.prod axis=1 (float64),Reduction,float64,10000000,,205.8149,8.3839,available,,not_measured,managed,8.3839,24.548826,negligible
np.prod axis=1 (int64),Reduction,int64,1000,,0.0019,0.0019,available,,not_measured,managed,0.0019,1.0,close
np.prod axis=1 (int64),Reduction,int64,100000,,0.1321,0.0465,available,,not_measured,managed,0.0465,2.84086,faster
np.prod axis=1 (int64),Reduction,int64,10000000,,14.1678,8.7016,available,,not_measured,managed,8.7016,1.628183,faster
np.std (float16),Reduction,float16,1000,,0.0184,0.0045,available,,not_measured,managed,0.0045,4.088889,faster
np.std (float16),Reduction,float16,100000,,0.8909,0.3964,available,,not_measured,managed,0.3964,2.247477,faster
np.std (float16),Reduction,float16,10000000,,192.0947,39.1442,available,,not_measured,managed,39.1442,4.90736,faster
np.std (float32),Reduction,float32,1000,,0.0081,0.0018,available,,not_measured,managed,0.0018,4.5,faster
np.std (float32),Reduction,float32,100000,,0.0509,0.0194,available,,not_measured,managed,0.0194,2.623711,faster
np.std (float32),Reduction,float32,10000000,,36.9347,10.8179,available,,not_measured,managed,10.8179,3.414221,faster
np.std (float64),Reduction,float64,1000,,0.0066,0.0013,available,,not_measured,managed,0.0013,5.076923,faster
np.std (float64),Reduction,float64,100000,,0.0603,0.0386,available,,not_measured,managed,0.0386,1.562176,faster
np.std (float64),Reduction,float64,10000000,,70.7471,17.6173,available,,not_measured,managed,17.6173,4.015774,faster
np.std axis=0 (float16),Reduction,float16,1000,,0.0202,0.0116,available,,not_measured,managed,0.0116,1.741379,faster
np.std axis=0 (float16),Reduction,float16,100000,,1.0888,0.8486,available,,not_measured,managed,0.8486,1.283054,faster
np.std axis=0 (float16),Reduction,float16,10000000,,280.8669,198.9534,available,,not_measured,managed,198.9534,1.411722,faster
np.std axis=0 (float32),Reduction,float32,1000,,0.0085,0.0045,available,,not_measured,managed,0.0045,1.888889,faster
np.std axis=0 (float32),Reduction,float32,100000,,0.039,0.0675,available,,not_measured,managed,0.0675,0.577778,slower
np.std axis=0 (float32),Reduction,float32,10000000,,30.1268,9.9118,available,,not_measured,managed,9.9118,3.039488,faster
np.std axis=0 (float64),Reduction,float64,1000,,0.0089,0.0018,available,,not_measured,managed,0.0018,4.944444,faster
np.std axis=0 (float64),Reduction,float64,100000,,0.0699,0.0466,available,,not_measured,managed,0.0466,1.5,faster
np.std axis=0 (float64),Reduction,float64,10000000,,63.3249,17.5379,available,,not_measured,managed,17.5379,3.610746,faster
np.sum (complex128),Reduction,complex128,1000,,0.0018,0.0013,available,,not_measured,managed,0.0013,1.384615,faster
np.sum (complex128),Reduction,complex128,100000,,0.0335,0.0224,available,,not_measured,managed,0.0224,1.495536,faster
np.sum (complex128),Reduction,complex128,10000000,,19.6041,16.2803,available,,not_measured,managed,16.2803,1.204161,faster
np.sum (float16),Reduction,float16,1000,,0.0036,0.0015,available,,not_measured,managed,0.0015,2.4,faster
np.sum (float16),Reduction,float16,100000,,0.2021,0.0692,available,,not_measured,managed,0.0692,2.92052,faster
np.sum (float16),Reduction,float16,10000000,,27.3212,6.7499,available,,not_measured,managed,6.7499,4.047645,faster
np.sum (float32),Reduction,float32,1000,,0.0021,0.0012,available,,not_measured,managed,0.0012,1.75,faster
np.sum (float32),Reduction,float32,100000,,0.0164,0.006,available,,not_measured,managed,0.006,2.733333,faster
np.sum (float32),Reduction,float32,10000000,,14.1934,3.5366,available,,not_measured,managed,3.5366,4.01329,faster
np.sum (float64),Reduction,float64,1000,,0.0017,0.0051,available,,not_measured,managed,0.0051,0.333333,slower
np.sum (float64),Reduction,float64,100000,,0.0166,0.1965,available,,not_measured,managed,0.1965,0.084478,much_slower
np.sum (float64),Reduction,float64,10000000,,17.0316,13.0861,available,,not_measured,managed,13.0861,1.301503,faster
np.sum (int16),Reduction,int16,1000,,0.0029,0.0012,available,,not_measured,managed,0.0012,2.416667,faster
np.sum (int16),Reduction,int16,100000,,0.0331,0.0444,available,,not_measured,managed,0.0444,0.745495,slower
np.sum (int16),Reduction,int16,10000000,,8.2762,4.8896,available,,not_measured,managed,4.8896,1.692613,faster
np.sum (int32),Reduction,int32,1000,,0.0022,0.0022,available,,not_measured,managed,0.0022,1.0,close
np.sum (int32),Reduction,int32,100000,,0.0349,0.0469,available,,not_measured,managed,0.0469,0.744136,slower
np.sum (int32),Reduction,int32,10000000,,9.0799,5.5298,available,,not_measured,managed,5.5298,1.641994,faster
np.sum (int64),Reduction,int64,1000,,0.0017,0.0016,available,,not_measured,managed,0.0016,1.0625,faster
np.sum (int64),Reduction,int64,100000,,0.0196,0.0089,available,,not_measured,managed,0.0089,2.202247,faster
np.sum (int64),Reduction,int64,10000000,,9.5751,7.7586,available,,not_measured,managed,7.7586,1.234127,faster
np.sum (int8),Reduction,int8,1000,,0.0021,0.0012,available,,not_measured,managed,0.0012,1.75,faster
np.sum (int8),Reduction,int8,100000,,0.0328,0.0476,available,,not_measured,managed,0.0476,0.689076,slower
np.sum (int8),Reduction,int8,10000000,,10.0067,4.8994,available,,not_measured,managed,4.8994,2.042434,faster
np.sum (uint16),Reduction,uint16,1000,,0.0021,0.0011,available,,not_measured,managed,0.0011,1.909091,faster
np.sum (uint16),Reduction,uint16,100000,,0.0334,0.0392,available,,not_measured,managed,0.0392,0.852041,close
np.sum (uint16),Reduction,uint16,10000000,,7.9149,4.3095,available,,not_measured,managed,4.3095,1.836617,faster
np.sum (uint32),Reduction,uint32,1000,,0.0021,0.0019,available,,not_measured,managed,0.0019,1.105263,faster
np.sum (uint32),Reduction,uint32,100000,,0.0327,0.044,available,,not_measured,managed,0.044,0.743182,slower
np.sum (uint32),Reduction,uint32,10000000,,9.3258,5.3606,available,,not_measured,managed,5.3606,1.739693,faster
np.sum (uint64),Reduction,uint64,1000,,0.0018,0.0013,available,,not_measured,managed,0.0013,1.384615,faster
np.sum (uint64),Reduction,uint64,100000,,0.0199,0.009,available,,not_measured,managed,0.009,2.211111,faster
np.sum (uint64),Reduction,uint64,10000000,,10.9474,8.3894,available,,not_measured,managed,8.3894,1.304909,faster
np.sum (uint8),Reduction,uint8,1000,,0.0022,0.0011,available,,not_measured,managed,0.0011,2.0,faster
np.sum (uint8),Reduction,uint8,100000,,0.0344,0.0407,available,,not_measured,managed,0.0407,0.845209,close
np.sum (uint8),Reduction,uint8,10000000,,8.3186,3.7122,available,,not_measured,managed,3.7122,2.240881,faster
np.sum axis=0 (complex128),Reduction,complex128,1000,,0.0021,0.0041,available,,not_measured,managed,0.0041,0.512195,slower
np.sum axis=0 (complex128),Reduction,complex128,100000,,0.0247,0.0406,available,,not_measured,managed,0.0406,0.608374,slower
np.sum axis=0 (complex128),Reduction,complex128,10000000,,20.5472,17.9939,available,,not_measured,managed,17.9939,1.141898,faster
np.sum axis=0 (float16),Reduction,float16,1000,,0.005,0.0077,available,,not_measured,managed,0.0077,0.649351,slower
np.sum axis=0 (float16),Reduction,float16,100000,,0.2935,0.1531,available,,not_measured,managed,0.1531,1.917048,faster
np.sum axis=0 (float16),Reduction,float16,10000000,,71.5402,13.9083,available,,not_measured,managed,13.9083,5.143706,faster
np.sum axis=0 (float32),Reduction,float32,1000,,0.0019,0.0039,available,,not_measured,managed,0.0039,0.487179,slower
np.sum axis=0 (float32),Reduction,float32,100000,,0.0095,0.0154,available,,not_measured,managed,0.0154,0.616883,slower
np.sum axis=0 (float32),Reduction,float32,10000000,,4.7269,4.563,available,,not_measured,managed,4.563,1.035919,close
np.sum axis=0 (float64),Reduction,float64,1000,,0.0019,0.0037,available,,not_measured,managed,0.0037,0.513514,slower
np.sum axis=0 (float64),Reduction,float64,100000,,0.0137,0.0232,available,,not_measured,managed,0.0232,0.590517,slower
np.sum axis=0 (float64),Reduction,float64,10000000,,10.5965,8.9235,available,,not_measured,managed,8.9235,1.187482,faster
np.sum axis=0 (int16),Reduction,int16,1000,,0.0024,0.0019,available,,not_measured,managed,0.0019,1.263158,faster
np.sum axis=0 (int16),Reduction,int16,100000,,0.0466,0.0101,available,,not_measured,managed,0.0101,4.613861,faster
np.sum axis=0 (int16),Reduction,int16,10000000,,7.6141,1.3052,available,,not_measured,managed,1.3052,5.833665,faster
np.sum axis=0 (int32),Reduction,int32,1000,,0.0025,0.0013,available,,not_measured,managed,0.0013,1.923077,faster
np.sum axis=0 (int32),Reduction,int32,100000,,0.0479,0.0148,available,,not_measured,managed,0.0148,3.236486,faster
np.sum axis=0 (int32),Reduction,int32,10000000,,13.0732,4.2797,available,,not_measured,managed,4.2797,3.0547,faster
np.sum axis=0 (int64),Reduction,int64,1000,,0.002,0.0016,available,,not_measured,managed,0.0016,1.25,faster
np.sum axis=0 (int64),Reduction,int64,100000,,0.0273,0.02,available,,not_measured,managed,0.02,1.365,faster
np.sum axis=0 (int64),Reduction,int64,10000000,,9.3235,9.0723,available,,not_measured,managed,9.0723,1.027689,close
np.sum axis=0 (int8),Reduction,int8,1000,,0.0024,0.0018,available,,not_measured,managed,0.0018,1.333333,faster
np.sum axis=0 (int8),Reduction,int8,100000,,0.0465,0.0097,available,,not_measured,managed,0.0097,4.793814,faster
np.sum axis=0 (int8),Reduction,int8,10000000,,11.1181,0.7991,available,,not_measured,managed,0.7991,13.913277,faster
np.sum axis=0 (uint16),Reduction,uint16,1000,,0.0024,0.0019,available,,not_measured,managed,0.0019,1.263158,faster
np.sum axis=0 (uint16),Reduction,uint16,100000,,0.0464,0.0101,available,,not_measured,managed,0.0101,4.594059,faster
np.sum axis=0 (uint16),Reduction,uint16,10000000,,13.373,2.3995,available,,not_measured,managed,2.3995,5.573244,faster
np.sum axis=0 (uint32),Reduction,uint32,1000,,0.0024,0.0011,available,,not_measured,managed,0.0011,2.181818,faster
np.sum axis=0 (uint32),Reduction,uint32,100000,,0.0466,0.0148,available,,not_measured,managed,0.0148,3.148649,faster
np.sum axis=0 (uint32),Reduction,uint32,10000000,,12.1949,4.3908,available,,not_measured,managed,4.3908,2.777375,faster
np.sum axis=0 (uint64),Reduction,uint64,1000,,0.002,0.0011,available,,not_measured,managed,0.0011,1.818182,faster
np.sum axis=0 (uint64),Reduction,uint64,100000,,0.0272,0.0201,available,,not_measured,managed,0.0201,1.353234,faster
np.sum axis=0 (uint64),Reduction,uint64,10000000,,10.3903,9.0387,available,,not_measured,managed,9.0387,1.149535,faster
np.sum axis=0 (uint8),Reduction,uint8,1000,,0.0025,0.0017,available,,not_measured,managed,0.0017,1.470588,faster
np.sum axis=0 (uint8),Reduction,uint8,100000,,0.0506,0.0097,available,,not_measured,managed,0.0097,5.216495,faster
np.sum axis=0 (uint8),Reduction,uint8,10000000,,10.8284,0.7581,available,,not_measured,managed,0.7581,14.283604,faster
np.sum axis=1 (complex128),Reduction,complex128,1000,,0.002,0.0042,available,,not_measured,managed,0.0042,0.47619,slower
np.sum axis=1 (complex128),Reduction,complex128,100000,,0.0343,0.05,available,,not_measured,managed,0.05,0.686,slower
np.sum axis=1 (complex128),Reduction,complex128,10000000,,20.4541,18.5878,available,,not_measured,managed,18.5878,1.100405,faster
np.sum axis=1 (float16),Reduction,float16,1000,,0.0038,0.0072,available,,not_measured,managed,0.0072,0.527778,slower
np.sum axis=1 (float16),Reduction,float16,100000,,0.2102,0.0845,available,,not_measured,managed,0.0845,2.487574,faster
np.sum axis=1 (float16),Reduction,float16,10000000,,32.4611,6.8456,available,,not_measured,managed,6.8456,4.741893,faster
np.sum axis=1 (float32),Reduction,float32,1000,,0.0019,0.0036,available,,not_measured,managed,0.0036,0.527778,slower
np.sum axis=1 (float32),Reduction,float32,100000,,0.0164,0.0207,available,,not_measured,managed,0.0207,0.792271,slower
np.sum axis=1 (float32),Reduction,float32,10000000,,9.8683,4.5761,available,,not_measured,managed,4.5761,2.156487,faster
np.sum axis=1 (float64),Reduction,float64,1000,,0.0019,0.0039,available,,not_measured,managed,0.0039,0.487179,slower
np.sum axis=1 (float64),Reduction,float64,100000,,0.0177,0.0235,available,,not_measured,managed,0.0235,0.753191,slower
np.sum axis=1 (float64),Reduction,float64,10000000,,15.7809,9.1455,available,,not_measured,managed,9.1455,1.725537,faster
np.sum axis=1 (int16),Reduction,int16,1000,,0.0023,0.0011,available,,not_measured,managed,0.0011,2.090909,faster
np.sum axis=1 (int16),Reduction,int16,100000,,0.0364,0.0073,available,,not_measured,managed,0.0073,4.986301,faster
np.sum axis=1 (int16),Reduction,int16,10000000,,8.3203,1.2739,available,,not_measured,managed,1.2739,6.53136,faster
np.sum axis=1 (int32),Reduction,int32,1000,,0.0025,0.001,available,,not_measured,managed,0.001,2.5,faster
np.sum axis=1 (int32),Reduction,int32,100000,,0.0376,0.0104,available,,not_measured,managed,0.0104,3.615385,faster
np.sum axis=1 (int32),Reduction,int32,10000000,,9.3102,4.9116,available,,not_measured,managed,4.9116,1.895553,faster
np.sum axis=1 (int64),Reduction,int64,1000,,0.0019,0.0014,available,,not_measured,managed,0.0014,1.357143,faster
np.sum axis=1 (int64),Reduction,int64,100000,,0.0182,0.0117,available,,not_measured,managed,0.0117,1.555556,faster
np.sum axis=1 (int64),Reduction,int64,10000000,,9.2342,10.0112,available,,not_measured,managed,10.0112,0.922387,close
np.sum axis=1 (int8),Reduction,int8,1000,,0.0023,0.0011,available,,not_measured,managed,0.0011,2.090909,faster
np.sum axis=1 (int8),Reduction,int8,100000,,0.0383,0.0071,available,,not_measured,managed,0.0071,5.394366,faster
np.sum axis=1 (int8),Reduction,int8,10000000,,8.8018,0.5039,available,,not_measured,managed,0.5039,17.467355,faster
np.sum axis=1 (uint16),Reduction,uint16,1000,,0.0023,0.0011,available,,not_measured,managed,0.0011,2.090909,faster
np.sum axis=1 (uint16),Reduction,uint16,100000,,0.0364,0.0072,available,,not_measured,managed,0.0072,5.055556,faster
np.sum axis=1 (uint16),Reduction,uint16,10000000,,10.0553,1.7307,available,,not_measured,managed,1.7307,5.809961,faster
np.sum axis=1 (uint32),Reduction,uint32,1000,,0.0023,0.001,available,,not_measured,managed,0.001,2.3,faster
np.sum axis=1 (uint32),Reduction,uint32,100000,,0.0364,0.0098,available,,not_measured,managed,0.0098,3.714286,faster
np.sum axis=1 (uint32),Reduction,uint32,10000000,,9.3601,5.7486,available,,not_measured,managed,5.7486,1.62824,faster
np.sum axis=1 (uint64),Reduction,uint64,1000,,0.0019,0.0014,available,,not_measured,managed,0.0014,1.357143,faster
np.sum axis=1 (uint64),Reduction,uint64,100000,,0.0165,0.0122,available,,not_measured,managed,0.0122,1.352459,faster
np.sum axis=1 (uint64),Reduction,uint64,10000000,,10.4102,9.0228,available,,not_measured,managed,9.0228,1.153766,faster
np.sum axis=1 (uint8),Reduction,uint8,1000,,0.0025,0.001,available,,not_measured,managed,0.001,2.5,faster
np.sum axis=1 (uint8),Reduction,uint8,100000,,0.0378,0.0073,available,,not_measured,managed,0.0073,5.178082,faster
np.sum axis=1 (uint8),Reduction,uint8,10000000,,8.5102,0.5054,available,,not_measured,managed,0.5054,16.838544,faster
np.var (float16),Reduction,float16,1000,,0.0177,0.0045,available,,not_measured,managed,0.0045,3.933333,faster
np.var (float16),Reduction,float16,100000,,0.8977,0.3902,available,,not_measured,managed,0.3902,2.300615,faster
np.var (float16),Reduction,float16,10000000,,187.6671,40.2336,available,,not_measured,managed,40.2336,4.664437,faster
np.var (float32),Reduction,float32,1000,,0.0078,0.0011,available,,not_measured,managed,0.0011,7.090909,faster
np.var (float32),Reduction,float32,100000,,0.0456,0.0189,available,,not_measured,managed,0.0189,2.412698,faster
np.var (float32),Reduction,float32,10000000,,34.9192,8.6727,available,,not_measured,managed,8.6727,4.026336,faster
np.var (float64),Reduction,float64,1000,,0.0064,0.0014,available,,not_measured,managed,0.0014,4.571429,faster
np.var (float64),Reduction,float64,100000,,0.061,0.0364,available,,not_measured,managed,0.0364,1.675824,faster
np.var (float64),Reduction,float64,10000000,,71.4564,20.3768,available,,not_measured,managed,20.3768,3.506753,faster
np.var axis=0 (float16),Reduction,float16,1000,,0.0216,0.0112,available,,not_measured,managed,0.0112,1.928571,faster
np.var axis=0 (float16),Reduction,float16,100000,,1.0896,0.8299,available,,not_measured,managed,0.8299,1.312929,faster
np.var axis=0 (float16),Reduction,float16,10000000,,287.5678,199.6234,available,,not_measured,managed,199.6234,1.440552,faster
np.var axis=0 (float32),Reduction,float32,1000,,0.0084,0.0041,available,,not_measured,managed,0.0041,2.04878,faster
np.var axis=0 (float32),Reduction,float32,100000,,0.0385,0.0656,available,,not_measured,managed,0.0656,0.58689,slower
np.var axis=0 (float32),Reduction,float32,10000000,,32.8329,10.2918,available,,not_measured,managed,10.2918,3.1902,faster
np.var axis=0 (float64),Reduction,float64,1000,,0.0071,0.0014,available,,not_measured,managed,0.0014,5.071429,faster
np.var axis=0 (float64),Reduction,float64,100000,,0.0652,0.0455,available,,not_measured,managed,0.0455,1.432967,faster
np.var axis=0 (float64),Reduction,float64,10000000,,66.3746,17.5236,available,,not_measured,managed,17.5236,3.787726,faster
"np.choose(selector, choices) (float64)",Selection,float64,1000,,0.0059,0.0072,available,,not_measured,managed,0.0072,0.819444,close
"np.choose(selector, choices) (float64)",Selection,float64,100000,,0.5978,0.311,available,,not_measured,managed,0.311,1.922186,faster
"np.compress(mask, a) (float64)",Selection,float64,1000,,0.0025,0.0026,available,,not_measured,managed,0.0026,0.961538,close
"np.compress(mask, a) (float64)",Selection,float64,100000,,0.0969,0.1359,available,,not_measured,managed,0.1359,0.713024,slower
np.diag_indices(n) (float64),Selection,float64,1000,,0.0005,0.002,available,,not_measured,managed,0.002,0.25,negligible
np.diag_indices(n) (float64),Selection,float64,100000,,0.0006,0.002,available,,not_measured,managed,0.002,0.3,negligible
np.diag_indices_from(a) (float64),Selection,float64,1000,,0.0044,0.0019,available,,not_measured,managed,0.0019,2.315789,faster
np.diag_indices_from(a) (float64),Selection,float64,100000,,0.0048,0.0024,available,,not_measured,managed,0.0024,2.0,faster
"np.extract(mask, a) (float64)",Selection,float64,1000,,0.0032,0.0025,available,,not_measured,managed,0.0025,1.28,faster
"np.extract(mask, a) (float64)",Selection,float64,100000,,0.0974,0.1365,available,,not_measured,managed,0.1365,0.713553,slower
np.indices(shape) (float64),Selection,float64,1000,,0.0026,0.0039,available,,not_measured,managed,0.0039,0.666667,slower
np.indices(shape) (float64),Selection,float64,100000,,0.3553,0.4648,available,,not_measured,managed,0.4648,0.764415,slower
"np.mask_indices(n, triu) (float64)",Selection,float64,1000,,0.0087,0.0145,available,,not_measured,managed,0.0145,0.6,slower
"np.mask_indices(n, triu) (float64)",Selection,float64,100000,,0.7608,0.7025,available,,not_measured,managed,0.7025,1.082989,faster
"np.place(a, mask, values) (float64)",Selection,float64,1000,,0.0014,0.0007,available,,not_measured,managed,0.0007,2.0,negligible
"np.place(a, mask, values) (float64)",Selection,float64,100000,,0.3183,0.3169,available,,not_measured,managed,0.3169,1.004418,close
"np.put(a, indices, values) (float64)",Selection,float64,1000,,0.0021,0.0058,available,,not_measured,managed,0.0058,0.362069,slower
"np.put(a, indices, values) (float64)",Selection,float64,100000,,0.1124,0.1553,available,,not_measured,managed,0.1553,0.72376,slower
"np.ravel_multi_index(coords, dims) (float64)",Selection,float64,1000,,0.0015,0.0029,available,,not_measured,managed,0.0029,0.517241,slower
"np.ravel_multi_index(coords, dims) (float64)",Selection,float64,100000,,0.0722,0.2274,available,,not_measured,managed,0.2274,0.317502,much_slower
"np.select(condlist, choicelist) (float64)",Selection,float64,1000,,0.0144,0.0059,available,,not_measured,managed,0.0059,2.440678,faster
"np.select(condlist, choicelist) (float64)",Selection,float64,100000,,0.7209,0.1941,available,,not_measured,managed,0.1941,3.714065,faster
"np.take(a, indices) (float64)",Selection,float64,1000,,0.0015,0.0031,available,,not_measured,managed,0.0031,0.483871,slower
"np.take(a, indices) (float64)",Selection,float64,100000,,0.0585,0.1404,available,,not_measured,managed,0.1404,0.416667,slower
"np.take_along_axis(a, indices) (float64)",Selection,float64,1000,,0.0019,0.0024,available,,not_measured,managed,0.0024,0.791667,slower
"np.take_along_axis(a, indices) (float64)",Selection,float64,100000,,0.0276,0.0995,available,,not_measured,managed,0.0995,0.277387,much_slower
np.tril_indices_from(a) (float64),Selection,float64,1000,,0.011,0.0056,available,,not_measured,managed,0.0056,1.964286,faster
np.tril_indices_from(a) (float64),Selection,float64,100000,,0.0724,0.1265,available,,not_measured,managed,0.1265,0.572332,slower
np.triu_indices_from(a) (float64),Selection,float64,1000,,0.0136,0.0063,available,,not_measured,managed,0.0063,2.15873,faster
np.triu_indices_from(a) (float64),Selection,float64,100000,,0.0723,0.1214,available,,not_measured,managed,0.1214,0.595552,slower
"np.unravel_index(indices, shape) (float64)",Selection,float64,1000,,0.0018,0.0022,available,,not_measured,managed,0.0022,0.818182,close
"np.unravel_index(indices, shape) (float64)",Selection,float64,100000,,0.1016,0.1932,available,,not_measured,managed,0.1932,0.52588,slower
np.where(cond) (float64),Selection,float64,1000,,0.0009,0.0019,available,,not_measured,managed,0.0019,0.473684,negligible
np.where(cond) (float64),Selection,float64,100000,,0.0298,0.1407,available,,not_measured,managed,0.1407,0.211798,much_slower
np.where(cond) (float64),Selection,float64,10000000,,14.0954,10.5911,available,,not_measured,managed,10.5911,1.330872,faster
"np.where(cond, a, b) (float64)",Selection,float64,1000,,0.0017,0.0033,available,,not_measured,managed,0.0033,0.515152,slower
"np.where(cond, a, b) (float64)",Selection,float64,100000,,0.0404,0.1834,available,,not_measured,managed,0.1834,0.220284,much_slower
"np.where(cond, a, b) (float64)",Selection,float64,10000000,,28.3428,38.2127,available,,not_measured,managed,38.2127,0.741712,slower
a[100:1000] (contiguous slice),Slicing,float64,1000,,0.0002,0.002,available,,not_measured,managed,0.002,0.1,negligible
a[100:1000] (contiguous slice),Slicing,float64,100000,,0.0002,0.0022,available,,not_measured,managed,0.0022,0.090909,negligible
a[100:1000] (contiguous slice),Slicing,float64,10000000,,0.0002,0.0019,available,,not_measured,managed,0.0019,0.105263,negligible
a[100:1000] * 2,Slicing,float64,1000,,0.0009,0.0077,available,,not_measured,managed,0.0077,0.116883,negligible
a[100:1000] * 2,Slicing,float64,100000,,0.001,0.0079,available,,not_measured,managed,0.0079,0.126582,much_slower
a[100:1000] * 2,Slicing,float64,10000000,,0.001,0.0096,available,,not_measured,managed,0.0096,0.104167,much_slower
a[100:1000].copy(),Slicing,float64,1000,,0.0005,0.0064,available,,not_measured,managed,0.0064,0.078125,negligible
a[100:1000].copy(),Slicing,float64,100000,,0.0005,0.0074,available,,not_measured,managed,0.0074,0.067568,negligible
a[100:1000].copy(),Slicing,float64,10000000,,0.0005,0.0071,available,,not_measured,managed,0.0071,0.070423,negligible
"a[10:100, :] (row slice 2D)",Slicing,float64,1000,,0.0002,0.0029,available,,not_measured,managed,0.0029,0.068966,negligible
"a[10:100, :] (row slice 2D)",Slicing,float64,100000,,0.0002,0.003,available,,not_measured,managed,0.003,0.066667,negligible
"a[10:100, :] (row slice 2D)",Slicing,float64,10000000,,0.0002,0.0033,available,,not_measured,managed,0.0033,0.060606,negligible
"a[:, 10:100] (col slice 2D)",Slicing,float64,1000,,0.0002,0.0028,available,,not_measured,managed,0.0028,0.071429,negligible
"a[:, 10:100] (col slice 2D)",Slicing,float64,100000,,0.0002,0.0029,available,,not_measured,managed,0.0029,0.068966,negligible
"a[:, 10:100] (col slice 2D)",Slicing,float64,10000000,,0.0002,0.0029,available,,not_measured,managed,0.0029,0.068966,negligible
a[::-1] (reversed),Slicing,float64,1000,,0.0001,0.0021,available,,not_measured,managed,0.0021,0.047619,negligible
a[::-1] (reversed),Slicing,float64,100000,,0.0001,0.0021,available,,not_measured,managed,0.0021,0.047619,negligible
a[::-1] (reversed),Slicing,float64,10000000,,0.0001,0.0021,available,,not_measured,managed,0.0021,0.047619,negligible
a[::2] (strided slice),Slicing,float64,1000,,0.0002,0.0019,available,,not_measured,managed,0.0019,0.105263,negligible
a[::2] (strided slice),Slicing,float64,100000,,0.0002,0.002,available,,not_measured,managed,0.002,0.1,negligible
a[::2] (strided slice),Slicing,float64,10000000,,0.0002,0.0021,available,,not_measured,managed,0.0021,0.095238,negligible
a[::2] * 2,Slicing,float64,1000,,0.0011,0.0103,available,,not_measured,managed,0.0103,0.106796,much_slower
a[::2] * 2,Slicing,float64,100000,,0.015,0.2743,available,,not_measured,managed,0.2743,0.054685,much_slower
a[::2] * 2,Slicing,float64,10000000,,9.8801,24.1133,available,,not_measured,managed,24.1133,0.409737,slower
np.copy(a[100:1000]),Slicing,float64,1000,,0.0006,0.0066,available,,not_measured,managed,0.0066,0.090909,negligible
np.copy(a[100:1000]),Slicing,float64,100000,,0.0007,0.0068,available,,not_measured,managed,0.0068,0.102941,negligible
np.copy(a[100:1000]),Slicing,float64,10000000,,0.0007,0.0069,available,,not_measured,managed,0.0069,0.101449,negligible
"np.argpartition(a, kth) (float32)",Sorting,float32,1000,,0.0046,0.0142,available,,not_measured,managed,0.0142,0.323944,much_slower
"np.argpartition(a, kth) (float32)",Sorting,float32,100000,,0.1442,1.0098,available,,not_measured,managed,1.0098,0.142801,much_slower
"np.argpartition(a, kth) (float64)",Sorting,float64,1000,,0.0043,0.0197,available,,not_measured,managed,0.0197,0.218274,much_slower
"np.argpartition(a, kth) (float64)",Sorting,float64,100000,,0.3484,0.7554,available,,not_measured,managed,0.7554,0.461213,slower
"np.argpartition(a, kth) (int32)",Sorting,int32,1000,,0.0034,0.0126,available,,not_measured,managed,0.0126,0.269841,much_slower
"np.argpartition(a, kth) (int32)",Sorting,int32,100000,,0.1195,1.0814,available,,not_measured,managed,1.0814,0.110505,much_slower
"np.argpartition(a, kth) (int64)",Sorting,int64,1000,,0.0037,0.0125,available,,not_measured,managed,0.0125,0.296,much_slower
"np.argpartition(a, kth) (int64)",Sorting,int64,100000,,0.135,1.3041,available,,not_measured,managed,1.3041,0.10352,much_slower
np.argsort(a) (float32),Sorting,float32,1000,,0.0116,0.0308,available,,not_measured,managed,0.0308,0.376623,slower
np.argsort(a) (float32),Sorting,float32,100000,,1.5773,1.8744,available,,not_measured,managed,1.8744,0.841496,close
np.argsort(a) (float32),Sorting,float32,10000000,,1380.4366,242.2219,available,,not_measured,managed,242.2219,5.699058,faster
np.argsort(a) (float64),Sorting,float64,1000,,0.0104,0.0362,available,,not_measured,managed,0.0362,0.287293,much_slower
np.argsort(a) (float64),Sorting,float64,100000,,5.3762,3.5464,available,,not_measured,managed,3.5464,1.51596,faster
np.argsort(a) (float64),Sorting,float64,10000000,,1682.8215,527.7505,available,,not_measured,managed,527.7505,3.188669,faster
np.argsort(a) (int32),Sorting,int32,1000,,0.0119,0.0321,available,,not_measured,managed,0.0321,0.370717,slower
np.argsort(a) (int32),Sorting,int32,100000,,0.419,1.5398,available,,not_measured,managed,1.5398,0.272113,much_slower
np.argsort(a) (int32),Sorting,int32,10000000,,314.4715,217.8821,available,,not_measured,managed,217.8821,1.44331,faster
np.argsort(a) (int64),Sorting,int64,1000,,0.0132,0.0419,available,,not_measured,managed,0.0419,0.315036,much_slower
np.argsort(a) (int64),Sorting,int64,100000,,0.5043,2.6753,available,,not_measured,managed,2.6753,0.188502,much_slower
np.argsort(a) (int64),Sorting,int64,10000000,,489.4145,436.8174,available,,not_measured,managed,436.8174,1.12041,faster
np.argwhere(a) (float32),Sorting,float32,1000,,0.0043,0.0026,available,,not_measured,managed,0.0026,1.653846,faster
np.argwhere(a) (float32),Sorting,float32,100000,,0.3445,0.1858,available,,not_measured,managed,0.1858,1.854144,faster
np.argwhere(a) (float64),Sorting,float64,1000,,0.0045,0.0025,available,,not_measured,managed,0.0025,1.8,faster
np.argwhere(a) (float64),Sorting,float64,100000,,0.3356,0.1705,available,,not_measured,managed,0.1705,1.968328,faster
np.argwhere(a) (int32),Sorting,int32,1000,,0.0033,0.0038,available,,not_measured,managed,0.0038,0.868421,close
np.argwhere(a) (int32),Sorting,int32,100000,,0.3965,0.1757,available,,not_measured,managed,0.1757,2.256688,faster
np.argwhere(a) (int64),Sorting,int64,1000,,0.0033,0.0033,available,,not_measured,managed,0.0033,1.0,close
np.argwhere(a) (int64),Sorting,int64,100000,,0.3785,0.2021,available,,not_measured,managed,0.2021,1.872835,faster
np.flatnonzero(a) (float32),Sorting,float32,1000,,0.0033,0.0033,available,,not_measured,managed,0.0033,1.0,close
np.flatnonzero(a) (float32),Sorting,float32,100000,,0.3082,0.272,available,,not_measured,managed,0.272,1.133088,faster
np.flatnonzero(a) (float64),Sorting,float64,1000,,0.0035,0.0034,available,,not_measured,managed,0.0034,1.029412,close
np.flatnonzero(a) (float64),Sorting,float64,100000,,0.3284,0.2054,available,,not_measured,managed,0.2054,1.598832,faster
np.flatnonzero(a) (int32),Sorting,int32,1000,,0.0022,0.0056,available,,not_measured,managed,0.0056,0.392857,slower
np.flatnonzero(a) (int32),Sorting,int32,100000,,0.1015,0.284,available,,not_measured,managed,0.284,0.357394,slower
np.flatnonzero(a) (int64),Sorting,int64,1000,,0.0022,0.0033,available,,not_measured,managed,0.0033,0.666667,slower
np.flatnonzero(a) (int64),Sorting,int64,100000,,0.1195,0.2857,available,,not_measured,managed,0.2857,0.418271,slower
"np.lexsort((b, a)) (float32)",Sorting,float32,1000,,0.0495,0.0509,available,,not_measured,managed,0.0509,0.972495,close
"np.lexsort((b, a)) (float32)",Sorting,float32,100000,,13.646,3.9166,available,,not_measured,managed,3.9166,3.484144,faster
"np.lexsort((b, a)) (float64)",Sorting,float64,1000,,0.0414,0.0662,available,,not_measured,managed,0.0662,0.625378,slower
"np.lexsort((b, a)) (float64)",Sorting,float64,100000,,19.1601,7.5438,available,,not_measured,managed,7.5438,2.539847,faster
"np.lexsort((b, a)) (int32)",Sorting,int32,1000,,0.0406,0.0591,available,,not_measured,managed,0.0591,0.686971,slower
"np.lexsort((b, a)) (int32)",Sorting,int32,100000,,10.4064,3.4205,available,,not_measured,managed,3.4205,3.042362,faster
"np.lexsort((b, a)) (int64)",Sorting,int64,1000,,0.0407,0.0686,available,,not_measured,managed,0.0686,0.593294,slower
"np.lexsort((b, a)) (int64)",Sorting,int64,100000,,11.2206,5.9445,available,,not_measured,managed,5.9445,1.88756,faster
np.nonzero(a) (float32),Sorting,float32,1000,,0.0027,0.0056,available,,not_measured,managed,0.0056,0.482143,slower
np.nonzero(a) (float32),Sorting,float32,100000,,0.1836,0.1246,available,,not_measured,managed,0.1246,1.473515,faster
np.nonzero(a) (float32),Sorting,float32,10000000,,42.74,22.7602,available,,not_measured,managed,22.7602,1.877839,faster
np.nonzero(a) (float64),Sorting,float64,1000,,0.0026,0.0071,available,,not_measured,managed,0.0071,0.366197,slower
np.nonzero(a) (float64),Sorting,float64,100000,,0.3067,0.1304,available,,not_measured,managed,0.1304,2.351994,faster
np.nonzero(a) (float64),Sorting,float64,10000000,,44.1408,31.8898,available,,not_measured,managed,31.8898,1.384167,faster
np.nonzero(a) (int32),Sorting,int32,1000,,0.0017,0.0082,available,,not_measured,managed,0.0082,0.207317,much_slower
np.nonzero(a) (int32),Sorting,int32,100000,,0.1001,0.1302,available,,not_measured,managed,0.1302,0.768817,slower
np.nonzero(a) (int32),Sorting,int32,10000000,,30.6293,27.9948,available,,not_measured,managed,27.9948,1.094107,faster
np.nonzero(a) (int64),Sorting,int64,1000,,0.0017,0.0083,available,,not_measured,managed,0.0083,0.204819,much_slower
np.nonzero(a) (int64),Sorting,int64,100000,,0.1123,0.1319,available,,not_measured,managed,0.1319,0.851403,close
np.nonzero(a) (int64),Sorting,int64,10000000,,36.8133,31.4035,available,,not_measured,managed,31.4035,1.172267,faster
"np.partition(a, kth) (float32)",Sorting,float32,1000,,0.0023,0.0122,available,,not_measured,managed,0.0122,0.188525,much_slower
"np.partition(a, kth) (float32)",Sorting,float32,100000,,0.1091,0.723,available,,not_measured,managed,0.723,0.150899,much_slower
"np.partition(a, kth) (float64)",Sorting,float64,1000,,0.0032,0.0136,available,,not_measured,managed,0.0136,0.235294,much_slower
"np.partition(a, kth) (float64)",Sorting,float64,100000,,0.3451,0.6587,available,,not_measured,managed,0.6587,0.523911,slower
"np.partition(a, kth) (int32)",Sorting,int32,1000,,0.0017,0.0085,available,,not_measured,managed,0.0085,0.2,much_slower
"np.partition(a, kth) (int32)",Sorting,int32,100000,,0.0269,0.5004,available,,not_measured,managed,0.5004,0.053757,much_slower
"np.partition(a, kth) (int64)",Sorting,int64,1000,,0.0022,0.0102,available,,not_measured,managed,0.0102,0.215686,much_slower
"np.partition(a, kth) (int64)",Sorting,int64,100000,,0.0842,0.6516,available,,not_measured,managed,0.6516,0.12922,much_slower
"np.searchsorted(a, v) (float32)",Sorting,float32,1000,,0.0076,0.0143,available,,not_measured,managed,0.0143,0.531469,slower
"np.searchsorted(a, v) (float32)",Sorting,float32,100000,,2.0767,2.9488,available,,not_measured,managed,2.9488,0.704253,slower
"np.searchsorted(a, v) (float32)",Sorting,float32,10000000,,336.7342,335.8515,available,,not_measured,managed,335.8515,1.002628,close
"np.searchsorted(a, v) (float64)",Sorting,float64,1000,,0.0073,0.0149,available,,not_measured,managed,0.0149,0.489933,slower
"np.searchsorted(a, v) (float64)",Sorting,float64,100000,,2.6466,2.9649,available,,not_measured,managed,2.9649,0.892644,close
"np.searchsorted(a, v) (float64)",Sorting,float64,10000000,,321.3018,335.3476,available,,not_measured,managed,335.3476,0.958116,close
"np.searchsorted(a, v) (int32)",Sorting,int32,1000,,0.0186,0.0111,available,,not_measured,managed,0.0111,1.675676,faster
"np.searchsorted(a, v) (int32)",Sorting,int32,100000,,2.8733,2.993,available,,not_measured,managed,2.993,0.960007,close
"np.searchsorted(a, v) (int32)",Sorting,int32,10000000,,580.1447,325.3454,available,,not_measured,managed,325.3454,1.783166,faster
"np.searchsorted(a, v) (int64)",Sorting,int64,1000,,0.0186,0.0126,available,,not_measured,managed,0.0126,1.47619,faster
"np.searchsorted(a, v) (int64)",Sorting,int64,100000,,2.8826,3.0458,available,,not_measured,managed,3.0458,0.946418,close
"np.searchsorted(a, v) (int64)",Sorting,int64,10000000,,616.9185,329.9762,available,,not_measured,managed,329.9762,1.869585,faster
np.sort(a) (float32),Sorting,float32,1000,,0.003,0.0159,available,,not_measured,managed,0.0159,0.188679,much_slower
np.sort(a) (float32),Sorting,float32,100000,,0.2395,1.199,available,,not_measured,managed,1.199,0.19975,much_slower
np.sort(a) (float64),Sorting,float64,1000,,0.0036,0.0268,available,,not_measured,managed,0.0268,0.134328,much_slower
np.sort(a) (float64),Sorting,float64,100000,,1.295,1.888,available,,not_measured,managed,1.888,0.685911,slower
np.sort(a) (int32),Sorting,int32,1000,,0.0023,0.0099,available,,not_measured,managed,0.0099,0.232323,much_slower
np.sort(a) (int32),Sorting,int32,100000,,0.0949,1.2747,available,,not_measured,managed,1.2747,0.074449,much_slower
np.sort(a) (int64),Sorting,int64,1000,,0.0057,0.0267,available,,not_measured,managed,0.0267,0.213483,much_slower
np.sort(a) (int64),Sorting,int64,100000,,0.275,2.6997,available,,not_measured,managed,2.6997,0.101863,much_slower
np.sort_complex(a) (float32),Sorting,float32,1000,,0.003,0.0218,available,,not_measured,managed,0.0218,0.137615,much_slower
np.sort_complex(a) (float32),Sorting,float32,100000,,0.5673,1.4824,available,,not_measured,managed,1.4824,0.38269,slower
np.sort_complex(a) (float64),Sorting,float64,1000,,0.0044,0.0345,available,,not_measured,managed,0.0345,0.127536,much_slower
np.sort_complex(a) (float64),Sorting,float64,100000,,1.702,2.3338,available,,not_measured,managed,2.3338,0.729283,slower
np.sort_complex(a) (int32),Sorting,int32,1000,,0.003,0.0245,available,,not_measured,managed,0.0245,0.122449,much_slower
np.sort_complex(a) (int32),Sorting,int32,100000,,0.3794,1.6426,available,,not_measured,managed,1.6426,0.230975,much_slower
np.sort_complex(a) (int64),Sorting,int64,1000,,0.0065,0.0378,available,,not_measured,managed,0.0378,0.171958,much_slower
np.sort_complex(a) (int64),Sorting,int64,100000,,0.5453,2.7547,available,,not_measured,managed,2.7547,0.197953,much_slower
np.average(a) (float16),Statistics,float16,1000,,0.0055,0.0021,available,,not_measured,managed,0.0021,2.619048,faster
np.average(a) (float16),Statistics,float16,100000,,0.1086,0.1518,available,,not_measured,managed,0.1518,0.715415,slower
np.average(a) (float16),Statistics,float16,10000000,,17.5051,16.0725,available,,not_measured,managed,16.0725,1.089134,faster
np.average(a) (float32),Statistics,float32,1000,,0.004,0.0013,available,,not_measured,managed,0.0013,3.076923,faster
np.average(a) (float32),Statistics,float32,100000,,0.0177,0.0056,available,,not_measured,managed,0.0056,3.160714,faster
np.average(a) (float32),Statistics,float32,10000000,,10.0614,3.2942,available,,not_measured,managed,3.2942,3.054277,faster
np.average(a) (float64),Statistics,float64,1000,,0.0027,0.0014,available,,not_measured,managed,0.0014,1.928571,faster
np.average(a) (float64),Statistics,float64,100000,,0.0174,0.0088,available,,not_measured,managed,0.0088,1.977273,faster
np.average(a) (float64),Statistics,float64,10000000,,15.1596,7.5822,available,,not_measured,managed,7.5822,1.999367,faster
np.bincount(a) (int32),Statistics,int32,1000,,0.0016,0.0044,available,,not_measured,managed,0.0044,0.363636,slower
np.bincount(a) (int32),Statistics,int32,100000,,0.1017,0.355,available,,not_measured,managed,0.355,0.286479,much_slower
"np.convolve(a, kernel) (float64)",Statistics,float64,1000,,0.0115,0.0158,available,,not_measured,managed,0.0158,0.727848,slower
"np.convolve(a, kernel) (float64)",Statistics,float64,100000,,1.0328,0.4447,available,,not_measured,managed,0.4447,2.322465,faster
"np.convolve(a, v, mode='same')",Statistics,float64,100000,"mode=same,kernel=31",1.134,0.117,available,0.9291,available,managed,0.117,9.692308,faster
"np.corrcoef(a, b) (float64)",Statistics,float64,1000,,0.0189,0.0692,available,,not_measured,managed,0.0692,0.273121,much_slower
"np.corrcoef(a, b) (float64)",Statistics,float64,100000,,0.625,1.6385,available,,not_measured,managed,1.6385,0.381446,slower
"np.correlate(a, kernel) (float64)",Statistics,float64,1000,,0.011,0.0068,available,,not_measured,managed,0.0068,1.617647,faster
"np.correlate(a, kernel) (float64)",Statistics,float64,100000,,1.04,0.4346,available,,not_measured,managed,0.4346,2.393005,faster
"np.correlate(a, v, mode='same')",Statistics,float64,100000,"mode=same,kernel=31",1.2404,0.1155,available,0.9218,available,managed,0.1155,10.739394,faster
np.count_nonzero(a) (float16),Statistics,float16,1000,,0.0018,0.0011,available,,not_measured,managed,0.0011,1.636364,faster
np.count_nonzero(a) (float16),Statistics,float16,100000,,0.1479,0.0809,available,,not_measured,managed,0.0809,1.828183,faster
np.count_nonzero(a) (float16),Statistics,float16,10000000,,26.1555,7.8276,available,,not_measured,managed,7.8276,3.341446,faster
np.count_nonzero(a) (float32),Statistics,float32,1000,,0.0006,0.0004,available,,not_measured,managed,0.0004,1.5,negligible
np.count_nonzero(a) (float32),Statistics,float32,100000,,0.0373,0.0101,available,,not_measured,managed,0.0101,3.693069,faster
np.count_nonzero(a) (float32),Statistics,float32,10000000,,8.2119,4.2777,available,,not_measured,managed,4.2777,1.9197,faster
np.count_nonzero(a) (float64),Statistics,float64,1000,,0.0006,0.0005,available,,not_measured,managed,0.0005,1.2,negligible
np.count_nonzero(a) (float64),Statistics,float64,100000,,0.0392,0.0181,available,,not_measured,managed,0.0181,2.165746,faster
np.count_nonzero(a) (float64),Statistics,float64,10000000,,10.1339,9.1126,available,,not_measured,managed,9.1126,1.112076,faster
"np.cov(a, b) (float64)",Statistics,float64,1000,,0.0142,0.0527,available,,not_measured,managed,0.0527,0.26945,much_slower
"np.cov(a, b) (float64)",Statistics,float64,100000,,0.6032,1.6193,available,,not_measured,managed,1.6193,0.372507,slower
"np.cross(a, b) (float64)",Statistics,float64,1000,,0.0134,0.0763,available,,not_measured,managed,0.0763,0.175623,much_slower
"np.cross(a, b) (float64)",Statistics,float64,100000,,0.663,1.0805,available,,not_measured,managed,1.0805,0.613605,slower
np.diff(a) (float64),Statistics,float64,1000,,0.0017,0.006,available,,not_measured,managed,0.006,0.283333,much_slower
np.diff(a) (float64),Statistics,float64,100000,,0.0154,0.1413,available,,not_measured,managed,0.1413,0.108988,much_slower
"np.digitize(a, bins) (float64)",Statistics,float64,1000,,0.0228,0.0204,available,,not_measured,managed,0.0204,1.117647,faster
"np.digitize(a, bins) (float64)",Statistics,float64,100000,,3.3469,4.555,available,,not_measured,managed,4.555,0.734775,slower
np.ediff1d(a) (float64),Statistics,float64,1000,,0.0012,0.0062,available,,not_measured,managed,0.0062,0.193548,much_slower
np.ediff1d(a) (float64),Statistics,float64,100000,,0.0143,0.1138,available,,not_measured,managed,0.1138,0.125659,much_slower
"np.inner(a, b) (float64)",Statistics,float64,1000,,0.0007,0.0014,available,,not_measured,managed,0.0014,0.5,negligible
"np.inner(a, b) (float64)",Statistics,float64,100000,,0.0864,0.0203,available,0.0075,available,openblas,0.0075,1.08,faster
"np.kron(a, b) (float64)",Statistics,float64,1000,,0.0098,0.007,available,,not_measured,managed,0.007,1.4,faster
"np.kron(a, b) (float64)",Statistics,float64,100000,,0.047,0.111,available,,not_measured,managed,0.111,0.423423,slower
np.median(a) (float16),Statistics,float16,1000,,0.0136,0.0123,available,,not_measured,managed,0.0123,1.105691,faster
np.median(a) (float16),Statistics,float16,100000,,0.9192,1.6642,available,,not_measured,managed,1.6642,0.552337,slower
np.median(a) (float16),Statistics,float16,10000000,,140.6863,124.3057,available,,not_measured,managed,124.3057,1.131777,faster
np.median(a) (float32),Statistics,float32,1000,,0.0111,0.0041,available,,not_measured,managed,0.0041,2.707317,faster
np.median(a) (float32),Statistics,float32,100000,,0.4793,0.3027,available,,not_measured,managed,0.3027,1.583416,faster
np.median(a) (float32),Statistics,float32,10000000,,99.1901,48.6859,available,,not_measured,managed,48.6859,2.037348,faster
np.median(a) (float64),Statistics,float64,1000,,0.0098,0.0042,available,,not_measured,managed,0.0042,2.333333,faster
np.median(a) (float64),Statistics,float64,100000,,0.4878,0.3106,available,,not_measured,managed,0.3106,1.570509,faster
np.median(a) (float64),Statistics,float64,10000000,,115.5351,60.8506,available,,not_measured,managed,60.8506,1.898668,faster
"np.percentile(a, 50) (float16)",Statistics,float16,1000,,0.0282,0.0122,available,,not_measured,managed,0.0122,2.311475,faster
"np.percentile(a, 50) (float16)",Statistics,float16,100000,,1.7854,1.6572,available,,not_measured,managed,1.6572,1.077359,faster
"np.percentile(a, 50) (float16)",Statistics,float16,10000000,,155.0083,123.4448,available,,not_measured,managed,123.4448,1.255689,faster
"np.percentile(a, 50) (float32)",Statistics,float32,1000,,0.0236,0.0041,available,,not_measured,managed,0.0041,5.756098,faster
"np.percentile(a, 50) (float32)",Statistics,float32,100000,,0.7153,0.1844,available,,not_measured,managed,0.1844,3.879067,faster
"np.percentile(a, 50) (float32)",Statistics,float32,10000000,,65.1497,47.5559,available,,not_measured,managed,47.5559,1.36996,faster
"np.percentile(a, 50) (float64)",Statistics,float64,1000,,0.024,0.0043,available,,not_measured,managed,0.0043,5.581395,faster
"np.percentile(a, 50) (float64)",Statistics,float64,100000,,0.7055,0.3298,available,,not_measured,managed,0.3298,2.139175,faster
"np.percentile(a, 50) (float64)",Statistics,float64,10000000,,84.707,60.0197,available,,not_measured,managed,60.0197,1.41132,faster
np.ptp(a) (float16),Statistics,float16,1000,,0.0075,0.0054,available,,not_measured,managed,0.0054,1.388889,faster
np.ptp(a) (float16),Statistics,float16,100000,,1.0071,0.8936,available,,not_measured,managed,0.8936,1.127014,faster
np.ptp(a) (float16),Statistics,float16,10000000,,133.002,89.3665,available,,not_measured,managed,89.3665,1.488276,faster
np.ptp(a) (float32),Statistics,float32,1000,,0.0032,0.0025,available,,not_measured,managed,0.0025,1.28,faster
np.ptp(a) (float32),Statistics,float32,100000,,0.0145,0.0179,available,,not_measured,managed,0.0179,0.810056,close
np.ptp(a) (float32),Statistics,float32,10000000,,8.0124,7.5219,available,,not_measured,managed,7.5219,1.06521,faster
np.ptp(a) (float64),Statistics,float64,1000,,0.0034,0.0027,available,,not_measured,managed,0.0027,1.259259,faster
np.ptp(a) (float64),Statistics,float64,100000,,0.0198,0.0361,available,,not_measured,managed,0.0361,0.548476,slower
np.ptp(a) (float64),Statistics,float64,10000000,,16.7961,16.8288,available,,not_measured,managed,16.8288,0.998057,close
"np.quantile(a, 0.5) (float16)",Statistics,float16,1000,,0.0276,0.0117,available,,not_measured,managed,0.0117,2.358974,faster
"np.quantile(a, 0.5) (float16)",Statistics,float16,100000,,1.7917,1.6678,available,,not_measured,managed,1.6678,1.074289,faster
"np.quantile(a, 0.5) (float16)",Statistics,float16,10000000,,155.4468,125.3833,available,,not_measured,managed,125.3833,1.239773,faster
"np.quantile(a, 0.5) (float32)",Statistics,float32,1000,,0.0227,0.0041,available,,not_measured,managed,0.0041,5.536585,faster
"np.quantile(a, 0.5) (float32)",Statistics,float32,100000,,0.7151,0.2878,available,,not_measured,managed,0.2878,2.484712,faster
"np.quantile(a, 0.5) (float32)",Statistics,float32,10000000,,65.9455,49.2731,available,,not_measured,managed,49.2731,1.338367,faster
"np.quantile(a, 0.5) (float64)",Statistics,float64,1000,,0.0224,0.0043,available,,not_measured,managed,0.0043,5.209302,faster
"np.quantile(a, 0.5) (float64)",Statistics,float64,100000,,0.6986,0.3086,available,,not_measured,managed,0.3086,2.263772,faster
"np.quantile(a, 0.5) (float64)",Statistics,float64,10000000,,82.051,60.9959,available,,not_measured,managed,60.9959,1.345189,faster
np.trace(a) (float64),Statistics,float64,1000,,0.0013,0.0008,available,,not_measured,managed,0.0008,1.625,negligible
np.trace(a) (float64),Statistics,float64,100000,,0.0014,0.001,available,,not_measured,managed,0.001,1.4,faster
a * a (square via multiply) (float16),Unary,float16,1000,,0.0042,0.0095,available,,not_measured,managed,0.0095,0.442105,slower
a * a (square via multiply) (float16),Unary,float16,100000,,0.3071,0.8983,available,,not_measured,managed,0.8983,0.341868,slower
a * a (square via multiply) (float16),Unary,float16,10000000,,72.0856,89.0537,available,,not_measured,managed,89.0537,0.809462,close
a * a (square via multiply) (float32),Unary,float32,1000,,0.0006,0.0021,available,,not_measured,managed,0.0021,0.285714,negligible
a * a (square via multiply) (float32),Unary,float32,100000,,0.0071,0.0531,available,,not_measured,managed,0.0531,0.13371,much_slower
a * a (square via multiply) (float32),Unary,float32,10000000,,14.511,9.1038,available,,not_measured,managed,9.1038,1.59395,faster
a * a (square via multiply) (float64),Unary,float64,1000,,0.0009,0.0029,available,,not_measured,managed,0.0029,0.310345,negligible
a * a (square via multiply) (float64),Unary,float64,100000,,0.0256,0.1049,available,,not_measured,managed,0.1049,0.244042,much_slower
a * a (square via multiply) (float64),Unary,float64,10000000,,28.8264,20.3563,available,,not_measured,managed,20.3563,1.416092,faster
a * a * a (cube via multiply) (float16),Unary,float16,1000,,0.0112,0.0201,available,,not_measured,managed,0.0201,0.557214,slower
a * a * a (cube via multiply) (float16),Unary,float16,100000,,0.9316,2.2267,available,,not_measured,managed,2.2267,0.418377,slower
a * a * a (cube via multiply) (float16),Unary,float16,10000000,,181.0975,223.6628,available,,not_measured,managed,223.6628,0.80969,close
a * a * a (cube via multiply) (float32),Unary,float32,1000,,0.0012,0.0042,available,,not_measured,managed,0.0042,0.285714,much_slower
a * a * a (cube via multiply) (float32),Unary,float32,100000,,0.0141,0.1048,available,,not_measured,managed,0.1048,0.134542,much_slower
a * a * a (cube via multiply) (float32),Unary,float32,10000000,,30.4475,18.974,available,,not_measured,managed,18.974,1.604696,faster
a * a * a (cube via multiply) (float64),Unary,float64,1000,,0.0017,0.0059,available,,not_measured,managed,0.0059,0.288136,much_slower
a * a * a (cube via multiply) (float64),Unary,float64,100000,,0.4749,0.2143,available,,not_measured,managed,0.2143,2.216052,faster
a * a * a (cube via multiply) (float64),Unary,float64,10000000,,62.6698,46.9175,available,,not_measured,managed,46.9175,1.335745,faster
np.abs (float16),Unary,float16,1000,,0.0008,0.0024,available,,not_measured,managed,0.0024,0.333333,negligible
np.abs (float16),Unary,float16,100000,,0.0262,0.0539,available,,not_measured,managed,0.0539,0.486085,slower
np.abs (float16),Unary,float16,10000000,,7.6466,6.0097,available,,not_measured,managed,6.0097,1.272376,faster
np.abs (float32),Unary,float32,1000,,0.0006,0.0023,available,,not_measured,managed,0.0023,0.26087,negligible
np.abs (float32),Unary,float32,100000,,0.0065,0.0648,available,,not_measured,managed,0.0648,0.100309,much_slower
np.abs (float32),Unary,float32,10000000,,14.0453,8.8411,available,,not_measured,managed,8.8411,1.588637,faster
np.abs (float64),Unary,float64,1000,,0.0006,0.003,available,,not_measured,managed,0.003,0.2,negligible
np.abs (float64),Unary,float64,100000,,0.0241,0.1157,available,,not_measured,managed,0.1157,0.208297,much_slower
np.abs (float64),Unary,float64,10000000,,26.3883,19.4369,available,,not_measured,managed,19.4369,1.357639,faster
np.absolute(a) (float16),Unary,float16,1000,,0.001,0.002,available,,not_measured,managed,0.002,0.5,slower
np.absolute(a) (float16),Unary,float16,100000,,0.0268,0.0537,available,,not_measured,managed,0.0537,0.499069,slower
np.absolute(a) (float16),Unary,float16,10000000,,7.8921,5.9375,available,,not_measured,managed,5.9375,1.329196,faster
np.absolute(a) (float32),Unary,float32,1000,,0.0006,0.002,available,,not_measured,managed,0.002,0.3,negligible
np.absolute(a) (float32),Unary,float32,100000,,0.0064,0.0489,available,,not_measured,managed,0.0489,0.130879,much_slower
np.absolute(a) (float32),Unary,float32,10000000,,12.2906,7.4766,available,,not_measured,managed,7.4766,1.643876,faster
np.absolute(a) (float64),Unary,float64,1000,,0.0006,0.0028,available,,not_measured,managed,0.0028,0.214286,negligible
np.absolute(a) (float64),Unary,float64,100000,,0.024,0.1016,available,,not_measured,managed,0.1016,0.23622,much_slower
np.absolute(a) (float64),Unary,float64,10000000,,25.6285,28.7456,available,,not_measured,managed,28.7456,0.891563,close
np.acosh(a) (float16),Unary,float16,1000,,0.009,0.0197,available,,not_measured,managed,0.0197,0.456853,slower
np.acosh(a) (float16),Unary,float16,100000,,0.8472,1.9561,available,,not_measured,managed,1.9561,0.433107,slower
np.acosh(a) (float16),Unary,float16,10000000,,167.6017,195.7513,available,,not_measured,managed,195.7513,0.856197,close
np.acosh(a) (float32),Unary,float32,1000,,0.006,0.011,available,,not_measured,managed,0.011,0.545455,slower
np.acosh(a) (float32),Unary,float32,100000,,0.5453,1.0458,available,,not_measured,managed,1.0458,0.521419,slower
np.acosh(a) (float32),Unary,float32,10000000,,130.1841,103.1075,available,,not_measured,managed,103.1075,1.262606,faster
np.acosh(a) (float64),Unary,float64,1000,,0.0068,0.0142,available,,not_measured,managed,0.0142,0.478873,slower
np.acosh(a) (float64),Unary,float64,100000,,1.4143,1.2841,available,,not_measured,managed,1.2841,1.101394,faster
np.acosh(a) (float64),Unary,float64,10000000,,170.2294,134.7672,available,,not_measured,managed,134.7672,1.263137,faster
np.angle(a) (float16),Unary,float16,1000,,0.0138,0.0234,available,,not_measured,managed,0.0234,0.589744,slower
np.angle(a) (float16),Unary,float16,100000,,1.1215,1.5265,available,,not_measured,managed,1.5265,0.734687,slower
np.angle(a) (float16),Unary,float16,10000000,,169.4794,160.9273,available,,not_measured,managed,160.9273,1.053143,faster
np.angle(a) (float32),Unary,float32,1000,,0.0042,0.0209,available,,not_measured,managed,0.0209,0.200957,much_slower
np.angle(a) (float32),Unary,float32,100000,,1.0538,1.1738,available,,not_measured,managed,1.1738,0.897768,close
np.angle(a) (float32),Unary,float32,10000000,,113.0667,136.2011,available,,not_measured,managed,136.2011,0.830145,close
np.angle(a) (float64),Unary,float64,1000,,0.0045,0.017,available,,not_measured,managed,0.017,0.264706,much_slower
np.angle(a) (float64),Unary,float64,100000,,1.0743,1.1371,available,,not_measured,managed,1.1371,0.944772,close
np.angle(a) (float64),Unary,float64,10000000,,135.0641,119.7345,available,,not_measured,managed,119.7345,1.12803,faster
np.arccos(a) (float16),Unary,float16,1000,,0.0072,0.0165,available,,not_measured,managed,0.0165,0.436364,slower
np.arccos(a) (float16),Unary,float16,100000,,1.1027,2.0931,available,,not_measured,managed,2.0931,0.526826,slower
np.arccos(a) (float16),Unary,float16,10000000,,191.1118,208.267,available,,not_measured,managed,208.267,0.917629,close
np.arccos(a) (float32),Unary,float32,1000,,0.0041,0.0085,available,,not_measured,managed,0.0085,0.482353,slower
np.arccos(a) (float32),Unary,float32,100000,,0.7899,1.2682,available,,not_measured,managed,1.2682,0.622851,slower
np.arccos(a) (float32),Unary,float32,10000000,,147.159,130.2267,available,,not_measured,managed,130.2267,1.130022,faster
np.arccos(a) (float64),Unary,float64,1000,,0.004,0.0098,available,,not_measured,managed,0.0098,0.408163,slower
np.arccos(a) (float64),Unary,float64,100000,,1.4019,1.3701,available,,not_measured,managed,1.3701,1.02321,close
np.arccos(a) (float64),Unary,float64,10000000,,169.539,148.9016,available,,not_measured,managed,148.9016,1.138598,faster
np.arccosh(a) (float16),Unary,float16,1000,,0.009,0.0199,available,,not_measured,managed,0.0199,0.452261,slower
np.arccosh(a) (float16),Unary,float16,100000,,0.8388,1.9352,available,,not_measured,managed,1.9352,0.433444,slower
np.arccosh(a) (float16),Unary,float16,10000000,,166.1165,197.2797,available,,not_measured,managed,197.2797,0.842035,close
np.arccosh(a) (float32),Unary,float32,1000,,0.0062,0.0108,available,,not_measured,managed,0.0108,0.574074,slower
np.arccosh(a) (float32),Unary,float32,100000,,0.5426,1.0445,available,,not_measured,managed,1.0445,0.519483,slower
np.arccosh(a) (float32),Unary,float32,10000000,,129.5268,103.5303,available,,not_measured,managed,103.5303,1.2511,faster
np.arccosh(a) (float64),Unary,float64,1000,,0.007,0.0142,available,,not_measured,managed,0.0142,0.492958,slower
np.arccosh(a) (float64),Unary,float64,100000,,1.4527,1.2973,available,,not_measured,managed,1.2973,1.119787,faster
np.arccosh(a) (float64),Unary,float64,10000000,,165.9589,135.0792,available,,not_measured,managed,135.0792,1.228604,faster
np.arcsin(a) (float16),Unary,float16,1000,,0.0075,0.0173,available,,not_measured,managed,0.0173,0.433526,slower
np.arcsin(a) (float16),Unary,float16,100000,,1.1529,2.1358,available,,not_measured,managed,2.1358,0.539798,slower
np.arcsin(a) (float16),Unary,float16,10000000,,197.1748,216.16,available,,not_measured,managed,216.16,0.912171,close
np.arcsin(a) (float32),Unary,float32,1000,,0.0045,0.0095,available,,not_measured,managed,0.0095,0.473684,slower
np.arcsin(a) (float32),Unary,float32,100000,,0.8269,1.3212,available,,not_measured,managed,1.3212,0.62587,slower
np.arcsin(a) (float32),Unary,float32,10000000,,150.2689,133.8658,available,,not_measured,managed,133.8658,1.122534,faster
np.arcsin(a) (float64),Unary,float64,1000,,0.0042,0.0099,available,,not_measured,managed,0.0099,0.424242,slower
np.arcsin(a) (float64),Unary,float64,100000,,1.3902,1.4075,available,,not_measured,managed,1.4075,0.987709,close
np.arcsin(a) (float64),Unary,float64,10000000,,180.7299,146.2234,available,,not_measured,managed,146.2234,1.235985,faster
np.arcsinh(a) (float16),Unary,float16,1000,,0.0114,0.0251,available,,not_measured,managed,0.0251,0.454183,slower
np.arcsinh(a) (float16),Unary,float16,100000,,1.2184,2.5039,available,,not_measured,managed,2.5039,0.486601,slower
np.arcsinh(a) (float16),Unary,float16,10000000,,225.2416,254.7398,available,,not_measured,managed,254.7398,0.884203,close
np.arcsinh(a) (float32),Unary,float32,1000,,0.0079,0.015,available,,not_measured,managed,0.015,0.526667,slower
np.arcsinh(a) (float32),Unary,float32,100000,,0.9033,1.5359,available,,not_measured,managed,1.5359,0.588124,slower
np.arcsinh(a) (float32),Unary,float32,10000000,,192.9443,155.9902,available,,not_measured,managed,155.9902,1.2369,faster
np.arcsinh(a) (float64),Unary,float64,1000,,0.0091,0.0195,available,,not_measured,managed,0.0195,0.466667,slower
np.arcsinh(a) (float64),Unary,float64,100000,,2.6152,1.9801,available,,not_measured,managed,1.9801,1.320741,faster
np.arcsinh(a) (float64),Unary,float64,10000000,,254.7682,206.5524,available,,not_measured,managed,206.5524,1.233431,faster
np.arctan(a) (float16),Unary,float16,1000,,0.0079,0.016,available,,not_measured,managed,0.016,0.49375,slower
np.arctan(a) (float16),Unary,float16,100000,,1.3063,2.3449,available,,not_measured,managed,2.3449,0.557081,slower
np.arctan(a) (float16),Unary,float16,10000000,,213.8969,233.6849,available,,not_measured,managed,233.6849,0.915322,close
np.arctan(a) (float32),Unary,float32,1000,,0.0045,0.0087,available,,not_measured,managed,0.0087,0.517241,slower
np.arctan(a) (float32),Unary,float32,100000,,0.979,1.3977,available,,not_measured,managed,1.3977,0.700436,slower
np.arctan(a) (float32),Unary,float32,10000000,,182.0184,141.1608,available,,not_measured,managed,141.1608,1.28944,faster
np.arctan(a) (float64),Unary,float64,1000,,0.004,0.0104,available,,not_measured,managed,0.0104,0.384615,slower
np.arctan(a) (float64),Unary,float64,100000,,1.7118,1.5484,available,,not_measured,managed,1.5484,1.105528,faster
np.arctan(a) (float64),Unary,float64,10000000,,182.2865,159.5703,available,,not_measured,managed,159.5703,1.142359,faster
"np.arctan2(a, b) (float16)",Unary,float16,1000,,0.0113,0.0299,available,,not_measured,managed,0.0299,0.377926,slower
"np.arctan2(a, b) (float16)",Unary,float16,100000,,1.7501,3.6646,available,,not_measured,managed,3.6646,0.477569,slower
"np.arctan2(a, b) (float16)",Unary,float16,10000000,,301.5312,369.7733,available,,not_measured,managed,369.7733,0.815449,close
"np.arctan2(a, b) (float32)",Unary,float32,1000,,0.0046,0.0262,available,,not_measured,managed,0.0262,0.175573,much_slower
"np.arctan2(a, b) (float32)",Unary,float32,100000,,1.3906,3.2392,available,,not_measured,managed,3.2392,0.429304,slower
"np.arctan2(a, b) (float32)",Unary,float32,10000000,,231.2125,331.7892,available,,not_measured,managed,331.7892,0.696866,slower
"np.arctan2(a, b) (float64)",Unary,float64,1000,,0.006,0.017,available,,not_measured,managed,0.017,0.352941,slower
"np.arctan2(a, b) (float64)",Unary,float64,100000,,2.786,2.5269,available,,not_measured,managed,2.5269,1.102537,faster
"np.arctan2(a, b) (float64)",Unary,float64,10000000,,313.0902,257.8978,available,,not_measured,managed,257.8978,1.214009,faster
np.arctanh(a) (float16),Unary,float16,1000,,0.0096,0.0206,available,,not_measured,managed,0.0206,0.466019,slower
np.arctanh(a) (float16),Unary,float16,100000,,1.0842,2.1303,available,,not_measured,managed,2.1303,0.508942,slower
np.arctanh(a) (float16),Unary,float16,10000000,,194.8822,212.6427,available,,not_measured,managed,212.6427,0.916477,close
np.arctanh(a) (float32),Unary,float32,1000,,0.0055,0.0123,available,,not_measured,managed,0.0123,0.447154,slower
np.arctanh(a) (float32),Unary,float32,100000,,0.7996,1.2865,available,,not_measured,managed,1.2865,0.621531,slower
np.arctanh(a) (float32),Unary,float32,10000000,,152.5401,128.8282,available,,not_measured,managed,128.8282,1.184058,faster
np.arctanh(a) (float64),Unary,float64,1000,,0.0063,0.0129,available,,not_measured,managed,0.0129,0.488372,slower
np.arctanh(a) (float64),Unary,float64,100000,,1.9046,1.4712,available,,not_measured,managed,1.4712,1.294589,faster
np.arctanh(a) (float64),Unary,float64,10000000,,177.1639,150.7087,available,,not_measured,managed,150.7087,1.175539,faster
np.around (float16),Unary,float16,1000,,0.0059,0.0073,available,,not_measured,managed,0.0073,0.808219,close
np.around (float16),Unary,float16,100000,,0.4201,0.6829,available,,not_measured,managed,0.6829,0.615171,slower
np.around (float16),Unary,float16,10000000,,54.7398,66.9759,available,,not_measured,managed,66.9759,0.817306,close
np.around (float32),Unary,float32,1000,,0.0011,0.002,available,,not_measured,managed,0.002,0.55,slower
np.around (float32),Unary,float32,100000,,0.0069,0.0522,available,,not_measured,managed,0.0522,0.132184,much_slower
np.around (float32),Unary,float32,10000000,,12.9922,7.6555,available,,not_measured,managed,7.6555,1.697107,faster
np.around (float64),Unary,float64,1000,,0.0013,0.0028,available,,not_measured,managed,0.0028,0.464286,slower
np.around (float64),Unary,float64,100000,,0.0274,0.1067,available,,not_measured,managed,0.1067,0.256795,much_slower
np.around (float64),Unary,float64,10000000,,27.2408,19.5545,available,,not_measured,managed,19.5545,1.393071,faster
np.asinh(a) (float16),Unary,float16,1000,,0.0112,0.0251,available,,not_measured,managed,0.0251,0.446215,slower
np.asinh(a) (float16),Unary,float16,100000,,1.2135,2.499,available,,not_measured,managed,2.499,0.485594,slower
np.asinh(a) (float16),Unary,float16,10000000,,225.6822,253.4573,available,,not_measured,managed,253.4573,0.890415,close
np.asinh(a) (float32),Unary,float32,1000,,0.0074,0.0148,available,,not_measured,managed,0.0148,0.5,slower
np.asinh(a) (float32),Unary,float32,100000,,0.9097,1.5602,available,,not_measured,managed,1.5602,0.583066,slower
np.asinh(a) (float32),Unary,float32,10000000,,195.6512,155.7774,available,,not_measured,managed,155.7774,1.255967,faster
np.asinh(a) (float64),Unary,float64,1000,,0.0095,0.0197,available,,not_measured,managed,0.0197,0.482234,slower
np.asinh(a) (float64),Unary,float64,100000,,2.323,2.0182,available,,not_measured,managed,2.0182,1.151026,faster
np.asinh(a) (float64),Unary,float64,10000000,,255.1501,206.9368,available,,not_measured,managed,206.9368,1.232986,faster
np.atanh(a) (float16),Unary,float16,1000,,0.0094,0.0208,available,,not_measured,managed,0.0208,0.451923,slower
np.atanh(a) (float16),Unary,float16,100000,,1.0652,2.102,available,,not_measured,managed,2.102,0.506755,slower
np.atanh(a) (float16),Unary,float16,10000000,,194.5059,211.756,available,,not_measured,managed,211.756,0.918538,close
np.atanh(a) (float32),Unary,float32,1000,,0.0054,0.0122,available,,not_measured,managed,0.0122,0.442623,slower
np.atanh(a) (float32),Unary,float32,100000,,0.9302,1.3133,available,,not_measured,managed,1.3133,0.708292,slower
np.atanh(a) (float32),Unary,float32,10000000,,160.2188,128.7435,available,,not_measured,managed,128.7435,1.244481,faster
np.atanh(a) (float64),Unary,float64,1000,,0.0062,0.0137,available,,not_measured,managed,0.0137,0.452555,slower
np.atanh(a) (float64),Unary,float64,100000,,1.3437,1.475,available,,not_measured,managed,1.475,0.910983,close
np.atanh(a) (float64),Unary,float64,10000000,,190.2206,152.1865,available,,not_measured,managed,152.1865,1.249918,faster
np.cbrt(a) (float16),Unary,float16,1000,,0.0101,0.0232,available,,not_measured,managed,0.0232,0.435345,slower
np.cbrt(a) (float16),Unary,float16,100000,,2.1476,2.3012,available,,not_measured,managed,2.3012,0.933252,close
np.cbrt(a) (float16),Unary,float16,10000000,,247.5374,233.3927,available,,not_measured,managed,233.3927,1.060605,faster
np.cbrt(a) (float32),Unary,float32,1000,,0.0098,0.0131,available,,not_measured,managed,0.0131,0.748092,slower
np.cbrt(a) (float32),Unary,float32,100000,,1.5777,1.4259,available,,not_measured,managed,1.4259,1.106459,faster
np.cbrt(a) (float32),Unary,float32,10000000,,171.097,141.535,available,,not_measured,managed,141.535,1.208867,faster
np.cbrt(a) (float64),Unary,float64,1000,,0.0113,0.0193,available,,not_measured,managed,0.0193,0.585492,slower
np.cbrt(a) (float64),Unary,float64,100000,,2.3237,2.0288,available,,not_measured,managed,2.0288,1.145357,faster
np.cbrt(a) (float64),Unary,float64,10000000,,257.0244,207.6808,available,,not_measured,managed,207.6808,1.237593,faster
np.ceil (float16),Unary,float16,1000,,0.005,0.0066,available,,not_measured,managed,0.0066,0.757576,slower
np.ceil (float16),Unary,float16,100000,,0.4046,0.6192,available,,not_measured,managed,0.6192,0.653424,slower
np.ceil (float16),Unary,float16,10000000,,55.551,59.9849,available,,not_measured,managed,59.9849,0.926083,close
np.ceil (float32),Unary,float32,1000,,0.0006,0.0022,available,,not_measured,managed,0.0022,0.272727,negligible
np.ceil (float32),Unary,float32,100000,,0.0065,0.0554,available,,not_measured,managed,0.0554,0.117329,much_slower
np.ceil (float32),Unary,float32,10000000,,12.4688,8.9631,available,,not_measured,managed,8.9631,1.391126,faster
np.ceil (float64),Unary,float64,1000,,0.0008,0.0029,available,,not_measured,managed,0.0029,0.275862,negligible
np.ceil (float64),Unary,float64,100000,,0.028,0.1122,available,,not_measured,managed,0.1122,0.249554,much_slower
np.ceil (float64),Unary,float64,10000000,,26.0962,19.4373,available,,not_measured,managed,19.4373,1.342584,faster
"np.clip(a, -10, 10) (float16)",Unary,float16,1000,,0.009,0.0099,available,,not_measured,managed,0.0099,0.909091,close
"np.clip(a, -10, 10) (float16)",Unary,float16,100000,,0.9989,1.0154,available,,not_measured,managed,1.0154,0.98375,close
"np.clip(a, -10, 10) (float16)",Unary,float16,10000000,,129.5722,101.7041,available,,not_measured,managed,101.7041,1.274012,faster
"np.clip(a, -10, 10) (float32)",Unary,float32,1000,,0.0022,0.0097,available,,not_measured,managed,0.0097,0.226804,much_slower
"np.clip(a, -10, 10) (float32)",Unary,float32,100000,,0.009,0.0606,available,,not_measured,managed,0.0606,0.148515,much_slower
"np.clip(a, -10, 10) (float32)",Unary,float32,10000000,,13.9378,9.1869,available,,not_measured,managed,9.1869,1.517139,faster
"np.clip(a, -10, 10) (float64)",Unary,float64,1000,,0.002,0.0065,available,,not_measured,managed,0.0065,0.307692,much_slower
"np.clip(a, -10, 10) (float64)",Unary,float64,100000,,0.0282,0.1239,available,,not_measured,managed,0.1239,0.227603,much_slower
"np.clip(a, -10, 10) (float64)",Unary,float64,10000000,,25.4732,21.1339,available,,not_measured,managed,21.1339,1.205324,faster
np.conj(a) (float16),Unary,float16,1000,,0.0006,0.002,available,,not_measured,managed,0.002,0.3,negligible
np.conj(a) (float16),Unary,float16,100000,,0.0228,0.044,available,,not_measured,managed,0.044,0.518182,slower
np.conj(a) (float16),Unary,float16,10000000,,6.4833,5.4225,available,,not_measured,managed,5.4225,1.195629,faster
np.conj(a) (float32),Unary,float32,1000,,0.0006,0.0022,available,,not_measured,managed,0.0022,0.272727,negligible
np.conj(a) (float32),Unary,float32,100000,,0.031,0.0593,available,,not_measured,managed,0.0593,0.522766,slower
np.conj(a) (float32),Unary,float32,10000000,,13.199,8.7516,available,,not_measured,managed,8.7516,1.508181,faster
np.conj(a) (float64),Unary,float64,1000,,0.0006,0.0029,available,,not_measured,managed,0.0029,0.206897,negligible
np.conj(a) (float64),Unary,float64,100000,,0.0293,0.1016,available,,not_measured,managed,0.1016,0.288386,much_slower
np.conj(a) (float64),Unary,float64,10000000,,28.3486,20.738,available,,not_measured,managed,20.738,1.366988,faster
np.conjugate(a) (float16),Unary,float16,1000,,0.0007,0.0018,available,,not_measured,managed,0.0018,0.388889,negligible
np.conjugate(a) (float16),Unary,float16,100000,,0.0231,0.0437,available,,not_measured,managed,0.0437,0.528604,slower
np.conjugate(a) (float16),Unary,float16,10000000,,6.4646,5.4648,available,,not_measured,managed,5.4648,1.182953,faster
np.conjugate(a) (float32),Unary,float32,1000,,0.0006,0.0022,available,,not_measured,managed,0.0022,0.272727,negligible
np.conjugate(a) (float32),Unary,float32,100000,,0.0314,0.0604,available,,not_measured,managed,0.0604,0.519868,slower
np.conjugate(a) (float32),Unary,float32,10000000,,13.5964,8.8127,available,,not_measured,managed,8.8127,1.542819,faster
np.conjugate(a) (float64),Unary,float64,1000,,0.0006,0.0029,available,,not_measured,managed,0.0029,0.206897,negligible
np.conjugate(a) (float64),Unary,float64,100000,,0.0291,0.1024,available,,not_measured,managed,0.1024,0.28418,much_slower
np.conjugate(a) (float64),Unary,float64,10000000,,26.7236,20.6281,available,,not_measured,managed,20.6281,1.295495,faster
np.cos (float16),Unary,float16,1000,,0.0074,0.0161,available,,not_measured,managed,0.0161,0.459627,slower
np.cos (float16),Unary,float16,100000,,1.0188,1.8781,available,,not_measured,managed,1.8781,0.542463,slower
np.cos (float16),Unary,float16,10000000,,165.6024,188.2764,available,,not_measured,managed,188.2764,0.879571,close
np.cos (float32),Unary,float32,1000,,0.0012,0.0044,available,,not_measured,managed,0.0044,0.272727,much_slower
np.cos (float32),Unary,float32,100000,,0.0756,0.2571,available,,not_measured,managed,0.2571,0.294049,much_slower
np.cos (float32),Unary,float32,10000000,,36.2377,25.9983,available,,not_measured,managed,25.9983,1.393849,faster
np.cos (float64),Unary,float64,1000,,0.0057,0.0119,available,,not_measured,managed,0.0119,0.478992,slower
np.cos (float64),Unary,float64,100000,,1.2854,1.2287,available,,not_measured,managed,1.2287,1.046146,close
np.cos (float64),Unary,float64,10000000,,142.2385,124.2762,available,,not_measured,managed,124.2762,1.144535,faster
np.cosh(a) (float16),Unary,float16,1000,,0.0083,0.0214,available,,not_measured,managed,0.0214,0.38785,slower
np.cosh(a) (float16),Unary,float16,100000,,0.9387,2.0967,available,,not_measured,managed,2.0967,0.447704,slower
np.cosh(a) (float16),Unary,float16,10000000,,160.8968,212.3485,available,,not_measured,managed,212.3485,0.757702,slower
np.cosh(a) (float32),Unary,float32,1000,,0.0043,0.0102,available,,not_measured,managed,0.0102,0.421569,slower
np.cosh(a) (float32),Unary,float32,100000,,0.637,1.0943,available,,not_measured,managed,1.0943,0.582107,slower
np.cosh(a) (float32),Unary,float32,10000000,,124.0795,110.1705,available,,not_measured,managed,110.1705,1.12625,faster
np.cosh(a) (float64),Unary,float64,1000,,0.0043,0.012,available,,not_measured,managed,0.012,0.358333,slower
np.cosh(a) (float64),Unary,float64,100000,,1.3525,1.1741,available,,not_measured,managed,1.1741,1.151946,faster
np.cosh(a) (float64),Unary,float64,10000000,,155.7038,122.4276,available,,not_measured,managed,122.4276,1.271803,faster
np.deg2rad(a) (float16),Unary,float16,1000,,0.0047,0.0072,available,,not_measured,managed,0.0072,0.652778,slower
np.deg2rad(a) (float16),Unary,float16,100000,,0.3775,0.6586,available,,not_measured,managed,0.6586,0.573186,slower
np.deg2rad(a) (float16),Unary,float16,10000000,,52.6676,66.9683,available,,not_measured,managed,66.9683,0.786456,slower
np.deg2rad(a) (float32),Unary,float32,1000,,0.0012,0.002,available,,not_measured,managed,0.002,0.6,slower
np.deg2rad(a) (float32),Unary,float32,100000,,0.1106,0.0498,available,,not_measured,managed,0.0498,2.220884,faster
np.deg2rad(a) (float32),Unary,float32,10000000,,19.5122,8.9818,available,,not_measured,managed,8.9818,2.172415,faster
np.deg2rad(a) (float64),Unary,float64,1000,,0.0015,0.0028,available,,not_measured,managed,0.0028,0.535714,slower
np.deg2rad(a) (float64),Unary,float64,100000,,0.2015,0.0994,available,,not_measured,managed,0.0994,2.027163,faster
np.deg2rad(a) (float64),Unary,float64,10000000,,30.9337,19.6691,available,,not_measured,managed,19.6691,1.572705,faster
np.degrees(a) (float16),Unary,float16,1000,,0.0048,0.0073,available,,not_measured,managed,0.0073,0.657534,slower
np.degrees(a) (float16),Unary,float16,100000,,0.408,0.6564,available,,not_measured,managed,0.6564,0.621572,slower
np.degrees(a) (float16),Unary,float16,10000000,,52.4148,66.8015,available,,not_measured,managed,66.8015,0.784635,slower
np.degrees(a) (float32),Unary,float32,1000,,0.0012,0.002,available,,not_measured,managed,0.002,0.6,slower
np.degrees(a) (float32),Unary,float32,100000,,0.1077,0.0503,available,,not_measured,managed,0.0503,2.141153,faster
np.degrees(a) (float32),Unary,float32,10000000,,15.6429,8.7882,available,,not_measured,managed,8.7882,1.779989,faster
np.degrees(a) (float64),Unary,float64,1000,,0.0013,0.0028,available,,not_measured,managed,0.0028,0.464286,slower
np.degrees(a) (float64),Unary,float64,100000,,0.1079,0.098,available,,not_measured,managed,0.098,1.10102,faster
np.degrees(a) (float64),Unary,float64,10000000,,31.5845,19.1633,available,,not_measured,managed,19.1633,1.648176,faster
np.exp (float16),Unary,float16,1000,,0.005,0.0113,available,,not_measured,managed,0.0113,0.442478,slower
np.exp (float16),Unary,float16,100000,,0.4435,1.073,available,,not_measured,managed,1.073,0.413327,slower
np.exp (float16),Unary,float16,10000000,,76.7145,107.9796,available,,not_measured,managed,107.9796,0.710454,slower
np.exp (float32),Unary,float32,1000,,0.0012,0.0045,available,,not_measured,managed,0.0045,0.266667,much_slower
np.exp (float32),Unary,float32,100000,,0.0631,0.2174,available,,not_measured,managed,0.2174,0.290248,much_slower
np.exp (float32),Unary,float32,10000000,,36.6663,19.9004,available,,not_measured,managed,19.9004,1.842491,faster
np.exp (float64),Unary,float64,1000,,0.0032,0.01,available,,not_measured,managed,0.01,0.32,much_slower
np.exp (float64),Unary,float64,100000,,0.4607,0.4796,available,,not_measured,managed,0.4796,0.960592,close
np.exp (float64),Unary,float64,10000000,,41.5663,51.105,available,,not_measured,managed,51.105,0.813351,close
np.exp2 (float16),Unary,float16,1000,,0.0046,0.0185,available,,not_measured,managed,0.0185,0.248649,much_slower
np.exp2 (float16),Unary,float16,100000,,0.4627,1.782,available,,not_measured,managed,1.782,0.259652,much_slower
np.exp2 (float16),Unary,float16,10000000,,70.8578,178.1323,available,,not_measured,managed,178.1323,0.397782,slower
np.exp2 (float32),Unary,float32,1000,,0.0021,0.0162,available,,not_measured,managed,0.0162,0.12963,much_slower
np.exp2 (float32),Unary,float32,100000,,0.1684,1.5216,available,,not_measured,managed,1.5216,0.110673,much_slower
np.exp2 (float32),Unary,float32,10000000,,47.1069,150.8896,available,,not_measured,managed,150.8896,0.312194,much_slower
np.exp2 (float64),Unary,float64,1000,,0.0025,0.0169,available,,not_measured,managed,0.0169,0.147929,much_slower
np.exp2 (float64),Unary,float64,100000,,0.4372,1.4642,available,,not_measured,managed,1.4642,0.298593,much_slower
np.exp2 (float64),Unary,float64,10000000,,56.7922,147.2939,available,,not_measured,managed,147.2939,0.385571,slower
np.expm1 (float16),Unary,float16,1000,,0.0059,0.0139,available,,not_measured,managed,0.0139,0.42446,slower
np.expm1 (float16),Unary,float16,100000,,0.5594,1.3397,available,,not_measured,managed,1.3397,0.417556,slower
np.expm1 (float16),Unary,float16,10000000,,91.6288,133.9596,available,,not_measured,managed,133.9596,0.684003,slower
np.expm1 (float32),Unary,float32,1000,,0.0029,0.0065,available,,not_measured,managed,0.0065,0.446154,slower
np.expm1 (float32),Unary,float32,100000,,0.2609,0.3536,available,,not_measured,managed,0.3536,0.737839,slower
np.expm1 (float32),Unary,float32,10000000,,53.6272,33.2553,available,,not_measured,managed,33.2553,1.612591,faster
np.expm1 (float64),Unary,float64,1000,,0.004,0.0086,available,,not_measured,managed,0.0086,0.465116,slower
np.expm1 (float64),Unary,float64,100000,,0.6678,0.4887,available,,not_measured,managed,0.4887,1.366483,faster
np.expm1 (float64),Unary,float64,10000000,,85.8766,50.9595,available,,not_measured,managed,50.9595,1.685193,faster
np.floor (float16),Unary,float16,1000,,0.005,0.0066,available,,not_measured,managed,0.0066,0.757576,slower
np.floor (float16),Unary,float16,100000,,0.3912,0.6127,available,,not_measured,managed,0.6127,0.638485,slower
np.floor (float16),Unary,float16,10000000,,53.6789,59.6124,available,,not_measured,managed,59.6124,0.900465,close
np.floor (float32),Unary,float32,1000,,0.0005,0.0019,available,,not_measured,managed,0.0019,0.263158,negligible
np.floor (float32),Unary,float32,100000,,0.0086,0.057,available,,not_measured,managed,0.057,0.150877,much_slower
np.floor (float32),Unary,float32,10000000,,12.9125,7.5884,available,,not_measured,managed,7.5884,1.70161,faster
np.floor (float64),Unary,float64,1000,,0.0006,0.0028,available,,not_measured,managed,0.0028,0.214286,negligible
np.floor (float64),Unary,float64,100000,,0.0294,0.1087,available,,not_measured,managed,0.1087,0.270469,much_slower
np.floor (float64),Unary,float64,10000000,,24.9862,19.4308,available,,not_measured,managed,19.4308,1.285907,faster
np.imag(a) (float16),Unary,float16,1000,,0.0004,0.0009,available,,not_measured,managed,0.0009,0.444444,negligible
np.imag(a) (float16),Unary,float16,100000,,0.0027,0.0032,available,,not_measured,managed,0.0032,0.84375,close
np.imag(a) (float16),Unary,float16,10000000,,0.0198,0.0058,available,,not_measured,managed,0.0058,3.413793,faster
np.imag(a) (float32),Unary,float32,1000,,0.0004,0.001,available,,not_measured,managed,0.001,0.4,negligible
np.imag(a) (float32),Unary,float32,100000,,0.0127,0.0052,available,,not_measured,managed,0.0052,2.442308,faster
np.imag(a) (float32),Unary,float32,10000000,,0.0172,0.0064,available,,not_measured,managed,0.0064,2.6875,faster
np.imag(a) (float64),Unary,float64,1000,,0.0004,0.0012,available,,not_measured,managed,0.0012,0.333333,negligible
np.imag(a) (float64),Unary,float64,100000,,0.0221,0.0065,available,,not_measured,managed,0.0065,3.4,faster
np.imag(a) (float64),Unary,float64,10000000,,0.0213,0.0082,available,,not_measured,managed,0.0082,2.597561,faster
np.log (float16),Unary,float16,1000,,0.005,0.0125,available,,not_measured,managed,0.0125,0.4,slower
np.log (float16),Unary,float16,100000,,0.4522,1.2146,available,,not_measured,managed,1.2146,0.372304,slower
np.log (float16),Unary,float16,10000000,,86.7922,121.1419,available,,not_measured,managed,121.1419,0.716451,slower
np.log (float32),Unary,float32,1000,,0.0013,0.0043,available,,not_measured,managed,0.0043,0.302326,much_slower
np.log (float32),Unary,float32,100000,,0.0965,0.2384,available,,not_measured,managed,0.2384,0.404782,slower
np.log (float32),Unary,float32,10000000,,48.1293,21.8829,available,,not_measured,managed,21.8829,2.199402,faster
np.log (float64),Unary,float64,1000,,0.0033,0.0082,available,,not_measured,managed,0.0082,0.402439,slower
np.log (float64),Unary,float64,100000,,0.4529,0.5266,available,,not_measured,managed,0.5266,0.860046,close
np.log (float64),Unary,float64,10000000,,57.0405,55.3229,available,,not_measured,managed,55.3229,1.031047,close
np.log10 (float16),Unary,float16,1000,,0.0051,0.013,available,,not_measured,managed,0.013,0.392308,slower
np.log10 (float16),Unary,float16,100000,,0.4607,1.257,available,,not_measured,managed,1.257,0.366508,slower
np.log10 (float16),Unary,float16,10000000,,90.3803,124.3444,available,,not_measured,managed,124.3444,0.726855,slower
np.log10 (float32),Unary,float32,1000,,0.0024,0.0075,available,,not_measured,managed,0.0075,0.32,much_slower
np.log10 (float32),Unary,float32,100000,,0.207,0.4545,available,,not_measured,managed,0.4545,0.455446,slower
np.log10 (float32),Unary,float32,10000000,,45.169,44.7537,available,,not_measured,managed,44.7537,1.00928,close
np.log10 (float64),Unary,float64,1000,,0.0031,0.0085,available,,not_measured,managed,0.0085,0.364706,slower
np.log10 (float64),Unary,float64,100000,,0.4661,0.5484,available,,not_measured,managed,0.5484,0.849927,close
np.log10 (float64),Unary,float64,10000000,,64.5367,57.8679,available,,not_measured,managed,57.8679,1.115242,faster
np.log1p (float16),Unary,float16,1000,,0.0067,0.0132,available,,not_measured,managed,0.0132,0.507576,slower
np.log1p (float16),Unary,float16,100000,,0.5802,1.2682,available,,not_measured,managed,1.2682,0.457499,slower
np.log1p (float16),Unary,float16,10000000,,106.3634,126.7996,available,,not_measured,managed,126.7996,0.838831,close
np.log1p (float32),Unary,float32,1000,,0.0034,0.0049,available,,not_measured,managed,0.0049,0.693878,slower
np.log1p (float32),Unary,float32,100000,,0.3016,0.4411,available,,not_measured,managed,0.4411,0.683745,slower
np.log1p (float32),Unary,float32,10000000,,74.2348,43.0089,available,,not_measured,managed,43.0089,1.726033,faster
np.log1p (float64),Unary,float64,1000,,0.0039,0.0087,available,,not_measured,managed,0.0087,0.448276,slower
np.log1p (float64),Unary,float64,100000,,0.7058,0.5255,available,,not_measured,managed,0.5255,1.343102,faster
np.log1p (float64),Unary,float64,10000000,,81.8223,55.5434,available,,not_measured,managed,55.5434,1.473124,faster
np.log2 (float16),Unary,float16,1000,,0.0057,0.0111,available,,not_measured,managed,0.0111,0.513514,slower
np.log2 (float16),Unary,float16,100000,,0.4902,1.0718,available,,not_measured,managed,1.0718,0.457361,slower
np.log2 (float16),Unary,float16,10000000,,78.6518,105.6358,available,,not_measured,managed,105.6358,0.744556,slower
np.log2 (float32),Unary,float32,1000,,0.0026,0.0077,available,,not_measured,managed,0.0077,0.337662,slower
np.log2 (float32),Unary,float32,100000,,0.2066,0.4688,available,,not_measured,managed,0.4688,0.4407,slower
np.log2 (float32),Unary,float32,10000000,,42.2611,45.0238,available,,not_measured,managed,45.0238,0.938639,close
np.log2 (float64),Unary,float64,1000,,0.0045,0.0084,available,,not_measured,managed,0.0084,0.535714,slower
np.log2 (float64),Unary,float64,100000,,0.7838,0.7806,available,,not_measured,managed,0.7806,1.004099,close
np.log2 (float64),Unary,float64,10000000,,93.0186,78.1854,available,,not_measured,managed,78.1854,1.189718,faster
np.modf(a) (float32),Unary,float32,1000,,0.0022,0.0051,available,,not_measured,managed,0.0051,0.431373,slower
np.modf(a) (float32),Unary,float32,100000,,0.4342,0.1472,available,,not_measured,managed,0.1472,2.949728,faster
np.modf(a) (float32),Unary,float32,10000000,,58.1134,18.8824,available,,not_measured,managed,18.8824,3.077649,faster
np.modf(a) (float64),Unary,float64,1000,,0.0023,0.0083,available,,not_measured,managed,0.0083,0.277108,much_slower
np.modf(a) (float64),Unary,float64,100000,,0.5314,0.2911,available,,not_measured,managed,0.2911,1.82549,faster
np.modf(a) (float64),Unary,float64,10000000,,70.1451,46.3796,available,,not_measured,managed,46.3796,1.512413,faster
np.negative(a) (float16),Unary,float16,1000,,0.0007,0.0021,available,,not_measured,managed,0.0021,0.333333,negligible
np.negative(a) (float16),Unary,float16,100000,,0.0709,0.053,available,,not_measured,managed,0.053,1.337736,faster
np.negative(a) (float16),Unary,float16,10000000,,7.9077,6.0166,available,,not_measured,managed,6.0166,1.314314,faster
np.negative(a) (float32),Unary,float32,1000,,0.0005,0.002,available,,not_measured,managed,0.002,0.25,negligible
np.negative(a) (float32),Unary,float32,100000,,0.0205,0.0515,available,,not_measured,managed,0.0515,0.398058,slower
np.negative(a) (float32),Unary,float32,10000000,,12.1619,8.9438,available,,not_measured,managed,8.9438,1.359814,faster
np.negative(a) (float64),Unary,float64,1000,,0.0005,0.0029,available,,not_measured,managed,0.0029,0.172414,negligible
np.negative(a) (float64),Unary,float64,100000,,0.0226,0.1026,available,,not_measured,managed,0.1026,0.220273,much_slower
np.negative(a) (float64),Unary,float64,10000000,,26.6391,19.6483,available,,not_measured,managed,19.6483,1.355797,faster
np.positive(a) (float16),Unary,float16,1000,,0.0006,0.0017,available,,not_measured,managed,0.0017,0.352941,negligible
np.positive(a) (float16),Unary,float16,100000,,0.037,0.0281,available,,not_measured,managed,0.0281,1.316726,faster
np.positive(a) (float16),Unary,float16,10000000,,6.8543,2.6873,available,,not_measured,managed,2.6873,2.550627,faster
np.positive(a) (float32),Unary,float32,1000,,0.0008,0.0021,available,,not_measured,managed,0.0021,0.380952,negligible
np.positive(a) (float32),Unary,float32,100000,,0.0281,0.0585,available,,not_measured,managed,0.0585,0.480342,slower
np.positive(a) (float32),Unary,float32,10000000,,13.9139,6.0583,available,,not_measured,managed,6.0583,2.296667,faster
np.positive(a) (float64),Unary,float64,1000,,0.0008,0.0029,available,,not_measured,managed,0.0029,0.275862,negligible
np.positive(a) (float64),Unary,float64,100000,,0.0284,0.1011,available,,not_measured,managed,0.1011,0.28091,much_slower
np.positive(a) (float64),Unary,float64,10000000,,28.8724,16.8109,available,,not_measured,managed,16.8109,1.717481,faster
"np.power(a, 0.5) (float16)",Unary,float16,1000,,0.0092,0.0076,available,,not_measured,managed,0.0076,1.210526,faster
"np.power(a, 0.5) (float16)",Unary,float16,100000,,0.8462,0.6743,available,,not_measured,managed,0.6743,1.254931,faster
"np.power(a, 0.5) (float16)",Unary,float16,10000000,,185.2114,65.323,available,,not_measured,managed,65.323,2.835317,faster
"np.power(a, 0.5) (float32)",Unary,float32,1000,,0.0021,0.0042,available,,not_measured,managed,0.0042,0.5,slower
"np.power(a, 0.5) (float32)",Unary,float32,100000,,0.1274,0.0769,available,,not_measured,managed,0.0769,1.656697,faster
"np.power(a, 0.5) (float32)",Unary,float32,10000000,,21.0695,9.0667,available,,not_measured,managed,9.0667,2.323833,faster
"np.power(a, 0.5) (float64)",Unary,float64,1000,,0.0019,0.0066,available,,not_measured,managed,0.0066,0.287879,much_slower
"np.power(a, 0.5) (float64)",Unary,float64,100000,,0.6159,0.3015,available,,not_measured,managed,0.3015,2.042786,faster
"np.power(a, 0.5) (float64)",Unary,float64,10000000,,76.1665,32.5269,available,,not_measured,managed,32.5269,2.341646,faster
"np.power(a, 2) (float16)",Unary,float16,1000,,0.0106,0.0104,available,,not_measured,managed,0.0104,1.019231,close
"np.power(a, 2) (float16)",Unary,float16,100000,,1.1242,0.8896,available,,not_measured,managed,0.8896,1.263714,faster
"np.power(a, 2) (float16)",Unary,float16,10000000,,225.2643,89.7952,available,,not_measured,managed,89.7952,2.508645,faster
"np.power(a, 2) (float32)",Unary,float32,1000,,0.0024,0.0037,available,,not_measured,managed,0.0037,0.648649,slower
"np.power(a, 2) (float32)",Unary,float32,100000,,0.1569,0.0538,available,,not_measured,managed,0.0538,2.916357,faster
"np.power(a, 2) (float32)",Unary,float32,10000000,,24.7747,9.2622,available,,not_measured,managed,9.2622,2.674818,faster
"np.power(a, 2) (float64)",Unary,float64,1000,,0.0029,0.0045,available,,not_measured,managed,0.0045,0.644444,slower
"np.power(a, 2) (float64)",Unary,float64,100000,,0.2085,0.1085,available,,not_measured,managed,0.1085,1.921659,faster
"np.power(a, 2) (float64)",Unary,float64,10000000,,31.6929,20.5265,available,,not_measured,managed,20.5265,1.543999,faster
"np.power(a, 3) (float16)",Unary,float16,1000,,0.0126,0.035,available,,not_measured,managed,0.035,0.36,slower
"np.power(a, 3) (float16)",Unary,float16,100000,,1.5831,3.874,available,,not_measured,managed,3.874,0.408647,slower
"np.power(a, 3) (float16)",Unary,float16,10000000,,280.0632,390.0583,available,,not_measured,managed,390.0583,0.718003,slower
"np.power(a, 3) (float32)",Unary,float32,1000,,0.0063,0.0133,available,,not_measured,managed,0.0133,0.473684,slower
"np.power(a, 3) (float32)",Unary,float32,100000,,0.6821,1.3292,available,,not_measured,managed,1.3292,0.513166,slower
"np.power(a, 3) (float32)",Unary,float32,10000000,,170.9026,127.0359,available,,not_measured,managed,127.0359,1.345309,faster
"np.power(a, 3) (float64)",Unary,float64,1000,,0.01,0.0224,available,,not_measured,managed,0.0224,0.446429,slower
"np.power(a, 3) (float64)",Unary,float64,100000,,2.1672,2.1654,available,,not_measured,managed,2.1654,1.000831,close
"np.power(a, 3) (float64)",Unary,float64,10000000,,241.9685,203.8046,available,,not_measured,managed,203.8046,1.187257,faster
np.rad2deg(a) (float16),Unary,float16,1000,,0.0047,0.0072,available,,not_measured,managed,0.0072,0.652778,slower
np.rad2deg(a) (float16),Unary,float16,100000,,0.383,0.668,available,,not_measured,managed,0.668,0.573353,slower
np.rad2deg(a) (float16),Unary,float16,10000000,,51.5878,67.3751,available,,not_measured,managed,67.3751,0.76568,slower
np.rad2deg(a) (float32),Unary,float32,1000,,0.0012,0.002,available,,not_measured,managed,0.002,0.6,slower
np.rad2deg(a) (float32),Unary,float32,100000,,0.1102,0.0501,available,,not_measured,managed,0.0501,2.199601,faster
np.rad2deg(a) (float32),Unary,float32,10000000,,16.1704,8.8103,available,,not_measured,managed,8.8103,1.835397,faster
np.rad2deg(a) (float64),Unary,float64,1000,,0.0013,0.0016,available,,not_measured,managed,0.0016,0.8125,close
np.rad2deg(a) (float64),Unary,float64,100000,,0.1304,0.1,available,,not_measured,managed,0.1,1.304,faster
np.rad2deg(a) (float64),Unary,float64,10000000,,30.9687,19.093,available,,not_measured,managed,19.093,1.621992,faster
np.radians(a) (float16),Unary,float16,1000,,0.0044,0.0071,available,,not_measured,managed,0.0071,0.619718,slower
np.radians(a) (float16),Unary,float16,100000,,0.3913,0.6635,available,,not_measured,managed,0.6635,0.589751,slower
np.radians(a) (float16),Unary,float16,10000000,,52.3032,66.1986,available,,not_measured,managed,66.1986,0.790095,slower
np.radians(a) (float32),Unary,float32,1000,,0.0012,0.002,available,,not_measured,managed,0.002,0.6,slower
np.radians(a) (float32),Unary,float32,100000,,0.1112,0.0501,available,,not_measured,managed,0.0501,2.219561,faster
np.radians(a) (float32),Unary,float32,10000000,,19.4018,8.8403,available,,not_measured,managed,8.8403,2.194699,faster
np.radians(a) (float64),Unary,float64,1000,,0.0013,0.0028,available,,not_measured,managed,0.0028,0.464286,slower
np.radians(a) (float64),Unary,float64,100000,,0.1162,0.1012,available,,not_measured,managed,0.1012,1.148221,faster
np.radians(a) (float64),Unary,float64,10000000,,29.7873,19.504,available,,not_measured,managed,19.504,1.527241,faster
np.real(a) (float16),Unary,float16,1000,,0.0003,0.0,available,,not_measured,managed,0.0,,no_data
np.real(a) (float16),Unary,float16,100000,,0.0002,0.0,available,,not_measured,managed,0.0,,no_data
np.real(a) (float16),Unary,float16,10000000,,0.0003,0.0,available,,not_measured,managed,0.0,,no_data
np.real(a) (float32),Unary,float32,1000,,0.0002,0.0,available,,not_measured,managed,0.0,,no_data
np.real(a) (float32),Unary,float32,100000,,0.0003,0.0,available,,not_measured,managed,0.0,,no_data
np.real(a) (float32),Unary,float32,10000000,,0.0003,0.0,available,,not_measured,managed,0.0,,no_data
np.real(a) (float64),Unary,float64,1000,,0.0002,0.0,available,,not_measured,managed,0.0,,no_data
np.real(a) (float64),Unary,float64,100000,,0.0003,0.0,available,,not_measured,managed,0.0,,no_data
np.real(a) (float64),Unary,float64,10000000,,0.0003,0.0,available,,not_measured,managed,0.0,,no_data
np.reciprocal(a) (float16),Unary,float16,1000,,0.0026,0.0078,available,,not_measured,managed,0.0078,0.333333,slower
np.reciprocal(a) (float16),Unary,float16,100000,,0.459,0.7367,available,,not_measured,managed,0.7367,0.623049,slower
np.reciprocal(a) (float16),Unary,float16,10000000,,51.4661,72.5847,available,,not_measured,managed,72.5847,0.709049,slower
np.reciprocal(a) (float32),Unary,float32,1000,,0.0006,0.0011,available,,not_measured,managed,0.0011,0.545455,negligible
np.reciprocal(a) (float32),Unary,float32,100000,,0.0604,0.0627,available,,not_measured,managed,0.0627,0.963317,close
np.reciprocal(a) (float32),Unary,float32,10000000,,13.8475,8.9959,available,,not_measured,managed,8.9959,1.539312,faster
np.reciprocal(a) (float64),Unary,float64,1000,,0.0009,0.004,available,,not_measured,managed,0.004,0.225,negligible
np.reciprocal(a) (float64),Unary,float64,100000,,0.2011,0.1978,available,,not_measured,managed,0.1978,1.016684,close
np.reciprocal(a) (float64),Unary,float64,10000000,,31.6263,23.8074,available,,not_measured,managed,23.8074,1.328423,faster
np.rint(a) (float16),Unary,float16,1000,,0.0056,0.0079,available,,not_measured,managed,0.0079,0.708861,slower
np.rint(a) (float16),Unary,float16,100000,,0.5,0.7954,available,,not_measured,managed,0.7954,0.628615,slower
np.rint(a) (float16),Unary,float16,10000000,,65.2383,79.5745,available,,not_measured,managed,79.5745,0.819839,close
np.rint(a) (float32),Unary,float32,1000,,0.0004,0.0022,available,,not_measured,managed,0.0022,0.181818,negligible
np.rint(a) (float32),Unary,float32,100000,,0.0137,0.0497,available,,not_measured,managed,0.0497,0.275654,much_slower
np.rint(a) (float32),Unary,float32,10000000,,12.3514,8.8757,available,,not_measured,managed,8.8757,1.391597,faster
np.rint(a) (float64),Unary,float64,1000,,0.0005,0.0028,available,,not_measured,managed,0.0028,0.178571,negligible
np.rint(a) (float64),Unary,float64,100000,,0.0221,0.0974,available,,not_measured,managed,0.0974,0.226899,much_slower
np.rint(a) (float64),Unary,float64,10000000,,28.1201,19.4009,available,,not_measured,managed,19.4009,1.449422,faster
np.round(a) (float16),Unary,float16,1000,,0.0056,0.0079,available,,not_measured,managed,0.0079,0.708861,slower
np.round(a) (float16),Unary,float16,100000,,0.5167,0.7922,available,,not_measured,managed,0.7922,0.652234,slower
np.round(a) (float16),Unary,float16,10000000,,66.0373,79.2901,available,,not_measured,managed,79.2901,0.832857,close
np.round(a) (float32),Unary,float32,1000,,0.001,0.002,available,,not_measured,managed,0.002,0.5,slower
np.round(a) (float32),Unary,float32,100000,,0.0156,0.0506,available,,not_measured,managed,0.0506,0.3083,much_slower
np.round(a) (float32),Unary,float32,10000000,,12.5994,8.9845,available,,not_measured,managed,8.9845,1.402348,faster
np.round(a) (float64),Unary,float64,1000,,0.0011,0.0028,available,,not_measured,managed,0.0028,0.392857,slower
np.round(a) (float64),Unary,float64,100000,,0.0234,0.1004,available,,not_measured,managed,0.1004,0.233068,much_slower
np.round(a) (float64),Unary,float64,10000000,,28.8903,19.1692,available,,not_measured,managed,19.1692,1.507121,faster
np.sign (float16),Unary,float16,1000,,0.0014,0.0078,available,,not_measured,managed,0.0078,0.179487,much_slower
np.sign (float16),Unary,float16,100000,,0.0889,0.9705,available,,not_measured,managed,0.9705,0.091602,much_slower
np.sign (float16),Unary,float16,10000000,,19.7905,98.5637,available,,not_measured,managed,98.5637,0.200789,much_slower
np.sign (float32),Unary,float32,1000,,0.0012,0.004,available,,not_measured,managed,0.004,0.3,much_slower
np.sign (float32),Unary,float32,100000,,0.3189,0.5697,available,,not_measured,managed,0.5697,0.559768,slower
np.sign (float32),Unary,float32,10000000,,53.383,58.0816,available,,not_measured,managed,58.0816,0.919103,close
np.sign (float64),Unary,float64,1000,,0.0012,0.0043,available,,not_measured,managed,0.0043,0.27907,much_slower
np.sign (float64),Unary,float64,100000,,0.4344,0.5758,available,,not_measured,managed,0.5758,0.754429,slower
np.sign (float64),Unary,float64,10000000,,60.8171,62.0712,available,,not_measured,managed,62.0712,0.979796,close
np.sin (float16),Unary,float16,1000,,0.0083,0.0163,available,,not_measured,managed,0.0163,0.509202,slower
np.sin (float16),Unary,float16,100000,,1.0289,1.884,available,,not_measured,managed,1.884,0.546125,slower
np.sin (float16),Unary,float16,10000000,,169.0774,188.3727,available,,not_measured,managed,188.3727,0.897568,close
np.sin (float32),Unary,float32,1000,,0.0012,0.0045,available,,not_measured,managed,0.0045,0.266667,much_slower
np.sin (float32),Unary,float32,100000,,0.0704,0.2655,available,,not_measured,managed,0.2655,0.26516,much_slower
np.sin (float32),Unary,float32,10000000,,34.6298,25.3736,available,,not_measured,managed,25.3736,1.364796,faster
np.sin (float64),Unary,float64,1000,,0.0053,0.0115,available,,not_measured,managed,0.0115,0.46087,slower
np.sin (float64),Unary,float64,100000,,1.2509,1.2034,available,,not_measured,managed,1.2034,1.039471,close
np.sin (float64),Unary,float64,10000000,,131.7498,121.7944,available,,not_measured,managed,121.7944,1.081739,faster
np.sinh(a) (float16),Unary,float16,1000,,0.0082,0.022,available,,not_measured,managed,0.022,0.372727,slower
np.sinh(a) (float16),Unary,float16,100000,,0.9935,2.1911,available,,not_measured,managed,2.1911,0.453425,slower
np.sinh(a) (float16),Unary,float16,10000000,,172.3367,219.1652,available,,not_measured,managed,219.1652,0.786332,slower
np.sinh(a) (float32),Unary,float32,1000,,0.0045,0.0107,available,,not_measured,managed,0.0107,0.420561,slower
np.sinh(a) (float32),Unary,float32,100000,,0.6404,1.1693,available,,not_measured,managed,1.1693,0.547678,slower
np.sinh(a) (float32),Unary,float32,10000000,,119.4789,115.9714,available,,not_measured,managed,115.9714,1.030245,close
np.sinh(a) (float64),Unary,float64,1000,,0.0047,0.0126,available,,not_measured,managed,0.0126,0.373016,slower
np.sinh(a) (float64),Unary,float64,100000,,1.5306,1.2991,available,,not_measured,managed,1.2991,1.1782,faster
np.sinh(a) (float64),Unary,float64,10000000,,172.1564,131.5665,available,,not_measured,managed,131.5665,1.308512,faster
np.sqrt (float16),Unary,float16,1000,,0.0051,0.0071,available,,not_measured,managed,0.0071,0.71831,slower
np.sqrt (float16),Unary,float16,100000,,0.3815,0.6754,available,,not_measured,managed,0.6754,0.56485,slower
np.sqrt (float16),Unary,float16,10000000,,52.1087,65.1094,available,,not_measured,managed,65.1094,0.800325,close
np.sqrt (float32),Unary,float32,1000,,0.0008,0.0025,available,,not_measured,managed,0.0025,0.32,negligible
np.sqrt (float32),Unary,float32,100000,,0.0154,0.0759,available,,not_measured,managed,0.0759,0.202899,much_slower
np.sqrt (float32),Unary,float32,10000000,,14.1959,9.1052,available,,not_measured,managed,9.1052,1.559098,faster
np.sqrt (float64),Unary,float64,1000,,0.0013,0.0056,available,,not_measured,managed,0.0056,0.232143,much_slower
np.sqrt (float64),Unary,float64,100000,,0.3082,0.2863,available,,not_measured,managed,0.2863,1.076493,faster
np.sqrt (float64),Unary,float64,10000000,,39.6635,32.3711,available,,not_measured,managed,32.3711,1.225275,faster
np.square(a) (float16),Unary,float16,1000,,0.0026,0.0087,available,,not_measured,managed,0.0087,0.298851,much_slower
np.square(a) (float16),Unary,float16,100000,,0.3805,0.8309,available,,not_measured,managed,0.8309,0.457937,slower
np.square(a) (float16),Unary,float16,10000000,,50.3236,82.3769,available,,not_measured,managed,82.3769,0.610895,slower
np.square(a) (float32),Unary,float32,1000,,0.0005,0.0019,available,,not_measured,managed,0.0019,0.263158,negligible
np.square(a) (float32),Unary,float32,100000,,0.022,0.0513,available,,not_measured,managed,0.0513,0.42885,slower
np.square(a) (float32),Unary,float32,10000000,,12.4523,8.9069,available,,not_measured,managed,8.9069,1.398051,faster
np.square(a) (float64),Unary,float64,1000,,0.0006,0.0028,available,,not_measured,managed,0.0028,0.214286,negligible
np.square(a) (float64),Unary,float64,100000,,0.0218,0.1039,available,,not_measured,managed,0.1039,0.209817,much_slower
np.square(a) (float64),Unary,float64,10000000,,26.7121,19.76,available,,not_measured,managed,19.76,1.351827,faster
np.tan (float16),Unary,float16,1000,,0.0075,0.0165,available,,not_measured,managed,0.0165,0.454545,slower
np.tan (float16),Unary,float16,100000,,1.0198,1.8645,available,,not_measured,managed,1.8645,0.546956,slower
np.tan (float16),Unary,float16,10000000,,169.3931,188.9694,available,,not_measured,managed,188.9694,0.896405,close
np.tan (float32),Unary,float32,1000,,0.0039,0.0082,available,,not_measured,managed,0.0082,0.47561,slower
np.tan (float32),Unary,float32,100000,,0.7474,1.1465,available,,not_measured,managed,1.1465,0.651897,slower
np.tan (float32),Unary,float32,10000000,,129.4311,111.2932,available,,not_measured,managed,111.2932,1.162974,faster
np.tan (float64),Unary,float64,1000,,0.0049,0.0126,available,,not_measured,managed,0.0126,0.388889,slower
np.tan (float64),Unary,float64,100000,,1.6366,1.5601,available,,not_measured,managed,1.5601,1.049035,close
np.tan (float64),Unary,float64,10000000,,196.6376,155.9469,available,,not_measured,managed,155.9469,1.260927,faster
np.tanh(a) (float16),Unary,float16,1000,,0.0111,0.0211,available,,not_measured,managed,0.0211,0.526066,slower
np.tanh(a) (float16),Unary,float16,100000,,1.0505,2.0928,available,,not_measured,managed,2.0928,0.501959,slower
np.tanh(a) (float16),Unary,float16,10000000,,187.0996,208.9086,available,,not_measured,managed,208.9086,0.895605,close
np.tanh(a) (float32),Unary,float32,1000,,0.0018,0.0028,available,,not_measured,managed,0.0028,0.642857,slower
np.tanh(a) (float32),Unary,float32,100000,,0.1281,0.2093,available,,not_measured,managed,0.2093,0.61204,slower
np.tanh(a) (float32),Unary,float32,10000000,,68.493,36.1234,available,,not_measured,managed,36.1234,1.896084,faster
np.tanh(a) (float64),Unary,float64,1000,,0.0083,0.0101,available,,not_measured,managed,0.0101,0.821782,close
np.tanh(a) (float64),Unary,float64,100000,,3.4202,0.8211,available,,not_measured,managed,0.8211,4.165388,faster
np.tanh(a) (float64),Unary,float64,10000000,,310.3474,83.8608,available,,not_measured,managed,83.8608,3.700745,faster
np.trunc(a) (float16),Unary,float16,1000,,0.0076,0.0066,available,,not_measured,managed,0.0066,1.151515,faster
np.trunc(a) (float16),Unary,float16,100000,,0.4897,0.6153,available,,not_measured,managed,0.6153,0.795872,slower
np.trunc(a) (float16),Unary,float16,10000000,,65.3762,60.2253,available,,not_measured,managed,60.2253,1.085527,faster
np.trunc(a) (float32),Unary,float32,1000,,0.0007,0.0019,available,,not_measured,managed,0.0019,0.368421,negligible
np.trunc(a) (float32),Unary,float32,100000,,0.0104,0.0536,available,,not_measured,managed,0.0536,0.19403,much_slower
np.trunc(a) (float32),Unary,float32,10000000,,14.0382,9.0125,available,,not_measured,managed,9.0125,1.557637,faster
np.trunc(a) (float64),Unary,float64,1000,,0.0006,0.0028,available,,not_measured,managed,0.0028,0.214286,negligible
np.trunc(a) (float64),Unary,float64,100000,,0.0215,0.0988,available,,not_measured,managed,0.0988,0.217611,much_slower
np.trunc(a) (float64),Unary,float64,10000000,,28.5038,19.7507,available,,not_measured,managed,19.7507,1.443179,faster
