bench	key	ns_ms	np_ms
reduce_layout_bench	100K|f64|C|sum|ax0	0.0215235	0.015139
reduce_layout_bench	100K|f64|C|sum|ax1	0.024796	0.0199035
reduce_layout_bench	100K|f64|C|min|ax0	0.020176	0.016689
reduce_layout_bench	100K|f64|C|min|ax1	0.028345	0.0176755
reduce_layout_bench	100K|f64|C|max|ax0	0.0189815	0.0151505
reduce_layout_bench	100K|f64|C|max|ax1	0.030243000000000003	0.02028
reduce_layout_bench	100K|f64|C|prod|ax0	0.0103185	0.012893
reduce_layout_bench	100K|f64|C|prod|ax1	0.0062835	0.061337
reduce_layout_bench	100K|f64|F|sum|ax0	0.020644	0.0199525
reduce_layout_bench	100K|f64|F|sum|ax1	0.018618	0.010963
reduce_layout_bench	100K|f64|F|min|ax0	0.026663000000000003	0.0200095
reduce_layout_bench	100K|f64|F|min|ax1	0.020546500000000002	0.0185515
reduce_layout_bench	100K|f64|F|max|ax0	0.024501	0.0200985
reduce_layout_bench	100K|f64|F|max|ax1	0.019074	0.0163075
reduce_layout_bench	100K|f64|F|prod|ax0	0.0076454999999999995	0.0593675
reduce_layout_bench	100K|f64|F|prod|ax1	0.0098045	0.013002
reduce_layout_bench	100K|f64|T|sum|ax0	0.025917500000000003	0.0182585
reduce_layout_bench	100K|f64|T|sum|ax1	0.022085499999999997	0.012454
reduce_layout_bench	100K|f64|T|min|ax0	0.0246965	0.017614
reduce_layout_bench	100K|f64|T|min|ax1	0.0183065	0.01476
reduce_layout_bench	100K|f64|T|max|ax0	0.025924999999999997	0.018043
reduce_layout_bench	100K|f64|T|max|ax1	0.018156000000000002	0.0155845
reduce_layout_bench	100K|f64|T|prod|ax0	0.006520000000000001	0.060198
reduce_layout_bench	100K|f64|T|prod|ax1	0.012105	0.0124775
reduce_layout_bench	100K|f64|strided|sum|ax0	0.0339295	0.0198935
reduce_layout_bench	100K|f64|strided|sum|ax1	0.021377999999999998	0.013362
reduce_layout_bench	100K|f64|strided|min|ax0	0.046863999999999996	0.01577
reduce_layout_bench	100K|f64|strided|min|ax1	0.039144	0.0247645
reduce_layout_bench	100K|f64|strided|max|ax0	0.0447835	0.0157465
reduce_layout_bench	100K|f64|strided|max|ax1	0.0412645	0.024424
reduce_layout_bench	100K|f64|strided|prod|ax0	0.024425500000000003	0.0198345
reduce_layout_bench	100K|f64|strided|prod|ax1	0.0180795	0.025111
reduce_layout_bench	100K|f64|negrow|sum|ax0	0.018255999999999998	0.012218
reduce_layout_bench	100K|f64|negrow|sum|ax1	0.024018	0.018953
reduce_layout_bench	100K|f64|negrow|min|ax0	0.027714500000000003	0.0156725
reduce_layout_bench	100K|f64|negrow|min|ax1	0.017978499999999998	0.0186145
reduce_layout_bench	100K|f64|negrow|max|ax0	0.028748	0.01492
reduce_layout_bench	100K|f64|negrow|max|ax1	0.017093	0.0171835
reduce_layout_bench	100K|f64|negrow|prod|ax0	0.006645	0.0146245
reduce_layout_bench	100K|f64|negrow|prod|ax1	0.0253395	0.0635325
reduce_layout_bench	100K|f64|negcol|sum|ax0	0.0528845	0.034164
reduce_layout_bench	100K|f64|negcol|sum|ax1	0.0234485	0.019733
reduce_layout_bench	100K|f64|negcol|min|ax0	0.1368155	0.0268605
reduce_layout_bench	100K|f64|negcol|min|ax1	0.0175925	0.044248
reduce_layout_bench	100K|f64|negcol|max|ax0	0.12868000000000002	0.029381
reduce_layout_bench	100K|f64|negcol|max|ax1	0.021662499999999998	0.0438845
reduce_layout_bench	100K|f64|negcol|prod|ax0	0.042922	0.0341685
reduce_layout_bench	100K|f64|negcol|prod|ax1	0.029009	0.0647585
reduce_layout_bench	100K|f64|sliced|sum|ax0	0.0201885	0.0149895
reduce_layout_bench	100K|f64|sliced|sum|ax1	0.02466	0.020165
reduce_layout_bench	100K|f64|sliced|min|ax0	0.0254665	0.0194215
reduce_layout_bench	100K|f64|sliced|min|ax1	0.032092	0.016943
reduce_layout_bench	100K|f64|sliced|max|ax0	0.026317	0.0165855
reduce_layout_bench	100K|f64|sliced|max|ax1	0.0299365	0.016736
reduce_layout_bench	100K|f64|sliced|prod|ax0	0.0098375	0.0143925
reduce_layout_bench	100K|f64|sliced|prod|ax1	0.020909499999999998	0.0606445
reduce_layout_bench	100K|f64|bcast|sum|ax0	0.01568	0.010178
reduce_layout_bench	100K|f64|bcast|sum|ax1	0.0198365	0.0155215
reduce_layout_bench	100K|f64|bcast|min|ax0	0.026472000000000002	0.01371
reduce_layout_bench	100K|f64|bcast|min|ax1	0.015843	0.018833
reduce_layout_bench	100K|f64|bcast|max|ax0	0.0266635	0.013644
reduce_layout_bench	100K|f64|bcast|max|ax1	0.015927	0.017506
reduce_layout_bench	100K|f64|bcast|prod|ax0	0.0062255	0.011023
reduce_layout_bench	100K|f64|bcast|prod|ax1	0.041069	0.06323
reduce_layout_bench	100K|f32|C|sum|ax0	0.0141295	0.0078055
reduce_layout_bench	100K|f32|C|sum|ax1	0.020182000000000002	0.0185375
reduce_layout_bench	100K|f32|C|min|ax0	0.010782	0.009599
reduce_layout_bench	100K|f32|C|min|ax1	0.0190685	0.012924
reduce_layout_bench	100K|f32|C|max|ax0	0.010701	0.0095835
reduce_layout_bench	100K|f32|C|max|ax1	0.018966	0.013554
reduce_layout_bench	100K|f32|C|prod|ax0	0.0054975	0.008273
reduce_layout_bench	100K|f32|C|prod|ax1	0.004075	0.062757
reduce_layout_bench	100K|f32|F|sum|ax0	0.01985	0.017805
reduce_layout_bench	100K|f32|F|sum|ax1	0.014109	0.00754
reduce_layout_bench	100K|f32|F|min|ax0	0.020592000000000003	0.0148615
reduce_layout_bench	100K|f32|F|min|ax1	0.011163000000000001	0.0098695
reduce_layout_bench	100K|f32|F|max|ax0	0.0196895	0.012612
reduce_layout_bench	100K|f32|F|max|ax1	0.0110385	0.0102495
reduce_layout_bench	100K|f32|F|prod|ax0	0.0040395	0.065368
reduce_layout_bench	100K|f32|F|prod|ax1	0.0059050000000000005	0.0092175
reduce_layout_bench	100K|f32|T|sum|ax0	0.019762	0.0176915
reduce_layout_bench	100K|f32|T|sum|ax1	0.013709	0.0078495
reduce_layout_bench	100K|f32|T|min|ax0	0.018561	0.0128805
reduce_layout_bench	100K|f32|T|min|ax1	0.010859	0.010179
reduce_layout_bench	100K|f32|T|max|ax0	0.0186505	0.014683
reduce_layout_bench	100K|f32|T|max|ax1	0.0104175	0.0101235
reduce_layout_bench	100K|f32|T|prod|ax0	0.0038755	0.062305
reduce_layout_bench	100K|f32|T|prod|ax1	0.0054754999999999995	0.0083535
reduce_layout_bench	100K|f32|strided|sum|ax0	0.032193	0.017721
reduce_layout_bench	100K|f32|strided|sum|ax1	0.016843	0.0092645
reduce_layout_bench	100K|f32|strided|min|ax0	0.042010500000000006	0.0129575
reduce_layout_bench	100K|f32|strided|min|ax1	0.0236225	0.024384
reduce_layout_bench	100K|f32|strided|max|ax0	0.043400499999999995	0.012867
reduce_layout_bench	100K|f32|strided|max|ax1	0.0246265	0.0262615
reduce_layout_bench	100K|f32|strided|prod|ax0	0.022134499999999998	0.0184875
reduce_layout_bench	100K|f32|strided|prod|ax1	0.0120895	0.028341
reduce_layout_bench	100K|f32|negrow|sum|ax0	0.0076735	0.007614
reduce_layout_bench	100K|f32|negrow|sum|ax1	0.013328	0.0184925
reduce_layout_bench	100K|f32|negrow|min|ax0	0.0117645	0.011008
reduce_layout_bench	100K|f32|negrow|min|ax1	0.0111685	0.0121675
reduce_layout_bench	100K|f32|negrow|max|ax0	0.012728	0.0097025
reduce_layout_bench	100K|f32|negrow|max|ax1	0.012274	0.0142135
reduce_layout_bench	100K|f32|negrow|prod|ax0	0.004895	0.0104005
reduce_layout_bench	100K|f32|negrow|prod|ax1	0.0166985	0.061996
reduce_layout_bench	100K|f32|negcol|sum|ax0	0.044059999999999995	0.0323185
reduce_layout_bench	100K|f32|negcol|sum|ax1	0.013241000000000001	0.0184615
reduce_layout_bench	100K|f32|negcol|min|ax0	0.115958	0.0429715
reduce_layout_bench	100K|f32|negcol|min|ax1	0.010636000000000001	0.0430455
reduce_layout_bench	100K|f32|negcol|max|ax0	0.11569800000000001	0.0421425
reduce_layout_bench	100K|f32|negcol|max|ax1	0.010887500000000001	0.0430335
reduce_layout_bench	100K|f32|negcol|prod|ax0	0.042854	0.033105
reduce_layout_bench	100K|f32|negcol|prod|ax1	0.0176075	0.061394
reduce_layout_bench	100K|f32|sliced|sum|ax0	0.008427	0.0071945
reduce_layout_bench	100K|f32|sliced|sum|ax1	0.013179000000000001	0.0166425
reduce_layout_bench	100K|f32|sliced|min|ax0	0.012846999999999999	0.009434
reduce_layout_bench	100K|f32|sliced|min|ax1	0.017988999999999998	0.0113835
reduce_layout_bench	100K|f32|sliced|max|ax0	0.01333	0.009783
reduce_layout_bench	100K|f32|sliced|max|ax1	0.015785	0.013229
reduce_layout_bench	100K|f32|sliced|prod|ax0	0.0049505	0.0084595
reduce_layout_bench	100K|f32|sliced|prod|ax1	0.015189	0.059999
reduce_layout_bench	100K|f32|bcast|sum|ax0	0.0067789999999999994	0.0071615
reduce_layout_bench	100K|f32|bcast|sum|ax1	0.012931999999999999	0.0151195
reduce_layout_bench	100K|f32|bcast|min|ax0	0.012164999999999999	0.0096835
reduce_layout_bench	100K|f32|bcast|min|ax1	0.010987499999999999	0.0123855
reduce_layout_bench	100K|f32|bcast|max|ax0	0.0123355	0.009075
reduce_layout_bench	100K|f32|bcast|max|ax1	0.0105565	0.012459
reduce_layout_bench	100K|f32|bcast|prod|ax0	0.0037075000000000003	0.007812
reduce_layout_bench	100K|f32|bcast|prod|ax1	0.039948000000000004	0.061946
reduce_layout_bench	100K|c128|C|sum|ax0	0.0213185	0.031401
reduce_layout_bench	100K|c128|C|sum|ax1	0.034714	0.0397105
reduce_layout_bench	100K|c128|C|min|ax0	0.1980465	0.149837
reduce_layout_bench	100K|c128|C|min|ax1	0.1622895	0.16499
reduce_layout_bench	100K|c128|C|max|ax0	0.168637	0.153864
reduce_layout_bench	100K|c128|C|max|ax1	0.175612	0.163999
reduce_layout_bench	100K|c128|C|prod|ax0	0.1454425	0.036088
reduce_layout_bench	100K|c128|C|prod|ax1	0.192525	0.252311
reduce_layout_bench	100K|c128|F|sum|ax0	0.039397	0.0350065
reduce_layout_bench	100K|c128|F|sum|ax1	0.0400695	0.0255645
reduce_layout_bench	100K|c128|F|min|ax0	0.201854	0.165852
reduce_layout_bench	100K|c128|F|min|ax1	0.233185	0.147704
reduce_layout_bench	100K|c128|F|max|ax0	0.168568	0.170564
reduce_layout_bench	100K|c128|F|max|ax1	0.19653099999999998	0.1609
reduce_layout_bench	100K|c128|F|prod|ax0	0.1929605	0.469267
reduce_layout_bench	100K|c128|F|prod|ax1	0.1443435	0.067853
reduce_layout_bench	100K|c128|T|sum|ax0	0.0516005	0.0538365
reduce_layout_bench	100K|c128|T|sum|ax1	0.045161	0.046121
reduce_layout_bench	100K|c128|T|min|ax0	0.20156749999999998	0.190747
reduce_layout_bench	100K|c128|T|min|ax1	0.23637650000000002	0.16043
reduce_layout_bench	100K|c128|T|max|ax0	0.16466650000000002	0.191692
reduce_layout_bench	100K|c128|T|max|ax1	0.20312650000000002	0.159896
reduce_layout_bench	100K|c128|T|prod|ax0	0.19077449999999999	0.470347
reduce_layout_bench	100K|c128|T|prod|ax1	0.138612	0.068821
reduce_layout_bench	100K|c128|strided|sum|ax0	0.040432499999999996	0.0432195
reduce_layout_bench	100K|c128|strided|sum|ax1	0.0295105	0.038152
reduce_layout_bench	100K|c128|strided|min|ax0	0.125332	0.084371
reduce_layout_bench	100K|c128|strided|min|ax1	0.10645099999999999	0.106478
reduce_layout_bench	100K|c128|strided|max|ax0	0.103402	0.0847655
reduce_layout_bench	100K|c128|strided|max|ax1	0.09077500000000001	0.104983
reduce_layout_bench	100K|c128|strided|prod|ax0	0.0815185	0.0503255
reduce_layout_bench	100K|c128|strided|prod|ax1	0.0977185	0.236898
reduce_layout_bench	100K|c128|negrow|sum|ax0	0.041096	0.0433495
reduce_layout_bench	100K|c128|negrow|sum|ax1	0.054307	0.05752
reduce_layout_bench	100K|c128|negrow|min|ax0	0.242439	0.168144
reduce_layout_bench	100K|c128|negrow|min|ax1	0.212503	0.191987
reduce_layout_bench	100K|c128|negrow|max|ax0	0.197124	0.157398
reduce_layout_bench	100K|c128|negrow|max|ax1	0.17398499999999997	0.188906
reduce_layout_bench	100K|c128|negrow|prod|ax0	0.140203	0.0638425
reduce_layout_bench	100K|c128|negrow|prod|ax1	0.2021125	0.466979
reduce_layout_bench	100K|c128|negcol|sum|ax0	0.07773100000000001	0.070899
reduce_layout_bench	100K|c128|negcol|sum|ax1	0.048294	0.057451
reduce_layout_bench	100K|c128|negcol|min|ax0	0.24739	0.165076
reduce_layout_bench	100K|c128|negcol|min|ax1	0.2011405	0.196615
reduce_layout_bench	100K|c128|negcol|max|ax0	0.2017895	0.162267
reduce_layout_bench	100K|c128|negcol|max|ax1	0.16319199999999998	0.19447
reduce_layout_bench	100K|c128|negcol|prod|ax0	0.146674	0.0940215
reduce_layout_bench	100K|c128|negcol|prod|ax1	0.196555	0.430329
reduce_layout_bench	100K|c128|sliced|sum|ax0	0.0404595	0.052259
reduce_layout_bench	100K|c128|sliced|sum|ax1	0.0499625	0.0565405
reduce_layout_bench	100K|c128|sliced|min|ax0	0.228809	0.16512
reduce_layout_bench	100K|c128|sliced|min|ax1	0.1965425	0.190563
reduce_layout_bench	100K|c128|sliced|max|ax0	0.192028	0.165274
reduce_layout_bench	100K|c128|sliced|max|ax1	0.17075500000000002	0.192252
reduce_layout_bench	100K|c128|sliced|prod|ax0	0.1414355	0.06869
reduce_layout_bench	100K|c128|sliced|prod|ax1	0.18599900000000003	0.476903
reduce_layout_bench	100K|c128|bcast|sum|ax0	0.0314035	0.0354715
reduce_layout_bench	100K|c128|bcast|sum|ax1	0.0435765	0.050824
reduce_layout_bench	100K|c128|bcast|min|ax0	0.254641	0.163924
reduce_layout_bench	100K|c128|bcast|min|ax1	0.189077	0.186107
reduce_layout_bench	100K|c128|bcast|max|ax0	0.2523805	0.162317
reduce_layout_bench	100K|c128|bcast|max|ax1	0.1623695	0.185407
reduce_layout_bench	100K|c128|bcast|prod|ax0	0.136368	0.0641045
reduce_layout_bench	100K|c128|bcast|prod|ax1	0.1813685	0.470353
reduce_layout_bench	100K|dec|C|sum|ax0	0.7843370000000001	0.026122
reduce_layout_bench	100K|dec|C|sum|ax1	0.4432395	0.0313505
reduce_layout_bench	100K|dec|C|min|ax0	0.33912950000000003	0.0395525
reduce_layout_bench	100K|dec|C|min|ax1	0.24546600000000002	0.055803
reduce_layout_bench	100K|dec|C|max|ax0	0.3227075	0.040982
reduce_layout_bench	100K|dec|C|max|ax1	0.269569	0.055001
reduce_layout_bench	100K|dec|F|sum|ax0	0.4352165	0.031449
reduce_layout_bench	100K|dec|F|sum|ax1	0.7657094999999999	0.0250605
reduce_layout_bench	100K|dec|F|min|ax0	0.263998	0.054597
reduce_layout_bench	100K|dec|F|min|ax1	0.2546065	0.040534
reduce_layout_bench	100K|dec|F|max|ax0	0.274312	0.0554545
reduce_layout_bench	100K|dec|F|max|ax1	0.352195	0.0417325
reduce_layout_bench	100K|dec|T|sum|ax0	0.446706	0.0326075
reduce_layout_bench	100K|dec|T|sum|ax1	0.7752095	0.024522
reduce_layout_bench	100K|dec|T|min|ax0	0.263064	0.053548
reduce_layout_bench	100K|dec|T|min|ax1	0.3419845	0.0428465
reduce_layout_bench	100K|dec|T|max|ax0	0.266965	0.05549
reduce_layout_bench	100K|dec|T|max|ax1	0.3456035	0.0408495
reduce_layout_bench	100K|dec|strided|sum|ax0	0.403048	0.0370515
reduce_layout_bench	100K|dec|strided|sum|ax1	0.22359300000000001	0.0217285
reduce_layout_bench	100K|dec|strided|min|ax0	0.183138	0.0417165
reduce_layout_bench	100K|dec|strided|min|ax1	0.1436805	0.0684265
reduce_layout_bench	100K|dec|strided|max|ax0	0.1851275	0.04342
reduce_layout_bench	100K|dec|strided|max|ax1	0.15221099999999999	0.0625155
reduce_layout_bench	100K|dec|negrow|sum|ax0	0.784911	0.0255925
reduce_layout_bench	100K|dec|negrow|sum|ax1	0.442128	0.0326565
reduce_layout_bench	100K|dec|negrow|min|ax0	0.34177	0.042349
reduce_layout_bench	100K|dec|negrow|min|ax1	0.2610935	0.0555565
reduce_layout_bench	100K|dec|negrow|max|ax0	0.3425685	0.042618
reduce_layout_bench	100K|dec|negrow|max|ax1	0.263312	0.0595865
reduce_layout_bench	100K|dec|negcol|sum|ax0	0.7513535	0.062319
reduce_layout_bench	100K|dec|negcol|sum|ax1	0.4369625	0.0320955
reduce_layout_bench	100K|dec|negcol|min|ax0	0.308327	0.0721325
reduce_layout_bench	100K|dec|negcol|min|ax1	0.2572855	0.113758
reduce_layout_bench	100K|dec|negcol|max|ax0	0.3539695	0.071146
reduce_layout_bench	100K|dec|negcol|max|ax1	0.24046	0.116798
reduce_layout_bench	100K|dec|sliced|sum|ax0	0.765363	0.02684
reduce_layout_bench	100K|dec|sliced|sum|ax1	0.4365335	0.031927
reduce_layout_bench	100K|dec|sliced|min|ax0	0.302123	0.042522
reduce_layout_bench	100K|dec|sliced|min|ax1	0.25808800000000004	0.05379
reduce_layout_bench	100K|dec|sliced|max|ax0	0.34232550000000006	0.0469775
reduce_layout_bench	100K|dec|sliced|max|ax1	0.2590735	0.0523865
reduce_layout_bench	100K|dec|bcast|sum|ax0	0.7699134999999999	0.0218745
reduce_layout_bench	100K|dec|bcast|sum|ax1	0.439373	0.0254075
reduce_layout_bench	100K|dec|bcast|min|ax0	0.334379	0.041602
reduce_layout_bench	100K|dec|bcast|min|ax1	0.25177499999999997	0.0528105
reduce_layout_bench	100K|dec|bcast|max|ax0	0.33037950000000005	0.040565
reduce_layout_bench	100K|dec|bcast|max|ax1	0.2623735	0.0536865
reduce_layout_bench	100K|f16|C|sum|ax0	0.16366599999999998	0.665627
reduce_layout_bench	100K|f16|C|sum|ax1	0.08519349999999999	0.248337
reduce_layout_bench	100K|f16|C|min|ax0	0.2419705	0.337073
reduce_layout_bench	100K|f16|C|min|ax1	0.3426875	0.337768
reduce_layout_bench	100K|f16|C|max|ax0	0.3476825	0.348101
reduce_layout_bench	100K|f16|C|max|ax1	0.34820749999999995	0.349073
reduce_layout_bench	100K|f16|C|prod|ax0	0.8254630000000001	0.758822
reduce_layout_bench	100K|f16|C|prod|ax1	0.8206	0.213069
reduce_layout_bench	100K|f16|F|sum|ax0	0.08988049999999999	0.257583
reduce_layout_bench	100K|f16|F|sum|ax1	0.169558	0.696195
reduce_layout_bench	100K|f16|F|min|ax0	0.360993	0.343648
reduce_layout_bench	100K|f16|F|min|ax1	0.35895150000000003	0.333013
reduce_layout_bench	100K|f16|F|max|ax0	0.3596435	0.359336
reduce_layout_bench	100K|f16|F|max|ax1	0.3627775	0.360081
reduce_layout_bench	100K|f16|F|prod|ax0	0.8240365	0.212849
reduce_layout_bench	100K|f16|F|prod|ax1	0.8025305	0.693145
reduce_layout_bench	100K|f16|T|sum|ax0	0.0909805	0.256593
reduce_layout_bench	100K|f16|T|sum|ax1	0.168508	0.671341
reduce_layout_bench	100K|f16|T|min|ax0	0.352329	0.352573
reduce_layout_bench	100K|f16|T|min|ax1	0.34979	0.367683
reduce_layout_bench	100K|f16|T|max|ax0	0.35202399999999995	0.378648
reduce_layout_bench	100K|f16|T|max|ax1	0.34812	0.381671
reduce_layout_bench	100K|f16|T|prod|ax0	0.8029985000000001	0.231529
reduce_layout_bench	100K|f16|T|prod|ax1	0.8356395000000001	0.844245
reduce_layout_bench	100K|f16|strided|sum|ax0	0.6763684999999999	0.476654
reduce_layout_bench	100K|f16|strided|sum|ax1	0.2340005	0.151518
reduce_layout_bench	100K|f16|strided|min|ax0	0.1807685	0.179991
reduce_layout_bench	100K|f16|strided|min|ax1	0.179145	0.188954
reduce_layout_bench	100K|f16|strided|max|ax0	0.1798755	0.20505
reduce_layout_bench	100K|f16|strided|max|ax1	0.17392849999999999	0.205087
reduce_layout_bench	100K|f16|strided|prod|ax0	0.420124	0.411294
reduce_layout_bench	100K|f16|strided|prod|ax1	0.4172885	0.118917
reduce_layout_bench	100K|f16|negrow|sum|ax0	0.17704899999999998	0.724506
reduce_layout_bench	100K|f16|negrow|sum|ax1	0.09023500000000001	0.262464
reduce_layout_bench	100K|f16|negrow|min|ax0	0.360964	0.342284
reduce_layout_bench	100K|f16|negrow|min|ax1	0.3707445	0.34152
reduce_layout_bench	100K|f16|negrow|max|ax0	0.36390300000000003	0.353904
reduce_layout_bench	100K|f16|negrow|max|ax1	0.364144	0.368496
reduce_layout_bench	100K|f16|negrow|prod|ax0	0.8419185	0.77645
reduce_layout_bench	100K|f16|negrow|prod|ax1	0.834006	0.218342
reduce_layout_bench	100K|f16|negcol|sum|ax0	1.3655965	0.677938
reduce_layout_bench	100K|f16|negcol|sum|ax1	0.09063700000000001	0.248385
reduce_layout_bench	100K|f16|negcol|min|ax0	0.3653235	0.325782
reduce_layout_bench	100K|f16|negcol|min|ax1	0.36015749999999996	0.347445
reduce_layout_bench	100K|f16|negcol|max|ax0	0.3728895	0.369308
reduce_layout_bench	100K|f16|negcol|max|ax1	0.36168100000000003	0.366933
reduce_layout_bench	100K|f16|negcol|prod|ax0	0.8508355000000001	0.792697
reduce_layout_bench	100K|f16|negcol|prod|ax1	0.8577955	0.217196
reduce_layout_bench	100K|f16|sliced|sum|ax0	0.165019	0.697235
reduce_layout_bench	100K|f16|sliced|sum|ax1	0.0919185	0.257629
reduce_layout_bench	100K|f16|sliced|min|ax0	0.3663965	0.347203
reduce_layout_bench	100K|f16|sliced|min|ax1	0.36253799999999997	0.335283
reduce_layout_bench	100K|f16|sliced|max|ax0	0.36583550000000004	0.35639
reduce_layout_bench	100K|f16|sliced|max|ax1	0.3611265	0.360131
reduce_layout_bench	100K|f16|sliced|prod|ax0	0.825476	0.790241
reduce_layout_bench	100K|f16|sliced|prod|ax1	0.8211535000000001	0.224347
reduce_layout_bench	100K|f16|bcast|sum|ax0	0.166431	0.73783
reduce_layout_bench	100K|f16|bcast|sum|ax1	0.09106550000000001	0.270876
reduce_layout_bench	100K|f16|bcast|min|ax0	0.3183645	0.320781
reduce_layout_bench	100K|f16|bcast|min|ax1	0.362725	0.375611
reduce_layout_bench	100K|f16|bcast|max|ax0	0.3236215	1.04267
reduce_layout_bench	100K|f16|bcast|max|ax1	0.35477849999999994	0.392144
reduce_layout_bench	100K|f16|bcast|prod|ax0	0.866659	0.803984
reduce_layout_bench	100K|f16|bcast|prod|ax1	0.8439369999999999	0.21501
reduce_layout_bench	100K|i32|C|sum|ax0	0.0163225	0.115439
reduce_layout_bench	100K|i32|C|sum|ax1	0.013243499999999998	0.0973865
reduce_layout_bench	100K|i32|C|min|ax0	0.014242	0.0174435
reduce_layout_bench	100K|i32|C|min|ax1	0.008795500000000001	0.0183225
reduce_layout_bench	100K|i32|C|max|ax0	0.0114075	0.017066
reduce_layout_bench	100K|i32|C|max|ax1	0.008866	0.017744
reduce_layout_bench	100K|i32|C|prod|ax0	0.0511255	0.119241
reduce_layout_bench	100K|i32|C|prod|ax1	0.055820999999999996	0.179451
reduce_layout_bench	100K|i32|F|sum|ax0	0.010857499999999999	0.0924025
reduce_layout_bench	100K|i32|F|sum|ax1	0.01891	0.114729
reduce_layout_bench	100K|i32|F|min|ax0	0.00928	0.0177075
reduce_layout_bench	100K|i32|F|min|ax1	0.012296	0.0176055
reduce_layout_bench	100K|i32|F|max|ax0	0.0089465	0.0182305
reduce_layout_bench	100K|i32|F|max|ax1	0.012312499999999999	0.017337
reduce_layout_bench	100K|i32|F|prod|ax0	0.0558905	0.182436
reduce_layout_bench	100K|i32|F|prod|ax1	0.0507195	0.119434
reduce_layout_bench	100K|i32|T|sum|ax0	0.011167	0.094832
reduce_layout_bench	100K|i32|T|sum|ax1	0.016129	0.117966
reduce_layout_bench	100K|i32|T|min|ax0	0.010427500000000001	0.017914
reduce_layout_bench	100K|i32|T|min|ax1	0.0116525	0.0173785
reduce_layout_bench	100K|i32|T|max|ax0	0.008772	0.017729
reduce_layout_bench	100K|i32|T|max|ax1	0.0116075	0.017437
reduce_layout_bench	100K|i32|T|prod|ax0	0.055555	0.189591
reduce_layout_bench	100K|i32|T|prod|ax1	0.050764	0.132859
reduce_layout_bench	100K|i32|strided|sum|ax0	0.0605585	0.056403
reduce_layout_bench	100K|i32|strided|sum|ax1	0.061366	0.046413
reduce_layout_bench	100K|i32|strided|min|ax0	0.048342	0.0366255
reduce_layout_bench	100K|i32|strided|min|ax1	0.1588785	0.0304475
reduce_layout_bench	100K|i32|strided|max|ax0	0.053587499999999996	0.0376945
reduce_layout_bench	100K|i32|strided|max|ax1	0.0946505	0.030053
reduce_layout_bench	100K|i32|strided|prod|ax0	0.081189	0.057967
reduce_layout_bench	100K|i32|strided|prod|ax1	0.0858495	0.0827185
reduce_layout_bench	100K|i32|negrow|sum|ax0	0.016633	0.119874
reduce_layout_bench	100K|i32|negrow|sum|ax1	0.126475	0.102225
reduce_layout_bench	100K|i32|negrow|min|ax0	0.0084645	0.017344
reduce_layout_bench	100K|i32|negrow|min|ax1	0.0334785	0.01855
reduce_layout_bench	100K|i32|negrow|max|ax0	0.008707	0.017786
reduce_layout_bench	100K|i32|negrow|max|ax1	0.029481	0.018607
reduce_layout_bench	100K|i32|negrow|prod|ax0	0.054405	0.124724
reduce_layout_bench	100K|i32|negrow|prod|ax1	0.1626755	0.184442
reduce_layout_bench	100K|i32|negcol|sum|ax0	0.1240715	0.100247
reduce_layout_bench	100K|i32|negcol|sum|ax1	0.1251275	0.084889
reduce_layout_bench	100K|i32|negcol|min|ax0	0.097886	0.0631705
reduce_layout_bench	100K|i32|negcol|min|ax1	0.123166	0.046913
reduce_layout_bench	100K|i32|negcol|max|ax0	0.10204700000000001	0.0648585
reduce_layout_bench	100K|i32|negcol|max|ax1	0.1651455	0.04779
reduce_layout_bench	100K|i32|negcol|prod|ax0	0.16342800000000002	0.115015
reduce_layout_bench	100K|i32|negcol|prod|ax1	0.16843550000000002	0.172752
reduce_layout_bench	100K|i32|sliced|sum|ax0	0.0168105	0.116762
reduce_layout_bench	100K|i32|sliced|sum|ax1	0.1201745	0.0968535
reduce_layout_bench	100K|i32|sliced|min|ax0	0.009272	0.018969
reduce_layout_bench	100K|i32|sliced|min|ax1	0.0319235	0.0168955
reduce_layout_bench	100K|i32|sliced|max|ax0	0.012145	0.018247
reduce_layout_bench	100K|i32|sliced|max|ax1	0.031691	0.0172145
reduce_layout_bench	100K|i32|sliced|prod|ax0	0.0601675	0.121598
reduce_layout_bench	100K|i32|sliced|prod|ax1	0.1651525	0.180766
reduce_layout_bench	100K|i32|bcast|sum|ax0	0.016649499999999998	0.057538
reduce_layout_bench	100K|i32|bcast|sum|ax1	0.125045	0.0344375
reduce_layout_bench	100K|i32|bcast|min|ax0	0.0050425	0.0160565
reduce_layout_bench	100K|i32|bcast|min|ax1	0.09530849999999999	0.013475
reduce_layout_bench	100K|i32|bcast|max|ax0	0.005468499999999999	0.016014
reduce_layout_bench	100K|i32|bcast|max|ax1	0.1007365	0.013387
reduce_layout_bench	100K|i32|bcast|prod|ax0	0.050685	0.0611285
reduce_layout_bench	100K|i32|bcast|prod|ax1	0.16720649999999998	0.122805
reduce_layout_bench	100K|i64|C|sum|ax0	0.0230475	0.057952
reduce_layout_bench	100K|i64|C|sum|ax1	0.012837000000000001	0.036304
reduce_layout_bench	100K|i64|C|min|ax0	0.031118	0.0365435
reduce_layout_bench	100K|i64|C|min|ax1	0.0374275	0.0467635
reduce_layout_bench	100K|i64|C|max|ax0	0.032558500000000004	0.0422835
reduce_layout_bench	100K|i64|C|max|ax1	0.041643	0.0475875
reduce_layout_bench	100K|i64|C|prod|ax0	0.0468485	0.0639595
reduce_layout_bench	100K|i64|C|prod|ax1	0.053069	0.122346
reduce_layout_bench	100K|i64|F|sum|ax0	0.014001999999999999	0.0391135
reduce_layout_bench	100K|i64|F|sum|ax1	0.021771	0.057097
reduce_layout_bench	100K|i64|F|min|ax0	0.037422	0.0465865
reduce_layout_bench	100K|i64|F|min|ax1	0.036521	0.036196
reduce_layout_bench	100K|i64|F|max|ax0	0.040062499999999994	0.0467285
reduce_layout_bench	100K|i64|F|max|ax1	0.030907	0.0375845
reduce_layout_bench	100K|i64|F|prod|ax0	0.0533315	0.121986
reduce_layout_bench	100K|i64|F|prod|ax1	0.047309000000000004	0.062142
reduce_layout_bench	100K|i64|T|sum|ax0	0.01332	0.038735
reduce_layout_bench	100K|i64|T|sum|ax1	0.021366	0.0582745
reduce_layout_bench	100K|i64|T|min|ax0	0.040554	0.047593
reduce_layout_bench	100K|i64|T|min|ax1	0.0359015	0.036973
reduce_layout_bench	100K|i64|T|max|ax0	0.043021500000000004	0.0470015
reduce_layout_bench	100K|i64|T|max|ax1	0.0339565	0.0379325
reduce_layout_bench	100K|i64|T|prod|ax0	0.050991	0.126933
reduce_layout_bench	100K|i64|T|prod|ax1	0.0568645	0.0644795
reduce_layout_bench	100K|i64|strided|sum|ax0	0.057286000000000004	0.0332525
reduce_layout_bench	100K|i64|strided|sum|ax1	0.18055	0.0244915
reduce_layout_bench	100K|i64|strided|min|ax0	0.055820499999999995	0.036635
reduce_layout_bench	100K|i64|strided|min|ax1	0.123728	0.030794
reduce_layout_bench	100K|i64|strided|max|ax0	0.06303	0.038426
reduce_layout_bench	100K|i64|strided|max|ax1	0.1088575	0.0311015
reduce_layout_bench	100K|i64|strided|prod|ax0	0.0599095	0.0404825
reduce_layout_bench	100K|i64|strided|prod|ax1	0.092688	0.062728
reduce_layout_bench	100K|i64|negrow|sum|ax0	0.018835	0.0587175
reduce_layout_bench	100K|i64|negrow|sum|ax1	0.055256	0.0390915
reduce_layout_bench	100K|i64|negrow|min|ax0	0.0319585	0.0359115
reduce_layout_bench	100K|i64|negrow|min|ax1	0.074616	0.048576
reduce_layout_bench	100K|i64|negrow|max|ax0	0.032297	0.0406755
reduce_layout_bench	100K|i64|negrow|max|ax1	0.056218500000000005	0.049127
reduce_layout_bench	100K|i64|negrow|prod|ax0	0.0490595	0.062914
reduce_layout_bench	100K|i64|negrow|prod|ax1	0.077712	0.124613
reduce_layout_bench	100K|i64|negcol|sum|ax0	0.106381	0.061595
reduce_layout_bench	100K|i64|negcol|sum|ax1	0.1195	0.039449
reduce_layout_bench	100K|i64|negcol|min|ax0	0.1255045	0.0617565
reduce_layout_bench	100K|i64|negcol|min|ax1	0.2609225	0.046043
reduce_layout_bench	100K|i64|negcol|max|ax0	0.137333	0.0656775
reduce_layout_bench	100K|i64|negcol|max|ax1	0.2220185	0.0488675
reduce_layout_bench	100K|i64|negcol|prod|ax0	0.118666	0.0615645
reduce_layout_bench	100K|i64|negcol|prod|ax1	0.1530725	0.126886
reduce_layout_bench	100K|i64|sliced|sum|ax0	0.0243795	0.0598315
reduce_layout_bench	100K|i64|sliced|sum|ax1	0.055340499999999994	0.035263
reduce_layout_bench	100K|i64|sliced|min|ax0	0.0469115	0.038106
reduce_layout_bench	100K|i64|sliced|min|ax1	0.0722305	0.0443435
reduce_layout_bench	100K|i64|sliced|max|ax0	0.050740999999999994	0.041491
reduce_layout_bench	100K|i64|sliced|max|ax1	0.0594785	0.0450255
reduce_layout_bench	100K|i64|sliced|prod|ax0	0.051137499999999995	0.062826
reduce_layout_bench	100K|i64|sliced|prod|ax1	0.0699365	0.120621
reduce_layout_bench	100K|i64|bcast|sum|ax0	0.0083855	0.055114
reduce_layout_bench	100K|i64|bcast|sum|ax1	0.0927135	0.0334425
reduce_layout_bench	100K|i64|bcast|min|ax0	0.031959	0.035831
reduce_layout_bench	100K|i64|bcast|min|ax1	0.1044145	0.044427
reduce_layout_bench	100K|i64|bcast|max|ax0	0.031219999999999998	0.035787
reduce_layout_bench	100K|i64|bcast|max|ax1	0.11273749999999999	0.04552
reduce_layout_bench	100K|i64|bcast|prod|ax0	0.043186	0.05994
reduce_layout_bench	100K|i64|bcast|prod|ax1	0.095488	0.119293
reduce_layout_bench	1M|f64|C|sum|ax0	0.43665333333333334	0.250487
reduce_layout_bench	1M|f64|C|sum|ax1	0.29768	0.36672
reduce_layout_bench	1M|f64|C|min|ax0	1.0541666666666667	0.354407
reduce_layout_bench	1M|f64|C|min|ax1	0.7290466666666667	0.43916
reduce_layout_bench	1M|f64|C|max|ax0	1.2959466666666666	0.36356
reduce_layout_bench	1M|f64|C|max|ax1	1.27448	0.13542
reduce_layout_bench	1M|f64|C|prod|ax0	0.7684533333333333	0.13
reduce_layout_bench	1M|f64|C|prod|ax1	0.26119333333333333	0.835247
reduce_layout_bench	1M|f64|F|sum|ax0	0.49334666666666666	0.369747
reduce_layout_bench	1M|f64|F|sum|ax1	0.6495599999999999	0.249527
reduce_layout_bench	1M|f64|F|min|ax0	0.9589933333333334	0.4145
reduce_layout_bench	1M|f64|F|min|ax1	1.0146733333333333	0.345207
reduce_layout_bench	1M|f64|F|max|ax0	1.2709466666666667	0.451073
reduce_layout_bench	1M|f64|F|max|ax1	1.1756333333333333	0.364273
reduce_layout_bench	1M|f64|F|prod|ax0	0.2315333333333333	0.987333
reduce_layout_bench	1M|f64|F|prod|ax1	1.5101	0.246753
reduce_layout_bench	1M|f64|T|sum|ax0	0.6655133333333333	0.473147
reduce_layout_bench	1M|f64|T|sum|ax1	1.3693	0.24452
reduce_layout_bench	1M|f64|T|min|ax0	1.1332933333333335	0.457507
reduce_layout_bench	1M|f64|T|min|ax1	1.4141266666666668	0.367833
reduce_layout_bench	1M|f64|T|max|ax0	0.9617866666666667	0.431987
reduce_layout_bench	1M|f64|T|max|ax1	1.29338	0.34812
reduce_layout_bench	1M|f64|T|prod|ax0	0.23792	0.99804
reduce_layout_bench	1M|f64|T|prod|ax1	0.45686	0.244713
reduce_layout_bench	1M|f64|strided|sum|ax0	1.19668	0.32404
reduce_layout_bench	1M|f64|strided|sum|ax1	0.3927933333333333	0.2533
reduce_layout_bench	1M|f64|strided|min|ax0	1.3546799999999999	0.329013
reduce_layout_bench	1M|f64|strided|min|ax1	1.5980933333333334	0.524673
reduce_layout_bench	1M|f64|strided|max|ax0	1.0281733333333334	0.33808
reduce_layout_bench	1M|f64|strided|max|ax1	1.62574	0.559287
reduce_layout_bench	1M|f64|strided|prod|ax0	0.5081333333333333	0.352113
reduce_layout_bench	1M|f64|strided|prod|ax1	1.2375666666666667	0.48432
reduce_layout_bench	1M|f64|negrow|sum|ax0	0.2591133333333333	0.244073
reduce_layout_bench	1M|f64|negrow|sum|ax1	0.28356666666666663	0.381173
reduce_layout_bench	1M|f64|negrow|min|ax0	0.8075	0.37556
reduce_layout_bench	1M|f64|negrow|min|ax1	0.35356666666666664	0.45838
reduce_layout_bench	1M|f64|negrow|max|ax0	0.7404066666666667	0.37594
reduce_layout_bench	1M|f64|negrow|max|ax1	0.32286000000000004	0.462653
reduce_layout_bench	1M|f64|negrow|prod|ax0	0.22932666666666668	0.25776
reduce_layout_bench	1M|f64|negrow|prod|ax1	0.5373333333333333	1.01916
reduce_layout_bench	1M|f64|negcol|sum|ax0	0.8913933333333334	0.67596
reduce_layout_bench	1M|f64|negcol|sum|ax1	0.26218	0.383867
reduce_layout_bench	1M|f64|negcol|min|ax0	1.8783066666666668	0.617387
reduce_layout_bench	1M|f64|negcol|min|ax1	0.27432	1.33989
reduce_layout_bench	1M|f64|negcol|max|ax0	2.00478	0.726307
reduce_layout_bench	1M|f64|negcol|max|ax1	0.3194266666666667	1.36171
reduce_layout_bench	1M|f64|negcol|prod|ax0	1.3718066666666668	0.639627
reduce_layout_bench	1M|f64|negcol|prod|ax1	2.4310199999999997	1.07071
reduce_layout_bench	1M|f64|sliced|sum|ax0	0.29633333333333334	0.268667
reduce_layout_bench	1M|f64|sliced|sum|ax1	0.35703333333333337	0.387513
reduce_layout_bench	1M|f64|sliced|min|ax0	3.085106666666667	0.37164
reduce_layout_bench	1M|f64|sliced|min|ax1	0.8368266666666667	0.4671
reduce_layout_bench	1M|f64|sliced|max|ax0	3.1388333333333334	0.382133
reduce_layout_bench	1M|f64|sliced|max|ax1	0.7768466666666666	0.45328
reduce_layout_bench	1M|f64|sliced|prod|ax0	0.26702666666666663	0.270947
reduce_layout_bench	1M|f64|sliced|prod|ax1	0.5617466666666666	1.01799
reduce_layout_bench	1M|f64|bcast|sum|ax0	0.15272666666666668	0.149507
reduce_layout_bench	1M|f64|bcast|sum|ax1	0.14690666666666666	0.18008
reduce_layout_bench	1M|f64|bcast|min|ax0	0.6771466666666667	0.340907
reduce_layout_bench	1M|f64|bcast|min|ax1	0.19602666666666665	0.398407
reduce_layout_bench	1M|f64|bcast|max|ax0	0.7007266666666666	0.339633
reduce_layout_bench	1M|f64|bcast|max|ax1	0.19405999999999998	0.398553
reduce_layout_bench	1M|f64|bcast|prod|ax0	0.07018666666666666	0.154553
reduce_layout_bench	1M|f64|bcast|prod|ax1	0.7987	0.951107
reduce_layout_bench	1M|f32|C|sum|ax0	0.12733999999999998	0.107813
reduce_layout_bench	1M|f32|C|sum|ax1	0.15794666666666668	0.317207
reduce_layout_bench	1M|f32|C|min|ax0	0.3079466666666667	0.196547
reduce_layout_bench	1M|f32|C|min|ax1	0.34479333333333334	0.258613
reduce_layout_bench	1M|f32|C|max|ax0	0.31854	0.186013
reduce_layout_bench	1M|f32|C|max|ax1	0.3550133333333333	0.260347
reduce_layout_bench	1M|f32|C|prod|ax0	0.12026666666666667	0.126147
reduce_layout_bench	1M|f32|C|prod|ax1	0.14454666666666668	0.97738
reduce_layout_bench	1M|f32|F|sum|ax0	0.15593333333333334	0.30236
reduce_layout_bench	1M|f32|F|sum|ax1	0.11708666666666666	0.116073
reduce_layout_bench	1M|f32|F|min|ax0	0.34698666666666667	0.252213
reduce_layout_bench	1M|f32|F|min|ax1	0.3002266666666667	0.186787
reduce_layout_bench	1M|f32|F|max|ax0	0.34069333333333335	0.2615
reduce_layout_bench	1M|f32|F|max|ax1	0.3022733333333333	0.211347
reduce_layout_bench	1M|f32|F|prod|ax0	0.07821333333333333	1.01059
reduce_layout_bench	1M|f32|F|prod|ax1	0.14775333333333332	0.112807
reduce_layout_bench	1M|f32|T|sum|ax0	0.19502	0.287213
reduce_layout_bench	1M|f32|T|sum|ax1	0.18791333333333335	0.111667
reduce_layout_bench	1M|f32|T|min|ax0	0.3464466666666667	0.252313
reduce_layout_bench	1M|f32|T|min|ax1	0.2989266666666667	0.191547
reduce_layout_bench	1M|f32|T|max|ax0	0.36194	0.293813
reduce_layout_bench	1M|f32|T|max|ax1	0.34024666666666664	0.19118
reduce_layout_bench	1M|f32|T|prod|ax0	0.10071999999999999	0.99964
reduce_layout_bench	1M|f32|T|prod|ax1	0.14558	0.104007
reduce_layout_bench	1M|f32|strided|sum|ax0	0.41485333333333335	0.308773
reduce_layout_bench	1M|f32|strided|sum|ax1	0.20154	0.153447
reduce_layout_bench	1M|f32|strided|min|ax0	0.8355	0.597593
reduce_layout_bench	1M|f32|strided|min|ax1	0.7100133333333333	0.504833
reduce_layout_bench	1M|f32|strided|max|ax0	0.9100466666666667	0.573393
reduce_layout_bench	1M|f32|strided|max|ax1	0.7406400000000001	0.501593
reduce_layout_bench	1M|f32|strided|prod|ax0	0.44538	0.307647
reduce_layout_bench	1M|f32|strided|prod|ax1	0.6297466666666666	0.487727
reduce_layout_bench	1M|f32|negrow|sum|ax0	0.17480666666666667	0.12622
reduce_layout_bench	1M|f32|negrow|sum|ax1	0.19281333333333334	0.35056
reduce_layout_bench	1M|f32|negrow|min|ax0	0.36313999999999996	0.220107
reduce_layout_bench	1M|f32|negrow|min|ax1	0.16179333333333332	0.272507
reduce_layout_bench	1M|f32|negrow|max|ax0	0.38197333333333333	0.210527
reduce_layout_bench	1M|f32|negrow|max|ax1	0.16132	0.275113
reduce_layout_bench	1M|f32|negrow|prod|ax0	0.10141333333333334	0.142187
reduce_layout_bench	1M|f32|negrow|prod|ax1	0.24666	1.02416
reduce_layout_bench	1M|f32|negcol|sum|ax0	0.8032199999999999	0.59166
reduce_layout_bench	1M|f32|negcol|sum|ax1	0.22337333333333334	0.303027
reduce_layout_bench	1M|f32|negcol|min|ax0	2.0180866666666666	1.10706
reduce_layout_bench	1M|f32|negcol|min|ax1	0.17621333333333336	1.06897
reduce_layout_bench	1M|f32|negcol|max|ax0	2.296813333333333	1.1139
reduce_layout_bench	1M|f32|negcol|max|ax1	0.16987333333333332	0.97892
reduce_layout_bench	1M|f32|negcol|prod|ax0	1.1561333333333332	0.652627
reduce_layout_bench	1M|f32|negcol|prod|ax1	1.293	0.9709
reduce_layout_bench	1M|f32|sliced|sum|ax0	0.16578666666666667	0.1223
reduce_layout_bench	1M|f32|sliced|sum|ax1	0.21378666666666665	0.283047
reduce_layout_bench	1M|f32|sliced|min|ax0	0.41325333333333336	0.190853
reduce_layout_bench	1M|f32|sliced|min|ax1	0.40856666666666663	0.231147
reduce_layout_bench	1M|f32|sliced|max|ax0	0.8114733333333334	0.18054
reduce_layout_bench	1M|f32|sliced|max|ax1	0.37526	0.241713
reduce_layout_bench	1M|f32|sliced|prod|ax0	0.12208666666666666	0.117287
reduce_layout_bench	1M|f32|sliced|prod|ax1	0.2538533333333333	0.942973
reduce_layout_bench	1M|f32|bcast|sum|ax0	0.08446666666666666	0.0796467
reduce_layout_bench	1M|f32|bcast|sum|ax1	0.13307333333333332	0.17998
reduce_layout_bench	1M|f32|bcast|min|ax0	0.35381999999999997	0.1748
reduce_layout_bench	1M|f32|bcast|min|ax1	0.11134666666666666	0.235007
reduce_layout_bench	1M|f32|bcast|max|ax0	0.3492133333333333	0.17528
reduce_layout_bench	1M|f32|bcast|max|ax1	0.11254	0.2349
reduce_layout_bench	1M|f32|bcast|prod|ax0	0.034	0.0852733
reduce_layout_bench	1M|f32|bcast|prod|ax1	0.7856066666666667	0.972727
reduce_layout_bench	1M|c128|C|sum|ax0	2.925186666666667	0.6317
reduce_layout_bench	1M|c128|C|sum|ax1	2.9051199999999997	0.664413
reduce_layout_bench	1M|c128|C|min|ax0	4.03006	1.71344
reduce_layout_bench	1M|c128|C|min|ax1	3.6867533333333333	2.02459
reduce_layout_bench	1M|c128|C|max|ax0	3.4336333333333333	1.7545
reduce_layout_bench	1M|c128|C|max|ax1	4.465493333333333	2.05193
reduce_layout_bench	1M|c128|C|prod|ax0	26.125786666666666	0.91648
reduce_layout_bench	1M|c128|C|prod|ax1	4.066606666666667	4.98011
reduce_layout_bench	1M|c128|F|sum|ax0	2.2665466666666663	1.13692
reduce_layout_bench	1M|c128|F|sum|ax1	1.7460333333333333	0.721873
reduce_layout_bench	1M|c128|F|min|ax0	3.1800333333333333	2.2291
reduce_layout_bench	1M|c128|F|min|ax1	3.07526	2.07907
reduce_layout_bench	1M|c128|F|max|ax0	2.7077066666666667	2.25363
reduce_layout_bench	1M|c128|F|max|ax1	2.7621466666666667	2.08041
reduce_layout_bench	1M|c128|F|prod|ax0	2.200206666666667	4.87135
reduce_layout_bench	1M|c128|F|prod|ax1	2.8174	0.9992
reduce_layout_bench	1M|c128|T|sum|ax0	2.398053333333333	0.843207
reduce_layout_bench	1M|c128|T|sum|ax1	2.547213333333333	0.68982
reduce_layout_bench	1M|c128|T|min|ax0	3.1818533333333336	2.14833
reduce_layout_bench	1M|c128|T|min|ax1	3.3282066666666665	2.10979
reduce_layout_bench	1M|c128|T|max|ax0	3.1715666666666666	2.04393
reduce_layout_bench	1M|c128|T|max|ax1	3.49104	2.00748
reduce_layout_bench	1M|c128|T|prod|ax0	2.7339266666666666	4.8012
reduce_layout_bench	1M|c128|T|prod|ax1	2.3809866666666664	1.16763
reduce_layout_bench	1M|c128|strided|sum|ax0	1.6	0.699067
reduce_layout_bench	1M|c128|strided|sum|ax1	0.94706	0.561833
reduce_layout_bench	1M|c128|strided|min|ax0	2.2440466666666667	1.24046
reduce_layout_bench	1M|c128|strided|min|ax1	2.2644066666666665	1.19954
reduce_layout_bench	1M|c128|strided|max|ax0	1.8113733333333333	1.48343
reduce_layout_bench	1M|c128|strided|max|ax1	1.5030066666666668	1.19003
reduce_layout_bench	1M|c128|strided|prod|ax0	1.2617	0.937693
reduce_layout_bench	1M|c128|strided|prod|ax1	1.2269266666666667	2.50045
reduce_layout_bench	1M|c128|negrow|sum|ax0	0.9829866666666667	1.04361
reduce_layout_bench	1M|c128|negrow|sum|ax1	1.2746199999999999	1.20283
reduce_layout_bench	1M|c128|negrow|min|ax0	2.7937066666666666	2.25475
reduce_layout_bench	1M|c128|negrow|min|ax1	2.7254799999999997	2.06904
reduce_layout_bench	1M|c128|negrow|max|ax0	2.59912	2.17603
reduce_layout_bench	1M|c128|negrow|max|ax1	2.7197400000000003	2.7467
reduce_layout_bench	1M|c128|negrow|prod|ax0	2.06734	1.28034
reduce_layout_bench	1M|c128|negrow|prod|ax1	2.3934533333333334	4.99215
reduce_layout_bench	1M|c128|negcol|sum|ax0	1.90792	1.48789
reduce_layout_bench	1M|c128|negcol|sum|ax1	1.4798666666666667	1.33306
reduce_layout_bench	1M|c128|negcol|min|ax0	3.079086666666667	2.42121
reduce_layout_bench	1M|c128|negcol|min|ax1	2.65496	2.13753
reduce_layout_bench	1M|c128|negcol|max|ax0	2.6437133333333334	2.12992
reduce_layout_bench	1M|c128|negcol|max|ax1	2.11908	2.30814
reduce_layout_bench	1M|c128|negcol|prod|ax0	1.75282	1.18621
reduce_layout_bench	1M|c128|negcol|prod|ax1	2.0610333333333335	4.92016
reduce_layout_bench	1M|c128|sliced|sum|ax0	0.6985866666666667	0.994893
reduce_layout_bench	1M|c128|sliced|sum|ax1	0.7132733333333333	0.953913
reduce_layout_bench	1M|c128|sliced|min|ax0	2.5207533333333334	1.91467
reduce_layout_bench	1M|c128|sliced|min|ax1	2.2607933333333334	2.27247
reduce_layout_bench	1M|c128|sliced|max|ax0	2.2062666666666666	1.98359
reduce_layout_bench	1M|c128|sliced|max|ax1	1.8859533333333334	2.06153
reduce_layout_bench	1M|c128|sliced|prod|ax0	1.5579333333333334	1.1916
reduce_layout_bench	1M|c128|sliced|prod|ax1	2.1021	4.76074
reduce_layout_bench	1M|c128|bcast|sum|ax0	0.3563466666666667	0.291913
reduce_layout_bench	1M|c128|bcast|sum|ax1	0.3554333333333333	0.390087
reduce_layout_bench	1M|c128|bcast|min|ax0	2.7764466666666667	1.65198
reduce_layout_bench	1M|c128|bcast|min|ax1	1.9077866666666667	1.77612
reduce_layout_bench	1M|c128|bcast|max|ax0	2.7090533333333338	1.64649
reduce_layout_bench	1M|c128|bcast|max|ax1	1.6084	1.76269
reduce_layout_bench	1M|c128|bcast|prod|ax0	1.39388	0.586793
reduce_layout_bench	1M|c128|bcast|prod|ax1	1.8841266666666667	4.76458
reduce_layout_bench	1M|dec|C|sum|ax0	8.009033333333333	0.26074
reduce_layout_bench	1M|dec|C|sum|ax1	4.527699999999999	0.396693
reduce_layout_bench	1M|dec|C|min|ax0	3.6716399999999996	0.380847
reduce_layout_bench	1M|dec|C|min|ax1	3.03676	0.453587
reduce_layout_bench	1M|dec|C|max|ax0	3.8029066666666664	0.35852
reduce_layout_bench	1M|dec|C|max|ax1	2.9238066666666667	0.43992
reduce_layout_bench	1M|dec|F|sum|ax0	4.7477133333333335	0.415473
reduce_layout_bench	1M|dec|F|sum|ax1	7.941059999999999	0.266113
reduce_layout_bench	1M|dec|F|min|ax0	2.797366666666667	0.499007
reduce_layout_bench	1M|dec|F|min|ax1	3.39696	0.409247
reduce_layout_bench	1M|dec|F|max|ax0	2.8732266666666666	0.50262
reduce_layout_bench	1M|dec|F|max|ax1	3.67604	0.37778
reduce_layout_bench	1M|dec|T|sum|ax0	4.310113333333334	0.400047
reduce_layout_bench	1M|dec|T|sum|ax1	7.755246666666666	0.271673
reduce_layout_bench	1M|dec|T|min|ax0	2.6829533333333333	0.43678
reduce_layout_bench	1M|dec|T|min|ax1	3.4903600000000004	0.371313
reduce_layout_bench	1M|dec|T|max|ax0	2.82126	0.481733
reduce_layout_bench	1M|dec|T|max|ax1	3.6674333333333333	0.380733
reduce_layout_bench	1M|dec|strided|sum|ax0	4.028033333333333	0.331393
reduce_layout_bench	1M|dec|strided|sum|ax1	2.489393333333333	0.263853
reduce_layout_bench	1M|dec|strided|min|ax0	1.9133333333333333	0.353213
reduce_layout_bench	1M|dec|strided|min|ax1	1.57046	0.606007
reduce_layout_bench	1M|dec|strided|max|ax0	2.0273	0.31934
reduce_layout_bench	1M|dec|strided|max|ax1	1.6735066666666667	0.601093
reduce_layout_bench	1M|dec|negrow|sum|ax0	7.9507666666666665	0.298307
reduce_layout_bench	1M|dec|negrow|sum|ax1	4.753893333333334	0.44542
reduce_layout_bench	1M|dec|negrow|min|ax0	3.4835866666666666	0.425693
reduce_layout_bench	1M|dec|negrow|min|ax1	2.85628	0.565793
reduce_layout_bench	1M|dec|negrow|max|ax0	3.616133333333333	0.422993
reduce_layout_bench	1M|dec|negrow|max|ax1	2.9682933333333335	0.48166
reduce_layout_bench	1M|dec|negcol|sum|ax0	8.1105	0.619313
reduce_layout_bench	1M|dec|negcol|sum|ax1	4.4689266666666665	0.39438
reduce_layout_bench	1M|dec|negcol|min|ax0	3.7515799999999997	0.76864
reduce_layout_bench	1M|dec|negcol|min|ax1	2.9417466666666665	1.21917
reduce_layout_bench	1M|dec|negcol|max|ax0	3.8933933333333335	0.652207
reduce_layout_bench	1M|dec|negcol|max|ax1	2.9369	1.13305
reduce_layout_bench	1M|dec|sliced|sum|ax0	7.980246666666667	0.303907
reduce_layout_bench	1M|dec|sliced|sum|ax1	4.607066666666666	0.3855
reduce_layout_bench	1M|dec|sliced|min|ax0	3.5163133333333336	0.38012
reduce_layout_bench	1M|dec|sliced|min|ax1	2.655553333333333	0.42444
reduce_layout_bench	1M|dec|sliced|max|ax0	3.5345333333333335	0.382453
reduce_layout_bench	1M|dec|sliced|max|ax1	2.895573333333333	0.43732
reduce_layout_bench	1M|dec|bcast|sum|ax0	7.97506	0.15036
reduce_layout_bench	1M|dec|bcast|sum|ax1	4.354413333333333	0.181247
reduce_layout_bench	1M|dec|bcast|min|ax0	3.2271	0.34224
reduce_layout_bench	1M|dec|bcast|min|ax1	2.5105733333333333	0.40014
reduce_layout_bench	1M|dec|bcast|max|ax0	3.2672133333333333	0.34036
reduce_layout_bench	1M|dec|bcast|max|ax1	2.62022	0.40002
reduce_layout_bench	1M|f16|C|sum|ax0	1.4561466666666665	6.86356
reduce_layout_bench	1M|f16|C|sum|ax1	0.7185133333333333	2.38308
reduce_layout_bench	1M|f16|C|min|ax0	3.8333	3.31017
reduce_layout_bench	1M|f16|C|min|ax1	3.443173333333333	3.14188
reduce_layout_bench	1M|f16|C|max|ax0	3.9575533333333337	3.52409
reduce_layout_bench	1M|f16|C|max|ax1	3.4551933333333333	3.58867
reduce_layout_bench	1M|f16|C|prod|ax0	9.102853333333334	7.67783
reduce_layout_bench	1M|f16|C|prod|ax1	7.841646666666667	2.10277
reduce_layout_bench	1M|f16|F|sum|ax0	0.7229399999999999	2.59731
reduce_layout_bench	1M|f16|F|sum|ax1	1.43478	6.83045
reduce_layout_bench	1M|f16|F|min|ax0	3.43016	3.19205
reduce_layout_bench	1M|f16|F|min|ax1	3.7031466666666666	3.29022
reduce_layout_bench	1M|f16|F|max|ax0	3.484113333333333	3.54284
reduce_layout_bench	1M|f16|F|max|ax1	4.067473333333333	3.57567
reduce_layout_bench	1M|f16|F|prod|ax0	7.886766666666667	2.06694
reduce_layout_bench	1M|f16|F|prod|ax1	9.178493333333334	7.93195
reduce_layout_bench	1M|f16|T|sum|ax0	0.7568266666666666	2.48601
reduce_layout_bench	1M|f16|T|sum|ax1	1.4752066666666666	6.90783
reduce_layout_bench	1M|f16|T|min|ax0	3.5400666666666667	3.33759
reduce_layout_bench	1M|f16|T|min|ax1	4.3312333333333335	3.34068
reduce_layout_bench	1M|f16|T|max|ax0	3.6125	3.62052
reduce_layout_bench	1M|f16|T|max|ax1	4.22098	3.5307
reduce_layout_bench	1M|f16|T|prod|ax0	8.114273333333333	2.03157
reduce_layout_bench	1M|f16|T|prod|ax1	9.48104	7.95325
reduce_layout_bench	1M|f16|strided|sum|ax0	6.682113333333334	3.5561
reduce_layout_bench	1M|f16|strided|sum|ax1	2.2683733333333334	1.28264
reduce_layout_bench	1M|f16|strided|min|ax0	2.240086666666667	1.70004
reduce_layout_bench	1M|f16|strided|min|ax1	1.7899133333333335	1.69214
reduce_layout_bench	1M|f16|strided|max|ax0	2.1655733333333336	1.79045
reduce_layout_bench	1M|f16|strided|max|ax1	1.7877666666666667	1.84031
reduce_layout_bench	1M|f16|strided|prod|ax0	5.310386666666667	4.02539
reduce_layout_bench	1M|f16|strided|prod|ax1	4.149826666666667	1.14598
reduce_layout_bench	1M|f16|negrow|sum|ax0	1.5050533333333334	7.32961
reduce_layout_bench	1M|f16|negrow|sum|ax1	0.78832	2.71211
reduce_layout_bench	1M|f16|negrow|min|ax0	4.49004	3.53112
reduce_layout_bench	1M|f16|negrow|min|ax1	3.694973333333333	3.44192
reduce_layout_bench	1M|f16|negrow|max|ax0	4.355873333333333	3.52957
reduce_layout_bench	1M|f16|negrow|max|ax1	3.52892	3.62621
reduce_layout_bench	1M|f16|negrow|prod|ax0	8.998786666666666	8.10953
reduce_layout_bench	1M|f16|negrow|prod|ax1	7.978033333333333	2.35112
reduce_layout_bench	1M|f16|negcol|sum|ax0	12.989646666666665	7.35811
reduce_layout_bench	1M|f16|negcol|sum|ax1	0.7142933333333333	2.60409
reduce_layout_bench	1M|f16|negcol|min|ax0	4.34426	3.46342
reduce_layout_bench	1M|f16|negcol|min|ax1	3.47002	3.52227
reduce_layout_bench	1M|f16|negcol|max|ax0	4.2839599999999995	3.72871
reduce_layout_bench	1M|f16|negcol|max|ax1	3.4237733333333336	3.65796
reduce_layout_bench	1M|f16|negcol|prod|ax0	8.929746666666666	7.99016
reduce_layout_bench	1M|f16|negcol|prod|ax1	7.834553333333333	2.08821
reduce_layout_bench	1M|f16|sliced|sum|ax0	1.46824	6.70273
reduce_layout_bench	1M|f16|sliced|sum|ax1	0.7056733333333334	2.56354
reduce_layout_bench	1M|f16|sliced|min|ax0	3.49616	3.28231
reduce_layout_bench	1M|f16|sliced|min|ax1	3.365666666666667	3.23881
reduce_layout_bench	1M|f16|sliced|max|ax0	3.4225933333333334	3.51197
reduce_layout_bench	1M|f16|sliced|max|ax1	3.3697333333333335	3.51187
reduce_layout_bench	1M|f16|sliced|prod|ax0	8.50786	7.46174
reduce_layout_bench	1M|f16|sliced|prod|ax1	7.787859999999999	2.04453
reduce_layout_bench	1M|f16|bcast|sum|ax0	1.45248	6.44399
reduce_layout_bench	1M|f16|bcast|sum|ax1	0.7165	2.39833
reduce_layout_bench	1M|f16|bcast|min|ax0	3.044073333333333	2.99431
reduce_layout_bench	1M|f16|bcast|min|ax1	3.4455400000000003	3.19055
reduce_layout_bench	1M|f16|bcast|max|ax0	3.1303199999999998	2.97388
reduce_layout_bench	1M|f16|bcast|max|ax1	3.3986066666666668	3.36019
reduce_layout_bench	1M|f16|bcast|prod|ax0	8.06346	7.5059
reduce_layout_bench	1M|f16|bcast|prod|ax1	7.875486666666666	1.94161
reduce_layout_bench	1M|i32|C|sum|ax0	0.14947333333333335	1.0578
reduce_layout_bench	1M|i32|C|sum|ax1	0.10394666666666666	0.843327
reduce_layout_bench	1M|i32|C|min|ax0	0.11758	0.102113
reduce_layout_bench	1M|i32|C|min|ax1	0.0723	0.102707
reduce_layout_bench	1M|i32|C|max|ax0	0.11107333333333333	0.110487
reduce_layout_bench	1M|i32|C|max|ax1	0.06394666666666667	0.106767
reduce_layout_bench	1M|i32|C|prod|ax0	0.4555266666666667	1.0958
reduce_layout_bench	1M|i32|C|prod|ax1	0.4819866666666667	1.78701
reduce_layout_bench	1M|i32|F|sum|ax0	0.13114666666666666	0.851667
reduce_layout_bench	1M|i32|F|sum|ax1	0.15188666666666667	1.05479
reduce_layout_bench	1M|i32|F|min|ax0	0.07890666666666667	0.109707
reduce_layout_bench	1M|i32|F|min|ax1	0.12065333333333333	0.1115
reduce_layout_bench	1M|i32|F|max|ax0	0.07644666666666668	0.115273
reduce_layout_bench	1M|i32|F|max|ax1	0.11313333333333334	0.1191
reduce_layout_bench	1M|i32|F|prod|ax0	0.47927333333333333	1.77189
reduce_layout_bench	1M|i32|F|prod|ax1	0.47558666666666666	1.17563
reduce_layout_bench	1M|i32|T|sum|ax0	0.10200666666666666	0.857033
reduce_layout_bench	1M|i32|T|sum|ax1	0.14365333333333333	1.11415
reduce_layout_bench	1M|i32|T|min|ax0	0.05674666666666666	0.10672
reduce_layout_bench	1M|i32|T|min|ax1	0.09601333333333333	0.139033
reduce_layout_bench	1M|i32|T|max|ax0	0.05554	0.11628
reduce_layout_bench	1M|i32|T|max|ax1	0.10228	0.114773
reduce_layout_bench	1M|i32|T|prod|ax0	0.49570000000000003	1.82669
reduce_layout_bench	1M|i32|T|prod|ax1	0.46188	1.09241
reduce_layout_bench	1M|i32|strided|sum|ax0	0.74954	0.461487
reduce_layout_bench	1M|i32|strided|sum|ax1	0.5950533333333333	0.387873
reduce_layout_bench	1M|i32|strided|min|ax0	0.44236	0.283767
reduce_layout_bench	1M|i32|strided|min|ax1	0.52254	0.212733
reduce_layout_bench	1M|i32|strided|max|ax0	0.46816	0.284627
reduce_layout_bench	1M|i32|strided|max|ax1	0.8409666666666666	0.22002
reduce_layout_bench	1M|i32|strided|prod|ax0	0.8742	0.511027
reduce_layout_bench	1M|i32|strided|prod|ax1	0.7811933333333333	0.85236
reduce_layout_bench	1M|i32|negrow|sum|ax0	0.16435333333333332	1.10523
reduce_layout_bench	1M|i32|negrow|sum|ax1	1.1268866666666668	0.84902
reduce_layout_bench	1M|i32|negrow|min|ax0	0.06586	0.11892
reduce_layout_bench	1M|i32|negrow|min|ax1	0.19538666666666668	0.106567
reduce_layout_bench	1M|i32|negrow|max|ax0	0.06806	0.130167
reduce_layout_bench	1M|i32|negrow|max|ax1	0.17778	0.13656
reduce_layout_bench	1M|i32|negrow|prod|ax0	0.4668466666666667	1.10384
reduce_layout_bench	1M|i32|negrow|prod|ax1	1.4724733333333333	1.7825
reduce_layout_bench	1M|i32|negcol|sum|ax0	1.2684399999999998	0.913293
reduce_layout_bench	1M|i32|negcol|sum|ax1	1.1838866666666665	0.696553
reduce_layout_bench	1M|i32|negcol|min|ax0	0.9036533333333333	0.571653
reduce_layout_bench	1M|i32|negcol|min|ax1	1.0173866666666667	0.4092
reduce_layout_bench	1M|i32|negcol|max|ax0	0.97668	0.55714
reduce_layout_bench	1M|i32|negcol|max|ax1	1.3678733333333333	0.40214
reduce_layout_bench	1M|i32|negcol|prod|ax0	1.8021466666666666	1.01841
reduce_layout_bench	1M|i32|negcol|prod|ax1	1.53358	1.62873
reduce_layout_bench	1M|i32|sliced|sum|ax0	0.14866666666666667	1.09593
reduce_layout_bench	1M|i32|sliced|sum|ax1	1.1029466666666667	0.877713
reduce_layout_bench	1M|i32|sliced|min|ax0	0.08550666666666666	0.120913
reduce_layout_bench	1M|i32|sliced|min|ax1	0.22159333333333334	0.0995267
reduce_layout_bench	1M|i32|sliced|max|ax0	0.08110666666666666	0.12256
reduce_layout_bench	1M|i32|sliced|max|ax1	0.20212666666666665	0.101487
reduce_layout_bench	1M|i32|sliced|prod|ax0	0.45526666666666665	1.07529
reduce_layout_bench	1M|i32|sliced|prod|ax1	1.4256533333333332	1.78717
reduce_layout_bench	1M|i32|bcast|sum|ax0	0.13582	0.4891
reduce_layout_bench	1M|i32|bcast|sum|ax1	1.1045466666666668	0.25596
reduce_layout_bench	1M|i32|bcast|min|ax0	0.032806666666666665	0.0817
reduce_layout_bench	1M|i32|bcast|min|ax1	0.86092	0.0649467
reduce_layout_bench	1M|i32|bcast|max|ax0	0.03206666666666667	0.0799267
reduce_layout_bench	1M|i32|bcast|max|ax1	0.9254	0.0611133
reduce_layout_bench	1M|i32|bcast|prod|ax0	0.45822	0.507833
reduce_layout_bench	1M|i32|bcast|prod|ax1	1.48954	1.24229
reduce_layout_bench	1M|i64|C|sum|ax0	0.2427666666666667	0.52098
reduce_layout_bench	1M|i64|C|sum|ax1	0.18963999999999998	0.32594
reduce_layout_bench	1M|i64|C|min|ax0	0.29613333333333336	0.321893
reduce_layout_bench	1M|i64|C|min|ax1	0.30021333333333333	0.38178
reduce_layout_bench	1M|i64|C|max|ax0	0.31078	0.33902
reduce_layout_bench	1M|i64|C|max|ax1	0.32421333333333335	0.349353
reduce_layout_bench	1M|i64|C|prod|ax0	0.4299266666666667	0.54206
reduce_layout_bench	1M|i64|C|prod|ax1	0.44122	1.21341
reduce_layout_bench	1M|i64|F|sum|ax0	0.19493333333333332	0.336887
reduce_layout_bench	1M|i64|F|sum|ax1	0.26671333333333336	0.533947
reduce_layout_bench	1M|i64|F|min|ax0	0.29561333333333334	0.40522
reduce_layout_bench	1M|i64|F|min|ax1	0.29747333333333337	0.317727
reduce_layout_bench	1M|i64|F|max|ax0	0.3087066666666667	0.38772
reduce_layout_bench	1M|i64|F|max|ax1	0.29694000000000004	0.33356
reduce_layout_bench	1M|i64|F|prod|ax0	0.4238733333333334	1.22243
reduce_layout_bench	1M|i64|F|prod|ax1	0.4355733333333333	0.582833
reduce_layout_bench	1M|i64|T|sum|ax0	0.19632666666666668	0.33346
reduce_layout_bench	1M|i64|T|sum|ax1	0.23504666666666668	0.512673
reduce_layout_bench	1M|i64|T|min|ax0	0.29875999999999997	0.412013
reduce_layout_bench	1M|i64|T|min|ax1	0.28807333333333335	0.319133
reduce_layout_bench	1M|i64|T|max|ax0	0.33937333333333336	0.371987
reduce_layout_bench	1M|i64|T|max|ax1	0.31734	0.33572
reduce_layout_bench	1M|i64|T|prod|ax0	0.4270466666666667	1.21702
reduce_layout_bench	1M|i64|T|prod|ax1	0.44361333333333336	0.585007
reduce_layout_bench	1M|i64|strided|sum|ax0	0.42818	0.284767
reduce_layout_bench	1M|i64|strided|sum|ax1	0.4394666666666666	0.213273
reduce_layout_bench	1M|i64|strided|min|ax0	0.49845999999999996	0.341033
reduce_layout_bench	1M|i64|strided|min|ax1	0.9824133333333334	0.270693
reduce_layout_bench	1M|i64|strided|max|ax0	0.6779	0.33686
reduce_layout_bench	1M|i64|strided|max|ax1	0.9174333333333333	0.267813
reduce_layout_bench	1M|i64|strided|prod|ax0	0.42824666666666666	0.325407
reduce_layout_bench	1M|i64|strided|prod|ax1	0.7022733333333334	0.65192
reduce_layout_bench	1M|i64|negrow|sum|ax0	0.22092	0.55754
reduce_layout_bench	1M|i64|negrow|sum|ax1	0.43884666666666666	0.327907
reduce_layout_bench	1M|i64|negrow|min|ax0	0.3318466666666666	0.343347
reduce_layout_bench	1M|i64|negrow|min|ax1	0.46940000000000004	0.457687
reduce_layout_bench	1M|i64|negrow|max|ax0	0.32922	0.379767
reduce_layout_bench	1M|i64|negrow|max|ax1	0.44083999999999995	0.411587
reduce_layout_bench	1M|i64|negrow|prod|ax0	0.44415333333333334	0.601887
reduce_layout_bench	1M|i64|negrow|prod|ax1	0.55334	1.27917
reduce_layout_bench	1M|i64|negcol|sum|ax0	0.8744200000000001	0.55578
reduce_layout_bench	1M|i64|negcol|sum|ax1	1.0619666666666667	0.3307
reduce_layout_bench	1M|i64|negcol|min|ax0	0.9766533333333334	0.623433
reduce_layout_bench	1M|i64|negcol|min|ax1	1.9756133333333332	0.443267
reduce_layout_bench	1M|i64|negcol|max|ax0	1.0475333333333332	0.6124
reduce_layout_bench	1M|i64|negcol|max|ax1	1.8253733333333335	0.448073
reduce_layout_bench	1M|i64|negcol|prod|ax0	0.8646999999999999	0.5981
reduce_layout_bench	1M|i64|negcol|prod|ax1	1.3027933333333332	1.30393
reduce_layout_bench	1M|i64|sliced|sum|ax0	0.22517333333333334	0.526847
reduce_layout_bench	1M|i64|sliced|sum|ax1	0.3572533333333333	0.317887
reduce_layout_bench	1M|i64|sliced|min|ax0	0.44112666666666667	0.31144
reduce_layout_bench	1M|i64|sliced|min|ax1	0.44697333333333333	0.377753
reduce_layout_bench	1M|i64|sliced|max|ax0	0.41989333333333334	0.38158
reduce_layout_bench	1M|i64|sliced|max|ax1	0.43768666666666667	0.375087
reduce_layout_bench	1M|i64|sliced|prod|ax0	0.5751733333333333	0.529127
reduce_layout_bench	1M|i64|sliced|prod|ax1	0.5295599999999999	1.25877
reduce_layout_bench	1M|i64|bcast|sum|ax0	0.06334666666666668	0.50704
reduce_layout_bench	1M|i64|bcast|sum|ax1	0.8277933333333334	0.270587
reduce_layout_bench	1M|i64|bcast|min|ax0	0.28239333333333333	0.359833
reduce_layout_bench	1M|i64|bcast|min|ax1	0.9123866666666667	0.350653
reduce_layout_bench	1M|i64|bcast|max|ax0	0.28346	0.375687
reduce_layout_bench	1M|i64|bcast|max|ax1	0.9457466666666666	0.352373
reduce_layout_bench	1M|i64|bcast|prod|ax0	0.39116666666666666	0.569293
reduce_layout_bench	1M|i64|bcast|prod|ax1	0.8088933333333334	1.25389
copy_path_bench	100K|u8|C|pos	0.036612	0.0405735
copy_path_bench	100K|u8|F|pos	0.0304245	0.0240465
copy_path_bench	100K|u8|T|pos	0.039181	0.0254955
copy_path_bench	100K|u8|strided|pos	0.0199375	0.020493
copy_path_bench	100K|u8|sliced|pos	0.02711	0.0275355
copy_path_bench	100K|u8|negrow|pos	0.030158	0.0260165
copy_path_bench	100K|u8|negcol|pos	0.0300685	0.051409
copy_path_bench	100K|u8|bcast|pos	0.032124	0.027088
copy_path_bench	100K|i8|C|pos	0.030381000000000002	0.0229585
copy_path_bench	100K|i8|F|pos	0.031051000000000002	0.0249975
copy_path_bench	100K|i8|T|pos	0.028917	0.0235745
copy_path_bench	100K|i8|strided|pos	0.031062500000000003	0.017821
copy_path_bench	100K|i8|sliced|pos	0.027458999999999997	0.0420285
copy_path_bench	100K|i8|negrow|pos	0.019754	0.029356
copy_path_bench	100K|i8|negcol|pos	0.02804	0.051405
copy_path_bench	100K|i8|bcast|pos	0.023934	0.0293015
copy_path_bench	100K|i16|C|pos	0.0347245	0.0313115
copy_path_bench	100K|i16|F|pos	0.024969	0.0233305
copy_path_bench	100K|i16|T|pos	0.02182	0.023505
copy_path_bench	100K|i16|strided|pos	0.0198815	0.016786
copy_path_bench	100K|i16|sliced|pos	0.032723499999999996	0.0327305
copy_path_bench	100K|i16|negrow|pos	0.028984999999999997	0.043339
copy_path_bench	100K|i16|negcol|pos	0.036152500000000004	0.051779
copy_path_bench	100K|i16|bcast|pos	0.0265945	0.0352115
copy_path_bench	100K|u16|C|pos	0.028698500000000002	0.0246295
copy_path_bench	100K|u16|F|pos	0.0261865	0.0267825
copy_path_bench	100K|u16|T|pos	0.024169	0.022971
copy_path_bench	100K|u16|strided|pos	0.021631	0.0211095
copy_path_bench	100K|u16|sliced|pos	0.02186	0.028796
copy_path_bench	100K|u16|negrow|pos	0.0302405	0.0309815
copy_path_bench	100K|u16|negcol|pos	0.028611	0.0486355
copy_path_bench	100K|u16|bcast|pos	0.026694	0.025781
copy_path_bench	100K|i32|C|pos	0.049945	0.023534
copy_path_bench	100K|i32|F|pos	0.049112	0.023611
copy_path_bench	100K|i32|T|pos	0.0405455	0.0239095
copy_path_bench	100K|i32|strided|pos	0.060046999999999996	0.0135865
copy_path_bench	100K|i32|sliced|pos	0.0552585	0.0315945
copy_path_bench	100K|i32|negrow|pos	0.0509415	0.030612
copy_path_bench	100K|i32|negcol|pos	0.0763365	0.0473675
copy_path_bench	100K|i32|bcast|pos	0.0583845	0.029337
copy_path_bench	100K|u32|C|pos	0.045035	0.023512
copy_path_bench	100K|u32|F|pos	0.073179	0.0233395
copy_path_bench	100K|u32|T|pos	0.059915	0.022945
copy_path_bench	100K|u32|strided|pos	0.050334500000000004	0.012569
copy_path_bench	100K|u32|sliced|pos	0.0618595	0.0312265
copy_path_bench	100K|u32|negrow|pos	0.081059	0.0311385
copy_path_bench	100K|u32|negcol|pos	0.1052675	0.0506865
copy_path_bench	100K|u32|bcast|pos	0.07600950000000001	0.027183
copy_path_bench	100K|i64|C|pos	0.16250499999999998	0.171658
copy_path_bench	100K|i64|F|pos	0.12443	0.0719315
copy_path_bench	100K|i64|T|pos	0.124326	0.074643
copy_path_bench	100K|i64|strided|pos	0.0754795	0.011683
copy_path_bench	100K|i64|sliced|pos	0.1278575	0.143339
copy_path_bench	100K|i64|negrow|pos	0.1278045	0.106496
copy_path_bench	100K|i64|negcol|pos	0.15002649999999998	0.111641
copy_path_bench	100K|i64|bcast|pos	0.0947355	0.058478
copy_path_bench	100K|u64|C|pos	0.0963035	0.033888
copy_path_bench	100K|u64|F|pos	0.10675050000000001	0.0342655
copy_path_bench	100K|u64|T|pos	0.09522349999999999	0.0312635
copy_path_bench	100K|u64|strided|pos	0.071064	0.012797
copy_path_bench	100K|u64|sliced|pos	0.104895	0.065955
copy_path_bench	100K|u64|negrow|pos	0.12567399999999998	0.0687975
copy_path_bench	100K|u64|negcol|pos	0.1136655	0.072456
copy_path_bench	100K|u64|bcast|pos	0.10770149999999999	0.0483105
copy_path_bench	100K|char|C|pos	0.029941	0.0226635
copy_path_bench	100K|char|F|pos	0.030867	0.022948
copy_path_bench	100K|char|T|pos	0.0254165	0.0232075
copy_path_bench	100K|char|strided|pos	0.0221385	0.0119935
copy_path_bench	100K|char|sliced|pos	0.032028	0.0259915
copy_path_bench	100K|char|negrow|pos	0.026646	0.032371
copy_path_bench	100K|char|negcol|pos	0.0388105	0.0510545
copy_path_bench	100K|char|bcast|pos	0.040042	0.025966
copy_path_bench	100K|f16|C|pos	0.042777	0.0245095
copy_path_bench	100K|f16|F|pos	0.033676	0.0225185
copy_path_bench	100K|f16|T|pos	0.035037	0.022866
copy_path_bench	100K|f16|strided|pos	0.0198755	0.0126095
copy_path_bench	100K|f16|sliced|pos	0.038429000000000005	0.027022
copy_path_bench	100K|f16|negrow|pos	0.037386499999999996	0.035236
copy_path_bench	100K|f16|negcol|pos	0.0380115	0.051432
copy_path_bench	100K|f16|bcast|pos	0.030396	0.025662
copy_path_bench	100K|f32|C|pos	0.0757175	0.030629
copy_path_bench	100K|f32|F|pos	0.069543	0.028624
copy_path_bench	100K|f32|T|pos	0.070871	0.0210895
copy_path_bench	100K|f32|strided|pos	0.0585375	0.0113325
copy_path_bench	100K|f32|sliced|pos	0.05826	0.027886
copy_path_bench	100K|f32|negrow|pos	0.06542049999999999	0.028966
copy_path_bench	100K|f32|negcol|pos	0.1111415	0.046966
copy_path_bench	100K|f32|bcast|pos	0.0537285	0.0267805
copy_path_bench	100K|f64|C|pos	0.0961815	0.0262265
copy_path_bench	100K|f64|F|pos	0.1655025	0.025114
copy_path_bench	100K|f64|T|pos	0.1473535	0.0247175
copy_path_bench	100K|f64|strided|pos	0.076729	0.011692
copy_path_bench	100K|f64|sliced|pos	0.154608	0.0623995
copy_path_bench	100K|f64|negrow|pos	0.14558400000000002	0.0579915
copy_path_bench	100K|f64|negcol|pos	0.1435815	0.095323
copy_path_bench	100K|f64|bcast|pos	0.1093695	0.046672
copy_path_bench	100K|c128|C|pos	0.24114950000000002	0.443558
copy_path_bench	100K|c128|F|pos	0.249402	0.557829
copy_path_bench	100K|c128|T|pos	0.2601365	0.528161
copy_path_bench	100K|c128|strided|pos	0.1286965	0.183853
copy_path_bench	100K|c128|sliced|pos	0.36563249999999997	0.723582
copy_path_bench	100K|c128|negrow|pos	0.350898	1.66077
copy_path_bench	100K|c128|negcol|pos	0.33931849999999997	1.02164
copy_path_bench	100K|c128|bcast|pos	0.2987125	1.48837
copy_path_bench	1M|u8|C|pos	0.0784325	0.399443
copy_path_bench	1M|u8|F|pos	0.0961175	0.400795
copy_path_bench	1M|u8|T|pos	0.09986249999999999	0.397422
copy_path_bench	1M|u8|strided|pos	0.06968250000000001	1.65452
copy_path_bench	1M|u8|sliced|pos	0.10159499999999999	0.900193
copy_path_bench	1M|u8|negrow|pos	0.0963725	0.606283
copy_path_bench	1M|u8|negcol|pos	0.0889025	0.877085
copy_path_bench	1M|u8|bcast|pos	0.0763775	0.434895
copy_path_bench	1M|i8|C|pos	0.0977675	0.382405
copy_path_bench	1M|i8|F|pos	0.08739749999999999	0.392473
copy_path_bench	1M|i8|T|pos	0.08483500000000001	0.49621
copy_path_bench	1M|i8|strided|pos	0.05913500000000001	0.326987
copy_path_bench	1M|i8|sliced|pos	0.09926	0.484232
copy_path_bench	1M|i8|negrow|pos	0.118415	0.47107
copy_path_bench	1M|i8|negcol|pos	0.08215249999999999	0.92803
copy_path_bench	1M|i8|bcast|pos	0.0898625	0.428417
copy_path_bench	1M|i16|C|pos	0.27305	0.6644
copy_path_bench	1M|i16|F|pos	0.26212	0.675635
copy_path_bench	1M|i16|T|pos	0.28695750000000003	0.65008
copy_path_bench	1M|i16|strided|pos	0.1240475	0.27967
copy_path_bench	1M|i16|sliced|pos	0.3696925	0.73471
copy_path_bench	1M|i16|negrow|pos	0.3761375	0.755938
copy_path_bench	1M|i16|negcol|pos	0.35858	1.23075
copy_path_bench	1M|i16|bcast|pos	0.325975	0.703023
copy_path_bench	1M|u16|C|pos	0.272605	0.6403
copy_path_bench	1M|u16|F|pos	0.28338	0.638985
copy_path_bench	1M|u16|T|pos	0.34802	0.639098
copy_path_bench	1M|u16|strided|pos	0.167385	0.274452
copy_path_bench	1M|u16|sliced|pos	0.656315	0.738545
copy_path_bench	1M|u16|negrow|pos	0.601925	0.767913
copy_path_bench	1M|u16|negcol|pos	0.5902725	1.22554
copy_path_bench	1M|u16|bcast|pos	0.5475925	0.701957
copy_path_bench	1M|i32|C|pos	0.4963875	1.07681
copy_path_bench	1M|i32|F|pos	0.46617	1.06184
copy_path_bench	1M|i32|T|pos	0.5288925	1.00857
copy_path_bench	1M|i32|strided|pos	0.7110175	0.518475
copy_path_bench	1M|i32|sliced|pos	1.0240025	1.24368
copy_path_bench	1M|i32|negrow|pos	0.9017225	1.25566
copy_path_bench	1M|i32|negcol|pos	1.1801724999999998	1.71187
copy_path_bench	1M|i32|bcast|pos	0.756755	1.12529
copy_path_bench	1M|u32|C|pos	0.46914	1.0727
copy_path_bench	1M|u32|F|pos	0.523015	1.06498
copy_path_bench	1M|u32|T|pos	0.4807825	1.06105
copy_path_bench	1M|u32|strided|pos	0.718975	0.586467
copy_path_bench	1M|u32|sliced|pos	0.716985	1.51794
copy_path_bench	1M|u32|negrow|pos	1.00014	1.93107
copy_path_bench	1M|u32|negcol|pos	1.2274525	1.95029
copy_path_bench	1M|u32|bcast|pos	0.6756675000000001	1.18534
copy_path_bench	1M|i64|C|pos	1.50742	2.64139
copy_path_bench	1M|i64|F|pos	1.2800449999999999	2.12149
copy_path_bench	1M|i64|T|pos	0.7445	2.01868
copy_path_bench	1M|i64|strided|pos	1.26627	1.25956
copy_path_bench	1M|i64|sliced|pos	1.87098	2.43388
copy_path_bench	1M|i64|negrow|pos	1.942605	3.00542
copy_path_bench	1M|i64|negcol|pos	1.8035025	3.5742
copy_path_bench	1M|i64|bcast|pos	0.9605525	2.70303
copy_path_bench	1M|u64|C|pos	0.64976	2.14566
copy_path_bench	1M|u64|F|pos	0.5835775	2.0474
copy_path_bench	1M|u64|T|pos	0.690905	1.98863
copy_path_bench	1M|u64|strided|pos	0.833185	1.08013
copy_path_bench	1M|u64|sliced|pos	1.6401925	2.28285
copy_path_bench	1M|u64|negrow|pos	1.5640775	2.43843
copy_path_bench	1M|u64|negcol|pos	2.2274675	2.62784
copy_path_bench	1M|u64|bcast|pos	1.3513275	1.81939
copy_path_bench	1M|char|C|pos	0.2949425	0.645295
copy_path_bench	1M|char|F|pos	0.28851	0.65146
copy_path_bench	1M|char|T|pos	0.292805	0.61764
copy_path_bench	1M|char|strided|pos	0.1602925	0.277195
copy_path_bench	1M|char|sliced|pos	0.40098500000000004	0.72097
copy_path_bench	1M|char|negrow|pos	0.4338875	0.72549
copy_path_bench	1M|char|negcol|pos	0.3984775	1.18892
copy_path_bench	1M|char|bcast|pos	0.32580749999999997	0.679678
copy_path_bench	1M|f16|C|pos	0.2783725	0.634037
copy_path_bench	1M|f16|F|pos	0.278045	0.632007
copy_path_bench	1M|f16|T|pos	0.2737575	0.62952
copy_path_bench	1M|f16|strided|pos	0.15241	0.19989
copy_path_bench	1M|f16|sliced|pos	0.3805075	0.720292
copy_path_bench	1M|f16|negrow|pos	0.4070825	0.720427
copy_path_bench	1M|f16|negcol|pos	0.3764475	1.18415
copy_path_bench	1M|f16|bcast|pos	0.3393575	0.65722
copy_path_bench	1M|f32|C|pos	0.41902249999999996	0.96113
copy_path_bench	1M|f32|F|pos	0.44910500000000003	0.98099
copy_path_bench	1M|f32|T|pos	0.43226250000000005	0.966607
copy_path_bench	1M|f32|strided|pos	0.5070375	0.545828
copy_path_bench	1M|f32|sliced|pos	0.5125149999999999	1.10823
copy_path_bench	1M|f32|negrow|pos	0.753065	1.05784
copy_path_bench	1M|f32|negcol|pos	0.85502	1.4321
copy_path_bench	1M|f32|bcast|pos	0.46641000000000005	0.968988
copy_path_bench	1M|f64|C|pos	0.736675	2.02168
copy_path_bench	1M|f64|F|pos	0.7112525	1.97638
copy_path_bench	1M|f64|T|pos	1.00199	1.96141
copy_path_bench	1M|f64|strided|pos	0.9421799999999999	1.03555
copy_path_bench	1M|f64|sliced|pos	1.9420950000000001	2.29485
copy_path_bench	1M|f64|negrow|pos	1.69898	2.37734
copy_path_bench	1M|f64|negcol|pos	1.9138925	2.69243
copy_path_bench	1M|f64|bcast|pos	0.82463	1.89779
copy_path_bench	1M|c128|C|pos	1.709645	5.49447
copy_path_bench	1M|c128|F|pos	1.7104700000000002	5.67832
copy_path_bench	1M|c128|T|pos	2.1098624999999998	5.55782
copy_path_bench	1M|c128|strided|pos	3.3289375	3.28898
copy_path_bench	1M|c128|sliced|pos	4.3467925	6.86751
copy_path_bench	1M|c128|negrow|pos	4.076355	7.05626
copy_path_bench	1M|c128|negcol|pos	4.85455	7.51615
copy_path_bench	1M|c128|bcast|pos	3.9167675	5.39777
elementwise_layout_bench	100K|f64|C|add	0.077404	0.162005
elementwise_layout_bench	100K|f64|C|mul	0.0719035	0.167966
elementwise_layout_bench	100K|f64|C|neg	0.06951399999999999	0.067982
elementwise_layout_bench	100K|f64|C|abs	0.07063449999999999	0.059694
elementwise_layout_bench	100K|f64|C|sqrt	0.0875165	0.0925225
elementwise_layout_bench	100K|f64|C|less	0.024569999999999998	0.0095255
elementwise_layout_bench	100K|f64|C|copy	0.077332	0.042468
elementwise_layout_bench	100K|f64|F|add	0.0741195	0.0433865
elementwise_layout_bench	100K|f64|F|mul	0.0740695	0.0427535
elementwise_layout_bench	100K|f64|F|neg	0.0742215	0.028566
elementwise_layout_bench	100K|f64|F|abs	0.077632	0.026837
elementwise_layout_bench	100K|f64|F|sqrt	0.08991350000000001	0.067353
elementwise_layout_bench	100K|f64|F|less	0.026478500000000002	0.006697
elementwise_layout_bench	100K|f64|F|copy	0.085092	0.042951
elementwise_layout_bench	100K|f64|T|add	0.071169	0.031893
elementwise_layout_bench	100K|f64|T|mul	0.075376	0.0311215
elementwise_layout_bench	100K|f64|T|neg	0.0733205	0.029726
elementwise_layout_bench	100K|f64|T|abs	0.07449499999999999	0.0265915
elementwise_layout_bench	100K|f64|T|sqrt	0.0834955	0.066816
elementwise_layout_bench	100K|f64|T|less	0.022143000000000003	0.0093445
elementwise_layout_bench	100K|f64|T|copy	0.0763295	0.0456535
elementwise_layout_bench	100K|f64|strided|add	0.056077	0.015358
elementwise_layout_bench	100K|f64|strided|mul	0.058491999999999995	0.014825
elementwise_layout_bench	100K|f64|strided|neg	0.0506445	0.0089075
elementwise_layout_bench	100K|f64|strided|abs	0.0519315	0.0077925
elementwise_layout_bench	100K|f64|strided|sqrt	0.0561615	0.0283395
elementwise_layout_bench	100K|f64|strided|less	0.05543650000000001	0.0177025
elementwise_layout_bench	100K|f64|strided|copy	0.0464705	0.0101585
elementwise_layout_bench	100K|f64|sliced|add	0.0664055	0.100743
elementwise_layout_bench	100K|f64|sliced|mul	0.0696515	0.0938645
elementwise_layout_bench	100K|f64|sliced|neg	0.0722095	0.040681
elementwise_layout_bench	100K|f64|sliced|abs	0.0642615	0.038375
elementwise_layout_bench	100K|f64|sliced|sqrt	0.0809405	0.0806965
elementwise_layout_bench	100K|f64|sliced|less	0.075337	0.0331085
elementwise_layout_bench	100K|f64|sliced|copy	0.0632915	0.016156
elementwise_layout_bench	100K|f64|negrow|add	0.0664885	0.075289
elementwise_layout_bench	100K|f64|negrow|mul	0.06629550000000001	0.074099
elementwise_layout_bench	100K|f64|negrow|neg	0.0646605	0.04001
elementwise_layout_bench	100K|f64|negrow|abs	0.064986	0.0389355
elementwise_layout_bench	100K|f64|negrow|sqrt	0.0782245	0.0802315
elementwise_layout_bench	100K|f64|negrow|less	0.0663945	0.033351
elementwise_layout_bench	100K|f64|negrow|copy	0.063608	0.0161805
elementwise_layout_bench	100K|f64|negcol|add	0.05564	0.108836
elementwise_layout_bench	100K|f64|negcol|mul	0.058092	0.105378
elementwise_layout_bench	100K|f64|negcol|neg	0.0507005	0.0603935
elementwise_layout_bench	100K|f64|negcol|abs	0.0537575	0.055939
elementwise_layout_bench	100K|f64|negcol|sqrt	0.0730275	0.102155
elementwise_layout_bench	100K|f64|negcol|less	0.07415	0.0707435
elementwise_layout_bench	100K|f64|negcol|copy	0.0541605	0.027284
elementwise_layout_bench	100K|f64|bcast|add	0.054816500000000004	0.0516195
elementwise_layout_bench	100K|f64|bcast|mul	0.048260500000000005	0.0515715
elementwise_layout_bench	100K|f64|bcast|neg	0.0499995	0.0382625
elementwise_layout_bench	100K|f64|bcast|abs	0.054619	0.036243
elementwise_layout_bench	100K|f64|bcast|sqrt	0.069547	0.0755275
elementwise_layout_bench	100K|f64|bcast|less	0.050897	0.0310675
elementwise_layout_bench	100K|f64|bcast|copy	0.0461375	0.0150095
elementwise_layout_bench	100K|f32|C|add	0.038854	0.006696
elementwise_layout_bench	100K|f32|C|mul	0.0383095	0.0067055
elementwise_layout_bench	100K|f32|C|neg	0.025885	0.00648
elementwise_layout_bench	100K|f32|C|abs	0.035352	0.0056525
elementwise_layout_bench	100K|f32|C|sqrt	0.022546499999999997	0.014291
elementwise_layout_bench	100K|f32|C|less	0.011399	0.004069
elementwise_layout_bench	100K|f32|C|copy	0.026463999999999998	0.0059195
elementwise_layout_bench	100K|f32|F|add	0.025243500000000002	0.006662
elementwise_layout_bench	100K|f32|F|mul	0.021743000000000002	0.0070285
elementwise_layout_bench	100K|f32|F|neg	0.0338595	0.006478
elementwise_layout_bench	100K|f32|F|abs	0.031802000000000004	0.0059925
elementwise_layout_bench	100K|f32|F|sqrt	0.10375999999999999	0.0142095
elementwise_layout_bench	100K|f32|F|less	0.0127975	0.005419
elementwise_layout_bench	100K|f32|F|copy	0.085099	0.020789
elementwise_layout_bench	100K|f32|T|add	0.032126	0.0067115
elementwise_layout_bench	100K|f32|T|mul	0.031182500000000002	0.0066705
elementwise_layout_bench	100K|f32|T|neg	0.030407000000000003	0.006568
elementwise_layout_bench	100K|f32|T|abs	0.036303	0.005675
elementwise_layout_bench	100K|f32|T|sqrt	0.0985085	0.014258
elementwise_layout_bench	100K|f32|T|less	0.015579	0.00387
elementwise_layout_bench	100K|f32|T|copy	0.0887975	0.0214465
elementwise_layout_bench	100K|f32|strided|add	0.1155745	0.0139125
elementwise_layout_bench	100K|f32|strided|mul	0.118965	0.013577
elementwise_layout_bench	100K|f32|strided|neg	0.0705395	0.006262
elementwise_layout_bench	100K|f32|strided|abs	0.0687935	0.006055
elementwise_layout_bench	100K|f32|strided|sqrt	0.0713145	0.0078725
elementwise_layout_bench	100K|f32|strided|less	0.0604855	0.0176
elementwise_layout_bench	100K|f32|strided|copy	0.04666699999999999	0.0097735
elementwise_layout_bench	100K|f32|sliced|add	0.0456975	0.020719
elementwise_layout_bench	100K|f32|sliced|mul	0.045518499999999996	0.020871
elementwise_layout_bench	100K|f32|sliced|neg	0.035731	0.013142
elementwise_layout_bench	100K|f32|sliced|abs	0.035587	0.013009
elementwise_layout_bench	100K|f32|sliced|sqrt	0.1071865	0.020883
elementwise_layout_bench	100K|f32|sliced|less	0.084594	0.017981
elementwise_layout_bench	100K|f32|sliced|copy	0.034784999999999996	0.0064025
elementwise_layout_bench	100K|f32|negrow|add	0.0509715	0.0208975
elementwise_layout_bench	100K|f32|negrow|mul	0.037205	0.021318
elementwise_layout_bench	100K|f32|negrow|neg	0.035954	0.013773
elementwise_layout_bench	100K|f32|negrow|abs	0.040161499999999996	0.0130125
elementwise_layout_bench	100K|f32|negrow|sqrt	0.10963250000000001	0.0208915
elementwise_layout_bench	100K|f32|negrow|less	0.084809	0.0195695
elementwise_layout_bench	100K|f32|negrow|copy	0.030324	0.006806
elementwise_layout_bench	100K|f32|negcol|add	0.23113299999999998	0.0517815
elementwise_layout_bench	100K|f32|negcol|mul	0.231082	0.0528135
elementwise_layout_bench	100K|f32|negcol|neg	0.13809	0.028099
elementwise_layout_bench	100K|f32|negcol|abs	0.14018	0.0277575
elementwise_layout_bench	100K|f32|negcol|sqrt	0.1358905	0.036488
elementwise_layout_bench	100K|f32|negcol|less	0.118383	0.050276
elementwise_layout_bench	100K|f32|negcol|copy	0.088485	0.0215975
elementwise_layout_bench	100K|f32|bcast|add	0.0345925	0.0192965
elementwise_layout_bench	100K|f32|bcast|mul	0.0358555	0.0195355
elementwise_layout_bench	100K|f32|bcast|neg	0.035313500000000005	0.0126125
elementwise_layout_bench	100K|f32|bcast|abs	0.034881	0.0120845
elementwise_layout_bench	100K|f32|bcast|sqrt	0.1108085	0.019403
elementwise_layout_bench	100K|f32|bcast|less	0.0746025	0.016608
elementwise_layout_bench	100K|f32|bcast|copy	0.0342285	0.005005
elementwise_layout_bench	100K|c128|C|add	0.2989395	0.289767
elementwise_layout_bench	100K|c128|C|mul	0.3106015	0.285163
elementwise_layout_bench	100K|c128|C|neg	0.301279	0.403463
elementwise_layout_bench	100K|c128|C|abs	0.41586350000000005	0.492579
elementwise_layout_bench	100K|c128|C|sqrt	1.20071	1.427
elementwise_layout_bench	100K|c128|C|less	0.2236995	0.112898
elementwise_layout_bench	100K|c128|C|copy	0.2637445	0.263706
elementwise_layout_bench	100K|c128|F|add	0.3174245	0.391076
elementwise_layout_bench	100K|c128|F|mul	0.3476345	0.387799
elementwise_layout_bench	100K|c128|F|neg	0.3242665	0.517054
elementwise_layout_bench	100K|c128|F|abs	0.4391965	0.226903
elementwise_layout_bench	100K|c128|F|sqrt	1.2127715000000001	1.38542
elementwise_layout_bench	100K|c128|F|less	0.2205605	0.118186
elementwise_layout_bench	100K|c128|F|copy	0.3108445	0.439744
elementwise_layout_bench	100K|c128|T|add	0.302442	0.369216
elementwise_layout_bench	100K|c128|T|mul	0.307398	0.366975
elementwise_layout_bench	100K|c128|T|neg	0.313936	0.515752
elementwise_layout_bench	100K|c128|T|abs	0.40209000000000006	0.496108
elementwise_layout_bench	100K|c128|T|sqrt	1.178235	1.41832
elementwise_layout_bench	100K|c128|T|less	0.215297	0.124307
elementwise_layout_bench	100K|c128|T|copy	0.31011900000000003	0.419159
elementwise_layout_bench	100K|c128|strided|add	0.13306300000000001	0.0438035
elementwise_layout_bench	100K|c128|strided|mul	0.14734049999999999	0.052744
elementwise_layout_bench	100K|c128|strided|neg	0.10808999999999999	0.165443
elementwise_layout_bench	100K|c128|strided|abs	0.24324300000000001	0.249441
elementwise_layout_bench	100K|c128|strided|sqrt	0.6020185	0.622557
elementwise_layout_bench	100K|c128|strided|less	0.156591	0.060278
elementwise_layout_bench	100K|c128|strided|copy	0.08065649999999999	0.113384
elementwise_layout_bench	100K|c128|sliced|add	0.32082700000000003	0.482263
elementwise_layout_bench	100K|c128|sliced|mul	0.3337175	0.477408
elementwise_layout_bench	100K|c128|sliced|neg	0.30910150000000003	0.555252
elementwise_layout_bench	100K|c128|sliced|abs	0.423878	0.591216
elementwise_layout_bench	100K|c128|sliced|sqrt	1.1875790000000002	1.55638
elementwise_layout_bench	100K|c128|sliced|less	0.24603750000000002	0.248847
elementwise_layout_bench	100K|c128|sliced|copy	0.29400950000000003	0.40655
elementwise_layout_bench	100K|c128|negrow|add	0.334204	0.586108
elementwise_layout_bench	100K|c128|negrow|mul	0.35269849999999997	0.782388
elementwise_layout_bench	100K|c128|negrow|neg	0.349465	0.790745
elementwise_layout_bench	100K|c128|negrow|abs	0.44914050000000005	0.633
elementwise_layout_bench	100K|c128|negrow|sqrt	1.2280935	1.54161
elementwise_layout_bench	100K|c128|negrow|less	0.252865	0.257822
elementwise_layout_bench	100K|c128|negrow|copy	0.316213	0.380373
elementwise_layout_bench	100K|c128|negcol|add	0.32907400000000003	0.820538
elementwise_layout_bench	100K|c128|negcol|mul	0.36159149999999995	0.807079
elementwise_layout_bench	100K|c128|negcol|neg	0.345068	0.723719
elementwise_layout_bench	100K|c128|negcol|abs	0.463982	0.75445
elementwise_layout_bench	100K|c128|negcol|sqrt	1.251246	2.12745
elementwise_layout_bench	100K|c128|negcol|less	0.299297	1.62725
elementwise_layout_bench	100K|c128|negcol|copy	0.2930335	0.676731
elementwise_layout_bench	100K|c128|bcast|add	0.3073505	0.461296
elementwise_layout_bench	100K|c128|bcast|mul	0.3171015	0.458036
elementwise_layout_bench	100K|c128|bcast|neg	0.2902405	0.551991
elementwise_layout_bench	100K|c128|bcast|abs	0.43516350000000004	0.566247
elementwise_layout_bench	100K|c128|bcast|sqrt	1.236826	1.51611
elementwise_layout_bench	100K|c128|bcast|less	0.23881550000000001	0.214343
elementwise_layout_bench	100K|c128|bcast|copy	0.281964	0.347768
elementwise_layout_bench	100K|f16|C|add	0.9534475	0.67905
elementwise_layout_bench	100K|f16|C|mul	0.960524	0.693078
elementwise_layout_bench	100K|f16|C|neg	0.066212	0.0523385
elementwise_layout_bench	100K|f16|C|abs	0.069214	0.0510475
elementwise_layout_bench	100K|f16|C|sqrt	0.6470404999999999	0.47864
elementwise_layout_bench	100K|f16|C|less	0.21844750000000002	0.248736
elementwise_layout_bench	100K|f16|C|copy	0.024792	0.0080645
elementwise_layout_bench	100K|f16|F|add	0.962016	0.667007
elementwise_layout_bench	100K|f16|F|mul	0.9781025	0.691494
elementwise_layout_bench	100K|f16|F|neg	0.072103	0.050269
elementwise_layout_bench	100K|f16|F|abs	0.07208350000000001	0.053538
elementwise_layout_bench	100K|f16|F|sqrt	0.7160949999999999	0.471375
elementwise_layout_bench	100K|f16|F|less	0.2598345	0.243232
elementwise_layout_bench	100K|f16|F|copy	0.0880195	0.054621
elementwise_layout_bench	100K|f16|T|add	0.998629	0.707429
elementwise_layout_bench	100K|f16|T|mul	1.0219135	0.728315
elementwise_layout_bench	100K|f16|T|neg	0.07861699999999999	0.056427
elementwise_layout_bench	100K|f16|T|abs	0.0801225	0.054247
elementwise_layout_bench	100K|f16|T|sqrt	0.7596875	0.494966
elementwise_layout_bench	100K|f16|T|less	0.2622675	0.241734
elementwise_layout_bench	100K|f16|T|copy	0.0922785	0.0557155
elementwise_layout_bench	100K|f16|strided|add	0.5487420000000001	0.343168
elementwise_layout_bench	100K|f16|strided|mul	0.55213	0.353909
elementwise_layout_bench	100K|f16|strided|neg	0.054597	0.028238
elementwise_layout_bench	100K|f16|strided|abs	0.0517865	0.0278805
elementwise_layout_bench	100K|f16|strided|sqrt	0.4123905	0.245446
elementwise_layout_bench	100K|f16|strided|less	0.157062	0.127183
elementwise_layout_bench	100K|f16|strided|copy	0.0175595	0.0270405
elementwise_layout_bench	100K|f16|sliced|add	0.981193	0.692028
elementwise_layout_bench	100K|f16|sliced|mul	0.8904455	0.723673
elementwise_layout_bench	100K|f16|sliced|neg	0.0367305	0.062241
elementwise_layout_bench	100K|f16|sliced|abs	0.0690425	0.0626805
elementwise_layout_bench	100K|f16|sliced|sqrt	0.7010885	0.479468
elementwise_layout_bench	100K|f16|sliced|less	0.27215	0.257184
elementwise_layout_bench	100K|f16|sliced|copy	0.0213135	0.0083235
elementwise_layout_bench	100K|f16|negrow|add	0.983283	0.695961
elementwise_layout_bench	100K|f16|negrow|mul	0.9574395	0.718709
elementwise_layout_bench	100K|f16|negrow|neg	0.0777955	0.0610025
elementwise_layout_bench	100K|f16|negrow|abs	0.0729415	0.0588405
elementwise_layout_bench	100K|f16|negrow|sqrt	0.7312179999999999	0.505454
elementwise_layout_bench	100K|f16|negrow|less	0.272362	0.257077
elementwise_layout_bench	100K|f16|negrow|copy	0.026291500000000002	0.008064
elementwise_layout_bench	100K|f16|negcol|add	1.0485915	0.771424
elementwise_layout_bench	100K|f16|negcol|mul	0.911953	0.813009
elementwise_layout_bench	100K|f16|negcol|neg	0.054687	0.107613
elementwise_layout_bench	100K|f16|negcol|abs	0.109125	0.104195
elementwise_layout_bench	100K|f16|negcol|sqrt	0.8108124999999999	0.556955
elementwise_layout_bench	100K|f16|negcol|less	0.2607025	0.297764
elementwise_layout_bench	100K|f16|negcol|copy	0.0217935	0.021588
elementwise_layout_bench	100K|f16|bcast|add	0.9806305000000001	0.67794
elementwise_layout_bench	100K|f16|bcast|mul	0.9973399999999999	0.699954
elementwise_layout_bench	100K|f16|bcast|neg	0.0803725	0.0579085
elementwise_layout_bench	100K|f16|bcast|abs	0.078278	0.0555455
elementwise_layout_bench	100K|f16|bcast|sqrt	0.7203485000000001	0.495568
elementwise_layout_bench	100K|f16|bcast|less	0.285438	0.258394
elementwise_layout_bench	100K|f16|bcast|copy	0.0166945	0.0059015
elementwise_layout_bench	100K|i32|C|add	0.0309565	0.0498955
elementwise_layout_bench	100K|i32|C|mul	0.0416315	0.0526875
elementwise_layout_bench	100K|i32|C|neg	0.0436135	0.0113095
elementwise_layout_bench	100K|i32|C|abs	0.039955	0.0499635
elementwise_layout_bench	100K|i32|C|sqrt	0.3607185	0.333181
elementwise_layout_bench	100K|i32|C|less	0.0188975	0.010892
elementwise_layout_bench	100K|i32|C|copy	0.0342435	0.0108725
elementwise_layout_bench	100K|i32|F|add	0.0419135	0.0494245
elementwise_layout_bench	100K|i32|F|mul	0.0310105	0.05194
elementwise_layout_bench	100K|i32|F|neg	0.039792999999999995	0.006484
elementwise_layout_bench	100K|i32|F|abs	0.040084	0.0504755
elementwise_layout_bench	100K|i32|F|sqrt	0.361179	0.253799
elementwise_layout_bench	100K|i32|F|less	0.01838	0.011116
elementwise_layout_bench	100K|i32|F|copy	0.09703099999999999	0.047735
elementwise_layout_bench	100K|i32|T|add	0.031260500000000004	0.0518115
elementwise_layout_bench	100K|i32|T|mul	0.030997	0.0546755
elementwise_layout_bench	100K|i32|T|neg	0.0340325	0.0120095
elementwise_layout_bench	100K|i32|T|abs	0.044159	0.052019
elementwise_layout_bench	100K|i32|T|sqrt	0.36028550000000004	0.395432
elementwise_layout_bench	100K|i32|T|less	0.0202665	0.0113725
elementwise_layout_bench	100K|i32|T|copy	0.092083	0.0485735
elementwise_layout_bench	100K|i32|strided|add	0.1201745	0.0281795
elementwise_layout_bench	100K|i32|strided|mul	0.11906499999999999	0.029163
elementwise_layout_bench	100K|i32|strided|neg	0.0746275	0.0491405
elementwise_layout_bench	100K|i32|strided|abs	0.073559	0.0290085
elementwise_layout_bench	100K|i32|strided|sqrt	0.11255549999999999	0.176824
elementwise_layout_bench	100K|i32|strided|less	0.035458500000000004	0.0298675
elementwise_layout_bench	100K|i32|strided|copy	0.047136500000000005	0.025808
elementwise_layout_bench	100K|i32|sliced|add	0.0399525	0.077508
elementwise_layout_bench	100K|i32|sliced|mul	0.042015000000000004	0.090054
elementwise_layout_bench	100K|i32|sliced|neg	0.041453	0.0262295
elementwise_layout_bench	100K|i32|sliced|abs	0.0400235	0.0668895
elementwise_layout_bench	100K|i32|sliced|sqrt	0.3723445	0.30965
elementwise_layout_bench	100K|i32|sliced|less	0.07521499999999999	0.049655
elementwise_layout_bench	100K|i32|sliced|copy	0.0441115	0.0143785
elementwise_layout_bench	100K|i32|negrow|add	0.046231	0.085012
elementwise_layout_bench	100K|i32|negrow|mul	0.044264	0.077258
elementwise_layout_bench	100K|i32|negrow|neg	0.0306975	0.027826
elementwise_layout_bench	100K|i32|negrow|abs	0.036832500000000004	0.0712625
elementwise_layout_bench	100K|i32|negrow|sqrt	0.3502695	0.298121
elementwise_layout_bench	100K|i32|negrow|less	0.0755905	0.0404225
elementwise_layout_bench	100K|i32|negrow|copy	0.035092	0.013947
elementwise_layout_bench	100K|i32|negcol|add	0.233273	0.144943
elementwise_layout_bench	100K|i32|negcol|mul	0.231747	0.152807
elementwise_layout_bench	100K|i32|negcol|neg	0.13903100000000002	0.0624705
elementwise_layout_bench	100K|i32|negcol|abs	0.1428965	0.103129
elementwise_layout_bench	100K|i32|negcol|sqrt	0.44898449999999995	0.359977
elementwise_layout_bench	100K|i32|negcol|less	0.1117695	0.104266
elementwise_layout_bench	100K|i32|negcol|copy	0.094789	0.045762
elementwise_layout_bench	100K|i32|bcast|add	0.039921000000000005	0.070082
elementwise_layout_bench	100K|i32|bcast|mul	0.036766	0.0786625
elementwise_layout_bench	100K|i32|bcast|neg	0.0319135	0.024468
elementwise_layout_bench	100K|i32|bcast|abs	0.045195	0.0650705
elementwise_layout_bench	100K|i32|bcast|sqrt	0.407678	0.360182
elementwise_layout_bench	100K|i32|bcast|less	0.0728565	0.0337475
elementwise_layout_bench	100K|i32|bcast|copy	0.0344805	0.0118645
elementwise_layout_bench	100K|i64|C|add	0.08484249999999999	0.054777
elementwise_layout_bench	100K|i64|C|mul	0.08723449999999999	0.0585435
elementwise_layout_bench	100K|i64|C|neg	0.1072	0.0294605
elementwise_layout_bench	100K|i64|C|abs	0.10321849999999999	0.063256
elementwise_layout_bench	100K|i64|C|sqrt	0.36471649999999994	0.285998
elementwise_layout_bench	100K|i64|C|less	0.032637	0.01603
elementwise_layout_bench	100K|i64|C|copy	0.089919	0.0270175
elementwise_layout_bench	100K|i64|F|add	0.084157	0.0593485
elementwise_layout_bench	100K|i64|F|mul	0.0893455	0.0648075
elementwise_layout_bench	100K|i64|F|neg	0.109178	0.027375
elementwise_layout_bench	100K|i64|F|abs	0.11035	0.060956
elementwise_layout_bench	100K|i64|F|sqrt	0.366047	0.347552
elementwise_layout_bench	100K|i64|F|less	0.0300095	0.0162735
elementwise_layout_bench	100K|i64|F|copy	0.1413355	0.069054
elementwise_layout_bench	100K|i64|T|add	0.07231	0.0538975
elementwise_layout_bench	100K|i64|T|mul	0.08998400000000001	0.0611375
elementwise_layout_bench	100K|i64|T|neg	0.10732699999999999	0.0288375
elementwise_layout_bench	100K|i64|T|abs	0.1072685	0.0610655
elementwise_layout_bench	100K|i64|T|sqrt	0.363324	0.368775
elementwise_layout_bench	100K|i64|T|less	0.029732500000000002	0.015791
elementwise_layout_bench	100K|i64|T|copy	0.1162265	0.064433
elementwise_layout_bench	100K|i64|strided|add	0.235426	0.025766
elementwise_layout_bench	100K|i64|strided|mul	0.24026150000000002	0.031171
elementwise_layout_bench	100K|i64|strided|neg	0.0889375	0.0183805
elementwise_layout_bench	100K|i64|strided|abs	0.0960925	0.028655
elementwise_layout_bench	100K|i64|strided|sqrt	0.23707450000000002	0.175845
elementwise_layout_bench	100K|i64|strided|less	0.0638965	0.0315255
elementwise_layout_bench	100K|i64|strided|copy	0.0611825	0.031817
elementwise_layout_bench	100K|i64|sliced|add	0.0859225	0.126942
elementwise_layout_bench	100K|i64|sliced|mul	0.10464999999999999	0.136316
elementwise_layout_bench	100K|i64|sliced|neg	0.1040525	0.069415
elementwise_layout_bench	100K|i64|sliced|abs	0.12528499999999998	0.101509
elementwise_layout_bench	100K|i64|sliced|sqrt	0.42359600000000003	0.362682
elementwise_layout_bench	100K|i64|sliced|less	0.079774	0.0697875
elementwise_layout_bench	100K|i64|sliced|copy	0.07081900000000001	0.0316965
elementwise_layout_bench	100K|i64|negrow|add	0.0784025	0.147652
elementwise_layout_bench	100K|i64|negrow|mul	0.099427	0.155978
elementwise_layout_bench	100K|i64|negrow|neg	0.09969049999999999	0.072505
elementwise_layout_bench	100K|i64|negrow|abs	0.13564	0.105275
elementwise_layout_bench	100K|i64|negrow|sqrt	0.43085700000000005	0.316641
elementwise_layout_bench	100K|i64|negrow|less	0.08123799999999999	0.054216
elementwise_layout_bench	100K|i64|negrow|copy	0.082086	0.0190015
elementwise_layout_bench	100K|i64|negcol|add	0.4619135	0.211142
elementwise_layout_bench	100K|i64|negcol|mul	0.47023000000000004	0.206078
elementwise_layout_bench	100K|i64|negcol|neg	0.1430335	0.104879
elementwise_layout_bench	100K|i64|negcol|abs	0.16893249999999999	0.136702
elementwise_layout_bench	100K|i64|negcol|sqrt	0.457869	0.364224
elementwise_layout_bench	100K|i64|negcol|less	0.1179445	0.138403
elementwise_layout_bench	100K|i64|negcol|copy	0.124199	0.0657765
elementwise_layout_bench	100K|i64|bcast|add	0.07502	0.111809
elementwise_layout_bench	100K|i64|bcast|mul	0.1043685	0.122442
elementwise_layout_bench	100K|i64|bcast|neg	0.1040865	0.0758705
elementwise_layout_bench	100K|i64|bcast|abs	0.1247145	0.096741
elementwise_layout_bench	100K|i64|bcast|sqrt	0.43308100000000005	0.368002
elementwise_layout_bench	100K|i64|bcast|less	0.080946	0.065526
elementwise_layout_bench	100K|i64|bcast|copy	0.0712775	0.0297035
elementwise_layout_bench	1M|f64|C|add	1.5021733333333331	2.01952
elementwise_layout_bench	1M|f64|C|mul	1.3938233333333334	2.05862
elementwise_layout_bench	1M|f64|C|neg	1.12256	1.86822
elementwise_layout_bench	1M|f64|C|abs	1.2699266666666666	2.12912
elementwise_layout_bench	1M|f64|C|sqrt	3.486676666666667	3.99604
elementwise_layout_bench	1M|f64|C|less	0.37371	0.301767
elementwise_layout_bench	1M|f64|C|copy	0.80016	1.49326
elementwise_layout_bench	1M|f64|F|add	1.3014466666666666	2.25719
elementwise_layout_bench	1M|f64|F|mul	1.28795	2.20648
elementwise_layout_bench	1M|f64|F|neg	1.3492533333333334	2.45517
elementwise_layout_bench	1M|f64|F|abs	1.1767266666666667	2.56671
elementwise_layout_bench	1M|f64|F|sqrt	3.43237	4.09223
elementwise_layout_bench	1M|f64|F|less	0.36406	0.33173
elementwise_layout_bench	1M|f64|F|copy	1.9353166666666666	2.61386
elementwise_layout_bench	1M|f64|T|add	1.0570066666666666	2.2269
elementwise_layout_bench	1M|f64|T|mul	1.1793733333333334	2.07407
elementwise_layout_bench	1M|f64|T|neg	1.28591	2.08267
elementwise_layout_bench	1M|f64|T|abs	1.4333333333333333	2.12359
elementwise_layout_bench	1M|f64|T|sqrt	3.5644	3.8733
elementwise_layout_bench	1M|f64|T|less	0.3567666666666666	0.305507
elementwise_layout_bench	1M|f64|T|copy	1.6360333333333335	2.27961
elementwise_layout_bench	1M|f64|strided|add	2.23601	1.08326
elementwise_layout_bench	1M|f64|strided|mul	2.19504	1.10711
elementwise_layout_bench	1M|f64|strided|neg	0.40412666666666663	0.934973
elementwise_layout_bench	1M|f64|strided|abs	1.2782766666666667	0.99376
elementwise_layout_bench	1M|f64|strided|sqrt	1.7942666666666667	1.87763
elementwise_layout_bench	1M|f64|strided|less	0.5746333333333333	0.27053
elementwise_layout_bench	1M|f64|strided|copy	0.6814233333333333	1.041
elementwise_layout_bench	1M|f64|sliced|add	1.50932	2.57261
elementwise_layout_bench	1M|f64|sliced|mul	1.3959466666666667	2.65154
elementwise_layout_bench	1M|f64|sliced|neg	1.4056833333333332	2.31752
elementwise_layout_bench	1M|f64|sliced|abs	1.5886666666666664	2.27362
elementwise_layout_bench	1M|f64|sliced|sqrt	3.5332866666666667	4.4648
elementwise_layout_bench	1M|f64|sliced|less	0.7848333333333334	0.914893
elementwise_layout_bench	1M|f64|sliced|copy	1.37432	1.88003
elementwise_layout_bench	1M|f64|negrow|add	1.55223	2.58902
elementwise_layout_bench	1M|f64|negrow|mul	1.5238900000000002	2.73932
elementwise_layout_bench	1M|f64|negrow|neg	1.3891533333333332	2.44174
elementwise_layout_bench	1M|f64|negrow|abs	1.4307	2.24804
elementwise_layout_bench	1M|f64|negrow|sqrt	3.4956633333333333	4.55758
elementwise_layout_bench	1M|f64|negrow|less	0.8512266666666667	0.881107
elementwise_layout_bench	1M|f64|negrow|copy	1.2140833333333334	1.83232
elementwise_layout_bench	1M|f64|negcol|add	4.616616666666667	3.09839
elementwise_layout_bench	1M|f64|negcol|mul	4.475516666666667	2.90651
elementwise_layout_bench	1M|f64|negcol|neg	2.5827766666666667	2.4678
elementwise_layout_bench	1M|f64|negcol|abs	2.5370433333333335	2.37643
elementwise_layout_bench	1M|f64|negcol|sqrt	3.5399766666666665	4.13328
elementwise_layout_bench	1M|f64|negcol|less	1.1648733333333332	1.57402
elementwise_layout_bench	1M|f64|negcol|copy	1.5081533333333332	1.89023
elementwise_layout_bench	1M|f64|bcast|add	0.7476333333333333	2.10419
elementwise_layout_bench	1M|f64|bcast|mul	0.71986	2.11066
elementwise_layout_bench	1M|f64|bcast|neg	0.9003066666666667	1.86857
elementwise_layout_bench	1M|f64|bcast|abs	0.7883966666666667	1.87856
elementwise_layout_bench	1M|f64|bcast|sqrt	3.4243900000000003	4.04375
elementwise_layout_bench	1M|f64|bcast|less	0.7241166666666667	0.649387
elementwise_layout_bench	1M|f64|bcast|copy	0.8642866666666666	1.72204
elementwise_layout_bench	1M|f32|C|add	0.49476333333333333	0.956873
elementwise_layout_bench	1M|f32|C|mul	0.47719	0.964367
elementwise_layout_bench	1M|f32|C|neg	0.5104666666666666	0.917993
elementwise_layout_bench	1M|f32|C|abs	0.5165833333333334	0.92877
elementwise_layout_bench	1M|f32|C|sqrt	0.9934733333333334	1.19147
elementwise_layout_bench	1M|f32|C|less	0.20996333333333334	0.13213
elementwise_layout_bench	1M|f32|C|copy	0.44560666666666665	0.709617
elementwise_layout_bench	1M|f32|F|add	0.4773833333333333	0.946023
elementwise_layout_bench	1M|f32|F|mul	0.5637133333333334	0.90974
elementwise_layout_bench	1M|f32|F|neg	0.54146	1.08212
elementwise_layout_bench	1M|f32|F|abs	0.48915333333333333	1.01754
elementwise_layout_bench	1M|f32|F|sqrt	0.9672999999999999	1.23048
elementwise_layout_bench	1M|f32|F|less	0.20432	0.171103
elementwise_layout_bench	1M|f32|F|copy	1.0975666666666666	1.40352
elementwise_layout_bench	1M|f32|T|add	0.5938133333333333	0.999033
elementwise_layout_bench	1M|f32|T|mul	0.4461733333333333	0.995073
elementwise_layout_bench	1M|f32|T|neg	0.5251733333333334	1.00018
elementwise_layout_bench	1M|f32|T|abs	0.5511666666666667	0.968823
elementwise_layout_bench	1M|f32|T|sqrt	0.9431700000000001	1.22284
elementwise_layout_bench	1M|f32|T|less	0.25309333333333334	0.171313
elementwise_layout_bench	1M|f32|T|copy	1.0706	1.62775
elementwise_layout_bench	1M|f32|strided|add	1.2190333333333332	0.611337
elementwise_layout_bench	1M|f32|strided|mul	1.1818066666666667	0.827933
elementwise_layout_bench	1M|f32|strided|neg	0.75253	1.392
elementwise_layout_bench	1M|f32|strided|abs	0.74531	0.57853
elementwise_layout_bench	1M|f32|strided|sqrt	0.74954	0.73805
elementwise_layout_bench	1M|f32|strided|less	0.6227699999999999	0.25597
elementwise_layout_bench	1M|f32|strided|copy	0.5345766666666666	0.594197
elementwise_layout_bench	1M|f32|sliced|add	0.5735066666666667	1.32297
elementwise_layout_bench	1M|f32|sliced|mul	0.5680099999999999	1.39139
elementwise_layout_bench	1M|f32|sliced|neg	0.52105	1.12246
elementwise_layout_bench	1M|f32|sliced|abs	0.5527766666666667	1.16104
elementwise_layout_bench	1M|f32|sliced|sqrt	1.0184733333333333	1.43321
elementwise_layout_bench	1M|f32|sliced|less	0.78466	0.4547
elementwise_layout_bench	1M|f32|sliced|copy	0.5268533333333333	0.97874
elementwise_layout_bench	1M|f32|negrow|add	0.5346933333333334	1.2625
elementwise_layout_bench	1M|f32|negrow|mul	0.5302766666666667	1.29754
elementwise_layout_bench	1M|f32|negrow|neg	0.5344466666666666	1.18708
elementwise_layout_bench	1M|f32|negrow|abs	0.50974	1.09595
elementwise_layout_bench	1M|f32|negrow|sqrt	0.9813866666666667	1.40513
elementwise_layout_bench	1M|f32|negrow|less	0.7738933333333333	0.442687
elementwise_layout_bench	1M|f32|negrow|copy	0.49844333333333335	0.984837
elementwise_layout_bench	1M|f32|negcol|add	2.2443400000000002	1.94881
elementwise_layout_bench	1M|f32|negcol|mul	2.1597166666666667	1.8433
elementwise_layout_bench	1M|f32|negcol|neg	1.25038	1.36134
elementwise_layout_bench	1M|f32|negcol|abs	1.2523066666666667	1.34151
elementwise_layout_bench	1M|f32|negcol|sqrt	1.37491	1.71428
elementwise_layout_bench	1M|f32|negcol|less	1.1531066666666667	0.933993
elementwise_layout_bench	1M|f32|negcol|copy	0.8560533333333333	1.01836
elementwise_layout_bench	1M|f32|bcast|add	0.45221999999999996	1.05325
elementwise_layout_bench	1M|f32|bcast|mul	0.4674566666666667	1.07231
elementwise_layout_bench	1M|f32|bcast|neg	0.48782000000000003	0.930937
elementwise_layout_bench	1M|f32|bcast|abs	0.4665433333333333	0.902943
elementwise_layout_bench	1M|f32|bcast|sqrt	1.00932	1.21702
elementwise_layout_bench	1M|f32|bcast|less	0.7783466666666666	0.346897
elementwise_layout_bench	1M|f32|bcast|copy	0.46717000000000003	0.857097
elementwise_layout_bench	1M|c128|C|add	4.324706666666667	4.57167
elementwise_layout_bench	1M|c128|C|mul	3.839053333333333	4.62668
elementwise_layout_bench	1M|c128|C|neg	3.80769	5.24478
elementwise_layout_bench	1M|c128|C|abs	4.253056666666667	5.8947
elementwise_layout_bench	1M|c128|C|sqrt	10.039263333333334	14.1648
elementwise_layout_bench	1M|c128|C|less	2.335783333333333	2.04241
elementwise_layout_bench	1M|c128|C|copy	0.7731833333333333	3.67641
elementwise_layout_bench	1M|c128|F|add	3.9252633333333335	5.54629
elementwise_layout_bench	1M|c128|F|mul	3.4410600000000002	5.3835
elementwise_layout_bench	1M|c128|F|neg	3.8019166666666666	5.4589
elementwise_layout_bench	1M|c128|F|abs	4.1737166666666665	6.19333
elementwise_layout_bench	1M|c128|F|sqrt	10.40615	14.6359
elementwise_layout_bench	1M|c128|F|less	2.30964	2.02022
elementwise_layout_bench	1M|c128|F|copy	4.081259999999999	6.21959
elementwise_layout_bench	1M|c128|T|add	3.9917700000000003	4.53745
elementwise_layout_bench	1M|c128|T|mul	3.9282466666666664	4.6483
elementwise_layout_bench	1M|c128|T|neg	4.0083866666666665	5.29501
elementwise_layout_bench	1M|c128|T|abs	4.24117	5.98214
elementwise_layout_bench	1M|c128|T|sqrt	10.652423333333333	14.8811
elementwise_layout_bench	1M|c128|T|less	2.5908533333333335	1.60305
elementwise_layout_bench	1M|c128|T|copy	4.369156666666667	6.09117
elementwise_layout_bench	1M|c128|strided|add	3.3356733333333333	2.75351
elementwise_layout_bench	1M|c128|strided|mul	3.0855666666666663	2.65707
elementwise_layout_bench	1M|c128|strided|neg	2.8965866666666664	3.01292
elementwise_layout_bench	1M|c128|strided|abs	3.5765233333333333	3.12576
elementwise_layout_bench	1M|c128|strided|sqrt	6.187713333333334	7.11953
elementwise_layout_bench	1M|c128|strided|less	2.6945866666666665	0.904293
elementwise_layout_bench	1M|c128|strided|copy	3.09632	3.0393
elementwise_layout_bench	1M|c128|sliced|add	4.583826666666667	5.65485
elementwise_layout_bench	1M|c128|sliced|mul	4.35418	5.63617
elementwise_layout_bench	1M|c128|sliced|neg	4.294343333333333	6.71569
elementwise_layout_bench	1M|c128|sliced|abs	4.366333333333333	7.8142
elementwise_layout_bench	1M|c128|sliced|sqrt	10.507216666666666	16.0755
elementwise_layout_bench	1M|c128|sliced|less	2.5440066666666667	3.1984
elementwise_layout_bench	1M|c128|sliced|copy	3.5483933333333337	4.62718
elementwise_layout_bench	1M|c128|negrow|add	4.181893333333333	5.82529
elementwise_layout_bench	1M|c128|negrow|mul	4.26856	5.9712
elementwise_layout_bench	1M|c128|negrow|neg	4.100733333333333	6.77786
elementwise_layout_bench	1M|c128|negrow|abs	4.43388	7.92465
elementwise_layout_bench	1M|c128|negrow|sqrt	10.790046666666665	16.2681
elementwise_layout_bench	1M|c128|negrow|less	2.6105500000000004	3.04626
elementwise_layout_bench	1M|c128|negrow|copy	3.7417166666666666	4.73434
elementwise_layout_bench	1M|c128|negcol|add	3.9836566666666666	7.94602
elementwise_layout_bench	1M|c128|negcol|mul	4.149203333333333	8.10136
elementwise_layout_bench	1M|c128|negcol|neg	4.021739999999999	7.51543
elementwise_layout_bench	1M|c128|negcol|abs	4.804133333333334	8.53551
elementwise_layout_bench	1M|c128|negcol|sqrt	11.20193	16.9162
elementwise_layout_bench	1M|c128|negcol|less	3.0983233333333335	5.59063
elementwise_layout_bench	1M|c128|negcol|copy	3.9963333333333333	5.01763
elementwise_layout_bench	1M|c128|bcast|add	2.116843333333333	4.35582
elementwise_layout_bench	1M|c128|bcast|mul	2.10375	4.33336
elementwise_layout_bench	1M|c128|bcast|neg	1.6610733333333334	5.22497
elementwise_layout_bench	1M|c128|bcast|abs	4.17729	6.27752
elementwise_layout_bench	1M|c128|bcast|sqrt	10.54944	15.3451
elementwise_layout_bench	1M|c128|bcast|less	2.27089	2.14933
elementwise_layout_bench	1M|c128|bcast|copy	2.05545	3.8849
elementwise_layout_bench	1M|f16|C|add	9.28524	6.88163
elementwise_layout_bench	1M|f16|C|mul	9.470949999999998	6.67099
elementwise_layout_bench	1M|f16|C|neg	0.7152200000000001	0.877663
elementwise_layout_bench	1M|f16|C|abs	0.6998	0.842617
elementwise_layout_bench	1M|f16|C|sqrt	6.8391166666666665	5.24196
elementwise_layout_bench	1M|f16|C|less	2.1453633333333335	2.52539
elementwise_layout_bench	1M|f16|C|copy	0.3148766666666667	0.36547
elementwise_layout_bench	1M|f16|F|add	9.850146666666665	7.09206
elementwise_layout_bench	1M|f16|F|mul	9.907053333333332	7.35761
elementwise_layout_bench	1M|f16|F|neg	0.7530466666666666	0.769703
elementwise_layout_bench	1M|f16|F|abs	0.7760533333333334	0.734597
elementwise_layout_bench	1M|f16|F|sqrt	7.000356666666667	5.02677
elementwise_layout_bench	1M|f16|F|less	2.268333333333333	2.42716
elementwise_layout_bench	1M|f16|F|copy	1.0474166666666667	1.06994
elementwise_layout_bench	1M|f16|T|add	9.201743333333333	6.84425
elementwise_layout_bench	1M|f16|T|mul	9.2027	7.13975
elementwise_layout_bench	1M|f16|T|neg	0.6967766666666667	0.77475
elementwise_layout_bench	1M|f16|T|abs	0.7069033333333333	0.785557
elementwise_layout_bench	1M|f16|T|sqrt	7.011693333333333	5.06479
elementwise_layout_bench	1M|f16|T|less	2.4429433333333335	2.46766
elementwise_layout_bench	1M|f16|T|copy	1.05604	1.07771
elementwise_layout_bench	1M|f16|strided|add	5.044496666666666	3.4534
elementwise_layout_bench	1M|f16|strided|mul	5.172053333333333	3.50974
elementwise_layout_bench	1M|f16|strided|neg	0.45897	0.28146
elementwise_layout_bench	1M|f16|strided|abs	0.45452	0.281047
elementwise_layout_bench	1M|f16|strided|sqrt	4.002853333333333	2.39968
elementwise_layout_bench	1M|f16|strided|less	1.4784033333333333	1.22953
elementwise_layout_bench	1M|f16|strided|copy	0.09933	0.2664
elementwise_layout_bench	1M|f16|sliced|add	9.6556	7.32731
elementwise_layout_bench	1M|f16|sliced|mul	8.75413	7.48297
elementwise_layout_bench	1M|f16|sliced|neg	0.72755	0.84229
elementwise_layout_bench	1M|f16|sliced|abs	0.73739	0.856963
elementwise_layout_bench	1M|f16|sliced|sqrt	7.114393333333334	5.23908
elementwise_layout_bench	1M|f16|sliced|less	2.7735366666666668	2.64406
elementwise_layout_bench	1M|f16|sliced|copy	0.3573	0.46396
elementwise_layout_bench	1M|f16|negrow|add	9.865673333333332	7.41321
elementwise_layout_bench	1M|f16|negrow|mul	9.881443333333333	7.40104
elementwise_layout_bench	1M|f16|negrow|neg	0.7912166666666667	0.845653
elementwise_layout_bench	1M|f16|negrow|abs	0.78449	0.852803
elementwise_layout_bench	1M|f16|negrow|sqrt	7.370356666666667	5.23231
elementwise_layout_bench	1M|f16|negrow|less	2.8547533333333335	2.31805
elementwise_layout_bench	1M|f16|negrow|copy	0.39054333333333335	0.49721
elementwise_layout_bench	1M|f16|negcol|add	10.268273333333333	8.01336
elementwise_layout_bench	1M|f16|negcol|mul	10.407996666666666	8.24331
elementwise_layout_bench	1M|f16|negcol|neg	0.9463366666666667	1.3423
elementwise_layout_bench	1M|f16|negcol|abs	0.9455933333333333	1.32156
elementwise_layout_bench	1M|f16|negcol|sqrt	8.077346666666667	5.77738
elementwise_layout_bench	1M|f16|negcol|less	2.943356666666667	3.48983
elementwise_layout_bench	1M|f16|negcol|copy	0.33889	0.761917
elementwise_layout_bench	1M|f16|bcast|add	9.647976666666667	6.84182
elementwise_layout_bench	1M|f16|bcast|mul	9.58042	7.1597
elementwise_layout_bench	1M|f16|bcast|neg	0.7226433333333334	0.666297
elementwise_layout_bench	1M|f16|bcast|abs	0.7576766666666667	0.78936
elementwise_layout_bench	1M|f16|bcast|sqrt	7.071753333333334	4.96339
elementwise_layout_bench	1M|f16|bcast|less	2.702253333333333	2.50571
elementwise_layout_bench	1M|f16|bcast|copy	0.3314833333333333	0.378987
elementwise_layout_bench	1M|i32|C|add	0.45948666666666665	0.983813
elementwise_layout_bench	1M|i32|C|mul	0.4611133333333333	0.989667
elementwise_layout_bench	1M|i32|C|neg	0.50917	0.882917
elementwise_layout_bench	1M|i32|C|abs	0.5099566666666667	1.03088
elementwise_layout_bench	1M|i32|C|sqrt	3.431566666666667	3.61912
elementwise_layout_bench	1M|i32|C|less	0.22112333333333334	0.119833
elementwise_layout_bench	1M|i32|C|copy	0.41535	0.6908
elementwise_layout_bench	1M|i32|F|add	0.47452666666666665	1.00299
elementwise_layout_bench	1M|i32|F|mul	0.4965233333333333	1.01519
elementwise_layout_bench	1M|i32|F|neg	0.47655	0.877723
elementwise_layout_bench	1M|i32|F|abs	0.48577333333333333	1.02095
elementwise_layout_bench	1M|i32|F|sqrt	3.3971666666666667	4.35052
elementwise_layout_bench	1M|i32|F|less	0.21091666666666667	0.119463
elementwise_layout_bench	1M|i32|F|copy	1.0574733333333333	1.30008
elementwise_layout_bench	1M|i32|T|add	0.47385666666666665	0.988073
elementwise_layout_bench	1M|i32|T|mul	0.4933566666666667	1.02069
elementwise_layout_bench	1M|i32|T|neg	0.4933633333333333	0.902033
elementwise_layout_bench	1M|i32|T|abs	0.48661666666666664	1.0054
elementwise_layout_bench	1M|i32|T|sqrt	3.4254200000000004	4.39414
elementwise_layout_bench	1M|i32|T|less	0.21939999999999998	0.135233
elementwise_layout_bench	1M|i32|T|copy	1.14307	1.30715
elementwise_layout_bench	1M|i32|strided|add	1.19085	0.570473
elementwise_layout_bench	1M|i32|strided|mul	1.1913333333333334	0.604083
elementwise_layout_bench	1M|i32|strided|neg	0.70019	0.749763
elementwise_layout_bench	1M|i32|strided|abs	0.7164933333333334	0.588737
elementwise_layout_bench	1M|i32|strided|sqrt	2.101586666666667	2.23381
elementwise_layout_bench	1M|i32|strided|less	0.54861	0.280657
elementwise_layout_bench	1M|i32|strided|copy	0.5493333333333333	0.55155
elementwise_layout_bench	1M|i32|sliced|add	0.52742	1.28484
elementwise_layout_bench	1M|i32|sliced|mul	0.51152	1.38135
elementwise_layout_bench	1M|i32|sliced|neg	0.5230333333333334	1.09229
elementwise_layout_bench	1M|i32|sliced|abs	0.55102	1.23089
elementwise_layout_bench	1M|i32|sliced|sqrt	3.984953333333333	4.42234
elementwise_layout_bench	1M|i32|sliced|less	0.75629	0.46973
elementwise_layout_bench	1M|i32|sliced|copy	0.60133	0.941113
elementwise_layout_bench	1M|i32|negrow|add	0.5329266666666667	1.3448
elementwise_layout_bench	1M|i32|negrow|mul	0.5404300000000001	1.34598
elementwise_layout_bench	1M|i32|negrow|neg	0.4878933333333333	1.09323
elementwise_layout_bench	1M|i32|negrow|abs	0.5019399999999999	1.17079
elementwise_layout_bench	1M|i32|negrow|sqrt	4.029413333333333	3.04596
elementwise_layout_bench	1M|i32|negrow|less	0.7494433333333334	0.465247
elementwise_layout_bench	1M|i32|negrow|copy	0.5139233333333333	0.923497
elementwise_layout_bench	1M|i32|negcol|add	2.2590500000000002	2.01389
elementwise_layout_bench	1M|i32|negcol|mul	2.1912700000000003	2.10138
elementwise_layout_bench	1M|i32|negcol|neg	1.31219	1.37888
elementwise_layout_bench	1M|i32|negcol|abs	1.1905566666666667	1.5352
elementwise_layout_bench	1M|i32|negcol|sqrt	3.56413	4.41887
elementwise_layout_bench	1M|i32|negcol|less	1.0770866666666667	1.08968
elementwise_layout_bench	1M|i32|negcol|copy	0.8370233333333333	0.997933
elementwise_layout_bench	1M|i32|bcast|add	0.46339	1.13145
elementwise_layout_bench	1M|i32|bcast|mul	0.48722666666666664	1.18048
elementwise_layout_bench	1M|i32|bcast|neg	0.47776	0.94242
elementwise_layout_bench	1M|i32|bcast|abs	0.46537999999999996	1.04088
elementwise_layout_bench	1M|i32|bcast|sqrt	3.9120266666666668	4.27485
elementwise_layout_bench	1M|i32|bcast|less	0.7308733333333334	0.34853
elementwise_layout_bench	1M|i32|bcast|copy	0.46497666666666665	0.85011
elementwise_layout_bench	1M|i64|C|add	1.2305833333333331	1.99815
elementwise_layout_bench	1M|i64|C|mul	1.4206466666666666	1.94857
elementwise_layout_bench	1M|i64|C|neg	1.5062266666666666	1.90989
elementwise_layout_bench	1M|i64|C|abs	1.46856	1.96046
elementwise_layout_bench	1M|i64|C|sqrt	3.4528833333333333	4.52971
elementwise_layout_bench	1M|i64|C|less	0.36206333333333335	0.25619
elementwise_layout_bench	1M|i64|C|copy	0.7316699999999999	1.27863
elementwise_layout_bench	1M|i64|F|add	1.2905266666666668	2.20265
elementwise_layout_bench	1M|i64|F|mul	1.4084766666666666	2.00123
elementwise_layout_bench	1M|i64|F|neg	1.4174366666666667	1.97437
elementwise_layout_bench	1M|i64|F|abs	1.6106266666666669	1.95698
elementwise_layout_bench	1M|i64|F|sqrt	3.4648133333333333	4.69128
elementwise_layout_bench	1M|i64|F|less	0.4257733333333333	0.2513
elementwise_layout_bench	1M|i64|F|copy	1.87275	2.32007
elementwise_layout_bench	1M|i64|T|add	1.3712799999999998	1.9014
elementwise_layout_bench	1M|i64|T|mul	1.4223700000000001	1.94678
elementwise_layout_bench	1M|i64|T|neg	1.4051933333333333	1.88694
elementwise_layout_bench	1M|i64|T|abs	1.5326166666666665	1.96728
elementwise_layout_bench	1M|i64|T|sqrt	3.4831366666666668	4.62353
elementwise_layout_bench	1M|i64|T|less	0.36359	0.251203
elementwise_layout_bench	1M|i64|T|copy	1.8953099999999998	2.25989
elementwise_layout_bench	1M|i64|strided|add	2.2728466666666667	1.08023
elementwise_layout_bench	1M|i64|strided|mul	2.29352	1.09322
elementwise_layout_bench	1M|i64|strided|neg	0.7750833333333333	0.991017
elementwise_layout_bench	1M|i64|strided|abs	0.78904	1.04782
elementwise_layout_bench	1M|i64|strided|sqrt	2.3617366666666664	1.82257
elementwise_layout_bench	1M|i64|strided|less	0.58918	0.286873
elementwise_layout_bench	1M|i64|strided|copy	0.7043166666666667	1.01652
elementwise_layout_bench	1M|i64|sliced|add	1.5041933333333333	2.5072
elementwise_layout_bench	1M|i64|sliced|mul	1.6507366666666667	2.51303
elementwise_layout_bench	1M|i64|sliced|neg	1.6140766666666666	2.22356
elementwise_layout_bench	1M|i64|sliced|abs	1.4822366666666666	2.25318
elementwise_layout_bench	1M|i64|sliced|sqrt	4.411853333333334	3.58043
elementwise_layout_bench	1M|i64|sliced|less	0.8092433333333333	0.769193
elementwise_layout_bench	1M|i64|sliced|copy	1.6153033333333333	1.87141
elementwise_layout_bench	1M|i64|negrow|add	1.4531466666666666	2.5509
elementwise_layout_bench	1M|i64|negrow|mul	1.49427	2.53398
elementwise_layout_bench	1M|i64|negrow|neg	1.57941	2.2726
elementwise_layout_bench	1M|i64|negrow|abs	1.6263	2.20797
elementwise_layout_bench	1M|i64|negrow|sqrt	4.519823333333333	4.67607
elementwise_layout_bench	1M|i64|negrow|less	0.7980633333333333	0.953477
elementwise_layout_bench	1M|i64|negrow|copy	1.3474499999999998	1.90352
elementwise_layout_bench	1M|i64|negcol|add	4.451883333333333	3.1164
elementwise_layout_bench	1M|i64|negcol|mul	4.525973333333334	3.18171
elementwise_layout_bench	1M|i64|negcol|neg	1.7009966666666665	2.46202
elementwise_layout_bench	1M|i64|negcol|abs	1.6969833333333333	2.51429
elementwise_layout_bench	1M|i64|negcol|sqrt	4.47143	3.65392
elementwise_layout_bench	1M|i64|negcol|less	1.0735433333333333	1.44637
elementwise_layout_bench	1M|i64|negcol|copy	1.53371	1.91332
elementwise_layout_bench	1M|i64|bcast|add	0.9588099999999999	2.10254
elementwise_layout_bench	1M|i64|bcast|mul	0.8961233333333334	2.12863
elementwise_layout_bench	1M|i64|bcast|neg	0.9937033333333333	1.85651
elementwise_layout_bench	1M|i64|bcast|abs	1.1181066666666666	1.92889
elementwise_layout_bench	1M|i64|bcast|sqrt	3.7762499999999997	4.28283
elementwise_layout_bench	1M|i64|bcast|less	0.67719	0.61654
elementwise_layout_bench	1M|i64|bcast|copy	0.7603500000000001	1.69306
