bench	key	ns_ms	np_ms
reduce_layout_bench	100K|f64|C|sum|ax0	0.016159574468085105	0.00887083
reduce_layout_bench	100K|f64|C|sum|ax1	0.01642033898305085	0.0174579
reduce_layout_bench	100K|f64|C|min|ax0	0.016351851851851854	0.0139094
reduce_layout_bench	100K|f64|C|min|ax1	0.02236046511627907	0.016861
reduce_layout_bench	100K|f64|C|max|ax0	0.01590967741935484	0.0139159
reduce_layout_bench	100K|f64|C|max|ax1	0.022195	0.0168621
reduce_layout_bench	100K|f64|C|prod|ax0	0.00836111111111111	0.0121709
reduce_layout_bench	100K|f64|C|prod|ax1	0.00433	0.0566882
reduce_layout_bench	100K|f64|F|sum|ax0	0.01777735849056604	0.017466
reduce_layout_bench	100K|f64|F|sum|ax1	0.01188888888888889	0.0121595
reduce_layout_bench	100K|f64|F|min|ax0	0.022447727272727272	0.0168593
reduce_layout_bench	100K|f64|F|min|ax1	0.016098333333333333	0.0139143
reduce_layout_bench	100K|f64|F|max|ax0	0.02278181818181818	0.0168661
reduce_layout_bench	100K|f64|F|max|ax1	0.016261016949152544	0.0139029
reduce_layout_bench	100K|f64|F|prod|ax0	0.011267441860465115	0.0567611
reduce_layout_bench	100K|f64|F|prod|ax1	0.018211111111111112	0.0225721
reduce_layout_bench	100K|f64|T|sum|ax0	0.020872727272727272	0.0305125
reduce_layout_bench	100K|f64|T|sum|ax1	0.020939024390243904	0.0227535
reduce_layout_bench	100K|f64|T|min|ax0	0.06332	0.0514647
reduce_layout_bench	100K|f64|T|min|ax1	0.05321176470588235	0.0384
reduce_layout_bench	100K|f64|T|max|ax0	0.06356	0.0515889
reduce_layout_bench	100K|f64|T|max|ax1	0.01593157894736842	0.0384182
reduce_layout_bench	100K|f64|T|prod|ax0	0.011461627906976744	0.0911727
reduce_layout_bench	100K|f64|T|prod|ax1	0.018298181818181818	0.022625
reduce_layout_bench	100K|f64|strided|sum|ax0	0.038315999999999996	0.0341552
reduce_layout_bench	100K|f64|strided|sum|ax1	0.01901153846153846	0.018425
reduce_layout_bench	100K|f64|strided|min|ax0	0.07302857142857143	0.0370727
reduce_layout_bench	100K|f64|strided|min|ax1	0.116925	0.060125
reduce_layout_bench	100K|f64|strided|max|ax0	0.07290769230769231	0.0372407
reduce_layout_bench	100K|f64|strided|max|ax1	0.1198125	0.0601
reduce_layout_bench	100K|f64|strided|prod|ax0	0.038396153846153844	0.0343071
reduce_layout_bench	100K|f64|strided|prod|ax1	0.10174000000000001	0.0442773
reduce_layout_bench	100K|f64|negrow|sum|ax0	0.021173684210526317	0.0230186
reduce_layout_bench	100K|f64|negrow|sum|ax1	0.021852272727272727	0.0313344
reduce_layout_bench	100K|f64|negrow|min|ax0	0.06332142857142857	0.039416
reduce_layout_bench	100K|f64|negrow|min|ax1	0.02349285714285714	0.0531421
reduce_layout_bench	100K|f64|negrow|max|ax0	0.06342857142857143	0.0393667
reduce_layout_bench	100K|f64|negrow|max|ax1	0.02384390243902439	0.0531389
reduce_layout_bench	100K|f64|negrow|prod|ax0	0.011172151898734177	0.0228415
reduce_layout_bench	100K|f64|negrow|prod|ax1	0.017896296296296296	0.0925909
reduce_layout_bench	100K|f64|negcol|sum|ax0	0.0716625	0.0611813
reduce_layout_bench	100K|f64|negcol|sum|ax1	0.020902272727272728	0.0320667
reduce_layout_bench	100K|f64|negcol|min|ax0	0.15361666666666665	0.0627625
reduce_layout_bench	100K|f64|negcol|min|ax1	0.022809302325581395	0.103189
reduce_layout_bench	100K|f64|negcol|max|ax0	0.15383333333333335	0.0627933
reduce_layout_bench	100K|f64|negcol|max|ax1	0.02313809523809524	0.102356
reduce_layout_bench	100K|f64|negcol|prod|ax0	0.07387692307692308	0.0611187
reduce_layout_bench	100K|f64|negcol|prod|ax1	0.20348000000000002	0.09266
reduce_layout_bench	100K|f64|sliced|sum|ax0	0.0238030303030303	0.0250077
reduce_layout_bench	100K|f64|sliced|sum|ax1	0.02265	0.0297727
reduce_layout_bench	100K|f64|sliced|min|ax0	0.055923529411764705	0.038928
reduce_layout_bench	100K|f64|sliced|min|ax1	0.06645	0.015565
reduce_layout_bench	100K|f64|sliced|max|ax0	0.0562875	0.03894
reduce_layout_bench	100K|f64|sliced|max|ax1	0.06635333333333333	0.0484947
reduce_layout_bench	100K|f64|sliced|prod|ax0	0.01525625	0.02477
reduce_layout_bench	100K|f64|sliced|prod|ax1	0.036425925925925924	0.0899727
reduce_layout_bench	100K|f64|bcast|sum|ax0	0.017454545454545455	0.0204604
reduce_layout_bench	100K|f64|bcast|sum|ax1	0.018638297872340427	0.0241683
reduce_layout_bench	100K|f64|bcast|min|ax0	0.0628	0.038252
reduce_layout_bench	100K|f64|bcast|min|ax1	0.022432558139534885	0.0523
reduce_layout_bench	100K|f64|bcast|max|ax0	0.06313333333333333	0.038196
reduce_layout_bench	100K|f64|bcast|max|ax1	0.022853125	0.0522333
reduce_layout_bench	100K|f64|bcast|prod|ax0	0.006874647887323944	0.0111184
reduce_layout_bench	100K|f64|bcast|prod|ax1	0.07334285714285714	0.0907636
reduce_layout_bench	100K|f32|C|sum|ax0	0.01394927536231884	0.0150679
reduce_layout_bench	100K|f32|C|sum|ax1	0.019659574468085108	0.0271941
reduce_layout_bench	100K|f32|C|min|ax0	0.027762068965517243	0.024265
reduce_layout_bench	100K|f32|C|min|ax1	0.04287391304347826	0.0351821
reduce_layout_bench	100K|f32|C|max|ax0	0.027777142857142854	0.0242925
reduce_layout_bench	100K|f32|C|max|ax1	0.0429695652173913	0.0352
reduce_layout_bench	100K|f32|C|prod|ax0	0.009802173913043478	0.0167544
reduce_layout_bench	100K|f32|C|prod|ax1	0.007434848484848485	0.09304
reduce_layout_bench	100K|f32|F|sum|ax0	0.019459574468085106	0.0272778
reduce_layout_bench	100K|f32|F|sum|ax1	0.014043076923076922	0.015027
reduce_layout_bench	100K|f32|F|min|ax0	0.04288181818181818	0.0351037
reduce_layout_bench	100K|f32|F|min|ax1	0.027819444444444445	0.0243175
reduce_layout_bench	100K|f32|F|max|ax0	0.04290526315789474	0.035252
reduce_layout_bench	100K|f32|F|max|ax1	0.02775277777777778	0.024278
reduce_layout_bench	100K|f32|F|prod|ax0	0.007391666666666667	0.0929818
reduce_layout_bench	100K|f32|F|prod|ax1	0.009802	0.0167373
reduce_layout_bench	100K|f32|T|sum|ax0	0.019477083333333332	0.0272611
reduce_layout_bench	100K|f32|T|sum|ax1	0.014131884057971014	0.0150385
reduce_layout_bench	100K|f32|T|min|ax0	0.04286086956521739	0.0352652
reduce_layout_bench	100K|f32|T|min|ax1	0.02783611111111111	0.0243208
reduce_layout_bench	100K|f32|T|max|ax0	0.04292272727272727	0.035175
reduce_layout_bench	100K|f32|T|max|ax1	0.027769444444444444	0.0243125
reduce_layout_bench	100K|f32|T|prod|ax0	0.007326666666666666	0.09298
reduce_layout_bench	100K|f32|T|prod|ax1	0.009804597701149425	0.0167862
reduce_layout_bench	100K|f32|strided|sum|ax0	0.038566666666666666	0.0334429
reduce_layout_bench	100K|f32|strided|sum|ax1	0.01987755102040816	0.015875
reduce_layout_bench	100K|f32|strided|min|ax0	0.07254615384615384	0.0613875
reduce_layout_bench	100K|f32|strided|min|ax1	0.06525384615384616	0.0590813
reduce_layout_bench	100K|f32|strided|max|ax0	0.07266428571428572	0.0613562
reduce_layout_bench	100K|f32|strided|max|ax1	0.06533571428571429	0.0589562
reduce_layout_bench	100K|f32|strided|prod|ax0	0.038403846153846156	0.0352778
reduce_layout_bench	100K|f32|strided|prod|ax1	0.05249375	0.0461333
reduce_layout_bench	100K|f32|negrow|sum|ax0	0.014082089552238806	0.0154469
reduce_layout_bench	100K|f32|negrow|sum|ax1	0.01963255813953488	0.0286
reduce_layout_bench	100K|f32|negrow|min|ax0	0.03546296296296297	0.0251946
reduce_layout_bench	100K|f32|negrow|min|ax1	0.010820000000000001	0.0366444
reduce_layout_bench	100K|f32|negrow|max|ax0	0.03584444444444444	0.0251143
reduce_layout_bench	100K|f32|negrow|max|ax1	0.020033333333333334	0.0366038
reduce_layout_bench	100K|f32|negrow|prod|ax0	0.00766046511627907	0.0171404
reduce_layout_bench	100K|f32|negrow|prod|ax1	0.02298888888888889	0.09436
reduce_layout_bench	100K|f32|negcol|sum|ax0	0.072	0.0609333
reduce_layout_bench	100K|f32|negcol|sum|ax1	0.01967142857142857	0.0286471
reduce_layout_bench	100K|f32|negcol|min|ax0	0.154	0.107789
reduce_layout_bench	100K|f32|negcol|min|ax1	0.019564705882352942	0.10093
reduce_layout_bench	100K|f32|negcol|max|ax0	0.15391666666666667	0.107788
reduce_layout_bench	100K|f32|negcol|max|ax1	0.019637209302325584	0.09993
reduce_layout_bench	100K|f32|negcol|prod|ax0	0.07377692307692307	0.0628563
reduce_layout_bench	100K|f32|negcol|prod|ax1	0.10028	0.09425
reduce_layout_bench	100K|f32|sliced|sum|ax0	0.015524193548387097	0.00733559
reduce_layout_bench	100K|f32|sliced|sum|ax1	0.019808	0.0264649
reduce_layout_bench	100K|f32|sliced|min|ax0	0.02996969696969697	0.0244098
reduce_layout_bench	100K|f32|sliced|min|ax1	0.0393	0.03324
reduce_layout_bench	100K|f32|sliced|max|ax0	0.030109090909090912	0.0243971
reduce_layout_bench	100K|f32|sliced|max|ax1	0.03902083333333333	0.0331967
reduce_layout_bench	100K|f32|sliced|prod|ax0	0.0083	0.0180296
reduce_layout_bench	100K|f32|sliced|prod|ax1	0.021265	0.09188
reduce_layout_bench	100K|f32|bcast|sum|ax0	0.012534177215189873	0.0143783
reduce_layout_bench	100K|f32|bcast|sum|ax1	0.018185454545454546	0.0231651
reduce_layout_bench	100K|f32|bcast|min|ax0	0.035189285714285715	0.0239976
reduce_layout_bench	100K|f32|bcast|min|ax1	0.018893023255813955	0.0337138
reduce_layout_bench	100K|f32|bcast|max|ax0	0.03541071428571429	0.0239971
reduce_layout_bench	100K|f32|bcast|max|ax1	0.019009615384615385	0.0336792
reduce_layout_bench	100K|f32|bcast|prod|ax0	0.0050489795918367344	0.0162083
reduce_layout_bench	100K|f32|bcast|prod|ax1	0.0726	0.0928
reduce_layout_bench	100K|c128|C|sum|ax0	0.03696111111111111	0.039284
reduce_layout_bench	100K|c128|C|sum|ax1	0.045052380952380955	0.0483154
reduce_layout_bench	100K|c128|C|min|ax0	0.2169	0.145843
reduce_layout_bench	100K|c128|C|min|ax1	0.13812	0.174267
reduce_layout_bench	100K|c128|C|max|ax0	0.17978	0.145886
reduce_layout_bench	100K|c128|C|max|ax1	0.15576666666666666	0.17456
reduce_layout_bench	100K|c128|C|prod|ax0	0.1289142857142857	0.0564235
reduce_layout_bench	100K|c128|C|prod|ax1	0.17584999999999998	0.43965
reduce_layout_bench	100K|c128|F|sum|ax0	0.04532352941176471	0.04844
reduce_layout_bench	100K|c128|F|sum|ax1	0.03716	0.039312
reduce_layout_bench	100K|c128|F|min|ax0	0.18426	0.17402
reduce_layout_bench	100K|c128|F|min|ax1	0.218625	0.145833
reduce_layout_bench	100K|c128|F|max|ax0	0.15355	0.174375
reduce_layout_bench	100K|c128|F|max|ax1	0.18122	0.146067
reduce_layout_bench	100K|c128|F|prod|ax0	0.17642	0.4396
reduce_layout_bench	100K|c128|F|prod|ax1	0.129275	0.0565118
reduce_layout_bench	100K|c128|T|sum|ax0	0.0453	0.0484526
reduce_layout_bench	100K|c128|T|sum|ax1	0.03730000000000001	0.039264
reduce_layout_bench	100K|c128|T|min|ax0	0.18453999999999998	0.17442
reduce_layout_bench	100K|c128|T|min|ax1	0.2174	0.145933
reduce_layout_bench	100K|c128|T|max|ax0	0.1554	0.17465
reduce_layout_bench	100K|c128|T|max|ax1	0.18005000000000002	0.145867
reduce_layout_bench	100K|c128|T|prod|ax0	0.17609999999999998	0.4397
reduce_layout_bench	100K|c128|T|prod|ax1	0.12928571428571428	0.0564611
reduce_layout_bench	100K|c128|strided|sum|ax0	0.036491666666666665	0.0384846
reduce_layout_bench	100K|c128|strided|sum|ax1	0.027711111111111113	0.0339786
reduce_layout_bench	100K|c128|strided|min|ax0	0.1120875	0.0771091
reduce_layout_bench	100K|c128|strided|min|ax1	0.09646	0.0926364
reduce_layout_bench	100K|c128|strided|max|ax0	0.09353	0.0771385
reduce_layout_bench	100K|c128|strided|max|ax1	0.08146666666666667	0.09288
reduce_layout_bench	100K|c128|strided|prod|ax0	0.06766	0.0437667
reduce_layout_bench	100K|c128|strided|prod|ax1	0.08973	0.218775
reduce_layout_bench	100K|c128|negrow|sum|ax0	0.03737692307692308	0.039916
reduce_layout_bench	100K|c128|negrow|sum|ax1	0.04586	0.0508562
reduce_layout_bench	100K|c128|negrow|min|ax0	0.217425	0.1465
reduce_layout_bench	100K|c128|negrow|min|ax1	0.18732	0.1751
reduce_layout_bench	100K|c128|negrow|max|ax0	0.18009999999999998	0.146386
reduce_layout_bench	100K|c128|negrow|max|ax1	0.15698333333333334	0.175533
reduce_layout_bench	100K|c128|negrow|prod|ax0	0.129275	0.03178
reduce_layout_bench	100K|c128|negrow|prod|ax1	0.17751666666666666	0.44085
reduce_layout_bench	100K|c128|negcol|sum|ax0	0.0668909090909091	0.0694308
reduce_layout_bench	100K|c128|negcol|sum|ax1	0.04529545454545455	0.0505947
reduce_layout_bench	100K|c128|negcol|min|ax0	0.218925	0.137671
reduce_layout_bench	100K|c128|negcol|min|ax1	0.18438000000000002	0.1754
reduce_layout_bench	100K|c128|negcol|max|ax0	0.18172	0.147283
reduce_layout_bench	100K|c128|negcol|max|ax1	0.15561666666666665	0.17525
reduce_layout_bench	100K|c128|negcol|prod|ax0	0.1309142857142857	0.08305
reduce_layout_bench	100K|c128|negcol|prod|ax1	0.17613333333333334	0.44095
reduce_layout_bench	100K|c128|sliced|sum|ax0	0.038028571428571425	0.038924
reduce_layout_bench	100K|c128|sliced|sum|ax1	0.04505	0.0509529
reduce_layout_bench	100K|c128|sliced|min|ax0	0.21475	0.143586
reduce_layout_bench	100K|c128|sliced|min|ax1	0.18209999999999998	0.172333
reduce_layout_bench	100K|c128|sliced|max|ax0	0.17794000000000001	0.1436
reduce_layout_bench	100K|c128|sliced|max|ax1	0.15248333333333333	0.17246
reduce_layout_bench	100K|c128|sliced|prod|ax0	0.1276625	0.0561688
reduce_layout_bench	100K|c128|sliced|prod|ax1	0.17450000000000002	0.43455
reduce_layout_bench	100K|c128|bcast|sum|ax0	0.029757575757575757	0.03335
reduce_layout_bench	100K|c128|bcast|sum|ax1	0.04185714285714286	0.04674
reduce_layout_bench	100K|c128|bcast|min|ax0	0.241	0.150817
reduce_layout_bench	100K|c128|bcast|min|ax1	0.18422	0.173967
reduce_layout_bench	100K|c128|bcast|max|ax0	0.24185	0.150783
reduce_layout_bench	100K|c128|bcast|max|ax1	0.15393333333333334	0.1735
reduce_layout_bench	100K|c128|bcast|prod|ax0	0.1290875	0.0593529
reduce_layout_bench	100K|c128|bcast|prod|ax1	0.17548	0.4394
reduce_layout_bench	100K|dec|C|sum|ax0	0.7326	0.0226651
reduce_layout_bench	100K|dec|C|sum|ax1	0.4149	0.0304469
reduce_layout_bench	100K|dec|C|min|ax0	0.3166	0.0382192
reduce_layout_bench	100K|dec|C|min|ax1	0.24085	0.0514474
reduce_layout_bench	100K|dec|C|max|ax0	0.3271	0.038224
reduce_layout_bench	100K|dec|C|max|ax1	0.25155	0.0514706
reduce_layout_bench	100K|dec|F|sum|ax0	0.41555	0.030475
reduce_layout_bench	100K|dec|F|sum|ax1	0.7286	0.0227023
reduce_layout_bench	100K|dec|F|min|ax0	0.2406	0.0514895
reduce_layout_bench	100K|dec|F|min|ax1	0.3162	0.03825
reduce_layout_bench	100K|dec|F|max|ax0	0.251375	0.0514813
reduce_layout_bench	100K|dec|F|max|ax1	0.32706666666666667	0.0382577
reduce_layout_bench	100K|dec|T|sum|ax0	0.4151	0.0304788
reduce_layout_bench	100K|dec|T|sum|ax1	0.7284	0.0227226
reduce_layout_bench	100K|dec|T|min|ax0	0.2405	0.05145
reduce_layout_bench	100K|dec|T|min|ax1	0.3163333333333333	0.0381962
reduce_layout_bench	100K|dec|T|max|ax0	0.25145	0.0514421
reduce_layout_bench	100K|dec|T|max|ax1	0.32676666666666665	0.0382269
reduce_layout_bench	100K|dec|strided|sum|ax0	0.36766666666666664	0.0340103
reduce_layout_bench	100K|dec|strided|sum|ax1	0.211425	0.0184241
reduce_layout_bench	100K|dec|strided|min|ax0	0.16158333333333333	0.0370654
reduce_layout_bench	100K|dec|strided|min|ax1	0.1253125	0.0601625
reduce_layout_bench	100K|dec|strided|max|ax0	0.16658333333333333	0.0370385
reduce_layout_bench	100K|dec|strided|max|ax1	0.12954285714285715	0.0233786
reduce_layout_bench	100K|dec|negrow|sum|ax0	0.7282	0.0229531
reduce_layout_bench	100K|dec|negrow|sum|ax1	0.4159	0.0184345
reduce_layout_bench	100K|dec|negrow|min|ax0	0.3161333333333333	0.039312
reduce_layout_bench	100K|dec|negrow|min|ax1	0.24135	0.0531105
reduce_layout_bench	100K|dec|negrow|max|ax0	0.32680000000000003	0.0393474
reduce_layout_bench	100K|dec|negrow|max|ax1	0.252525	0.0530944
reduce_layout_bench	100K|dec|negcol|sum|ax0	0.7282	0.0610385
reduce_layout_bench	100K|dec|negcol|sum|ax1	0.41505	0.0320194
reduce_layout_bench	100K|dec|negcol|min|ax0	0.3169	0.0627467
reduce_layout_bench	100K|dec|negcol|min|ax1	0.240525	0.103
reduce_layout_bench	100K|dec|negcol|max|ax0	0.3277	0.0627375
reduce_layout_bench	100K|dec|negcol|max|ax1	0.251575	0.102313
reduce_layout_bench	100K|dec|sliced|sum|ax0	0.719	0.0247975
reduce_layout_bench	100K|dec|sliced|sum|ax1	0.4098	0.0293182
reduce_layout_bench	100K|dec|sliced|min|ax0	0.3121333333333333	0.038872
reduce_layout_bench	100K|dec|sliced|min|ax1	0.237425	0.0483444
reduce_layout_bench	100K|dec|sliced|max|ax0	0.3227666666666667	0.0388208
reduce_layout_bench	100K|dec|sliced|max|ax1	0.2483	0.0483529
reduce_layout_bench	100K|dec|bcast|sum|ax0	0.7283	0.0204271
reduce_layout_bench	100K|dec|bcast|sum|ax1	0.41475	0.024041
reduce_layout_bench	100K|dec|bcast|min|ax0	0.3157666666666667	0.0381577
reduce_layout_bench	100K|dec|bcast|min|ax1	0.24005	0.0522333
reduce_layout_bench	100K|dec|bcast|max|ax0	0.3154	0.0381231
reduce_layout_bench	100K|dec|bcast|max|ax1	0.2516	0.0522118
reduce_layout_bench	100K|f16|C|sum|ax0	0.15381666666666668	0.6035
reduce_layout_bench	100K|f16|C|sum|ax1	0.08048333333333334	0.237433
reduce_layout_bench	100K|f16|C|min|ax0	0.2925666666666667	0.206333
reduce_layout_bench	100K|f16|C|min|ax1	0.2971	0.313067
reduce_layout_bench	100K|f16|C|max|ax0	0.32143333333333335	0.331167
reduce_layout_bench	100K|f16|C|max|ax1	0.3252	0.335567
reduce_layout_bench	100K|f16|C|prod|ax0	0.7699	0.643
reduce_layout_bench	100K|f16|C|prod|ax1	0.7424	0.1979
reduce_layout_bench	100K|f16|F|sum|ax0	0.08041666666666666	0.237675
reduce_layout_bench	100K|f16|F|sum|ax1	0.15155	0.6181
reduce_layout_bench	100K|f16|F|min|ax0	0.326	0.3127
reduce_layout_bench	100K|f16|F|min|ax1	0.32066666666666666	0.307
reduce_layout_bench	100K|f16|F|max|ax0	0.32606666666666667	0.333533
reduce_layout_bench	100K|f16|F|max|ax1	0.3204666666666667	0.3341
reduce_layout_bench	100K|f16|F|prod|ax0	0.739	0.19794
reduce_layout_bench	100K|f16|F|prod|ax1	0.7429	0.6432
reduce_layout_bench	100K|f16|T|sum|ax0	0.08103333333333333	0.1995
reduce_layout_bench	100K|f16|T|sum|ax1	0.15098333333333333	0.6035
reduce_layout_bench	100K|f16|T|min|ax0	0.3261	0.3132
reduce_layout_bench	100K|f16|T|min|ax1	0.32106666666666667	0.306867
reduce_layout_bench	100K|f16|T|max|ax0	0.32553333333333334	0.335567
reduce_layout_bench	100K|f16|T|max|ax1	0.3212333333333333	0.331467
reduce_layout_bench	100K|f16|T|prod|ax0	0.7434	0.198067
reduce_layout_bench	100K|f16|T|prod|ax1	0.7429	0.6428
reduce_layout_bench	100K|f16|strided|sum|ax0	0.6017	0.320767
reduce_layout_bench	100K|f16|strided|sum|ax1	0.18978	0.122938
reduce_layout_bench	100K|f16|strided|min|ax0	0.16073333333333334	0.158083
reduce_layout_bench	100K|f16|strided|min|ax1	0.16116666666666665	0.1618
reduce_layout_bench	100K|f16|strided|max|ax0	0.16093333333333334	0.169883
reduce_layout_bench	100K|f16|strided|max|ax1	0.1613	0.173633
reduce_layout_bench	100K|f16|strided|prod|ax0	0.37115	0.326933
reduce_layout_bench	100K|f16|strided|prod|ax1	0.3783666666666667	0.104711
reduce_layout_bench	100K|f16|negrow|sum|ax0	0.15116666666666667	0.6358
reduce_layout_bench	100K|f16|negrow|sum|ax1	0.08158333333333333	0.236975
reduce_layout_bench	100K|f16|negrow|min|ax0	0.32103333333333334	0.3071
reduce_layout_bench	100K|f16|negrow|min|ax1	0.326	0.313
reduce_layout_bench	100K|f16|negrow|max|ax0	0.3217333333333333	0.3303
reduce_layout_bench	100K|f16|negrow|max|ax1	0.32536666666666664	0.335
reduce_layout_bench	100K|f16|negrow|prod|ax0	0.3949	0.6423
reduce_layout_bench	100K|f16|negrow|prod|ax1	0.7439	0.19788
reduce_layout_bench	100K|f16|negcol|sum|ax0	1.1988	0.6259
reduce_layout_bench	100K|f16|negcol|sum|ax1	0.0804	0.236975
reduce_layout_bench	100K|f16|negcol|min|ax0	0.32073333333333337	0.306867
reduce_layout_bench	100K|f16|negcol|min|ax1	0.31980000000000003	0.315067
reduce_layout_bench	100K|f16|negcol|max|ax0	0.32116666666666666	0.331367
reduce_layout_bench	100K|f16|negcol|max|ax1	0.3209	0.332467
reduce_layout_bench	100K|f16|negcol|prod|ax0	0.7396	0.6426
reduce_layout_bench	100K|f16|negcol|prod|ax1	0.3954	0.19788
reduce_layout_bench	100K|f16|sliced|sum|ax0	0.14485714285714285	0.6112
reduce_layout_bench	100K|f16|sliced|sum|ax1	0.07923333333333334	0.234775
reduce_layout_bench	100K|f16|sliced|min|ax0	0.3168	0.302933
reduce_layout_bench	100K|f16|sliced|min|ax1	0.3219	0.309233
reduce_layout_bench	100K|f16|sliced|max|ax0	0.3174666666666667	0.3273
reduce_layout_bench	100K|f16|sliced|max|ax1	0.3212333333333333	0.3317
reduce_layout_bench	100K|f16|sliced|prod|ax0	0.7305	0.6351
reduce_layout_bench	100K|f16|sliced|prod|ax1	0.7333	0.19552
reduce_layout_bench	100K|f16|bcast|sum|ax0	0.15059999999999998	0.591
reduce_layout_bench	100K|f16|bcast|sum|ax1	0.079925	0.23665
reduce_layout_bench	100K|f16|bcast|min|ax0	0.29306666666666664	0.290833
reduce_layout_bench	100K|f16|bcast|min|ax1	0.32583333333333336	0.306267
reduce_layout_bench	100K|f16|bcast|max|ax0	0.29309999999999997	0.290933
reduce_layout_bench	100K|f16|bcast|max|ax1	0.32406666666666667	0.334467
reduce_layout_bench	100K|f16|bcast|prod|ax0	0.766	0.6867
reduce_layout_bench	100K|f16|bcast|prod|ax1	0.747	0.19702
reduce_layout_bench	100K|i32|C|sum|ax0	0.013877272727272728	0.1068
reduce_layout_bench	100K|i32|C|sum|ax1	0.009394285714285714	0.0869727
reduce_layout_bench	100K|i32|C|min|ax0	0.009823469387755102	0.0159557
reduce_layout_bench	100K|i32|C|min|ax1	0.007179411764705883	0.0166891
reduce_layout_bench	100K|i32|C|max|ax0	0.009803061224489797	0.0160017
reduce_layout_bench	100K|i32|C|max|ax1	0.006345945945945946	0.0166831
reduce_layout_bench	100K|i32|C|prod|ax0	0.04451818181818182	0.110388
reduce_layout_bench	100K|i32|C|prod|ax1	0.048935	0.167925
reduce_layout_bench	100K|i32|F|sum|ax0	0.009397029702970298	0.08673
reduce_layout_bench	100K|i32|F|sum|ax1	0.013897101449275362	0.106667
reduce_layout_bench	100K|i32|F|min|ax0	0.00690709219858156	0.0167175
reduce_layout_bench	100K|i32|F|min|ax1	0.00983	0.0160081
reduce_layout_bench	100K|i32|F|max|ax0	0.006673469387755102	0.0166746
reduce_layout_bench	100K|i32|F|max|ax1	0.005153	0.0160293
reduce_layout_bench	100K|i32|F|prod|ax0	0.04873	0.16794
reduce_layout_bench	100K|i32|F|prod|ax1	0.044377272727272724	0.110344
reduce_layout_bench	100K|i32|T|sum|ax0	0.009391428571428571	0.08675
reduce_layout_bench	100K|i32|T|sum|ax1	0.013885915492957746	0.106733
reduce_layout_bench	100K|i32|T|min|ax0	0.007194160583941606	0.0167093
reduce_layout_bench	100K|i32|T|min|ax1	0.009804950495049505	0.01599
reduce_layout_bench	100K|i32|T|max|ax0	0.006458783783783784	0.0166604
reduce_layout_bench	100K|i32|T|max|ax1	0.009807070707070707	0.016018
reduce_layout_bench	100K|i32|T|prod|ax0	0.048799999999999996	0.167983
reduce_layout_bench	100K|i32|T|prod|ax1	0.044377272727272724	0.110463
reduce_layout_bench	100K|i32|strided|sum|ax0	0.05435294117647059	0.0267316
reduce_layout_bench	100K|i32|strided|sum|ax1	0.05482777777777778	0.040132
reduce_layout_bench	100K|i32|strided|min|ax0	0.042891304347826086	0.032329
reduce_layout_bench	100K|i32|strided|min|ax1	0.14253333333333332	0.0266919
reduce_layout_bench	100K|i32|strided|max|ax0	0.06255714285714285	0.0323571
reduce_layout_bench	100K|i32|strided|max|ax1	0.0887875	0.0266459
reduce_layout_bench	100K|i32|strided|prod|ax0	0.07206923076923076	0.0519235
reduce_layout_bench	100K|i32|strided|prod|ax1	0.07380769230769231	0.0761167
reduce_layout_bench	100K|i32|negrow|sum|ax0	0.014098360655737704	0.108488
reduce_layout_bench	100K|i32|negrow|sum|ax1	0.1084	0.08868
reduce_layout_bench	100K|i32|negrow|min|ax0	0.006982258064516129	0.0162167
reduce_layout_bench	100K|i32|negrow|min|ax1	0.02446285714285714	0.0171466
reduce_layout_bench	100K|i32|negrow|max|ax0	0.007304477611940298	0.0162567
reduce_layout_bench	100K|i32|negrow|max|ax1	0.02208780487804878	0.0170404
reduce_layout_bench	100K|i32|negrow|prod|ax0	0.045377272727272724	0.112244
reduce_layout_bench	100K|i32|negrow|prod|ax1	0.1436	0.1699
reduce_layout_bench	100K|i32|negcol|sum|ax0	0.10802222222222221	0.09353
reduce_layout_bench	100K|i32|negcol|sum|ax1	0.10841111111111111	0.0736615
reduce_layout_bench	100K|i32|negcol|min|ax0	0.08475833333333332	0.0576824
reduce_layout_bench	100K|i32|negcol|min|ax1	0.1096625	0.0433348
reduce_layout_bench	100K|i32|negcol|max|ax0	0.1206125	0.0576333
reduce_layout_bench	100K|i32|negcol|max|ax1	0.16996	0.0432609
reduce_layout_bench	100K|i32|negcol|prod|ax0	0.14364285714285716	0.09715
reduce_layout_bench	100K|i32|negcol|prod|ax1	0.14361428571428572	0.15475
reduce_layout_bench	100K|i32|sliced|sum|ax0	0.014331884057971015	0.1073
reduce_layout_bench	100K|i32|sliced|sum|ax1	0.10585555555555555	0.0877
reduce_layout_bench	100K|i32|sliced|min|ax0	0.0078344	0.0169475
reduce_layout_bench	100K|i32|sliced|min|ax1	0.02364	0.0161915
reduce_layout_bench	100K|i32|sliced|max|ax0	0.00793225806451613	0.0169655
reduce_layout_bench	100K|i32|sliced|max|ax1	0.02095	0.0162103
reduce_layout_bench	100K|i32|sliced|prod|ax0	0.04299090909090909	0.110787
reduce_layout_bench	100K|i32|sliced|prod|ax1	0.14191428571428572	0.1678
reduce_layout_bench	100K|i32|bcast|sum|ax0	0.0138	0.0550722
reduce_layout_bench	100K|i32|bcast|sum|ax1	0.10702222222222221	0.0324074
reduce_layout_bench	100K|i32|bcast|min|ax0	0.004286829268292683	0.0150447
reduce_layout_bench	100K|i32|bcast|min|ax1	0.08328333333333333	0.0140085
reduce_layout_bench	100K|i32|bcast|max|ax0	0.0030126829268292683	0.0150523
reduce_layout_bench	100K|i32|bcast|max|ax1	0.1174	0.0139662
reduce_layout_bench	100K|i32|bcast|prod|ax0	0.044195454545454545	0.0559778
reduce_layout_bench	100K|i32|bcast|prod|ax1	0.14342857142857143	0.116225
reduce_layout_bench	100K|i64|C|sum|ax0	0.018275925925925925	0.0536214
reduce_layout_bench	100K|i64|C|sum|ax1	0.010952808988764044	0.0338034
reduce_layout_bench	100K|i64|C|min|ax0	0.027459259259259256	0.0338138
reduce_layout_bench	100K|i64|C|min|ax1	0.032132258064516125	0.0432364
reduce_layout_bench	100K|i64|C|max|ax0	0.027405882352941176	0.0353478
reduce_layout_bench	100K|i64|C|max|ax1	0.03210645161290322	0.04335
reduce_layout_bench	100K|i64|C|prod|ax0	0.04020476190476191	0.0572438
reduce_layout_bench	100K|i64|C|prod|ax1	0.04338181818181818	0.114875
reduce_layout_bench	100K|i64|F|sum|ax0	0.010957777777777778	0.0339103
reduce_layout_bench	100K|i64|F|sum|ax1	0.018284905660377358	0.05365
reduce_layout_bench	100K|i64|F|min|ax0	0.03211935483870968	0.043315
reduce_layout_bench	100K|i64|F|min|ax1	0.02746896551724138	0.0338655
reduce_layout_bench	100K|i64|F|max|ax0	0.03210967741935484	0.0437722
reduce_layout_bench	100K|i64|F|max|ax1	0.027438888888888888	0.035375
reduce_layout_bench	100K|i64|F|prod|ax0	0.04329565217391305	0.114867
reduce_layout_bench	100K|i64|F|prod|ax1	0.040104	0.0573118
reduce_layout_bench	100K|i64|T|sum|ax0	0.010961538461538462	0.0337897
reduce_layout_bench	100K|i64|T|sum|ax1	0.01828888888888889	0.0536833
reduce_layout_bench	100K|i64|T|min|ax0	0.032158064516129035	0.0431826
reduce_layout_bench	100K|i64|T|min|ax1	0.027457575757575757	0.0264552
reduce_layout_bench	100K|i64|T|max|ax0	0.032129032258064516	0.0134
reduce_layout_bench	100K|i64|T|max|ax1	0.027469444444444446	0.03535
reduce_layout_bench	100K|i64|T|prod|ax0	0.043305263157894736	0.1148
reduce_layout_bench	100K|i64|T|prod|ax1	0.040108	0.05736
reduce_layout_bench	100K|i64|strided|sum|ax0	0.04233913043478261	0.030525
reduce_layout_bench	100K|i64|strided|sum|ax1	0.1357	0.0220318
reduce_layout_bench	100K|i64|strided|min|ax0	0.045785714285714284	0.0332433
reduce_layout_bench	100K|i64|strided|min|ax1	0.08454285714285714	0.0266636
reduce_layout_bench	100K|i64|strided|max|ax0	0.048659999999999995	0.0332233
reduce_layout_bench	100K|i64|strided|max|ax1	0.07986363636363636	0.0266833
reduce_layout_bench	100K|i64|strided|prod|ax0	0.04147083333333333	0.0339345
reduce_layout_bench	100K|i64|strided|prod|ax1	0.05880588235294118	0.0565412
reduce_layout_bench	100K|i64|negrow|sum|ax0	0.010978888888888889	0.0544556
reduce_layout_bench	100K|i64|negrow|sum|ax1	0.03421785714285714	0.0339789
reduce_layout_bench	100K|i64|negrow|min|ax0	0.02805	0.0339207
reduce_layout_bench	100K|i64|negrow|min|ax1	0.044463636363636365	0.0443818
reduce_layout_bench	100K|i64|negrow|max|ax0	0.02804705882352941	0.0355815
reduce_layout_bench	100K|i64|negrow|max|ax1	0.04324782608695652	0.045
reduce_layout_bench	100K|i64|negrow|prod|ax0	0.038115384615384613	0.0573875
reduce_layout_bench	100K|i64|negrow|prod|ax1	0.053184210526315785	0.116113
reduce_layout_bench	100K|i64|negcol|sum|ax0	0.08114545454545453	0.0543111
reduce_layout_bench	100K|i64|negcol|sum|ax1	0.07841428571428573	0.0354136
reduce_layout_bench	100K|i64|negcol|min|ax0	0.09044545454545455	0.0576294
reduce_layout_bench	100K|i64|negcol|min|ax1	0.18253999999999998	0.0432783
reduce_layout_bench	100K|i64|negcol|max|ax0	0.09633	0.0576133
reduce_layout_bench	100K|i64|negcol|max|ax1	0.152225	0.0432913
reduce_layout_bench	100K|i64|negcol|prod|ax0	0.07923333333333334	0.0573824
reduce_layout_bench	100K|i64|negcol|prod|ax1	0.119275	0.1163
reduce_layout_bench	100K|i64|sliced|sum|ax0	0.014998484848484848	0.05305
reduce_layout_bench	100K|i64|sliced|sum|ax1	0.01827857142857143	0.03348
reduce_layout_bench	100K|i64|sliced|min|ax0	0.028242857142857142	0.0350679
reduce_layout_bench	100K|i64|sliced|min|ax1	0.044975	0.0416
reduce_layout_bench	100K|i64|sliced|max|ax0	0.028208571428571427	0.0361
reduce_layout_bench	100K|i64|sliced|max|ax1	0.04387894736842105	0.0420565
reduce_layout_bench	100K|i64|sliced|prod|ax0	0.038748	0.0565882
reduce_layout_bench	100K|i64|sliced|prod|ax1	0.053033333333333335	0.11354
reduce_layout_bench	100K|i64|bcast|sum|ax0	0.006588079470198675	0.0534462
reduce_layout_bench	100K|i64|bcast|sum|ax1	0.08058333333333333	0.0309469
reduce_layout_bench	100K|i64|bcast|min|ax0	0.027580555555555556	0.034469
reduce_layout_bench	100K|i64|bcast|min|ax1	0.0890909090909091	0.0439909
reduce_layout_bench	100K|i64|bcast|max|ax0	0.02758611111111111	0.0358929
reduce_layout_bench	100K|i64|bcast|max|ax1	0.09426666666666667	0.0449556
reduce_layout_bench	100K|i64|bcast|prod|ax0	0.03714210526315789	0.0543278
reduce_layout_bench	100K|i64|bcast|prod|ax1	0.07887692307692308	0.04905
reduce_layout_bench	1M|f64|C|sum|ax0	0.217075	0.225025
reduce_layout_bench	1M|f64|C|sum|ax1	0.22205	0.339167
reduce_layout_bench	1M|f64|C|min|ax0	0.5342	0.3345
reduce_layout_bench	1M|f64|C|min|ax1	0.55105	0.40455
reduce_layout_bench	1M|f64|C|max|ax0	0.5308	0.3343
reduce_layout_bench	1M|f64|C|max|ax1	0.5511	0.4047
reduce_layout_bench	1M|f64|C|prod|ax0	0.214725	0.227875
reduce_layout_bench	1M|f64|C|prod|ax1	0.1552	0.9279
reduce_layout_bench	1M|f64|F|sum|ax0	0.224125	0.3394
reduce_layout_bench	1M|f64|F|sum|ax1	0.2009	0.217225
reduce_layout_bench	1M|f64|F|min|ax0	0.5518	0.40535
reduce_layout_bench	1M|f64|F|min|ax1	0.53	0.337633
reduce_layout_bench	1M|f64|F|max|ax0	0.55175	0.1196
reduce_layout_bench	1M|f64|F|max|ax1	0.5298	0.3384
reduce_layout_bench	1M|f64|F|prod|ax0	0.17398	0.9278
reduce_layout_bench	1M|f64|F|prod|ax1	0.21845	0.2294
reduce_layout_bench	1M|f64|T|sum|ax0	0.2209	0.338
reduce_layout_bench	1M|f64|T|sum|ax1	0.2183	0.2254
reduce_layout_bench	1M|f64|T|min|ax0	0.55135	0.4035
reduce_layout_bench	1M|f64|T|min|ax1	0.5297	0.3377
reduce_layout_bench	1M|f64|T|max|ax0	0.551	0.4049
reduce_layout_bench	1M|f64|T|max|ax1	0.5305	0.333767
reduce_layout_bench	1M|f64|T|prod|ax0	0.1715	0.9277
reduce_layout_bench	1M|f64|T|prod|ax1	0.214275	0.2167
reduce_layout_bench	1M|f64|strided|sum|ax0	0.34546666666666664	0.290867
reduce_layout_bench	1M|f64|strided|sum|ax1	0.20114	0.2224
reduce_layout_bench	1M|f64|strided|min|ax0	0.7087	0.295333
reduce_layout_bench	1M|f64|strided|min|ax1	0.3241	0.4906
reduce_layout_bench	1M|f64|strided|max|ax0	0.3815	0.2947
reduce_layout_bench	1M|f64|strided|max|ax1	1.1843	0.48895
reduce_layout_bench	1M|f64|strided|prod|ax0	0.36346666666666666	0.295833
reduce_layout_bench	1M|f64|strided|prod|ax1	1.0085	0.46005
reduce_layout_bench	1M|f64|negrow|sum|ax0	0.2184	0.2371
reduce_layout_bench	1M|f64|negrow|sum|ax1	0.210975	0.3598
reduce_layout_bench	1M|f64|negrow|min|ax0	0.60905	0.3551
reduce_layout_bench	1M|f64|negrow|min|ax1	0.215675	0.4242
reduce_layout_bench	1M|f64|negrow|max|ax0	0.6104	0.3548
reduce_layout_bench	1M|f64|negrow|max|ax1	0.238275	0.42305
reduce_layout_bench	1M|f64|negrow|prod|ax0	0.18094	0.24045
reduce_layout_bench	1M|f64|negrow|prod|ax1	0.31916666666666665	0.9479
reduce_layout_bench	1M|f64|negcol|sum|ax0	0.6799	0.56725
reduce_layout_bench	1M|f64|negcol|sum|ax1	0.2227	0.339433
reduce_layout_bench	1M|f64|negcol|min|ax0	1.5024	0.5621
reduce_layout_bench	1M|f64|negcol|min|ax1	0.218925	1.0173
reduce_layout_bench	1M|f64|negcol|max|ax0	1.5063	0.56225
reduce_layout_bench	1M|f64|negcol|max|ax1	0.20215	0.9555
reduce_layout_bench	1M|f64|negcol|prod|ax0	0.7254	0.28635
reduce_layout_bench	1M|f64|negcol|prod|ax1	2.0062	0.9487
reduce_layout_bench	1M|f64|sliced|sum|ax0	0.23895	0.243175
reduce_layout_bench	1M|f64|sliced|sum|ax1	0.2194	0.3351
reduce_layout_bench	1M|f64|sliced|min|ax0	0.7348	0.344133
reduce_layout_bench	1M|f64|sliced|min|ax1	0.5954	0.388933
reduce_layout_bench	1M|f64|sliced|max|ax0	0.65	0.3403
reduce_layout_bench	1M|f64|sliced|max|ax1	0.5929	0.3902
reduce_layout_bench	1M|f64|sliced|prod|ax0	0.209675	0.247425
reduce_layout_bench	1M|f64|sliced|prod|ax1	0.3288666666666667	0.9238
reduce_layout_bench	1M|f64|bcast|sum|ax0	0.13201428571428572	0.140814
reduce_layout_bench	1M|f64|bcast|sum|ax1	0.1192125	0.170333
reduce_layout_bench	1M|f64|bcast|min|ax0	0.6033	0.320367
reduce_layout_bench	1M|f64|bcast|min|ax1	0.16591666666666668	0.3766
reduce_layout_bench	1M|f64|bcast|max|ax0	0.60715	0.320967
reduce_layout_bench	1M|f64|bcast|max|ax1	0.16874999999999998	0.376833
reduce_layout_bench	1M|f64|bcast|prod|ax0	0.06038235294117647	0.142486
reduce_layout_bench	1M|f64|bcast|prod|ax1	0.7073	0.9192
reduce_layout_bench	1M|f32|C|sum|ax0	0.09519999999999999	0.09594
reduce_layout_bench	1M|f32|C|sum|ax1	0.12905	0.225475
reduce_layout_bench	1M|f32|C|min|ax0	0.26255	0.169233
reduce_layout_bench	1M|f32|C|min|ax1	0.2974	0.232375
reduce_layout_bench	1M|f32|C|max|ax0	0.26225	0.169933
reduce_layout_bench	1M|f32|C|max|ax1	0.09906666666666668	0.232775
reduce_layout_bench	1M|f32|C|prod|ax0	0.08957272727272726	0.06383
reduce_layout_bench	1M|f32|C|prod|ax1	0.05237777777777777	0.9236
reduce_layout_bench	1M|f32|F|sum|ax0	0.1284625	0.2297
reduce_layout_bench	1M|f32|F|sum|ax1	0.09529	0.0974625
reduce_layout_bench	1M|f32|F|min|ax0	0.29736666666666667	0.233225
reduce_layout_bench	1M|f32|F|min|ax1	0.26245	0.170183
reduce_layout_bench	1M|f32|F|max|ax0	0.29723333333333335	0.234025
reduce_layout_bench	1M|f32|F|max|ax1	0.2619666666666667	0.170733
reduce_layout_bench	1M|f32|F|prod|ax0	0.05027	0.924
reduce_layout_bench	1M|f32|F|prod|ax1	0.08971818181818182	0.0986111
reduce_layout_bench	1M|f32|T|sum|ax0	0.12935	0.2259
reduce_layout_bench	1M|f32|T|sum|ax1	0.09426999999999999	0.0955111
reduce_layout_bench	1M|f32|T|min|ax0	0.2974333333333333	0.232667
reduce_layout_bench	1M|f32|T|min|ax1	0.264675	0.169633
reduce_layout_bench	1M|f32|T|max|ax0	0.29719999999999996	0.232525
reduce_layout_bench	1M|f32|T|max|ax1	0.262575	0.169617
reduce_layout_bench	1M|f32|T|prod|ax0	0.050611111111111114	0.9238
reduce_layout_bench	1M|f32|T|prod|ax1	0.08950909090909091	0.0996667
reduce_layout_bench	1M|f32|strided|sum|ax0	0.3385666666666667	0.281167
reduce_layout_bench	1M|f32|strided|sum|ax1	0.14765714285714288	0.13302
reduce_layout_bench	1M|f32|strided|min|ax0	0.707	0.54105
reduce_layout_bench	1M|f32|strided|min|ax1	0.5928	0.4695
reduce_layout_bench	1M|f32|strided|max|ax0	0.7081	0.54205
reduce_layout_bench	1M|f32|strided|max|ax1	0.59185	0.472
reduce_layout_bench	1M|f32|strided|prod|ax0	0.35933333333333334	0.282967
reduce_layout_bench	1M|f32|strided|prod|ax1	0.50315	0.4554
reduce_layout_bench	1M|f32|negrow|sum|ax0	0.09504	0.0986778
reduce_layout_bench	1M|f32|negrow|sum|ax1	0.1300625	0.223467
reduce_layout_bench	1M|f32|negrow|min|ax0	0.31256666666666666	0.173667
reduce_layout_bench	1M|f32|negrow|min|ax1	0.1065125	0.2397
reduce_layout_bench	1M|f32|negrow|max|ax0	0.3143	0.1748
reduce_layout_bench	1M|f32|negrow|max|ax1	0.10751428571428572	0.2382
reduce_layout_bench	1M|f32|negrow|prod|ax0	0.056123529411764704	0.102156
reduce_layout_bench	1M|f32|negrow|prod|ax1	0.16393333333333335	0.9335
reduce_layout_bench	1M|f32|negcol|sum|ax0	0.6654	0.54995
reduce_layout_bench	1M|f32|negcol|sum|ax1	0.128075	0.2247
reduce_layout_bench	1M|f32|negcol|min|ax0	1.4893	1.0222
reduce_layout_bench	1M|f32|negcol|min|ax1	0.10287777777777778	0.9321
reduce_layout_bench	1M|f32|negcol|max|ax0	1.4879	1.0219
reduce_layout_bench	1M|f32|negcol|max|ax1	0.10394444444444445	0.9265
reduce_layout_bench	1M|f32|negcol|prod|ax0	0.7116	0.55245
reduce_layout_bench	1M|f32|negcol|prod|ax1	0.9827	0.9325
reduce_layout_bench	1M|f32|sliced|sum|ax0	0.11065	0.107022
reduce_layout_bench	1M|f32|sliced|sum|ax1	0.1400142857142857	0.22865
reduce_layout_bench	1M|f32|sliced|min|ax0	0.30346666666666666	0.17766
reduce_layout_bench	1M|f32|sliced|min|ax1	0.33193333333333336	0.226375
reduce_layout_bench	1M|f32|sliced|max|ax0	0.30770000000000003	0.177117
reduce_layout_bench	1M|f32|sliced|max|ax1	0.3299666666666667	0.226125
reduce_layout_bench	1M|f32|sliced|prod|ax0	0.07976666666666667	0.1094
reduce_layout_bench	1M|f32|sliced|prod|ax1	0.17099999999999999	0.9198
reduce_layout_bench	1M|f32|bcast|sum|ax0	0.07463076923076922	0.0780667
reduce_layout_bench	1M|f32|bcast|sum|ax1	0.11234444444444446	0.170033
reduce_layout_bench	1M|f32|bcast|min|ax0	0.3109	0.166033
reduce_layout_bench	1M|f32|bcast|min|ax1	0.0996875	0.221325
reduce_layout_bench	1M|f32|bcast|max|ax0	0.31326666666666664	0.166267
reduce_layout_bench	1M|f32|bcast|max|ax1	0.10138	0.22145
reduce_layout_bench	1M|f32|bcast|prod|ax0	0.023363636363636364	0.0799917
reduce_layout_bench	1M|f32|bcast|prod|ax1	0.707	0.9197
reduce_layout_bench	1M|c128|C|sum|ax0	0.5058	0.4639
reduce_layout_bench	1M|c128|C|sum|ax1	0.4884	0.51315
reduce_layout_bench	1M|c128|C|min|ax0	2.1969	1.4405
reduce_layout_bench	1M|c128|C|min|ax1	1.8151	1.6833
reduce_layout_bench	1M|c128|C|max|ax0	1.8174	1.4326
reduce_layout_bench	1M|c128|C|max|ax1	1.4922	1.6879
reduce_layout_bench	1M|c128|C|prod|ax0	1.2706	0.5686
reduce_layout_bench	1M|c128|C|prod|ax1	1.7544	4.4431
reduce_layout_bench	1M|c128|F|sum|ax0	0.4859	0.5234
reduce_layout_bench	1M|c128|F|sum|ax1	0.49965	0.4864
reduce_layout_bench	1M|c128|F|min|ax0	1.8043	1.6949
reduce_layout_bench	1M|c128|F|min|ax1	2.1871	1.4306
reduce_layout_bench	1M|c128|F|max|ax0	1.4845	1.6955
reduce_layout_bench	1M|c128|F|max|ax1	1.814	1.4304
reduce_layout_bench	1M|c128|F|prod|ax0	1.7501	4.452
reduce_layout_bench	1M|c128|F|prod|ax1	1.2718	0.5927
reduce_layout_bench	1M|c128|T|sum|ax0	0.48245	0.5232
reduce_layout_bench	1M|c128|T|sum|ax1	0.502	0.46545
reduce_layout_bench	1M|c128|T|min|ax0	1.7991	1.6847
reduce_layout_bench	1M|c128|T|min|ax1	2.1865	1.4193
reduce_layout_bench	1M|c128|T|max|ax0	1.4915	1.6823
reduce_layout_bench	1M|c128|T|max|ax1	1.8123	1.4179
reduce_layout_bench	1M|c128|T|prod|ax0	1.4854	4.469
reduce_layout_bench	1M|c128|T|prod|ax1	1.2696	0.56955
reduce_layout_bench	1M|c128|strided|sum|ax0	0.38715	0.43765
reduce_layout_bench	1M|c128|strided|sum|ax1	0.3457333333333333	0.375233
reduce_layout_bench	1M|c128|strided|min|ax0	1.0797	0.7443
reduce_layout_bench	1M|c128|strided|min|ax1	0.92	0.8766
reduce_layout_bench	1M|c128|strided|max|ax0	0.9019	0.7455
reduce_layout_bench	1M|c128|strided|max|ax1	0.7769	0.8798
reduce_layout_bench	1M|c128|strided|prod|ax0	0.6487	0.47185
reduce_layout_bench	1M|c128|strided|prod|ax1	0.8815	2.2202
reduce_layout_bench	1M|c128|negrow|sum|ax0	0.4932	0.49355
reduce_layout_bench	1M|c128|negrow|sum|ax1	0.49955	0.52705
reduce_layout_bench	1M|c128|negrow|min|ax0	2.1924	1.4618
reduce_layout_bench	1M|c128|negrow|min|ax1	1.8482	1.703
reduce_layout_bench	1M|c128|negrow|max|ax0	1.8099	1.4565
reduce_layout_bench	1M|c128|negrow|max|ax1	1.5288	1.7099
reduce_layout_bench	1M|c128|negrow|prod|ax0	1.2718	0.5996
reduce_layout_bench	1M|c128|negrow|prod|ax1	1.4939	4.4723
reduce_layout_bench	1M|c128|negcol|sum|ax0	0.6724	0.6929
reduce_layout_bench	1M|c128|negcol|sum|ax1	0.4826	0.52405
reduce_layout_bench	1M|c128|negcol|min|ax0	2.2429	1.4429
reduce_layout_bench	1M|c128|negcol|min|ax1	1.7982	1.704
reduce_layout_bench	1M|c128|negcol|max|ax0	1.8671	1.443
reduce_layout_bench	1M|c128|negcol|max|ax1	1.4914	1.7348
reduce_layout_bench	1M|c128|negcol|prod|ax0	1.306	0.8219
reduce_layout_bench	1M|c128|negcol|prod|ax1	1.7538	4.5002
reduce_layout_bench	1M|c128|sliced|sum|ax0	0.49795	0.45745
reduce_layout_bench	1M|c128|sliced|sum|ax1	0.46815	0.4799
reduce_layout_bench	1M|c128|sliced|min|ax0	2.1895	1.4152
reduce_layout_bench	1M|c128|sliced|min|ax1	1.8045	1.6726
reduce_layout_bench	1M|c128|sliced|max|ax0	1.8023	1.4137
reduce_layout_bench	1M|c128|sliced|max|ax1	1.4863	1.6759
reduce_layout_bench	1M|c128|sliced|prod|ax0	1.2695	0.5655
reduce_layout_bench	1M|c128|sliced|prod|ax1	1.7508	4.4305
reduce_layout_bench	1M|c128|bcast|sum|ax0	0.28423333333333334	0.2969
reduce_layout_bench	1M|c128|bcast|sum|ax1	0.32639999999999997	0.359367
reduce_layout_bench	1M|c128|bcast|min|ax0	2.4001	1.4508
reduce_layout_bench	1M|c128|bcast|min|ax1	1.7949	1.6622
reduce_layout_bench	1M|c128|bcast|max|ax0	2.3875	1.4507
reduce_layout_bench	1M|c128|bcast|max|ax1	1.4784	1.661
reduce_layout_bench	1M|c128|bcast|prod|ax0	1.2569	0.514
reduce_layout_bench	1M|c128|bcast|prod|ax1	1.7434	4.4436
reduce_layout_bench	1M|dec|C|sum|ax0	5.5333	0.2184
reduce_layout_bench	1M|dec|C|sum|ax1	4.1246	0.3382
reduce_layout_bench	1M|dec|C|min|ax0	3.1491	0.334367
reduce_layout_bench	1M|dec|C|min|ax1	2.3671	0.404
reduce_layout_bench	1M|dec|C|max|ax0	3.2714	0.3348
reduce_layout_bench	1M|dec|C|max|ax1	2.4803	0.4044
reduce_layout_bench	1M|dec|F|sum|ax0	4.1341	0.3413
reduce_layout_bench	1M|dec|F|sum|ax1	7.5579	0.225475
reduce_layout_bench	1M|dec|F|min|ax0	2.3987	0.40435
reduce_layout_bench	1M|dec|F|min|ax1	3.1672	0.334133
reduce_layout_bench	1M|dec|F|max|ax0	2.4765	0.4053
reduce_layout_bench	1M|dec|F|max|ax1	3.2632	0.3346
reduce_layout_bench	1M|dec|T|sum|ax0	4.124	0.338033
reduce_layout_bench	1M|dec|T|sum|ax1	7.5294	0.224033
reduce_layout_bench	1M|dec|T|min|ax0	2.3665	0.1233
reduce_layout_bench	1M|dec|T|min|ax1	3.1652	0.337833
reduce_layout_bench	1M|dec|T|max|ax0	2.4787	0.4049
reduce_layout_bench	1M|dec|T|max|ax1	3.3002	0.335133
reduce_layout_bench	1M|dec|strided|sum|ax0	2.7998	0.289967
reduce_layout_bench	1M|dec|strided|sum|ax1	2.0769	0.22485
reduce_layout_bench	1M|dec|strided|min|ax0	1.5726	0.2943
reduce_layout_bench	1M|dec|strided|min|ax1	1.1969	0.4916
reduce_layout_bench	1M|dec|strided|max|ax0	1.6341	0.293667
reduce_layout_bench	1M|dec|strided|max|ax1	1.2498	0.48445
reduce_layout_bench	1M|dec|negrow|sum|ax0	7.4363	0.241725
reduce_layout_bench	1M|dec|negrow|sum|ax1	4.1665	0.3603
reduce_layout_bench	1M|dec|negrow|min|ax0	3.1433	0.3544
reduce_layout_bench	1M|dec|negrow|min|ax1	2.3907	0.42335
reduce_layout_bench	1M|dec|negrow|max|ax0	3.2553	0.35765
reduce_layout_bench	1M|dec|negrow|max|ax1	2.5034	0.4222
reduce_layout_bench	1M|dec|negcol|sum|ax0	7.5212	0.5669
reduce_layout_bench	1M|dec|negcol|sum|ax1	4.1238	0.3314
reduce_layout_bench	1M|dec|negcol|min|ax0	1.6308	0.5621
reduce_layout_bench	1M|dec|negcol|min|ax1	2.3712	1.0412
reduce_layout_bench	1M|dec|negcol|max|ax0	3.3191	0.56205
reduce_layout_bench	1M|dec|negcol|max|ax1	2.4769	0.9551
reduce_layout_bench	1M|dec|sliced|sum|ax0	7.2451	0.2436
reduce_layout_bench	1M|dec|sliced|sum|ax1	4.1243	0.332967
reduce_layout_bench	1M|dec|sliced|min|ax0	3.1375	0.340133
reduce_layout_bench	1M|dec|sliced|min|ax1	2.3565	0.39075
reduce_layout_bench	1M|dec|sliced|max|ax0	3.2456	0.3411
reduce_layout_bench	1M|dec|sliced|max|ax1	2.466	0.38835
reduce_layout_bench	1M|dec|bcast|sum|ax0	7.3695	0.140814
reduce_layout_bench	1M|dec|bcast|sum|ax1	4.1086	0.112467
reduce_layout_bench	1M|dec|bcast|min|ax0	3.1334	0.3207
reduce_layout_bench	1M|dec|bcast|min|ax1	2.3575	0.3768
reduce_layout_bench	1M|dec|bcast|max|ax0	3.1418	0.320667
reduce_layout_bench	1M|dec|bcast|max|ax1	2.4694	0.376767
reduce_layout_bench	1M|f16|C|sum|ax0	1.3456	6.3422
reduce_layout_bench	1M|f16|C|sum|ax1	0.6725	2.2472
reduce_layout_bench	1M|f16|C|min|ax0	3.2092	3.0195
reduce_layout_bench	1M|f16|C|min|ax1	3.257	3.0683
reduce_layout_bench	1M|f16|C|max|ax0	3.2157	3.2585
reduce_layout_bench	1M|f16|C|max|ax1	3.2541	3.2594
reduce_layout_bench	1M|f16|C|prod|ax0	7.5905	6.8475
reduce_layout_bench	1M|f16|C|prod|ax1	7.3593	1.8973
reduce_layout_bench	1M|f16|F|sum|ax0	0.671	2.2487
reduce_layout_bench	1M|f16|F|sum|ax1	1.3479	6.3541
reduce_layout_bench	1M|f16|F|min|ax0	3.2554	3.0668
reduce_layout_bench	1M|f16|F|min|ax1	3.2116	3.0182
reduce_layout_bench	1M|f16|F|max|ax0	3.258	3.2583
reduce_layout_bench	1M|f16|F|max|ax1	3.2138	3.2529
reduce_layout_bench	1M|f16|F|prod|ax0	7.3684	1.9012
reduce_layout_bench	1M|f16|F|prod|ax1	7.4721	6.826
reduce_layout_bench	1M|f16|T|sum|ax0	0.672	2.2457
reduce_layout_bench	1M|f16|T|sum|ax1	1.3456	6.3412
reduce_layout_bench	1M|f16|T|min|ax0	3.2579	3.0739
reduce_layout_bench	1M|f16|T|min|ax1	3.2092	3.0175
reduce_layout_bench	1M|f16|T|max|ax0	3.2547	3.2715
reduce_layout_bench	1M|f16|T|max|ax1	3.2177	3.2566
reduce_layout_bench	1M|f16|T|prod|ax0	7.5215	1.9012
reduce_layout_bench	1M|f16|T|prod|ax1	7.3723	6.8122
reduce_layout_bench	1M|f16|strided|sum|ax0	2.6182	3.1513
reduce_layout_bench	1M|f16|strided|sum|ax1	1.8111	1.1552
reduce_layout_bench	1M|f16|strided|min|ax0	1.6031	1.5197
reduce_layout_bench	1M|f16|strided|min|ax1	1.5999	1.5474
reduce_layout_bench	1M|f16|strided|max|ax0	1.6071	1.6329
reduce_layout_bench	1M|f16|strided|max|ax1	1.6001	1.6458
reduce_layout_bench	1M|f16|strided|prod|ax0	3.6774	3.3866
reduce_layout_bench	1M|f16|strided|prod|ax1	3.6987	0.9645
reduce_layout_bench	1M|f16|negrow|sum|ax0	1.3462	6.3407
reduce_layout_bench	1M|f16|negrow|sum|ax1	0.6754	2.2478
reduce_layout_bench	1M|f16|negrow|min|ax0	3.2114	3.0158
reduce_layout_bench	1M|f16|negrow|min|ax1	3.2596	2.1525
reduce_layout_bench	1M|f16|negrow|max|ax0	3.2123	3.2532
reduce_layout_bench	1M|f16|negrow|max|ax1	3.2546	3.2558
reduce_layout_bench	1M|f16|negrow|prod|ax0	7.4607	6.759
reduce_layout_bench	1M|f16|negrow|prod|ax1	7.4146	1.898
reduce_layout_bench	1M|f16|negcol|sum|ax0	12.1689	6.3837
reduce_layout_bench	1M|f16|negcol|sum|ax1	0.672	2.2472
reduce_layout_bench	1M|f16|negcol|min|ax0	3.2089	3.0152
reduce_layout_bench	1M|f16|negcol|min|ax1	3.2006	3.0802
reduce_layout_bench	1M|f16|negcol|max|ax0	3.2177	3.2535
reduce_layout_bench	1M|f16|negcol|max|ax1	3.2021	3.2453
reduce_layout_bench	1M|f16|negcol|prod|ax0	7.4882	6.808
reduce_layout_bench	1M|f16|negcol|prod|ax1	7.3991	1.8962
reduce_layout_bench	1M|f16|sliced|sum|ax0	1.4085	6.321
reduce_layout_bench	1M|f16|sliced|sum|ax1	0.6871	2.2608
reduce_layout_bench	1M|f16|sliced|min|ax0	3.1949	3.0048
reduce_layout_bench	1M|f16|sliced|min|ax1	3.2457	3.0521
reduce_layout_bench	1M|f16|sliced|max|ax0	3.2032	3.2383
reduce_layout_bench	1M|f16|sliced|max|ax1	3.2425	3.2461
reduce_layout_bench	1M|f16|sliced|prod|ax0	7.5526	6.791
reduce_layout_bench	1M|f16|sliced|prod|ax1	7.3294	1.8926
reduce_layout_bench	1M|f16|bcast|sum|ax0	1.3473	6.3492
reduce_layout_bench	1M|f16|bcast|sum|ax1	0.6719	2.2412
reduce_layout_bench	1M|f16|bcast|min|ax0	2.9241	2.8729
reduce_layout_bench	1M|f16|bcast|min|ax1	3.2556	3.0543
reduce_layout_bench	1M|f16|bcast|max|ax0	2.9237	2.878
reduce_layout_bench	1M|f16|bcast|max|ax1	3.2554	3.2517
reduce_layout_bench	1M|f16|bcast|prod|ax0	7.5962	7.1743
reduce_layout_bench	1M|f16|bcast|prod|ax1	7.3645	1.8894
reduce_layout_bench	1M|i32|C|sum|ax0	0.13178571428571428	1.0125
reduce_layout_bench	1M|i32|C|sum|ax1	0.08784545454545455	0.8052
reduce_layout_bench	1M|i32|C|min|ax0	0.08941	0.0985667
reduce_layout_bench	1M|i32|C|min|ax1	0.05054375	0.09555
reduce_layout_bench	1M|i32|C|max|ax0	0.08915454545454546	0.09855
reduce_layout_bench	1M|i32|C|max|ax1	0.050661111111111115	0.0937375
reduce_layout_bench	1M|i32|C|prod|ax0	0.42725	1.0414
reduce_layout_bench	1M|i32|C|prod|ax1	0.447	1.6811
reduce_layout_bench	1M|i32|F|sum|ax0	0.08792727272727273	0.8074
reduce_layout_bench	1M|i32|F|sum|ax1	0.13178333333333334	1.01
reduce_layout_bench	1M|i32|F|min|ax0	0.050757894736842106	0.09512
reduce_layout_bench	1M|i32|F|min|ax1	0.08961818181818182	0.09861
reduce_layout_bench	1M|i32|F|max|ax0	0.04228947368421052	0.0934
reduce_layout_bench	1M|i32|F|max|ax1	0.04811818181818182	0.09839
reduce_layout_bench	1M|i32|F|prod|ax0	0.4469	1.6808
reduce_layout_bench	1M|i32|F|prod|ax1	0.427	1.0417
reduce_layout_bench	1M|i32|T|sum|ax0	0.0876909090909091	0.8036
reduce_layout_bench	1M|i32|T|sum|ax1	0.13181666666666667	1.0081
reduce_layout_bench	1M|i32|T|min|ax0	0.05065263157894737	0.09532
reduce_layout_bench	1M|i32|T|min|ax1	0.08942	0.09848
reduce_layout_bench	1M|i32|T|max|ax0	0.05098421052631579	0.09363
reduce_layout_bench	1M|i32|T|max|ax1	0.08938	0.09842
reduce_layout_bench	1M|i32|T|prod|ax0	0.447	1.6814
reduce_layout_bench	1M|i32|T|prod|ax1	0.4274	1.0426
reduce_layout_bench	1M|i32|strided|sum|ax0	0.5441	0.43635
reduce_layout_bench	1M|i32|strided|sum|ax1	0.53155	0.336133
reduce_layout_bench	1M|i32|strided|min|ax0	0.41405	0.2674
reduce_layout_bench	1M|i32|strided|min|ax1	0.5342	0.192
reduce_layout_bench	1M|i32|strided|max|ax0	0.60605	0.2674
reduce_layout_bench	1M|i32|strided|max|ax1	0.8482	0.1916
reduce_layout_bench	1M|i32|strided|prod|ax0	0.7083	0.45325
reduce_layout_bench	1M|i32|strided|prod|ax1	0.7116	0.7589
reduce_layout_bench	1M|i32|negrow|sum|ax0	0.13314285714285715	1.0146
reduce_layout_bench	1M|i32|negrow|sum|ax1	1.0644	0.8093
reduce_layout_bench	1M|i32|negrow|min|ax0	0.05569444444444444	0.10143
reduce_layout_bench	1M|i32|negrow|min|ax1	0.08156	0.09934
reduce_layout_bench	1M|i32|negrow|max|ax0	0.05579230769230769	0.06468
reduce_layout_bench	1M|i32|negrow|max|ax1	0.07866666666666666	0.09704
reduce_layout_bench	1M|i32|negrow|prod|ax0	0.15795	1.047
reduce_layout_bench	1M|i32|negrow|prod|ax1	1.4113	1.6885
reduce_layout_bench	1M|i32|negcol|sum|ax0	1.1003	0.8614
reduce_layout_bench	1M|i32|negcol|sum|ax1	1.0632	0.6576
reduce_layout_bench	1M|i32|negcol|min|ax0	0.8292	0.5168
reduce_layout_bench	1M|i32|negcol|min|ax1	1.0365	0.367933
reduce_layout_bench	1M|i32|negcol|max|ax0	1.1902	0.51655
reduce_layout_bench	1M|i32|negcol|max|ax1	1.6693	0.3682
reduce_layout_bench	1M|i32|negcol|prod|ax0	1.4264	0.8947
reduce_layout_bench	1M|i32|negcol|prod|ax1	1.4118	1.5365
reduce_layout_bench	1M|i32|sliced|sum|ax0	0.13711428571428572	1.0104
reduce_layout_bench	1M|i32|sliced|sum|ax1	1.0522	0.3331
reduce_layout_bench	1M|i32|sliced|min|ax0	0.079025	0.111633
reduce_layout_bench	1M|i32|sliced|min|ax1	0.18997999999999998	0.09378
reduce_layout_bench	1M|i32|sliced|max|ax0	0.08115833333333333	0.111667
reduce_layout_bench	1M|i32|sliced|max|ax1	0.17133333333333334	0.0920636
reduce_layout_bench	1M|i32|sliced|prod|ax0	0.4292	1.0427
reduce_layout_bench	1M|i32|sliced|prod|ax1	1.4052	1.6824
reduce_layout_bench	1M|i32|bcast|sum|ax0	0.13001428571428572	0.4867
reduce_layout_bench	1M|i32|bcast|sum|ax1	1.0557	0.254425
reduce_layout_bench	1M|i32|bcast|min|ax0	0.030015151515151516	0.0795083
reduce_layout_bench	1M|i32|bcast|min|ax1	0.8208	0.0603562
reduce_layout_bench	1M|i32|bcast|max|ax0	0.029993939393939396	0.079525
reduce_layout_bench	1M|i32|bcast|max|ax1	1.1684	0.0602813
reduce_layout_bench	1M|i32|bcast|prod|ax0	0.42645	0.48885
reduce_layout_bench	1M|i32|bcast|prod|ax1	1.4098	1.1595
reduce_layout_bench	1M|i64|C|sum|ax0	0.20956000000000002	0.4865
reduce_layout_bench	1M|i64|C|sum|ax1	0.1709	0.2862
reduce_layout_bench	1M|i64|C|min|ax0	0.27285	0.293767
reduce_layout_bench	1M|i64|C|min|ax1	0.2786	0.3693
reduce_layout_bench	1M|i64|C|max|ax0	0.272775	0.3088
reduce_layout_bench	1M|i64|C|max|ax1	0.278875	0.344933
reduce_layout_bench	1M|i64|C|prod|ax0	0.14165	0.5203
reduce_layout_bench	1M|i64|C|prod|ax1	0.38756666666666667	1.1586
reduce_layout_bench	1M|i64|F|sum|ax0	0.172325	0.3114
reduce_layout_bench	1M|i64|F|sum|ax1	0.216375	0.48665
reduce_layout_bench	1M|i64|F|min|ax0	0.27899999999999997	0.3701
reduce_layout_bench	1M|i64|F|min|ax1	0.27313333333333334	0.294267
reduce_layout_bench	1M|i64|F|max|ax0	0.279175	0.3443
reduce_layout_bench	1M|i64|F|max|ax1	0.273325	0.3091
reduce_layout_bench	1M|i64|F|prod|ax0	0.38653333333333334	1.1587
reduce_layout_bench	1M|i64|F|prod|ax1	0.3986	0.5342
reduce_layout_bench	1M|i64|T|sum|ax0	0.16916666666666666	0.289433
reduce_layout_bench	1M|i64|T|sum|ax1	0.214625	0.247
reduce_layout_bench	1M|i64|T|min|ax0	0.278675	0.36945
reduce_layout_bench	1M|i64|T|min|ax1	0.27326666666666666	0.2945
reduce_layout_bench	1M|i64|T|max|ax0	0.27913333333333334	0.345033
reduce_layout_bench	1M|i64|T|max|ax1	0.27303333333333335	0.3091
reduce_layout_bench	1M|i64|T|prod|ax0	0.38743333333333335	1.1582
reduce_layout_bench	1M|i64|T|prod|ax1	0.39825	0.5221
reduce_layout_bench	1M|i64|strided|sum|ax0	0.40025	0.261333
reduce_layout_bench	1M|i64|strided|sum|ax1	0.3924	0.200533
reduce_layout_bench	1M|i64|strided|min|ax0	0.4439	0.302167
reduce_layout_bench	1M|i64|strided|min|ax1	0.8081	0.234625
reduce_layout_bench	1M|i64|strided|max|ax0	0.47305	0.3021
reduce_layout_bench	1M|i64|strided|max|ax1	0.7557	0.227225
reduce_layout_bench	1M|i64|strided|prod|ax0	0.39115	0.286433
reduce_layout_bench	1M|i64|strided|prod|ax1	0.58755	0.57535
reduce_layout_bench	1M|i64|negrow|sum|ax0	0.17765	0.5059
reduce_layout_bench	1M|i64|negrow|sum|ax1	0.30533333333333335	0.293667
reduce_layout_bench	1M|i64|negrow|min|ax0	0.2918	0.312067
reduce_layout_bench	1M|i64|negrow|min|ax1	0.17865	0.3979
reduce_layout_bench	1M|i64|negrow|max|ax0	0.15923333333333334	0.328233
reduce_layout_bench	1M|i64|negrow|max|ax1	0.39935	0.372667
reduce_layout_bench	1M|i64|negrow|prod|ax0	0.40435	0.52525
reduce_layout_bench	1M|i64|negrow|prod|ax1	0.50115	1.1781
reduce_layout_bench	1M|i64|negcol|sum|ax0	0.7916	0.5056
reduce_layout_bench	1M|i64|negcol|sum|ax1	0.7693	0.319167
reduce_layout_bench	1M|i64|negcol|min|ax0	0.8979	0.53875
reduce_layout_bench	1M|i64|negcol|min|ax1	1.7159	0.3876
reduce_layout_bench	1M|i64|negcol|max|ax0	0.9582	0.53735
reduce_layout_bench	1M|i64|negcol|max|ax1	1.4647	0.3884
reduce_layout_bench	1M|i64|negcol|prod|ax0	0.7759	0.5248
reduce_layout_bench	1M|i64|negcol|prod|ax1	1.1894	1.1781
reduce_layout_bench	1M|i64|sliced|sum|ax0	0.20775	0.48485
reduce_layout_bench	1M|i64|sliced|sum|ax1	0.3021333333333333	0.286033
reduce_layout_bench	1M|i64|sliced|min|ax0	0.386	0.2988
reduce_layout_bench	1M|i64|sliced|min|ax1	0.40335	0.335767
reduce_layout_bench	1M|i64|sliced|max|ax0	0.3826	0.314467
reduce_layout_bench	1M|i64|sliced|max|ax1	0.39483333333333337	0.340367
reduce_layout_bench	1M|i64|sliced|prod|ax0	0.4896	0.5177
reduce_layout_bench	1M|i64|sliced|prod|ax1	0.48465	1.1544
reduce_layout_bench	1M|i64|bcast|sum|ax0	0.05972352941176471	0.47985
reduce_layout_bench	1M|i64|bcast|sum|ax1	0.781	0.2486
reduce_layout_bench	1M|i64|bcast|min|ax0	0.26635	0.274425
reduce_layout_bench	1M|i64|bcast|min|ax1	0.8793	0.321867
reduce_layout_bench	1M|i64|bcast|max|ax0	0.26635	0.291667
reduce_layout_bench	1M|i64|bcast|max|ax1	0.9356	0.329333
reduce_layout_bench	1M|i64|bcast|prod|ax0	0.3603	0.48305
reduce_layout_bench	1M|i64|bcast|prod|ax1	0.7634	1.1518
copy_path_bench	100K|u8|C|pos	0.002476470588235294	0.0207188
copy_path_bench	100K|u8|F|pos	0.0029085443037974684	0.0207186
copy_path_bench	100K|u8|T|pos	0.002577777777777778	0.0207167
copy_path_bench	100K|u8|strided|pos	0.004738011695906433	0.0128086
copy_path_bench	100K|u8|sliced|pos	0.0033187096774193545	0.0225814
copy_path_bench	100K|u8|negrow|pos	0.005069333333333333	0.0228545
copy_path_bench	100K|u8|negcol|pos	0.009952525252525253	0.0421435
copy_path_bench	100K|u8|bcast|pos	0.005090265486725664	0.0227884
copy_path_bench	100K|i8|C|pos	0.004091666666666666	0.0207149
copy_path_bench	100K|i8|F|pos	0.0060014851485148514	0.0207104
copy_path_bench	100K|i8|T|pos	0.004606923076923077	0.020725
copy_path_bench	100K|i8|strided|pos	0.008906862745098039	0.011693
copy_path_bench	100K|i8|sliced|pos	0.005116091954022989	0.0226214
copy_path_bench	100K|i8|negrow|pos	0.005138461538461538	0.0228512
copy_path_bench	100K|i8|negcol|pos	0.009978571428571429	0.0420875
copy_path_bench	100K|i8|bcast|pos	0.004152	0.0407917
copy_path_bench	100K|i16|C|pos	0.008546666666666668	0.0364
copy_path_bench	100K|i16|F|pos	0.010756521739130435	0.0364542
copy_path_bench	100K|i16|T|pos	0.008542553191489362	0.0364308
copy_path_bench	100K|i16|strided|pos	0.007523255813953488	0.0268028
copy_path_bench	100K|i16|sliced|pos	0.009144444444444445	0.0234722
copy_path_bench	100K|i16|negrow|pos	0.009461904761904762	0.0439864
copy_path_bench	100K|i16|negcol|pos	0.010361764705882353	0.0878091
copy_path_bench	100K|i16|bcast|pos	0.007893846153846154	0.04218
copy_path_bench	100K|u16|C|pos	0.008523880597014926	0.0363667
copy_path_bench	100K|u16|F|pos	0.009777981651376147	0.0363963
copy_path_bench	100K|u16|T|pos	0.009455913978494624	0.0363593
copy_path_bench	100K|u16|strided|pos	0.0075671428571428565	0.0266135
copy_path_bench	100K|u16|sliced|pos	0.009182857142857144	0.0442955
copy_path_bench	100K|u16|negrow|pos	0.009326190476190476	0.0440952
copy_path_bench	100K|u16|negcol|pos	0.01046060606060606	0.0878364
copy_path_bench	100K|u16|bcast|pos	0.008955339805825243	0.0418
copy_path_bench	100K|i32|C|pos	0.014992307692307692	0.051
copy_path_bench	100K|i32|F|pos	0.01448	0.0509263
copy_path_bench	100K|i32|T|pos	0.015402439024390242	0.05095
copy_path_bench	100K|i32|strided|pos	0.028581481481481482	0.019651
copy_path_bench	100K|i32|sliced|pos	0.01583	0.06628
copy_path_bench	100K|i32|negrow|pos	0.01625	0.0666077
copy_path_bench	100K|i32|negcol|pos	0.05349444444444444	0.09661
copy_path_bench	100K|i32|bcast|pos	0.013502857142857143	0.06068
copy_path_bench	100K|u32|C|pos	0.01417857142857143	0.0509
copy_path_bench	100K|u32|F|pos	0.0154578125	0.05092
copy_path_bench	100K|u32|T|pos	0.015928260869565218	0.0509
copy_path_bench	100K|u32|strided|pos	0.028521875	0.019726
copy_path_bench	100K|u32|sliced|pos	0.01585217391304348	0.0678667
copy_path_bench	100K|u32|negrow|pos	0.015922727272727272	0.066775
copy_path_bench	100K|u32|negcol|pos	0.05319411764705882	0.09663
copy_path_bench	100K|u32|bcast|pos	0.01533181818181818	0.0609938
copy_path_bench	100K|i64|C|pos	0.0278125	0.204825
copy_path_bench	100K|i64|F|pos	0.03699583333333333	0.0364407
copy_path_bench	100K|i64|T|pos	0.03026551724137931	0.04994
copy_path_bench	100K|i64|strided|pos	0.031705	0.0298591
copy_path_bench	100K|i64|sliced|pos	0.03225555555555556	0.0659
copy_path_bench	100K|i64|negrow|pos	0.03149166666666667	0.06281
copy_path_bench	100K|i64|negcol|pos	0.05808571428571429	0.0928625
copy_path_bench	100K|i64|bcast|pos	0.02708095238095238	0.0542231
copy_path_bench	100K|u64|C|pos	0.028375	0.0364409
copy_path_bench	100K|u64|F|pos	0.031682608695652176	0.036425
copy_path_bench	100K|u64|T|pos	0.031036363636363636	0.0365087
copy_path_bench	100K|u64|strided|pos	0.031181818181818186	0.0298258
copy_path_bench	100K|u64|sliced|pos	0.03218	0.0857364
copy_path_bench	100K|u64|negrow|pos	0.031345454545454544	0.06276
copy_path_bench	100K|u64|negcol|pos	0.05833571428571428	0.0929667
copy_path_bench	100K|u64|bcast|pos	0.028571428571428574	0.0547917
copy_path_bench	100K|char|C|pos	0.008154545454545454	0.0363778
copy_path_bench	100K|char|F|pos	0.0083	0.0363667
copy_path_bench	100K|char|T|pos	0.005288659793814433	0.0363762
copy_path_bench	100K|char|strided|pos	0.0075505747126436784	0.0265742
copy_path_bench	100K|char|sliced|pos	0.009117777777777778	0.0234591
copy_path_bench	100K|char|negrow|pos	0.009237777777777779	0.0441667
copy_path_bench	100K|char|negcol|pos	0.011360824742268042	0.0879
copy_path_bench	100K|char|bcast|pos	0.007588888888888889	0.0417304
copy_path_bench	100K|f16|C|pos	0.007925	0.0363444
copy_path_bench	100K|f16|F|pos	0.008942592592592592	0.0363783
copy_path_bench	100K|f16|T|pos	0.008801785714285715	0.0363444
copy_path_bench	100K|f16|strided|pos	0.007545977011494252	0.01961
copy_path_bench	100K|f16|sliced|pos	0.00921818181818182	0.0443909
copy_path_bench	100K|f16|negrow|pos	0.005704444444444444	0.0439818
copy_path_bench	100K|f16|negcol|pos	0.011245360824742269	0.0878
copy_path_bench	100K|f16|bcast|pos	0.007369565217391305	0.0418
copy_path_bench	100K|f32|C|pos	0.014491304347826086	0.0276472
copy_path_bench	100K|f32|F|pos	0.015428571428571429	0.0276367
copy_path_bench	100K|f32|T|pos	0.014105882352941176	0.0276556
copy_path_bench	100K|f32|strided|pos	0.028525	0.0158774
copy_path_bench	100K|f32|sliced|pos	0.01583913043478261	0.0417375
copy_path_bench	100K|f32|negrow|pos	0.015873684210526314	0.0412625
copy_path_bench	100K|f32|negcol|pos	0.05324444444444445	0.0734
copy_path_bench	100K|f32|bcast|pos	0.015304545454545454	0.0355792
copy_path_bench	100K|f64|C|pos	0.028089999999999997	0.0276583
copy_path_bench	100K|f64|F|pos	0.03053846153846154	0.0328957
copy_path_bench	100K|f64|T|pos	0.031011538461538462	0.0276786
copy_path_bench	100K|f64|strided|pos	0.03118235294117647	0.0179611
copy_path_bench	100K|f64|sliced|pos	0.031853846153846156	0.0721364
copy_path_bench	100K|f64|negrow|pos	0.031245454545454545	0.0545
copy_path_bench	100K|f64|negcol|pos	0.058325	0.0842444
copy_path_bench	100K|f64|bcast|pos	0.02692307692307692	0.0607667
copy_path_bench	100K|c128|C|pos	0.06534285714285713	0.6126
copy_path_bench	100K|c128|F|pos	0.06613	0.6204
copy_path_bench	100K|c128|T|pos	0.03448	0.6127
copy_path_bench	100K|c128|strided|pos	0.03949166666666667	0.218
copy_path_bench	100K|c128|sliced|pos	0.06384444444444444	0.7131
copy_path_bench	100K|c128|negrow|pos	0.06421428571428571	0.722
copy_path_bench	100K|c128|negcol|pos	0.0749888888888889	0.9367
copy_path_bench	100K|c128|bcast|pos	0.057745454545454544	0.7211
copy_path_bench	1M|u8|C|pos	0.035675	0.35135
copy_path_bench	1M|u8|F|pos	0.038494117647058824	0.3517
copy_path_bench	1M|u8|T|pos	0.036225	0.351333
copy_path_bench	1M|u8|strided|pos	0.03293684210526316	0.241067
copy_path_bench	1M|u8|sliced|pos	0.04035	0.3784
copy_path_bench	1M|u8|negrow|pos	0.03896666666666667	0.38115
copy_path_bench	1M|u8|negcol|pos	0.04432272727272727	0.7758
copy_path_bench	1M|u8|bcast|pos	0.03591034482758621	0.374
copy_path_bench	1M|i8|C|pos	0.03728	0.3513
copy_path_bench	1M|i8|F|pos	0.040141176470588236	0.3513
copy_path_bench	1M|i8|T|pos	0.03533	0.351367
copy_path_bench	1M|i8|strided|pos	0.03265882352941177	0.240975
copy_path_bench	1M|i8|sliced|pos	0.03942222222222222	0.3783
copy_path_bench	1M|i8|negrow|pos	0.039433333333333334	0.38115
copy_path_bench	1M|i8|negcol|pos	0.04453809523809524	0.776
copy_path_bench	1M|i8|bcast|pos	0.03417692307692308	0.3735
copy_path_bench	1M|i16|C|pos	0.0812	0.5673
copy_path_bench	1M|i16|F|pos	0.08255	0.613
copy_path_bench	1M|i16|T|pos	0.08235	0.6445
copy_path_bench	1M|i16|strided|pos	0.0465875	0.246633
copy_path_bench	1M|i16|sliced|pos	0.08259999999999999	0.701
copy_path_bench	1M|i16|negrow|pos	0.08126666666666667	0.7214
copy_path_bench	1M|i16|negcol|pos	0.08007142857142857	1.1477
copy_path_bench	1M|i16|bcast|pos	0.0716	0.6802
copy_path_bench	1M|u16|C|pos	0.08542222222222223	0.6446
copy_path_bench	1M|u16|F|pos	0.081975	0.62355
copy_path_bench	1M|u16|T|pos	0.08198571428571429	0.6448
copy_path_bench	1M|u16|strided|pos	0.04696666666666667	0.2467
copy_path_bench	1M|u16|sliced|pos	0.0825	0.7158
copy_path_bench	1M|u16|negrow|pos	0.08455	0.7193
copy_path_bench	1M|u16|negcol|pos	0.085275	1.1144
copy_path_bench	1M|u16|bcast|pos	0.06573333333333332	0.6782
copy_path_bench	1M|i32|C|pos	0.16723333333333334	1.086
copy_path_bench	1M|i32|F|pos	0.167075	0.9364
copy_path_bench	1M|i32|T|pos	0.1673	0.9323
copy_path_bench	1M|i32|strided|pos	0.2710666666666667	0.34855
copy_path_bench	1M|i32|sliced|pos	0.2412	1.1691
copy_path_bench	1M|i32|negrow|pos	0.24115	1.2429
copy_path_bench	1M|i32|negcol|pos	0.52455	1.5169
copy_path_bench	1M|i32|bcast|pos	0.13726666666666668	1.1448
copy_path_bench	1M|u32|C|pos	0.10253333333333332	1.094
copy_path_bench	1M|u32|F|pos	0.1663	0.923
copy_path_bench	1M|u32|T|pos	0.16745	0.9399
copy_path_bench	1M|u32|strided|pos	0.27426666666666666	0.55675
copy_path_bench	1M|u32|sliced|pos	0.2704	1.2404
copy_path_bench	1M|u32|negrow|pos	0.2354	1.2068
copy_path_bench	1M|u32|negcol|pos	0.5273	1.518
copy_path_bench	1M|u32|bcast|pos	0.13846666666666665	1.1491
copy_path_bench	1M|i64|C|pos	0.3708	1.8137
copy_path_bench	1M|i64|F|pos	0.3641	1.7311
copy_path_bench	1M|i64|T|pos	0.3771	1.7499
copy_path_bench	1M|i64|strided|pos	0.43225	1.0042
copy_path_bench	1M|i64|sliced|pos	0.7234	2.0271
copy_path_bench	1M|i64|negrow|pos	0.7969	2.0569
copy_path_bench	1M|i64|negcol|pos	0.637	1.7774
copy_path_bench	1M|i64|bcast|pos	0.3018	1.8872
copy_path_bench	1M|u64|C|pos	0.3736	1.7327
copy_path_bench	1M|u64|F|pos	0.373	1.5808
copy_path_bench	1M|u64|T|pos	0.36875	1.7044
copy_path_bench	1M|u64|strided|pos	0.36035	0.8305
copy_path_bench	1M|u64|sliced|pos	0.6064	1.4486
copy_path_bench	1M|u64|negrow|pos	0.2602	2.0368
copy_path_bench	1M|u64|negcol|pos	0.6929	2.2745
copy_path_bench	1M|u64|bcast|pos	0.1751	1.8763
copy_path_bench	1M|char|C|pos	0.08552727272727273	0.5682
copy_path_bench	1M|char|F|pos	0.08604444444444444	0.5684
copy_path_bench	1M|char|T|pos	0.08251428571428572	0.5761
copy_path_bench	1M|char|strided|pos	0.04697777777777778	0.24665
copy_path_bench	1M|char|sliced|pos	0.08155	0.6723
copy_path_bench	1M|char|negrow|pos	0.08095	0.6862
copy_path_bench	1M|char|negcol|pos	0.079325	1.1396
copy_path_bench	1M|char|bcast|pos	0.0663375	0.663
copy_path_bench	1M|f16|C|pos	0.0853	0.5674
copy_path_bench	1M|f16|F|pos	0.08554444444444445	0.57225
copy_path_bench	1M|f16|T|pos	0.08168	0.5812
copy_path_bench	1M|f16|strided|pos	0.0464	0.177233
copy_path_bench	1M|f16|sliced|pos	0.0848	0.6977
copy_path_bench	1M|f16|negrow|pos	0.08206666666666666	0.7212
copy_path_bench	1M|f16|negcol|pos	0.08108	1.1471
copy_path_bench	1M|f16|bcast|pos	0.07096	0.673
copy_path_bench	1M|f32|C|pos	0.166175	0.9189
copy_path_bench	1M|f32|F|pos	0.165	0.8519
copy_path_bench	1M|f32|T|pos	0.17476	0.8543
copy_path_bench	1M|f32|strided|pos	0.27096666666666663	0.4893
copy_path_bench	1M|f32|sliced|pos	0.2445	1.0129
copy_path_bench	1M|f32|negrow|pos	0.24385	1.0942
copy_path_bench	1M|f32|negcol|pos	0.5229	1.365
copy_path_bench	1M|f32|bcast|pos	0.1359	1.0081
copy_path_bench	1M|f64|C|pos	0.3717	1.7605
copy_path_bench	1M|f64|F|pos	0.3811	1.6946
copy_path_bench	1M|f64|T|pos	0.3743	1.8037
copy_path_bench	1M|f64|strided|pos	0.381	0.9757
copy_path_bench	1M|f64|sliced|pos	0.5596	1.9888
copy_path_bench	1M|f64|negrow|pos	0.6399	2.0104
copy_path_bench	1M|f64|negcol|pos	0.6868	2.2308
copy_path_bench	1M|f64|bcast|pos	0.30025	1.8109
copy_path_bench	1M|c128|C|pos	0.7595	6.0342
copy_path_bench	1M|c128|F|pos	0.7229	6.1175
copy_path_bench	1M|c128|T|pos	0.7659	6.1727
copy_path_bench	1M|c128|strided|pos	1.0326	3.1057
copy_path_bench	1M|c128|sliced|pos	2.147	7.4172
copy_path_bench	1M|c128|negrow|pos	2.1683	7.7446
copy_path_bench	1M|c128|negcol|pos	2.1753	10.1102
copy_path_bench	1M|c128|bcast|pos	0.3895	6.3813
elementwise_layout_bench	100K|f64|C|add	0.019085714285714286	0.156317
elementwise_layout_bench	100K|f64|C|mul	0.01985	0.0651333
elementwise_layout_bench	100K|f64|C|neg	0.019326315789473685	0.0377857
elementwise_layout_bench	100K|f64|C|abs	0.020496774193548385	0.0244292
elementwise_layout_bench	100K|f64|C|sqrt	0.05489285714285714	0.0629929
elementwise_layout_bench	100K|f64|C|less	0.00760625	0.00672143
elementwise_layout_bench	100K|f64|C|copy	0.019513636363636365	0.0265
elementwise_layout_bench	100K|f64|F|add	0.020495833333333335	0.0274242
elementwise_layout_bench	100K|f64|F|mul	0.020416666666666666	0.0275394
elementwise_layout_bench	100K|f64|F|neg	0.020221951219512195	0.0249958
elementwise_layout_bench	100K|f64|F|abs	0.020145	0.0259184
elementwise_layout_bench	100K|f64|F|sqrt	0.05485	0.0629857
elementwise_layout_bench	100K|f64|F|less	0.007560465116279069	0.00885149
elementwise_layout_bench	100K|f64|F|copy	0.030605882352941177	0.0381381
elementwise_layout_bench	100K|f64|T|add	0.020556666666666668	0.0264471
elementwise_layout_bench	100K|f64|T|mul	0.020694999999999998	0.0275636
elementwise_layout_bench	100K|f64|T|neg	0.020493617021276594	0.0401455
elementwise_layout_bench	100K|f64|T|abs	0.02096190476190476	0.0347067
elementwise_layout_bench	100K|f64|T|sqrt	0.2796666666666667	0.0551667
elementwise_layout_bench	100K|f64|T|less	0.014382758620689657	0.00673394
elementwise_layout_bench	100K|f64|T|copy	0.05895	0.071
elementwise_layout_bench	100K|f64|strided|add	0.19005	0.0286629
elementwise_layout_bench	100K|f64|strided|mul	0.18328	0.0301375
elementwise_layout_bench	100K|f64|strided|neg	0.09427777777777778	0.0163267
elementwise_layout_bench	100K|f64|strided|abs	0.09311	0.0165466
elementwise_layout_bench	100K|f64|strided|sqrt	0.14193333333333333	0.142143
elementwise_layout_bench	100K|f64|strided|less	0.05252	0.024395
elementwise_layout_bench	100K|f64|strided|copy	0.031380952380952384	0.0288793
elementwise_layout_bench	100K|f64|sliced|add	0.03365714285714286	0.10075
elementwise_layout_bench	100K|f64|sliced|mul	0.0378	0.126783
elementwise_layout_bench	100K|f64|sliced|neg	0.0329	0.0532833
elementwise_layout_bench	100K|f64|sliced|abs	0.03311666666666666	0.0530846
elementwise_layout_bench	100K|f64|sliced|sqrt	0.2777	0.3084
elementwise_layout_bench	100K|f64|sliced|less	0.06727999999999999	0.07665
elementwise_layout_bench	100K|f64|sliced|copy	0.031891666666666665	0.0274741
elementwise_layout_bench	100K|f64|negrow|add	0.0340125	0.119429
elementwise_layout_bench	100K|f64|negrow|mul	0.03889130434782608	0.114962
elementwise_layout_bench	100K|f64|negrow|neg	0.033600000000000005	0.0519462
elementwise_layout_bench	100K|f64|negrow|abs	0.038578260869565215	0.0518357
elementwise_layout_bench	100K|f64|negrow|sqrt	0.2811	0.309833
elementwise_layout_bench	100K|f64|negrow|less	0.07016	0.0737
elementwise_layout_bench	100K|f64|negrow|copy	0.032433333333333335	0.0258655
elementwise_layout_bench	100K|f64|negcol|add	0.36496666666666666	0.15776
elementwise_layout_bench	100K|f64|negcol|mul	0.3646	0.15818
elementwise_layout_bench	100K|f64|negcol|neg	0.183925	0.0812889
elementwise_layout_bench	100K|f64|negcol|abs	0.18428	0.0811333
elementwise_layout_bench	100K|f64|negcol|sqrt	0.28363333333333335	0.33765
elementwise_layout_bench	100K|f64|negcol|less	0.09921428571428571	0.132143
elementwise_layout_bench	100K|f64|negcol|copy	0.05827	0.05585
elementwise_layout_bench	100K|f64|bcast|add	0.033320833333333334	0.0712375
elementwise_layout_bench	100K|f64|bcast|mul	0.032228	0.0946273
elementwise_layout_bench	100K|f64|bcast|neg	0.03163214285714286	0.0467154
elementwise_layout_bench	100K|f64|bcast|abs	0.03270689655172414	0.0468786
elementwise_layout_bench	100K|f64|bcast|sqrt	0.28096666666666664	0.300767
elementwise_layout_bench	100K|f64|bcast|less	0.04765	0.0621273
elementwise_layout_bench	100K|f64|bcast|copy	0.0286	0.0234812
elementwise_layout_bench	100K|f32|C|add	0.01485	0.00684382
elementwise_layout_bench	100K|f32|C|mul	0.016159523809523808	0.0106852
elementwise_layout_bench	100K|f32|C|neg	0.01594473684210526	0.0113512
elementwise_layout_bench	100K|f32|C|abs	0.015745945945945947	0.0113425
elementwise_layout_bench	100K|f32|C|sqrt	0.07024615384615385	0.0715
elementwise_layout_bench	100K|f32|C|less	0.0077505882352941185	0.00998367
elementwise_layout_bench	100K|f32|C|copy	0.014569565217391304	0.0108165
elementwise_layout_bench	100K|f32|F|add	0.014241666666666666	0.0106747
elementwise_layout_bench	100K|f32|F|mul	0.015289705882352941	0.0056593
elementwise_layout_bench	100K|f32|F|neg	0.015998305084745763	0.0113605
elementwise_layout_bench	100K|f32|F|abs	0.016454166666666666	0.010175
elementwise_layout_bench	100K|f32|F|sqrt	0.07025	0.0714929
elementwise_layout_bench	100K|f32|F|less	0.007755681818181818	0.0107976
elementwise_layout_bench	100K|f32|F|copy	0.05377058823529412	0.0457591
elementwise_layout_bench	100K|f32|T|add	0.01675434782608696	0.0106172
elementwise_layout_bench	100K|f32|T|mul	0.016209677419354838	0.010661
elementwise_layout_bench	100K|f32|T|neg	0.016258490566037738	0.0113622
elementwise_layout_bench	100K|f32|T|abs	0.016325	0.0113151
elementwise_layout_bench	100K|f32|T|sqrt	0.07023076923076924	0.0714786
elementwise_layout_bench	100K|f32|T|less	0.007758536585365854	0.0100111
elementwise_layout_bench	100K|f32|T|copy	0.05408125	0.0457136
elementwise_layout_bench	100K|f32|strided|add	0.09334444444444444	0.0285758
elementwise_layout_bench	100K|f32|strided|mul	0.09328333333333333	0.0286029
elementwise_layout_bench	100K|f32|strided|neg	0.04930625	0.0474143
elementwise_layout_bench	100K|f32|strided|abs	0.04918	0.00983775
elementwise_layout_bench	100K|f32|strided|sqrt	0.05061875	0.0373269
elementwise_layout_bench	100K|f32|strided|less	0.05295384615384616	0.0243683
elementwise_layout_bench	100K|f32|strided|copy	0.028654545454545453	0.0216244
elementwise_layout_bench	100K|f32|sliced|add	0.01959	0.0398208
elementwise_layout_bench	100K|f32|sliced|mul	0.019441176470588236	0.0399217
elementwise_layout_bench	100K|f32|sliced|neg	0.018358536585365855	0.0262
elementwise_layout_bench	100K|f32|sliced|abs	0.02093695652173913	0.0263405
elementwise_layout_bench	100K|f32|sliced|sqrt	0.07098333333333333	0.08591
elementwise_layout_bench	100K|f32|sliced|less	0.06362999999999999	0.041987
elementwise_layout_bench	100K|f32|sliced|copy	0.0158	0.014134
elementwise_layout_bench	100K|f32|negrow|add	0.018433333333333336	0.0420045
elementwise_layout_bench	100K|f32|negrow|mul	0.02085925925925926	0.0419957
elementwise_layout_bench	100K|f32|negrow|neg	0.01796969696969697	0.0272714
elementwise_layout_bench	100K|f32|negrow|abs	0.018573809523809524	0.0275182
elementwise_layout_bench	100K|f32|negrow|sqrt	0.07234166666666667	0.0866727
elementwise_layout_bench	100K|f32|negrow|less	0.069025	0.038376
elementwise_layout_bench	100K|f32|negrow|copy	0.016183333333333334	0.0135467
elementwise_layout_bench	100K|f32|negcol|add	0.184475	0.0493556
elementwise_layout_bench	100K|f32|negcol|mul	0.18424000000000001	0.107233
elementwise_layout_bench	100K|f32|negcol|neg	0.0945625	0.061
elementwise_layout_bench	100K|f32|negcol|abs	0.09459	0.0610867
elementwise_layout_bench	100K|f32|negcol|sqrt	0.09467	0.117088
elementwise_layout_bench	100K|f32|negcol|less	0.09475555555555555	0.1023
elementwise_layout_bench	100K|f32|negcol|copy	0.05330666666666666	0.045
elementwise_layout_bench	100K|f32|bcast|add	0.01596578947368421	0.0381737
elementwise_layout_bench	100K|f32|bcast|mul	0.017908196721311477	0.0381769
elementwise_layout_bench	100K|f32|bcast|neg	0.018104081632653063	0.0249485
elementwise_layout_bench	100K|f32|bcast|abs	0.018213999999999998	0.0251974
elementwise_layout_bench	100K|f32|bcast|sqrt	0.07253076923076923	0.080625
elementwise_layout_bench	100K|f32|bcast|less	0.06498888888888889	0.0319065
elementwise_layout_bench	100K|f32|bcast|copy	0.01372	0.0117095
elementwise_layout_bench	100K|c128|C|add	0.088475	0.356667
elementwise_layout_bench	100K|c128|C|mul	0.10593333333333334	0.2862
elementwise_layout_bench	100K|c128|C|neg	0.08851666666666667	0.6374
elementwise_layout_bench	100K|c128|C|abs	0.3733666666666667	0.469
elementwise_layout_bench	100K|c128|C|sqrt	0.9442	1.3994
elementwise_layout_bench	100K|c128|C|less	0.19018	0.106967
elementwise_layout_bench	100K|c128|C|copy	0.07036923076923077	0.318267
elementwise_layout_bench	100K|c128|F|add	0.08844999999999999	0.338933
elementwise_layout_bench	100K|c128|F|mul	0.10572857142857142	0.4249
elementwise_layout_bench	100K|c128|F|neg	0.0884625	0.6735
elementwise_layout_bench	100K|c128|F|abs	0.33253333333333335	0.4693
elementwise_layout_bench	100K|c128|F|sqrt	0.9441	1.3686
elementwise_layout_bench	100K|c128|F|less	0.19016	0.106956
elementwise_layout_bench	100K|c128|F|copy	0.08825714285714285	0.49095
elementwise_layout_bench	100K|c128|T|add	0.0889875	0.351
elementwise_layout_bench	100K|c128|T|mul	0.10598571428571428	0.40925
elementwise_layout_bench	100K|c128|T|neg	0.0895	0.6683
elementwise_layout_bench	100K|c128|T|abs	0.33246666666666663	0.4685
elementwise_layout_bench	100K|c128|T|sqrt	0.9441	0.8842
elementwise_layout_bench	100K|c128|T|less	0.19038	0.06845
elementwise_layout_bench	100K|c128|T|copy	0.09012	0.5165
elementwise_layout_bench	100K|c128|strided|add	0.06704444444444445	0.0363609
elementwise_layout_bench	100K|c128|strided|mul	0.0766	0.0392467
elementwise_layout_bench	100K|c128|strided|neg	0.06514285714285714	0.214925
elementwise_layout_bench	100K|c128|strided|abs	0.1839	0.2396
elementwise_layout_bench	100K|c128|strided|sqrt	0.4908	0.58535
elementwise_layout_bench	100K|c128|strided|less	0.12796666666666667	0.0580786
elementwise_layout_bench	100K|c128|strided|copy	0.03916666666666666	0.136429
elementwise_layout_bench	100K|c128|sliced|add	0.094175	0.51225
elementwise_layout_bench	100K|c128|sliced|mul	0.1183	0.5143
elementwise_layout_bench	100K|c128|sliced|neg	0.052366666666666666	0.7277
elementwise_layout_bench	100K|c128|sliced|abs	0.3337666666666667	0.5183
elementwise_layout_bench	100K|c128|sliced|sqrt	0.9391	1.4663
elementwise_layout_bench	100K|c128|sliced|less	0.2048	0.21235
elementwise_layout_bench	100K|c128|sliced|copy	0.0643	0.3819
elementwise_layout_bench	100K|c128|negrow|add	0.09755714285714286	0.5281
elementwise_layout_bench	100K|c128|negrow|mul	0.12062857142857143	0.5303
elementwise_layout_bench	100K|c128|negrow|neg	0.080775	0.7388
elementwise_layout_bench	100K|c128|negrow|abs	0.3397333333333334	0.5251
elementwise_layout_bench	100K|c128|negrow|sqrt	0.9543	1.4849
elementwise_layout_bench	100K|c128|negrow|less	0.20651999999999998	0.21875
elementwise_layout_bench	100K|c128|negrow|copy	0.06505	0.3814
elementwise_layout_bench	100K|c128|negcol|add	0.12525999999999998	0.9529
elementwise_layout_bench	100K|c128|negcol|mul	0.15048333333333333	0.9475
elementwise_layout_bench	100K|c128|negcol|neg	0.114	0.9169
elementwise_layout_bench	100K|c128|negcol|abs	0.3635	0.7369
elementwise_layout_bench	100K|c128|negcol|sqrt	0.9814	0.9481
elementwise_layout_bench	100K|c128|negcol|less	0.2571	0.6505
elementwise_layout_bench	100K|c128|negcol|copy	0.07436000000000001	0.46325
elementwise_layout_bench	100K|c128|bcast|add	0.094175	0.48915
elementwise_layout_bench	100K|c128|bcast|mul	0.1172	0.49115
elementwise_layout_bench	100K|c128|bcast|neg	0.07612222222222223	0.707
elementwise_layout_bench	100K|c128|bcast|abs	0.33759999999999996	0.5097
elementwise_layout_bench	100K|c128|bcast|sqrt	0.9509	1.4645
elementwise_layout_bench	100K|c128|bcast|less	0.20659999999999998	0.193825
elementwise_layout_bench	100K|c128|bcast|copy	0.03197777777777778	0.39825
elementwise_layout_bench	100K|f16|C|add	0.8921	0.61545
elementwise_layout_bench	100K|f16|C|mul	0.8916	0.6094
elementwise_layout_bench	100K|f16|C|neg	0.04879	0.0495789
elementwise_layout_bench	100K|f16|C|abs	0.048799999999999996	0.04966
elementwise_layout_bench	100K|f16|C|sqrt	0.6501	0.44425
elementwise_layout_bench	100K|f16|C|less	0.20026000000000002	0.234625
elementwise_layout_bench	100K|f16|C|copy	0.007589743589743589	0.00598613
elementwise_layout_bench	100K|f16|F|add	0.8917	0.5954
elementwise_layout_bench	100K|f16|F|mul	0.8917	0.6326
elementwise_layout_bench	100K|f16|F|neg	0.04875263157894737	0.04956
elementwise_layout_bench	100K|f16|F|abs	0.0188	0.0496474
elementwise_layout_bench	100K|f16|F|sqrt	0.6496	0.4442
elementwise_layout_bench	100K|f16|F|less	0.22005	0.23465
elementwise_layout_bench	100K|f16|F|copy	0.06725333333333333	0.0518529
elementwise_layout_bench	100K|f16|T|add	0.892	0.6275
elementwise_layout_bench	100K|f16|T|mul	0.892	0.65485
elementwise_layout_bench	100K|f16|T|neg	0.048785	0.0495421
elementwise_layout_bench	100K|f16|T|abs	0.048755	0.04961
elementwise_layout_bench	100K|f16|T|sqrt	0.6497	0.44425
elementwise_layout_bench	100K|f16|T|less	0.217675	0.234625
elementwise_layout_bench	100K|f16|T|copy	0.06728666666666668	0.0518632
elementwise_layout_bench	100K|f16|strided|add	0.481	0.3171
elementwise_layout_bench	100K|f16|strided|mul	0.48355	0.321933
elementwise_layout_bench	100K|f16|strided|neg	0.039185	0.0266229
elementwise_layout_bench	100K|f16|strided|abs	0.039327777777777774	0.0267486
elementwise_layout_bench	100K|f16|strided|sqrt	0.37056666666666666	0.192225
elementwise_layout_bench	100K|f16|strided|less	0.13666666666666666	0.118937
elementwise_layout_bench	100K|f16|strided|copy	0.007358974358974359	0.0256522
elementwise_layout_bench	100K|f16|sliced|add	0.8804	0.62315
elementwise_layout_bench	100K|f16|sliced|mul	0.8802	0.6519
elementwise_layout_bench	100K|f16|sliced|neg	0.05336470588235294	0.0568647
elementwise_layout_bench	100K|f16|sliced|abs	0.0534	0.0569625
elementwise_layout_bench	100K|f16|sliced|sqrt	0.6466	0.4529
elementwise_layout_bench	100K|f16|sliced|less	0.245675	0.245825
elementwise_layout_bench	100K|f16|sliced|copy	0.00855	0.00811833
elementwise_layout_bench	100K|f16|negrow|add	0.892	0.6361
elementwise_layout_bench	100K|f16|negrow|mul	0.8925	0.6449
elementwise_layout_bench	100K|f16|negrow|neg	0.05389375	0.0567471
elementwise_layout_bench	100K|f16|negrow|abs	0.054000000000000006	0.0568059
elementwise_layout_bench	100K|f16|negrow|sqrt	0.6582	0.4554
elementwise_layout_bench	100K|f16|negrow|less	0.249975	0.247575
elementwise_layout_bench	100K|f16|negrow|copy	0.008625531914893616	0.00799512
elementwise_layout_bench	100K|f16|negcol|add	0.9573	0.7276
elementwise_layout_bench	100K|f16|negcol|mul	0.9616	0.7533
elementwise_layout_bench	100K|f16|negcol|neg	0.07272857142857143	0.100244
elementwise_layout_bench	100K|f16|negcol|abs	0.07299166666666666	0.10036
elementwise_layout_bench	100K|f16|negcol|sqrt	0.7361	0.4967
elementwise_layout_bench	100K|f16|negcol|less	0.2661	0.336833
elementwise_layout_bench	100K|f16|negcol|copy	0.009906666666666666	0.0514368
elementwise_layout_bench	100K|f16|bcast|add	0.8908	0.6326
elementwise_layout_bench	100K|f16|bcast|mul	0.891	0.6573
elementwise_layout_bench	100K|f16|bcast|neg	0.05338421052631579	0.0542875
elementwise_layout_bench	100K|f16|bcast|abs	0.05325882352941176	0.0544412
elementwise_layout_bench	100K|f16|bcast|sqrt	0.6545	0.4534
elementwise_layout_bench	100K|f16|bcast|less	0.2491	0.244225
elementwise_layout_bench	100K|f16|bcast|copy	0.007157446808510637	0.00554253
elementwise_layout_bench	100K|i32|C|add	0.014869565217391306	0.0481143
elementwise_layout_bench	100K|i32|C|mul	0.015373809523809526	0.0510105
elementwise_layout_bench	100K|i32|C|neg	0.01515	0.0109644
elementwise_layout_bench	100K|i32|C|abs	0.015459999999999998	0.049335
elementwise_layout_bench	100K|i32|C|sqrt	0.2796666666666667	0.334267
elementwise_layout_bench	100K|i32|C|less	0.00859	0.00604342
elementwise_layout_bench	100K|i32|C|copy	0.015282608695652173	0.0107076
elementwise_layout_bench	100K|i32|F|add	0.015063157894736843	0.0480571
elementwise_layout_bench	100K|i32|F|mul	0.015534999999999998	0.0509737
elementwise_layout_bench	100K|i32|F|neg	0.0164825	0.0109538
elementwise_layout_bench	100K|i32|F|abs	0.017248076923076925	0.049235
elementwise_layout_bench	100K|i32|F|sqrt	0.2797	0.0778333
elementwise_layout_bench	100K|i32|F|less	0.008708571428571428	0.0108129
elementwise_layout_bench	100K|i32|F|copy	0.053785714285714284	0.04575
elementwise_layout_bench	100K|i32|T|add	0.016706451612903225	0.0480895
elementwise_layout_bench	100K|i32|T|mul	0.015002941176470589	0.0510158
elementwise_layout_bench	100K|i32|T|neg	0.016423214285714284	0.0109345
elementwise_layout_bench	100K|i32|T|abs	0.015064516129032259	0.04929
elementwise_layout_bench	100K|i32|T|sqrt	0.2797	0.334233
elementwise_layout_bench	100K|i32|T|less	0.008945	0.0107967
elementwise_layout_bench	100K|i32|T|copy	0.053923529411764703	0.0456955
elementwise_layout_bench	100K|i32|strided|add	0.09319999999999999	0.0278917
elementwise_layout_bench	100K|i32|strided|mul	0.09298999999999999	0.0278886
elementwise_layout_bench	100K|i32|strided|neg	0.04876315789473684	0.04738
elementwise_layout_bench	100K|i32|strided|abs	0.04895882352941177	0.0278771
elementwise_layout_bench	100K|i32|strided|sqrt	0.18182	0.1719
elementwise_layout_bench	100K|i32|strided|less	0.04712857142857143	0.0287088
elementwise_layout_bench	100K|i32|strided|copy	0.028325925925925928	0.00958409
elementwise_layout_bench	100K|i32|sliced|add	0.01947826086956522	0.0770667
elementwise_layout_bench	100K|i32|sliced|mul	0.01936153846153846	0.0815667
elementwise_layout_bench	100K|i32|sliced|neg	0.020770454545454547	0.0266314
elementwise_layout_bench	100K|i32|sliced|abs	0.020746666666666667	0.0649462
elementwise_layout_bench	100K|i32|sliced|sqrt	0.31836666666666663	0.332533
elementwise_layout_bench	100K|i32|sliced|less	0.05884615384615385	0.0379
elementwise_layout_bench	100K|i32|sliced|copy	0.015769565217391306	0.0143676
elementwise_layout_bench	100K|i32|negrow|add	0.018757142857142854	0.0757615
elementwise_layout_bench	100K|i32|negrow|mul	0.01918787878787879	0.0800417
elementwise_layout_bench	100K|i32|negrow|neg	0.017934375	0.0270405
elementwise_layout_bench	100K|i32|negrow|abs	0.01981272727272727	0.0652667
elementwise_layout_bench	100K|i32|negrow|sqrt	0.3217666666666667	0.336667
elementwise_layout_bench	100K|i32|negrow|less	0.06075454545454546	0.0390955
elementwise_layout_bench	100K|i32|negrow|copy	0.015742105263157894	0.0136169
elementwise_layout_bench	100K|i32|negcol|add	0.18372	0.138286
elementwise_layout_bench	100K|i32|negcol|mul	0.18356	0.142683
elementwise_layout_bench	100K|i32|negcol|neg	0.09387999999999999	0.0604091
elementwise_layout_bench	100K|i32|negcol|abs	0.09392	0.0951
elementwise_layout_bench	100K|i32|negcol|sqrt	0.08900000000000001	0.336367
elementwise_layout_bench	100K|i32|negcol|less	0.08702	0.102656
elementwise_layout_bench	100K|i32|negcol|copy	0.05352222222222222	0.0450182
elementwise_layout_bench	100K|i32|bcast|add	0.017590384615384615	0.0677444
elementwise_layout_bench	100K|i32|bcast|mul	0.015841666666666667	0.0719667
elementwise_layout_bench	100K|i32|bcast|neg	0.017183999999999998	0.0239
elementwise_layout_bench	100K|i32|bcast|abs	0.017177777777777778	0.0593118
elementwise_layout_bench	100K|i32|bcast|sqrt	0.3199666666666667	0.0804
elementwise_layout_bench	100K|i32|bcast|less	0.059507142857142856	0.0336167
elementwise_layout_bench	100K|i32|bcast|copy	0.013322727272727274	0.0117232
elementwise_layout_bench	100K|i64|C|add	0.028585714285714287	0.0481412
elementwise_layout_bench	100K|i64|C|mul	0.03981578947368421	0.0539562
elementwise_layout_bench	100K|i64|C|neg	0.05589411764705882	0.0267576
elementwise_layout_bench	100K|i64|C|abs	0.05598	0.0540667
elementwise_layout_bench	100K|i64|C|sqrt	0.2797	0.3355
elementwise_layout_bench	100K|i64|C|less	0.017970454545454543	0.0156397
elementwise_layout_bench	100K|i64|C|copy	0.028969230769230768	0.0201536
elementwise_layout_bench	100K|i64|F|add	0.032813636363636364	0.0481278
elementwise_layout_bench	100K|i64|F|mul	0.04330869565217391	0.054
elementwise_layout_bench	100K|i64|F|neg	0.0557	0.020612
elementwise_layout_bench	100K|i64|F|abs	0.05557857142857143	0.0540625
elementwise_layout_bench	100K|i64|F|sqrt	0.2797	0.3368
elementwise_layout_bench	100K|i64|F|less	0.01795098039215686	0.0156444
elementwise_layout_bench	100K|i64|F|copy	0.059481818181818184	0.0568429
elementwise_layout_bench	100K|i64|T|add	0.03188928571428572	0.0481667
elementwise_layout_bench	100K|i64|T|mul	0.03981428571428571	0.0568813
elementwise_layout_bench	100K|i64|T|neg	0.05599166666666667	0.0273242
elementwise_layout_bench	100K|i64|T|abs	0.05595	0.0586067
elementwise_layout_bench	100K|i64|T|sqrt	0.2797	0.336
elementwise_layout_bench	100K|i64|T|less	0.01796078431372549	0.0156373
elementwise_layout_bench	100K|i64|T|copy	0.05835	0.056925
elementwise_layout_bench	100K|i64|strided|add	0.18282	0.0256
elementwise_layout_bench	100K|i64|strided|mul	0.18308	0.0301333
elementwise_layout_bench	100K|i64|strided|neg	0.03829444444444444	0.0164277
elementwise_layout_bench	100K|i64|strided|abs	0.04358421052631579	0.0280543
elementwise_layout_bench	100K|i64|strided|sqrt	0.17515	0.040775
elementwise_layout_bench	100K|i64|strided|less	0.04705714285714286	0.0167271
elementwise_layout_bench	100K|i64|strided|copy	0.031161904761904762	0.0288941
elementwise_layout_bench	100K|i64|sliced|add	0.03395833333333333	0.125614
elementwise_layout_bench	100K|i64|sliced|mul	0.04678947368421053	0.136071
elementwise_layout_bench	100K|i64|sliced|neg	0.046964285714285715	0.0500667
elementwise_layout_bench	100K|i64|sliced|abs	0.03489285714285714	0.0774714
elementwise_layout_bench	100K|i64|sliced|sqrt	0.3226333333333333	0.33335
elementwise_layout_bench	100K|i64|sliced|less	0.060160000000000005	0.0643
elementwise_layout_bench	100K|i64|sliced|copy	0.03221538461538462	0.0267407
elementwise_layout_bench	100K|i64|negrow|add	0.033354545454545456	0.131486
elementwise_layout_bench	100K|i64|negrow|mul	0.046	0.145833
elementwise_layout_bench	100K|i64|negrow|neg	0.04869333333333334	0.0495308
elementwise_layout_bench	100K|i64|negrow|abs	0.06558461538461538	0.0804556
elementwise_layout_bench	100K|i64|negrow|sqrt	0.32763333333333333	0.338067
elementwise_layout_bench	100K|i64|negrow|less	0.061585714285714285	0.0702692
elementwise_layout_bench	100K|i64|negrow|copy	0.031663636363636366	0.02569
elementwise_layout_bench	100K|i64|negcol|add	0.3655333333333333	0.16078
elementwise_layout_bench	100K|i64|negcol|mul	0.3647	0.16934
elementwise_layout_bench	100K|i64|negcol|neg	0.06691666666666667	0.07971
elementwise_layout_bench	100K|i64|negcol|abs	0.08326363636363637	0.110743
elementwise_layout_bench	100K|i64|negcol|sqrt	0.3359666666666667	0.3268
elementwise_layout_bench	100K|i64|negcol|less	0.08719	0.130843
elementwise_layout_bench	100K|i64|negcol|copy	0.05816	0.0559067
elementwise_layout_bench	100K|i64|bcast|add	0.03235416666666666	0.0872333
elementwise_layout_bench	100K|i64|bcast|mul	0.04413333333333333	0.095
elementwise_layout_bench	100K|i64|bcast|neg	0.046926315789473684	0.0457429
elementwise_layout_bench	100K|i64|bcast|abs	0.0639	0.07125
elementwise_layout_bench	100K|i64|bcast|sqrt	0.3263333333333333	0.3342
elementwise_layout_bench	100K|i64|bcast|less	0.059427272727272724	0.05964
elementwise_layout_bench	100K|i64|bcast|copy	0.027684615384615384	0.0267939
elementwise_layout_bench	1M|f64|C|add	0.5054	1.5797
elementwise_layout_bench	1M|f64|C|mul	0.5129	1.6963
elementwise_layout_bench	1M|f64|C|neg	0.5016	1.7173
elementwise_layout_bench	1M|f64|C|abs	0.5399	1.2764
elementwise_layout_bench	1M|f64|C|sqrt	2.8054	3.5811
elementwise_layout_bench	1M|f64|C|less	0.22613333333333333	0.276367
elementwise_layout_bench	1M|f64|C|copy	0.38015	1.179
elementwise_layout_bench	1M|f64|F|add	0.5584	1.6929
elementwise_layout_bench	1M|f64|F|mul	0.5195	1.7472
elementwise_layout_bench	1M|f64|F|neg	0.5534	1.6874
elementwise_layout_bench	1M|f64|F|abs	0.5267	1.6977
elementwise_layout_bench	1M|f64|F|sqrt	2.8059	3.6373
elementwise_layout_bench	1M|f64|F|less	0.22873333333333334	0.28655
elementwise_layout_bench	1M|f64|F|copy	0.9397	1.5143
elementwise_layout_bench	1M|f64|T|add	0.5214	1.7509
elementwise_layout_bench	1M|f64|T|mul	0.4459	1.7038
elementwise_layout_bench	1M|f64|T|neg	0.5269	1.692
elementwise_layout_bench	1M|f64|T|abs	0.5292	1.7188
elementwise_layout_bench	1M|f64|T|sqrt	2.8053	3.5865
elementwise_layout_bench	1M|f64|T|less	0.226575	0.286167
elementwise_layout_bench	1M|f64|T|copy	0.5263	1.9608
elementwise_layout_bench	1M|f64|strided|add	1.8248	0.9438
elementwise_layout_bench	1M|f64|strided|mul	1.8231	0.9475
elementwise_layout_bench	1M|f64|strided|neg	0.9116	0.9547
elementwise_layout_bench	1M|f64|strided|abs	0.9123	0.9722
elementwise_layout_bench	1M|f64|strided|sqrt	1.4097	1.8751
elementwise_layout_bench	1M|f64|strided|less	0.49025	0.2562
elementwise_layout_bench	1M|f64|strided|copy	0.3475	1.0046
elementwise_layout_bench	1M|f64|sliced|add	0.544	2.2366
elementwise_layout_bench	1M|f64|sliced|mul	0.5244	2.2855
elementwise_layout_bench	1M|f64|sliced|neg	0.5568	1.9422
elementwise_layout_bench	1M|f64|sliced|abs	0.5437	2.0584
elementwise_layout_bench	1M|f64|sliced|sqrt	2.7997	4.1392
elementwise_layout_bench	1M|f64|sliced|less	0.63165	0.7966
elementwise_layout_bench	1M|f64|sliced|copy	0.5742	1.7288
elementwise_layout_bench	1M|f64|negrow|add	0.5609	2.2794
elementwise_layout_bench	1M|f64|negrow|mul	0.545	2.2594
elementwise_layout_bench	1M|f64|negrow|neg	0.5773	2.0006
elementwise_layout_bench	1M|f64|negrow|abs	0.5489	1.9834
elementwise_layout_bench	1M|f64|negrow|sqrt	2.8158	3.993
elementwise_layout_bench	1M|f64|negrow|less	0.6451	0.808
elementwise_layout_bench	1M|f64|negrow|copy	0.5475	1.7285
elementwise_layout_bench	1M|f64|negcol|add	3.634	2.8671
elementwise_layout_bench	1M|f64|negcol|mul	3.6441	2.7733
elementwise_layout_bench	1M|f64|negcol|neg	1.8184	2.1928
elementwise_layout_bench	1M|f64|negcol|abs	1.8172	2.2447
elementwise_layout_bench	1M|f64|negcol|sqrt	2.8606	4.1823
elementwise_layout_bench	1M|f64|negcol|less	0.9366	1.3046
elementwise_layout_bench	1M|f64|negcol|copy	0.6627	1.7431
elementwise_layout_bench	1M|f64|bcast|add	0.3118	1.9872
elementwise_layout_bench	1M|f64|bcast|mul	0.298	2.0053
elementwise_layout_bench	1M|f64|bcast|neg	0.3109	1.7194
elementwise_layout_bench	1M|f64|bcast|abs	0.2995	1.7936
elementwise_layout_bench	1M|f64|bcast|sqrt	2.8099	3.7733
elementwise_layout_bench	1M|f64|bcast|less	0.6138	0.5808
elementwise_layout_bench	1M|f64|bcast|copy	0.3064	1.5884
elementwise_layout_bench	1M|f32|C|add	0.22765	0.9247
elementwise_layout_bench	1M|f32|C|mul	0.23356666666666667	0.925
elementwise_layout_bench	1M|f32|C|neg	0.22496666666666668	0.9331
elementwise_layout_bench	1M|f32|C|abs	0.22285	0.8769
elementwise_layout_bench	1M|f32|C|sqrt	0.7007	1.1434
elementwise_layout_bench	1M|f32|C|less	0.11113999999999999	0.117617
elementwise_layout_bench	1M|f32|C|copy	0.17851999999999998	0.6704
elementwise_layout_bench	1M|f32|F|add	0.23095	0.8461
elementwise_layout_bench	1M|f32|F|mul	0.21876666666666666	0.932
elementwise_layout_bench	1M|f32|F|neg	0.22116666666666665	0.9492
elementwise_layout_bench	1M|f32|F|abs	0.22356666666666666	1.0145
elementwise_layout_bench	1M|f32|F|sqrt	0.7006	1.1751
elementwise_layout_bench	1M|f32|F|less	0.10598333333333333	0.115525
elementwise_layout_bench	1M|f32|F|copy	0.7831	1.3304
elementwise_layout_bench	1M|f32|T|add	0.23265	0.8544
elementwise_layout_bench	1M|f32|T|mul	0.264	0.8765
elementwise_layout_bench	1M|f32|T|neg	0.31475	0.895
elementwise_layout_bench	1M|f32|T|abs	0.2954	0.9152
elementwise_layout_bench	1M|f32|T|sqrt	0.7008	1.1419
elementwise_layout_bench	1M|f32|T|less	0.1064	0.118638
elementwise_layout_bench	1M|f32|T|copy	0.7694	1.249
elementwise_layout_bench	1M|f32|strided|add	0.9119	0.51535
elementwise_layout_bench	1M|f32|strided|mul	0.9106	0.53285
elementwise_layout_bench	1M|f32|strided|neg	0.4615	0.699
elementwise_layout_bench	1M|f32|strided|abs	0.46115	0.5216
elementwise_layout_bench	1M|f32|strided|sqrt	0.4615	0.5663
elementwise_layout_bench	1M|f32|strided|less	0.4851	0.223425
elementwise_layout_bench	1M|f32|strided|copy	0.2704666666666667	0.4949
elementwise_layout_bench	1M|f32|sliced|add	0.22215	1.1312
elementwise_layout_bench	1M|f32|sliced|mul	0.12215	1.1442
elementwise_layout_bench	1M|f32|sliced|neg	0.23646666666666669	1.0319
elementwise_layout_bench	1M|f32|sliced|abs	0.2258	1.0436
elementwise_layout_bench	1M|f32|sliced|sqrt	0.7058	1.356
elementwise_layout_bench	1M|f32|sliced|less	0.6143	0.39825
elementwise_layout_bench	1M|f32|sliced|copy	0.24085	0.8732
elementwise_layout_bench	1M|f32|negrow|add	0.2474	1.182
elementwise_layout_bench	1M|f32|negrow|mul	0.2417	1.1715
elementwise_layout_bench	1M|f32|negrow|neg	0.2438	1.0507
elementwise_layout_bench	1M|f32|negrow|abs	0.24796666666666667	1.055
elementwise_layout_bench	1M|f32|negrow|sqrt	0.1538	1.3175
elementwise_layout_bench	1M|f32|negrow|less	0.6381	0.4002
elementwise_layout_bench	1M|f32|negrow|copy	0.25786666666666663	0.9185
elementwise_layout_bench	1M|f32|negcol|add	1.8209	1.802
elementwise_layout_bench	1M|f32|negcol|mul	1.8215	1.7754
elementwise_layout_bench	1M|f32|negcol|neg	0.914	1.2924
elementwise_layout_bench	1M|f32|negcol|abs	0.9147	1.3043
elementwise_layout_bench	1M|f32|negcol|sqrt	0.9194	1.553
elementwise_layout_bench	1M|f32|negcol|less	0.9288	0.9751
elementwise_layout_bench	1M|f32|negcol|copy	0.5234	0.938
elementwise_layout_bench	1M|f32|bcast|add	0.1439	1.0713
elementwise_layout_bench	1M|f32|bcast|mul	0.16945	0.7783
elementwise_layout_bench	1M|f32|bcast|neg	0.17190000000000003	0.9777
elementwise_layout_bench	1M|f32|bcast|abs	0.13746666666666665	0.9574
elementwise_layout_bench	1M|f32|bcast|sqrt	0.7024	1.2585
elementwise_layout_bench	1M|f32|bcast|less	0.6079	0.289067
elementwise_layout_bench	1M|f32|bcast|copy	0.13515	0.8148
elementwise_layout_bench	1M|c128|C|add	2.1883	3.8212
elementwise_layout_bench	1M|c128|C|mul	2.2506	3.852
elementwise_layout_bench	1M|c128|C|neg	2.1445	6.0231
elementwise_layout_bench	1M|c128|C|abs	3.3508	5.5412
elementwise_layout_bench	1M|c128|C|sqrt	9.5401	14.2746
elementwise_layout_bench	1M|c128|C|less	1.9076	1.122
elementwise_layout_bench	1M|c128|C|copy	0.7642	2.3969
elementwise_layout_bench	1M|c128|F|add	2.1888	3.7451
elementwise_layout_bench	1M|c128|F|mul	0.9459	3.8923
elementwise_layout_bench	1M|c128|F|neg	2.1719	5.958
elementwise_layout_bench	1M|c128|F|abs	3.3469	5.522
elementwise_layout_bench	1M|c128|F|sqrt	8.2406	12.2578
elementwise_layout_bench	1M|c128|F|less	1.9127	1.1242
elementwise_layout_bench	1M|c128|F|copy	2.741	5.6302
elementwise_layout_bench	1M|c128|T|add	2.2154	3.733
elementwise_layout_bench	1M|c128|T|mul	2.3048	3.8473
elementwise_layout_bench	1M|c128|T|neg	2.1894	6.1148
elementwise_layout_bench	1M|c128|T|abs	3.376	5.6282
elementwise_layout_bench	1M|c128|T|sqrt	9.5946	13.548
elementwise_layout_bench	1M|c128|T|less	1.9055	1.1078
elementwise_layout_bench	1M|c128|T|copy	2.7696	5.4997
elementwise_layout_bench	1M|c128|strided|add	1.0319	2.0011
elementwise_layout_bench	1M|c128|strided|mul	1.0539	2.0067
elementwise_layout_bench	1M|c128|strided|neg	0.9618	3.1503
elementwise_layout_bench	1M|c128|strided|abs	1.8154	2.837
elementwise_layout_bench	1M|c128|strided|sqrt	4.9219	7.055
elementwise_layout_bench	1M|c128|strided|less	1.2698	0.6381
elementwise_layout_bench	1M|c128|strided|copy	0.9304	2.3089
elementwise_layout_bench	1M|c128|sliced|add	2.293	4.8509
elementwise_layout_bench	1M|c128|sliced|mul	2.2311	4.7341
elementwise_layout_bench	1M|c128|sliced|neg	0.8827	7.6419
elementwise_layout_bench	1M|c128|sliced|abs	1.6433	6.4712
elementwise_layout_bench	1M|c128|sliced|sqrt	9.6377	9.1341
elementwise_layout_bench	1M|c128|sliced|less	2.044	2.1284
elementwise_layout_bench	1M|c128|sliced|copy	2.0194	3.8323
elementwise_layout_bench	1M|c128|negrow|add	2.3072	4.8909
elementwise_layout_bench	1M|c128|negrow|mul	2.2025	4.9625
elementwise_layout_bench	1M|c128|negrow|neg	2.2	7.8884
elementwise_layout_bench	1M|c128|negrow|abs	3.4276	3.895
elementwise_layout_bench	1M|c128|negrow|sqrt	9.7643	15.7135
elementwise_layout_bench	1M|c128|negrow|less	2.094	2.2547
elementwise_layout_bench	1M|c128|negrow|copy	2.0686	3.9852
elementwise_layout_bench	1M|c128|negcol|add	2.3101	8.9191
elementwise_layout_bench	1M|c128|negcol|mul	2.3226	8.9657
elementwise_layout_bench	1M|c128|negcol|neg	2.2991	8.9434
elementwise_layout_bench	1M|c128|negcol|abs	3.708	4.3682
elementwise_layout_bench	1M|c128|negcol|sqrt	10.2963	9.8059
elementwise_layout_bench	1M|c128|negcol|less	2.5539	6.6162
elementwise_layout_bench	1M|c128|negcol|copy	2.1655	4.4931
elementwise_layout_bench	1M|c128|bcast|add	0.9884	4.0192
elementwise_layout_bench	1M|c128|bcast|mul	1.2045	4.0279
elementwise_layout_bench	1M|c128|bcast|neg	0.9021	6.5463
elementwise_layout_bench	1M|c128|bcast|abs	3.3572	5.8805
elementwise_layout_bench	1M|c128|bcast|sqrt	9.6379	13.852
elementwise_layout_bench	1M|c128|bcast|less	2.0164	1.9145
elementwise_layout_bench	1M|c128|bcast|copy	0.8144	3.3666
elementwise_layout_bench	1M|f16|C|add	9.0324	6.5082
elementwise_layout_bench	1M|f16|C|mul	8.97	6.8129
elementwise_layout_bench	1M|f16|C|neg	0.4896	0.7064
elementwise_layout_bench	1M|f16|C|abs	0.4895	0.7143
elementwise_layout_bench	1M|f16|C|sqrt	6.5171	4.8245
elementwise_layout_bench	1M|f16|C|less	2.1052	2.3382
elementwise_layout_bench	1M|f16|C|copy	0.08853	0.3625
elementwise_layout_bench	1M|f16|F|add	9.1402	6.5606
elementwise_layout_bench	1M|f16|F|mul	9.0675	2.9639
elementwise_layout_bench	1M|f16|F|neg	0.48925	0.7046
elementwise_layout_bench	1M|f16|F|abs	0.4892	0.7135
elementwise_layout_bench	1M|f16|F|sqrt	6.5325	4.84
elementwise_layout_bench	1M|f16|F|less	2.1029	2.3383
elementwise_layout_bench	1M|f16|F|copy	0.7606	1.0222
elementwise_layout_bench	1M|f16|T|add	9.0033	6.6005
elementwise_layout_bench	1M|f16|T|mul	9.0095	6.8636
elementwise_layout_bench	1M|f16|T|neg	0.48905	0.7103
elementwise_layout_bench	1M|f16|T|abs	0.48855	0.7184
elementwise_layout_bench	1M|f16|T|sqrt	6.5173	4.7222
elementwise_layout_bench	1M|f16|T|less	2.1026	2.3379
elementwise_layout_bench	1M|f16|T|copy	0.763	0.9805
elementwise_layout_bench	1M|f16|strided|add	4.7852	3.165
elementwise_layout_bench	1M|f16|strided|mul	4.8122	3.2521
elementwise_layout_bench	1M|f16|strided|neg	0.34705	0.128825
elementwise_layout_bench	1M|f16|strided|abs	0.34663333333333335	0.127775
elementwise_layout_bench	1M|f16|strided|sqrt	3.6816	2.2337
elementwise_layout_bench	1M|f16|strided|less	1.3525	0.5488
elementwise_layout_bench	1M|f16|strided|copy	0.04645	0.0923625
elementwise_layout_bench	1M|f16|sliced|add	9.0842	6.564
elementwise_layout_bench	1M|f16|sliced|mul	9.1974	6.747
elementwise_layout_bench	1M|f16|sliced|neg	0.5041	0.7979
elementwise_layout_bench	1M|f16|sliced|abs	0.50275	0.8435
elementwise_layout_bench	1M|f16|sliced|sqrt	6.513	4.8832
elementwise_layout_bench	1M|f16|sliced|less	2.4831	2.4466
elementwise_layout_bench	1M|f16|sliced|copy	0.08386666666666666	0.46445
elementwise_layout_bench	1M|f16|negrow|add	9.1173	6.5816
elementwise_layout_bench	1M|f16|negrow|mul	9.1219	6.8789
elementwise_layout_bench	1M|f16|negrow|neg	0.5061	0.8265
elementwise_layout_bench	1M|f16|negrow|abs	0.50555	0.8417
elementwise_layout_bench	1M|f16|negrow|sqrt	6.6093	4.91
elementwise_layout_bench	1M|f16|negrow|less	2.4914	2.4609
elementwise_layout_bench	1M|f16|negrow|copy	0.0841	0.521
elementwise_layout_bench	1M|f16|negcol|add	9.5853	7.7028
elementwise_layout_bench	1M|f16|negcol|mul	9.691	7.9123
elementwise_layout_bench	1M|f16|negcol|neg	0.6832	1.2808
elementwise_layout_bench	1M|f16|negcol|abs	0.6856	1.2796
elementwise_layout_bench	1M|f16|negcol|sqrt	7.4315	5.4106
elementwise_layout_bench	1M|f16|negcol|less	2.6746	3.3308
elementwise_layout_bench	1M|f16|negcol|copy	0.08227999999999999	0.7773
elementwise_layout_bench	1M|f16|bcast|add	9.0402	6.4982
elementwise_layout_bench	1M|f16|bcast|mul	9.1856	6.8941
elementwise_layout_bench	1M|f16|bcast|neg	0.49535	0.8152
elementwise_layout_bench	1M|f16|bcast|abs	0.4944	0.8118
elementwise_layout_bench	1M|f16|bcast|sqrt	6.5359	4.8832
elementwise_layout_bench	1M|f16|bcast|less	2.4906	2.4174
elementwise_layout_bench	1M|f16|bcast|copy	0.06528	0.4907
elementwise_layout_bench	1M|i32|C|add	0.2125	1.0055
elementwise_layout_bench	1M|i32|C|mul	0.20523333333333335	0.9939
elementwise_layout_bench	1M|i32|C|neg	0.2089	0.9992
elementwise_layout_bench	1M|i32|C|abs	0.21486666666666665	0.9805
elementwise_layout_bench	1M|i32|C|sqrt	2.8074	4.1332
elementwise_layout_bench	1M|i32|C|less	0.11211666666666666	0.109478
elementwise_layout_bench	1M|i32|C|copy	0.17934	0.6982
elementwise_layout_bench	1M|i32|F|add	0.20685	0.9187
elementwise_layout_bench	1M|i32|F|mul	0.2094	0.9506
elementwise_layout_bench	1M|i32|F|neg	0.21046666666666666	0.8876
elementwise_layout_bench	1M|i32|F|abs	0.20655	1.0349
elementwise_layout_bench	1M|i32|F|sqrt	2.8067	4.1297
elementwise_layout_bench	1M|i32|F|less	0.10851999999999999	0.11
elementwise_layout_bench	1M|i32|F|copy	0.7701	1.2037
elementwise_layout_bench	1M|i32|T|add	0.11423333333333334	0.9269
elementwise_layout_bench	1M|i32|T|mul	0.20576666666666665	0.9535
elementwise_layout_bench	1M|i32|T|neg	0.19853333333333334	0.8809
elementwise_layout_bench	1M|i32|T|abs	0.2127	0.9905
elementwise_layout_bench	1M|i32|T|sqrt	2.8092	4.1965
elementwise_layout_bench	1M|i32|T|less	0.11091999999999999	0.109567
elementwise_layout_bench	1M|i32|T|copy	0.7704	1.2235
elementwise_layout_bench	1M|i32|strided|add	0.9113	0.5202
elementwise_layout_bench	1M|i32|strided|mul	0.911	0.52185
elementwise_layout_bench	1M|i32|strided|neg	0.45995	0.7651
elementwise_layout_bench	1M|i32|strided|abs	0.46035	0.6082
elementwise_layout_bench	1M|i32|strided|sqrt	1.719	2.1777
elementwise_layout_bench	1M|i32|strided|less	0.4549	0.26775
elementwise_layout_bench	1M|i32|strided|copy	0.2702	0.5728
elementwise_layout_bench	1M|i32|sliced|add	0.226	1.2554
elementwise_layout_bench	1M|i32|sliced|mul	0.12346666666666667	1.2896
elementwise_layout_bench	1M|i32|sliced|neg	0.22366666666666668	1.0842
elementwise_layout_bench	1M|i32|sliced|abs	0.22829999999999998	1.1835
elementwise_layout_bench	1M|i32|sliced|sqrt	3.1692	1.5509
elementwise_layout_bench	1M|i32|sliced|less	0.5798	0.197325
elementwise_layout_bench	1M|i32|sliced|copy	0.22355	0.9521
elementwise_layout_bench	1M|i32|negrow|add	0.23195	1.3129
elementwise_layout_bench	1M|i32|negrow|mul	0.2231	1.3064
elementwise_layout_bench	1M|i32|negrow|neg	0.22113333333333332	1.0987
elementwise_layout_bench	1M|i32|negrow|abs	0.22196666666666667	1.1584
elementwise_layout_bench	1M|i32|negrow|sqrt	3.2029	4.1614
elementwise_layout_bench	1M|i32|negrow|less	0.603	0.4051
elementwise_layout_bench	1M|i32|negrow|copy	0.2251	0.9719
elementwise_layout_bench	1M|i32|negcol|add	1.8273	1.8811
elementwise_layout_bench	1M|i32|negcol|mul	1.8214	1.9336
elementwise_layout_bench	1M|i32|negcol|neg	0.9152	1.3896
elementwise_layout_bench	1M|i32|negcol|abs	0.9132	1.4172
elementwise_layout_bench	1M|i32|negcol|sqrt	3.3953	4.1708
elementwise_layout_bench	1M|i32|negcol|less	0.8654	0.9799
elementwise_layout_bench	1M|i32|negcol|copy	0.52405	1.0163
elementwise_layout_bench	1M|i32|bcast|add	0.13743333333333332	1.1971
elementwise_layout_bench	1M|i32|bcast|mul	0.1376	1.2349
elementwise_layout_bench	1M|i32|bcast|neg	0.139675	0.9974
elementwise_layout_bench	1M|i32|bcast|abs	0.1668333333333333	1.0774
elementwise_layout_bench	1M|i32|bcast|sqrt	3.1739	4.2069
elementwise_layout_bench	1M|i32|bcast|less	0.5705	0.2948
elementwise_layout_bench	1M|i32|bcast|copy	0.14243333333333333	0.9261
elementwise_layout_bench	1M|i64|C|add	0.5462	1.7431
elementwise_layout_bench	1M|i64|C|mul	0.5999	1.6944
elementwise_layout_bench	1M|i64|C|neg	0.6368	1.6841
elementwise_layout_bench	1M|i64|C|abs	0.6446	1.7546
elementwise_layout_bench	1M|i64|C|sqrt	2.8081	4.2067
elementwise_layout_bench	1M|i64|C|less	0.25166666666666665	0.2355
elementwise_layout_bench	1M|i64|C|copy	0.378	1.2315
elementwise_layout_bench	1M|i64|F|add	0.5189	1.7703
elementwise_layout_bench	1M|i64|F|mul	0.5756	1.7584
elementwise_layout_bench	1M|i64|F|neg	0.6296	1.7026
elementwise_layout_bench	1M|i64|F|abs	0.4203	1.8143
elementwise_layout_bench	1M|i64|F|sqrt	2.8074	4.432
elementwise_layout_bench	1M|i64|F|less	0.24953333333333336	0.203325
elementwise_layout_bench	1M|i64|F|copy	0.9622	1.4689
elementwise_layout_bench	1M|i64|T|add	0.5356	1.7395
elementwise_layout_bench	1M|i64|T|mul	0.5837	1.7522
elementwise_layout_bench	1M|i64|T|neg	0.6528	1.7132
elementwise_layout_bench	1M|i64|T|abs	0.6813	1.7298
elementwise_layout_bench	1M|i64|T|sqrt	2.8112	4.231
elementwise_layout_bench	1M|i64|T|less	0.25206666666666666	0.238675
elementwise_layout_bench	1M|i64|T|copy	0.9585	1.979
elementwise_layout_bench	1M|i64|strided|add	1.8284	0.8767
elementwise_layout_bench	1M|i64|strided|mul	1.8191	0.6687
elementwise_layout_bench	1M|i64|strided|neg	0.408	0.691
elementwise_layout_bench	1M|i64|strided|abs	0.4152	1.0106
elementwise_layout_bench	1M|i64|strided|sqrt	1.7097	2.1523
elementwise_layout_bench	1M|i64|strided|less	0.46235	0.274733
elementwise_layout_bench	1M|i64|strided|copy	0.3661	1.0202
elementwise_layout_bench	1M|i64|sliced|add	0.5525	2.2722
elementwise_layout_bench	1M|i64|sliced|mul	0.6071	2.3557
elementwise_layout_bench	1M|i64|sliced|neg	0.5936	1.9401
elementwise_layout_bench	1M|i64|sliced|abs	0.7026	1.9658
elementwise_layout_bench	1M|i64|sliced|sqrt	3.2316	4.1442
elementwise_layout_bench	1M|i64|sliced|less	0.608	0.7809
elementwise_layout_bench	1M|i64|sliced|copy	0.5786	1.6801
elementwise_layout_bench	1M|i64|negrow|add	0.5608	2.217
elementwise_layout_bench	1M|i64|negrow|mul	0.6158	2.246
elementwise_layout_bench	1M|i64|negrow|neg	0.5946	1.9674
elementwise_layout_bench	1M|i64|negrow|abs	0.7174	2.0019
elementwise_layout_bench	1M|i64|negrow|sqrt	3.3452	4.2846
elementwise_layout_bench	1M|i64|negrow|less	0.6187	0.7831
elementwise_layout_bench	1M|i64|negrow|copy	0.5762	1.6906
elementwise_layout_bench	1M|i64|negcol|add	3.6546	2.8066
elementwise_layout_bench	1M|i64|negcol|mul	3.6712	2.8437
elementwise_layout_bench	1M|i64|negcol|neg	0.7241	2.2432
elementwise_layout_bench	1M|i64|negcol|abs	0.8462	2.2525
elementwise_layout_bench	1M|i64|negcol|sqrt	3.3501	4.1655
elementwise_layout_bench	1M|i64|negcol|less	0.8789	0.6524
elementwise_layout_bench	1M|i64|negcol|copy	0.6469	1.7879
elementwise_layout_bench	1M|i64|bcast|add	0.2904	1.9838
elementwise_layout_bench	1M|i64|bcast|mul	0.4163	1.8574
elementwise_layout_bench	1M|i64|bcast|neg	0.4293	1.7797
elementwise_layout_bench	1M|i64|bcast|abs	0.6012	1.8595
elementwise_layout_bench	1M|i64|bcast|sqrt	3.2035	4.1894
elementwise_layout_bench	1M|i64|bcast|less	0.5622	0.56795
elementwise_layout_bench	1M|i64|bcast|copy	0.28625	1.5895
