Operation,Suite,DType,N,Scenario,NumPy ms,Managed ms,Managed availability,OpenBLAS ms,OpenBLAS availability,Effective backend,Effective NumSharp ms,NPY/NS,Status
"np.polyfit(x, y, 3)",Api,float64,1000,,0.0449,,missing_backend,0.0663,available,openblas,0.0663,0.677225,slower
"np.polyfit(x, y, 3)",Api,float64,100000,,0.4632,,missing_backend,0.6043,available,openblas,0.6043,0.766507,slower
"np.polyfit(x, y, 3)",Api,float64,10000000,,5.1652,,missing_backend,4.2502,available,openblas,4.2502,1.215284,faster
np.roots(p),Api,float64,1000,,0.0366,,missing_backend,0.0341,available,openblas,0.0341,1.073314,faster
np.roots(p),Api,float64,100000,,0.0977,,missing_backend,0.0947,available,openblas,0.0947,1.031679,close
np.roots(p),Api,float64,10000000,,0.4097,,missing_backend,0.4145,available,openblas,0.4145,0.98842,close
np.array2string(a) (float64),ApiSurface,float64,1,,0.016337,0.000406,available,,not_measured,managed,0.000406,40.238916,negligible
np.array2string(a) (float64),ApiSurface,float64,1000,,1.9878,0.994672,available,,not_measured,managed,0.994672,1.998448,faster
np.array_repr(a) (float64),ApiSurface,float64,1,,0.017783,0.000575,available,,not_measured,managed,0.000575,30.926957,negligible
np.array_repr(a) (float64),ApiSurface,float64,1000,,1.9917,1.053484,available,,not_measured,managed,1.053484,1.890584,faster
np.array_str(a) (float64),ApiSurface,float64,1,,0.016874,0.00043,available,,not_measured,managed,0.00043,39.24186,negligible
np.array_str(a) (float64),ApiSurface,float64,1000,,1.9823,0.913138,available,,not_measured,managed,0.913138,2.170866,faster
"np.can_cast(from, to) (float64)",ApiSurface,float64,1,,0.000211,1.4e-05,available,,not_measured,managed,1.4e-05,15.071429,negligible
"np.can_cast(from, to) (float64)",ApiSurface,float64,1000,,0.00021,2.4e-05,available,,not_measured,managed,2.4e-05,8.75,negligible
"np.common_type(a, b) (float64)",ApiSurface,float64,1,,0.000817,1.7e-05,available,,not_measured,managed,1.7e-05,48.058824,negligible
"np.common_type(a, b) (float64)",ApiSurface,float64,1000,,0.000815,3e-05,available,,not_measured,managed,3e-05,27.166667,negligible
"np.copyto(dst, src) (float64)",ApiSurface,float64,1,,0.000278,0.000204,available,,not_measured,managed,0.000204,1.362745,negligible
"np.copyto(dst, src) (float64)",ApiSurface,float64,1000,,0.000543,0.000386,available,,not_measured,managed,0.000386,1.406736,negligible
np.format_float_positional(x) (float64),ApiSurface,float64,1,,0.000474,0.000293,available,,not_measured,managed,0.000293,1.617747,negligible
np.format_float_positional(x) (float64),ApiSurface,float64,1000,,0.000479,0.000433,available,,not_measured,managed,0.000433,1.106236,negligible
np.format_float_scientific(x) (float64),ApiSurface,float64,1,,0.000476,0.000426,available,,not_measured,managed,0.000426,1.117371,negligible
np.format_float_scientific(x) (float64),ApiSurface,float64,1000,,0.000471,0.000407,available,,not_measured,managed,0.000407,1.157248,negligible
np.fromfile(path) (float64),ApiSurface,float64,1000,,0.031543,0.045493,available,,not_measured,managed,0.045493,0.693359,slower
np.get_printoptions() (float64),ApiSurface,float64,1,,0.000325,0.000242,available,,not_measured,managed,0.000242,1.342975,negligible
np.get_printoptions() (float64),ApiSurface,float64,1000,,0.00032,0.000285,available,,not_measured,managed,0.000285,1.122807,negligible
"np.isdtype(dtype, kind) (float64)",ApiSurface,float64,1,,0.000688,3.8e-05,available,,not_measured,managed,3.8e-05,18.105263,negligible
"np.isdtype(dtype, kind) (float64)",ApiSurface,float64,1000,,0.000671,3.6e-05,available,,not_measured,managed,3.6e-05,18.638889,negligible
"np.issubdtype(dtype, kind) (float64)",ApiSurface,float64,1,,0.000181,3.2e-05,available,,not_measured,managed,3.2e-05,5.65625,negligible
"np.issubdtype(dtype, kind) (float64)",ApiSurface,float64,1000,,0.000177,3.3e-05,available,,not_measured,managed,3.3e-05,5.363636,negligible
np.iterable(a) (float64),ApiSurface,float64,1,,9.7e-05,0.0,available,,not_measured,managed,0.0,,no_data
np.iterable(a) (float64),ApiSurface,float64,1000,,9.5e-05,0.0,available,,not_measured,managed,0.0,,no_data
np.load(path) (float64),ApiSurface,float64,1000,,0.061731,0.057998,available,,not_measured,managed,0.057998,1.064364,faster
np.loadtxt(path) (float64),ApiSurface,float64,1000,,0.2788,0.618225,available,,not_measured,managed,0.618225,0.450968,slower
np.min_scalar_type(value) (float64),ApiSurface,float64,1,,0.00027,3e-06,available,,not_measured,managed,3e-06,90.0,negligible
np.min_scalar_type(value) (float64),ApiSurface,float64,1000,,0.000271,3e-06,available,,not_measured,managed,3e-06,90.333333,negligible
np.mintypecode(typechars) (float64),ApiSurface,float64,1,,0.000711,0.000174,available,,not_measured,managed,0.000174,4.086207,negligible
np.mintypecode(typechars) (float64),ApiSurface,float64,1000,,0.000717,0.000193,available,,not_measured,managed,0.000193,3.715026,negligible
"np.nested_iters(a, axes) (float64)",ApiSurface,float64,1,,0.000475,0.001768,available,,not_measured,managed,0.001768,0.268665,negligible
"np.nested_iters(a, axes) (float64)",ApiSurface,float64,1000,,0.000474,0.001993,available,,not_measured,managed,0.001993,0.237832,negligible
np.poly(roots) (float64),ApiSurface,float64,1000,,0.022477,0.14662,available,,not_measured,managed,0.14662,0.153301,much_slower
"np.polyadd(p, q) (float64)",ApiSurface,float64,1000,,0.001674,0.000934,available,,not_measured,managed,0.000934,1.792291,negligible
np.polyder(p) (float64),ApiSurface,float64,1000,,0.002526,0.001914,available,,not_measured,managed,0.001914,1.319749,faster
"np.polydiv(p, q) (float64)",ApiSurface,float64,1000,,0.1046,0.204709,available,,not_measured,managed,0.204709,0.510969,slower
np.polyint(p) (float64),ApiSurface,float64,1000,,0.002954,0.004513,available,,not_measured,managed,0.004513,0.654554,slower
"np.polymul(p, q) (float64)",ApiSurface,float64,1000,,0.014454,0.010127,available,,not_measured,managed,0.010127,1.427274,faster
"np.polysub(p, q) (float64)",ApiSurface,float64,1000,,0.001741,0.002154,available,,not_measured,managed,0.002154,0.808264,close
"np.polyval(p, x) (float64)",ApiSurface,float64,1000,,0.020091,0.105058,available,,not_measured,managed,0.105058,0.191237,much_slower
np.printoptions() (float64),ApiSurface,float64,1,,0.003287,0.000127,available,,not_measured,managed,0.000127,25.88189,negligible
np.printoptions() (float64),ApiSurface,float64,1000,,0.003384,8.9e-05,available,,not_measured,managed,8.9e-05,38.022472,negligible
"np.promote_types(a, b) (float64)",ApiSurface,float64,1,,0.000133,1.2e-05,available,,not_measured,managed,1.2e-05,11.083333,negligible
"np.promote_types(a, b) (float64)",ApiSurface,float64,1000,,0.000133,1.2e-05,available,,not_measured,managed,1.2e-05,11.083333,negligible
"np.result_type(a, b) (float64)",ApiSurface,float64,1,,0.000147,5e-06,available,,not_measured,managed,5e-06,29.4,negligible
"np.result_type(a, b) (float64)",ApiSurface,float64,1000,,0.000148,6e-06,available,,not_measured,managed,6e-06,24.666667,negligible
"np.save(path, a) (float64)",ApiSurface,float64,1000,,0.133133,0.362033,available,,not_measured,managed,0.362033,0.367737,slower
"np.savetxt(path, a) (float64)",ApiSurface,float64,1000,,1.6039,1.158384,available,,not_measured,managed,1.158384,1.384601,faster
"np.savez(path, a) (float64)",ApiSurface,float64,1000,,0.19268,1.3628,available,,not_measured,managed,1.3628,0.141385,much_slower
"np.savez_compressed(path, a) (float64)",ApiSurface,float64,1000,,0.314033,0.337785,available,,not_measured,managed,0.337785,0.929683,close
np.set_printoptions() (float64),ApiSurface,float64,1,,0.001981,5e-05,available,,not_measured,managed,5e-05,39.62,negligible
np.set_printoptions() (float64),ApiSurface,float64,1000,,0.001942,5.1e-05,available,,not_measured,managed,5.1e-05,38.078431,negligible
a % 7 (literal) (float32),Arithmetic,float32,1000,,0.013876,0.007763,available,,not_measured,managed,0.007763,1.787453,faster
a % 7 (literal) (float32),Arithmetic,float32,100000,,1.619,1.117341,available,,not_measured,managed,1.117341,1.448976,faster
a % 7 (literal) (float32),Arithmetic,float32,10000000,,169.1575,112.0555,available,,not_measured,managed,112.0555,1.509587,faster
a % 7 (literal) (float64),Arithmetic,float64,1000,,0.011493,0.006044,available,,not_measured,managed,0.006044,1.901555,faster
a % 7 (literal) (float64),Arithmetic,float64,100000,,1.406,1.086042,available,,not_measured,managed,1.086042,1.294609,faster
a % 7 (literal) (float64),Arithmetic,float64,10000000,,150.5645,116.2286,available,,not_measured,managed,116.2286,1.295417,faster
a % 7 (literal) (int32),Arithmetic,int32,1000,,0.001846,0.001935,available,,not_measured,managed,0.001935,0.954005,close
a % 7 (literal) (int32),Arithmetic,int32,100000,,0.387633,0.450487,available,,not_measured,managed,0.450487,0.860475,close
a % 7 (literal) (int32),Arithmetic,int32,10000000,,44.213,46.6106,available,,not_measured,managed,46.6106,0.948561,close
a % 7 (literal) (int64),Arithmetic,int64,1000,,0.003559,0.003116,available,,not_measured,managed,0.003116,1.142169,faster
a % 7 (literal) (int64),Arithmetic,int64,100000,,0.3894,0.521329,available,,not_measured,managed,0.521329,0.746937,slower
a % 7 (literal) (int64),Arithmetic,int64,10000000,,49.1383,58.9948,available,,not_measured,managed,58.9948,0.832926,close
a % b (element-wise) (float32),Arithmetic,float32,1000,,0.011479,0.005686,available,,not_measured,managed,0.005686,2.018818,faster
a % b (element-wise) (float32),Arithmetic,float32,100000,,1.4677,0.966806,available,,not_measured,managed,0.966806,1.518092,faster
a % b (element-wise) (float32),Arithmetic,float32,10000000,,156.605,99.4526,available,,not_measured,managed,99.4526,1.57467,faster
a % b (element-wise) (float64),Arithmetic,float64,1000,,0.010197,0.004784,available,,not_measured,managed,0.004784,2.13148,faster
a % b (element-wise) (float64),Arithmetic,float64,100000,,1.2472,0.884363,available,,not_measured,managed,0.884363,1.410281,faster
a % b (element-wise) (float64),Arithmetic,float64,10000000,,137.7658,96.834,available,,not_measured,managed,96.834,1.422701,faster
a % b (element-wise) (int32),Arithmetic,int32,1000,,0.001519,0.0015,available,,not_measured,managed,0.0015,1.012667,close
a % b (element-wise) (int32),Arithmetic,int32,100000,,0.3587,0.410318,available,,not_measured,managed,0.410318,0.8742,close
a % b (element-wise) (int32),Arithmetic,int32,10000000,,42.3833,44.0635,available,,not_measured,managed,44.0635,0.961869,close
a % b (element-wise) (int64),Arithmetic,int64,1000,,0.003138,0.002316,available,,not_measured,managed,0.002316,1.354922,faster
a % b (element-wise) (int64),Arithmetic,int64,100000,,0.359367,0.50083,available,,not_measured,managed,0.50083,0.717543,slower
a % b (element-wise) (int64),Arithmetic,int64,10000000,,47.5133,57.0377,available,,not_measured,managed,57.0377,0.833016,close
a * 2 (literal) (complex128),Arithmetic,complex128,1000,,0.000882,0.002251,available,,not_measured,managed,0.002251,0.391826,negligible
a * 2 (literal) (complex128),Arithmetic,complex128,100000,,0.2699,0.078122,available,,not_measured,managed,0.078122,3.454853,faster
a * 2 (literal) (complex128),Arithmetic,complex128,10000000,,30.0631,25.0328,available,,not_measured,managed,25.0328,1.200948,faster
a * 2 (literal) (float16),Arithmetic,float16,1000,,0.003412,0.005528,available,,not_measured,managed,0.005528,0.617221,slower
a * 2 (literal) (float16),Arithmetic,float16,100000,,0.274625,0.46247,available,,not_measured,managed,0.46247,0.593822,slower
a * 2 (literal) (float16),Arithmetic,float16,10000000,,30.1613,46.4492,available,,not_measured,managed,46.4492,0.649339,slower
a * 2 (literal) (float32),Arithmetic,float32,1000,,0.000685,0.001433,available,,not_measured,managed,0.001433,0.478018,negligible
a * 2 (literal) (float32),Arithmetic,float32,100000,,0.005965,0.013336,available,,not_measured,managed,0.013336,0.447286,slower
a * 2 (literal) (float32),Arithmetic,float32,10000000,,7.8304,5.0193,available,,not_measured,managed,5.0193,1.560058,faster
a * 2 (literal) (float64),Arithmetic,float64,1000,,0.000742,0.001926,available,,not_measured,managed,0.001926,0.385254,negligible
a * 2 (literal) (float64),Arithmetic,float64,100000,,0.011452,0.027477,available,,not_measured,managed,0.027477,0.416785,slower
a * 2 (literal) (float64),Arithmetic,float64,10000000,,15.7442,12.7846,available,,not_measured,managed,12.7846,1.231497,faster
a * 2 (literal) (int16),Arithmetic,int16,1000,,0.000847,0.001206,available,,not_measured,managed,0.001206,0.702322,negligible
a * 2 (literal) (int16),Arithmetic,int16,100000,,0.021571,0.007297,available,,not_measured,managed,0.007297,2.956146,faster
a * 2 (literal) (int16),Arithmetic,int16,10000000,,4.1793,2.966711,available,,not_measured,managed,2.966711,1.408732,faster
a * 2 (literal) (int32),Arithmetic,int32,1000,,0.000847,0.001245,available,,not_measured,managed,0.001245,0.680321,negligible
a * 2 (literal) (int32),Arithmetic,int32,100000,,0.021557,0.012502,available,,not_measured,managed,0.012502,1.724284,faster
a * 2 (literal) (int32),Arithmetic,int32,10000000,,7.576,4.91295,available,,not_measured,managed,4.91295,1.542047,faster
a * 2 (literal) (int64),Arithmetic,int64,1000,,0.000823,0.001798,available,,not_measured,managed,0.001798,0.457731,negligible
a * 2 (literal) (int64),Arithmetic,int64,100000,,0.021474,0.026784,available,,not_measured,managed,0.026784,0.801747,close
a * 2 (literal) (int64),Arithmetic,int64,10000000,,14.9032,12.25825,available,,not_measured,managed,12.25825,1.215769,faster
a * 2 (literal) (int8),Arithmetic,int8,1000,,0.000795,0.001066,available,,not_measured,managed,0.001066,0.745779,negligible
a * 2 (literal) (int8),Arithmetic,int8,100000,,0.021478,0.005298,available,,not_measured,managed,0.005298,4.053983,faster
a * 2 (literal) (int8),Arithmetic,int8,10000000,,3.0029,0.907594,available,,not_measured,managed,0.907594,3.308638,faster
a * 2 (literal) (uint16),Arithmetic,uint16,1000,,0.000861,0.00122,available,,not_measured,managed,0.00122,0.705738,negligible
a * 2 (literal) (uint16),Arithmetic,uint16,100000,,0.021515,0.007303,available,,not_measured,managed,0.007303,2.94605,faster
a * 2 (literal) (uint16),Arithmetic,uint16,10000000,,4.1735,2.77175,available,,not_measured,managed,2.77175,1.505727,faster
a * 2 (literal) (uint32),Arithmetic,uint32,1000,,0.000854,0.001564,available,,not_measured,managed,0.001564,0.546036,negligible
a * 2 (literal) (uint32),Arithmetic,uint32,100000,,0.021547,0.01333,available,,not_measured,managed,0.01333,1.616429,faster
a * 2 (literal) (uint32),Arithmetic,uint32,10000000,,8.3804,4.752125,available,,not_measured,managed,4.752125,1.763506,faster
a * 2 (literal) (uint64),Arithmetic,uint64,1000,,0.000862,0.001791,available,,not_measured,managed,0.001791,0.481295,negligible
a * 2 (literal) (uint64),Arithmetic,uint64,100000,,0.021545,0.027957,available,,not_measured,managed,0.027957,0.770648,slower
a * 2 (literal) (uint64),Arithmetic,uint64,10000000,,14.8181,12.7819,available,,not_measured,managed,12.7819,1.159303,faster
a * 2 (literal) (uint8),Arithmetic,uint8,1000,,0.000796,0.001279,available,,not_measured,managed,0.001279,0.622361,negligible
a * 2 (literal) (uint8),Arithmetic,uint8,100000,,0.0215,0.005047,available,,not_measured,managed,0.005047,4.259956,faster
a * 2 (literal) (uint8),Arithmetic,uint8,10000000,,3.0663,0.906594,available,,not_measured,managed,0.906594,3.38222,faster
a * a (square) (complex128),Arithmetic,complex128,1000,,0.000663,0.001171,available,,not_measured,managed,0.001171,0.566183,negligible
a * a (square) (complex128),Arithmetic,complex128,100000,,0.268525,0.080382,available,,not_measured,managed,0.080382,3.340611,faster
a * a (square) (complex128),Arithmetic,complex128,10000000,,28.9536,25.1761,available,,not_measured,managed,25.1761,1.150043,faster
a * a (square) (float16),Arithmetic,float16,1000,,0.003127,0.004887,available,,not_measured,managed,0.004887,0.639861,slower
a * a (square) (float16),Arithmetic,float16,100000,,0.2749,0.463448,available,,not_measured,managed,0.463448,0.593163,slower
a * a (square) (float16),Arithmetic,float16,10000000,,29.8659,46.9236,available,,not_measured,managed,46.9236,0.636479,slower
a * a (square) (float32),Arithmetic,float32,1000,,0.000397,0.00062,available,,not_measured,managed,0.00062,0.640323,negligible
a * a (square) (float32),Arithmetic,float32,100000,,0.005685,0.012317,available,,not_measured,managed,0.012317,0.461557,slower
a * a (square) (float32),Arithmetic,float32,10000000,,7.6042,4.89755,available,,not_measured,managed,4.89755,1.552654,faster
a * a (square) (float64),Arithmetic,float64,1000,,0.000456,0.000717,available,,not_measured,managed,0.000717,0.635983,negligible
a * a (square) (float64),Arithmetic,float64,100000,,0.010862,0.026308,available,,not_measured,managed,0.026308,0.412878,slower
a * a (square) (float64),Arithmetic,float64,10000000,,15.0917,12.8866,available,,not_measured,managed,12.8866,1.171116,faster
a * a (square) (int16),Arithmetic,int16,1000,,0.000643,0.000588,available,,not_measured,managed,0.000588,1.093537,negligible
a * a (square) (int16),Arithmetic,int16,100000,,0.027261,0.006582,available,,not_measured,managed,0.006582,4.14175,faster
a * a (square) (int16),Arithmetic,int16,10000000,,4.6149,2.726437,available,,not_measured,managed,2.726437,1.692649,faster
a * a (square) (int32),Arithmetic,int32,1000,,0.00064,0.000601,available,,not_measured,managed,0.000601,1.064892,negligible
a * a (square) (int32),Arithmetic,int32,100000,,0.027484,0.012301,available,,not_measured,managed,0.012301,2.23429,faster
a * a (square) (int32),Arithmetic,int32,10000000,,7.5495,4.860125,available,,not_measured,managed,4.860125,1.553355,faster
a * a (square) (int64),Arithmetic,int64,1000,,0.000644,0.000719,available,,not_measured,managed,0.000719,0.895688,negligible
a * a (square) (int64),Arithmetic,int64,100000,,0.027538,0.026001,available,,not_measured,managed,0.026001,1.059113,faster
a * a (square) (int64),Arithmetic,int64,10000000,,15.2396,12.6832,available,,not_measured,managed,12.6832,1.201558,faster
a * a (square) (int8),Arithmetic,int8,1000,,0.000596,0.000462,available,,not_measured,managed,0.000462,1.290043,negligible
a * a (square) (int8),Arithmetic,int8,100000,,0.027194,0.005534,available,,not_measured,managed,0.005534,4.913986,faster
a * a (square) (int8),Arithmetic,int8,10000000,,3.6313,0.962678,available,,not_measured,managed,0.962678,3.772082,faster
a * a (square) (uint16),Arithmetic,uint16,1000,,0.00064,0.000586,available,,not_measured,managed,0.000586,1.09215,negligible
a * a (square) (uint16),Arithmetic,uint16,100000,,0.027181,0.006947,available,,not_measured,managed,0.006947,3.912624,faster
a * a (square) (uint16),Arithmetic,uint16,10000000,,4.8102,2.696957,available,,not_measured,managed,2.696957,1.783566,faster
a * a (square) (uint32),Arithmetic,uint32,1000,,0.000639,0.000615,available,,not_measured,managed,0.000615,1.039024,negligible
a * a (square) (uint32),Arithmetic,uint32,100000,,0.027447,0.012281,available,,not_measured,managed,0.012281,2.234916,faster
a * a (square) (uint32),Arithmetic,uint32,10000000,,8.889,4.8956,available,,not_measured,managed,4.8956,1.815712,faster
a * a (square) (uint64),Arithmetic,uint64,1000,,0.000644,0.000714,available,,not_measured,managed,0.000714,0.901961,negligible
a * a (square) (uint64),Arithmetic,uint64,100000,,0.027719,0.025735,available,,not_measured,managed,0.025735,1.077093,faster
a * a (square) (uint64),Arithmetic,uint64,10000000,,14.1493,13.44415,available,,not_measured,managed,13.44415,1.05245,faster
a * a (square) (uint8),Arithmetic,uint8,1000,,0.000603,0.000479,available,,not_measured,managed,0.000479,1.258873,negligible
a * a (square) (uint8),Arithmetic,uint8,100000,,0.027195,0.006057,available,,not_measured,managed,0.006057,4.489846,faster
a * a (square) (uint8),Arithmetic,uint8,10000000,,3.5847,0.944656,available,,not_measured,managed,0.944656,3.794715,faster
a * b (element-wise) (complex128),Arithmetic,complex128,1000,,0.000708,0.001243,available,,not_measured,managed,0.001243,0.56959,negligible
a * b (element-wise) (complex128),Arithmetic,complex128,100000,,0.277425,0.095233,available,,not_measured,managed,0.095233,2.913118,faster
a * b (element-wise) (complex128),Arithmetic,complex128,10000000,,33.0604,27.659,available,,not_measured,managed,27.659,1.195285,faster
a * b (element-wise) (float16),Arithmetic,float16,1000,,0.003129,0.004878,available,,not_measured,managed,0.004878,0.641451,slower
a * b (element-wise) (float16),Arithmetic,float16,100000,,0.27385,0.459727,available,,not_measured,managed,0.459727,0.59568,slower
a * b (element-wise) (float16),Arithmetic,float16,10000000,,30.0854,46.928,available,,not_measured,managed,46.928,0.641097,slower
a * b (element-wise) (float32),Arithmetic,float32,1000,,0.000405,0.000606,available,,not_measured,managed,0.000606,0.668317,negligible
a * b (element-wise) (float32),Arithmetic,float32,100000,,0.006814,0.014081,available,,not_measured,managed,0.014081,0.483914,slower
a * b (element-wise) (float32),Arithmetic,float32,10000000,,8.5094,6.8134,available,,not_measured,managed,6.8134,1.248921,faster
a * b (element-wise) (float64),Arithmetic,float64,1000,,0.000474,0.000734,available,,not_measured,managed,0.000734,0.645777,negligible
a * b (element-wise) (float64),Arithmetic,float64,100000,,0.023237,0.035035,available,,not_measured,managed,0.035035,0.663251,slower
a * b (element-wise) (float64),Arithmetic,float64,10000000,,17.1648,14.4652,available,,not_measured,managed,14.4652,1.186627,faster
a * b (element-wise) (int16),Arithmetic,int16,1000,,0.000638,0.000582,available,,not_measured,managed,0.000582,1.09622,negligible
a * b (element-wise) (int16),Arithmetic,int16,100000,,0.027306,0.007633,available,,not_measured,managed,0.007633,3.577361,faster
a * b (element-wise) (int16),Arithmetic,int16,10000000,,4.8236,3.133738,available,,not_measured,managed,3.133738,1.539248,faster
a * b (element-wise) (int32),Arithmetic,int32,1000,,0.000644,0.000612,available,,not_measured,managed,0.000612,1.052288,negligible
a * b (element-wise) (int32),Arithmetic,int32,100000,,0.027525,0.014734,available,,not_measured,managed,0.014734,1.868128,faster
a * b (element-wise) (int32),Arithmetic,int32,10000000,,8.1824,5.744525,available,,not_measured,managed,5.744525,1.424382,faster
a * b (element-wise) (int64),Arithmetic,int64,1000,,0.000649,0.000719,available,,not_measured,managed,0.000719,0.902643,negligible
a * b (element-wise) (int64),Arithmetic,int64,100000,,0.02968,0.035495,available,,not_measured,managed,0.035495,0.836174,close
a * b (element-wise) (int64),Arithmetic,int64,10000000,,16.6612,14.69105,available,,not_measured,managed,14.69105,1.134105,faster
a * b (element-wise) (int8),Arithmetic,int8,1000,,0.000605,0.00041,available,,not_measured,managed,0.00041,1.47561,negligible
a * b (element-wise) (int8),Arithmetic,int8,100000,,0.027208,0.005505,available,,not_measured,managed,0.005505,4.942416,faster
a * b (element-wise) (int8),Arithmetic,int8,10000000,,3.6138,1.167544,available,,not_measured,managed,1.167544,3.095215,faster
a * b (element-wise) (uint16),Arithmetic,uint16,1000,,0.000633,0.000594,available,,not_measured,managed,0.000594,1.065657,negligible
a * b (element-wise) (uint16),Arithmetic,uint16,100000,,0.027186,0.007184,available,,not_measured,managed,0.007184,3.784243,faster
a * b (element-wise) (uint16),Arithmetic,uint16,10000000,,4.9034,3.1694,available,,not_measured,managed,3.1694,1.547107,faster
a * b (element-wise) (uint32),Arithmetic,uint32,1000,,0.000643,0.000612,available,,not_measured,managed,0.000612,1.050654,negligible
a * b (element-wise) (uint32),Arithmetic,uint32,100000,,0.027614,0.013593,available,,not_measured,managed,0.013593,2.031487,faster
a * b (element-wise) (uint32),Arithmetic,uint32,10000000,,12.2005,5.685375,available,,not_measured,managed,5.685375,2.145945,faster
a * b (element-wise) (uint64),Arithmetic,uint64,1000,,0.000647,0.00075,available,,not_measured,managed,0.00075,0.862667,negligible
a * b (element-wise) (uint64),Arithmetic,uint64,100000,,0.031314,0.035323,available,,not_measured,managed,0.035323,0.886505,close
a * b (element-wise) (uint64),Arithmetic,uint64,10000000,,16.424,15.3227,available,,not_measured,managed,15.3227,1.071874,faster
a * b (element-wise) (uint8),Arithmetic,uint8,1000,,0.000601,0.000495,available,,not_measured,managed,0.000495,1.214141,negligible
a * b (element-wise) (uint8),Arithmetic,uint8,100000,,0.027214,0.00567,available,,not_measured,managed,0.00567,4.799647,faster
a * b (element-wise) (uint8),Arithmetic,uint8,10000000,,3.6281,1.2646,available,,not_measured,managed,1.2646,2.86897,faster
a * scalar (complex128),Arithmetic,complex128,1000,,0.00075,0.00114,available,,not_measured,managed,0.00114,0.657895,negligible
a * scalar (complex128),Arithmetic,complex128,100000,,0.2706,0.077319,available,,not_measured,managed,0.077319,3.499787,faster
a * scalar (complex128),Arithmetic,complex128,10000000,,30.3315,24.6741,available,,not_measured,managed,24.6741,1.229285,faster
a * scalar (float16),Arithmetic,float16,1000,,0.003267,0.004989,available,,not_measured,managed,0.004989,0.654841,slower
a * scalar (float16),Arithmetic,float16,100000,,0.274225,0.458929,available,,not_measured,managed,0.458929,0.597533,slower
a * scalar (float16),Arithmetic,float16,10000000,,30.054,46.4201,available,,not_measured,managed,46.4201,0.647435,slower
a * scalar (float32),Arithmetic,float32,1000,,0.000536,0.00063,available,,not_measured,managed,0.00063,0.850794,negligible
a * scalar (float32),Arithmetic,float32,100000,,0.005821,0.012006,available,,not_measured,managed,0.012006,0.484841,slower
a * scalar (float32),Arithmetic,float32,10000000,,7.883,4.88265,available,,not_measured,managed,4.88265,1.614492,faster
a * scalar (float64),Arithmetic,float64,1000,,0.000602,0.00073,available,,not_measured,managed,0.00073,0.824658,negligible
a * scalar (float64),Arithmetic,float64,100000,,0.011314,0.025951,available,,not_measured,managed,0.025951,0.435975,slower
a * scalar (float64),Arithmetic,float64,10000000,,15.5695,15.1138,available,,not_measured,managed,15.1138,1.030151,close
a * scalar (int16),Arithmetic,int16,1000,,0.000726,0.000561,available,,not_measured,managed,0.000561,1.294118,negligible
a * scalar (int16),Arithmetic,int16,100000,,0.021426,0.006103,available,,not_measured,managed,0.006103,3.510732,faster
a * scalar (int16),Arithmetic,int16,10000000,,4.2029,2.873013,available,,not_measured,managed,2.873013,1.462889,faster
a * scalar (int32),Arithmetic,int32,1000,,0.00073,0.00061,available,,not_measured,managed,0.00061,1.196721,negligible
a * scalar (int32),Arithmetic,int32,100000,,0.021423,0.011898,available,,not_measured,managed,0.011898,1.800555,faster
a * scalar (int32),Arithmetic,int32,10000000,,7.6241,4.9378,available,,not_measured,managed,4.9378,1.544028,faster
a * scalar (int64),Arithmetic,int64,1000,,0.000735,0.00073,available,,not_measured,managed,0.00073,1.006849,negligible
a * scalar (int64),Arithmetic,int64,100000,,0.021398,0.025354,available,,not_measured,managed,0.025354,0.843969,close
a * scalar (int64),Arithmetic,int64,10000000,,15.0163,12.10595,available,,not_measured,managed,12.10595,1.240407,faster
a * scalar (int8),Arithmetic,int8,1000,,0.000689,0.000491,available,,not_measured,managed,0.000491,1.403259,negligible
a * scalar (int8),Arithmetic,int8,100000,,0.021351,0.004113,available,,not_measured,managed,0.004113,5.191101,faster
a * scalar (int8),Arithmetic,int8,10000000,,2.9957,0.923073,available,,not_measured,managed,0.923073,3.245355,faster
a * scalar (uint16),Arithmetic,uint16,1000,,0.000735,0.00059,available,,not_measured,managed,0.00059,1.245763,negligible
a * scalar (uint16),Arithmetic,uint16,100000,,0.021393,0.006171,available,,not_measured,managed,0.006171,3.466699,faster
a * scalar (uint16),Arithmetic,uint16,10000000,,4.3612,2.763325,available,,not_measured,managed,2.763325,1.578244,faster
a * scalar (uint32),Arithmetic,uint32,1000,,0.000738,0.000619,available,,not_measured,managed,0.000619,1.192246,negligible
a * scalar (uint32),Arithmetic,uint32,100000,,0.021433,0.011743,available,,not_measured,managed,0.011743,1.825172,faster
a * scalar (uint32),Arithmetic,uint32,10000000,,10.0525,4.89325,available,,not_measured,managed,4.89325,2.054361,faster
a * scalar (uint64),Arithmetic,uint64,1000,,0.000738,0.000731,available,,not_measured,managed,0.000731,1.009576,negligible
a * scalar (uint64),Arithmetic,uint64,100000,,0.021426,0.02559,available,,not_measured,managed,0.02559,0.83728,close
a * scalar (uint64),Arithmetic,uint64,10000000,,14.5126,12.6139,available,,not_measured,managed,12.6139,1.150524,faster
a * scalar (uint8),Arithmetic,uint8,1000,,0.000695,0.000487,available,,not_measured,managed,0.000487,1.427105,negligible
a * scalar (uint8),Arithmetic,uint8,100000,,0.021387,0.003979,available,,not_measured,managed,0.003979,5.374969,faster
a * scalar (uint8),Arithmetic,uint8,10000000,,3.0851,0.901819,available,,not_measured,managed,0.901819,3.420975,faster
a + 5 (literal) (complex128),Arithmetic,complex128,1000,,0.000878,0.002111,available,,not_measured,managed,0.002111,0.415917,negligible
a + 5 (literal) (complex128),Arithmetic,complex128,100000,,0.2735,0.089553,available,,not_measured,managed,0.089553,3.054057,faster
a + 5 (literal) (complex128),Arithmetic,complex128,10000000,,31.7408,24.5024,available,,not_measured,managed,24.5024,1.295416,faster
a + 5 (literal) (float16),Arithmetic,float16,1000,,0.003406,0.005474,available,,not_measured,managed,0.005474,0.622214,slower
a + 5 (literal) (float16),Arithmetic,float16,100000,,0.2744,0.474827,available,,not_measured,managed,0.474827,0.577895,slower
a + 5 (literal) (float16),Arithmetic,float16,10000000,,30.1878,46.2623,available,,not_measured,managed,46.2623,0.652536,slower
a + 5 (literal) (float32),Arithmetic,float32,1000,,0.000679,0.001549,available,,not_measured,managed,0.001549,0.438347,negligible
a + 5 (literal) (float32),Arithmetic,float32,100000,,0.005977,0.016141,available,,not_measured,managed,0.016141,0.370299,slower
a + 5 (literal) (float32),Arithmetic,float32,10000000,,7.9313,4.938725,available,,not_measured,managed,4.938725,1.605941,faster
a + 5 (literal) (float64),Arithmetic,float64,1000,,0.000739,0.001787,available,,not_measured,managed,0.001787,0.413542,negligible
a + 5 (literal) (float64),Arithmetic,float64,100000,,0.011474,0.028269,available,,not_measured,managed,0.028269,0.405886,slower
a + 5 (literal) (float64),Arithmetic,float64,10000000,,16.4309,12.93855,available,,not_measured,managed,12.93855,1.269918,faster
a + 5 (literal) (int16),Arithmetic,int16,1000,,0.000868,0.001306,available,,not_measured,managed,0.001306,0.664625,negligible
a + 5 (literal) (int16),Arithmetic,int16,100000,,0.023875,0.007421,available,,not_measured,managed,0.007421,3.217221,faster
a + 5 (literal) (int16),Arithmetic,int16,10000000,,4.2539,2.9692,available,,not_measured,managed,2.9692,1.432675,faster
a + 5 (literal) (int32),Arithmetic,int32,1000,,0.000876,0.001171,available,,not_measured,managed,0.001171,0.748079,negligible
a + 5 (literal) (int32),Arithmetic,int32,100000,,0.023225,0.012697,available,,not_measured,managed,0.012697,1.829172,faster
a + 5 (literal) (int32),Arithmetic,int32,10000000,,7.2503,5.00815,available,,not_measured,managed,5.00815,1.4477,faster
a + 5 (literal) (int64),Arithmetic,int64,1000,,0.000844,0.001785,available,,not_measured,managed,0.001785,0.472829,negligible
a + 5 (literal) (int64),Arithmetic,int64,100000,,0.023182,0.028051,available,,not_measured,managed,0.028051,0.826423,close
a + 5 (literal) (int64),Arithmetic,int64,10000000,,18.8335,13.3324,available,,not_measured,managed,13.3324,1.412611,faster
a + 5 (literal) (int8),Arithmetic,int8,1000,,0.00082,0.001031,available,,not_measured,managed,0.001031,0.795344,negligible
a + 5 (literal) (int8),Arithmetic,int8,100000,,0.023624,0.004564,available,,not_measured,managed,0.004564,5.176161,faster
a + 5 (literal) (int8),Arithmetic,int8,10000000,,3.2806,1.318162,available,,not_measured,managed,1.318162,2.488768,faster
a + 5 (literal) (uint16),Arithmetic,uint16,1000,,0.000872,0.001236,available,,not_measured,managed,0.001236,0.705502,negligible
a + 5 (literal) (uint16),Arithmetic,uint16,100000,,0.023807,0.007456,available,,not_measured,managed,0.007456,3.192999,faster
a + 5 (literal) (uint16),Arithmetic,uint16,10000000,,4.3509,2.921438,available,,not_measured,managed,2.921438,1.489301,faster
a + 5 (literal) (uint32),Arithmetic,uint32,1000,,0.00087,0.001585,available,,not_measured,managed,0.001585,0.548896,negligible
a + 5 (literal) (uint32),Arithmetic,uint32,100000,,0.023223,0.013543,available,,not_measured,managed,0.013543,1.71476,faster
a + 5 (literal) (uint32),Arithmetic,uint32,10000000,,12.4013,5.138875,available,,not_measured,managed,5.138875,2.413232,faster
a + 5 (literal) (uint64),Arithmetic,uint64,1000,,0.000877,0.00176,available,,not_measured,managed,0.00176,0.498295,negligible
a + 5 (literal) (uint64),Arithmetic,uint64,100000,,0.023257,0.031316,available,,not_measured,managed,0.031316,0.742656,slower
a + 5 (literal) (uint64),Arithmetic,uint64,10000000,,15.0855,13.22755,available,,not_measured,managed,13.22755,1.140461,faster
a + 5 (literal) (uint8),Arithmetic,uint8,1000,,0.000819,0.001129,available,,not_measured,managed,0.001129,0.725421,negligible
a + 5 (literal) (uint8),Arithmetic,uint8,100000,,0.023937,0.004735,available,,not_measured,managed,0.004735,5.055333,faster
a + 5 (literal) (uint8),Arithmetic,uint8,10000000,,3.2953,1.018741,available,,not_measured,managed,1.018741,3.234679,faster
a + b (element-wise) (complex128),Arithmetic,complex128,1000,,0.000658,0.001144,available,,not_measured,managed,0.001144,0.575175,negligible
a + b (element-wise) (complex128),Arithmetic,complex128,100000,,0.278775,0.093409,available,,not_measured,managed,0.093409,2.984455,faster
a + b (element-wise) (complex128),Arithmetic,complex128,10000000,,31.9703,28.8461,available,,not_measured,managed,28.8461,1.108306,faster
a + b (element-wise) (float16),Arithmetic,float16,1000,,0.003119,0.004852,available,,not_measured,managed,0.004852,0.642828,slower
a + b (element-wise) (float16),Arithmetic,float16,100000,,0.274975,0.466583,available,,not_measured,managed,0.466583,0.589338,slower
a + b (element-wise) (float16),Arithmetic,float16,10000000,,30.3983,46.7085,available,,not_measured,managed,46.7085,0.650809,slower
a + b (element-wise) (float32),Arithmetic,float32,1000,,0.000405,0.000627,available,,not_measured,managed,0.000627,0.645933,negligible
a + b (element-wise) (float32),Arithmetic,float32,100000,,0.006703,0.013289,available,,not_measured,managed,0.013289,0.504402,slower
a + b (element-wise) (float32),Arithmetic,float32,10000000,,8.3473,5.589375,available,,not_measured,managed,5.589375,1.493423,faster
a + b (element-wise) (float64),Arithmetic,float64,1000,,0.000462,0.000735,available,,not_measured,managed,0.000735,0.628571,negligible
a + b (element-wise) (float64),Arithmetic,float64,100000,,0.023579,0.035758,available,,not_measured,managed,0.035758,0.659405,slower
a + b (element-wise) (float64),Arithmetic,float64,10000000,,17.0537,14.2762,available,,not_measured,managed,14.2762,1.194555,faster
a + b (element-wise) (int16),Arithmetic,int16,1000,,0.000646,0.000558,available,,not_measured,managed,0.000558,1.157706,negligible
a + b (element-wise) (int16),Arithmetic,int16,100000,,0.028424,0.006769,available,,not_measured,managed,0.006769,4.199143,faster
a + b (element-wise) (int16),Arithmetic,int16,10000000,,5.0776,3.132517,available,,not_measured,managed,3.132517,1.620933,faster
a + b (element-wise) (int32),Arithmetic,int32,1000,,0.000664,0.000622,available,,not_measured,managed,0.000622,1.067524,negligible
a + b (element-wise) (int32),Arithmetic,int32,100000,,0.028339,0.012828,available,,not_measured,managed,0.012828,2.209152,faster
a + b (element-wise) (int32),Arithmetic,int32,10000000,,8.1823,5.672525,available,,not_measured,managed,5.672525,1.442444,faster
a + b (element-wise) (int64),Arithmetic,int64,1000,,0.000658,0.000744,available,,not_measured,managed,0.000744,0.884409,negligible
a + b (element-wise) (int64),Arithmetic,int64,100000,,0.030631,0.03511,available,,not_measured,managed,0.03511,0.87243,close
a + b (element-wise) (int64),Arithmetic,int64,10000000,,20.4835,14.407,available,,not_measured,managed,14.407,1.421774,faster
a + b (element-wise) (int8),Arithmetic,int8,1000,,0.000613,0.000422,available,,not_measured,managed,0.000422,1.452607,negligible
a + b (element-wise) (int8),Arithmetic,int8,100000,,0.028394,0.003655,available,,not_measured,managed,0.003655,7.768536,faster
a + b (element-wise) (int8),Arithmetic,int8,10000000,,3.7814,1.178,available,,not_measured,managed,1.178,3.210017,faster
a + b (element-wise) (uint16),Arithmetic,uint16,1000,,0.000659,0.000577,available,,not_measured,managed,0.000577,1.142114,negligible
a + b (element-wise) (uint16),Arithmetic,uint16,100000,,0.028403,0.006738,available,,not_measured,managed,0.006738,4.215346,faster
a + b (element-wise) (uint16),Arithmetic,uint16,10000000,,4.9179,3.257437,available,,not_measured,managed,3.257437,1.509745,faster
a + b (element-wise) (uint32),Arithmetic,uint32,1000,,0.000651,0.000613,available,,not_measured,managed,0.000613,1.06199,negligible
a + b (element-wise) (uint32),Arithmetic,uint32,100000,,0.02841,0.013051,available,,not_measured,managed,0.013051,2.176845,faster
a + b (element-wise) (uint32),Arithmetic,uint32,10000000,,8.6952,5.59225,available,,not_measured,managed,5.59225,1.554866,faster
a + b (element-wise) (uint64),Arithmetic,uint64,1000,,0.000652,0.000728,available,,not_measured,managed,0.000728,0.895604,negligible
a + b (element-wise) (uint64),Arithmetic,uint64,100000,,0.032252,0.037885,available,,not_measured,managed,0.037885,0.851313,close
a + b (element-wise) (uint64),Arithmetic,uint64,10000000,,16.5207,14.6971,available,,not_measured,managed,14.6971,1.124079,faster
a + b (element-wise) (uint8),Arithmetic,uint8,1000,,0.000614,0.000479,available,,not_measured,managed,0.000479,1.281837,negligible
a + b (element-wise) (uint8),Arithmetic,uint8,100000,,0.028439,0.003676,available,,not_measured,managed,0.003676,7.736398,faster
a + b (element-wise) (uint8),Arithmetic,uint8,10000000,,3.7609,1.0906,available,,not_measured,managed,1.0906,3.448469,faster
a + scalar (complex128),Arithmetic,complex128,1000,,0.000738,0.001009,available,,not_measured,managed,0.001009,0.731417,negligible
a + scalar (complex128),Arithmetic,complex128,100000,,0.272675,0.090478,available,,not_measured,managed,0.090478,3.013716,faster
a + scalar (complex128),Arithmetic,complex128,10000000,,31.3831,24.6911,available,,not_measured,managed,24.6911,1.271029,faster
a + scalar (float16),Arithmetic,float16,1000,,0.003262,0.004928,available,,not_measured,managed,0.004928,0.661932,slower
a + scalar (float16),Arithmetic,float16,100000,,0.2743,0.472605,available,,not_measured,managed,0.472605,0.5804,slower
a + scalar (float16),Arithmetic,float16,10000000,,30.1237,46.7371,available,,not_measured,managed,46.7371,0.644535,slower
a + scalar (float32),Arithmetic,float32,1000,,0.000534,0.000626,available,,not_measured,managed,0.000626,0.853035,negligible
a + scalar (float32),Arithmetic,float32,100000,,0.00583,0.013128,available,,not_measured,managed,0.013128,0.444089,slower
a + scalar (float32),Arithmetic,float32,10000000,,8.0865,4.961325,available,,not_measured,managed,4.961325,1.629907,faster
a + scalar (float64),Arithmetic,float64,1000,,0.000584,0.000725,available,,not_measured,managed,0.000725,0.805517,negligible
a + scalar (float64),Arithmetic,float64,100000,,0.011064,0.029307,available,,not_measured,managed,0.029307,0.377521,slower
a + scalar (float64),Arithmetic,float64,10000000,,16.2347,13.0143,available,,not_measured,managed,13.0143,1.247451,faster
a + scalar (int16),Arithmetic,int16,1000,,0.000746,0.000593,available,,not_measured,managed,0.000593,1.25801,negligible
a + scalar (int16),Arithmetic,int16,100000,,0.023718,0.006221,available,,not_measured,managed,0.006221,3.81257,faster
a + scalar (int16),Arithmetic,int16,10000000,,4.3092,3.118467,available,,not_measured,managed,3.118467,1.381833,faster
a + scalar (int32),Arithmetic,int32,1000,,0.000771,0.000613,available,,not_measured,managed,0.000613,1.257749,negligible
a + scalar (int32),Arithmetic,int32,100000,,0.023098,0.011958,available,,not_measured,managed,0.011958,1.931594,faster
a + scalar (int32),Arithmetic,int32,10000000,,7.417,5.213675,available,,not_measured,managed,5.213675,1.422605,faster
a + scalar (int64),Arithmetic,int64,1000,,0.000754,0.000729,available,,not_measured,managed,0.000729,1.034294,negligible
a + scalar (int64),Arithmetic,int64,100000,,0.023095,0.026362,available,,not_measured,managed,0.026362,0.876072,close
a + scalar (int64),Arithmetic,int64,10000000,,16.844,13.11875,available,,not_measured,managed,13.11875,1.283964,faster
a + scalar (int8),Arithmetic,int8,1000,,0.000729,0.000491,available,,not_measured,managed,0.000491,1.484725,negligible
a + scalar (int8),Arithmetic,int8,100000,,0.0235,0.003339,available,,not_measured,managed,0.003339,7.038035,faster
a + scalar (int8),Arithmetic,int8,10000000,,3.2515,1.242356,available,,not_measured,managed,1.242356,2.617205,faster
a + scalar (uint16),Arithmetic,uint16,1000,,0.000753,0.000576,available,,not_measured,managed,0.000576,1.307292,negligible
a + scalar (uint16),Arithmetic,uint16,100000,,0.023681,0.006258,available,,not_measured,managed,0.006258,3.784116,faster
a + scalar (uint16),Arithmetic,uint16,10000000,,4.394,3.024538,available,,not_measured,managed,3.024538,1.452784,faster
a + scalar (uint32),Arithmetic,uint32,1000,,0.000757,0.000636,available,,not_measured,managed,0.000636,1.190252,negligible
a + scalar (uint32),Arithmetic,uint32,100000,,0.023107,0.011893,available,,not_measured,managed,0.011893,1.942908,faster
a + scalar (uint32),Arithmetic,uint32,10000000,,10.214,5.04925,available,,not_measured,managed,5.04925,2.022875,faster
a + scalar (uint64),Arithmetic,uint64,1000,,0.000754,0.000745,available,,not_measured,managed,0.000745,1.012081,negligible
a + scalar (uint64),Arithmetic,uint64,100000,,0.023138,0.02684,available,,not_measured,managed,0.02684,0.862072,close
a + scalar (uint64),Arithmetic,uint64,10000000,,14.9124,13.29605,available,,not_measured,managed,13.29605,1.121566,faster
a + scalar (uint8),Arithmetic,uint8,1000,,0.000727,0.000506,available,,not_measured,managed,0.000506,1.436759,negligible
a + scalar (uint8),Arithmetic,uint8,100000,,0.023531,0.003441,available,,not_measured,managed,0.003441,6.838419,faster
a + scalar (uint8),Arithmetic,uint8,10000000,,3.2501,1.084872,available,,not_measured,managed,1.084872,2.995837,faster
a - b (element-wise) (complex128),Arithmetic,complex128,1000,,0.000654,0.001251,available,,not_measured,managed,0.001251,0.522782,negligible
a - b (element-wise) (complex128),Arithmetic,complex128,100000,,0.2786,0.097627,available,,not_measured,managed,0.097627,2.853719,faster
a - b (element-wise) (complex128),Arithmetic,complex128,10000000,,33.2049,27.9158,available,,not_measured,managed,27.9158,1.189466,faster
a - b (element-wise) (float16),Arithmetic,float16,1000,,0.003263,0.004897,available,,not_measured,managed,0.004897,0.666326,slower
a - b (element-wise) (float16),Arithmetic,float16,100000,,0.2744,0.458087,available,,not_measured,managed,0.458087,0.599013,slower
a - b (element-wise) (float16),Arithmetic,float16,10000000,,30.2628,46.6976,available,,not_measured,managed,46.6976,0.648059,slower
a - b (element-wise) (float32),Arithmetic,float32,1000,,0.000407,0.000548,available,,not_measured,managed,0.000548,0.742701,negligible
a - b (element-wise) (float32),Arithmetic,float32,100000,,0.006774,0.013587,available,,not_measured,managed,0.013587,0.498565,slower
a - b (element-wise) (float32),Arithmetic,float32,10000000,,8.2331,5.6014,available,,not_measured,managed,5.6014,1.469829,faster
a - b (element-wise) (float64),Arithmetic,float64,1000,,0.000469,0.000742,available,,not_measured,managed,0.000742,0.632075,negligible
a - b (element-wise) (float64),Arithmetic,float64,100000,,0.023305,0.034663,available,,not_measured,managed,0.034663,0.672331,slower
a - b (element-wise) (float64),Arithmetic,float64,10000000,,18.0203,14.1978,available,,not_measured,managed,14.1978,1.269232,faster
a - b (element-wise) (int16),Arithmetic,int16,1000,,0.000649,0.000555,available,,not_measured,managed,0.000555,1.169369,negligible
a - b (element-wise) (int16),Arithmetic,int16,100000,,0.028435,0.00696,available,,not_measured,managed,0.00696,4.085489,faster
a - b (element-wise) (int16),Arithmetic,int16,10000000,,4.8977,3.193857,available,,not_measured,managed,3.193857,1.533475,faster
a - b (element-wise) (int32),Arithmetic,int32,1000,,0.00065,0.000597,available,,not_measured,managed,0.000597,1.088777,negligible
a - b (element-wise) (int32),Arithmetic,int32,100000,,0.028392,0.013521,available,,not_measured,managed,0.013521,2.099845,faster
a - b (element-wise) (int32),Arithmetic,int32,10000000,,8.1013,5.710775,available,,not_measured,managed,5.710775,1.418599,faster
a - b (element-wise) (int64),Arithmetic,int64,1000,,0.000658,0.000752,available,,not_measured,managed,0.000752,0.875,negligible
a - b (element-wise) (int64),Arithmetic,int64,100000,,0.030081,0.037462,available,,not_measured,managed,0.037462,0.802974,close
a - b (element-wise) (int64),Arithmetic,int64,10000000,,16.5734,14.0412,available,,not_measured,managed,14.0412,1.180341,faster
a - b (element-wise) (int8),Arithmetic,int8,1000,,0.000607,0.000479,available,,not_measured,managed,0.000479,1.267223,negligible
a - b (element-wise) (int8),Arithmetic,int8,100000,,0.028371,0.004384,available,,not_measured,managed,0.004384,6.471487,faster
a - b (element-wise) (int8),Arithmetic,int8,10000000,,3.7332,1.133081,available,,not_measured,managed,1.133081,3.294734,faster
a - b (element-wise) (uint16),Arithmetic,uint16,1000,,0.000644,0.000559,available,,not_measured,managed,0.000559,1.152057,negligible
a - b (element-wise) (uint16),Arithmetic,uint16,100000,,0.02841,0.006943,available,,not_measured,managed,0.006943,4.091891,faster
a - b (element-wise) (uint16),Arithmetic,uint16,10000000,,5.0342,3.221914,available,,not_measured,managed,3.221914,1.562487,faster
a - b (element-wise) (uint32),Arithmetic,uint32,1000,,0.000652,0.00062,available,,not_measured,managed,0.00062,1.051613,negligible
a - b (element-wise) (uint32),Arithmetic,uint32,100000,,0.028394,0.013719,available,,not_measured,managed,0.013719,2.069684,faster
a - b (element-wise) (uint32),Arithmetic,uint32,10000000,,12.6501,5.5646,available,,not_measured,managed,5.5646,2.273317,faster
a - b (element-wise) (uint64),Arithmetic,uint64,1000,,0.000654,0.000753,available,,not_measured,managed,0.000753,0.868526,negligible
a - b (element-wise) (uint64),Arithmetic,uint64,100000,,0.031938,0.034843,available,,not_measured,managed,0.034843,0.916626,close
a - b (element-wise) (uint64),Arithmetic,uint64,10000000,,16.8969,14.1663,available,,not_measured,managed,14.1663,1.192753,faster
a - b (element-wise) (uint8),Arithmetic,uint8,1000,,0.000609,0.000479,available,,not_measured,managed,0.000479,1.271399,negligible
a - b (element-wise) (uint8),Arithmetic,uint8,100000,,0.028376,0.003871,available,,not_measured,managed,0.003871,7.330406,faster
a - b (element-wise) (uint8),Arithmetic,uint8,10000000,,3.7283,1.162575,available,,not_measured,managed,1.162575,3.206933,faster
a - scalar (complex128),Arithmetic,complex128,1000,,0.000715,0.001012,available,,not_measured,managed,0.001012,0.706522,negligible
a - scalar (complex128),Arithmetic,complex128,100000,,0.2763,0.077438,available,,not_measured,managed,0.077438,3.568016,faster
a - scalar (complex128),Arithmetic,complex128,10000000,,30.9473,24.68,available,,not_measured,managed,24.68,1.253942,faster
a - scalar (float16),Arithmetic,float16,1000,,0.003272,0.00483,available,,not_measured,managed,0.00483,0.677433,slower
a - scalar (float16),Arithmetic,float16,100000,,0.274575,0.454991,available,,not_measured,managed,0.454991,0.603473,slower
a - scalar (float16),Arithmetic,float16,10000000,,30.1963,47.2417,available,,not_measured,managed,47.2417,0.639187,slower
a - scalar (float32),Arithmetic,float32,1000,,0.000539,0.000674,available,,not_measured,managed,0.000674,0.799703,negligible
a - scalar (float32),Arithmetic,float32,100000,,0.005862,0.012008,available,,not_measured,managed,0.012008,0.488175,slower
a - scalar (float32),Arithmetic,float32,10000000,,7.8622,4.798975,available,,not_measured,managed,4.798975,1.638308,faster
a - scalar (float64),Arithmetic,float64,1000,,0.000596,0.000734,available,,not_measured,managed,0.000734,0.811989,negligible
a - scalar (float64),Arithmetic,float64,100000,,0.01131,0.025591,available,,not_measured,managed,0.025591,0.441952,slower
a - scalar (float64),Arithmetic,float64,10000000,,16.0562,12.832,available,,not_measured,managed,12.832,1.251262,faster
a - scalar (int16),Arithmetic,int16,1000,,0.000756,0.000589,available,,not_measured,managed,0.000589,1.283531,negligible
a - scalar (int16),Arithmetic,int16,100000,,0.023121,0.006156,available,,not_measured,managed,0.006156,3.755848,faster
a - scalar (int16),Arithmetic,int16,10000000,,4.2958,2.788213,available,,not_measured,managed,2.788213,1.5407,faster
a - scalar (int32),Arithmetic,int32,1000,,0.000764,0.000619,available,,not_measured,managed,0.000619,1.234249,negligible
a - scalar (int32),Arithmetic,int32,100000,,0.023186,0.012152,available,,not_measured,managed,0.012152,1.907999,faster
a - scalar (int32),Arithmetic,int32,10000000,,8.0665,4.851525,available,,not_measured,managed,4.851525,1.662673,faster
a - scalar (int64),Arithmetic,int64,1000,,0.000754,0.000738,available,,not_measured,managed,0.000738,1.02168,negligible
a - scalar (int64),Arithmetic,int64,100000,,0.02384,0.027099,available,,not_measured,managed,0.027099,0.879737,close
a - scalar (int64),Arithmetic,int64,10000000,,14.5914,13.0122,available,,not_measured,managed,13.0122,1.121363,faster
a - scalar (int8),Arithmetic,int8,1000,,0.000722,0.000456,available,,not_measured,managed,0.000456,1.583333,negligible
a - scalar (int8),Arithmetic,int8,100000,,0.023088,0.003493,available,,not_measured,managed,0.003493,6.609791,faster
a - scalar (int8),Arithmetic,int8,10000000,,3.2432,0.959263,available,,not_measured,managed,0.959263,3.380929,faster
a - scalar (uint16),Arithmetic,uint16,1000,,0.000767,0.000557,available,,not_measured,managed,0.000557,1.37702,negligible
a - scalar (uint16),Arithmetic,uint16,100000,,0.023084,0.006193,available,,not_measured,managed,0.006193,3.727434,faster
a - scalar (uint16),Arithmetic,uint16,10000000,,4.3417,2.780562,available,,not_measured,managed,2.780562,1.561447,faster
a - scalar (uint32),Arithmetic,uint32,1000,,0.000757,0.000629,available,,not_measured,managed,0.000629,1.203498,negligible
a - scalar (uint32),Arithmetic,uint32,100000,,0.023181,0.011997,available,,not_measured,managed,0.011997,1.932233,faster
a - scalar (uint32),Arithmetic,uint32,10000000,,11.4634,4.868525,available,,not_measured,managed,4.868525,2.354594,faster
a - scalar (uint64),Arithmetic,uint64,1000,,0.000753,0.000745,available,,not_measured,managed,0.000745,1.010738,negligible
a - scalar (uint64),Arithmetic,uint64,100000,,0.023803,0.026658,available,,not_measured,managed,0.026658,0.892903,close
a - scalar (uint64),Arithmetic,uint64,10000000,,14.2146,12.77885,available,,not_measured,managed,12.77885,1.112354,faster
a - scalar (uint8),Arithmetic,uint8,1000,,0.000719,0.00049,available,,not_measured,managed,0.00049,1.467347,negligible
a - scalar (uint8),Arithmetic,uint8,100000,,0.023108,0.003374,available,,not_measured,managed,0.003374,6.848844,faster
a - scalar (uint8),Arithmetic,uint8,10000000,,3.2389,0.957425,available,,not_measured,managed,0.957425,3.382928,faster
a / b (element-wise) (float32),Arithmetic,float32,1000,,0.000457,0.000613,available,,not_measured,managed,0.000613,0.745514,negligible
a / b (element-wise) (float32),Arithmetic,float32,100000,,0.011832,0.013964,available,,not_measured,managed,0.013964,0.847322,close
a / b (element-wise) (float32),Arithmetic,float32,10000000,,8.331,5.6774,available,,not_measured,managed,5.6774,1.467397,faster
a / b (element-wise) (float64),Arithmetic,float64,1000,,0.00073,0.000852,available,,not_measured,managed,0.000852,0.856808,negligible
a / b (element-wise) (float64),Arithmetic,float64,100000,,0.037315,0.041448,available,,not_measured,managed,0.041448,0.900285,close
a / b (element-wise) (float64),Arithmetic,float64,10000000,,16.3565,14.21235,available,,not_measured,managed,14.21235,1.150865,faster
a / b (element-wise) (int32),Arithmetic,int32,1000,,0.001648,0.001649,available,,not_measured,managed,0.001649,0.999394,close
a / b (element-wise) (int32),Arithmetic,int32,100000,,0.081662,0.077843,available,,not_measured,managed,0.077843,1.04906,close
a / b (element-wise) (int32),Arithmetic,int32,10000000,,19.4168,13.2996,available,,not_measured,managed,13.2996,1.459954,faster
a / b (element-wise) (int64),Arithmetic,int64,1000,,0.001598,0.001693,available,,not_measured,managed,0.001693,0.943887,close
a / b (element-wise) (int64),Arithmetic,int64,100000,,0.075836,0.078775,available,,not_measured,managed,0.078775,0.962691,close
a / b (element-wise) (int64),Arithmetic,int64,10000000,,23.6509,14.73315,available,,not_measured,managed,14.73315,1.605285,faster
a / scalar (float32),Arithmetic,float32,1000,,0.000596,0.000729,available,,not_measured,managed,0.000729,0.817558,negligible
a / scalar (float32),Arithmetic,float32,100000,,0.01197,0.013837,available,,not_measured,managed,0.013837,0.865072,close
a / scalar (float32),Arithmetic,float32,10000000,,7.8357,4.863225,available,,not_measured,managed,4.863225,1.611215,faster
a / scalar (float64),Arithmetic,float64,1000,,0.000861,0.000981,available,,not_measured,managed,0.000981,0.877676,negligible
a / scalar (float64),Arithmetic,float64,100000,,0.037022,0.039877,available,,not_measured,managed,0.039877,0.928405,close
a / scalar (float64),Arithmetic,float64,10000000,,16.0853,12.54955,available,,not_measured,managed,12.54955,1.281743,faster
a / scalar (int32),Arithmetic,int32,1000,,0.001546,0.002052,available,,not_measured,managed,0.002052,0.753411,slower
a / scalar (int32),Arithmetic,int32,100000,,0.060673,0.079386,available,,not_measured,managed,0.079386,0.764278,slower
a / scalar (int32),Arithmetic,int32,10000000,,18.9717,13.3042,available,,not_measured,managed,13.3042,1.425993,faster
a / scalar (int64),Arithmetic,int64,1000,,0.00152,0.002092,available,,not_measured,managed,0.002092,0.726577,slower
a / scalar (int64),Arithmetic,int64,100000,,0.056656,0.082405,available,,not_measured,managed,0.082405,0.687531,slower
a / scalar (int64),Arithmetic,int64,10000000,,18.7763,14.1257,available,,not_measured,managed,14.1257,1.32923,faster
"np.add(a, b) (complex128)",Arithmetic,complex128,1000,,0.000663,0.001136,available,,not_measured,managed,0.001136,0.583627,negligible
"np.add(a, b) (complex128)",Arithmetic,complex128,100000,,0.278975,0.0959,available,,not_measured,managed,0.0959,2.90902,faster
"np.add(a, b) (complex128)",Arithmetic,complex128,10000000,,33.1359,27.7875,available,,not_measured,managed,27.7875,1.192475,faster
"np.add(a, b) (float16)",Arithmetic,float16,1000,,0.003121,0.004838,available,,not_measured,managed,0.004838,0.645101,slower
"np.add(a, b) (float16)",Arithmetic,float16,100000,,0.275375,0.458342,available,,not_measured,managed,0.458342,0.600807,slower
"np.add(a, b) (float16)",Arithmetic,float16,10000000,,30.172,46.5594,available,,not_measured,managed,46.5594,0.648032,slower
"np.add(a, b) (float32)",Arithmetic,float32,1000,,0.000411,0.000599,available,,not_measured,managed,0.000599,0.686144,negligible
"np.add(a, b) (float32)",Arithmetic,float32,100000,,0.006686,0.013313,available,,not_measured,managed,0.013313,0.502216,slower
"np.add(a, b) (float32)",Arithmetic,float32,10000000,,8.7361,5.601,available,,not_measured,managed,5.601,1.559739,faster
"np.add(a, b) (float64)",Arithmetic,float64,1000,,0.000475,0.000738,available,,not_measured,managed,0.000738,0.643631,negligible
"np.add(a, b) (float64)",Arithmetic,float64,100000,,0.023439,0.034043,available,,not_measured,managed,0.034043,0.688512,slower
"np.add(a, b) (float64)",Arithmetic,float64,10000000,,16.6021,14.07185,available,,not_measured,managed,14.07185,1.179809,faster
"np.add(a, b) (int16)",Arithmetic,int16,1000,,0.000662,0.000546,available,,not_measured,managed,0.000546,1.212454,negligible
"np.add(a, b) (int16)",Arithmetic,int16,100000,,0.0285,0.006756,available,,not_measured,managed,0.006756,4.218472,faster
"np.add(a, b) (int16)",Arithmetic,int16,10000000,,5.0404,3.160371,available,,not_measured,managed,3.160371,1.594876,faster
"np.add(a, b) (int32)",Arithmetic,int32,1000,,0.000669,0.000642,available,,not_measured,managed,0.000642,1.042056,negligible
"np.add(a, b) (int32)",Arithmetic,int32,100000,,0.028394,0.012807,available,,not_measured,managed,0.012807,2.217069,faster
"np.add(a, b) (int32)",Arithmetic,int32,10000000,,8.1725,5.647475,available,,not_measured,managed,5.647475,1.447107,faster
"np.add(a, b) (int64)",Arithmetic,int64,1000,,0.000662,0.000735,available,,not_measured,managed,0.000735,0.90068,negligible
"np.add(a, b) (int64)",Arithmetic,int64,100000,,0.030112,0.035892,available,,not_measured,managed,0.035892,0.838961,close
"np.add(a, b) (int64)",Arithmetic,int64,10000000,,17.6841,14.0984,available,,not_measured,managed,14.0984,1.254334,faster
"np.add(a, b) (int8)",Arithmetic,int8,1000,,0.000628,0.00046,available,,not_measured,managed,0.00046,1.365217,negligible
"np.add(a, b) (int8)",Arithmetic,int8,100000,,0.028389,0.00367,available,,not_measured,managed,0.00367,7.735422,faster
"np.add(a, b) (int8)",Arithmetic,int8,10000000,,3.7372,1.145011,available,,not_measured,managed,1.145011,3.263899,faster
"np.add(a, b) (uint16)",Arithmetic,uint16,1000,,0.000655,0.000566,available,,not_measured,managed,0.000566,1.157244,negligible
"np.add(a, b) (uint16)",Arithmetic,uint16,100000,,0.028409,0.006699,available,,not_measured,managed,0.006699,4.240782,faster
"np.add(a, b) (uint16)",Arithmetic,uint16,10000000,,4.9345,3.167367,available,,not_measured,managed,3.167367,1.557919,faster
"np.add(a, b) (uint32)",Arithmetic,uint32,1000,,0.00066,0.000605,available,,not_measured,managed,0.000605,1.090909,negligible
"np.add(a, b) (uint32)",Arithmetic,uint32,100000,,0.028389,0.012982,available,,not_measured,managed,0.012982,2.186797,faster
"np.add(a, b) (uint32)",Arithmetic,uint32,10000000,,10.6042,5.806175,available,,not_measured,managed,5.806175,1.826366,faster
"np.add(a, b) (uint64)",Arithmetic,uint64,1000,,0.000663,0.000734,available,,not_measured,managed,0.000734,0.90327,negligible
"np.add(a, b) (uint64)",Arithmetic,uint64,100000,,0.03211,0.037639,available,,not_measured,managed,0.037639,0.853104,close
"np.add(a, b) (uint64)",Arithmetic,uint64,10000000,,17.1626,14.28315,available,,not_measured,managed,14.28315,1.201598,faster
"np.add(a, b) (uint8)",Arithmetic,uint8,1000,,0.000632,0.000459,available,,not_measured,managed,0.000459,1.376906,negligible
"np.add(a, b) (uint8)",Arithmetic,uint8,100000,,0.028453,0.003676,available,,not_measured,managed,0.003676,7.740207,faster
"np.add(a, b) (uint8)",Arithmetic,uint8,10000000,,3.744,1.169125,available,,not_measured,managed,1.169125,3.202395,faster
"np.divide(a, b) (float32)",Arithmetic,float32,1000,,0.000463,0.000601,available,,not_measured,managed,0.000601,0.770383,negligible
"np.divide(a, b) (float32)",Arithmetic,float32,100000,,0.011833,0.017412,available,,not_measured,managed,0.017412,0.679589,slower
"np.divide(a, b) (float32)",Arithmetic,float32,10000000,,8.4165,6.30545,available,,not_measured,managed,6.30545,1.334798,faster
"np.divide(a, b) (float64)",Arithmetic,float64,1000,,0.000736,0.000873,available,,not_measured,managed,0.000873,0.84307,negligible
"np.divide(a, b) (float64)",Arithmetic,float64,100000,,0.037367,0.043453,available,,not_measured,managed,0.043453,0.859941,close
"np.divide(a, b) (float64)",Arithmetic,float64,10000000,,16.1309,15.33535,available,,not_measured,managed,15.33535,1.051877,faster
"np.divide(a, b) (int32)",Arithmetic,int32,1000,,0.001656,0.00167,available,,not_measured,managed,0.00167,0.991617,close
"np.divide(a, b) (int32)",Arithmetic,int32,100000,,0.081654,0.079855,available,,not_measured,managed,0.079855,1.022528,close
"np.divide(a, b) (int32)",Arithmetic,int32,10000000,,21.1054,13.7927,available,,not_measured,managed,13.7927,1.530186,faster
"np.divide(a, b) (int64)",Arithmetic,int64,1000,,0.001577,0.001701,available,,not_measured,managed,0.001701,0.927102,close
"np.divide(a, b) (int64)",Arithmetic,int64,100000,,0.075879,0.082789,available,,not_measured,managed,0.082789,0.916535,close
"np.divide(a, b) (int64)",Arithmetic,int64,10000000,,22.8631,15.48635,available,,not_measured,managed,15.48635,1.476339,faster
"np.floor_divide(a, b) (float32)",Arithmetic,float32,1000,,0.012041,0.005699,available,,not_measured,managed,0.005699,2.112827,faster
"np.floor_divide(a, b) (float32)",Arithmetic,float32,100000,,1.4824,0.970825,available,,not_measured,managed,0.970825,1.526949,faster
"np.floor_divide(a, b) (float32)",Arithmetic,float32,10000000,,157.6026,99.39,available,,not_measured,managed,99.39,1.585699,faster
"np.floor_divide(a, b) (float64)",Arithmetic,float64,1000,,0.010413,0.005124,available,,not_measured,managed,0.005124,2.032201,faster
"np.floor_divide(a, b) (float64)",Arithmetic,float64,100000,,1.2395,0.925109,available,,not_measured,managed,0.925109,1.339842,faster
"np.floor_divide(a, b) (float64)",Arithmetic,float64,10000000,,139.0016,98.0363,available,,not_measured,managed,98.0363,1.417858,faster
"np.floor_divide(a, b) (int32)",Arithmetic,int32,1000,,0.001484,0.001519,available,,not_measured,managed,0.001519,0.976959,close
"np.floor_divide(a, b) (int32)",Arithmetic,int32,100000,,0.357933,0.466053,available,,not_measured,managed,0.466053,0.768009,slower
"np.floor_divide(a, b) (int32)",Arithmetic,int32,10000000,,41.8174,47.9979,available,,not_measured,managed,47.9979,0.871234,close
"np.floor_divide(a, b) (int64)",Arithmetic,int64,1000,,0.00218,0.002324,available,,not_measured,managed,0.002324,0.938038,close
"np.floor_divide(a, b) (int64)",Arithmetic,int64,100000,,0.355567,0.531804,available,,not_measured,managed,0.531804,0.668605,slower
"np.floor_divide(a, b) (int64)",Arithmetic,int64,10000000,,46.8496,58.6033,available,,not_measured,managed,58.6033,0.799436,slower
"np.mod(a, b) (float32)",Arithmetic,float32,1000,,0.011649,0.005728,available,,not_measured,managed,0.005728,2.033694,faster
"np.mod(a, b) (float32)",Arithmetic,float32,100000,,1.4713,0.968352,available,,not_measured,managed,0.968352,1.519386,faster
"np.mod(a, b) (float32)",Arithmetic,float32,10000000,,156.2255,100.2752,available,,not_measured,managed,100.2752,1.557967,faster
"np.mod(a, b) (float64)",Arithmetic,float64,1000,,0.01013,0.004798,available,,not_measured,managed,0.004798,2.111296,faster
"np.mod(a, b) (float64)",Arithmetic,float64,100000,,1.245,0.899747,available,,not_measured,managed,0.899747,1.383722,faster
"np.mod(a, b) (float64)",Arithmetic,float64,10000000,,138.447,97.3743,available,,not_measured,managed,97.3743,1.421802,faster
"np.mod(a, b) (int32)",Arithmetic,int32,1000,,0.00154,0.00152,available,,not_measured,managed,0.00152,1.013158,close
"np.mod(a, b) (int32)",Arithmetic,int32,100000,,0.3599,0.413262,available,,not_measured,managed,0.413262,0.870876,close
"np.mod(a, b) (int32)",Arithmetic,int32,10000000,,42.1613,44.041,available,,not_measured,managed,44.041,0.957319,close
"np.mod(a, b) (int64)",Arithmetic,int64,1000,,0.003092,0.002303,available,,not_measured,managed,0.002303,1.342597,faster
"np.mod(a, b) (int64)",Arithmetic,int64,100000,,0.3604,0.497286,available,,not_measured,managed,0.497286,0.724734,slower
"np.mod(a, b) (int64)",Arithmetic,int64,10000000,,47.3808,56.9796,available,,not_measured,managed,56.9796,0.83154,close
"np.multiply(a, b) (complex128)",Arithmetic,complex128,1000,,0.000714,0.001269,available,,not_measured,managed,0.001269,0.562648,negligible
"np.multiply(a, b) (complex128)",Arithmetic,complex128,100000,,0.276125,0.098485,available,,not_measured,managed,0.098485,2.803726,faster
"np.multiply(a, b) (complex128)",Arithmetic,complex128,10000000,,33.3922,29.4816,available,,not_measured,managed,29.4816,1.132645,faster
"np.multiply(a, b) (float16)",Arithmetic,float16,1000,,0.003124,0.004944,available,,not_measured,managed,0.004944,0.631877,slower
"np.multiply(a, b) (float16)",Arithmetic,float16,100000,,0.273875,0.471761,available,,not_measured,managed,0.471761,0.580538,slower
"np.multiply(a, b) (float16)",Arithmetic,float16,10000000,,30.0793,48.8491,available,,not_measured,managed,48.8491,0.61576,slower
"np.multiply(a, b) (float32)",Arithmetic,float32,1000,,0.00041,0.000614,available,,not_measured,managed,0.000614,0.667752,negligible
"np.multiply(a, b) (float32)",Arithmetic,float32,100000,,0.006709,0.014672,available,,not_measured,managed,0.014672,0.457266,slower
"np.multiply(a, b) (float32)",Arithmetic,float32,10000000,,8.3216,5.766425,available,,not_measured,managed,5.766425,1.443113,faster
"np.multiply(a, b) (float64)",Arithmetic,float64,1000,,0.000478,0.000857,available,,not_measured,managed,0.000857,0.55776,negligible
"np.multiply(a, b) (float64)",Arithmetic,float64,100000,,0.023237,0.035047,available,,not_measured,managed,0.035047,0.663024,slower
"np.multiply(a, b) (float64)",Arithmetic,float64,10000000,,17.819,14.48075,available,,not_measured,managed,14.48075,1.23053,faster
"np.multiply(a, b) (int16)",Arithmetic,int16,1000,,0.000642,0.000621,available,,not_measured,managed,0.000621,1.033816,negligible
"np.multiply(a, b) (int16)",Arithmetic,int16,100000,,0.027335,0.007026,available,,not_measured,managed,0.007026,3.890549,faster
"np.multiply(a, b) (int16)",Arithmetic,int16,10000000,,4.9019,3.292314,available,,not_measured,managed,3.292314,1.488892,faster
"np.multiply(a, b) (int32)",Arithmetic,int32,1000,,0.000649,0.000668,available,,not_measured,managed,0.000668,0.971557,negligible
"np.multiply(a, b) (int32)",Arithmetic,int32,100000,,0.0279,0.01425,available,,not_measured,managed,0.01425,1.957895,faster
"np.multiply(a, b) (int32)",Arithmetic,int32,10000000,,8.3205,5.797425,available,,not_measured,managed,5.797425,1.435206,faster
"np.multiply(a, b) (int64)",Arithmetic,int64,1000,,0.000656,0.000763,available,,not_measured,managed,0.000763,0.859764,negligible
"np.multiply(a, b) (int64)",Arithmetic,int64,100000,,0.029773,0.036342,available,,not_measured,managed,0.036342,0.819245,close
"np.multiply(a, b) (int64)",Arithmetic,int64,10000000,,16.766,14.8412,available,,not_measured,managed,14.8412,1.129693,faster
"np.multiply(a, b) (int8)",Arithmetic,int8,1000,,0.000617,0.000452,available,,not_measured,managed,0.000452,1.365044,negligible
"np.multiply(a, b) (int8)",Arithmetic,int8,100000,,0.027214,0.00556,available,,not_measured,managed,0.00556,4.894604,faster
"np.multiply(a, b) (int8)",Arithmetic,int8,10000000,,3.6585,1.113272,available,,not_measured,managed,1.113272,3.286259,faster
"np.multiply(a, b) (uint16)",Arithmetic,uint16,1000,,0.000652,0.000556,available,,not_measured,managed,0.000556,1.172662,negligible
"np.multiply(a, b) (uint16)",Arithmetic,uint16,100000,,0.027184,0.007157,available,,not_measured,managed,0.007157,3.798239,faster
"np.multiply(a, b) (uint16)",Arithmetic,uint16,10000000,,4.8633,3.169714,available,,not_measured,managed,3.169714,1.534302,faster
"np.multiply(a, b) (uint32)",Arithmetic,uint32,1000,,0.000651,0.000677,available,,not_measured,managed,0.000677,0.961595,negligible
"np.multiply(a, b) (uint32)",Arithmetic,uint32,100000,,0.027959,0.01402,available,,not_measured,managed,0.01402,1.994223,faster
"np.multiply(a, b) (uint32)",Arithmetic,uint32,10000000,,12.1031,5.809175,available,,not_measured,managed,5.809175,2.083446,faster
"np.multiply(a, b) (uint64)",Arithmetic,uint64,1000,,0.000656,0.000874,available,,not_measured,managed,0.000874,0.750572,negligible
"np.multiply(a, b) (uint64)",Arithmetic,uint64,100000,,0.031426,0.039544,available,,not_measured,managed,0.039544,0.79471,slower
"np.multiply(a, b) (uint64)",Arithmetic,uint64,10000000,,16.3342,14.6278,available,,not_measured,managed,14.6278,1.116655,faster
"np.multiply(a, b) (uint8)",Arithmetic,uint8,1000,,0.000618,0.000492,available,,not_measured,managed,0.000492,1.256098,negligible
"np.multiply(a, b) (uint8)",Arithmetic,uint8,100000,,0.027214,0.005573,available,,not_measured,managed,0.005573,4.883187,faster
"np.multiply(a, b) (uint8)",Arithmetic,uint8,10000000,,3.6685,1.174962,available,,not_measured,managed,1.174962,3.122229,faster
"np.subtract(a, b) (complex128)",Arithmetic,complex128,1000,,0.000655,0.001196,available,,not_measured,managed,0.001196,0.547659,negligible
"np.subtract(a, b) (complex128)",Arithmetic,complex128,100000,,0.27415,0.099782,available,,not_measured,managed,0.099782,2.74749,faster
"np.subtract(a, b) (complex128)",Arithmetic,complex128,10000000,,32.8286,28.2539,available,,not_measured,managed,28.2539,1.161914,faster
"np.subtract(a, b) (float16)",Arithmetic,float16,1000,,0.003257,0.004933,available,,not_measured,managed,0.004933,0.660247,slower
"np.subtract(a, b) (float16)",Arithmetic,float16,100000,,0.274375,0.457578,available,,not_measured,managed,0.457578,0.599625,slower
"np.subtract(a, b) (float16)",Arithmetic,float16,10000000,,30.1603,47.0094,available,,not_measured,managed,47.0094,0.64158,slower
"np.subtract(a, b) (float32)",Arithmetic,float32,1000,,0.000413,0.000615,available,,not_measured,managed,0.000615,0.671545,negligible
"np.subtract(a, b) (float32)",Arithmetic,float32,100000,,0.006827,0.013575,available,,not_measured,managed,0.013575,0.50291,slower
"np.subtract(a, b) (float32)",Arithmetic,float32,10000000,,8.2346,5.4818,available,,not_measured,managed,5.4818,1.502171,faster
"np.subtract(a, b) (float64)",Arithmetic,float64,1000,,0.000476,0.000771,available,,not_measured,managed,0.000771,0.61738,negligible
"np.subtract(a, b) (float64)",Arithmetic,float64,100000,,0.023368,0.034837,available,,not_measured,managed,0.034837,0.670781,slower
"np.subtract(a, b) (float64)",Arithmetic,float64,10000000,,16.9555,13.9861,available,,not_measured,managed,13.9861,1.212311,faster
"np.subtract(a, b) (int16)",Arithmetic,int16,1000,,0.000651,0.000568,available,,not_measured,managed,0.000568,1.146127,negligible
"np.subtract(a, b) (int16)",Arithmetic,int16,100000,,0.028531,0.006931,available,,not_measured,managed,0.006931,4.116433,faster
"np.subtract(a, b) (int16)",Arithmetic,int16,10000000,,4.9236,3.132871,available,,not_measured,managed,3.132871,1.571594,faster
"np.subtract(a, b) (int32)",Arithmetic,int32,1000,,0.000672,0.000616,available,,not_measured,managed,0.000616,1.090909,negligible
"np.subtract(a, b) (int32)",Arithmetic,int32,100000,,0.028406,0.013644,available,,not_measured,managed,0.013644,2.081941,faster
"np.subtract(a, b) (int32)",Arithmetic,int32,10000000,,8.4886,5.66965,available,,not_measured,managed,5.66965,1.4972,faster
"np.subtract(a, b) (int64)",Arithmetic,int64,1000,,0.000663,0.000761,available,,not_measured,managed,0.000761,0.871222,negligible
"np.subtract(a, b) (int64)",Arithmetic,int64,100000,,0.030059,0.03442,available,,not_measured,managed,0.03442,0.8733,close
"np.subtract(a, b) (int64)",Arithmetic,int64,10000000,,16.191,14.19465,available,,not_measured,managed,14.19465,1.140641,faster
"np.subtract(a, b) (int8)",Arithmetic,int8,1000,,0.000627,0.00046,available,,not_measured,managed,0.00046,1.363043,negligible
"np.subtract(a, b) (int8)",Arithmetic,int8,100000,,0.028371,0.003844,available,,not_measured,managed,0.003844,7.380593,faster
"np.subtract(a, b) (int8)",Arithmetic,int8,10000000,,3.7324,1.150428,available,,not_measured,managed,1.150428,3.244358,faster
"np.subtract(a, b) (uint16)",Arithmetic,uint16,1000,,0.00065,0.000565,available,,not_measured,managed,0.000565,1.150442,negligible
"np.subtract(a, b) (uint16)",Arithmetic,uint16,100000,,0.028443,0.006864,available,,not_measured,managed,0.006864,4.143794,faster
"np.subtract(a, b) (uint16)",Arithmetic,uint16,10000000,,4.9968,3.098814,available,,not_measured,managed,3.098814,1.612488,faster
"np.subtract(a, b) (uint32)",Arithmetic,uint32,1000,,0.00066,0.000612,available,,not_measured,managed,0.000612,1.078431,negligible
"np.subtract(a, b) (uint32)",Arithmetic,uint32,100000,,0.028423,0.013515,available,,not_measured,managed,0.013515,2.103071,faster
"np.subtract(a, b) (uint32)",Arithmetic,uint32,10000000,,12.8258,5.558025,available,,not_measured,managed,5.558025,2.307618,faster
"np.subtract(a, b) (uint64)",Arithmetic,uint64,1000,,0.000659,0.000764,available,,not_measured,managed,0.000764,0.862565,negligible
"np.subtract(a, b) (uint64)",Arithmetic,uint64,100000,,0.031968,0.033677,available,,not_measured,managed,0.033677,0.949253,close
"np.subtract(a, b) (uint64)",Arithmetic,uint64,10000000,,17.105,14.47795,available,,not_measured,managed,14.47795,1.181452,faster
"np.subtract(a, b) (uint8)",Arithmetic,uint8,1000,,0.000629,0.000471,available,,not_measured,managed,0.000471,1.335456,negligible
"np.subtract(a, b) (uint8)",Arithmetic,uint8,100000,,0.028392,0.003862,available,,not_measured,managed,0.003862,7.351631,faster
"np.subtract(a, b) (uint8)",Arithmetic,uint8,10000000,,3.7272,1.139459,available,,not_measured,managed,1.139459,3.271026,faster
"np.true_divide(a, b) (float32)",Arithmetic,float32,1000,,0.000463,0.000613,available,,not_measured,managed,0.000613,0.755302,negligible
"np.true_divide(a, b) (float32)",Arithmetic,float32,100000,,0.011836,0.014006,available,,not_measured,managed,0.014006,0.845066,close
"np.true_divide(a, b) (float32)",Arithmetic,float32,10000000,,8.4155,5.8718,available,,not_measured,managed,5.8718,1.433206,faster
"np.true_divide(a, b) (float64)",Arithmetic,float64,1000,,0.00075,0.000913,available,,not_measured,managed,0.000913,0.821468,negligible
"np.true_divide(a, b) (float64)",Arithmetic,float64,100000,,0.037379,0.044157,available,,not_measured,managed,0.044157,0.846502,close
"np.true_divide(a, b) (float64)",Arithmetic,float64,10000000,,16.8456,15.53045,available,,not_measured,managed,15.53045,1.084682,faster
"np.true_divide(a, b) (int32)",Arithmetic,int32,1000,,0.00165,0.001668,available,,not_measured,managed,0.001668,0.989209,close
"np.true_divide(a, b) (int32)",Arithmetic,int32,100000,,0.081692,0.078149,available,,not_measured,managed,0.078149,1.045336,close
"np.true_divide(a, b) (int32)",Arithmetic,int32,10000000,,20.7667,13.70805,available,,not_measured,managed,13.70805,1.514927,faster
"np.true_divide(a, b) (int64)",Arithmetic,int64,1000,,0.00158,0.001692,available,,not_measured,managed,0.001692,0.933806,close
"np.true_divide(a, b) (int64)",Arithmetic,int64,100000,,0.075857,0.080657,available,,not_measured,managed,0.080657,0.940489,close
"np.true_divide(a, b) (int64)",Arithmetic,int64,10000000,,23.0466,15.52445,available,,not_measured,managed,15.52445,1.484536,faster
scalar - a (complex128),Arithmetic,complex128,1000,,0.000735,0.001041,available,,not_measured,managed,0.001041,0.706052,negligible
scalar - a (complex128),Arithmetic,complex128,100000,,0.270825,0.074338,available,,not_measured,managed,0.074338,3.643157,faster
scalar - a (complex128),Arithmetic,complex128,10000000,,31.4215,24.6819,available,,not_measured,managed,24.6819,1.273058,faster
scalar - a (float16),Arithmetic,float16,1000,,0.003311,0.00476,available,,not_measured,managed,0.00476,0.695588,slower
scalar - a (float16),Arithmetic,float16,100000,,0.27505,0.450887,available,,not_measured,managed,0.450887,0.61002,slower
scalar - a (float16),Arithmetic,float16,10000000,,30.164,45.9596,available,,not_measured,managed,45.9596,0.656316,slower
scalar - a (float32),Arithmetic,float32,1000,,0.000561,0.000632,available,,not_measured,managed,0.000632,0.887658,negligible
scalar - a (float32),Arithmetic,float32,100000,,0.005843,0.012153,available,,not_measured,managed,0.012153,0.480787,slower
scalar - a (float32),Arithmetic,float32,10000000,,7.6137,4.859625,available,,not_measured,managed,4.859625,1.566726,faster
scalar - a (float64),Arithmetic,float64,1000,,0.000621,0.000731,available,,not_measured,managed,0.000731,0.849521,negligible
scalar - a (float64),Arithmetic,float64,100000,,0.011049,0.026455,available,,not_measured,managed,0.026455,0.417653,slower
scalar - a (float64),Arithmetic,float64,10000000,,15.6213,12.63865,available,,not_measured,managed,12.63865,1.235994,faster
scalar - a (int16),Arithmetic,int16,1000,,0.000802,0.000575,available,,not_measured,managed,0.000575,1.394783,negligible
scalar - a (int16),Arithmetic,int16,100000,,0.023751,0.006157,available,,not_measured,managed,0.006157,3.857561,faster
scalar - a (int16),Arithmetic,int16,10000000,,4.2964,2.7897,available,,not_measured,managed,2.7897,1.540094,faster
scalar - a (int32),Arithmetic,int32,1000,,0.000778,0.000618,available,,not_measured,managed,0.000618,1.2589,negligible
scalar - a (int32),Arithmetic,int32,100000,,0.023518,0.012257,available,,not_measured,managed,0.012257,1.91874,faster
scalar - a (int32),Arithmetic,int32,10000000,,7.7127,4.7965,available,,not_measured,managed,4.7965,1.607985,faster
scalar - a (int64),Arithmetic,int64,1000,,0.000779,0.00073,available,,not_measured,managed,0.00073,1.067123,negligible
scalar - a (int64),Arithmetic,int64,100000,,0.023511,0.026489,available,,not_measured,managed,0.026489,0.887576,close
scalar - a (int64),Arithmetic,int64,10000000,,14.7294,12.6695,available,,not_measured,managed,12.6695,1.162587,faster
scalar - a (int8),Arithmetic,int8,1000,,0.000738,0.000442,available,,not_measured,managed,0.000442,1.669683,negligible
scalar - a (int8),Arithmetic,int8,100000,,0.023493,0.00336,available,,not_measured,managed,0.00336,6.991964,faster
scalar - a (int8),Arithmetic,int8,10000000,,3.1773,0.932037,available,,not_measured,managed,0.932037,3.408985,faster
scalar - a (uint16),Arithmetic,uint16,1000,,0.000795,0.000583,available,,not_measured,managed,0.000583,1.363636,negligible
scalar - a (uint16),Arithmetic,uint16,100000,,0.023723,0.006192,available,,not_measured,managed,0.006192,3.831234,faster
scalar - a (uint16),Arithmetic,uint16,10000000,,4.4123,2.726143,available,,not_measured,managed,2.726143,1.618514,faster
scalar - a (uint32),Arithmetic,uint32,1000,,0.000776,0.000613,available,,not_measured,managed,0.000613,1.265905,negligible
scalar - a (uint32),Arithmetic,uint32,100000,,0.0235,0.012267,available,,not_measured,managed,0.012267,1.915709,faster
scalar - a (uint32),Arithmetic,uint32,10000000,,10.9434,4.831625,available,,not_measured,managed,4.831625,2.264952,faster
scalar - a (uint64),Arithmetic,uint64,1000,,0.000763,0.000737,available,,not_measured,managed,0.000737,1.035278,negligible
scalar - a (uint64),Arithmetic,uint64,100000,,0.023521,0.027278,available,,not_measured,managed,0.027278,0.86227,close
scalar - a (uint64),Arithmetic,uint64,10000000,,15.1177,12.9978,available,,not_measured,managed,12.9978,1.163097,faster
scalar - a (uint8),Arithmetic,uint8,1000,,0.000742,0.000483,available,,not_measured,managed,0.000483,1.536232,negligible
scalar - a (uint8),Arithmetic,uint8,100000,,0.023519,0.003391,available,,not_measured,managed,0.003391,6.935712,faster
scalar - a (uint8),Arithmetic,uint8,10000000,,3.17,0.961691,available,,not_measured,managed,0.961691,3.296277,faster
scalar / a (float32),Arithmetic,float32,1000,,0.000612,0.000659,available,,not_measured,managed,0.000659,0.92868,negligible
scalar / a (float32),Arithmetic,float32,100000,,0.011993,0.013642,available,,not_measured,managed,0.013642,0.879123,close
scalar / a (float32),Arithmetic,float32,10000000,,7.6017,4.89255,available,,not_measured,managed,4.89255,1.55373,faster
scalar / a (float64),Arithmetic,float64,1000,,0.000886,0.000919,available,,not_measured,managed,0.000919,0.964091,negligible
scalar / a (float64),Arithmetic,float64,100000,,0.037041,0.040159,available,,not_measured,managed,0.040159,0.922359,close
scalar / a (float64),Arithmetic,float64,10000000,,15.7404,12.77205,available,,not_measured,managed,12.77205,1.23241,faster
scalar / a (int32),Arithmetic,int32,1000,,0.001561,0.002104,available,,not_measured,managed,0.002104,0.74192,slower
scalar / a (int32),Arithmetic,int32,100000,,0.060762,0.08095,available,,not_measured,managed,0.08095,0.750611,slower
scalar / a (int32),Arithmetic,int32,10000000,,18.8881,13.2574,available,,not_measured,managed,13.2574,1.424721,faster
scalar / a (int64),Arithmetic,int64,1000,,0.001538,0.002132,available,,not_measured,managed,0.002132,0.721388,slower
scalar / a (int64),Arithmetic,int64,100000,,0.056672,0.082355,available,,not_measured,managed,0.082355,0.688143,slower
scalar / a (int64),Arithmetic,int64,10000000,,18.4914,14.2684,available,,not_measured,managed,14.2684,1.295969,faster
a & b (bool),Bitwise,bool,1000,,0.000333,0.000422,available,,not_measured,managed,0.000422,0.7891,negligible
a & b (bool),Bitwise,bool,100000,,0.002265,0.004524,available,,not_measured,managed,0.004524,0.500663,slower
a & b (bool),Bitwise,bool,10000000,,1.8406,2.165056,available,,not_measured,managed,2.165056,0.85014,close
a & b (int16),Bitwise,int16,1000,,0.000645,0.00089,available,,not_measured,managed,0.00089,0.724719,negligible
a & b (int16),Bitwise,int16,100000,,0.028286,0.011818,available,,not_measured,managed,0.011818,2.393468,faster
a & b (int16),Bitwise,int16,10000000,,4.957,4.87615,available,,not_measured,managed,4.87615,1.016581,close
a & b (int32),Bitwise,int32,1000,,0.000647,0.001049,available,,not_measured,managed,0.001049,0.616778,negligible
a & b (int32),Bitwise,int32,100000,,0.028235,0.022378,available,,not_measured,managed,0.022378,1.26173,faster
a & b (int32),Bitwise,int32,10000000,,8.1132,10.7437,available,,not_measured,managed,10.7437,0.755159,slower
a & b (int64),Bitwise,int64,1000,,0.000656,0.001227,available,,not_measured,managed,0.001227,0.534637,negligible
a & b (int64),Bitwise,int64,100000,,0.031238,0.049233,available,,not_measured,managed,0.049233,0.634493,slower
a & b (int64),Bitwise,int64,10000000,,16.2514,14.5947,available,,not_measured,managed,14.5947,1.113514,faster
a & b (int8),Bitwise,int8,1000,,0.00061,0.000512,available,,not_measured,managed,0.000512,1.191406,negligible
a & b (int8),Bitwise,int8,100000,,0.028347,0.006743,available,,not_measured,managed,0.006743,4.203915,faster
a & b (int8),Bitwise,int8,10000000,,3.7152,2.561637,available,,not_measured,managed,2.561637,1.450323,faster
a & b (uint16),Bitwise,uint16,1000,,0.000648,0.000614,available,,not_measured,managed,0.000614,1.055375,negligible
a & b (uint16),Bitwise,uint16,100000,,0.02829,0.012702,available,,not_measured,managed,0.012702,2.227208,faster
a & b (uint16),Bitwise,uint16,10000000,,5.0727,3.634475,available,,not_measured,managed,3.634475,1.395717,faster
a & b (uint32),Bitwise,uint32,1000,,0.000661,0.001153,available,,not_measured,managed,0.001153,0.573287,negligible
a & b (uint32),Bitwise,uint32,100000,,0.028262,0.019528,available,,not_measured,managed,0.019528,1.447255,faster
a & b (uint32),Bitwise,uint32,10000000,,8.0354,10.8582,available,,not_measured,managed,10.8582,0.740031,slower
a & b (uint64),Bitwise,uint64,1000,,0.000655,0.000804,available,,not_measured,managed,0.000804,0.814677,negligible
a & b (uint64),Bitwise,uint64,100000,,0.030854,0.049959,available,,not_measured,managed,0.049959,0.617586,slower
a & b (uint64),Bitwise,uint64,10000000,,15.9817,22.8756,available,,not_measured,managed,22.8756,0.698635,slower
a & b (uint8),Bitwise,uint8,1000,,0.000614,0.000534,available,,not_measured,managed,0.000534,1.149813,negligible
a & b (uint8),Bitwise,uint8,100000,,0.028319,0.00659,available,,not_measured,managed,0.00659,4.297269,faster
a & b (uint8),Bitwise,uint8,10000000,,3.7237,1.832925,available,,not_measured,managed,1.832925,2.031562,faster
a ^ b (bool),Bitwise,bool,1000,,0.000333,0.000614,available,,not_measured,managed,0.000614,0.542345,negligible
a ^ b (bool),Bitwise,bool,100000,,0.002296,0.005946,available,,not_measured,managed,0.005946,0.386142,slower
a ^ b (bool),Bitwise,bool,10000000,,1.9336,2.754962,available,,not_measured,managed,2.754962,0.701861,slower
a ^ b (int16),Bitwise,int16,1000,,0.000635,0.000923,available,,not_measured,managed,0.000923,0.687974,negligible
a ^ b (int16),Bitwise,int16,100000,,0.028351,0.012213,available,,not_measured,managed,0.012213,2.321379,faster
a ^ b (int16),Bitwise,int16,10000000,,4.9258,3.86995,available,,not_measured,managed,3.86995,1.272833,faster
a ^ b (int32),Bitwise,int32,1000,,0.000649,0.0011,available,,not_measured,managed,0.0011,0.59,negligible
a ^ b (int32),Bitwise,int32,100000,,0.028385,0.024584,available,,not_measured,managed,0.024584,1.154613,faster
a ^ b (int32),Bitwise,int32,10000000,,8.1098,4.3381,available,,not_measured,managed,4.3381,1.869436,faster
a ^ b (int64),Bitwise,int64,1000,,0.000674,0.001325,available,,not_measured,managed,0.001325,0.508679,negligible
a ^ b (int64),Bitwise,int64,100000,,0.030548,0.055523,available,,not_measured,managed,0.055523,0.550186,slower
a ^ b (int64),Bitwise,int64,10000000,,16.5933,15.1424,available,,not_measured,managed,15.1424,1.095817,faster
a ^ b (int8),Bitwise,int8,1000,,0.000613,0.000571,available,,not_measured,managed,0.000571,1.073555,negligible
a ^ b (int8),Bitwise,int8,100000,,0.028336,0.006322,available,,not_measured,managed,0.006322,4.482126,faster
a ^ b (int8),Bitwise,int8,10000000,,3.7454,2.138518,available,,not_measured,managed,2.138518,1.7514,faster
a ^ b (uint16),Bitwise,uint16,1000,,0.000648,0.00063,available,,not_measured,managed,0.00063,1.028571,negligible
a ^ b (uint16),Bitwise,uint16,100000,,0.028386,0.012178,available,,not_measured,managed,0.012178,2.330925,faster
a ^ b (uint16),Bitwise,uint16,10000000,,4.909,5.529725,available,,not_measured,managed,5.529725,0.887748,close
a ^ b (uint32),Bitwise,uint32,1000,,0.000666,0.001118,available,,not_measured,managed,0.001118,0.595707,negligible
a ^ b (uint32),Bitwise,uint32,100000,,0.028394,0.022796,available,,not_measured,managed,0.022796,1.245569,faster
a ^ b (uint32),Bitwise,uint32,10000000,,8.0488,9.80195,available,,not_measured,managed,9.80195,0.821143,close
a ^ b (uint64),Bitwise,uint64,1000,,0.000659,0.000841,available,,not_measured,managed,0.000841,0.783591,negligible
a ^ b (uint64),Bitwise,uint64,100000,,0.030663,0.053076,available,,not_measured,managed,0.053076,0.577719,slower
a ^ b (uint64),Bitwise,uint64,10000000,,16.1007,25.5498,available,,not_measured,managed,25.5498,0.630169,slower
a ^ b (uint8),Bitwise,uint8,1000,,0.000613,0.0005,available,,not_measured,managed,0.0005,1.226,negligible
a ^ b (uint8),Bitwise,uint8,100000,,0.028389,0.005085,available,,not_measured,managed,0.005085,5.582891,faster
a ^ b (uint8),Bitwise,uint8,10000000,,3.7556,2.391675,available,,not_measured,managed,2.391675,1.57028,faster
a | b (bool),Bitwise,bool,1000,,0.000331,0.000456,available,,not_measured,managed,0.000456,0.725877,negligible
a | b (bool),Bitwise,bool,100000,,0.002228,0.005174,available,,not_measured,managed,0.005174,0.430615,slower
a | b (bool),Bitwise,bool,10000000,,1.7906,2.629214,available,,not_measured,managed,2.629214,0.68104,slower
a | b (int16),Bitwise,int16,1000,,0.000643,0.000935,available,,not_measured,managed,0.000935,0.687701,negligible
a | b (int16),Bitwise,int16,100000,,0.028334,0.009583,available,,not_measured,managed,0.009583,2.956694,faster
a | b (int16),Bitwise,int16,10000000,,4.9358,5.922875,available,,not_measured,managed,5.922875,0.833345,close
a | b (int32),Bitwise,int32,1000,,0.00064,0.001083,available,,not_measured,managed,0.001083,0.590951,negligible
a | b (int32),Bitwise,int32,100000,,0.028394,0.022474,available,,not_measured,managed,0.022474,1.263416,faster
a | b (int32),Bitwise,int32,10000000,,8.2014,7.6341,available,,not_measured,managed,7.6341,1.074311,faster
a | b (int64),Bitwise,int64,1000,,0.00065,0.001224,available,,not_measured,managed,0.001224,0.531046,negligible
a | b (int64),Bitwise,int64,100000,,0.030525,0.046441,available,,not_measured,managed,0.046441,0.657286,slower
a | b (int64),Bitwise,int64,10000000,,16.6471,14.5606,available,,not_measured,managed,14.5606,1.143298,faster
a | b (int8),Bitwise,int8,1000,,0.000612,0.000436,available,,not_measured,managed,0.000436,1.40367,negligible
a | b (int8),Bitwise,int8,100000,,0.028289,0.005157,available,,not_measured,managed,0.005157,5.485554,faster
a | b (int8),Bitwise,int8,10000000,,3.7827,1.82815,available,,not_measured,managed,1.82815,2.069141,faster
a | b (uint16),Bitwise,uint16,1000,,0.000647,0.000884,available,,not_measured,managed,0.000884,0.7319,negligible
a | b (uint16),Bitwise,uint16,100000,,0.028369,0.013374,available,,not_measured,managed,0.013374,2.121205,faster
a | b (uint16),Bitwise,uint16,10000000,,4.9323,4.758525,available,,not_measured,managed,4.758525,1.036519,close
a | b (uint32),Bitwise,uint32,1000,,0.000656,0.001108,available,,not_measured,managed,0.001108,0.592058,negligible
a | b (uint32),Bitwise,uint32,100000,,0.028409,0.02411,available,,not_measured,managed,0.02411,1.178308,faster
a | b (uint32),Bitwise,uint32,10000000,,8.4501,11.1564,available,,not_measured,managed,11.1564,0.757422,slower
a | b (uint64),Bitwise,uint64,1000,,0.000656,0.000904,available,,not_measured,managed,0.000904,0.725664,negligible
a | b (uint64),Bitwise,uint64,100000,,0.030558,0.047138,available,,not_measured,managed,0.047138,0.648267,slower
a | b (uint64),Bitwise,uint64,10000000,,16.0671,24.8275,available,,not_measured,managed,24.8275,0.647149,slower
a | b (uint8),Bitwise,uint8,1000,,0.000612,0.000522,available,,not_measured,managed,0.000522,1.172414,negligible
a | b (uint8),Bitwise,uint8,100000,,0.028286,0.005941,available,,not_measured,managed,0.005941,4.761151,faster
a | b (uint8),Bitwise,uint8,10000000,,3.7925,2.507143,available,,not_measured,managed,2.507143,1.512678,faster
"np.bitwise_and(a, b) (bool)",Bitwise,bool,1000,,0.000351,0.0005,available,,not_measured,managed,0.0005,0.702,negligible
"np.bitwise_and(a, b) (bool)",Bitwise,bool,100000,,0.002277,0.005623,available,,not_measured,managed,0.005623,0.404944,slower
"np.bitwise_and(a, b) (bool)",Bitwise,bool,10000000,,1.7357,2.40715,available,,not_measured,managed,2.40715,0.72106,slower
"np.bitwise_and(a, b) (int16)",Bitwise,int16,1000,,0.000655,0.000864,available,,not_measured,managed,0.000864,0.758102,negligible
"np.bitwise_and(a, b) (int16)",Bitwise,int16,100000,,0.028265,0.013006,available,,not_measured,managed,0.013006,2.173228,faster
"np.bitwise_and(a, b) (int16)",Bitwise,int16,10000000,,4.9364,4.735925,available,,not_measured,managed,4.735925,1.042331,close
"np.bitwise_and(a, b) (int32)",Bitwise,int32,1000,,0.000657,0.001084,available,,not_measured,managed,0.001084,0.606089,negligible
"np.bitwise_and(a, b) (int32)",Bitwise,int32,100000,,0.028251,0.023682,available,,not_measured,managed,0.023682,1.192931,faster
"np.bitwise_and(a, b) (int32)",Bitwise,int32,10000000,,8.0032,6.49875,available,,not_measured,managed,6.49875,1.231498,faster
"np.bitwise_and(a, b) (int64)",Bitwise,int64,1000,,0.000667,0.001506,available,,not_measured,managed,0.001506,0.442895,negligible
"np.bitwise_and(a, b) (int64)",Bitwise,int64,100000,,0.030583,0.052751,available,,not_measured,managed,0.052751,0.579762,slower
"np.bitwise_and(a, b) (int64)",Bitwise,int64,10000000,,15.928,24.3263,available,,not_measured,managed,24.3263,0.654765,slower
"np.bitwise_and(a, b) (int8)",Bitwise,int8,1000,,0.00063,0.000438,available,,not_measured,managed,0.000438,1.438356,negligible
"np.bitwise_and(a, b) (int8)",Bitwise,int8,100000,,0.028403,0.006946,available,,not_measured,managed,0.006946,4.089116,faster
"np.bitwise_and(a, b) (int8)",Bitwise,int8,10000000,,3.7436,1.94238,available,,not_measured,managed,1.94238,1.927326,faster
"np.bitwise_and(a, b) (uint16)",Bitwise,uint16,1000,,0.000666,0.000821,available,,not_measured,managed,0.000821,0.811206,negligible
"np.bitwise_and(a, b) (uint16)",Bitwise,uint16,100000,,0.028255,0.013492,available,,not_measured,managed,0.013492,2.094204,faster
"np.bitwise_and(a, b) (uint16)",Bitwise,uint16,10000000,,4.9562,4.232875,available,,not_measured,managed,4.232875,1.170883,faster
"np.bitwise_and(a, b) (uint32)",Bitwise,uint32,1000,,0.000661,0.001051,available,,not_measured,managed,0.001051,0.628925,negligible
"np.bitwise_and(a, b) (uint32)",Bitwise,uint32,100000,,0.028331,0.024977,available,,not_measured,managed,0.024977,1.134284,faster
"np.bitwise_and(a, b) (uint32)",Bitwise,uint32,10000000,,8.1497,8.227,available,,not_measured,managed,8.227,0.990604,close
"np.bitwise_and(a, b) (uint64)",Bitwise,uint64,1000,,0.000671,0.001334,available,,not_measured,managed,0.001334,0.502999,negligible
"np.bitwise_and(a, b) (uint64)",Bitwise,uint64,100000,,0.03067,0.04363,available,,not_measured,managed,0.04363,0.702957,slower
"np.bitwise_and(a, b) (uint64)",Bitwise,uint64,10000000,,15.687,25.0222,available,,not_measured,managed,25.0222,0.626923,slower
"np.bitwise_and(a, b) (uint8)",Bitwise,uint8,1000,,0.000633,0.000624,available,,not_measured,managed,0.000624,1.014423,negligible
"np.bitwise_and(a, b) (uint8)",Bitwise,uint8,100000,,0.028394,0.006307,available,,not_measured,managed,0.006307,4.501982,faster
"np.bitwise_and(a, b) (uint8)",Bitwise,uint8,10000000,,3.7186,2.121022,available,,not_measured,managed,2.121022,1.753211,faster
np.bitwise_not(a) (bool),Bitwise,bool,1000,,0.000327,0.000425,available,,not_measured,managed,0.000425,0.769412,negligible
np.bitwise_not(a) (bool),Bitwise,bool,100000,,0.001841,0.004721,available,,not_measured,managed,0.004721,0.38996,slower
np.bitwise_not(a) (bool),Bitwise,bool,10000000,,1.5863,1.567242,available,,not_measured,managed,1.567242,1.01216,close
np.bitwise_not(a) (int16),Bitwise,int16,1000,,0.000599,0.000777,available,,not_measured,managed,0.000777,0.770914,negligible
np.bitwise_not(a) (int16),Bitwise,int16,100000,,0.025633,0.011697,available,,not_measured,managed,0.011697,2.191417,faster
np.bitwise_not(a) (int16),Bitwise,int16,10000000,,4.5881,3.675675,available,,not_measured,managed,3.675675,1.248233,faster
np.bitwise_not(a) (int32),Bitwise,int32,1000,,0.000617,0.001129,available,,not_measured,managed,0.001129,0.546501,negligible
np.bitwise_not(a) (int32),Bitwise,int32,100000,,0.025661,0.021605,available,,not_measured,managed,0.021605,1.187734,faster
np.bitwise_not(a) (int32),Bitwise,int32,10000000,,7.3288,8.514725,available,,not_measured,managed,8.514725,0.860721,close
np.bitwise_not(a) (int64),Bitwise,int64,1000,,0.000611,0.001492,available,,not_measured,managed,0.001492,0.409517,negligible
np.bitwise_not(a) (int64),Bitwise,int64,100000,,0.025705,0.039176,available,,not_measured,managed,0.039176,0.656142,slower
np.bitwise_not(a) (int64),Bitwise,int64,10000000,,14.7278,18.7865,available,,not_measured,managed,18.7865,0.783957,slower
np.bitwise_not(a) (int8),Bitwise,int8,1000,,0.000577,0.000521,available,,not_measured,managed,0.000521,1.107486,negligible
np.bitwise_not(a) (int8),Bitwise,int8,100000,,0.025631,0.003509,available,,not_measured,managed,0.003509,7.30436,faster
np.bitwise_not(a) (int8),Bitwise,int8,10000000,,3.4631,1.301712,available,,not_measured,managed,1.301712,2.66042,faster
np.bitwise_not(a) (uint16),Bitwise,uint16,1000,,0.000611,0.000808,available,,not_measured,managed,0.000808,0.756188,negligible
np.bitwise_not(a) (uint16),Bitwise,uint16,100000,,0.025628,0.011673,available,,not_measured,managed,0.011673,2.195494,faster
np.bitwise_not(a) (uint16),Bitwise,uint16,10000000,,4.5242,2.51035,available,,not_measured,managed,2.51035,1.802219,faster
np.bitwise_not(a) (uint32),Bitwise,uint32,1000,,0.000611,0.000764,available,,not_measured,managed,0.000764,0.799738,negligible
np.bitwise_not(a) (uint32),Bitwise,uint32,100000,,0.025651,0.021031,available,,not_measured,managed,0.021031,1.219676,faster
np.bitwise_not(a) (uint32),Bitwise,uint32,10000000,,7.4754,7.5749,available,,not_measured,managed,7.5749,0.986865,close
np.bitwise_not(a) (uint64),Bitwise,uint64,1000,,0.00061,0.001107,available,,not_measured,managed,0.001107,0.551039,negligible
np.bitwise_not(a) (uint64),Bitwise,uint64,100000,,0.025692,0.040423,available,,not_measured,managed,0.040423,0.635579,slower
np.bitwise_not(a) (uint64),Bitwise,uint64,10000000,,14.5337,16.2743,available,,not_measured,managed,16.2743,0.893046,close
np.bitwise_not(a) (uint8),Bitwise,uint8,1000,,0.000581,0.000636,available,,not_measured,managed,0.000636,0.913522,negligible
np.bitwise_not(a) (uint8),Bitwise,uint8,100000,,0.025631,0.005954,available,,not_measured,managed,0.005954,4.304837,faster
np.bitwise_not(a) (uint8),Bitwise,uint8,10000000,,3.4184,1.298,available,,not_measured,managed,1.298,2.63359,faster
"np.bitwise_or(a, b) (bool)",Bitwise,bool,1000,,0.000348,0.000591,available,,not_measured,managed,0.000591,0.588832,negligible
"np.bitwise_or(a, b) (bool)",Bitwise,bool,100000,,0.002235,0.006752,available,,not_measured,managed,0.006752,0.331013,slower
"np.bitwise_or(a, b) (bool)",Bitwise,bool,10000000,,1.7559,2.33343,available,,not_measured,managed,2.33343,0.752497,slower
"np.bitwise_or(a, b) (int16)",Bitwise,int16,1000,,0.000656,0.000783,available,,not_measured,managed,0.000783,0.837803,negligible
"np.bitwise_or(a, b) (int16)",Bitwise,int16,100000,,0.028389,0.012637,available,,not_measured,managed,0.012637,2.246498,faster
"np.bitwise_or(a, b) (int16)",Bitwise,int16,10000000,,4.9987,2.967325,available,,not_measured,managed,2.967325,1.684581,faster
"np.bitwise_or(a, b) (int32)",Bitwise,int32,1000,,0.000656,0.001168,available,,not_measured,managed,0.001168,0.561644,negligible
"np.bitwise_or(a, b) (int32)",Bitwise,int32,100000,,0.028387,0.02354,available,,not_measured,managed,0.02354,1.205905,faster
"np.bitwise_or(a, b) (int32)",Bitwise,int32,10000000,,8.1604,10.99125,available,,not_measured,managed,10.99125,0.742445,slower
"np.bitwise_or(a, b) (int64)",Bitwise,int64,1000,,0.000659,0.001323,available,,not_measured,managed,0.001323,0.49811,negligible
"np.bitwise_or(a, b) (int64)",Bitwise,int64,100000,,0.030652,0.050112,available,,not_measured,managed,0.050112,0.61167,slower
"np.bitwise_or(a, b) (int64)",Bitwise,int64,10000000,,16.02,21.4143,available,,not_measured,managed,21.4143,0.748098,slower
"np.bitwise_or(a, b) (int8)",Bitwise,int8,1000,,0.000628,0.00042,available,,not_measured,managed,0.00042,1.495238,negligible
"np.bitwise_or(a, b) (int8)",Bitwise,int8,100000,,0.028306,0.006665,available,,not_measured,managed,0.006665,4.246962,faster
"np.bitwise_or(a, b) (int8)",Bitwise,int8,10000000,,3.7994,1.75133,available,,not_measured,managed,1.75133,2.169437,faster
"np.bitwise_or(a, b) (uint16)",Bitwise,uint16,1000,,0.000656,0.000872,available,,not_measured,managed,0.000872,0.752294,negligible
"np.bitwise_or(a, b) (uint16)",Bitwise,uint16,100000,,0.028386,0.012183,available,,not_measured,managed,0.012183,2.329968,faster
"np.bitwise_or(a, b) (uint16)",Bitwise,uint16,10000000,,4.992,3.25185,available,,not_measured,managed,3.25185,1.535126,faster
"np.bitwise_or(a, b) (uint32)",Bitwise,uint32,1000,,0.000658,0.001019,available,,not_measured,managed,0.001019,0.645731,negligible
"np.bitwise_or(a, b) (uint32)",Bitwise,uint32,100000,,0.028369,0.023935,available,,not_measured,managed,0.023935,1.185252,faster
"np.bitwise_or(a, b) (uint32)",Bitwise,uint32,10000000,,8.0441,7.15985,available,,not_measured,managed,7.15985,1.123501,faster
"np.bitwise_or(a, b) (uint64)",Bitwise,uint64,1000,,0.000669,0.000835,available,,not_measured,managed,0.000835,0.801198,negligible
"np.bitwise_or(a, b) (uint64)",Bitwise,uint64,100000,,0.030653,0.048578,available,,not_measured,managed,0.048578,0.631006,slower
"np.bitwise_or(a, b) (uint64)",Bitwise,uint64,10000000,,16.1295,24.6962,available,,not_measured,managed,24.6962,0.653117,slower
"np.bitwise_or(a, b) (uint8)",Bitwise,uint8,1000,,0.000632,0.000681,available,,not_measured,managed,0.000681,0.928047,negligible
"np.bitwise_or(a, b) (uint8)",Bitwise,uint8,100000,,0.0283,0.004209,available,,not_measured,managed,0.004209,6.723687,faster
"np.bitwise_or(a, b) (uint8)",Bitwise,uint8,10000000,,3.7767,2.078327,available,,not_measured,managed,2.078327,1.817183,faster
"np.bitwise_xor(a, b) (bool)",Bitwise,bool,1000,,0.000351,0.000469,available,,not_measured,managed,0.000469,0.748401,negligible
"np.bitwise_xor(a, b) (bool)",Bitwise,bool,100000,,0.002272,0.006119,available,,not_measured,managed,0.006119,0.371303,slower
"np.bitwise_xor(a, b) (bool)",Bitwise,bool,10000000,,1.7122,2.539988,available,,not_measured,managed,2.539988,0.674098,slower
"np.bitwise_xor(a, b) (int16)",Bitwise,int16,1000,,0.000655,0.000765,available,,not_measured,managed,0.000765,0.856209,negligible
"np.bitwise_xor(a, b) (int16)",Bitwise,int16,100000,,0.028368,0.013005,available,,not_measured,managed,0.013005,2.181315,faster
"np.bitwise_xor(a, b) (int16)",Bitwise,int16,10000000,,4.9566,5.6777,available,,not_measured,managed,5.6777,0.872994,close
"np.bitwise_xor(a, b) (int32)",Bitwise,int32,1000,,0.000668,0.001178,available,,not_measured,managed,0.001178,0.567063,negligible
"np.bitwise_xor(a, b) (int32)",Bitwise,int32,100000,,0.02839,0.022183,available,,not_measured,managed,0.022183,1.279809,faster
"np.bitwise_xor(a, b) (int32)",Bitwise,int32,10000000,,8.1483,10.3071,available,,not_measured,managed,10.3071,0.790552,slower
"np.bitwise_xor(a, b) (int64)",Bitwise,int64,1000,,0.000665,0.001229,available,,not_measured,managed,0.001229,0.54109,negligible
"np.bitwise_xor(a, b) (int64)",Bitwise,int64,100000,,0.030594,0.050555,available,,not_measured,managed,0.050555,0.605163,slower
"np.bitwise_xor(a, b) (int64)",Bitwise,int64,10000000,,16.2094,24.5408,available,,not_measured,managed,24.5408,0.660508,slower
"np.bitwise_xor(a, b) (int8)",Bitwise,int8,1000,,0.00063,0.000507,available,,not_measured,managed,0.000507,1.242604,negligible
"np.bitwise_xor(a, b) (int8)",Bitwise,int8,100000,,0.028384,0.004191,available,,not_measured,managed,0.004191,6.772608,faster
"np.bitwise_xor(a, b) (int8)",Bitwise,int8,10000000,,3.7489,1.996,available,,not_measured,managed,1.996,1.878206,faster
"np.bitwise_xor(a, b) (uint16)",Bitwise,uint16,1000,,0.000659,0.0009,available,,not_measured,managed,0.0009,0.732222,negligible
"np.bitwise_xor(a, b) (uint16)",Bitwise,uint16,100000,,0.028394,0.00954,available,,not_measured,managed,0.00954,2.97631,faster
"np.bitwise_xor(a, b) (uint16)",Bitwise,uint16,10000000,,4.8768,4.357125,available,,not_measured,managed,4.357125,1.11927,faster
"np.bitwise_xor(a, b) (uint32)",Bitwise,uint32,1000,,0.000658,0.000721,available,,not_measured,managed,0.000721,0.912621,negligible
"np.bitwise_xor(a, b) (uint32)",Bitwise,uint32,100000,,0.028388,0.023891,available,,not_measured,managed,0.023891,1.18823,faster
"np.bitwise_xor(a, b) (uint32)",Bitwise,uint32,10000000,,7.8573,11.0269,available,,not_measured,managed,11.0269,0.712557,slower
"np.bitwise_xor(a, b) (uint64)",Bitwise,uint64,1000,,0.000669,0.001084,available,,not_measured,managed,0.001084,0.617159,negligible
"np.bitwise_xor(a, b) (uint64)",Bitwise,uint64,100000,,0.030658,0.047434,available,,not_measured,managed,0.047434,0.64633,slower
"np.bitwise_xor(a, b) (uint64)",Bitwise,uint64,10000000,,16.3248,25.2699,available,,not_measured,managed,25.2699,0.646018,slower
"np.bitwise_xor(a, b) (uint8)",Bitwise,uint8,1000,,0.000631,0.00071,available,,not_measured,managed,0.00071,0.888732,negligible
"np.bitwise_xor(a, b) (uint8)",Bitwise,uint8,100000,,0.028324,0.006611,available,,not_measured,managed,0.006611,4.284375,faster
"np.bitwise_xor(a, b) (uint8)",Bitwise,uint8,10000000,,3.7248,1.816889,available,,not_measured,managed,1.816889,2.050098,faster
np.invert(a) (bool),Bitwise,bool,1000,,0.000326,0.000633,available,,not_measured,managed,0.000633,0.515008,negligible
np.invert(a) (bool),Bitwise,bool,100000,,0.001835,0.003508,available,,not_measured,managed,0.003508,0.52309,slower
np.invert(a) (bool),Bitwise,bool,10000000,,1.5504,1.568021,available,,not_measured,managed,1.568021,0.988762,close
np.invert(a) (int16),Bitwise,int16,1000,,0.000602,0.000836,available,,not_measured,managed,0.000836,0.720096,negligible
np.invert(a) (int16),Bitwise,int16,100000,,0.025626,0.012202,available,,not_measured,managed,0.012202,2.100148,faster
np.invert(a) (int16),Bitwise,int16,10000000,,4.5664,4.45788,available,,not_measured,managed,4.45788,1.024343,close
np.invert(a) (int32),Bitwise,int32,1000,,0.000603,0.001041,available,,not_measured,managed,0.001041,0.579251,negligible
np.invert(a) (int32),Bitwise,int32,100000,,0.025646,0.021886,available,,not_measured,managed,0.021886,1.171799,faster
np.invert(a) (int32),Bitwise,int32,10000000,,7.4532,8.2711,available,,not_measured,managed,8.2711,0.901114,close
np.invert(a) (int64),Bitwise,int64,1000,,0.000621,0.001239,available,,not_measured,managed,0.001239,0.501211,negligible
np.invert(a) (int64),Bitwise,int64,100000,,0.025685,0.042972,available,,not_measured,managed,0.042972,0.597715,slower
np.invert(a) (int64),Bitwise,int64,10000000,,14.1565,13.8893,available,,not_measured,managed,13.8893,1.019238,close
np.invert(a) (int8),Bitwise,int8,1000,,0.000577,0.000522,available,,not_measured,managed,0.000522,1.105364,negligible
np.invert(a) (int8),Bitwise,int8,100000,,0.025633,0.004564,available,,not_measured,managed,0.004564,5.616345,faster
np.invert(a) (int8),Bitwise,int8,10000000,,3.4589,0.8781,available,,not_measured,managed,0.8781,3.939073,faster
np.invert(a) (uint16),Bitwise,uint16,1000,,0.000602,0.000731,available,,not_measured,managed,0.000731,0.823529,negligible
np.invert(a) (uint16),Bitwise,uint16,100000,,0.025628,0.01153,available,,not_measured,managed,0.01153,2.222723,faster
np.invert(a) (uint16),Bitwise,uint16,10000000,,4.5627,4.1211,available,,not_measured,managed,4.1211,1.107156,faster
np.invert(a) (uint32),Bitwise,uint32,1000,,0.000632,0.000853,available,,not_measured,managed,0.000853,0.740914,negligible
np.invert(a) (uint32),Bitwise,uint32,100000,,0.025653,0.020548,available,,not_measured,managed,0.020548,1.248443,faster
np.invert(a) (uint32),Bitwise,uint32,10000000,,7.3936,6.2666,available,,not_measured,managed,6.2666,1.179842,faster
np.invert(a) (uint64),Bitwise,uint64,1000,,0.000611,0.001178,available,,not_measured,managed,0.001178,0.518676,negligible
np.invert(a) (uint64),Bitwise,uint64,100000,,0.02569,0.043992,available,,not_measured,managed,0.043992,0.58397,slower
np.invert(a) (uint64),Bitwise,uint64,10000000,,14.3481,19.2295,available,,not_measured,managed,19.2295,0.74615,slower
np.invert(a) (uint8),Bitwise,uint8,1000,,0.000582,0.000618,available,,not_measured,managed,0.000618,0.941748,negligible
np.invert(a) (uint8),Bitwise,uint8,100000,,0.025626,0.00464,available,,not_measured,managed,0.00464,5.522845,faster
np.invert(a) (uint8),Bitwise,uint8,10000000,,3.4178,1.034667,available,,not_measured,managed,1.034667,3.303285,faster
"np.left_shift(a, 2) (bool)",Bitwise,bool,1000,,0.001266,0.002215,available,,not_measured,managed,0.002215,0.571558,slower
"np.left_shift(a, 2) (bool)",Bitwise,bool,100000,,0.0424,0.065986,available,,not_measured,managed,0.065986,0.642561,slower
"np.left_shift(a, 2) (bool)",Bitwise,bool,10000000,,14.4444,15.3128,available,,not_measured,managed,15.3128,0.943289,close
"np.left_shift(a, 2) (int16)",Bitwise,int16,1000,,0.000911,0.001459,available,,not_measured,managed,0.001459,0.6244,negligible
"np.left_shift(a, 2) (int16)",Bitwise,int16,100000,,0.028063,0.012537,available,,not_measured,managed,0.012537,2.238414,faster
"np.left_shift(a, 2) (int16)",Bitwise,int16,10000000,,4.6955,4.034275,available,,not_measured,managed,4.034275,1.163902,faster
"np.left_shift(a, 2) (int32)",Bitwise,int32,1000,,0.000836,0.002022,available,,not_measured,managed,0.002022,0.413452,negligible
"np.left_shift(a, 2) (int32)",Bitwise,int32,100000,,0.01899,0.02285,available,,not_measured,managed,0.02285,0.831072,close
"np.left_shift(a, 2) (int32)",Bitwise,int32,10000000,,7.3901,7.533575,available,,not_measured,managed,7.533575,0.980955,close
"np.left_shift(a, 2) (int64)",Bitwise,int64,1000,,0.000799,0.002488,available,,not_measured,managed,0.002488,0.321141,negligible
"np.left_shift(a, 2) (int64)",Bitwise,int64,100000,,0.019038,0.045085,available,,not_measured,managed,0.045085,0.422269,slower
"np.left_shift(a, 2) (int64)",Bitwise,int64,10000000,,14.1731,18.5679,available,,not_measured,managed,18.5679,0.763312,slower
"np.left_shift(a, 2) (int8)",Bitwise,int8,1000,,0.000874,0.000688,available,,not_measured,managed,0.000688,1.270349,negligible
"np.left_shift(a, 2) (int8)",Bitwise,int8,100000,,0.02806,0.006955,available,,not_measured,managed,0.006955,4.034508,faster
"np.left_shift(a, 2) (int8)",Bitwise,int8,10000000,,3.6638,1.033393,available,,not_measured,managed,1.033393,3.545408,faster
"np.left_shift(a, 2) (uint16)",Bitwise,uint16,1000,,0.000904,0.001514,available,,not_measured,managed,0.001514,0.597094,negligible
"np.left_shift(a, 2) (uint16)",Bitwise,uint16,100000,,0.028071,0.012555,available,,not_measured,managed,0.012555,2.235842,faster
"np.left_shift(a, 2) (uint16)",Bitwise,uint16,10000000,,4.692,4.118775,available,,not_measured,managed,4.118775,1.139174,faster
"np.left_shift(a, 2) (uint32)",Bitwise,uint32,1000,,0.000847,0.001811,available,,not_measured,managed,0.001811,0.467697,negligible
"np.left_shift(a, 2) (uint32)",Bitwise,uint32,100000,,0.019009,0.0227,available,,not_measured,managed,0.0227,0.837401,close
"np.left_shift(a, 2) (uint32)",Bitwise,uint32,10000000,,7.3313,8.662575,available,,not_measured,managed,8.662575,0.846319,close
"np.left_shift(a, 2) (uint64)",Bitwise,uint64,1000,,0.000821,0.002111,available,,not_measured,managed,0.002111,0.388915,negligible
"np.left_shift(a, 2) (uint64)",Bitwise,uint64,100000,,0.019057,0.044311,available,,not_measured,managed,0.044311,0.430074,slower
"np.left_shift(a, 2) (uint64)",Bitwise,uint64,10000000,,14.262,18.0362,available,,not_measured,managed,18.0362,0.790743,slower
"np.left_shift(a, 2) (uint8)",Bitwise,uint8,1000,,0.000869,0.001009,available,,not_measured,managed,0.001009,0.861249,negligible
"np.left_shift(a, 2) (uint8)",Bitwise,uint8,100000,,0.028061,0.006787,available,,not_measured,managed,0.006787,4.134522,faster
"np.left_shift(a, 2) (uint8)",Bitwise,uint8,10000000,,3.6148,1.496725,available,,not_measured,managed,1.496725,2.41514,faster
"np.right_shift(a, 2) (bool)",Bitwise,bool,1000,,0.001374,0.002585,available,,not_measured,managed,0.002585,0.531528,slower
"np.right_shift(a, 2) (bool)",Bitwise,bool,100000,,0.052395,0.002708,available,,not_measured,managed,0.002708,19.348227,faster
"np.right_shift(a, 2) (bool)",Bitwise,bool,10000000,,14.6931,,not_measured,,not_measured,,,,no_data
"np.right_shift(a, 2) (int16)",Bitwise,int16,1000,,0.000996,0.001378,available,,not_measured,managed,0.001378,0.722787,negligible
"np.right_shift(a, 2) (int16)",Bitwise,int16,100000,,0.03717,0.012366,available,,not_measured,managed,0.012366,3.005822,faster
"np.right_shift(a, 2) (int16)",Bitwise,int16,10000000,,5.5751,3.23645,available,,not_measured,managed,3.23645,1.722597,faster
"np.right_shift(a, 2) (int32)",Bitwise,int32,1000,,0.000934,0.001901,available,,not_measured,managed,0.001901,0.49132,negligible
"np.right_shift(a, 2) (int32)",Bitwise,int32,100000,,0.028067,0.022046,available,,not_measured,managed,0.022046,1.273111,faster
"np.right_shift(a, 2) (int32)",Bitwise,int32,10000000,,7.3621,6.406075,available,,not_measured,managed,6.406075,1.149237,faster
"np.right_shift(a, 2) (int64)",Bitwise,int64,1000,,0.000892,0.002302,available,,not_measured,managed,0.002302,0.387489,negligible
"np.right_shift(a, 2) (int64)",Bitwise,int64,100000,,0.028039,0.048184,available,,not_measured,managed,0.048184,0.581915,slower
"np.right_shift(a, 2) (int64)",Bitwise,int64,10000000,,14.8169,19.9223,available,,not_measured,managed,19.9223,0.743734,slower
"np.right_shift(a, 2) (int8)",Bitwise,int8,1000,,0.000965,0.000858,available,,not_measured,managed,0.000858,1.124709,negligible
"np.right_shift(a, 2) (int8)",Bitwise,int8,100000,,0.037179,0.007989,available,,not_measured,managed,0.007989,4.653774,faster
"np.right_shift(a, 2) (int8)",Bitwise,int8,10000000,,4.5776,1.418358,available,,not_measured,managed,1.418358,3.227394,faster
"np.right_shift(a, 2) (uint16)",Bitwise,uint16,1000,,0.000907,0.001321,available,,not_measured,managed,0.001321,0.686601,negligible
"np.right_shift(a, 2) (uint16)",Bitwise,uint16,100000,,0.028053,0.013134,available,,not_measured,managed,0.013134,2.135907,faster
"np.right_shift(a, 2) (uint16)",Bitwise,uint16,10000000,,4.648,3.62235,available,,not_measured,managed,3.62235,1.283145,faster
"np.right_shift(a, 2) (uint32)",Bitwise,uint32,1000,,0.00085,0.001837,available,,not_measured,managed,0.001837,0.462711,negligible
"np.right_shift(a, 2) (uint32)",Bitwise,uint32,100000,,0.018983,0.015489,available,,not_measured,managed,0.015489,1.225579,faster
"np.right_shift(a, 2) (uint32)",Bitwise,uint32,10000000,,7.5295,4.50215,available,,not_measured,managed,4.50215,1.672423,faster
"np.right_shift(a, 2) (uint64)",Bitwise,uint64,1000,,0.00082,0.001543,available,,not_measured,managed,0.001543,0.531432,negligible
"np.right_shift(a, 2) (uint64)",Bitwise,uint64,100000,,0.019065,0.049565,available,,not_measured,managed,0.049565,0.384646,slower
"np.right_shift(a, 2) (uint64)",Bitwise,uint64,10000000,,14.7032,15.937,available,,not_measured,managed,15.937,0.922583,close
"np.right_shift(a, 2) (uint8)",Bitwise,uint8,1000,,0.000868,0.000931,available,,not_measured,managed,0.000931,0.932331,negligible
"np.right_shift(a, 2) (uint8)",Bitwise,uint8,100000,,0.028061,0.007354,available,,not_measured,managed,0.007354,3.815747,faster
"np.right_shift(a, 2) (uint8)",Bitwise,uint8,10000000,,3.6168,1.303229,available,,not_measured,managed,1.303229,2.775261,faster
matrix * 2.0,Broadcasting,float64,1000,,0.000608,0.001957,available,,not_measured,managed,0.001957,0.31068,negligible
matrix * 2.0,Broadcasting,float64,100000,,0.012971,0.041432,available,,not_measured,managed,0.041432,0.313067,much_slower
matrix * 2.0,Broadcasting,float64,10000000,,15.2505,19.6703,available,,not_measured,managed,19.6703,0.775306,slower
"matrix * col_vector (N,M)*(N,1)",Broadcasting,float64,1000,,0.001055,0.001434,available,,not_measured,managed,0.001434,0.735704,slower
"matrix * col_vector (N,M)*(N,1)",Broadcasting,float64,100000,,0.027933,0.049832,available,,not_measured,managed,0.049832,0.560543,slower
"matrix * col_vector (N,M)*(N,1)",Broadcasting,float64,10000000,,16.07,19.3589,available,,not_measured,managed,19.3589,0.830109,close
"matrix * row_vector (N,M)*(M,)",Broadcasting,float64,1000,,0.001002,0.001672,available,,not_measured,managed,0.001672,0.599282,slower
"matrix * row_vector (N,M)*(M,)",Broadcasting,float64,100000,,0.025992,0.050638,available,,not_measured,managed,0.050638,0.51329,slower
"matrix * row_vector (N,M)*(M,)",Broadcasting,float64,10000000,,16.0803,19.3958,available,,not_measured,managed,19.3958,0.829061,close
"matrix + col_vector (N,M)+(N,1)",Broadcasting,float64,1000,,0.001025,0.001064,available,,not_measured,managed,0.001064,0.963346,close
"matrix + col_vector (N,M)+(N,1)",Broadcasting,float64,100000,,0.027961,0.054021,available,,not_measured,managed,0.054021,0.517595,slower
"matrix + col_vector (N,M)+(N,1)",Broadcasting,float64,10000000,,15.7991,17.8606,available,,not_measured,managed,17.8606,0.884578,close
"matrix + row_vector (N,M)+(M,)",Broadcasting,float64,1000,,0.000995,0.001373,available,,not_measured,managed,0.001373,0.72469,negligible
"matrix + row_vector (N,M)+(M,)",Broadcasting,float64,100000,,0.025953,0.054667,available,,not_measured,managed,0.054667,0.474747,slower
"matrix + row_vector (N,M)+(M,)",Broadcasting,float64,10000000,,15.7589,13.3433,available,,not_measured,managed,13.3433,1.181035,faster
matrix + scalar,Broadcasting,float64,1000,,0.000467,0.000769,available,,not_measured,managed,0.000769,0.607282,negligible
matrix + scalar,Broadcasting,float64,100000,,0.012764,0.047033,available,,not_measured,managed,0.047033,0.271384,much_slower
matrix + scalar,Broadcasting,float64,10000000,,15.4673,18.7302,available,,not_measured,managed,18.7302,0.825795,close
"np.broadcast_to(col, (N,M))",Broadcasting,float64,1000,,0.001756,0.000352,available,,not_measured,managed,0.000352,4.988636,negligible
"np.broadcast_to(col, (N,M))",Broadcasting,float64,100000,,0.001749,0.000368,available,,not_measured,managed,0.000368,4.752717,negligible
"np.broadcast_to(col, (N,M))",Broadcasting,float64,10000000,,0.001751,0.000353,available,,not_measured,managed,0.000353,4.96034,negligible
"np.broadcast_to(row, (N,M))",Broadcasting,float64,1000,,0.001749,0.000408,available,,not_measured,managed,0.000408,4.286765,negligible
"np.broadcast_to(row, (N,M))",Broadcasting,float64,100000,,0.001743,0.000299,available,,not_measured,managed,0.000299,5.829431,negligible
"np.broadcast_to(row, (N,M))",Broadcasting,float64,10000000,,0.001747,0.000267,available,,not_measured,managed,0.000267,6.543071,negligible
"tensor3D + matrix2D (D,D,D)+(D,D)",Broadcasting,float64,1000,,0.000887,0.000987,available,,not_measured,managed,0.000987,0.898683,negligible
"tensor3D + matrix2D (D,D,D)+(D,D)",Broadcasting,float64,100000,,0.026187,0.039083,available,,not_measured,managed,0.039083,0.670036,slower
"tensor3D + matrix2D (D,D,D)+(D,D)",Broadcasting,float64,10000000,,14.8555,19.3504,available,,not_measured,managed,19.3504,0.76771,slower
a != b (float32),Comparison,float32,1000,,0.000377,0.000607,available,,not_measured,managed,0.000607,0.621087,negligible
a != b (float32),Comparison,float32,100000,,0.004438,0.008621,available,,not_measured,managed,0.008621,0.514789,slower
a != b (float32),Comparison,float32,10000000,,3.5415,2.754025,available,,not_measured,managed,2.754025,1.285936,faster
a != b (float64),Comparison,float64,1000,,0.000408,0.000736,available,,not_measured,managed,0.000736,0.554348,negligible
a != b (float64),Comparison,float64,100000,,0.009667,0.018438,available,,not_measured,managed,0.018438,0.524298,slower
a != b (float64),Comparison,float64,10000000,,6.112,7.4673,available,,not_measured,managed,7.4673,0.818502,close
a != b (int32),Comparison,int32,1000,,0.000391,0.000485,available,,not_measured,managed,0.000485,0.806186,negligible
a != b (int32),Comparison,int32,100000,,0.00681,0.007673,available,,not_measured,managed,0.007673,0.887528,close
a != b (int32),Comparison,int32,10000000,,4.0288,2.822375,available,,not_measured,managed,2.822375,1.42745,faster
a != b (int64),Comparison,int64,1000,,0.000425,0.000658,available,,not_measured,managed,0.000658,0.645897,negligible
a != b (int64),Comparison,int64,100000,,0.012104,0.016401,available,,not_measured,managed,0.016401,0.738004,slower
a != b (int64),Comparison,int64,10000000,,6.7025,5.8581,available,,not_measured,managed,5.8581,1.144142,faster
a < b (float32),Comparison,float32,1000,,0.000373,0.000518,available,,not_measured,managed,0.000518,0.720077,negligible
a < b (float32),Comparison,float32,100000,,0.004462,0.007539,available,,not_measured,managed,0.007539,0.591856,slower
a < b (float32),Comparison,float32,10000000,,3.6228,2.72495,available,,not_measured,managed,2.72495,1.329492,faster
a < b (float64),Comparison,float64,1000,,0.0004,0.000644,available,,not_measured,managed,0.000644,0.621118,negligible
a < b (float64),Comparison,float64,100000,,0.009664,0.019266,available,,not_measured,managed,0.019266,0.501609,slower
a < b (float64),Comparison,float64,10000000,,6.3005,14.91145,available,,not_measured,managed,14.91145,0.422528,slower
a < b (int32),Comparison,int32,1000,,0.00038,0.000586,available,,not_measured,managed,0.000586,0.648464,negligible
a < b (int32),Comparison,int32,100000,,0.006827,0.006325,available,,not_measured,managed,0.006325,1.079368,faster
a < b (int32),Comparison,int32,10000000,,3.7768,2.775425,available,,not_measured,managed,2.775425,1.360801,faster
a < b (int64),Comparison,int64,1000,,0.000488,0.000668,available,,not_measured,managed,0.000668,0.730539,negligible
a < b (int64),Comparison,int64,100000,,0.017572,0.020253,available,,not_measured,managed,0.020253,0.867625,close
a < b (int64),Comparison,int64,10000000,,6.5795,16.60905,available,,not_measured,managed,16.60905,0.396139,slower
a <= b (float32),Comparison,float32,1000,,0.000379,0.000439,available,,not_measured,managed,0.000439,0.863326,negligible
a <= b (float32),Comparison,float32,100000,,0.004466,0.011946,available,,not_measured,managed,0.011946,0.373849,slower
a <= b (float32),Comparison,float32,10000000,,3.5847,2.7535,available,,not_measured,managed,2.7535,1.30187,faster
a <= b (float64),Comparison,float64,1000,,0.000409,0.00066,available,,not_measured,managed,0.00066,0.619697,negligible
a <= b (float64),Comparison,float64,100000,,0.009679,0.012545,available,,not_measured,managed,0.012545,0.771542,slower
a <= b (float64),Comparison,float64,10000000,,6.1732,5.6134,available,,not_measured,managed,5.6134,1.099726,faster
a <= b (int32),Comparison,int32,1000,,0.000384,0.000443,available,,not_measured,managed,0.000443,0.866817,negligible
a <= b (int32),Comparison,int32,100000,,0.00683,0.006819,available,,not_measured,managed,0.006819,1.001613,close
a <= b (int32),Comparison,int32,10000000,,3.9941,6.313625,available,,not_measured,managed,6.313625,0.632616,slower
a <= b (int64),Comparison,int64,1000,,0.000501,0.00064,available,,not_measured,managed,0.00064,0.782813,negligible
a <= b (int64),Comparison,int64,100000,,0.017551,0.01877,available,,not_measured,managed,0.01877,0.935056,close
a <= b (int64),Comparison,int64,10000000,,6.7681,5.659,available,,not_measured,managed,5.659,1.195989,faster
a == b (float32),Comparison,float32,1000,,0.00038,0.000508,available,,not_measured,managed,0.000508,0.748031,negligible
a == b (float32),Comparison,float32,100000,,0.00444,0.011665,available,,not_measured,managed,0.011665,0.380626,slower
a == b (float32),Comparison,float32,10000000,,3.5578,2.744725,available,,not_measured,managed,2.744725,1.296232,faster
a == b (float64),Comparison,float64,1000,,0.000395,0.00042,available,,not_measured,managed,0.00042,0.940476,negligible
a == b (float64),Comparison,float64,100000,,0.009685,0.01676,available,,not_measured,managed,0.01676,0.577864,slower
a == b (float64),Comparison,float64,10000000,,6.149,5.3607,available,,not_measured,managed,5.3607,1.147052,faster
a == b (int32),Comparison,int32,1000,,0.000374,0.000412,available,,not_measured,managed,0.000412,0.907767,negligible
a == b (int32),Comparison,int32,100000,,0.006808,0.006293,available,,not_measured,managed,0.006293,1.081837,faster
a == b (int32),Comparison,int32,10000000,,3.922,3.9698,available,,not_measured,managed,3.9698,0.987959,close
a == b (int64),Comparison,int64,1000,,0.000408,0.000625,available,,not_measured,managed,0.000625,0.6528,negligible
a == b (int64),Comparison,int64,100000,,0.012091,0.020618,available,,not_measured,managed,0.020618,0.586429,slower
a == b (int64),Comparison,int64,10000000,,6.6094,5.2468,available,,not_measured,managed,5.2468,1.259701,faster
a > b (float32),Comparison,float32,1000,,0.00037,0.000432,available,,not_measured,managed,0.000432,0.856481,negligible
a > b (float32),Comparison,float32,100000,,0.004405,0.007838,available,,not_measured,managed,0.007838,0.562006,slower
a > b (float32),Comparison,float32,10000000,,3.7016,2.815275,available,,not_measured,managed,2.815275,1.314827,faster
a > b (float64),Comparison,float64,1000,,0.000399,0.000486,available,,not_measured,managed,0.000486,0.820988,negligible
a > b (float64),Comparison,float64,100000,,0.009662,0.014186,available,,not_measured,managed,0.014186,0.681094,slower
a > b (float64),Comparison,float64,10000000,,6.2147,5.1016,available,,not_measured,managed,5.1016,1.218186,faster
a > b (int32),Comparison,int32,1000,,0.000382,0.000631,available,,not_measured,managed,0.000631,0.605388,negligible
a > b (int32),Comparison,int32,100000,,0.006847,0.006439,available,,not_measured,managed,0.006439,1.063364,faster
a > b (int32),Comparison,int32,10000000,,3.8349,2.746025,available,,not_measured,managed,2.746025,1.396528,faster
a > b (int64),Comparison,int64,1000,,0.000487,0.000529,available,,not_measured,managed,0.000529,0.920605,negligible
a > b (int64),Comparison,int64,100000,,0.017558,0.015887,available,,not_measured,managed,0.015887,1.10518,faster
a > b (int64),Comparison,int64,10000000,,6.4754,5.166,available,,not_measured,managed,5.166,1.253465,faster
a >= b (float32),Comparison,float32,1000,,0.000378,0.000601,available,,not_measured,managed,0.000601,0.628952,negligible
a >= b (float32),Comparison,float32,100000,,0.004416,0.011903,available,,not_measured,managed,0.011903,0.370999,slower
a >= b (float32),Comparison,float32,10000000,,3.5679,3.12465,available,,not_measured,managed,3.12465,1.141856,faster
a >= b (float64),Comparison,float64,1000,,0.000398,0.000439,available,,not_measured,managed,0.000439,0.906606,negligible
a >= b (float64),Comparison,float64,100000,,0.009668,0.018705,available,,not_measured,managed,0.018705,0.516867,slower
a >= b (float64),Comparison,float64,10000000,,6.2717,5.2353,available,,not_measured,managed,5.2353,1.197964,faster
a >= b (int32),Comparison,int32,1000,,0.000386,0.000463,available,,not_measured,managed,0.000463,0.833693,negligible
a >= b (int32),Comparison,int32,100000,,0.006796,0.012131,available,,not_measured,managed,0.012131,0.560218,slower
a >= b (int32),Comparison,int32,10000000,,3.9808,2.813725,available,,not_measured,managed,2.813725,1.414779,faster
a >= b (int64),Comparison,int64,1000,,0.000502,0.000786,available,,not_measured,managed,0.000786,0.638677,negligible
a >= b (int64),Comparison,int64,100000,,0.017557,0.02201,available,,not_measured,managed,0.02201,0.797683,slower
a >= b (int64),Comparison,int64,10000000,,6.8265,5.586,available,,not_measured,managed,5.586,1.222073,faster
"np.equal(a, b) (float32)",Comparison,float32,1000,,0.000394,0.000491,available,,not_measured,managed,0.000491,0.802444,negligible
"np.equal(a, b) (float32)",Comparison,float32,100000,,0.004462,0.008388,available,,not_measured,managed,0.008388,0.53195,slower
"np.equal(a, b) (float32)",Comparison,float32,10000000,,3.6099,8.25265,available,,not_measured,managed,8.25265,0.437423,slower
"np.equal(a, b) (float64)",Comparison,float64,1000,,0.00041,0.000705,available,,not_measured,managed,0.000705,0.58156,negligible
"np.equal(a, b) (float64)",Comparison,float64,100000,,0.009695,0.018754,available,,not_measured,managed,0.018754,0.516956,slower
"np.equal(a, b) (float64)",Comparison,float64,10000000,,6.2673,7.3875,available,,not_measured,managed,7.3875,0.848365,close
"np.equal(a, b) (int32)",Comparison,int32,1000,,0.000389,0.000619,available,,not_measured,managed,0.000619,0.628433,negligible
"np.equal(a, b) (int32)",Comparison,int32,100000,,0.006816,0.006406,available,,not_measured,managed,0.006406,1.064002,faster
"np.equal(a, b) (int32)",Comparison,int32,10000000,,3.8118,3.272275,available,,not_measured,managed,3.272275,1.164878,faster
"np.equal(a, b) (int64)",Comparison,int64,1000,,0.000426,0.000492,available,,not_measured,managed,0.000492,0.865854,negligible
"np.equal(a, b) (int64)",Comparison,int64,100000,,0.012121,0.015741,available,,not_measured,managed,0.015741,0.770027,slower
"np.equal(a, b) (int64)",Comparison,int64,10000000,,6.5626,9.3009,available,,not_measured,managed,9.3009,0.705588,slower
"np.greater(a, b) (float32)",Comparison,float32,1000,,0.000388,0.000629,available,,not_measured,managed,0.000629,0.616852,negligible
"np.greater(a, b) (float32)",Comparison,float32,100000,,0.004398,0.012917,available,,not_measured,managed,0.012917,0.340482,slower
"np.greater(a, b) (float32)",Comparison,float32,10000000,,3.5764,3.875575,available,,not_measured,managed,3.875575,0.922805,close
"np.greater(a, b) (float64)",Comparison,float64,1000,,0.000416,0.000407,available,,not_measured,managed,0.000407,1.022113,negligible
"np.greater(a, b) (float64)",Comparison,float64,100000,,0.009686,0.01371,available,,not_measured,managed,0.01371,0.706492,slower
"np.greater(a, b) (float64)",Comparison,float64,10000000,,6.2015,5.3861,available,,not_measured,managed,5.3861,1.15139,faster
"np.greater(a, b) (int32)",Comparison,int32,1000,,0.000391,0.000479,available,,not_measured,managed,0.000479,0.816284,negligible
"np.greater(a, b) (int32)",Comparison,int32,100000,,0.00685,0.006319,available,,not_measured,managed,0.006319,1.084032,faster
"np.greater(a, b) (int32)",Comparison,int32,10000000,,3.9017,2.731575,available,,not_measured,managed,2.731575,1.42837,faster
"np.greater(a, b) (int64)",Comparison,int64,1000,,0.000504,0.00053,available,,not_measured,managed,0.00053,0.950943,negligible
"np.greater(a, b) (int64)",Comparison,int64,100000,,0.017584,0.016037,available,,not_measured,managed,0.016037,1.096464,faster
"np.greater(a, b) (int64)",Comparison,int64,10000000,,6.5717,16.3117,available,,not_measured,managed,16.3117,0.402883,slower
"np.greater_equal(a, b) (float32)",Comparison,float32,1000,,0.000394,0.000556,available,,not_measured,managed,0.000556,0.708633,negligible
"np.greater_equal(a, b) (float32)",Comparison,float32,100000,,0.00441,0.007892,available,,not_measured,managed,0.007892,0.558794,slower
"np.greater_equal(a, b) (float32)",Comparison,float32,10000000,,3.5771,5.3568,available,,not_measured,managed,5.3568,0.667768,slower
"np.greater_equal(a, b) (float64)",Comparison,float64,1000,,0.000416,0.000527,available,,not_measured,managed,0.000527,0.789374,negligible
"np.greater_equal(a, b) (float64)",Comparison,float64,100000,,0.009682,0.013672,available,,not_measured,managed,0.013672,0.708163,slower
"np.greater_equal(a, b) (float64)",Comparison,float64,10000000,,6.1534,6.1436,available,,not_measured,managed,6.1436,1.001595,close
"np.greater_equal(a, b) (int32)",Comparison,int32,1000,,0.000403,0.000483,available,,not_measured,managed,0.000483,0.834369,negligible
"np.greater_equal(a, b) (int32)",Comparison,int32,100000,,0.00679,0.007283,available,,not_measured,managed,0.007283,0.932308,close
"np.greater_equal(a, b) (int32)",Comparison,int32,10000000,,3.9505,2.8493,available,,not_measured,managed,2.8493,1.386481,faster
"np.greater_equal(a, b) (int64)",Comparison,int64,1000,,0.000516,0.000673,available,,not_measured,managed,0.000673,0.766716,negligible
"np.greater_equal(a, b) (int64)",Comparison,int64,100000,,0.017548,0.019863,available,,not_measured,managed,0.019863,0.883452,close
"np.greater_equal(a, b) (int64)",Comparison,int64,10000000,,6.8227,5.5781,available,,not_measured,managed,5.5781,1.223123,faster
"np.less(a, b) (float32)",Comparison,float32,1000,,0.00039,0.000485,available,,not_measured,managed,0.000485,0.804124,negligible
"np.less(a, b) (float32)",Comparison,float32,100000,,0.004457,0.007832,available,,not_measured,managed,0.007832,0.569076,slower
"np.less(a, b) (float32)",Comparison,float32,10000000,,3.5335,2.992675,available,,not_measured,managed,2.992675,1.180716,faster
"np.less(a, b) (float64)",Comparison,float64,1000,,0.000416,0.000511,available,,not_measured,managed,0.000511,0.81409,negligible
"np.less(a, b) (float64)",Comparison,float64,100000,,0.0097,0.013576,available,,not_measured,managed,0.013576,0.714496,slower
"np.less(a, b) (float64)",Comparison,float64,10000000,,6.2037,5.2626,available,,not_measured,managed,5.2626,1.178828,faster
"np.less(a, b) (int32)",Comparison,int32,1000,,0.00039,0.000643,available,,not_measured,managed,0.000643,0.606532,negligible
"np.less(a, b) (int32)",Comparison,int32,100000,,0.006822,0.007656,available,,not_measured,managed,0.007656,0.891066,close
"np.less(a, b) (int32)",Comparison,int32,10000000,,3.8631,2.791975,available,,not_measured,managed,2.791975,1.383644,faster
"np.less(a, b) (int64)",Comparison,int64,1000,,0.000505,0.000424,available,,not_measured,managed,0.000424,1.191038,negligible
"np.less(a, b) (int64)",Comparison,int64,100000,,0.017578,0.016209,available,,not_measured,managed,0.016209,1.084459,faster
"np.less(a, b) (int64)",Comparison,int64,10000000,,6.6184,5.2385,available,,not_measured,managed,5.2385,1.263415,faster
"np.less_equal(a, b) (float32)",Comparison,float32,1000,,0.000399,0.000473,available,,not_measured,managed,0.000473,0.843552,negligible
"np.less_equal(a, b) (float32)",Comparison,float32,100000,,0.004446,0.012793,available,,not_measured,managed,0.012793,0.347534,slower
"np.less_equal(a, b) (float32)",Comparison,float32,10000000,,3.6082,4.2631,available,,not_measured,managed,4.2631,0.846379,close
"np.less_equal(a, b) (float64)",Comparison,float64,1000,,0.000417,0.00042,available,,not_measured,managed,0.00042,0.992857,negligible
"np.less_equal(a, b) (float64)",Comparison,float64,100000,,0.009697,0.013603,available,,not_measured,managed,0.013603,0.712857,slower
"np.less_equal(a, b) (float64)",Comparison,float64,10000000,,6.1967,7.1151,available,,not_measured,managed,7.1151,0.870922,close
"np.less_equal(a, b) (int32)",Comparison,int32,1000,,0.000407,0.000402,available,,not_measured,managed,0.000402,1.012438,negligible
"np.less_equal(a, b) (int32)",Comparison,int32,100000,,0.006832,0.006772,available,,not_measured,managed,0.006772,1.00886,close
"np.less_equal(a, b) (int32)",Comparison,int32,10000000,,3.9984,2.867175,available,,not_measured,managed,2.867175,1.394543,faster
"np.less_equal(a, b) (int64)",Comparison,int64,1000,,0.000516,0.000431,available,,not_measured,managed,0.000431,1.197216,negligible
"np.less_equal(a, b) (int64)",Comparison,int64,100000,,0.017546,0.019354,available,,not_measured,managed,0.019354,0.906583,close
"np.less_equal(a, b) (int64)",Comparison,int64,10000000,,6.89,5.5299,available,,not_measured,managed,5.5299,1.245954,faster
"np.not_equal(a, b) (float32)",Comparison,float32,1000,,0.0004,0.000626,available,,not_measured,managed,0.000626,0.638978,negligible
"np.not_equal(a, b) (float32)",Comparison,float32,100000,,0.004462,0.008533,available,,not_measured,managed,0.008533,0.522911,slower
"np.not_equal(a, b) (float32)",Comparison,float32,10000000,,3.551,8.551875,available,,not_measured,managed,8.551875,0.415231,slower
"np.not_equal(a, b) (float64)",Comparison,float64,1000,,0.000423,0.00069,available,,not_measured,managed,0.00069,0.613043,negligible
"np.not_equal(a, b) (float64)",Comparison,float64,100000,,0.009688,0.015413,available,,not_measured,managed,0.015413,0.62856,slower
"np.not_equal(a, b) (float64)",Comparison,float64,10000000,,6.2877,5.8048,available,,not_measured,managed,5.8048,1.08319,faster
"np.not_equal(a, b) (int32)",Comparison,int32,1000,,0.000406,0.000558,available,,not_measured,managed,0.000558,0.727599,negligible
"np.not_equal(a, b) (int32)",Comparison,int32,100000,,0.006804,0.007159,available,,not_measured,managed,0.007159,0.950412,close
"np.not_equal(a, b) (int32)",Comparison,int32,10000000,,3.9589,6.841375,available,,not_measured,managed,6.841375,0.57867,slower
"np.not_equal(a, b) (int64)",Comparison,int64,1000,,0.000441,0.000523,available,,not_measured,managed,0.000523,0.843212,negligible
"np.not_equal(a, b) (int64)",Comparison,int64,100000,,0.012143,0.019923,available,,not_measured,managed,0.019923,0.609497,slower
"np.not_equal(a, b) (int64)",Comparison,int64,10000000,,6.7074,5.2982,available,,not_measured,managed,5.2982,1.265977,faster
a.copy() (float32),Creation,float32,1000,,0.000261,0.000484,available,,not_measured,managed,0.000484,0.539256,negligible
a.copy() (float32),Creation,float32,100000,,0.005721,0.008402,available,,not_measured,managed,0.008402,0.680909,slower
a.copy() (float32),Creation,float32,10000000,,6.1994,4.855225,available,,not_measured,managed,4.855225,1.276851,faster
a.copy() (float64),Creation,float64,1000,,0.000313,0.000534,available,,not_measured,managed,0.000534,0.586142,negligible
a.copy() (float64),Creation,float64,100000,,0.011101,0.021284,available,,not_measured,managed,0.021284,0.521565,slower
a.copy() (float64),Creation,float64,10000000,,12.7788,13.2826,available,,not_measured,managed,13.2826,0.962071,close
a.copy() (int32),Creation,int32,1000,,0.000263,0.000426,available,,not_measured,managed,0.000426,0.617371,negligible
a.copy() (int32),Creation,int32,100000,,0.005693,0.010109,available,,not_measured,managed,0.010109,0.563162,slower
a.copy() (int32),Creation,int32,10000000,,6.3017,4.79485,available,,not_measured,managed,4.79485,1.314264,faster
a.copy() (int64),Creation,int64,1000,,0.000296,0.000592,available,,not_measured,managed,0.000592,0.5,negligible
a.copy() (int64),Creation,int64,100000,,0.011094,0.010983,available,,not_measured,managed,0.010983,1.010107,close
a.copy() (int64),Creation,int64,10000000,,12.4824,12.7545,available,,not_measured,managed,12.7545,0.978666,close
np.arange(N) (float32),Creation,float32,1000,,0.000716,0.00082,available,,not_measured,managed,0.00082,0.873171,negligible
np.arange(N) (float32),Creation,float32,100000,,0.038617,0.04852,available,,not_measured,managed,0.04852,0.795899,slower
np.arange(N) (float32),Creation,float32,10000000,,7.7514,5.66695,available,,not_measured,managed,5.66695,1.367826,faster
np.arange(N) (float64),Creation,float64,1000,,0.000616,0.000503,available,,not_measured,managed,0.000503,1.224652,negligible
np.arange(N) (float64),Creation,float64,100000,,0.027378,0.02734,available,,not_measured,managed,0.02734,1.00139,close
np.arange(N) (float64),Creation,float64,10000000,,12.7336,15.04995,available,,not_measured,managed,15.04995,0.846089,close
np.arange(N) (int32),Creation,int32,1000,,0.000604,0.000607,available,,not_measured,managed,0.000607,0.995058,negligible
np.arange(N) (int32),Creation,int32,100000,,0.028842,0.022695,available,,not_measured,managed,0.022695,1.270853,faster
np.arange(N) (int32),Creation,int32,10000000,,6.7247,2.75545,available,,not_measured,managed,2.75545,2.440509,faster
np.arange(N) (int64),Creation,int64,1000,,0.00051,0.000698,available,,not_measured,managed,0.000698,0.730659,negligible
np.arange(N) (int64),Creation,int64,100000,,0.018643,0.038464,available,,not_measured,managed,0.038464,0.484687,slower
np.arange(N) (int64),Creation,int64,10000000,,12.3876,15.1712,available,,not_measured,managed,15.1712,0.816521,close
np.array(a) (float64),Creation,float64,1000,,0.000306,0.0008,available,,not_measured,managed,0.0008,0.3825,negligible
np.array(a) (float64),Creation,float64,100000,,0.011562,0.036006,available,,not_measured,managed,0.036006,0.321113,much_slower
np.array(a) (float64),Creation,float64,10000000,,0.9651,0.425312,available,,not_measured,managed,0.425312,2.269158,faster
np.asanyarray(a) (float64),Creation,float64,1000,,6.1e-05,4e-06,available,,not_measured,managed,4e-06,15.25,negligible
np.asanyarray(a) (float64),Creation,float64,100000,,6e-05,6e-06,available,,not_measured,managed,6e-06,10.0,negligible
np.asanyarray(a) (float64),Creation,float64,10000000,,6.2e-05,5e-06,available,,not_measured,managed,5e-06,12.4,negligible
np.asarray(a) (float64),Creation,float64,1000,,5.9e-05,1e-06,available,,not_measured,managed,1e-06,59.0,negligible
np.asarray(a) (float64),Creation,float64,100000,,6e-05,0.0,available,,not_measured,managed,0.0,,no_data
np.asarray(a) (float64),Creation,float64,10000000,,5.9e-05,0.0,available,,not_measured,managed,0.0,,no_data
np.asarray_chkfinite(a) (float64),Creation,float64,1000,,0.001354,8.6e-05,available,,not_measured,managed,8.6e-05,15.744186,negligible
np.asarray_chkfinite(a) (float64),Creation,float64,100000,,0.011571,0.009839,available,,not_measured,managed,0.009839,1.176034,faster
np.asarray_chkfinite(a) (float64),Creation,float64,10000000,,0.129014,0.184627,available,,not_measured,managed,0.184627,0.698782,slower
np.ascontiguousarray(a) (float64),Creation,float64,1000,,0.000338,0.000764,available,,not_measured,managed,0.000764,0.442408,negligible
np.ascontiguousarray(a) (float64),Creation,float64,100000,,0.00952,0.027598,available,,not_measured,managed,0.027598,0.344953,slower
np.ascontiguousarray(a) (float64),Creation,float64,10000000,,0.64835,0.730819,available,,not_measured,managed,0.730819,0.887155,close
np.asfortranarray(a) (float64),Creation,float64,1000,,0.000703,0.001436,available,,not_measured,managed,0.001436,0.489554,negligible
np.asfortranarray(a) (float64),Creation,float64,100000,,0.025376,0.120567,available,,not_measured,managed,0.120567,0.210472,much_slower
np.asfortranarray(a) (float64),Creation,float64,10000000,,1.4792,2.630344,available,,not_measured,managed,2.630344,0.56236,slower
np.asmatrix(a) (float64),Creation,float64,1000,,0.001879,0.000236,available,,not_measured,managed,0.000236,7.961864,negligible
np.asmatrix(a) (float64),Creation,float64,100000,,0.001897,0.000401,available,,not_measured,managed,0.000401,4.730673,negligible
np.asmatrix(a) (float64),Creation,float64,10000000,,0.001884,0.000364,available,,not_measured,managed,0.000364,5.175824,negligible
np.copy (float32),Creation,float32,1000,,0.000463,0.000558,available,,not_measured,managed,0.000558,0.829749,negligible
np.copy (float32),Creation,float32,100000,,0.005921,0.011186,available,,not_measured,managed,0.011186,0.529322,slower
np.copy (float32),Creation,float32,10000000,,6.2186,4.874825,available,,not_measured,managed,4.874825,1.275656,faster
np.copy (float64),Creation,float64,1000,,0.000507,0.000573,available,,not_measured,managed,0.000573,0.884817,negligible
np.copy (float64),Creation,float64,100000,,0.011326,0.020409,available,,not_measured,managed,0.020409,0.554951,slower
np.copy (float64),Creation,float64,10000000,,12.7374,21.0648,available,,not_measured,managed,21.0648,0.604677,slower
np.copy (int32),Creation,int32,1000,,0.000464,0.000592,available,,not_measured,managed,0.000592,0.783784,negligible
np.copy (int32),Creation,int32,100000,,0.005873,0.006201,available,,not_measured,managed,0.006201,0.947105,close
np.copy (int32),Creation,int32,10000000,,6.1525,3.8604,available,,not_measured,managed,3.8604,1.593747,faster
np.copy (int64),Creation,int64,1000,,0.000505,0.000657,available,,not_measured,managed,0.000657,0.768645,negligible
np.copy (int64),Creation,int64,100000,,0.011331,0.022393,available,,not_measured,managed,0.022393,0.506006,slower
np.copy (int64),Creation,int64,10000000,,12.4022,27.4462,available,,not_measured,managed,27.4462,0.451873,slower
np.empty (float32),Creation,float32,1000,,0.000203,0.000228,available,,not_measured,managed,0.000228,0.890351,negligible
np.empty (float32),Creation,float32,100000,,0.000287,0.000323,available,,not_measured,managed,0.000323,0.888545,negligible
np.empty (float32),Creation,float32,10000000,,0.008605,0.056583,available,,not_measured,managed,0.056583,0.152077,much_slower
np.empty (float64),Creation,float64,1000,,0.000207,0.000211,available,,not_measured,managed,0.000211,0.981043,negligible
np.empty (float64),Creation,float64,100000,,0.000284,0.000241,available,,not_measured,managed,0.000241,1.178423,negligible
np.empty (float64),Creation,float64,10000000,,0.01112,0.054296,available,,not_measured,managed,0.054296,0.204803,much_slower
np.empty (int32),Creation,int32,1000,,0.000207,0.00035,available,,not_measured,managed,0.00035,0.591429,negligible
np.empty (int32),Creation,int32,100000,,0.000268,0.000373,available,,not_measured,managed,0.000373,0.718499,negligible
np.empty (int32),Creation,int32,10000000,,0.004653,0.034068,available,,not_measured,managed,0.034068,0.13658,much_slower
np.empty (int64),Creation,int64,1000,,0.000205,0.00023,available,,not_measured,managed,0.00023,0.891304,negligible
np.empty (int64),Creation,int64,100000,,0.000278,0.000276,available,,not_measured,managed,0.000276,1.007246,negligible
np.empty (int64),Creation,int64,10000000,,0.011005,0.06619,available,,not_measured,managed,0.06619,0.166264,much_slower
np.empty_like(a) (float32),Creation,float32,1000,,0.000247,0.000464,available,,not_measured,managed,0.000464,0.532328,negligible
np.empty_like(a) (float32),Creation,float32,100000,,0.000331,0.000462,available,,not_measured,managed,0.000462,0.71645,negligible
np.empty_like(a) (float32),Creation,float32,10000000,,0.0087,0.037764,available,,not_measured,managed,0.037764,0.230378,much_slower
np.empty_like(a) (float64),Creation,float64,1000,,0.000246,0.000414,available,,not_measured,managed,0.000414,0.594203,negligible
np.empty_like(a) (float64),Creation,float64,100000,,0.000316,0.000363,available,,not_measured,managed,0.000363,0.870523,negligible
np.empty_like(a) (float64),Creation,float64,10000000,,0.011211,0.038882,available,,not_measured,managed,0.038882,0.288334,much_slower
np.empty_like(a) (int32),Creation,int32,1000,,0.000247,0.000421,available,,not_measured,managed,0.000421,0.586698,negligible
np.empty_like(a) (int32),Creation,int32,100000,,0.000332,0.000471,available,,not_measured,managed,0.000471,0.704883,negligible
np.empty_like(a) (int32),Creation,int32,10000000,,0.004866,0.057701,available,,not_measured,managed,0.057701,0.084331,much_slower
np.empty_like(a) (int64),Creation,int64,1000,,0.000247,0.000499,available,,not_measured,managed,0.000499,0.49499,negligible
np.empty_like(a) (int64),Creation,int64,100000,,0.000328,0.000437,available,,not_measured,managed,0.000437,0.750572,negligible
np.empty_like(a) (int64),Creation,int64,10000000,,0.011097,0.075194,available,,not_measured,managed,0.075194,0.147578,much_slower
np.eye(n) (float64),Creation,float64,1000,,0.000991,0.002033,available,,not_measured,managed,0.002033,0.487457,negligible
np.eye(n) (float64),Creation,float64,100000,,0.011538,0.07574,available,,not_measured,managed,0.07574,0.152337,much_slower
np.eye(n) (float64),Creation,float64,10000000,,0.7562,1.121869,available,,not_measured,managed,1.121869,0.674054,slower
np.frombuffer(buffer) (float64),Creation,float64,1000,,0.000294,0.000454,available,,not_measured,managed,0.000454,0.647577,negligible
np.frombuffer(buffer) (float64),Creation,float64,100000,,0.000294,0.000759,available,,not_measured,managed,0.000759,0.387352,negligible
np.frombuffer(buffer) (float64),Creation,float64,10000000,,0.000294,0.000436,available,,not_measured,managed,0.000436,0.674312,negligible
np.fromstring(text) (float64),Creation,float64,1000,,0.09283,0.062607,available,,not_measured,managed,0.062607,1.482742,faster
np.fromstring(text) (float64),Creation,float64,100000,,9.7378,5.646125,available,,not_measured,managed,5.646125,1.724687,faster
np.fromstring(text) (float64),Creation,float64,10000000,,248.3581,71.5167,available,,not_measured,managed,71.5167,3.472729,faster
np.full (float32),Creation,float32,1000,,0.000763,0.000559,available,,not_measured,managed,0.000559,1.364937,negligible
np.full (float32),Creation,float32,100000,,0.005205,0.017196,available,,not_measured,managed,0.017196,0.302687,much_slower
np.full (float32),Creation,float32,10000000,,7.1471,4.537675,available,,not_measured,managed,4.537675,1.575058,faster
np.full (float64),Creation,float64,1000,,0.000792,0.000461,available,,not_measured,managed,0.000461,1.718004,negligible
np.full (float64),Creation,float64,100000,,0.009681,0.018057,available,,not_measured,managed,0.018057,0.536136,slower
np.full (float64),Creation,float64,10000000,,14.4497,15.7856,available,,not_measured,managed,15.7856,0.915372,close
np.full (int32),Creation,int32,1000,,0.000757,0.000474,available,,not_measured,managed,0.000474,1.597046,negligible
np.full (int32),Creation,int32,100000,,0.005184,0.010667,available,,not_measured,managed,0.010667,0.485985,slower
np.full (int32),Creation,int32,10000000,,7.1339,4.060775,available,,not_measured,managed,4.060775,1.756783,faster
np.full (int64),Creation,int64,1000,,0.00074,0.000648,available,,not_measured,managed,0.000648,1.141975,negligible
np.full (int64),Creation,int64,100000,,0.009644,0.01932,available,,not_measured,managed,0.01932,0.499172,slower
np.full (int64),Creation,int64,10000000,,14.7004,27.766,available,,not_measured,managed,27.766,0.529439,slower
"np.full_like(a, 42) (float32)",Creation,float32,1000,,0.000948,0.000554,available,,not_measured,managed,0.000554,1.711191,negligible
"np.full_like(a, 42) (float32)",Creation,float32,100000,,0.005399,0.01468,available,,not_measured,managed,0.01468,0.367779,slower
"np.full_like(a, 42) (float32)",Creation,float32,10000000,,6.9579,2.69985,available,,not_measured,managed,2.69985,2.577143,faster
"np.full_like(a, 42) (float64)",Creation,float64,1000,,0.000969,0.000522,available,,not_measured,managed,0.000522,1.856322,negligible
"np.full_like(a, 42) (float64)",Creation,float64,100000,,0.009871,0.019902,available,,not_measured,managed,0.019902,0.49598,slower
"np.full_like(a, 42) (float64)",Creation,float64,10000000,,14.9301,12.84385,available,,not_measured,managed,12.84385,1.162432,faster
"np.full_like(a, 42) (int32)",Creation,int32,1000,,0.00093,0.000612,available,,not_measured,managed,0.000612,1.519608,negligible
"np.full_like(a, 42) (int32)",Creation,int32,100000,,0.005384,0.014015,available,,not_measured,managed,0.014015,0.38416,slower
"np.full_like(a, 42) (int32)",Creation,int32,10000000,,7.0694,4.541533,available,,not_measured,managed,4.541533,1.556611,faster
"np.full_like(a, 42) (int64)",Creation,int64,1000,,0.000915,0.000446,available,,not_measured,managed,0.000446,2.05157,negligible
"np.full_like(a, 42) (int64)",Creation,int64,100000,,0.009847,0.020136,available,,not_measured,managed,0.020136,0.489025,slower
"np.full_like(a, 42) (int64)",Creation,int64,10000000,,14.1813,15.1652,available,,not_measured,managed,15.1652,0.935121,close
np.identity(n) (float64),Creation,float64,1000,,0.001315,0.001973,available,,not_measured,managed,0.001973,0.666498,slower
np.identity(n) (float64),Creation,float64,100000,,0.011873,0.077748,available,,not_measured,managed,0.077748,0.152711,much_slower
np.identity(n) (float64),Creation,float64,10000000,,0.7586,1.079642,available,,not_measured,managed,1.079642,0.70264,slower
"np.linspace(0, N, N) (float32)",Creation,float32,1000,,0.004492,0.001823,available,,not_measured,managed,0.001823,2.46407,faster
"np.linspace(0, N, N) (float32)",Creation,float32,100000,,0.093989,0.163153,available,,not_measured,managed,0.163153,0.576079,slower
"np.linspace(0, N, N) (float32)",Creation,float32,10000000,,30.4819,14.3939,available,,not_measured,managed,14.3939,2.117696,faster
"np.linspace(0, N, N) (float64)",Creation,float64,1000,,0.003973,0.001685,available,,not_measured,managed,0.001685,2.357864,faster
"np.linspace(0, N, N) (float64)",Creation,float64,100000,,0.050225,0.113597,available,,not_measured,managed,0.113597,0.442133,slower
"np.linspace(0, N, N) (float64)",Creation,float64,10000000,,20.2714,18.357,available,,not_measured,managed,18.357,1.104287,faster
"np.linspace(0, N, N) (int32)",Creation,int32,1000,,0.004887,0.003452,available,,not_measured,managed,0.003452,1.415701,faster
"np.linspace(0, N, N) (int32)",Creation,int32,100000,,0.2643,0.278168,available,,not_measured,managed,0.278168,0.950145,close
"np.linspace(0, N, N) (int32)",Creation,int32,10000000,,34.7105,22.1948,available,,not_measured,managed,22.1948,1.563902,faster
"np.linspace(0, N, N) (int64)",Creation,int64,1000,,0.00486,0.001879,available,,not_measured,managed,0.001879,2.586482,faster
"np.linspace(0, N, N) (int64)",Creation,int64,100000,,0.157114,0.163703,available,,not_measured,managed,0.163703,0.95975,close
"np.linspace(0, N, N) (int64)",Creation,int64,10000000,,41.2802,24.659,available,,not_measured,managed,24.659,1.674042,faster
"np.meshgrid(x, y) (float64)",Creation,float64,1000,,0.007787,0.006645,available,,not_measured,managed,0.006645,1.171859,faster
"np.meshgrid(x, y) (float64)",Creation,float64,100000,,0.32685,0.117871,available,,not_measured,managed,0.117871,2.772947,faster
"np.meshgrid(x, y) (float64)",Creation,float64,10000000,,3.6367,1.882982,available,,not_measured,managed,1.882982,1.931351,faster
np.ones (float32),Creation,float32,1000,,0.000757,0.000572,available,,not_measured,managed,0.000572,1.323427,negligible
np.ones (float32),Creation,float32,100000,,0.005197,0.01657,available,,not_measured,managed,0.01657,0.313639,much_slower
np.ones (float32),Creation,float32,10000000,,6.9196,3.931725,available,,not_measured,managed,3.931725,1.75994,faster
np.ones (float64),Creation,float64,1000,,0.00079,0.000502,available,,not_measured,managed,0.000502,1.573705,negligible
np.ones (float64),Creation,float64,100000,,0.009677,0.018829,available,,not_measured,managed,0.018829,0.513941,slower
np.ones (float64),Creation,float64,10000000,,14.1325,23.6491,available,,not_measured,managed,23.6491,0.597591,slower
np.ones (int32),Creation,int32,1000,,0.000756,0.000512,available,,not_measured,managed,0.000512,1.476563,negligible
np.ones (int32),Creation,int32,100000,,0.00517,0.010913,available,,not_measured,managed,0.010913,0.473747,slower
np.ones (int32),Creation,int32,10000000,,7.2539,3.0623,available,,not_measured,managed,3.0623,2.368775,faster
np.ones (int64),Creation,int64,1000,,0.000739,0.0006,available,,not_measured,managed,0.0006,1.231667,negligible
np.ones (int64),Creation,int64,100000,,0.009637,0.019752,available,,not_measured,managed,0.019752,0.4879,slower
np.ones (int64),Creation,int64,10000000,,13.7776,25.3151,available,,not_measured,managed,25.3151,0.544244,slower
np.ones_like(a) (float32),Creation,float32,1000,,0.000929,0.000577,available,,not_measured,managed,0.000577,1.610052,negligible
np.ones_like(a) (float32),Creation,float32,100000,,0.005394,0.013689,available,,not_measured,managed,0.013689,0.394039,slower
np.ones_like(a) (float32),Creation,float32,10000000,,7.1465,2.2846,available,,not_measured,managed,2.2846,3.128119,faster
np.ones_like(a) (float64),Creation,float64,1000,,0.000965,0.000401,available,,not_measured,managed,0.000401,2.406484,negligible
np.ones_like(a) (float64),Creation,float64,100000,,0.009876,0.015907,available,,not_measured,managed,0.015907,0.620859,slower
np.ones_like(a) (float64),Creation,float64,10000000,,14.3837,14.24225,available,,not_measured,managed,14.24225,1.009932,close
np.ones_like(a) (int32),Creation,int32,1000,,0.000927,0.000584,available,,not_measured,managed,0.000584,1.587329,negligible
np.ones_like(a) (int32),Creation,int32,100000,,0.005382,0.015431,available,,not_measured,managed,0.015431,0.348778,slower
np.ones_like(a) (int32),Creation,int32,10000000,,7.2125,3.7792,available,,not_measured,managed,3.7792,1.908473,faster
np.ones_like(a) (int64),Creation,int64,1000,,0.000911,0.000628,available,,not_measured,managed,0.000628,1.450637,negligible
np.ones_like(a) (int64),Creation,int64,100000,,0.009844,0.020075,available,,not_measured,managed,0.020075,0.490361,slower
np.ones_like(a) (int64),Creation,int64,10000000,,14.2797,15.8558,available,,not_measured,managed,15.8558,0.900598,close
"np.require(a, requirements=C) (float64)",Creation,float64,1000,,0.000727,0.000924,available,,not_measured,managed,0.000924,0.786797,negligible
"np.require(a, requirements=C) (float64)",Creation,float64,100000,,0.010513,0.034564,available,,not_measured,managed,0.034564,0.30416,much_slower
"np.require(a, requirements=C) (float64)",Creation,float64,10000000,,0.6538,0.3743,available,,not_measured,managed,0.3743,1.746727,faster
np.vander(x) (float64),Creation,float64,1000,,0.003436,0.007159,available,,not_measured,managed,0.007159,0.479955,slower
np.vander(x) (float64),Creation,float64,100000,,0.160629,0.204813,available,,not_measured,managed,0.204813,0.784272,slower
np.vander(x) (float64),Creation,float64,10000000,,3.6286,2.76765,available,,not_measured,managed,2.76765,1.311076,faster
np.zeros (float32),Creation,float32,1000,,0.000272,0.000495,available,,not_measured,managed,0.000495,0.549495,negligible
np.zeros (float32),Creation,float32,100000,,0.00477,0.002151,available,,not_measured,managed,0.002151,2.217573,faster
np.zeros (float32),Creation,float32,10000000,,0.008722,0.007328,available,,not_measured,managed,0.007328,1.190229,faster
np.zeros (float64),Creation,float64,1000,,0.000286,0.000543,available,,not_measured,managed,0.000543,0.526703,negligible
np.zeros (float64),Creation,float64,100000,,0.009248,0.004261,available,,not_measured,managed,0.004261,2.170383,faster
np.zeros (float64),Creation,float64,10000000,,0.010987,0.013044,available,,not_measured,managed,0.013044,0.842303,close
np.zeros (int32),Creation,int32,1000,,0.000275,0.000463,available,,not_measured,managed,0.000463,0.593952,negligible
np.zeros (int32),Creation,int32,100000,,0.004747,0.003579,available,,not_measured,managed,0.003579,1.326348,faster
np.zeros (int32),Creation,int32,10000000,,0.004802,0.011284,available,,not_measured,managed,0.011284,0.425558,slower
np.zeros (int64),Creation,int64,1000,,0.000286,0.000496,available,,not_measured,managed,0.000496,0.576613,negligible
np.zeros (int64),Creation,int64,100000,,0.009246,0.003638,available,,not_measured,managed,0.003638,2.541506,faster
np.zeros (int64),Creation,int64,10000000,,0.011127,0.009446,available,,not_measured,managed,0.009446,1.177959,faster
np.zeros_like (float32),Creation,float32,1000,,0.000889,0.000444,available,,not_measured,managed,0.000444,2.002252,negligible
np.zeros_like (float32),Creation,float32,100000,,0.005343,0.003776,available,,not_measured,managed,0.003776,1.414989,faster
np.zeros_like (float32),Creation,float32,10000000,,7.1079,0.007128,available,,not_measured,managed,0.007128,997.180135,negligible
np.zeros_like (float64),Creation,float64,1000,,0.000929,0.000296,available,,not_measured,managed,0.000296,3.138514,negligible
np.zeros_like (float64),Creation,float64,100000,,0.009829,0.004648,available,,not_measured,managed,0.004648,2.114673,faster
np.zeros_like (float64),Creation,float64,10000000,,14.3433,0.006904,available,,not_measured,managed,0.006904,2077.534762,negligible
np.zeros_like (int32),Creation,int32,1000,,0.000885,0.00039,available,,not_measured,managed,0.00039,2.269231,negligible
np.zeros_like (int32),Creation,int32,100000,,0.005353,0.003643,available,,not_measured,managed,0.003643,1.469393,faster
np.zeros_like (int32),Creation,int32,10000000,,7.3832,0.010194,available,,not_measured,managed,0.010194,724.269178,negligible
np.zeros_like (int64),Creation,int64,1000,,0.000871,0.000535,available,,not_measured,managed,0.000535,1.628037,negligible
np.zeros_like (int64),Creation,int64,100000,,0.009791,0.004304,available,,not_measured,managed,0.004304,2.274861,faster
np.zeros_like (int64),Creation,int64,10000000,,14.2856,0.010911,available,,not_measured,managed,0.010911,1309.284209,negligible
np.fft.fft(a) (complex128),Fourier,complex128,1000,,0.008092,0.00869,available,,not_measured,managed,0.00869,0.931185,close
np.fft.fft(a) (complex128),Fourier,complex128,100000,,1.4368,1.248882,available,,not_measured,managed,1.248882,1.150469,faster
np.fft.fft(a) (complex128),Fourier,complex128,10000000,,15.9998,14.2372,available,,not_measured,managed,14.2372,1.123802,faster
np.fft.fft2(a) (complex128),Fourier,complex128,1000,,0.037404,0.06702,available,,not_measured,managed,0.06702,0.558102,slower
np.fft.fft2(a) (complex128),Fourier,complex128,100000,,4.4063,5.8737,available,,not_measured,managed,5.8737,0.750175,slower
np.fft.fft2(a) (complex128),Fourier,complex128,10000000,,22.2844,25.808,available,,not_measured,managed,25.808,0.863469,close
np.fft.fftfreq(n) (float64),Fourier,float64,1000,,0.002601,0.006196,available,,not_measured,managed,0.006196,0.419787,slower
np.fft.fftfreq(n) (float64),Fourier,float64,100000,,0.3445,0.111845,available,,not_measured,managed,0.111845,3.080156,faster
np.fft.fftfreq(n) (float64),Fourier,float64,10000000,,4.1396,1.6496,available,,not_measured,managed,1.6496,2.509457,faster
np.fft.fftn(a) (complex128),Fourier,complex128,1000,,0.03505,0.031023,available,,not_measured,managed,0.031023,1.129807,faster
np.fft.fftn(a) (complex128),Fourier,complex128,100000,,4.3418,5.91995,available,,not_measured,managed,5.91995,0.733418,slower
np.fft.fftn(a) (complex128),Fourier,complex128,10000000,,21.9399,20.693,available,,not_measured,managed,20.693,1.060257,faster
np.fft.fftshift(a) (complex128),Fourier,complex128,1000,,0.004155,0.003044,available,,not_measured,managed,0.003044,1.36498,faster
np.fft.fftshift(a) (complex128),Fourier,complex128,100000,,0.31095,0.077105,available,,not_measured,managed,0.077105,4.032812,faster
np.fft.fftshift(a) (complex128),Fourier,complex128,10000000,,2.0414,1.060882,available,,not_measured,managed,1.060882,1.924248,faster
np.fft.hfft(a) (float64),Fourier,float64,1000,,0.006358,0.005537,available,,not_measured,managed,0.005537,1.148275,faster
np.fft.hfft(a) (float64),Fourier,float64,100000,,0.922,1.071822,available,,not_measured,managed,1.071822,0.860217,close
np.fft.hfft(a) (float64),Fourier,float64,10000000,,10.0264,12.0548,available,,not_measured,managed,12.0548,0.831735,close
np.fft.ifft(a) (complex128),Fourier,complex128,1000,,0.008834,0.008986,available,,not_measured,managed,0.008986,0.983085,close
np.fft.ifft(a) (complex128),Fourier,complex128,100000,,1.4373,1.28855,available,,not_measured,managed,1.28855,1.11544,faster
np.fft.ifft(a) (complex128),Fourier,complex128,10000000,,16.8046,15.5395,available,,not_measured,managed,15.5395,1.081412,faster
np.fft.ifft2(a) (complex128),Fourier,complex128,1000,,0.038838,0.03224,available,,not_measured,managed,0.03224,1.204653,faster
np.fft.ifft2(a) (complex128),Fourier,complex128,100000,,4.4943,5.87705,available,,not_measured,managed,5.87705,0.76472,slower
np.fft.ifft2(a) (complex128),Fourier,complex128,10000000,,22.2488,21.088,available,,not_measured,managed,21.088,1.055046,faster
np.fft.ifftn(a) (complex128),Fourier,complex128,1000,,0.036387,0.034156,available,,not_measured,managed,0.034156,1.065318,faster
np.fft.ifftn(a) (complex128),Fourier,complex128,100000,,4.4884,5.93905,available,,not_measured,managed,5.93905,0.755744,slower
np.fft.ifftn(a) (complex128),Fourier,complex128,10000000,,21.9781,21.0843,available,,not_measured,managed,21.0843,1.042392,close
np.fft.ifftshift(a) (complex128),Fourier,complex128,1000,,0.004146,0.002494,available,,not_measured,managed,0.002494,1.66239,faster
np.fft.ifftshift(a) (complex128),Fourier,complex128,100000,,0.3095,0.075903,available,,not_measured,managed,0.075903,4.077573,faster
np.fft.ifftshift(a) (complex128),Fourier,complex128,10000000,,2.0123,1.452973,available,,not_measured,managed,1.452973,1.384953,faster
np.fft.ihfft(a) (float64),Fourier,float64,1000,,0.007462,0.005484,available,,not_measured,managed,0.005484,1.360686,faster
np.fft.ihfft(a) (float64),Fourier,float64,100000,,0.6911,1.056859,available,,not_measured,managed,1.056859,0.653919,slower
np.fft.ihfft(a) (float64),Fourier,float64,10000000,,9.1508,13.7118,available,,not_measured,managed,13.7118,0.667367,slower
np.fft.irfft(a) (float64),Fourier,float64,1000,,0.006455,0.007796,available,,not_measured,managed,0.007796,0.827989,close
np.fft.irfft(a) (float64),Fourier,float64,100000,,0.667,0.840845,available,,not_measured,managed,0.840845,0.79325,slower
np.fft.irfft(a) (float64),Fourier,float64,10000000,,8.6158,11.97295,available,,not_measured,managed,11.97295,0.719605,slower
np.fft.irfft2(a) (float64),Fourier,float64,1000,,0.025297,0.018536,available,,not_measured,managed,0.018536,1.36475,faster
np.fft.irfft2(a) (float64),Fourier,float64,100000,,2.3072,2.97355,available,,not_measured,managed,2.97355,0.775908,slower
np.fft.irfft2(a) (float64),Fourier,float64,10000000,,9.0813,13.00355,available,,not_measured,managed,13.00355,0.698371,slower
np.fft.irfftn(a) (float64),Fourier,float64,1000,,0.025857,0.017732,available,,not_measured,managed,0.017732,1.458211,faster
np.fft.irfftn(a) (float64),Fourier,float64,100000,,2.3515,4.416025,available,,not_measured,managed,4.416025,0.532492,slower
np.fft.irfftn(a) (float64),Fourier,float64,10000000,,9.7033,10.7914,available,,not_measured,managed,10.7914,0.89917,close
np.fft.rfft(a) (float64),Fourier,float64,1000,,0.006059,0.005378,available,,not_measured,managed,0.005378,1.126627,faster
np.fft.rfft(a) (float64),Fourier,float64,100000,,0.6608,0.610413,available,,not_measured,managed,0.610413,1.082546,faster
np.fft.rfft(a) (float64),Fourier,float64,10000000,,8.9434,8.15275,available,,not_measured,managed,8.15275,1.09698,faster
np.fft.rfft2(a) (float64),Fourier,float64,1000,,0.026233,0.017582,available,,not_measured,managed,0.017582,1.492037,faster
np.fft.rfft2(a) (float64),Fourier,float64,100000,,2.2151,4.02485,available,,not_measured,managed,4.02485,0.550356,slower
np.fft.rfft2(a) (float64),Fourier,float64,10000000,,8.554,15.3278,available,,not_measured,managed,15.3278,0.558071,slower
np.fft.rfftfreq(n) (float64),Fourier,float64,1000,,0.001457,0.003575,available,,not_measured,managed,0.003575,0.407552,slower
np.fft.rfftfreq(n) (float64),Fourier,float64,100000,,0.025518,0.04375,available,,not_measured,managed,0.04375,0.583269,slower
np.fft.rfftfreq(n) (float64),Fourier,float64,10000000,,1.4133,0.555484,available,,not_measured,managed,0.555484,2.544268,faster
np.fft.rfftn(a) (float64),Fourier,float64,1000,,0.02382,0.017404,available,,not_measured,managed,0.017404,1.368651,faster
np.fft.rfftn(a) (float64),Fourier,float64,100000,,2.2526,3.101075,available,,not_measured,managed,3.101075,0.726393,slower
np.fft.rfftn(a) (float64),Fourier,float64,10000000,,8.8921,9.91315,available,,not_measured,managed,9.91315,0.897,close
np.diagonal(a) (float64),LinearAlgebra,float64,1000,,0.000516,0.000174,available,0.000225,available,managed,0.000174,2.965517,negligible
np.diagonal(a) (float64),LinearAlgebra,float64,100000,,0.000489,0.000174,available,0.000173,available,managed,0.000173,2.82659,negligible
np.diagonal(a) (float64),LinearAlgebra,float64,10000000,,0.000497,0.000162,available,0.000192,available,managed,0.000162,3.067901,negligible
"np.dot(a, b) (float64)",LinearAlgebra,float64,1000,,0.000511,0.000461,available,0.000519,available,managed,0.000461,1.10846,negligible
"np.dot(a, b) (float64)",LinearAlgebra,float64,100000,,0.006982,0.006797,available,0.014059,available,managed,0.006797,1.027218,close
"np.dot(a, b) (float64)",LinearAlgebra,float64,10000000,,2.9769,5.851425,available,3.44115,available,openblas,3.44115,0.865089,close
"np.einsum('ij,jk->ik', a, b)",LinearAlgebra,float64,1000,"ij,jk->ik",0.0062,0.004,available,0.003,available,openblas,0.003,2.066667,faster
"np.einsum('ij,jk->ik', a, b)",LinearAlgebra,float64,100000,"ij,jk->ik",3.533,1.8205,available,0.7969,available,openblas,0.7969,4.43343,faster
"np.einsum('ij,jk->ik', a, b)",LinearAlgebra,float64,10000000,"ij,jk->ik",6.4002,2.3765,available,1.4162,available,openblas,1.4162,4.519277,faster
"np.einsum(subscripts, operands) (float64)",LinearAlgebra,float64,1000,,0.001384,0.001775,available,0.001799,available,managed,0.001775,0.779718,slower
"np.einsum(subscripts, operands) (float64)",LinearAlgebra,float64,100000,,0.019711,0.008019,available,0.01148,available,managed,0.008019,2.458037,faster
"np.einsum(subscripts, operands) (float64)",LinearAlgebra,float64,10000000,,3.8059,4.130275,available,3.173675,available,openblas,3.173675,1.199209,faster
"np.einsum_path(subscripts, operands) (float64)",LinearAlgebra,float64,1000,,0.008941,0.001477,available,0.001656,available,managed,0.001477,6.053487,faster
"np.einsum_path(subscripts, operands) (float64)",LinearAlgebra,float64,100000,,0.008894,0.001432,available,0.001471,available,managed,0.001432,6.210894,faster
"np.einsum_path(subscripts, operands) (float64)",LinearAlgebra,float64,10000000,,0.008808,0.00146,available,0.00154,available,managed,0.00146,6.032877,faster
np.linalg.cholesky(a),LinearAlgebra,float64,1000,,0.0046,,missing_backend,0.0017,available,openblas,0.0017,2.705882,faster
np.linalg.cholesky(a),LinearAlgebra,float64,100000,,0.0188,,missing_backend,0.0144,available,openblas,0.0144,1.305556,faster
np.linalg.cholesky(a),LinearAlgebra,float64,10000000,,0.0572,,missing_backend,0.0315,available,openblas,0.0315,1.815873,faster
np.linalg.cond(a),LinearAlgebra,float64,1000,,0.0351,,missing_backend,0.0318,available,openblas,0.0318,1.103774,faster
np.linalg.cond(a),LinearAlgebra,float64,100000,,0.259,,missing_backend,0.2608,available,openblas,0.2608,0.993098,close
np.linalg.cond(a),LinearAlgebra,float64,10000000,,0.5514,,missing_backend,0.553,available,openblas,0.553,0.997107,close
"np.linalg.cross(a, b) (float64)",LinearAlgebra,float64,1000,,0.01334,0.015038,available,0.013809,available,managed,0.013809,0.966037,close
"np.linalg.cross(a, b) (float64)",LinearAlgebra,float64,100000,,0.5633,0.203863,available,1.031891,available,managed,0.203863,2.76313,faster
"np.linalg.cross(a, b) (float64)",LinearAlgebra,float64,10000000,,92.845,65.2549,available,127.7356,available,managed,65.2549,1.422805,faster
np.linalg.det(a),LinearAlgebra,float64,1000,,0.0058,,missing_backend,0.0044,available,openblas,0.0044,1.318182,faster
np.linalg.det(a),LinearAlgebra,float64,100000,,0.0268,,missing_backend,0.0256,available,openblas,0.0256,1.046875,close
np.linalg.det(a),LinearAlgebra,float64,10000000,,0.0543,,missing_backend,0.0531,available,openblas,0.0531,1.022599,close
np.linalg.diagonal(a) (float64),LinearAlgebra,float64,1000,,0.000681,0.000181,available,0.000275,available,managed,0.000181,3.762431,negligible
np.linalg.diagonal(a) (float64),LinearAlgebra,float64,100000,,0.00066,0.00017,available,0.000258,available,managed,0.00017,3.882353,negligible
np.linalg.diagonal(a) (float64),LinearAlgebra,float64,10000000,,0.000611,0.000173,available,0.000181,available,managed,0.000173,3.531792,negligible
np.linalg.eig(a),LinearAlgebra,float64,1000,,0.1003,,missing_backend,0.1034,available,openblas,0.1034,0.970019,close
np.linalg.eig(a),LinearAlgebra,float64,100000,,1.3776,,missing_backend,1.3699,available,openblas,1.3699,1.005621,close
np.linalg.eig(a),LinearAlgebra,float64,10000000,,3.0686,,missing_backend,2.8455,available,openblas,2.8455,1.078404,faster
np.linalg.eigh(a),LinearAlgebra,float64,1000,,0.0478,,missing_backend,0.0451,available,openblas,0.0451,1.059867,faster
np.linalg.eigh(a),LinearAlgebra,float64,100000,,0.3925,,missing_backend,0.3887,available,openblas,0.3887,1.009776,close
np.linalg.eigh(a),LinearAlgebra,float64,10000000,,0.7313,,missing_backend,0.7142,available,openblas,0.7142,1.023943,close
np.linalg.eigvals(a),LinearAlgebra,float64,1000,,0.0639,,missing_backend,0.0599,available,openblas,0.0599,1.066778,faster
np.linalg.eigvals(a),LinearAlgebra,float64,100000,,0.7854,,missing_backend,0.8128,available,openblas,0.8128,0.966289,close
np.linalg.eigvals(a),LinearAlgebra,float64,10000000,,1.5325,,missing_backend,1.5956,available,openblas,1.5956,0.960454,close
np.linalg.eigvalsh(a),LinearAlgebra,float64,1000,,0.0212,,missing_backend,0.0189,available,openblas,0.0189,1.121693,faster
np.linalg.eigvalsh(a),LinearAlgebra,float64,100000,,0.1584,,missing_backend,0.1581,available,openblas,0.1581,1.001898,close
np.linalg.eigvalsh(a),LinearAlgebra,float64,10000000,,0.2934,,missing_backend,0.295,available,openblas,0.295,0.994576,close
np.linalg.inv(a),LinearAlgebra,float64,1000,,0.011,,missing_backend,0.0083,available,openblas,0.0083,1.325301,faster
np.linalg.inv(a),LinearAlgebra,float64,100000,,0.0786,,missing_backend,0.0756,available,openblas,0.0756,1.039683,close
np.linalg.inv(a),LinearAlgebra,float64,10000000,,0.1821,,missing_backend,0.1608,available,openblas,0.1608,1.132463,faster
"np.linalg.lstsq(a, b)",LinearAlgebra,float64,1000,,0.0793,,missing_backend,0.0772,available,openblas,0.0772,1.027202,close
"np.linalg.lstsq(a, b)",LinearAlgebra,float64,100000,,0.7911,,missing_backend,0.7965,available,openblas,0.7965,0.99322,close
"np.linalg.lstsq(a, b)",LinearAlgebra,float64,10000000,,1.4275,,missing_backend,1.4325,available,openblas,1.4325,0.99651,close
"np.linalg.matmul(a, b) (float64)",LinearAlgebra,float64,1000,,0.002608,0.00423,available,0.004685,available,managed,0.00423,0.616548,slower
"np.linalg.matmul(a, b) (float64)",LinearAlgebra,float64,100000,,0.79705,1.4334,available,2.471222,available,managed,1.4334,0.556056,slower
"np.linalg.matmul(a, b) (float64)",LinearAlgebra,float64,10000000,,1.6172,3.230886,available,1.609067,available,openblas,1.609067,1.005054,close
np.linalg.matrix_norm(a) (float64),LinearAlgebra,float64,1000,,0.002352,0.003336,available,0.003448,available,managed,0.003336,0.705036,slower
np.linalg.matrix_norm(a) (float64),LinearAlgebra,float64,100000,,0.006439,0.010445,available,0.013303,available,managed,0.010445,0.616467,slower
np.linalg.matrix_norm(a) (float64),LinearAlgebra,float64,10000000,,0.006508,0.010249,available,0.017131,available,managed,0.010249,0.634989,slower
"np.linalg.matrix_norm(a, ord=2)",LinearAlgebra,float64,1000,ord=2,0.0366,,missing_backend,0.0313,available,openblas,0.0313,1.169329,faster
"np.linalg.matrix_norm(a, ord=2)",LinearAlgebra,float64,100000,ord=2,0.2602,,missing_backend,0.2576,available,openblas,0.2576,1.010093,close
"np.linalg.matrix_norm(a, ord=2)",LinearAlgebra,float64,10000000,ord=2,0.5498,,missing_backend,0.5521,available,openblas,0.5521,0.995834,close
"np.linalg.matrix_power(a, -1)",LinearAlgebra,float64,1000,n=-1,0.0113,,missing_backend,0.0088,available,openblas,0.0088,1.284091,faster
"np.linalg.matrix_power(a, -1)",LinearAlgebra,float64,100000,n=-1,0.0787,,missing_backend,0.0774,available,openblas,0.0774,1.016796,close
"np.linalg.matrix_power(a, -1)",LinearAlgebra,float64,10000000,n=-1,0.1825,,missing_backend,0.1628,available,openblas,0.1628,1.121007,faster
"np.linalg.matrix_power(a, 3) (float64)",LinearAlgebra,float64,1000,,0.005599,0.008213,available,0.006669,available,openblas,0.006669,0.839556,close
"np.linalg.matrix_power(a, 3) (float64)",LinearAlgebra,float64,100000,,0.118144,0.376747,available,0.127803,available,openblas,0.127803,0.924423,close
"np.linalg.matrix_power(a, 3) (float64)",LinearAlgebra,float64,10000000,,0.117956,0.384027,available,0.13754,available,openblas,0.13754,0.857612,close
np.linalg.matrix_rank(a),LinearAlgebra,float64,1000,,0.0368,,missing_backend,0.0323,available,openblas,0.0323,1.139319,faster
np.linalg.matrix_rank(a),LinearAlgebra,float64,100000,,0.2617,,missing_backend,0.26,available,openblas,0.26,1.006538,close
np.linalg.matrix_rank(a),LinearAlgebra,float64,10000000,,0.5506,,missing_backend,0.5533,available,openblas,0.5533,0.99512,close
np.linalg.matrix_transpose(a) (float64),LinearAlgebra,float64,1000,,0.000672,0.000247,available,0.000279,available,managed,0.000247,2.720648,negligible
np.linalg.matrix_transpose(a) (float64),LinearAlgebra,float64,100000,,0.00066,0.000242,available,0.00036,available,managed,0.000242,2.727273,negligible
np.linalg.matrix_transpose(a) (float64),LinearAlgebra,float64,10000000,,0.000661,0.000269,available,0.000418,available,managed,0.000269,2.457249,negligible
np.linalg.multi_dot(arrays) (float64),LinearAlgebra,float64,1000,,0.005426,0.008353,available,0.005596,available,openblas,0.005596,0.969621,close
np.linalg.multi_dot(arrays) (float64),LinearAlgebra,float64,100000,,0.12095,0.3917,available,0.337509,available,openblas,0.337509,0.358361,slower
np.linalg.multi_dot(arrays) (float64),LinearAlgebra,float64,10000000,,0.1208,0.384814,available,0.255035,available,openblas,0.255035,0.47366,slower
np.linalg.norm(a) (float64),LinearAlgebra,float64,1000,,0.000944,0.000956,available,0.002107,available,managed,0.000956,0.987448,negligible
np.linalg.norm(a) (float64),LinearAlgebra,float64,100000,,0.007421,0.007175,available,0.01854,available,managed,0.007175,1.034286,close
np.linalg.norm(a) (float64),LinearAlgebra,float64,10000000,,2.8146,3.040875,available,7.533925,available,managed,3.040875,0.925589,close
"np.linalg.norm(a, ord=2)",LinearAlgebra,float64,1000,ord=2,0.0367,,missing_backend,0.0317,available,openblas,0.0317,1.157729,faster
"np.linalg.norm(a, ord=2)",LinearAlgebra,float64,100000,ord=2,0.2619,,missing_backend,0.2578,available,openblas,0.2578,1.015904,close
"np.linalg.norm(a, ord=2)",LinearAlgebra,float64,10000000,ord=2,0.5515,,missing_backend,0.5519,available,openblas,0.5519,0.999275,close
"np.linalg.outer(a, b) (float64)",LinearAlgebra,float64,1000,,0.002283,0.002564,available,0.00563,available,managed,0.002564,0.890406,close
"np.linalg.outer(a, b) (float64)",LinearAlgebra,float64,100000,,0.038754,0.028095,available,0.05137,available,managed,0.028095,1.379391,faster
"np.linalg.outer(a, b) (float64)",LinearAlgebra,float64,10000000,,12.974,11.22185,available,13.7038,available,managed,11.22185,1.156137,faster
np.linalg.pinv(a),LinearAlgebra,float64,1000,,0.085,,missing_backend,0.0804,available,openblas,0.0804,1.057214,faster
np.linalg.pinv(a),LinearAlgebra,float64,100000,,0.732,,missing_backend,0.7248,available,openblas,0.7248,1.009934,close
np.linalg.pinv(a),LinearAlgebra,float64,10000000,,1.6035,,missing_backend,1.4073,available,openblas,1.4073,1.139416,faster
np.linalg.qr(a),LinearAlgebra,float64,1000,,0.0229,,missing_backend,0.0186,available,openblas,0.0186,1.231183,faster
np.linalg.qr(a),LinearAlgebra,float64,100000,,0.1609,,missing_backend,0.1474,available,openblas,0.1474,1.091588,faster
np.linalg.qr(a),LinearAlgebra,float64,10000000,,0.3988,,missing_backend,0.3365,available,openblas,0.3365,1.185141,faster
np.linalg.slogdet(a),LinearAlgebra,float64,1000,,0.0066,,missing_backend,0.0044,available,openblas,0.0044,1.5,faster
np.linalg.slogdet(a),LinearAlgebra,float64,100000,,0.0277,,missing_backend,0.0258,available,openblas,0.0258,1.073643,faster
np.linalg.slogdet(a),LinearAlgebra,float64,10000000,,0.0552,,missing_backend,0.0533,available,openblas,0.0533,1.035647,close
"np.linalg.solve(a, b)",LinearAlgebra,float64,1000,,0.0075,,missing_backend,0.0046,available,openblas,0.0046,1.630435,faster
"np.linalg.solve(a, b)",LinearAlgebra,float64,100000,,0.0295,,missing_backend,0.0273,available,openblas,0.0273,1.080586,faster
"np.linalg.solve(a, b)",LinearAlgebra,float64,10000000,,0.0576,,missing_backend,0.0552,available,openblas,0.0552,1.043478,close
np.linalg.svd(a),LinearAlgebra,float64,1000,,0.0749,,missing_backend,0.0716,available,openblas,0.0716,1.046089,close
np.linalg.svd(a),LinearAlgebra,float64,100000,,0.6804,,missing_backend,0.6798,available,openblas,0.6798,1.000883,close
np.linalg.svd(a),LinearAlgebra,float64,10000000,,1.4826,,missing_backend,1.2957,available,openblas,1.2957,1.144246,faster
np.linalg.svdvals(a),LinearAlgebra,float64,1000,,0.0319,,missing_backend,0.0294,available,openblas,0.0294,1.085034,faster
np.linalg.svdvals(a),LinearAlgebra,float64,100000,,0.2569,,missing_backend,0.2572,available,openblas,0.2572,0.998834,close
np.linalg.svdvals(a),LinearAlgebra,float64,10000000,,0.5445,,missing_backend,0.5506,available,openblas,0.5506,0.988921,close
"np.linalg.tensordot(a, b) (float64)",LinearAlgebra,float64,1000,,0.006006,0.005433,available,0.007826,available,managed,0.005433,1.105467,faster
"np.linalg.tensordot(a, b) (float64)",LinearAlgebra,float64,100000,,0.063756,0.21187,available,0.107549,available,openblas,0.107549,0.592809,slower
"np.linalg.tensordot(a, b) (float64)",LinearAlgebra,float64,10000000,,0.063606,0.203618,available,0.101685,available,openblas,0.101685,0.62552,slower
np.linalg.tensorinv(a),LinearAlgebra,float64,1000,,0.0115,,missing_backend,0.0085,available,openblas,0.0085,1.352941,faster
np.linalg.tensorinv(a),LinearAlgebra,float64,100000,,0.079,,missing_backend,0.0757,available,openblas,0.0757,1.043593,close
np.linalg.tensorinv(a),LinearAlgebra,float64,10000000,,0.1829,,missing_backend,0.1606,available,openblas,0.1606,1.138854,faster
"np.linalg.tensorsolve(a, b)",LinearAlgebra,float64,1000,,0.0083,,missing_backend,0.005,available,openblas,0.005,1.66,faster
"np.linalg.tensorsolve(a, b)",LinearAlgebra,float64,100000,,0.0303,,missing_backend,0.0277,available,openblas,0.0277,1.093863,faster
"np.linalg.tensorsolve(a, b)",LinearAlgebra,float64,10000000,,0.0586,,missing_backend,0.0557,available,openblas,0.0557,1.052065,faster
np.linalg.trace(a) (float64),LinearAlgebra,float64,1000,,0.001462,0.000321,available,0.000571,available,managed,0.000321,4.554517,negligible
np.linalg.trace(a) (float64),LinearAlgebra,float64,100000,,0.001307,0.000427,available,0.000489,available,managed,0.000427,3.06089,negligible
np.linalg.trace(a) (float64),LinearAlgebra,float64,10000000,,0.001297,0.00035,available,0.000614,available,managed,0.00035,3.705714,negligible
"np.linalg.vecdot(a, b) (float64)",LinearAlgebra,float64,1000,,0.000878,0.001375,available,0.000754,available,openblas,0.000754,1.164456,negligible
"np.linalg.vecdot(a, b) (float64)",LinearAlgebra,float64,100000,,0.007363,0.025751,available,0.009968,available,openblas,0.009968,0.738664,slower
"np.linalg.vecdot(a, b) (float64)",LinearAlgebra,float64,10000000,,2.8629,18.2591,available,3.2902,available,openblas,3.2902,0.870129,close
np.linalg.vector_norm(a) (float64),LinearAlgebra,float64,1000,,0.002485,0.002414,available,0.004847,available,managed,0.002414,1.029412,close
np.linalg.vector_norm(a) (float64),LinearAlgebra,float64,100000,,0.029256,0.051225,available,0.058088,available,managed,0.051225,0.571127,slower
np.linalg.vector_norm(a) (float64),LinearAlgebra,float64,10000000,,19.5878,33.4813,available,49.3639,available,managed,33.4813,0.585037,slower
"np.matmul(A, B) (float64)",LinearAlgebra,float64,1000,,0.002375,0.004224,available,0.004243,available,managed,0.004224,0.562263,slower
"np.matmul(A, B) (float64)",LinearAlgebra,float64,100000,,0.8043,1.875492,available,0.855236,available,openblas,0.855236,0.940442,close
"np.matmul(A, B) (float64)",LinearAlgebra,float64,10000000,,1.6243,4.72185,available,1.469083,available,openblas,1.469083,1.105656,faster
"np.matvec(a, b) (float64)",LinearAlgebra,float64,1000,,0.000714,0.000991,available,0.000436,available,openblas,0.000436,1.637615,negligible
"np.matvec(a, b) (float64)",LinearAlgebra,float64,100000,,0.005064,0.007937,available,0.004867,available,openblas,0.004867,1.040477,close
"np.matvec(a, b) (float64)",LinearAlgebra,float64,10000000,,0.00718,0.00919,available,0.00744,available,openblas,0.00744,0.965054,close
"np.outer(a, b) (float64)",LinearAlgebra,float64,1000,,0.001831,0.002621,available,0.003421,available,managed,0.002621,0.698588,slower
"np.outer(a, b) (float64)",LinearAlgebra,float64,100000,,0.038604,0.026785,available,0.030577,available,managed,0.026785,1.441254,faster
"np.outer(a, b) (float64)",LinearAlgebra,float64,10000000,,12.6905,11.46475,available,11.77125,available,managed,11.46475,1.106915,faster
"np.tensordot(a, b) (float64)",LinearAlgebra,float64,1000,,0.003829,0.001643,available,0.001938,available,managed,0.001643,2.330493,faster
"np.tensordot(a, b) (float64)",LinearAlgebra,float64,100000,,0.010196,0.012789,available,0.011322,available,openblas,0.011322,0.900548,close
"np.tensordot(a, b) (float64)",LinearAlgebra,float64,10000000,,3.0617,4.67865,available,3.1494,available,openblas,3.1494,0.972153,close
"np.tensordot(a, b, axes=1)",LinearAlgebra,float64,1000,"axes=1,matrix",0.0054,0.0043,available,0.0023,available,openblas,0.0023,2.347826,faster
"np.tensordot(a, b, axes=1)",LinearAlgebra,float64,100000,"axes=1,matrix",0.8139,3.4449,available,0.7964,available,openblas,0.7964,1.021974,close
"np.tensordot(a, b, axes=1)",LinearAlgebra,float64,10000000,"axes=1,matrix",1.6202,2.384,available,1.4137,available,openblas,1.4137,1.146071,faster
"np.vdot(a, b) (float64)",LinearAlgebra,float64,1000,,0.000579,0.000785,available,0.000699,available,openblas,0.000699,0.828326,negligible
"np.vdot(a, b) (float64)",LinearAlgebra,float64,100000,,0.00701,0.007007,available,0.009559,available,managed,0.007007,1.000428,close
"np.vdot(a, b) (float64)",LinearAlgebra,float64,10000000,,3.003,3.2287,available,5.37355,available,managed,3.2287,0.930096,close
"np.vecdot(a, b) (float64)",LinearAlgebra,float64,1000,,0.000618,0.001393,available,0.000687,available,openblas,0.000687,0.899563,negligible
"np.vecdot(a, b) (float64)",LinearAlgebra,float64,100000,,0.007068,0.043026,available,0.009559,available,openblas,0.009559,0.739408,slower
"np.vecdot(a, b) (float64)",LinearAlgebra,float64,10000000,,3.016,23.9367,available,3.2659,available,openblas,3.2659,0.923482,close
"np.vecmat(a, b) (float64)",LinearAlgebra,float64,1000,,0.000718,0.000888,available,0.000412,available,openblas,0.000412,1.742718,negligible
"np.vecmat(a, b) (float64)",LinearAlgebra,float64,100000,,0.005215,0.010366,available,0.007408,available,openblas,0.007408,0.703969,slower
"np.vecmat(a, b) (float64)",LinearAlgebra,float64,10000000,,0.007137,0.014241,available,0.007075,available,openblas,0.007075,1.008763,close
np.all(a) (bool),Logic,bool,1000,,0.001367,,not_measured,,not_measured,,,,no_data
np.all(a) (bool),Logic,bool,100000,,0.001365,,not_measured,,not_measured,,,,no_data
np.all(a) (bool),Logic,bool,10000000,,0.001317,,not_measured,,not_measured,,,,no_data
"np.allclose(a, b) (float16)",Logic,float16,1000,,0.029476,0.017876,available,,not_measured,managed,0.017876,1.648915,faster
"np.allclose(a, b) (float16)",Logic,float16,100000,,1.7183,0.819987,available,,not_measured,managed,0.819987,2.095521,faster
"np.allclose(a, b) (float16)",Logic,float16,10000000,,18.8612,15.0952,available,,not_measured,managed,15.0952,1.249483,faster
"np.allclose(a, b) (float32)",Logic,float32,1000,,0.012408,0.007803,available,,not_measured,managed,0.007803,1.590158,faster
"np.allclose(a, b) (float32)",Logic,float32,100000,,0.065087,0.345998,available,,not_measured,managed,0.345998,0.188114,much_slower
"np.allclose(a, b) (float32)",Logic,float32,10000000,,4.6102,16.1942,available,,not_measured,managed,16.1942,0.284682,much_slower
"np.allclose(a, b) (float64)",Logic,float64,1000,,0.012642,0.010363,available,,not_measured,managed,0.010363,1.219917,faster
"np.allclose(a, b) (float64)",Logic,float64,100000,,0.61,0.344945,available,,not_measured,managed,0.344945,1.768398,faster
"np.allclose(a, b) (float64)",Logic,float64,10000000,,9.0543,11.19585,available,,not_measured,managed,11.19585,0.808719,close
np.any(a) (bool),Logic,bool,1000,,0.001373,,not_measured,,not_measured,,,,no_data
np.any(a) (bool),Logic,bool,100000,,0.001334,,not_measured,,not_measured,,,,no_data
np.any(a) (bool),Logic,bool,10000000,,0.001328,,not_measured,,not_measured,,,,no_data
"np.array_equal(a, b) (float16)",Logic,float16,1000,,0.00242,0.00152,available,,not_measured,managed,0.00152,1.592105,faster
"np.array_equal(a, b) (float16)",Logic,float16,100000,,0.08415,0.09267,available,,not_measured,managed,0.09267,0.908061,close
"np.array_equal(a, b) (float16)",Logic,float16,10000000,,9.2708,12.9019,available,,not_measured,managed,12.9019,0.718561,slower
"np.array_equal(a, b) (float32)",Logic,float32,1000,,0.0015,0.000453,available,,not_measured,managed,0.000453,3.311258,negligible
"np.array_equal(a, b) (float32)",Logic,float32,100000,,0.006542,0.004869,available,,not_measured,managed,0.004869,1.343602,faster
"np.array_equal(a, b) (float32)",Logic,float32,10000000,,3.6668,9.08875,available,,not_measured,managed,9.08875,0.403444,slower
"np.array_equal(a, b) (float64)",Logic,float64,1000,,0.001533,0.000302,available,,not_measured,managed,0.000302,5.076159,negligible
"np.array_equal(a, b) (float64)",Logic,float64,100000,,0.01215,0.020945,available,,not_measured,managed,0.020945,0.580091,slower
"np.array_equal(a, b) (float64)",Logic,float64,10000000,,6.3326,16.0988,available,,not_measured,managed,16.0988,0.393359,slower
"np.fmax(a, b) (float16)",Logic,float16,1000,,0.002558,0.00381,available,,not_measured,managed,0.00381,0.671391,slower
"np.fmax(a, b) (float16)",Logic,float16,100000,,0.73915,0.864903,available,,not_measured,managed,0.864903,0.854605,close
"np.fmax(a, b) (float16)",Logic,float16,10000000,,78.8627,87.0893,available,,not_measured,managed,87.0893,0.905538,close
"np.fmax(a, b) (float32)",Logic,float32,1000,,0.000426,0.00117,available,,not_measured,managed,0.00117,0.364103,negligible
"np.fmax(a, b) (float32)",Logic,float32,100000,,0.008051,0.037212,available,,not_measured,managed,0.037212,0.216355,much_slower
"np.fmax(a, b) (float32)",Logic,float32,10000000,,7.8725,12.4489,available,,not_measured,managed,12.4489,0.632385,slower
"np.fmax(a, b) (float64)",Logic,float64,1000,,0.000481,0.001562,available,,not_measured,managed,0.001562,0.307939,negligible
"np.fmax(a, b) (float64)",Logic,float64,100000,,0.023269,0.053596,available,,not_measured,managed,0.053596,0.434156,slower
"np.fmax(a, b) (float64)",Logic,float64,10000000,,15.8235,29.265,available,,not_measured,managed,29.265,0.540697,slower
"np.fmin(a, b) (float16)",Logic,float16,1000,,0.002629,0.00368,available,,not_measured,managed,0.00368,0.714402,slower
"np.fmin(a, b) (float16)",Logic,float16,100000,,0.73205,0.866447,available,,not_measured,managed,0.866447,0.844887,close
"np.fmin(a, b) (float16)",Logic,float16,10000000,,79.0301,80.4308,available,,not_measured,managed,80.4308,0.982585,close
"np.fmin(a, b) (float32)",Logic,float32,1000,,0.000424,0.001205,available,,not_measured,managed,0.001205,0.351867,negligible
"np.fmin(a, b) (float32)",Logic,float32,100000,,0.007873,0.022129,available,,not_measured,managed,0.022129,0.355777,slower
"np.fmin(a, b) (float32)",Logic,float32,10000000,,7.7112,12.7519,available,,not_measured,managed,12.7519,0.60471,slower
"np.fmin(a, b) (float64)",Logic,float64,1000,,0.000484,0.001597,available,,not_measured,managed,0.001597,0.303068,negligible
"np.fmin(a, b) (float64)",Logic,float64,100000,,0.023444,0.06275,available,,not_measured,managed,0.06275,0.37361,slower
"np.fmin(a, b) (float64)",Logic,float64,10000000,,16.187,28.6278,available,,not_measured,managed,28.6278,0.565429,slower
"np.isclose(a, b) (float16)",Logic,float16,1000,,0.027791,0.018509,available,,not_measured,managed,0.018509,1.501486,faster
"np.isclose(a, b) (float16)",Logic,float16,100000,,1.7002,0.834077,available,,not_measured,managed,0.834077,2.038421,faster
"np.isclose(a, b) (float16)",Logic,float16,10000000,,18.9403,14.4769,available,,not_measured,managed,14.4769,1.308312,faster
"np.isclose(a, b) (float32)",Logic,float32,1000,,0.010778,0.013547,available,,not_measured,managed,0.013547,0.795601,slower
"np.isclose(a, b) (float32)",Logic,float32,100000,,0.0634,0.355193,available,,not_measured,managed,0.355193,0.178495,much_slower
"np.isclose(a, b) (float32)",Logic,float32,10000000,,4.5374,13.1691,available,,not_measured,managed,13.1691,0.344549,slower
"np.isclose(a, b) (float64)",Logic,float64,1000,,0.010964,0.009928,available,,not_measured,managed,0.009928,1.104351,faster
"np.isclose(a, b) (float64)",Logic,float64,100000,,0.59295,0.301048,available,,not_measured,managed,0.301048,1.969619,faster
"np.isclose(a, b) (float64)",Logic,float64,10000000,,8.9091,12.90805,available,,not_measured,managed,12.90805,0.690197,slower
np.iscomplex(a) (float16),Logic,float16,1000,,0.000437,0.000284,available,,not_measured,managed,0.000284,1.538732,negligible
np.iscomplex(a) (float16),Logic,float16,100000,,0.001615,0.00369,available,,not_measured,managed,0.00369,0.437669,slower
np.iscomplex(a) (float16),Logic,float16,10000000,,0.007679,0.007902,available,,not_measured,managed,0.007902,0.971779,close
np.iscomplex(a) (float32),Logic,float32,1000,,0.000438,0.000397,available,,not_measured,managed,0.000397,1.103275,negligible
np.iscomplex(a) (float32),Logic,float32,100000,,0.001621,0.002604,available,,not_measured,managed,0.002604,0.622504,slower
np.iscomplex(a) (float32),Logic,float32,10000000,,0.008862,0.01337,available,,not_measured,managed,0.01337,0.662827,slower
np.iscomplex(a) (float64),Logic,float64,1000,,0.000438,0.000268,available,,not_measured,managed,0.000268,1.634328,negligible
np.iscomplex(a) (float64),Logic,float64,100000,,0.001619,0.002851,available,,not_measured,managed,0.002851,0.567871,slower
np.iscomplex(a) (float64),Logic,float64,10000000,,0.007504,0.014766,available,,not_measured,managed,0.014766,0.508195,slower
np.iscomplexobj(a) (float16),Logic,float16,1000,,0.000183,0.0,available,,not_measured,managed,0.0,,no_data
np.iscomplexobj(a) (float16),Logic,float16,100000,,0.000183,0.0,available,,not_measured,managed,0.0,,no_data
np.iscomplexobj(a) (float16),Logic,float16,10000000,,0.000182,0.0,available,,not_measured,managed,0.0,,no_data
np.iscomplexobj(a) (float32),Logic,float32,1000,,0.000187,0.0,available,,not_measured,managed,0.0,,no_data
np.iscomplexobj(a) (float32),Logic,float32,100000,,0.000182,0.0,available,,not_measured,managed,0.0,,no_data
np.iscomplexobj(a) (float32),Logic,float32,10000000,,0.000183,0.0,available,,not_measured,managed,0.0,,no_data
np.iscomplexobj(a) (float64),Logic,float64,1000,,0.000183,0.0,available,,not_measured,managed,0.0,,no_data
np.iscomplexobj(a) (float64),Logic,float64,100000,,0.000183,0.0,available,,not_measured,managed,0.0,,no_data
np.iscomplexobj(a) (float64),Logic,float64,10000000,,0.000184,0.0,available,,not_measured,managed,0.0,,no_data
np.isfinite(a) (float16),Logic,float16,1000,,0.0008,0.000837,available,,not_measured,managed,0.000837,0.955795,negligible
np.isfinite(a) (float16),Logic,float16,100000,,0.047076,0.039679,available,,not_measured,managed,0.039679,1.186421,faster
np.isfinite(a) (float16),Logic,float16,10000000,,5.6125,3.93045,available,,not_measured,managed,3.93045,1.427954,faster
np.isfinite(a) (float32),Logic,float32,1000,,0.000375,0.000695,available,,not_measured,managed,0.000695,0.539568,negligible
np.isfinite(a) (float32),Logic,float32,100000,,0.005009,0.007334,available,,not_measured,managed,0.007334,0.682983,slower
np.isfinite(a) (float32),Logic,float32,10000000,,2.8443,4.701175,available,,not_measured,managed,4.701175,0.605019,slower
np.isfinite(a) (float64),Logic,float64,1000,,0.000415,0.000779,available,,not_measured,managed,0.000779,0.532734,negligible
np.isfinite(a) (float64),Logic,float64,100000,,0.009566,0.018559,available,,not_measured,managed,0.018559,0.515437,slower
np.isfinite(a) (float64),Logic,float64,10000000,,4.7206,6.05615,available,,not_measured,managed,6.05615,0.779472,slower
np.isfortran(a) (float16),Logic,float16,1000,,0.000107,0.0,available,,not_measured,managed,0.0,,no_data
np.isfortran(a) (float16),Logic,float16,100000,,0.000106,0.0,available,,not_measured,managed,0.0,,no_data
np.isfortran(a) (float16),Logic,float16,10000000,,0.000107,0.0,available,,not_measured,managed,0.0,,no_data
np.isfortran(a) (float32),Logic,float32,1000,,0.000107,0.0,available,,not_measured,managed,0.0,,no_data
np.isfortran(a) (float32),Logic,float32,100000,,0.000106,0.0,available,,not_measured,managed,0.0,,no_data
np.isfortran(a) (float32),Logic,float32,10000000,,0.000106,0.0,available,,not_measured,managed,0.0,,no_data
np.isfortran(a) (float64),Logic,float64,1000,,0.000107,0.0,available,,not_measured,managed,0.0,,no_data
np.isfortran(a) (float64),Logic,float64,100000,,0.000106,0.0,available,,not_measured,managed,0.0,,no_data
np.isfortran(a) (float64),Logic,float64,10000000,,0.000107,0.0,available,,not_measured,managed,0.0,,no_data
np.isinf(a) (float16),Logic,float16,1000,,0.000833,0.000984,available,,not_measured,managed,0.000984,0.846545,negligible
np.isinf(a) (float16),Logic,float16,100000,,0.04937,0.041966,available,,not_measured,managed,0.041966,1.176429,faster
np.isinf(a) (float16),Logic,float16,10000000,,5.8656,5.3269,available,,not_measured,managed,5.3269,1.101128,faster
np.isinf(a) (float32),Logic,float32,1000,,0.000377,0.000707,available,,not_measured,managed,0.000707,0.533239,negligible
np.isinf(a) (float32),Logic,float32,100000,,0.005197,0.006784,available,,not_measured,managed,0.006784,0.766067,slower
np.isinf(a) (float32),Logic,float32,10000000,,2.999,4.82515,available,,not_measured,managed,4.82515,0.621535,slower
np.isinf(a) (float64),Logic,float64,1000,,0.000413,0.000742,available,,not_measured,managed,0.000742,0.556604,negligible
np.isinf(a) (float64),Logic,float64,100000,,0.009866,0.017947,available,,not_measured,managed,0.017947,0.54973,slower
np.isinf(a) (float64),Logic,float64,10000000,,4.898,9.48455,available,,not_measured,managed,9.48455,0.516419,slower
np.isnan(a) (float16),Logic,float16,1000,,0.001013,0.001129,available,,not_measured,managed,0.001129,0.897254,close
np.isnan(a) (float16),Logic,float16,100000,,0.0673,0.054169,available,,not_measured,managed,0.054169,1.242408,faster
np.isnan(a) (float16),Logic,float16,10000000,,7.6203,5.0918,available,,not_measured,managed,5.0918,1.496583,faster
np.isnan(a) (float32),Logic,float32,1000,,0.000365,0.000677,available,,not_measured,managed,0.000677,0.539143,negligible
np.isnan(a) (float32),Logic,float32,100000,,0.003973,0.005766,available,,not_measured,managed,0.005766,0.689039,slower
np.isnan(a) (float32),Logic,float32,10000000,,2.7015,4.429125,available,,not_measured,managed,4.429125,0.60994,slower
np.isnan(a) (float64),Logic,float64,1000,,0.000408,0.000757,available,,not_measured,managed,0.000757,0.53897,negligible
np.isnan(a) (float64),Logic,float64,100000,,0.008413,0.015036,available,,not_measured,managed,0.015036,0.559524,slower
np.isnan(a) (float64),Logic,float64,10000000,,4.5899,9.53205,available,,not_measured,managed,9.53205,0.481523,slower
np.isreal(a) (float16),Logic,float16,1000,,0.001833,0.000337,available,,not_measured,managed,0.000337,5.439169,negligible
np.isreal(a) (float16),Logic,float16,100000,,0.076293,0.002415,available,,not_measured,managed,0.002415,31.591304,negligible
np.isreal(a) (float16),Logic,float16,10000000,,10.7893,0.362337,available,,not_measured,managed,0.362337,29.776976,negligible
np.isreal(a) (float32),Logic,float32,1000,,0.001119,0.000346,available,,not_measured,managed,0.000346,3.234104,negligible
np.isreal(a) (float32),Logic,float32,100000,,0.008946,0.002567,available,,not_measured,managed,0.002567,3.485002,faster
np.isreal(a) (float32),Logic,float32,10000000,,7.4134,0.366273,available,,not_measured,managed,0.366273,20.240094,negligible
np.isreal(a) (float64),Logic,float64,1000,,0.001147,0.000328,available,,not_measured,managed,0.000328,3.496951,negligible
np.isreal(a) (float64),Logic,float64,100000,,0.016126,0.002565,available,,not_measured,managed,0.002565,6.28694,faster
np.isreal(a) (float64),Logic,float64,10000000,,13.6135,0.252047,available,,not_measured,managed,0.252047,54.011752,negligible
np.isrealobj(a) (float16),Logic,float16,1000,,0.000278,0.0,available,,not_measured,managed,0.0,,no_data
np.isrealobj(a) (float16),Logic,float16,100000,,0.000264,0.0,available,,not_measured,managed,0.0,,no_data
np.isrealobj(a) (float16),Logic,float16,10000000,,0.000258,0.0,available,,not_measured,managed,0.0,,no_data
np.isrealobj(a) (float32),Logic,float32,1000,,0.000277,0.0,available,,not_measured,managed,0.0,,no_data
np.isrealobj(a) (float32),Logic,float32,100000,,0.000261,0.0,available,,not_measured,managed,0.0,,no_data
np.isrealobj(a) (float32),Logic,float32,10000000,,0.000279,0.0,available,,not_measured,managed,0.0,,no_data
np.isrealobj(a) (float64),Logic,float64,1000,,0.000277,0.0,available,,not_measured,managed,0.0,,no_data
np.isrealobj(a) (float64),Logic,float64,100000,,0.000277,0.0,available,,not_measured,managed,0.0,,no_data
np.isrealobj(a) (float64),Logic,float64,10000000,,0.00026,0.0,available,,not_measured,managed,0.0,,no_data
np.isscalar(a) (float16),Logic,float16,1000,,0.000476,1e-06,available,,not_measured,managed,1e-06,476.0,negligible
np.isscalar(a) (float16),Logic,float16,100000,,0.000468,1e-06,available,,not_measured,managed,1e-06,468.0,negligible
np.isscalar(a) (float16),Logic,float16,10000000,,0.000476,1e-06,available,,not_measured,managed,1e-06,476.0,negligible
np.isscalar(a) (float32),Logic,float32,1000,,0.000471,1e-06,available,,not_measured,managed,1e-06,471.0,negligible
np.isscalar(a) (float32),Logic,float32,100000,,0.000466,0.0,available,,not_measured,managed,0.0,,no_data
np.isscalar(a) (float32),Logic,float32,10000000,,0.00047,0.0,available,,not_measured,managed,0.0,,no_data
np.isscalar(a) (float64),Logic,float64,1000,,0.00048,0.0,available,,not_measured,managed,0.0,,no_data
np.isscalar(a) (float64),Logic,float64,100000,,0.000473,1e-06,available,,not_measured,managed,1e-06,473.0,negligible
np.isscalar(a) (float64),Logic,float64,10000000,,0.000474,0.0,available,,not_measured,managed,0.0,,no_data
"np.logical_and(a, b) (bool)",Logic,bool,1000,,0.000354,,not_measured,,not_measured,,,,no_data
"np.logical_and(a, b) (bool)",Logic,bool,100000,,0.002669,,not_measured,,not_measured,,,,no_data
"np.logical_and(a, b) (bool)",Logic,bool,10000000,,1.756,,not_measured,,not_measured,,,,no_data
np.logical_not(a) (bool),Logic,bool,1000,,0.000325,,not_measured,,not_measured,,,,no_data
np.logical_not(a) (bool),Logic,bool,100000,,0.0022,,not_measured,,not_measured,,,,no_data
np.logical_not(a) (bool),Logic,bool,10000000,,1.5961,,not_measured,,not_measured,,,,no_data
"np.logical_or(a, b) (bool)",Logic,bool,1000,,0.000349,,not_measured,,not_measured,,,,no_data
"np.logical_or(a, b) (bool)",Logic,bool,100000,,0.002655,,not_measured,,not_measured,,,,no_data
"np.logical_or(a, b) (bool)",Logic,bool,10000000,,1.6965,,not_measured,,not_measured,,,,no_data
"np.logical_xor(a, b) (bool)",Logic,bool,1000,,0.000354,,not_measured,,not_measured,,,,no_data
"np.logical_xor(a, b) (bool)",Logic,bool,100000,,0.002759,,not_measured,,not_measured,,,,no_data
"np.logical_xor(a, b) (bool)",Logic,bool,10000000,,1.7318,,not_measured,,not_measured,,,,no_data
"np.maximum(a, b) (float16)",Logic,float16,1000,,0.002703,0.003088,available,,not_measured,managed,0.003088,0.875324,close
"np.maximum(a, b) (float16)",Logic,float16,100000,,0.7531,0.828458,available,,not_measured,managed,0.828458,0.909038,close
"np.maximum(a, b) (float16)",Logic,float16,10000000,,80.054,83.1281,available,,not_measured,managed,83.1281,0.96302,close
"np.maximum(a, b) (float32)",Logic,float32,1000,,0.000427,0.001037,available,,not_measured,managed,0.001037,0.411765,negligible
"np.maximum(a, b) (float32)",Logic,float32,100000,,0.007793,0.014788,available,,not_measured,managed,0.014788,0.526981,slower
"np.maximum(a, b) (float32)",Logic,float32,10000000,,7.6029,11.82695,available,,not_measured,managed,11.82695,0.642845,slower
"np.maximum(a, b) (float64)",Logic,float64,1000,,0.000489,0.001403,available,,not_measured,managed,0.001403,0.348539,negligible
"np.maximum(a, b) (float64)",Logic,float64,100000,,0.023274,0.058824,available,,not_measured,managed,0.058824,0.395655,slower
"np.maximum(a, b) (float64)",Logic,float64,10000000,,15.8428,29.1653,available,,not_measured,managed,29.1653,0.543207,slower
"np.minimum(a, b) (float16)",Logic,float16,1000,,0.002899,0.002936,available,,not_measured,managed,0.002936,0.987398,close
"np.minimum(a, b) (float16)",Logic,float16,100000,,0.7408,0.921503,available,,not_measured,managed,0.921503,0.803904,close
"np.minimum(a, b) (float16)",Logic,float16,10000000,,80.0472,92.3156,available,,not_measured,managed,92.3156,0.867104,close
"np.minimum(a, b) (float32)",Logic,float32,1000,,0.000424,0.001039,available,,not_measured,managed,0.001039,0.408085,negligible
"np.minimum(a, b) (float32)",Logic,float32,100000,,0.007828,0.019674,available,,not_measured,managed,0.019674,0.397886,slower
"np.minimum(a, b) (float32)",Logic,float32,10000000,,7.851,9.8702,available,,not_measured,managed,9.8702,0.795425,slower
"np.minimum(a, b) (float64)",Logic,float64,1000,,0.000475,0.001368,available,,not_measured,managed,0.001368,0.347222,negligible
"np.minimum(a, b) (float64)",Logic,float64,100000,,0.023377,0.054243,available,,not_measured,managed,0.054243,0.430968,slower
"np.minimum(a, b) (float64)",Logic,float64,10000000,,16.4547,29.2314,available,,not_measured,managed,29.2314,0.562912,slower
a.T (transpose 2D),Manipulation,float64,1000,,8.6e-05,0.000226,available,,not_measured,managed,0.000226,0.380531,negligible
a.T (transpose 2D),Manipulation,float64,100000,,8.7e-05,0.000254,available,,not_measured,managed,0.000254,0.34252,negligible
a.T (transpose 2D),Manipulation,float64,10000000,,8.7e-05,0.000152,available,,not_measured,managed,0.000152,0.572368,negligible
a.flatten,Manipulation,float64,1000,,0.000444,0.001081,available,,not_measured,managed,0.001081,0.410731,negligible
a.flatten,Manipulation,float64,100000,,0.011659,0.026888,available,,not_measured,managed,0.026888,0.433614,slower
a.flatten,Manipulation,float64,10000000,,11.9951,12.17905,available,,not_measured,managed,12.17905,0.984896,close
a.ravel() (view),Manipulation,float64,1000,,8.3e-05,0.000492,available,,not_measured,managed,0.000492,0.168699,negligible
a.ravel() (view),Manipulation,float64,100000,,8.6e-05,0.000338,available,,not_measured,managed,0.000338,0.254438,negligible
a.ravel() (view),Manipulation,float64,10000000,,8.3e-05,0.00051,available,,not_measured,managed,0.00051,0.162745,negligible
"np.append(a, b) (float64)",Manipulation,float64,1000,,0.001429,0.001286,available,,not_measured,managed,0.001286,1.111198,faster
"np.append(a, b) (float64)",Manipulation,float64,100000,,0.29995,0.114881,available,,not_measured,managed,0.114881,2.610963,faster
"np.append(a, b) (float64)",Manipulation,float64,10000000,,1.9366,1.835723,available,,not_measured,managed,1.835723,1.054952,faster
"np.array_split(a, sections) (float64)",Manipulation,float64,1000,,0.006325,0.001022,available,,not_measured,managed,0.001022,6.188845,faster
"np.array_split(a, sections) (float64)",Manipulation,float64,100000,,0.006311,0.001331,available,,not_measured,managed,0.001331,4.741548,faster
"np.array_split(a, sections) (float64)",Manipulation,float64,10000000,,0.00625,0.001318,available,,not_measured,managed,0.001318,4.742033,faster
np.atleast_1d(a) (float64),Manipulation,float64,1000,,0.000202,1e-06,available,,not_measured,managed,1e-06,202.0,negligible
np.atleast_1d(a) (float64),Manipulation,float64,100000,,0.000195,1e-06,available,,not_measured,managed,1e-06,195.0,negligible
np.atleast_1d(a) (float64),Manipulation,float64,10000000,,0.000194,0.0,available,,not_measured,managed,0.0,,no_data
np.atleast_2d(a) (float64),Manipulation,float64,1000,,0.000408,0.000206,available,,not_measured,managed,0.000206,1.980583,negligible
np.atleast_2d(a) (float64),Manipulation,float64,100000,,0.000406,0.000252,available,,not_measured,managed,0.000252,1.611111,negligible
np.atleast_2d(a) (float64),Manipulation,float64,10000000,,0.000407,0.000185,available,,not_measured,managed,0.000185,2.2,negligible
np.atleast_3d(a) (float64),Manipulation,float64,1000,,0.000424,0.000496,available,,not_measured,managed,0.000496,0.854839,negligible
np.atleast_3d(a) (float64),Manipulation,float64,100000,,0.000424,0.000527,available,,not_measured,managed,0.000527,0.804554,negligible
np.atleast_3d(a) (float64),Manipulation,float64,10000000,,0.000423,0.000382,available,,not_measured,managed,0.000382,1.10733,negligible
"np.block([a, b]) (float64)",Manipulation,float64,1000,,0.00307,0.00148,available,,not_measured,managed,0.00148,2.074324,faster
"np.block([a, b]) (float64)",Manipulation,float64,100000,,0.3031,0.109893,available,,not_measured,managed,0.109893,2.758137,faster
"np.block([a, b]) (float64)",Manipulation,float64,10000000,,1.9852,1.344,available,,not_measured,managed,1.344,1.477083,faster
"np.broadcast_arrays(a, b) (float64)",Manipulation,float64,1000,,0.003024,0.000561,available,,not_measured,managed,0.000561,5.390374,negligible
"np.broadcast_arrays(a, b) (float64)",Manipulation,float64,100000,,0.003073,0.000583,available,,not_measured,managed,0.000583,5.271012,negligible
"np.broadcast_arrays(a, b) (float64)",Manipulation,float64,10000000,,0.003025,0.000605,available,,not_measured,managed,0.000605,5.0,negligible
np.byteswap,Manipulation,float64,1000,,0.000696,0.000677,available,,not_measured,managed,0.000677,1.028065,negligible
np.byteswap,Manipulation,float64,100000,,0.034258,0.044095,available,,not_measured,managed,0.044095,0.776913,slower
np.byteswap,Manipulation,float64,10000000,,17.5977,10.44585,available,,not_measured,managed,10.44585,1.684659,faster
np.c_,Manipulation,float64,1000,,0.00419,0.00412,available,,not_measured,managed,0.00412,1.01699,close
np.c_,Manipulation,float64,100000,,0.286325,0.161875,available,,not_measured,managed,0.161875,1.768803,faster
np.c_,Manipulation,float64,10000000,,35.8398,35.3245,available,,not_measured,managed,35.3245,1.014588,close
"np.column_stack((a, b)) (float64)",Manipulation,float64,1000,,0.002022,0.003308,available,,not_measured,managed,0.003308,0.611245,slower
"np.column_stack((a, b)) (float64)",Manipulation,float64,100000,,0.294733,0.134288,available,,not_measured,managed,0.134288,2.194783,faster
"np.column_stack((a, b)) (float64)",Manipulation,float64,10000000,,3.3276,2.908375,available,,not_measured,managed,2.908375,1.144144,faster
"np.concat((a, b)) (float64)",Manipulation,float64,1000,,0.000816,0.001711,available,,not_measured,managed,0.001711,0.476914,negligible
"np.concat((a, b)) (float64)",Manipulation,float64,100000,,0.3012,0.116816,available,,not_measured,managed,0.116816,2.578414,faster
"np.concat((a, b)) (float64)",Manipulation,float64,10000000,,1.997,1.268906,available,,not_measured,managed,1.268906,1.573797,faster
"np.concatenate([a, b, c]) (float64)",Manipulation,float64,1000,,0.00116,0.001791,available,,not_measured,managed,0.001791,0.647683,slower
"np.concatenate([a, b, c]) (float64)",Manipulation,float64,100000,,0.56175,0.189365,available,,not_measured,managed,0.189365,2.966493,faster
"np.concatenate([a, b, c]) (float64)",Manipulation,float64,10000000,,2.9635,3.113275,available,,not_measured,managed,3.113275,0.951891,close
"np.concatenate([a, b]) (float64)",Manipulation,float64,1000,,0.000819,0.001462,available,,not_measured,managed,0.001462,0.560192,negligible
"np.concatenate([a, b]) (float64)",Manipulation,float64,100000,,0.39225,0.099844,available,,not_measured,managed,0.099844,3.928629,faster
"np.concatenate([a, b]) (float64)",Manipulation,float64,10000000,,1.9868,1.375283,available,,not_measured,managed,1.375283,1.444648,faster
"np.concatenate([a, b], axis=0) (float64)",Manipulation,float64,1000,,0.000902,0.002148,available,,not_measured,managed,0.002148,0.419926,negligible
"np.concatenate([a, b], axis=0) (float64)",Manipulation,float64,100000,,0.3703,0.098862,available,,not_measured,managed,0.098862,3.745625,faster
"np.concatenate([a, b], axis=0) (float64)",Manipulation,float64,10000000,,1.9676,1.37965,available,,not_measured,managed,1.37965,1.426159,faster
"np.concatenate([a, b], axis=1) (float64)",Manipulation,float64,1000,,0.00111,0.001888,available,,not_measured,managed,0.001888,0.587924,slower
"np.concatenate([a, b], axis=1) (float64)",Manipulation,float64,100000,,0.36605,0.094475,available,,not_measured,managed,0.094475,3.87457,faster
"np.concatenate([a, b], axis=1) (float64)",Manipulation,float64,10000000,,4.5208,1.544013,available,,not_measured,managed,1.544013,2.927955,faster
"np.delete(a, index) (float64)",Manipulation,float64,1000,,0.001899,0.001767,available,,not_measured,managed,0.001767,1.074703,faster
"np.delete(a, index) (float64)",Manipulation,float64,100000,,0.012872,0.041978,available,,not_measured,managed,0.041978,0.306637,much_slower
"np.delete(a, index) (float64)",Manipulation,float64,10000000,,0.9777,0.448663,available,,not_measured,managed,0.448663,2.179141,faster
np.diag,Manipulation,float64,1000,,0.000729,0.000938,available,,not_measured,managed,0.000938,0.777186,negligible
np.diag,Manipulation,float64,100000,,0.000771,0.069989,available,,not_measured,managed,0.069989,0.011016,negligible
np.diag,Manipulation,float64,10000000,,0.000745,3.645786,available,,not_measured,managed,3.645786,0.000204,negligible
np.diagflat,Manipulation,float64,1000,,0.002704,0.001003,available,,not_measured,managed,0.001003,2.695912,faster
np.diagflat,Manipulation,float64,100000,,0.013462,0.072071,available,,not_measured,managed,0.072071,0.186788,much_slower
np.diagflat,Manipulation,float64,10000000,,2.5965,2.444367,available,,not_measured,managed,2.444367,1.062238,faster
"np.dsplit(a, sections) (float64)",Manipulation,float64,1000,,0.008905,0.001967,available,,not_measured,managed,0.001967,4.527199,faster
"np.dsplit(a, sections) (float64)",Manipulation,float64,100000,,0.009108,0.001929,available,,not_measured,managed,0.001929,4.721617,faster
"np.dsplit(a, sections) (float64)",Manipulation,float64,10000000,,0.008758,0.001543,available,,not_measured,managed,0.001543,5.675956,faster
"np.dstack([a, b]) (float64)",Manipulation,float64,1000,,0.002369,0.002326,available,,not_measured,managed,0.002326,1.018487,close
"np.dstack([a, b]) (float64)",Manipulation,float64,100000,,0.3752,0.186885,available,,not_measured,managed,0.186885,2.007652,faster
"np.dstack([a, b]) (float64)",Manipulation,float64,10000000,,3.4195,1.540375,available,,not_measured,managed,1.540375,2.219914,faster
"np.expand_dims(a, axis=-1) (float64)",Manipulation,float64,1000,,0.001193,0.000194,available,,not_measured,managed,0.000194,6.149485,negligible
"np.expand_dims(a, axis=-1) (float64)",Manipulation,float64,100000,,0.001255,0.000203,available,,not_measured,managed,0.000203,6.182266,negligible
"np.expand_dims(a, axis=-1) (float64)",Manipulation,float64,10000000,,0.001136,0.000254,available,,not_measured,managed,0.000254,4.472441,negligible
"np.expand_dims(a, axis=0) (float64)",Manipulation,float64,1000,,0.001171,0.000213,available,,not_measured,managed,0.000213,5.497653,negligible
"np.expand_dims(a, axis=0) (float64)",Manipulation,float64,100000,,0.001184,0.000346,available,,not_measured,managed,0.000346,3.421965,negligible
"np.expand_dims(a, axis=0) (float64)",Manipulation,float64,10000000,,0.001127,0.000331,available,,not_measured,managed,0.000331,3.404834,negligible
"np.expand_dims(a2D, axis=1) (float64)",Manipulation,float64,1000,,0.001224,0.000254,available,,not_measured,managed,0.000254,4.818898,negligible
"np.expand_dims(a2D, axis=1) (float64)",Manipulation,float64,100000,,0.001325,0.0002,available,,not_measured,managed,0.0002,6.625,negligible
"np.expand_dims(a2D, axis=1) (float64)",Manipulation,float64,10000000,,0.00119,0.000289,available,,not_measured,managed,0.000289,4.117647,negligible
np.fill_diagonal,Manipulation,float64,1000,,0.000767,0.000378,available,,not_measured,managed,0.000378,2.029101,negligible
np.fill_diagonal,Manipulation,float64,100000,,0.002396,0.000495,available,,not_measured,managed,0.000495,4.840404,negligible
np.fill_diagonal,Manipulation,float64,10000000,,0.017563,0.010327,available,,not_measured,managed,0.010327,1.700688,faster
np.flip,Manipulation,float64,1000,,0.000383,0.000237,available,,not_measured,managed,0.000237,1.616034,negligible
np.flip,Manipulation,float64,100000,,0.000395,0.000156,available,,not_measured,managed,0.000156,2.532051,negligible
np.flip,Manipulation,float64,10000000,,0.000379,0.000198,available,,not_measured,managed,0.000198,1.914141,negligible
np.fliplr,Manipulation,float64,1000,,0.000314,0.000145,available,,not_measured,managed,0.000145,2.165517,negligible
np.fliplr,Manipulation,float64,100000,,0.000337,0.000139,available,,not_measured,managed,0.000139,2.42446,negligible
np.fliplr,Manipulation,float64,10000000,,0.000314,0.000252,available,,not_measured,managed,0.000252,1.246032,negligible
np.flipud,Manipulation,float64,1000,,0.000284,0.000187,available,,not_measured,managed,0.000187,1.518717,negligible
np.flipud,Manipulation,float64,100000,,0.00029,0.000179,available,,not_measured,managed,0.000179,1.620112,negligible
np.flipud,Manipulation,float64,10000000,,0.000282,0.000153,available,,not_measured,managed,0.000153,1.843137,negligible
"np.hsplit(a, sections) (float64)",Manipulation,float64,1000,,0.00886,0.002038,available,,not_measured,managed,0.002038,4.347399,faster
"np.hsplit(a, sections) (float64)",Manipulation,float64,100000,,0.00901,0.001914,available,,not_measured,managed,0.001914,4.707419,faster
"np.hsplit(a, sections) (float64)",Manipulation,float64,10000000,,0.009046,0.001609,available,,not_measured,managed,0.001609,5.622126,faster
"np.hstack([a, b]) (float64)",Manipulation,float64,1000,,0.001546,0.002208,available,,not_measured,managed,0.002208,0.700181,slower
"np.hstack([a, b]) (float64)",Manipulation,float64,100000,,0.3944,0.076868,available,,not_measured,managed,0.076868,5.130874,faster
"np.hstack([a, b]) (float64)",Manipulation,float64,10000000,,1.9915,1.050456,available,,not_measured,managed,1.050456,1.895843,faster
"np.insert(a, index, value) (float64)",Manipulation,float64,1000,,0.004894,0.003803,available,,not_measured,managed,0.003803,1.286879,faster
"np.insert(a, index, value) (float64)",Manipulation,float64,100000,,0.016239,0.031436,available,,not_measured,managed,0.031436,0.516573,slower
"np.insert(a, index, value) (float64)",Manipulation,float64,10000000,,0.9809,0.46041,available,,not_measured,managed,0.46041,2.130492,faster
"np.intersect1d(a, b) (int32)",Manipulation,int32,1000,,0.038429,0.043167,available,,not_measured,managed,0.043167,0.89024,close
"np.intersect1d(a, b) (int32)",Manipulation,int32,100000,,7.7529,9.63575,available,,not_measured,managed,9.63575,0.804597,close
"np.intersect1d(a, b) (int32)",Manipulation,int32,10000000,,129.0121,45.9168,available,,not_measured,managed,45.9168,2.809693,faster
"np.isin(a, b) (int32)",Manipulation,int32,1000,,0.016164,0.01434,available,,not_measured,managed,0.01434,1.127197,faster
"np.isin(a, b) (int32)",Manipulation,int32,100000,,0.406033,0.97335,available,,not_measured,managed,0.97335,0.41715,slower
"np.isin(a, b) (int32)",Manipulation,int32,10000000,,6.5877,7.0406,available,,not_measured,managed,7.0406,0.935673,close
np.ix_,Manipulation,float64,1000,,0.001683,0.001212,available,,not_measured,managed,0.001212,1.388614,faster
np.ix_,Manipulation,float64,100000,,0.001699,0.000624,available,,not_measured,managed,0.000624,2.722756,negligible
np.ix_,Manipulation,float64,10000000,,0.001643,0.000607,available,,not_measured,managed,0.000607,2.706755,negligible
np.matrix_transpose,Manipulation,float64,1000,,0.000543,0.000248,available,,not_measured,managed,0.000248,2.189516,negligible
np.matrix_transpose,Manipulation,float64,100000,,0.000566,0.000233,available,,not_measured,managed,0.000233,2.429185,negligible
np.matrix_transpose,Manipulation,float64,10000000,,0.000542,0.000342,available,,not_measured,managed,0.000342,1.584795,negligible
"np.moveaxis(a, 0, -1) (float64)",Manipulation,float64,1000,,0.001965,0.000932,available,,not_measured,managed,0.000932,2.108369,negligible
"np.moveaxis(a, 0, -1) (float64)",Manipulation,float64,100000,,0.002001,0.000732,available,,not_measured,managed,0.000732,2.733607,negligible
"np.moveaxis(a, 0, -1) (float64)",Manipulation,float64,10000000,,0.001956,0.000937,available,,not_measured,managed,0.000937,2.087513,negligible
"np.pad(a, width) (float64)",Manipulation,float64,1000,,0.00776,0.00675,available,,not_measured,managed,0.00675,1.14963,faster
"np.pad(a, width) (float64)",Manipulation,float64,100000,,0.019174,0.030617,available,,not_measured,managed,0.030617,0.626253,slower
"np.pad(a, width) (float64)",Manipulation,float64,10000000,,1.0086,0.410083,available,,not_measured,managed,0.410083,2.459502,faster
np.permute_dims,Manipulation,float64,1000,,0.000332,0.000231,available,,not_measured,managed,0.000231,1.437229,negligible
np.permute_dims,Manipulation,float64,100000,,0.000339,0.000233,available,,not_measured,managed,0.000233,1.454936,negligible
np.permute_dims,Manipulation,float64,10000000,,0.00033,0.00021,available,,not_measured,managed,0.00021,1.571429,negligible
np.r_,Manipulation,float64,1000,,0.002736,0.001372,available,,not_measured,managed,0.001372,1.994169,faster
np.r_,Manipulation,float64,100000,,0.3027,0.0936,available,,not_measured,managed,0.0936,3.233974,faster
np.r_,Manipulation,float64,10000000,,24.5519,22.8472,available,,not_measured,managed,22.8472,1.074613,faster
np.r_(0:1:Nj),Manipulation,float64,1000,,0.005602,0.004001,available,,not_measured,managed,0.004001,1.40015,faster
np.r_(0:1:Nj),Manipulation,float64,100000,,0.317933,0.079553,available,,not_measured,managed,0.079553,3.996493,faster
np.r_(0:1:Nj),Manipulation,float64,10000000,,32.3361,34.1003,available,,not_measured,managed,34.1003,0.948264,close
np.r_(0:N),Manipulation,float64,1000,,0.00206,0.002091,available,,not_measured,managed,0.002091,0.985175,close
np.r_(0:N),Manipulation,float64,100000,,0.2899,0.04711,available,,not_measured,managed,0.04711,6.153683,faster
np.r_(0:N),Manipulation,float64,10000000,,24.0623,30.7386,available,,not_measured,managed,30.7386,0.782804,slower
"np.r_(a, 0, 0, b)",Manipulation,float64,1000,,0.004073,0.004209,available,,not_measured,managed,0.004209,0.967688,close
"np.r_(a, 0, 0, b)",Manipulation,float64,100000,,0.298675,0.100675,available,,not_measured,managed,0.100675,2.966725,faster
"np.r_(a, 0, 0, b)",Manipulation,float64,10000000,,24.7029,22.32,available,,not_measured,managed,22.32,1.106761,faster
np.ravel,Manipulation,float64,1000,,0.000305,0.000518,available,,not_measured,managed,0.000518,0.588803,negligible
np.ravel,Manipulation,float64,100000,,0.000317,0.000536,available,,not_measured,managed,0.000536,0.591418,negligible
np.ravel,Manipulation,float64,10000000,,0.000298,0.000521,available,,not_measured,managed,0.000521,0.571977,negligible
"np.repeat(a, repeats) (float64)",Manipulation,float64,1000,,0.002602,0.002375,available,,not_measured,managed,0.002375,1.095579,faster
"np.repeat(a, repeats) (float64)",Manipulation,float64,100000,,0.354833,0.35911,available,,not_measured,managed,0.35911,0.98809,close
"np.repeat(a, repeats) (float64)",Manipulation,float64,10000000,,3.4523,2.72955,available,,not_measured,managed,2.72955,1.264787,faster
"np.reshape(a, shape)",Manipulation,float64,1000,,0.000556,0.000315,available,,not_measured,managed,0.000315,1.765079,negligible
"np.reshape(a, shape)",Manipulation,float64,100000,,0.000544,0.000329,available,,not_measured,managed,0.000329,1.653495,negligible
"np.reshape(a, shape)",Manipulation,float64,10000000,,0.000547,0.000395,available,,not_measured,managed,0.000395,1.38481,negligible
"np.resize(a, shape) (float64)",Manipulation,float64,1000,,0.00217,0.001976,available,,not_measured,managed,0.001976,1.098178,faster
"np.resize(a, shape) (float64)",Manipulation,float64,100000,,0.295267,0.083555,available,,not_measured,managed,0.083555,3.533804,faster
"np.resize(a, shape) (float64)",Manipulation,float64,10000000,,1.9497,1.25105,available,,not_measured,managed,1.25105,1.558451,faster
"np.roll(a, shift) (float64)",Manipulation,float64,1000,,0.00421,0.002833,available,,not_measured,managed,0.002833,1.486057,faster
"np.roll(a, shift) (float64)",Manipulation,float64,100000,,0.015767,0.029653,available,,not_measured,managed,0.029653,0.531717,slower
"np.roll(a, shift) (float64)",Manipulation,float64,10000000,,0.995,0.611805,available,,not_measured,managed,0.611805,1.626335,faster
"np.rollaxis(a, 2) (float64)",Manipulation,float64,1000,,0.000571,0.000343,available,,not_measured,managed,0.000343,1.664723,negligible
"np.rollaxis(a, 2) (float64)",Manipulation,float64,100000,,0.000592,0.000218,available,,not_measured,managed,0.000218,2.715596,negligible
"np.rollaxis(a, 2) (float64)",Manipulation,float64,10000000,,0.000553,0.00025,available,,not_measured,managed,0.00025,2.212,negligible
np.rot90,Manipulation,float64,1000,,0.003073,0.00049,available,,not_measured,managed,0.00049,6.271429,negligible
np.rot90,Manipulation,float64,100000,,0.003229,0.000407,available,,not_measured,managed,0.000407,7.933661,negligible
np.rot90,Manipulation,float64,10000000,,0.002903,0.000534,available,,not_measured,managed,0.000534,5.43633,negligible
"np.setdiff1d(a, b) (int32)",Manipulation,int32,1000,,0.049293,0.028375,available,,not_measured,managed,0.028375,1.737198,faster
"np.setdiff1d(a, b) (int32)",Manipulation,int32,100000,,6.9558,7.31485,available,,not_measured,managed,7.31485,0.950915,close
"np.setdiff1d(a, b) (int32)",Manipulation,int32,10000000,,126.3928,30.1996,available,,not_measured,managed,30.1996,4.185247,faster
"np.setxor1d(a, b) (int32)",Manipulation,int32,1000,,0.039428,0.050165,available,,not_measured,managed,0.050165,0.785966,slower
"np.setxor1d(a, b) (int32)",Manipulation,int32,100000,,7.1335,9.669,available,,not_measured,managed,9.669,0.73777,slower
"np.setxor1d(a, b) (int32)",Manipulation,int32,10000000,,125.6565,40.1791,available,,not_measured,managed,40.1791,3.12741,faster
np.size(a) (float64),Manipulation,float64,1000,,0.000181,0.0,available,,not_measured,managed,0.0,,no_data
np.size(a) (float64),Manipulation,float64,100000,,0.000179,0.0,available,,not_measured,managed,0.0,,no_data
np.size(a) (float64),Manipulation,float64,10000000,,0.000177,0.0,available,,not_measured,managed,0.0,,no_data
"np.split(a, sections) (float64)",Manipulation,float64,1000,,0.008635,0.001272,available,,not_measured,managed,0.001272,6.788522,faster
"np.split(a, sections) (float64)",Manipulation,float64,100000,,0.00872,0.001448,available,,not_measured,managed,0.001448,6.022099,faster
"np.split(a, sections) (float64)",Manipulation,float64,10000000,,0.008373,0.001451,available,,not_measured,managed,0.001451,5.770503,faster
np.squeeze(a) (float64),Manipulation,float64,1000,,0.000287,0.00015,available,,not_measured,managed,0.00015,1.913333,negligible
np.squeeze(a) (float64),Manipulation,float64,100000,,0.000289,0.000145,available,,not_measured,managed,0.000145,1.993103,negligible
np.squeeze(a) (float64),Manipulation,float64,10000000,,0.000285,0.00016,available,,not_measured,managed,0.00016,1.78125,negligible
"np.squeeze(a, axis=1) (float64)",Manipulation,float64,1000,,0.000312,0.000238,available,,not_measured,managed,0.000238,1.310924,negligible
"np.squeeze(a, axis=1) (float64)",Manipulation,float64,100000,,0.000333,0.000136,available,,not_measured,managed,0.000136,2.448529,negligible
"np.squeeze(a, axis=1) (float64)",Manipulation,float64,10000000,,0.000309,0.000144,available,,not_measured,managed,0.000144,2.145833,negligible
"np.stack([a, b]) (float64)",Manipulation,float64,1000,,0.001925,0.001998,available,,not_measured,managed,0.001998,0.963463,close
"np.stack([a, b]) (float64)",Manipulation,float64,100000,,0.40335,0.100676,available,,not_measured,managed,0.100676,4.006417,faster
"np.stack([a, b]) (float64)",Manipulation,float64,10000000,,2.0473,1.041667,available,,not_measured,managed,1.041667,1.965407,faster
"np.stack([a, b], axis=1) (float64)",Manipulation,float64,1000,,0.002297,0.002652,available,,not_measured,managed,0.002652,0.866139,close
"np.stack([a, b], axis=1) (float64)",Manipulation,float64,100000,,0.40415,0.121736,available,,not_measured,managed,0.121736,3.319889,faster
"np.stack([a, b], axis=1) (float64)",Manipulation,float64,10000000,,3.4326,1.431211,available,,not_measured,managed,1.431211,2.398388,faster
"np.swapaxes(a, 0, 1) (float64)",Manipulation,float64,1000,,0.000378,0.00041,available,,not_measured,managed,0.00041,0.921951,negligible
"np.swapaxes(a, 0, 1) (float64)",Manipulation,float64,100000,,0.00039,0.000246,available,,not_measured,managed,0.000246,1.585366,negligible
"np.swapaxes(a, 0, 1) (float64)",Manipulation,float64,10000000,,0.000374,0.000231,available,,not_measured,managed,0.000231,1.619048,negligible
"np.swapaxes(a3D, 0, 2) (float64)",Manipulation,float64,1000,,0.000379,0.000249,available,,not_measured,managed,0.000249,1.522088,negligible
"np.swapaxes(a3D, 0, 2) (float64)",Manipulation,float64,100000,,0.000385,0.000214,available,,not_measured,managed,0.000214,1.799065,negligible
"np.swapaxes(a3D, 0, 2) (float64)",Manipulation,float64,10000000,,0.000378,0.000196,available,,not_measured,managed,0.000196,1.928571,negligible
"np.tile(a, reps) (float64)",Manipulation,float64,1000,,0.002384,0.002479,available,,not_measured,managed,0.002479,0.961678,close
"np.tile(a, reps) (float64)",Manipulation,float64,100000,,0.288867,0.086341,available,,not_measured,managed,0.086341,3.345653,faster
"np.tile(a, reps) (float64)",Manipulation,float64,10000000,,1.9526,1.475581,available,,not_measured,managed,1.475581,1.323275,faster
np.transpose(a),Manipulation,float64,1000,,0.000329,0.000375,available,,not_measured,managed,0.000375,0.877333,negligible
np.transpose(a),Manipulation,float64,100000,,0.000337,0.000262,available,,not_measured,managed,0.000262,1.28626,negligible
np.transpose(a),Manipulation,float64,10000000,,0.000324,0.00037,available,,not_measured,managed,0.00037,0.875676,negligible
np.tri,Manipulation,float64,1000,,0.002906,0.001398,available,,not_measured,managed,0.001398,2.078684,faster
np.tri,Manipulation,float64,100000,,0.049747,0.023268,available,,not_measured,managed,0.023268,2.138001,faster
np.tri,Manipulation,float64,10000000,,14.0832,15.6812,available,,not_measured,managed,15.6812,0.898095,close
np.tril,Manipulation,float64,1000,,0.003784,0.000876,available,,not_measured,managed,0.000876,4.319635,negligible
np.tril,Manipulation,float64,100000,,0.048686,0.033178,available,,not_measured,managed,0.033178,1.467418,faster
np.tril,Manipulation,float64,10000000,,15.6541,17.0575,available,,not_measured,managed,17.0575,0.917725,close
np.tril_indices,Manipulation,float64,1000,,0.009871,0.003225,available,,not_measured,managed,0.003225,3.060775,faster
np.tril_indices,Manipulation,float64,100000,,0.06955,0.042951,available,,not_measured,managed,0.042951,1.619287,faster
np.tril_indices,Manipulation,float64,10000000,,18.8415,10.23605,available,,not_measured,managed,10.23605,1.8407,faster
np.trim_zeros,Manipulation,float64,1000,,0.011364,0.003994,available,,not_measured,managed,0.003994,2.845268,faster
np.trim_zeros,Manipulation,float64,100000,,1.1307,0.006848,available,,not_measured,managed,0.006848,165.113902,negligible
np.trim_zeros,Manipulation,float64,10000000,,105.1854,0.033471,available,,not_measured,managed,0.033471,3142.583132,negligible
np.triu,Manipulation,float64,1000,,0.003843,0.001277,available,,not_measured,managed,0.001277,3.009397,faster
np.triu,Manipulation,float64,100000,,0.046425,0.027205,available,,not_measured,managed,0.027205,1.706488,faster
np.triu,Manipulation,float64,10000000,,16.0144,12.2508,available,,not_measured,managed,12.2508,1.307213,faster
np.triu_indices,Manipulation,float64,1000,,0.010307,0.003007,available,,not_measured,managed,0.003007,3.427669,faster
np.triu_indices,Manipulation,float64,100000,,0.069643,0.035123,available,,not_measured,managed,0.035123,1.982832,faster
np.triu_indices,Manipulation,float64,10000000,,20.2375,11.2704,available,,not_measured,managed,11.2704,1.795633,faster
"np.union1d(a, b) (int32)",Manipulation,int32,1000,,0.021296,0.010752,available,,not_measured,managed,0.010752,1.980655,faster
"np.union1d(a, b) (int32)",Manipulation,int32,100000,,4.5947,5.25595,available,,not_measured,managed,5.25595,0.87419,close
"np.union1d(a, b) (int32)",Manipulation,int32,10000000,,89.3095,27.1307,available,,not_measured,managed,27.1307,3.291824,faster
np.unique(a) (int32),Manipulation,int32,1000,,0.015992,0.010304,available,,not_measured,managed,0.010304,1.552019,faster
np.unique(a) (int32),Manipulation,int32,100000,,3.0503,4.41238,available,,not_measured,managed,4.41238,0.691305,slower
np.unique(a) (int32),Manipulation,int32,10000000,,58.1071,13.9834,available,,not_measured,managed,13.9834,4.155434,faster
np.unique_all(a) (int32),Manipulation,int32,1000,,0.034975,0.019197,available,,not_measured,managed,0.019197,1.821899,faster
np.unique_all(a) (int32),Manipulation,int32,100000,,6.4505,2.180267,available,,not_measured,managed,2.180267,2.958583,faster
np.unique_all(a) (int32),Manipulation,int32,10000000,,103.7189,28.0818,available,,not_measured,managed,28.0818,3.693456,faster
np.unique_counts(a) (int32),Manipulation,int32,1000,,0.00949,0.012941,available,,not_measured,managed,0.012941,0.733328,slower
np.unique_counts(a) (int32),Manipulation,int32,100000,,0.62175,4.614425,available,,not_measured,managed,4.614425,0.134741,much_slower
np.unique_counts(a) (int32),Manipulation,int32,10000000,,9.1462,14.5719,available,,not_measured,managed,14.5719,0.62766,slower
np.unique_inverse(a) (int32),Manipulation,int32,1000,,0.022413,0.018227,available,,not_measured,managed,0.018227,1.229659,faster
np.unique_inverse(a) (int32),Manipulation,int32,100000,,2.4494,1.90572,available,,not_measured,managed,1.90572,1.285288,faster
np.unique_inverse(a) (int32),Manipulation,int32,10000000,,36.2678,22.6724,available,,not_measured,managed,22.6724,1.599645,faster
np.unique_values(a) (int32),Manipulation,int32,1000,,0.015688,0.010065,available,,not_measured,managed,0.010065,1.558669,faster
np.unique_values(a) (int32),Manipulation,int32,100000,,2.8583,3.294325,available,,not_measured,managed,3.294325,0.867644,close
np.unique_values(a) (int32),Manipulation,int32,10000000,,56.7585,13.2577,available,,not_measured,managed,13.2577,4.281172,faster
np.unstack(a) (float64),Manipulation,float64,1000,,0.003095,0.001579,available,,not_measured,managed,0.001579,1.960101,faster
np.unstack(a) (float64),Manipulation,float64,100000,,0.003112,0.001196,available,,not_measured,managed,0.001196,2.602007,faster
np.unstack(a) (float64),Manipulation,float64,10000000,,0.003038,0.001429,available,,not_measured,managed,0.001429,2.125962,faster
"np.vsplit(a, sections) (float64)",Manipulation,float64,1000,,0.008884,0.001378,available,,not_measured,managed,0.001378,6.447025,faster
"np.vsplit(a, sections) (float64)",Manipulation,float64,100000,,0.008829,0.002001,available,,not_measured,managed,0.002001,4.412294,faster
"np.vsplit(a, sections) (float64)",Manipulation,float64,10000000,,0.008487,0.001432,available,,not_measured,managed,0.001432,5.926676,faster
"np.vstack([a, b]) (float64)",Manipulation,float64,1000,,0.001891,0.003371,available,,not_measured,managed,0.003371,0.560961,slower
"np.vstack([a, b]) (float64)",Manipulation,float64,100000,,0.381,0.08002,available,,not_measured,managed,0.08002,4.76131,faster
"np.vstack([a, b]) (float64)",Manipulation,float64,10000000,,1.9629,1.3637,available,,not_measured,managed,1.3637,1.439393,faster
reshape 1D->2D,Manipulation,float64,1000,,0.000148,0.000464,available,,not_measured,managed,0.000464,0.318966,negligible
reshape 1D->2D,Manipulation,float64,100000,,0.000148,0.00036,available,,not_measured,managed,0.00036,0.411111,negligible
reshape 1D->2D,Manipulation,float64,10000000,,0.000147,0.000565,available,,not_measured,managed,0.000565,0.260177,negligible
reshape 1D->3D,Manipulation,float64,1000,,0.000159,0.000505,available,,not_measured,managed,0.000505,0.314851,negligible
reshape 1D->3D,Manipulation,float64,100000,,0.000164,0.000432,available,,not_measured,managed,0.000432,0.37963,negligible
reshape 1D->3D,Manipulation,float64,10000000,,0.00016,0.000385,available,,not_measured,managed,0.000385,0.415584,negligible
reshape 2D->1D,Manipulation,float64,1000,,0.000142,0.000358,available,,not_measured,managed,0.000358,0.396648,negligible
reshape 2D->1D,Manipulation,float64,100000,,0.000144,0.00055,available,,not_measured,managed,0.00055,0.261818,negligible
reshape 2D->1D,Manipulation,float64,10000000,,0.000141,0.000396,available,,not_measured,managed,0.000396,0.356061,negligible
a.all() [ndarray] (float64),NDArray,float64,1000,,0.001249,0.000728,available,,not_measured,managed,0.000728,1.715659,negligible
a.all() [ndarray] (float64),NDArray,float64,100000,,0.039338,0.00773,available,,not_measured,managed,0.00773,5.089004,faster
a.all() [ndarray] (float64),NDArray,float64,10000000,,0.383767,0.124925,available,,not_measured,managed,0.124925,3.071979,faster
a.any() [ndarray] (float64),NDArray,float64,1000,,0.001242,0.00058,available,,not_measured,managed,0.00058,2.141379,negligible
a.any() [ndarray] (float64),NDArray,float64,100000,,0.037852,0.000684,available,,not_measured,managed,0.000684,55.339181,negligible
a.any() [ndarray] (float64),NDArray,float64,10000000,,0.371767,0.000661,available,,not_measured,managed,0.000661,562.431165,negligible
a.argmax() [ndarray] (float64),NDArray,float64,1000,,0.000386,0.000435,available,,not_measured,managed,0.000435,0.887356,negligible
a.argmax() [ndarray] (float64),NDArray,float64,100000,,0.015855,0.016076,available,,not_measured,managed,0.016076,0.986253,close
a.argmax() [ndarray] (float64),NDArray,float64,10000000,,0.155286,0.162788,available,,not_measured,managed,0.162788,0.953916,close
a.argmin() [ndarray] (float64),NDArray,float64,1000,,0.000383,0.000435,available,,not_measured,managed,0.000435,0.88046,negligible
a.argmin() [ndarray] (float64),NDArray,float64,100000,,0.015848,0.015889,available,,not_measured,managed,0.015889,0.99742,close
a.argmin() [ndarray] (float64),NDArray,float64,10000000,,0.154714,0.162812,available,,not_measured,managed,0.162812,0.950262,close
a.argpartition(kth) [ndarray] (float64),NDArray,float64,1000,,0.003445,0.006658,available,,not_measured,managed,0.006658,0.517423,slower
a.argpartition(kth) [ndarray] (float64),NDArray,float64,100000,,0.141929,0.491865,available,,not_measured,managed,0.491865,0.288553,much_slower
a.argpartition(kth) [ndarray] (float64),NDArray,float64,10000000,,2.949,9.19265,available,,not_measured,managed,9.19265,0.3208,much_slower
a.argsort() [ndarray] (float64),NDArray,float64,1000,,0.009077,0.016451,available,,not_measured,managed,0.016451,0.55176,slower
a.argsort() [ndarray] (float64),NDArray,float64,100000,,1.3456,2.457933,available,,not_measured,managed,2.457933,0.547452,slower
a.argsort() [ndarray] (float64),NDArray,float64,10000000,,23.0229,31.8632,available,,not_measured,managed,31.8632,0.722555,slower
a.choose(choices) [ndarray] (float64),NDArray,float64,1000,,0.004427,0.003136,available,,not_measured,managed,0.003136,1.411671,faster
a.choose(choices) [ndarray] (float64),NDArray,float64,100000,,0.54795,0.086954,available,,not_measured,managed,0.086954,6.301608,faster
a.choose(choices) [ndarray] (float64),NDArray,float64,10000000,,6.1984,1.7886,available,,not_measured,managed,1.7886,3.465504,faster
"a.clip(min, max) [ndarray] (float64)",NDArray,float64,1000,,0.000993,0.000886,available,,not_measured,managed,0.000886,1.120767,negligible
"a.clip(min, max) [ndarray] (float64)",NDArray,float64,100000,,0.015122,0.0287,available,,not_measured,managed,0.0287,0.526899,slower
"a.clip(min, max) [ndarray] (float64)",NDArray,float64,10000000,,1.5703,0.626135,available,,not_measured,managed,0.626135,2.507926,faster
a.compress(mask) [ndarray] (float64),NDArray,float64,1000,,0.001401,0.000785,available,,not_measured,managed,0.000785,1.784713,negligible
a.compress(mask) [ndarray] (float64),NDArray,float64,100000,,0.080023,0.046151,available,,not_measured,managed,0.046151,1.733939,faster
a.compress(mask) [ndarray] (float64),NDArray,float64,10000000,,1.9942,0.563156,available,,not_measured,managed,0.563156,3.541115,faster
a.conj() [ndarray] (float64),NDArray,float64,1000,,6.1e-05,0.0,available,,not_measured,managed,0.0,,no_data
a.conj() [ndarray] (float64),NDArray,float64,100000,,6e-05,0.0,available,,not_measured,managed,0.0,,no_data
a.conj() [ndarray] (float64),NDArray,float64,10000000,,6e-05,0.0,available,,not_measured,managed,0.0,,no_data
a.conjugate() [ndarray] (float64),NDArray,float64,1000,,6.1e-05,0.0,available,,not_measured,managed,0.0,,no_data
a.conjugate() [ndarray] (float64),NDArray,float64,100000,,6e-05,1e-06,available,,not_measured,managed,1e-06,60.0,negligible
a.conjugate() [ndarray] (float64),NDArray,float64,10000000,,6e-05,0.0,available,,not_measured,managed,0.0,,no_data
a.cumprod() [ndarray] (float64),NDArray,float64,1000,,0.002797,0.001991,available,,not_measured,managed,0.001991,1.404822,faster
a.cumprod() [ndarray] (float64),NDArray,float64,100000,,0.166186,0.182771,available,,not_measured,managed,0.182771,0.909258,close
a.cumprod() [ndarray] (float64),NDArray,float64,10000000,,2.7724,1.5084,available,,not_measured,managed,1.5084,1.837974,faster
a.cumsum() [ndarray] (float64),NDArray,float64,1000,,0.002161,0.001603,available,,not_measured,managed,0.001603,1.348097,faster
a.cumsum() [ndarray] (float64),NDArray,float64,100000,,0.163417,0.151553,available,,not_measured,managed,0.151553,1.078283,faster
a.cumsum() [ndarray] (float64),NDArray,float64,10000000,,2.7208,1.791642,available,,not_measured,managed,1.791642,1.518607,faster
a.diagonal() [ndarray] (float64),NDArray,float64,1000,,0.000104,0.000176,available,,not_measured,managed,0.000176,0.590909,negligible
a.diagonal() [ndarray] (float64),NDArray,float64,100000,,0.000103,0.000211,available,,not_measured,managed,0.000211,0.488152,negligible
a.diagonal() [ndarray] (float64),NDArray,float64,10000000,,0.000103,0.000157,available,,not_measured,managed,0.000157,0.656051,negligible
a.dot(b) [ndarray] (float64),NDArray,float64,1000,,0.000409,0.000472,available,0.0006,available,managed,0.000472,0.866525,negligible
a.dot(b) [ndarray] (float64),NDArray,float64,100000,,0.01002,0.012474,available,0.009,available,openblas,0.009,1.113333,faster
a.dot(b) [ndarray] (float64),NDArray,float64,10000000,,0.1703,0.220747,available,2.9441,available,managed,0.220747,0.771471,slower
a.fill(value) [ndarray] (float64),NDArray,float64,1000,,0.000176,9.1e-05,available,,not_measured,managed,9.1e-05,1.934066,negligible
a.fill(value) [ndarray] (float64),NDArray,float64,100000,,0.009113,0.012389,available,,not_measured,managed,0.012389,0.735572,slower
a.fill(value) [ndarray] (float64),NDArray,float64,10000000,,0.146017,0.153166,available,,not_measured,managed,0.153166,0.953325,close
a.getfield(dtype) [ndarray] (float64),NDArray,float64,1000,,0.000148,0.000179,available,,not_measured,managed,0.000179,0.826816,negligible
a.getfield(dtype) [ndarray] (float64),NDArray,float64,100000,,0.000149,0.000186,available,,not_measured,managed,0.000186,0.801075,negligible
a.getfield(dtype) [ndarray] (float64),NDArray,float64,10000000,,0.00015,0.000322,available,,not_measured,managed,0.000322,0.465839,negligible
a.item(index) [ndarray] (float64),NDArray,float64,1000,,9.1e-05,5e-06,available,,not_measured,managed,5e-06,18.2,negligible
a.item(index) [ndarray] (float64),NDArray,float64,100000,,9.2e-05,4e-06,available,,not_measured,managed,4e-06,23.0,negligible
a.item(index) [ndarray] (float64),NDArray,float64,10000000,,9.1e-05,5e-06,available,,not_measured,managed,5e-06,18.2,negligible
a.max() [ndarray] (float64),NDArray,float64,1000,,0.000933,0.000492,available,,not_measured,managed,0.000492,1.896341,negligible
a.max() [ndarray] (float64),NDArray,float64,100000,,0.009193,0.007207,available,,not_measured,managed,0.007207,1.275565,faster
a.max() [ndarray] (float64),NDArray,float64,10000000,,0.095222,0.102213,available,,not_measured,managed,0.102213,0.931604,close
a.min() [ndarray] (float64),NDArray,float64,1000,,0.000936,0.000371,available,,not_measured,managed,0.000371,2.522911,negligible
a.min() [ndarray] (float64),NDArray,float64,100000,,0.009192,0.00729,available,,not_measured,managed,0.00729,1.260905,faster
a.min() [ndarray] (float64),NDArray,float64,10000000,,0.095182,0.100714,available,,not_measured,managed,0.100714,0.945072,close
a.nonzero() [ndarray] (float64),NDArray,float64,1000,,0.002034,0.001325,available,,not_measured,managed,0.001325,1.535094,faster
a.nonzero() [ndarray] (float64),NDArray,float64,100000,,0.170943,0.049728,available,,not_measured,managed,0.049728,3.43756,faster
a.nonzero() [ndarray] (float64),NDArray,float64,10000000,,2.8469,0.757031,available,,not_measured,managed,0.757031,3.760612,faster
a.partition(kth) [ndarray] (float64),NDArray,float64,1000,,0.002547,0.006284,available,,not_measured,managed,0.006284,0.405315,slower
a.partition(kth) [ndarray] (float64),NDArray,float64,100000,,0.137312,0.61889,available,,not_measured,managed,0.61889,0.221868,much_slower
a.partition(kth) [ndarray] (float64),NDArray,float64,10000000,,2.7474,4.619275,available,,not_measured,managed,4.619275,0.594769,slower
a.prod() [ndarray] (float64),NDArray,float64,1000,,0.001934,0.000342,available,,not_measured,managed,0.000342,5.654971,negligible
a.prod() [ndarray] (float64),NDArray,float64,100000,,0.07425,0.007805,available,,not_measured,managed,0.007805,9.513133,faster
a.prod() [ndarray] (float64),NDArray,float64,10000000,,0.7326,0.095409,available,,not_measured,managed,0.095409,7.678521,faster
"a.put(indices, values) [ndarray] (float64)",NDArray,float64,1000,,0.001465,0.00187,available,,not_measured,managed,0.00187,0.783422,slower
"a.put(indices, values) [ndarray] (float64)",NDArray,float64,100000,,0.105933,0.05098,available,,not_measured,managed,0.05098,2.077933,faster
"a.put(indices, values) [ndarray] (float64)",NDArray,float64,10000000,,1.8137,0.687516,available,,not_measured,managed,0.687516,2.638048,faster
a.repeat(repeats) [ndarray] (float64),NDArray,float64,1000,,0.002231,0.00197,available,,not_measured,managed,0.00197,1.132487,faster
a.repeat(repeats) [ndarray] (float64),NDArray,float64,100000,,0.3625,0.259784,available,,not_measured,managed,0.259784,1.39539,faster
a.repeat(repeats) [ndarray] (float64),NDArray,float64,10000000,,4.2824,2.788633,available,,not_measured,managed,2.788633,1.535663,faster
a.reshape(shape) [ndarray] (float64),NDArray,float64,1000,,0.000154,0.00045,available,,not_measured,managed,0.00045,0.342222,negligible
a.reshape(shape) [ndarray] (float64),NDArray,float64,100000,,0.000164,0.000448,available,,not_measured,managed,0.000448,0.366071,negligible
a.reshape(shape) [ndarray] (float64),NDArray,float64,10000000,,0.000162,0.000317,available,,not_measured,managed,0.000317,0.511041,negligible
a.resize(shape) [ndarray] (float64),NDArray,float64,1000,,0.000664,0.001764,available,,not_measured,managed,0.001764,0.376417,negligible
a.resize(shape) [ndarray] (float64),NDArray,float64,100000,,0.012431,0.045408,available,,not_measured,managed,0.045408,0.273762,much_slower
a.resize(shape) [ndarray] (float64),NDArray,float64,10000000,,1.3037,1.013983,available,,not_measured,managed,1.013983,1.285722,faster
a.round() [ndarray] (float64),NDArray,float64,1000,,0.00047,0.000755,available,,not_measured,managed,0.000755,0.622517,negligible
a.round() [ndarray] (float64),NDArray,float64,100000,,0.013162,0.024956,available,,not_measured,managed,0.024956,0.527408,slower
a.round() [ndarray] (float64),NDArray,float64,10000000,,1.2539,0.686076,available,,not_measured,managed,0.686076,1.82764,faster
a.searchsorted(v) [ndarray] (float64),NDArray,float64,1000,,0.005749,0.010564,available,,not_measured,managed,0.010564,0.544207,slower
a.searchsorted(v) [ndarray] (float64),NDArray,float64,100000,,2.0479,2.634313,available,,not_measured,managed,2.634313,0.777394,slower
a.searchsorted(v) [ndarray] (float64),NDArray,float64,10000000,,23.5806,30.6055,available,,not_measured,managed,30.6055,0.770469,slower
"a.setfield(value, dtype) [ndarray] (float64)",NDArray,float64,1000,,0.000378,0.001009,available,,not_measured,managed,0.001009,0.374628,negligible
"a.setfield(value, dtype) [ndarray] (float64)",NDArray,float64,100000,,0.009267,0.022675,available,,not_measured,managed,0.022675,0.408688,slower
"a.setfield(value, dtype) [ndarray] (float64)",NDArray,float64,10000000,,0.146443,0.234833,available,,not_measured,managed,0.234833,0.623605,slower
a.setflags(write=True) [ndarray] (float64),NDArray,float64,1000,,0.000132,7e-06,available,,not_measured,managed,7e-06,18.857143,negligible
a.setflags(write=True) [ndarray] (float64),NDArray,float64,100000,,0.000132,8e-06,available,,not_measured,managed,8e-06,16.5,negligible
a.setflags(write=True) [ndarray] (float64),NDArray,float64,10000000,,0.000132,7e-06,available,,not_measured,managed,7e-06,18.857143,negligible
a.sort() [ndarray] (float64),NDArray,float64,1000,,0.002877,0.01392,available,,not_measured,managed,0.01392,0.206681,much_slower
a.sort() [ndarray] (float64),NDArray,float64,100000,,0.47295,1.340215,available,,not_measured,managed,1.340215,0.352891,slower
a.sort() [ndarray] (float64),NDArray,float64,10000000,,7.7446,21.4747,available,,not_measured,managed,21.4747,0.360638,slower
a.squeeze() [ndarray] (float64),NDArray,float64,1000,,0.000126,0.000184,available,,not_measured,managed,0.000184,0.684783,negligible
a.squeeze() [ndarray] (float64),NDArray,float64,100000,,0.000125,0.000152,available,,not_measured,managed,0.000152,0.822368,negligible
a.squeeze() [ndarray] (float64),NDArray,float64,10000000,,0.000123,0.000212,available,,not_measured,managed,0.000212,0.580189,negligible
"a.swapaxes(0, 1) [ndarray] (float64)",NDArray,float64,1000,,0.000134,0.000408,available,,not_measured,managed,0.000408,0.328431,negligible
"a.swapaxes(0, 1) [ndarray] (float64)",NDArray,float64,100000,,0.000134,0.000222,available,,not_measured,managed,0.000222,0.603604,negligible
"a.swapaxes(0, 1) [ndarray] (float64)",NDArray,float64,10000000,,0.000134,0.000269,available,,not_measured,managed,0.000269,0.498141,negligible
a.take(indices) [ndarray] (float64),NDArray,float64,1000,,0.00081,0.000843,available,,not_measured,managed,0.000843,0.960854,negligible
a.take(indices) [ndarray] (float64),NDArray,float64,100000,,0.0507,0.040478,available,,not_measured,managed,0.040478,1.252532,faster
a.take(indices) [ndarray] (float64),NDArray,float64,10000000,,0.9788,0.626088,available,,not_measured,managed,0.626088,1.563359,faster
a.to_device(cpu) [ndarray] (float64),NDArray,float64,1000,,8.1e-05,0.0,available,,not_measured,managed,0.0,,no_data
a.to_device(cpu) [ndarray] (float64),NDArray,float64,100000,,8.2e-05,1e-06,available,,not_measured,managed,1e-06,82.0,negligible
a.to_device(cpu) [ndarray] (float64),NDArray,float64,10000000,,8.1e-05,1e-06,available,,not_measured,managed,1e-06,81.0,negligible
a.tobytes() [ndarray] (float64),NDArray,float64,1000,,0.000158,0.000235,available,,not_measured,managed,0.000235,0.67234,negligible
a.tobytes() [ndarray] (float64),NDArray,float64,100000,,0.011572,0.051309,available,,not_measured,managed,0.051309,0.225535,much_slower
a.tobytes() [ndarray] (float64),NDArray,float64,10000000,,1.5017,0.708728,available,,not_measured,managed,0.708728,2.118866,faster
a.tofile(path) [ndarray] (float64),NDArray,float64,1000,,0.125637,0.320862,available,,not_measured,managed,0.320862,0.391561,slower
a.tofile(path) [ndarray] (float64),NDArray,float64,100000,,0.255733,2.012641,available,,not_measured,managed,2.012641,0.127063,much_slower
a.tofile(path) [ndarray] (float64),NDArray,float64,10000000,,1.3961,2.995183,available,,not_measured,managed,2.995183,0.466115,slower
a.tolist() [ndarray] (float64),NDArray,float64,1000,,0.007355,0.005835,available,,not_measured,managed,0.005835,1.260497,faster
a.tolist() [ndarray] (float64),NDArray,float64,100000,,0.7726,1.477685,available,,not_measured,managed,1.477685,0.522845,slower
a.tolist() [ndarray] (float64),NDArray,float64,10000000,,14.1932,23.6342,available,,not_measured,managed,23.6342,0.600537,slower
a.trace() [ndarray] (float64),NDArray,float64,1000,,0.000886,0.000326,available,,not_measured,managed,0.000326,2.717791,negligible
a.trace() [ndarray] (float64),NDArray,float64,100000,,0.000888,0.000471,available,,not_measured,managed,0.000471,1.88535,negligible
a.trace() [ndarray] (float64),NDArray,float64,10000000,,0.000901,0.000372,available,,not_measured,managed,0.000372,2.422043,negligible
a.transpose() [ndarray] (float64),NDArray,float64,1000,,9.5e-05,0.000294,available,,not_measured,managed,0.000294,0.323129,negligible
a.transpose() [ndarray] (float64),NDArray,float64,100000,,9.5e-05,0.000182,available,,not_measured,managed,0.000182,0.521978,negligible
a.transpose() [ndarray] (float64),NDArray,float64,10000000,,9.6e-05,0.000318,available,,not_measured,managed,0.000318,0.301887,negligible
a.view() [ndarray] (float64),NDArray,float64,1000,,8e-05,0.000138,available,,not_measured,managed,0.000138,0.57971,negligible
a.view() [ndarray] (float64),NDArray,float64,100000,,8e-05,0.000182,available,,not_measured,managed,0.000182,0.43956,negligible
a.view() [ndarray] (float64),NDArray,float64,10000000,,8e-05,0.00027,available,,not_measured,managed,0.00027,0.296296,negligible
"np.random.beta(a, b) (float64)",Random,float64,1000,,0.040429,0.044108,available,,not_measured,managed,0.044108,0.916591,close
"np.random.beta(a, b) (float64)",Random,float64,100000,,3.955,4.3088,available,,not_measured,managed,4.3088,0.917889,close
"np.random.beta(a, b) (float64)",Random,float64,10000000,,42.4777,80.7691,available,,not_measured,managed,80.7691,0.525915,slower
"np.random.binomial(n, p) (int64)",Random,int64,1000,,0.022979,0.09001,available,,not_measured,managed,0.09001,0.255294,much_slower
"np.random.binomial(n, p) (int64)",Random,int64,100000,,2.2384,9.1448,available,,not_measured,managed,9.1448,0.244773,much_slower
"np.random.binomial(n, p) (int64)",Random,int64,10000000,,22.8416,108.932,available,,not_measured,managed,108.932,0.209687,much_slower
np.random.chisquare(df) (float64),Random,float64,1000,,0.020459,0.022686,available,,not_measured,managed,0.022686,0.901834,close
np.random.chisquare(df) (float64),Random,float64,100000,,1.9768,2.2744,available,,not_measured,managed,2.2744,0.869152,close
np.random.chisquare(df) (float64),Random,float64,10000000,,20.9719,33.8522,available,,not_measured,managed,33.8522,0.619514,slower
"np.random.choice(a, size) (float64)",Random,float64,1000,,0.010017,0.013946,available,,not_measured,managed,0.013946,0.71827,slower
"np.random.choice(a, size) (float64)",Random,float64,100000,,0.8674,1.143512,available,,not_measured,managed,1.143512,0.75854,slower
"np.random.choice(a, size) (float64)",Random,float64,10000000,,6.6758,13.3708,available,,not_measured,managed,13.3708,0.499282,slower
"np.random.dirichlet(alpha, size) (float64)",Random,float64,1000,,0.053756,0.098713,available,,not_measured,managed,0.098713,0.544569,slower
"np.random.dirichlet(alpha, size) (float64)",Random,float64,100000,,5.7459,7.09165,available,,not_measured,managed,7.09165,0.810235,close
"np.random.dirichlet(alpha, size) (float64)",Random,float64,10000000,,55.1008,98.44,available,,not_measured,managed,98.44,0.55974,slower
np.random.exponential(scale) (float64),Random,float64,1000,,0.008922,0.021589,available,,not_measured,managed,0.021589,0.413266,slower
np.random.exponential(scale) (float64),Random,float64,100000,,0.8204,0.968642,available,,not_measured,managed,0.968642,0.846959,close
np.random.exponential(scale) (float64),Random,float64,10000000,,9.4774,10.0589,available,,not_measured,managed,10.0589,0.94219,close
"np.random.f(dfnum, dfden) (float64)",Random,float64,1000,,0.040413,0.084631,available,,not_measured,managed,0.084631,0.47752,slower
"np.random.f(dfnum, dfden) (float64)",Random,float64,100000,,3.9675,4.4307,available,,not_measured,managed,4.4307,0.895457,close
"np.random.f(dfnum, dfden) (float64)",Random,float64,10000000,,40.8779,56.1036,available,,not_measured,managed,56.1036,0.728615,slower
"np.random.gamma(shape, scale) (float64)",Random,float64,1000,,0.020933,0.040669,available,,not_measured,managed,0.040669,0.514716,slower
"np.random.gamma(shape, scale) (float64)",Random,float64,100000,,1.9761,2.101567,available,,not_measured,managed,2.101567,0.940298,close
"np.random.gamma(shape, scale) (float64)",Random,float64,10000000,,20.6691,20.6259,available,,not_measured,managed,20.6259,1.002094,close
np.random.geometric(p) (int64),Random,int64,1000,,0.017761,0.015799,available,,not_measured,managed,0.015799,1.124185,faster
np.random.geometric(p) (int64),Random,int64,100000,,1.7938,1.709545,available,,not_measured,managed,1.709545,1.049285,close
np.random.geometric(p) (int64),Random,int64,10000000,,17.6633,15.8639,available,,not_measured,managed,15.8639,1.113427,faster
"np.random.gumbel(loc, scale) (float64)",Random,float64,1000,,0.014427,0.031357,available,,not_measured,managed,0.031357,0.460089,slower
"np.random.gumbel(loc, scale) (float64)",Random,float64,100000,,1.356,1.52406,available,,not_measured,managed,1.52406,0.889729,close
"np.random.gumbel(loc, scale) (float64)",Random,float64,10000000,,14.5009,18.5802,available,,not_measured,managed,18.5802,0.780449,slower
"np.random.hypergeometric(ngood, nbad, nsample) (int64)",Random,int64,1000,,0.062838,0.104896,available,,not_measured,managed,0.104896,0.59905,slower
"np.random.hypergeometric(ngood, nbad, nsample) (int64)",Random,int64,100000,,6.3735,13.92385,available,,not_measured,managed,13.92385,0.45774,slower
"np.random.hypergeometric(ngood, nbad, nsample) (int64)",Random,int64,10000000,,62.8149,146.4697,available,,not_measured,managed,146.4697,0.428859,slower
"np.random.laplace(loc, scale) (float64)",Random,float64,1000,,0.013934,0.026117,available,,not_measured,managed,0.026117,0.533522,slower
"np.random.laplace(loc, scale) (float64)",Random,float64,100000,,1.3059,1.533382,available,,not_measured,managed,1.533382,0.851647,close
"np.random.laplace(loc, scale) (float64)",Random,float64,10000000,,14.0936,15.2649,available,,not_measured,managed,15.2649,0.923268,close
"np.random.logistic(loc, scale) (float64)",Random,float64,1000,,0.009299,0.011741,available,,not_measured,managed,0.011741,0.792011,slower
"np.random.logistic(loc, scale) (float64)",Random,float64,100000,,0.84985,1.090362,available,,not_measured,managed,1.090362,0.77942,slower
"np.random.logistic(loc, scale) (float64)",Random,float64,10000000,,9.3244,10.6602,available,,not_measured,managed,10.6602,0.874693,close
"np.random.lognormal(mean, sigma) (float64)",Random,float64,1000,,0.018064,0.021084,available,,not_measured,managed,0.021084,0.856763,close
"np.random.lognormal(mean, sigma) (float64)",Random,float64,100000,,1.7307,1.45965,available,,not_measured,managed,1.45965,1.185695,faster
"np.random.lognormal(mean, sigma) (float64)",Random,float64,10000000,,18.5135,20.9737,available,,not_measured,managed,20.9737,0.882701,close
np.random.logseries(p) (int64),Random,int64,1000,,0.026403,0.026477,available,,not_measured,managed,0.026477,0.997205,close
np.random.logseries(p) (int64),Random,int64,100000,,2.661,4.0411,available,,not_measured,managed,4.0411,0.658484,slower
np.random.logseries(p) (int64),Random,int64,10000000,,26.8569,29.482,available,,not_measured,managed,29.482,0.910959,close
"np.random.multinomial(n, pvals, size) (int64)",Random,int64,1000,,0.0707,0.138225,available,,not_measured,managed,0.138225,0.511485,slower
"np.random.multinomial(n, pvals, size) (int64)",Random,int64,100000,,7.7767,13.8631,available,,not_measured,managed,13.8631,0.560964,slower
"np.random.multinomial(n, pvals, size) (int64)",Random,int64,10000000,,72.7785,200.5783,available,,not_measured,managed,200.5783,0.362843,slower
"np.random.multivariate_normal(mean, cov, size) (float64)",Random,float64,1000,,0.059775,0.089882,available,,not_measured,managed,0.089882,0.665039,slower
"np.random.multivariate_normal(mean, cov, size) (float64)",Random,float64,100000,,7.6825,7.15285,available,,not_measured,managed,7.15285,1.074047,faster
"np.random.multivariate_normal(mean, cov, size) (float64)",Random,float64,10000000,,44.2854,42.2343,available,,not_measured,managed,42.2343,1.048565,close
"np.random.negative_binomial(n, p) (int64)",Random,int64,1000,,0.070473,0.084935,available,,not_measured,managed,0.084935,0.829729,close
"np.random.negative_binomial(n, p) (int64)",Random,int64,100000,,7.0948,9.98505,available,,not_measured,managed,9.98505,0.710542,slower
"np.random.negative_binomial(n, p) (int64)",Random,int64,10000000,,71.0164,126.0805,available,,not_measured,managed,126.0805,0.563262,slower
"np.random.noncentral_chisquare(df, nonc) (float64)",Random,float64,1000,,0.032933,0.037069,available,,not_measured,managed,0.037069,0.888424,close
"np.random.noncentral_chisquare(df, nonc) (float64)",Random,float64,100000,,3.2193,3.282925,available,,not_measured,managed,3.282925,0.980619,close
"np.random.noncentral_chisquare(df, nonc) (float64)",Random,float64,10000000,,33.2355,45.5488,available,,not_measured,managed,45.5488,0.729668,slower
"np.random.noncentral_f(dfnum, dfden, nonc) (float64)",Random,float64,1000,,0.052726,0.053915,available,,not_measured,managed,0.053915,0.977947,close
"np.random.noncentral_f(dfnum, dfden, nonc) (float64)",Random,float64,100000,,5.1953,5.163975,available,,not_measured,managed,5.163975,1.006066,close
"np.random.noncentral_f(dfnum, dfden, nonc) (float64)",Random,float64,10000000,,52.9961,51.6681,available,,not_measured,managed,51.6681,1.025703,close
"np.random.normal(loc, scale) (float64)",Random,float64,1000,,0.011367,0.022579,available,,not_measured,managed,0.022579,0.503432,slower
"np.random.normal(loc, scale) (float64)",Random,float64,100000,,1.0608,1.184514,available,,not_measured,managed,1.184514,0.895557,close
"np.random.normal(loc, scale) (float64)",Random,float64,10000000,,11.6406,11.4575,available,,not_measured,managed,11.4575,1.015981,close
np.random.pareto(a) (float64),Random,float64,1000,,0.015015,0.016922,available,,not_measured,managed,0.016922,0.887306,close
np.random.pareto(a) (float64),Random,float64,100000,,1.4373,1.505844,available,,not_measured,managed,1.505844,0.954481,close
np.random.pareto(a) (float64),Random,float64,10000000,,15.8935,14.9428,available,,not_measured,managed,14.9428,1.063623,faster
np.random.permutation(a) (float64),Random,float64,1000,,0.01388,0.017315,available,,not_measured,managed,0.017315,0.801617,close
np.random.permutation(a) (float64),Random,float64,100000,,1.6746,1.835554,available,,not_measured,managed,1.835554,0.912313,close
np.random.permutation(a) (float64),Random,float64,10000000,,18.0867,16.837,available,,not_measured,managed,16.837,1.074223,faster
np.random.poisson(lam) (int64),Random,int64,1000,,0.032131,0.033685,available,,not_measured,managed,0.033685,0.953867,close
np.random.poisson(lam) (int64),Random,int64,100000,,3.2355,3.290175,available,,not_measured,managed,3.290175,0.983382,close
np.random.poisson(lam) (int64),Random,int64,10000000,,32.2306,40.2091,available,,not_measured,managed,40.2091,0.801575,close
np.random.power(a) (float64),Random,float64,1000,,0.02858,0.015937,available,,not_measured,managed,0.015937,1.793311,faster
np.random.power(a) (float64),Random,float64,100000,,2.7924,2.386144,available,,not_measured,managed,2.386144,1.170256,faster
np.random.power(a) (float64),Random,float64,10000000,,28.9486,15.6366,available,,not_measured,managed,15.6366,1.851336,faster
np.random.rand(n) (float64),Random,float64,1000,,0.004077,0.006341,available,,not_measured,managed,0.006341,0.642959,slower
np.random.rand(n) (float64),Random,float64,100000,,0.350933,0.596694,available,,not_measured,managed,0.596694,0.588129,slower
np.random.rand(n) (float64),Random,float64,10000000,,4.2361,6.7351,available,,not_measured,managed,6.7351,0.628959,slower
"np.random.randint(low, high) (int64)",Random,int64,1000,,0.00756,0.005768,available,,not_measured,managed,0.005768,1.31068,faster
"np.random.randint(low, high) (int64)",Random,int64,100000,,0.4459,0.596672,available,,not_measured,managed,0.596672,0.747312,slower
"np.random.randint(low, high) (int64)",Random,int64,10000000,,5.1293,5.625725,available,,not_measured,managed,5.625725,0.911758,close
np.random.randn(n) (float64),Random,float64,1000,,0.010665,0.012792,available,,not_measured,managed,0.012792,0.833724,close
np.random.randn(n) (float64),Random,float64,100000,,1.0084,1.263694,available,,not_measured,managed,1.263694,0.797978,slower
np.random.randn(n) (float64),Random,float64,10000000,,11.0229,12.1108,available,,not_measured,managed,12.1108,0.910171,close
np.random.random(n) (float64),Random,float64,1000,,0.004026,0.007211,available,,not_measured,managed,0.007211,0.558314,slower
np.random.random(n) (float64),Random,float64,100000,,0.350767,0.590483,available,,not_measured,managed,0.590483,0.594034,slower
np.random.random(n) (float64),Random,float64,10000000,,4.2354,5.8362,available,,not_measured,managed,5.8362,0.725712,slower
np.random.random_sample(n) (float64),Random,float64,1000,,0.003981,0.006062,available,,not_measured,managed,0.006062,0.656714,slower
np.random.random_sample(n) (float64),Random,float64,100000,,0.3513,0.588297,available,,not_measured,managed,0.588297,0.597147,slower
np.random.random_sample(n) (float64),Random,float64,10000000,,4.2492,6.0339,available,,not_measured,managed,6.0339,0.704221,slower
np.random.rayleigh(scale) (float64),Random,float64,1000,,0.010126,0.009962,available,,not_measured,managed,0.009962,1.016463,close
np.random.rayleigh(scale) (float64),Random,float64,100000,,0.9498,1.022577,available,,not_measured,managed,1.022577,0.92883,close
np.random.rayleigh(scale) (float64),Random,float64,10000000,,10.3341,10.0105,available,,not_measured,managed,10.0105,1.032326,close
np.random.shuffle(a) (float64),Random,float64,1000,,0.013141,0.01092,available,,not_measured,managed,0.01092,1.203388,faster
np.random.shuffle(a) (float64),Random,float64,100000,,1.4212,1.887383,available,,not_measured,managed,1.887383,0.753,slower
np.random.shuffle(a) (float64),Random,float64,10000000,,14.2328,15.6589,available,,not_measured,managed,15.6589,0.908927,close
np.random.standard_cauchy(n) (float64),Random,float64,1000,,0.021278,0.015295,available,,not_measured,managed,0.015295,1.391174,faster
np.random.standard_cauchy(n) (float64),Random,float64,100000,,2.0823,1.49791,available,,not_measured,managed,1.49791,1.390137,faster
np.random.standard_cauchy(n) (float64),Random,float64,10000000,,21.707,14.8211,available,,not_measured,managed,14.8211,1.464601,faster
np.random.standard_exponential(n) (float64),Random,float64,1000,,0.008615,0.014718,available,,not_measured,managed,0.014718,0.585338,slower
np.random.standard_exponential(n) (float64),Random,float64,100000,,0.81185,1.047857,available,,not_measured,managed,1.047857,0.774772,slower
np.random.standard_exponential(n) (float64),Random,float64,10000000,,9.0845,13.7944,available,,not_measured,managed,13.7944,0.658564,slower
np.random.standard_gamma(shape) (float64),Random,float64,1000,,0.020076,0.02109,available,,not_measured,managed,0.02109,0.95192,close
np.random.standard_gamma(shape) (float64),Random,float64,100000,,1.9407,2.179467,available,,not_measured,managed,2.179467,0.890447,close
np.random.standard_gamma(shape) (float64),Random,float64,10000000,,20.37,36.6095,available,,not_measured,managed,36.6095,0.556413,slower
np.random.standard_normal(n) (float64),Random,float64,1000,,0.010529,0.012322,available,,not_measured,managed,0.012322,0.854488,close
np.random.standard_normal(n) (float64),Random,float64,100000,,1.0008,1.265545,available,,not_measured,managed,1.265545,0.790806,slower
np.random.standard_normal(n) (float64),Random,float64,10000000,,11.0095,12.3985,available,,not_measured,managed,12.3985,0.88797,close
np.random.standard_t(df) (float64),Random,float64,1000,,0.03293,0.043019,available,,not_measured,managed,0.043019,0.765476,slower
np.random.standard_t(df) (float64),Random,float64,100000,,3.262,3.288425,available,,not_measured,managed,3.288425,0.991964,close
np.random.standard_t(df) (float64),Random,float64,10000000,,33.6857,32.9334,available,,not_measured,managed,32.9334,1.022843,close
"np.random.triangular(left, mode, right) (float64)",Random,float64,1000,,0.009489,0.009015,available,,not_measured,managed,0.009015,1.052579,faster
"np.random.triangular(left, mode, right) (float64)",Random,float64,100000,,0.8283,1.433165,available,,not_measured,managed,1.433165,0.577952,slower
"np.random.triangular(left, mode, right) (float64)",Random,float64,10000000,,9.1948,9.15535,available,,not_measured,managed,9.15535,1.004309,close
"np.random.uniform(low, high) (float64)",Random,float64,1000,,0.005002,0.006303,available,,not_measured,managed,0.006303,0.79359,slower
"np.random.uniform(low, high) (float64)",Random,float64,100000,,0.356933,0.539984,available,,not_measured,managed,0.539984,0.661007,slower
"np.random.uniform(low, high) (float64)",Random,float64,10000000,,4.4775,5.169925,available,,not_measured,managed,5.169925,0.866067,close
"np.random.vonmises(mu, kappa) (float64)",Random,float64,1000,,0.05006,0.049829,available,,not_measured,managed,0.049829,1.004636,close
"np.random.vonmises(mu, kappa) (float64)",Random,float64,100000,,4.95,4.947175,available,,not_measured,managed,4.947175,1.000571,close
"np.random.vonmises(mu, kappa) (float64)",Random,float64,10000000,,50.997,49.1238,available,,not_measured,managed,49.1238,1.038132,close
"np.random.wald(mean, scale) (float64)",Random,float64,1000,,0.024466,0.047865,available,,not_measured,managed,0.047865,0.511146,slower
"np.random.wald(mean, scale) (float64)",Random,float64,100000,,2.3793,2.7787,available,,not_measured,managed,2.7787,0.856264,close
"np.random.wald(mean, scale) (float64)",Random,float64,10000000,,24.7819,27.8582,available,,not_measured,managed,27.8582,0.889573,close
np.random.weibull(a) (float64),Random,float64,1000,,0.021362,0.036612,available,,not_measured,managed,0.036612,0.58347,slower
np.random.weibull(a) (float64),Random,float64,100000,,2.0746,2.134571,available,,not_measured,managed,2.134571,0.971905,close
np.random.weibull(a) (float64),Random,float64,10000000,,21.5835,21.2828,available,,not_measured,managed,21.2828,1.014129,close
np.random.zipf(a) (int64),Random,int64,1000,,0.033568,0.052214,available,,not_measured,managed,0.052214,0.642893,slower
np.random.zipf(a) (int64),Random,int64,100000,,3.5961,5.4219,available,,not_measured,managed,5.4219,0.663255,slower
np.random.zipf(a) (int64),Random,int64,10000000,,33.7848,72.1573,available,,not_measured,managed,72.1573,0.46821,slower
a.amax() [method] (complex128),Reduction,complex128,1000,,0.002287,0.001715,available,,not_measured,managed,0.001715,1.333528,faster
a.amax() [method] (complex128),Reduction,complex128,100000,,0.148229,0.130816,available,,not_measured,managed,0.130816,1.133111,faster
a.amax() [method] (complex128),Reduction,complex128,10000000,,16.3966,14.1279,available,,not_measured,managed,14.1279,1.160583,faster
a.amax() [method] (float16),Reduction,float16,1000,,0.002775,0.001029,available,,not_measured,managed,0.001029,2.696793,faster
a.amax() [method] (float16),Reduction,float16,100000,,0.4864,0.402413,available,,not_measured,managed,0.402413,1.208708,faster
a.amax() [method] (float16),Reduction,float16,10000000,,49.9664,49.1851,available,,not_measured,managed,49.1851,1.015885,close
a.amax() [method] (float32),Reduction,float32,1000,,0.0009,0.000707,available,,not_measured,managed,0.000707,1.272984,negligible
a.amax() [method] (float32),Reduction,float32,100000,,0.005043,0.008265,available,,not_measured,managed,0.008265,0.610163,slower
a.amax() [method] (float32),Reduction,float32,10000000,,1.6671,3.77055,available,,not_measured,managed,3.77055,0.442137,slower
a.amax() [method] (float64),Reduction,float64,1000,,0.000923,0.00066,available,,not_measured,managed,0.00066,1.398485,negligible
a.amax() [method] (float64),Reduction,float64,100000,,0.009189,0.006699,available,,not_measured,managed,0.006699,1.371697,faster
a.amax() [method] (float64),Reduction,float64,10000000,,3.0763,5.427825,available,,not_measured,managed,5.427825,0.566765,slower
a.amax() [method] (int16),Reduction,int16,1000,,0.000846,0.000406,available,,not_measured,managed,0.000406,2.083744,negligible
a.amax() [method] (int16),Reduction,int16,100000,,0.002269,0.001719,available,,not_measured,managed,0.001719,1.319953,faster
a.amax() [method] (int16),Reduction,int16,10000000,,0.24038,0.73452,available,,not_measured,managed,0.73452,0.327261,much_slower
a.amax() [method] (int32),Reduction,int32,1000,,0.000861,0.000364,available,,not_measured,managed,0.000364,2.365385,negligible
a.amax() [method] (int32),Reduction,int32,100000,,0.003407,0.002221,available,,not_measured,managed,0.002221,1.533994,faster
a.amax() [method] (int32),Reduction,int32,10000000,,0.9496,4.40885,available,,not_measured,managed,4.40885,0.215385,much_slower
a.amax() [method] (int64),Reduction,int64,1000,,0.000922,0.00081,available,,not_measured,managed,0.00081,1.138272,negligible
a.amax() [method] (int64),Reduction,int64,100000,,0.008118,0.027325,available,,not_measured,managed,0.027325,0.297091,much_slower
a.amax() [method] (int64),Reduction,int64,10000000,,3.1027,5.4392,available,,not_measured,managed,5.4392,0.570433,slower
a.amax() [method] (int8),Reduction,int8,1000,,0.000853,0.000371,available,,not_measured,managed,0.000371,2.299191,negligible
a.amax() [method] (int8),Reduction,int8,100000,,0.001579,0.000744,available,,not_measured,managed,0.000744,2.122312,negligible
a.amax() [method] (int8),Reduction,int8,10000000,,0.10808,0.141418,available,,not_measured,managed,0.141418,0.764259,slower
a.amax() [method] (uint16),Reduction,uint16,1000,,0.000853,0.000361,available,,not_measured,managed,0.000361,2.362881,negligible
a.amax() [method] (uint16),Reduction,uint16,100000,,0.002269,0.001743,available,,not_measured,managed,0.001743,1.301779,faster
a.amax() [method] (uint16),Reduction,uint16,10000000,,0.258533,0.774613,available,,not_measured,managed,0.774613,0.333758,slower
a.amax() [method] (uint32),Reduction,uint32,1000,,0.000856,0.000365,available,,not_measured,managed,0.000365,2.345205,negligible
a.amax() [method] (uint32),Reduction,uint32,100000,,0.003406,0.004524,available,,not_measured,managed,0.004524,0.752874,slower
a.amax() [method] (uint32),Reduction,uint32,10000000,,0.8796,1.963433,available,,not_measured,managed,1.963433,0.447991,slower
a.amax() [method] (uint64),Reduction,uint64,1000,,0.00095,0.000454,available,,not_measured,managed,0.000454,2.092511,negligible
a.amax() [method] (uint64),Reduction,uint64,100000,,0.011201,0.009994,available,,not_measured,managed,0.009994,1.120772,faster
a.amax() [method] (uint64),Reduction,uint64,10000000,,3.2677,8.64455,available,,not_measured,managed,8.64455,0.378007,slower
a.amax() [method] (uint8),Reduction,uint8,1000,,0.00085,0.000391,available,,not_measured,managed,0.000391,2.173913,negligible
a.amax() [method] (uint8),Reduction,uint8,100000,,0.001569,0.000756,available,,not_measured,managed,0.000756,2.075397,negligible
a.amax() [method] (uint8),Reduction,uint8,10000000,,0.10791,0.221907,available,,not_measured,managed,0.221907,0.486285,slower
a.amin() [method] (complex128),Reduction,complex128,1000,,0.002275,0.001571,available,,not_measured,managed,0.001571,1.448122,faster
a.amin() [method] (complex128),Reduction,complex128,100000,,0.148286,0.149876,available,,not_measured,managed,0.149876,0.989391,close
a.amin() [method] (complex128),Reduction,complex128,10000000,,16.3291,13.955,available,,not_measured,managed,13.955,1.170125,faster
a.amin() [method] (float16),Reduction,float16,1000,,0.002778,0.000968,available,,not_measured,managed,0.000968,2.869835,negligible
a.amin() [method] (float16),Reduction,float16,100000,,0.47735,0.307822,available,,not_measured,managed,0.307822,1.550734,faster
a.amin() [method] (float16),Reduction,float16,10000000,,51.3786,31.3461,available,,not_measured,managed,31.3461,1.639075,faster
a.amin() [method] (float32),Reduction,float32,1000,,0.000901,0.000706,available,,not_measured,managed,0.000706,1.276204,negligible
a.amin() [method] (float32),Reduction,float32,100000,,0.005045,0.003792,available,,not_measured,managed,0.003792,1.330432,faster
a.amin() [method] (float32),Reduction,float32,10000000,,1.2194,2.906517,available,,not_measured,managed,2.906517,0.41954,slower
a.amin() [method] (float64),Reduction,float64,1000,,0.000932,0.000416,available,,not_measured,managed,0.000416,2.240385,negligible
a.amin() [method] (float64),Reduction,float64,100000,,0.00919,0.018444,available,,not_measured,managed,0.018444,0.498265,slower
a.amin() [method] (float64),Reduction,float64,10000000,,2.9923,5.034075,available,,not_measured,managed,5.034075,0.594409,slower
a.amin() [method] (int16),Reduction,int16,1000,,0.000848,0.000559,available,,not_measured,managed,0.000559,1.516995,negligible
a.amin() [method] (int16),Reduction,int16,100000,,0.002269,0.002592,available,,not_measured,managed,0.002592,0.875386,close
a.amin() [method] (int16),Reduction,int16,10000000,,0.254875,0.398219,available,,not_measured,managed,0.398219,0.640037,slower
a.amin() [method] (int32),Reduction,int32,1000,,0.000857,0.000378,available,,not_measured,managed,0.000378,2.267196,negligible
a.amin() [method] (int32),Reduction,int32,100000,,0.003407,0.002292,available,,not_measured,managed,0.002292,1.486475,faster
a.amin() [method] (int32),Reduction,int32,10000000,,0.8917,2.994117,available,,not_measured,managed,2.994117,0.297817,much_slower
a.amin() [method] (int64),Reduction,int64,1000,,0.000936,0.000446,available,,not_measured,managed,0.000446,2.098655,negligible
a.amin() [method] (int64),Reduction,int64,100000,,0.008737,0.027293,available,,not_measured,managed,0.027293,0.320119,much_slower
a.amin() [method] (int64),Reduction,int64,10000000,,3.0824,8.36405,available,,not_measured,managed,8.36405,0.36853,slower
a.amin() [method] (int8),Reduction,int8,1000,,0.000854,0.000583,available,,not_measured,managed,0.000583,1.464837,negligible
a.amin() [method] (int8),Reduction,int8,100000,,0.00158,0.000845,available,,not_measured,managed,0.000845,1.869822,negligible
a.amin() [method] (int8),Reduction,int8,10000000,,0.107788,0.146485,available,,not_measured,managed,0.146485,0.73583,slower
a.amin() [method] (uint16),Reduction,uint16,1000,,0.000853,0.000892,available,,not_measured,managed,0.000892,0.956278,negligible
a.amin() [method] (uint16),Reduction,uint16,100000,,0.00227,0.002492,available,,not_measured,managed,0.002492,0.910915,close
a.amin() [method] (uint16),Reduction,uint16,10000000,,0.262767,0.916631,available,,not_measured,managed,0.916631,0.286666,much_slower
a.amin() [method] (uint32),Reduction,uint32,1000,,0.000866,0.000383,available,,not_measured,managed,0.000383,2.261097,negligible
a.amin() [method] (uint32),Reduction,uint32,100000,,0.003407,0.004026,available,,not_measured,managed,0.004026,0.846249,close
a.amin() [method] (uint32),Reduction,uint32,10000000,,1.3527,2.770233,available,,not_measured,managed,2.770233,0.488298,slower
a.amin() [method] (uint64),Reduction,uint64,1000,,0.000951,0.000444,available,,not_measured,managed,0.000444,2.141892,negligible
a.amin() [method] (uint64),Reduction,uint64,100000,,0.011259,0.018739,available,,not_measured,managed,0.018739,0.600832,slower
a.amin() [method] (uint64),Reduction,uint64,10000000,,3.277,7.6728,available,,not_measured,managed,7.6728,0.427093,slower
a.amin() [method] (uint8),Reduction,uint8,1000,,0.000847,0.000371,available,,not_measured,managed,0.000371,2.283019,negligible
a.amin() [method] (uint8),Reduction,uint8,100000,,0.001568,0.001142,available,,not_measured,managed,0.001142,1.37303,faster
a.amin() [method] (uint8),Reduction,uint8,10000000,,0.10738,0.133831,available,,not_measured,managed,0.133831,0.802355,close
a.mean() [method] (complex128),Reduction,complex128,1000,,0.002154,0.001079,available,,not_measured,managed,0.001079,1.996293,faster
a.mean() [method] (complex128),Reduction,complex128,100000,,0.029229,0.018037,available,,not_measured,managed,0.018037,1.620502,faster
a.mean() [method] (complex128),Reduction,complex128,10000000,,8.9336,6.50525,available,,not_measured,managed,6.50525,1.373291,faster
a.mean() [method] (float16),Reduction,float16,1000,,0.004023,0.00141,available,,not_measured,managed,0.00141,2.853191,faster
a.mean() [method] (float16),Reduction,float16,100000,,0.09831,0.122225,available,,not_measured,managed,0.122225,0.804336,close
a.mean() [method] (float16),Reduction,float16,10000000,,9.6174,7.96445,available,,not_measured,managed,7.96445,1.207541,faster
a.mean() [method] (float32),Reduction,float32,1000,,0.003076,0.000595,available,,not_measured,managed,0.000595,5.169748,negligible
a.mean() [method] (float32),Reduction,float32,100000,,0.016517,0.003149,available,,not_measured,managed,0.003149,5.245157,faster
a.mean() [method] (float32),Reduction,float32,10000000,,2.6067,1.107012,available,,not_measured,managed,1.107012,2.354717,faster
a.mean() [method] (float64),Reduction,float64,1000,,0.001903,0.000412,available,,not_measured,managed,0.000412,4.618932,negligible
a.mean() [method] (float64),Reduction,float64,100000,,0.016552,0.006863,available,,not_measured,managed,0.006863,2.411773,faster
a.mean() [method] (float64),Reduction,float64,10000000,,4.3362,2.95265,available,,not_measured,managed,2.95265,1.468579,faster
a.mean() [method] (int16),Reduction,int16,1000,,0.002448,0.000779,available,,not_measured,managed,0.000779,3.14249,negligible
a.mean() [method] (int16),Reduction,int16,100000,,0.050955,0.037975,available,,not_measured,managed,0.037975,1.341804,faster
a.mean() [method] (int16),Reduction,int16,10000000,,4.9666,2.026183,available,,not_measured,managed,2.026183,2.45121,faster
a.mean() [method] (int32),Reduction,int32,1000,,0.002327,0.00079,available,,not_measured,managed,0.00079,2.94557,negligible
a.mean() [method] (int32),Reduction,int32,100000,,0.037491,0.033243,available,,not_measured,managed,0.033243,1.127786,faster
a.mean() [method] (int32),Reduction,int32,10000000,,4.1694,4.82005,available,,not_measured,managed,4.82005,0.865012,close
a.mean() [method] (int64),Reduction,int64,1000,,0.002296,0.000596,available,,not_measured,managed,0.000596,3.852349,negligible
a.mean() [method] (int64),Reduction,int64,100000,,0.03328,0.009775,available,,not_measured,managed,0.009775,3.404604,faster
a.mean() [method] (int64),Reduction,int64,10000000,,5.7029,7.357267,available,,not_measured,managed,7.357267,0.775138,slower
a.mean() [method] (int8),Reduction,int8,1000,,0.002443,0.000787,available,,not_measured,managed,0.000787,3.104193,negligible
a.mean() [method] (int8),Reduction,int8,100000,,0.05075,0.030604,available,,not_measured,managed,0.030604,1.65828,faster
a.mean() [method] (int8),Reduction,int8,10000000,,4.9007,3.97405,available,,not_measured,managed,3.97405,1.233175,faster
a.mean() [method] (uint16),Reduction,uint16,1000,,0.002445,0.000754,available,,not_measured,managed,0.000754,3.242706,negligible
a.mean() [method] (uint16),Reduction,uint16,100000,,0.051147,0.02141,available,,not_measured,managed,0.02141,2.38893,faster
a.mean() [method] (uint16),Reduction,uint16,10000000,,4.969,1.992917,available,,not_measured,managed,1.992917,2.49333,faster
a.mean() [method] (uint32),Reduction,uint32,1000,,0.002331,0.000538,available,,not_measured,managed,0.000538,4.332714,negligible
a.mean() [method] (uint32),Reduction,uint32,100000,,0.039188,0.03927,available,,not_measured,managed,0.03927,0.997912,close
a.mean() [method] (uint32),Reduction,uint32,10000000,,4.8929,2.80365,available,,not_measured,managed,2.80365,1.745189,faster
a.mean() [method] (uint64),Reduction,uint64,1000,,0.002427,0.000494,available,,not_measured,managed,0.000494,4.912955,negligible
a.mean() [method] (uint64),Reduction,uint64,100000,,0.048361,0.009576,available,,not_measured,managed,0.009576,5.05023,faster
a.mean() [method] (uint64),Reduction,uint64,10000000,,6.7849,2.85315,available,,not_measured,managed,2.85315,2.378038,faster
a.mean() [method] (uint8),Reduction,uint8,1000,,0.002457,0.00086,available,,not_measured,managed,0.00086,2.856977,negligible
a.mean() [method] (uint8),Reduction,uint8,100000,,0.052991,0.018544,available,,not_measured,managed,0.018544,2.857582,faster
a.mean() [method] (uint8),Reduction,uint8,10000000,,4.9548,1.852171,available,,not_measured,managed,1.852171,2.675131,faster
a.std() [method] (float16),Reduction,float16,1000,,0.016146,0.004207,available,,not_measured,managed,0.004207,3.837889,faster
a.std() [method] (float16),Reduction,float16,100000,,0.8652,0.180895,available,,not_measured,managed,0.180895,4.782885,faster
a.std() [method] (float16),Reduction,float16,10000000,,89.294,34.2788,available,,not_measured,managed,34.2788,2.604934,faster
a.std() [method] (float32),Reduction,float32,1000,,0.007496,0.00048,available,,not_measured,managed,0.00048,15.616667,negligible
a.std() [method] (float32),Reduction,float32,100000,,0.044059,0.013797,available,,not_measured,managed,0.013797,3.193375,faster
a.std() [method] (float32),Reduction,float32,10000000,,15.6082,7.760125,available,,not_measured,managed,7.760125,2.011334,faster
a.std() [method] (float64),Reduction,float64,1000,,0.006035,0.000578,available,,not_measured,managed,0.000578,10.441176,negligible
a.std() [method] (float64),Reduction,float64,100000,,0.058473,0.034414,available,,not_measured,managed,0.034414,1.699105,faster
a.std() [method] (float64),Reduction,float64,10000000,,29.3266,16.1406,available,,not_measured,managed,16.1406,1.816946,faster
a.sum() [method] (complex128),Reduction,complex128,1000,,0.001036,0.000461,available,,not_measured,managed,0.000461,2.247289,negligible
a.sum() [method] (complex128),Reduction,complex128,100000,,0.027626,0.021341,available,,not_measured,managed,0.021341,1.294504,faster
a.sum() [method] (complex128),Reduction,complex128,10000000,,7.7457,11.5895,available,,not_measured,managed,11.5895,0.668338,slower
a.sum() [method] (float16),Reduction,float16,1000,,0.002694,0.000402,available,,not_measured,managed,0.000402,6.701493,negligible
a.sum() [method] (float16),Reduction,float16,100000,,0.188117,0.027358,available,,not_measured,managed,0.027358,6.876124,faster
a.sum() [method] (float16),Reduction,float16,10000000,,19.048,2.539575,available,,not_measured,managed,2.539575,7.500468,faster
a.sum() [method] (float32),Reduction,float32,1000,,0.000904,0.000605,available,,not_measured,managed,0.000605,1.494215,negligible
a.sum() [method] (float32),Reduction,float32,100000,,0.014283,0.00389,available,,not_measured,managed,0.00389,3.671722,faster
a.sum() [method] (float32),Reduction,float32,10000000,,3.0706,3.6859,available,,not_measured,managed,3.6859,0.833067,close
a.sum() [method] (float64),Reduction,float64,1000,,0.000905,0.000662,available,,not_measured,managed,0.000662,1.367069,negligible
a.sum() [method] (float64),Reduction,float64,100000,,0.01553,0.007855,available,,not_measured,managed,0.007855,1.977085,faster
a.sum() [method] (float64),Reduction,float64,10000000,,4.4497,6.5075,available,,not_measured,managed,6.5075,0.68378,slower
a.sum() [method] (int16),Reduction,int16,1000,,0.001208,0.000787,available,,not_measured,managed,0.000787,1.534943,negligible
a.sum() [method] (int16),Reduction,int16,100000,,0.031878,0.018881,available,,not_measured,managed,0.018881,1.688364,faster
a.sum() [method] (int16),Reduction,int16,10000000,,3.1625,1.9762,available,,not_measured,managed,1.9762,1.600293,faster
a.sum() [method] (int32),Reduction,int32,1000,,0.001307,0.000668,available,,not_measured,managed,0.000668,1.956587,negligible
a.sum() [method] (int32),Reduction,int32,100000,,0.032319,0.029737,available,,not_measured,managed,0.029737,1.086828,faster
a.sum() [method] (int32),Reduction,int32,10000000,,3.8326,3.469725,available,,not_measured,managed,3.469725,1.104583,faster
a.sum() [method] (int64),Reduction,int64,1000,,0.000967,0.000667,available,,not_measured,managed,0.000667,1.449775,negligible
a.sum() [method] (int64),Reduction,int64,100000,,0.014159,0.010387,available,,not_measured,managed,0.010387,1.363146,faster
a.sum() [method] (int64),Reduction,int64,10000000,,3.9089,7.14695,available,,not_measured,managed,7.14695,0.546933,slower
a.sum() [method] (int8),Reduction,int8,1000,,0.001218,0.000387,available,,not_measured,managed,0.000387,3.147287,negligible
a.sum() [method] (int8),Reduction,int8,100000,,0.032704,0.019478,available,,not_measured,managed,0.019478,1.679022,faster
a.sum() [method] (int8),Reduction,int8,10000000,,3.0929,4.7325,available,,not_measured,managed,4.7325,0.653545,slower
a.sum() [method] (uint16),Reduction,uint16,1000,,0.00122,0.001001,available,,not_measured,managed,0.001001,1.218781,faster
a.sum() [method] (uint16),Reduction,uint16,100000,,0.031717,0.019612,available,,not_measured,managed,0.019612,1.617224,faster
a.sum() [method] (uint16),Reduction,uint16,10000000,,3.1532,2.648133,available,,not_measured,managed,2.648133,1.190726,faster
a.sum() [method] (uint32),Reduction,uint32,1000,,0.001207,0.000599,available,,not_measured,managed,0.000599,2.015025,negligible
a.sum() [method] (uint32),Reduction,uint32,100000,,0.031713,0.039497,available,,not_measured,managed,0.039497,0.802922,close
a.sum() [method] (uint32),Reduction,uint32,10000000,,4.3882,4.930775,available,,not_measured,managed,4.930775,0.889962,close
a.sum() [method] (uint64),Reduction,uint64,1000,,0.000966,0.000655,available,,not_measured,managed,0.000655,1.474809,negligible
a.sum() [method] (uint64),Reduction,uint64,100000,,0.013488,0.010245,available,,not_measured,managed,0.010245,1.316545,faster
a.sum() [method] (uint64),Reduction,uint64,10000000,,3.9215,3.20135,available,,not_measured,managed,3.20135,1.224952,faster
a.sum() [method] (uint8),Reduction,uint8,1000,,0.00131,0.000699,available,,not_measured,managed,0.000699,1.874106,negligible
a.sum() [method] (uint8),Reduction,uint8,100000,,0.03281,0.018719,available,,not_measured,managed,0.018719,1.752765,faster
a.sum() [method] (uint8),Reduction,uint8,10000000,,3.0903,2.597414,available,,not_measured,managed,2.597414,1.18976,faster
a.var() [method] (float16),Reduction,float16,1000,,0.015567,0.002286,available,,not_measured,managed,0.002286,6.809711,faster
a.var() [method] (float16),Reduction,float16,100000,,0.8634,0.186396,available,,not_measured,managed,0.186396,4.632074,faster
a.var() [method] (float16),Reduction,float16,10000000,,89.0713,34.2767,available,,not_measured,managed,34.2767,2.598596,faster
a.var() [method] (float32),Reduction,float32,1000,,0.007011,0.000966,available,,not_measured,managed,0.000966,7.257764,negligible
a.var() [method] (float32),Reduction,float32,100000,,0.043665,0.018075,available,,not_measured,managed,0.018075,2.415768,faster
a.var() [method] (float32),Reduction,float32,10000000,,16.6133,7.10875,available,,not_measured,managed,7.10875,2.337021,faster
a.var() [method] (float64),Reduction,float64,1000,,0.005646,0.000991,available,,not_measured,managed,0.000991,5.697275,negligible
a.var() [method] (float64),Reduction,float64,100000,,0.057924,0.035259,available,,not_measured,managed,0.035259,1.642815,faster
a.var() [method] (float64),Reduction,float64,10000000,,29.1366,16.7861,available,,not_measured,managed,16.7861,1.735758,faster
np.amax (complex128),Reduction,complex128,1000,,0.002926,0.001592,available,,not_measured,managed,0.001592,1.83794,faster
np.amax (complex128),Reduction,complex128,100000,,0.148957,0.142869,available,,not_measured,managed,0.142869,1.042612,close
np.amax (complex128),Reduction,complex128,10000000,,16.4203,18.4357,available,,not_measured,managed,18.4357,0.890679,close
np.amax (float16),Reduction,float16,1000,,0.003366,0.001876,available,,not_measured,managed,0.001876,1.794243,faster
np.amax (float16),Reduction,float16,100000,,0.4874,0.41271,available,,not_measured,managed,0.41271,1.180975,faster
np.amax (float16),Reduction,float16,10000000,,49.9833,48.7957,available,,not_measured,managed,48.7957,1.024338,close
np.amax (float32),Reduction,float32,1000,,0.001503,0.000726,available,,not_measured,managed,0.000726,2.070248,negligible
np.amax (float32),Reduction,float32,100000,,0.00573,0.003537,available,,not_measured,managed,0.003537,1.620017,faster
np.amax (float32),Reduction,float32,10000000,,1.443,3.911475,available,,not_measured,managed,3.911475,0.368915,slower
np.amax (float64),Reduction,float64,1000,,0.001607,0.000695,available,,not_measured,managed,0.000695,2.31223,negligible
np.amax (float64),Reduction,float64,100000,,0.00988,0.006658,available,,not_measured,managed,0.006658,1.483929,faster
np.amax (float64),Reduction,float64,10000000,,3.0346,4.47465,available,,not_measured,managed,4.47465,0.678176,slower
np.amax (int16),Reduction,int16,1000,,0.001513,0.000492,available,,not_measured,managed,0.000492,3.075203,negligible
np.amax (int16),Reduction,int16,100000,,0.002962,0.002577,available,,not_measured,managed,0.002577,1.149399,faster
np.amax (int16),Reduction,int16,10000000,,0.24415,0.437814,available,,not_measured,managed,0.437814,0.557657,slower
np.amax (int32),Reduction,int32,1000,,0.00153,0.000529,available,,not_measured,managed,0.000529,2.89225,negligible
np.amax (int32),Reduction,int32,100000,,0.00407,0.002241,available,,not_measured,managed,0.002241,1.816154,faster
np.amax (int32),Reduction,int32,10000000,,1.1826,4.4009,available,,not_measured,managed,4.4009,0.268718,much_slower
np.amax (int64),Reduction,int64,1000,,0.00159,0.000855,available,,not_measured,managed,0.000855,1.859649,negligible
np.amax (int64),Reduction,int64,100000,,0.008813,0.027138,available,,not_measured,managed,0.027138,0.324748,much_slower
np.amax (int64),Reduction,int64,10000000,,3.1405,8.177375,available,,not_measured,managed,8.177375,0.384047,slower
np.amax (int8),Reduction,int8,1000,,0.00152,0.000365,available,,not_measured,managed,0.000365,4.164384,negligible
np.amax (int8),Reduction,int8,100000,,0.002263,0.000778,available,,not_measured,managed,0.000778,2.90874,negligible
np.amax (int8),Reduction,int8,10000000,,0.109289,0.225738,available,,not_measured,managed,0.225738,0.484141,slower
np.amax (uint16),Reduction,uint16,1000,,0.001513,0.000664,available,,not_measured,managed,0.000664,2.278614,negligible
np.amax (uint16),Reduction,uint16,100000,,0.002895,0.001745,available,,not_measured,managed,0.001745,1.659026,faster
np.amax (uint16),Reduction,uint16,10000000,,0.277233,0.693267,available,,not_measured,managed,0.693267,0.399894,slower
np.amax (uint32),Reduction,uint32,1000,,0.001544,0.000602,available,,not_measured,managed,0.000602,2.564784,negligible
np.amax (uint32),Reduction,uint32,100000,,0.004095,0.003884,available,,not_measured,managed,0.003884,1.054325,faster
np.amax (uint32),Reduction,uint32,10000000,,0.8433,3.6372,available,,not_measured,managed,3.6372,0.231854,much_slower
np.amax (uint64),Reduction,uint64,1000,,0.001611,0.000729,available,,not_measured,managed,0.000729,2.209877,negligible
np.amax (uint64),Reduction,uint64,100000,,0.011901,0.010102,available,,not_measured,managed,0.010102,1.178084,faster
np.amax (uint64),Reduction,uint64,10000000,,3.3333,8.624,available,,not_measured,managed,8.624,0.386514,slower
np.amax (uint8),Reduction,uint8,1000,,0.001519,0.000361,available,,not_measured,managed,0.000361,4.207756,negligible
np.amax (uint8),Reduction,uint8,100000,,0.002252,0.000967,available,,not_measured,managed,0.000967,2.328852,negligible
np.amax (uint8),Reduction,uint8,10000000,,0.109556,0.134387,available,,not_measured,managed,0.134387,0.815228,close
np.amax axis=0 (complex128),Reduction,complex128,1000,,0.002877,0.003736,available,,not_measured,managed,0.003736,0.770075,slower
np.amax axis=0 (complex128),Reduction,complex128,100000,,0.137,0.165606,available,,not_measured,managed,0.165606,0.827265,close
np.amax axis=0 (complex128),Reduction,complex128,10000000,,15.3796,17.0548,available,,not_measured,managed,17.0548,0.901775,close
np.amax axis=0 (float16),Reduction,float16,1000,,0.00363,0.001781,available,,not_measured,managed,0.001781,2.038181,faster
np.amax axis=0 (float16),Reduction,float16,100000,,0.487533,0.652815,available,,not_measured,managed,0.652815,0.746816,slower
np.amax axis=0 (float16),Reduction,float16,10000000,,48.8756,136.0526,available,,not_measured,managed,136.0526,0.35924,slower
np.amax axis=0 (float32),Reduction,float32,1000,,0.001968,0.000492,available,,not_measured,managed,0.000492,4.0,negligible
np.amax axis=0 (float32),Reduction,float32,100000,,0.009143,0.010601,available,,not_measured,managed,0.010601,0.862466,close
np.amax axis=0 (float32),Reduction,float32,10000000,,1.5867,4.538175,available,,not_measured,managed,4.538175,0.349634,slower
np.amax axis=0 (float64),Reduction,float64,1000,,0.002,0.000627,available,,not_measured,managed,0.000627,3.189793,negligible
np.amax axis=0 (float64),Reduction,float64,100000,,0.01421,0.017666,available,,not_measured,managed,0.017666,0.80437,close
np.amax axis=0 (float64),Reduction,float64,10000000,,3.4977,7.755025,available,,not_measured,managed,7.755025,0.451024,slower
np.amax axis=0 (int16),Reduction,int16,1000,,0.001872,0.000602,available,,not_measured,managed,0.000602,3.109635,negligible
np.amax axis=0 (int16),Reduction,int16,100000,,0.006013,0.003443,available,,not_measured,managed,0.003443,1.746442,faster
np.amax axis=0 (int16),Reduction,int16,10000000,,0.3323,0.994469,available,,not_measured,managed,0.994469,0.334148,slower
np.amax axis=0 (int32),Reduction,int32,1000,,0.001889,0.000506,available,,not_measured,managed,0.000506,3.733202,negligible
np.amax axis=0 (int32),Reduction,int32,100000,,0.008337,0.009362,available,,not_measured,managed,0.009362,0.890515,close
np.amax axis=0 (int32),Reduction,int32,10000000,,1.7795,4.3197,available,,not_measured,managed,4.3197,0.41195,slower
np.amax axis=0 (int64),Reduction,int64,1000,,0.001913,0.000972,available,,not_measured,managed,0.000972,1.968107,negligible
np.amax axis=0 (int64),Reduction,int64,100000,,0.014021,0.012079,available,,not_measured,managed,0.012079,1.160775,faster
np.amax axis=0 (int64),Reduction,int64,10000000,,3.6376,8.39865,available,,not_measured,managed,8.39865,0.433117,slower
np.amax axis=0 (int8),Reduction,int8,1000,,0.001868,0.00045,available,,not_measured,managed,0.00045,4.151111,negligible
np.amax axis=0 (int8),Reduction,int8,100000,,0.00732,0.003556,available,,not_measured,managed,0.003556,2.058493,faster
np.amax axis=0 (int8),Reduction,int8,10000000,,0.18232,0.351592,available,,not_measured,managed,0.351592,0.518556,slower
np.amax axis=0 (uint16),Reduction,uint16,1000,,0.001828,0.000395,available,,not_measured,managed,0.000395,4.627848,negligible
np.amax axis=0 (uint16),Reduction,uint16,100000,,0.006144,0.00406,available,,not_measured,managed,0.00406,1.5133,faster
np.amax axis=0 (uint16),Reduction,uint16,10000000,,0.38905,1.532342,available,,not_measured,managed,1.532342,0.253892,much_slower
np.amax axis=0 (uint32),Reduction,uint32,1000,,0.001895,0.000464,available,,not_measured,managed,0.000464,4.084052,negligible
np.amax axis=0 (uint32),Reduction,uint32,100000,,0.008377,0.005424,available,,not_measured,managed,0.005424,1.544432,faster
np.amax axis=0 (uint32),Reduction,uint32,10000000,,1.382,3.9071,available,,not_measured,managed,3.9071,0.353715,slower
np.amax axis=0 (uint64),Reduction,uint64,1000,,0.001974,0.000435,available,,not_measured,managed,0.000435,4.537931,negligible
np.amax axis=0 (uint64),Reduction,uint64,100000,,0.016493,0.013875,available,,not_measured,managed,0.013875,1.188685,faster
np.amax axis=0 (uint64),Reduction,uint64,10000000,,3.9781,9.5461,available,,not_measured,managed,9.5461,0.416725,slower
np.amax axis=0 (uint8),Reduction,uint8,1000,,0.001863,0.00048,available,,not_measured,managed,0.00048,3.88125,negligible
np.amax axis=0 (uint8),Reduction,uint8,100000,,0.00774,0.006689,available,,not_measured,managed,0.006689,1.157124,faster
np.amax axis=0 (uint8),Reduction,uint8,10000000,,0.182383,0.348907,available,,not_measured,managed,0.348907,0.522727,slower
np.amin (complex128),Reduction,complex128,1000,,0.002931,0.001564,available,,not_measured,managed,0.001564,1.874041,faster
np.amin (complex128),Reduction,complex128,100000,,0.147086,0.116072,available,,not_measured,managed,0.116072,1.267196,faster
np.amin (complex128),Reduction,complex128,10000000,,16.5091,13.9433,available,,not_measured,managed,13.9433,1.184017,faster
np.amin (float16),Reduction,float16,1000,,0.00359,0.001137,available,,not_measured,managed,0.001137,3.157432,faster
np.amin (float16),Reduction,float16,100000,,0.4807,0.299249,available,,not_measured,managed,0.299249,1.606355,faster
np.amin (float16),Reduction,float16,10000000,,51.4745,31.3699,available,,not_measured,managed,31.3699,1.640888,faster
np.amin (float32),Reduction,float32,1000,,0.001575,0.000694,available,,not_measured,managed,0.000694,2.269452,negligible
np.amin (float32),Reduction,float32,100000,,0.005685,0.007909,available,,not_measured,managed,0.007909,0.718801,slower
np.amin (float32),Reduction,float32,10000000,,1.2318,1.8966,available,,not_measured,managed,1.8966,0.649478,slower
np.amin (float64),Reduction,float64,1000,,0.00161,0.000376,available,,not_measured,managed,0.000376,4.281915,negligible
np.amin (float64),Reduction,float64,100000,,0.009886,0.013182,available,,not_measured,managed,0.013182,0.749962,slower
np.amin (float64),Reduction,float64,10000000,,3.0428,8.46275,available,,not_measured,managed,8.46275,0.359552,slower
np.amin (int16),Reduction,int16,1000,,0.001521,0.000527,available,,not_measured,managed,0.000527,2.886148,negligible
np.amin (int16),Reduction,int16,100000,,0.002968,0.002608,available,,not_measured,managed,0.002608,1.138037,faster
np.amin (int16),Reduction,int16,10000000,,0.2724,0.37052,available,,not_measured,managed,0.37052,0.735183,slower
np.amin (int32),Reduction,int32,1000,,0.001533,0.000557,available,,not_measured,managed,0.000557,2.752244,negligible
np.amin (int32),Reduction,int32,100000,,0.004097,0.00237,available,,not_measured,managed,0.00237,1.728692,faster
np.amin (int32),Reduction,int32,10000000,,0.8536,3.849675,available,,not_measured,managed,3.849675,0.221733,much_slower
np.amin (int64),Reduction,int64,1000,,0.001561,0.000435,available,,not_measured,managed,0.000435,3.588506,negligible
np.amin (int64),Reduction,int64,100000,,0.009301,0.027523,available,,not_measured,managed,0.027523,0.337936,slower
np.amin (int64),Reduction,int64,10000000,,3.1543,3.787325,available,,not_measured,managed,3.787325,0.832857,close
np.amin (int8),Reduction,int8,1000,,0.001518,0.000603,available,,not_measured,managed,0.000603,2.517413,negligible
np.amin (int8),Reduction,int8,100000,,0.002265,0.000738,available,,not_measured,managed,0.000738,3.069106,negligible
np.amin (int8),Reduction,int8,10000000,,0.107975,0.227621,available,,not_measured,managed,0.227621,0.474363,slower
np.amin (uint16),Reduction,uint16,1000,,0.001518,0.000417,available,,not_measured,managed,0.000417,3.640288,negligible
np.amin (uint16),Reduction,uint16,100000,,0.002964,0.002475,available,,not_measured,managed,0.002475,1.197576,faster
np.amin (uint16),Reduction,uint16,10000000,,0.2697,1.029071,available,,not_measured,managed,1.029071,0.262081,much_slower
np.amin (uint32),Reduction,uint32,1000,,0.001528,0.000655,available,,not_measured,managed,0.000655,2.332824,negligible
np.amin (uint32),Reduction,uint32,100000,,0.004098,0.003705,available,,not_measured,managed,0.003705,1.106073,faster
np.amin (uint32),Reduction,uint32,10000000,,1.5546,3.75045,available,,not_measured,managed,3.75045,0.41451,slower
np.amin (uint64),Reduction,uint64,1000,,0.00162,0.000511,available,,not_measured,managed,0.000511,3.170254,negligible
np.amin (uint64),Reduction,uint64,100000,,0.011922,0.019959,available,,not_measured,managed,0.019959,0.597325,slower
np.amin (uint64),Reduction,uint64,10000000,,3.2566,8.36565,available,,not_measured,managed,8.36565,0.389282,slower
np.amin (uint8),Reduction,uint8,1000,,0.001518,0.000946,available,,not_measured,managed,0.000946,1.604651,negligible
np.amin (uint8),Reduction,uint8,100000,,0.002451,0.001405,available,,not_measured,managed,0.001405,1.744484,faster
np.amin (uint8),Reduction,uint8,10000000,,0.109743,0.13475,available,,not_measured,managed,0.13475,0.814419,close
np.amin axis=0 (complex128),Reduction,complex128,1000,,0.002878,0.003401,available,,not_measured,managed,0.003401,0.846222,close
np.amin axis=0 (complex128),Reduction,complex128,100000,,0.137375,0.20782,available,,not_measured,managed,0.20782,0.661029,slower
np.amin axis=0 (complex128),Reduction,complex128,10000000,,15.3055,22.7295,available,,not_measured,managed,22.7295,0.673376,slower
np.amin axis=0 (float16),Reduction,float16,1000,,0.00382,0.001778,available,,not_measured,managed,0.001778,2.148481,faster
np.amin axis=0 (float16),Reduction,float16,100000,,0.462,0.52004,available,,not_measured,managed,0.52004,0.888393,close
np.amin axis=0 (float16),Reduction,float16,10000000,,46.2785,97.4029,available,,not_measured,managed,97.4029,0.475124,slower
np.amin axis=0 (float32),Reduction,float32,1000,,0.001961,0.000498,available,,not_measured,managed,0.000498,3.937751,negligible
np.amin axis=0 (float32),Reduction,float32,100000,,0.009164,0.010487,available,,not_measured,managed,0.010487,0.873844,close
np.amin axis=0 (float32),Reduction,float32,10000000,,1.6278,2.992967,available,,not_measured,managed,2.992967,0.543875,slower
np.amin axis=0 (float64),Reduction,float64,1000,,0.002004,0.000438,available,,not_measured,managed,0.000438,4.575342,negligible
np.amin axis=0 (float64),Reduction,float64,100000,,0.01416,0.016971,available,,not_measured,managed,0.016971,0.834365,close
np.amin axis=0 (float64),Reduction,float64,10000000,,3.4864,7.1635,available,,not_measured,managed,7.1635,0.486689,slower
np.amin axis=0 (int16),Reduction,int16,1000,,0.001886,0.000386,available,,not_measured,managed,0.000386,4.88601,negligible
np.amin axis=0 (int16),Reduction,int16,100000,,0.006331,0.006805,available,,not_measured,managed,0.006805,0.930345,close
np.amin axis=0 (int16),Reduction,int16,10000000,,0.332533,1.091,available,,not_measured,managed,1.091,0.304797,much_slower
np.amin axis=0 (int32),Reduction,int32,1000,,0.001887,0.0005,available,,not_measured,managed,0.0005,3.774,negligible
np.amin axis=0 (int32),Reduction,int32,100000,,0.008283,0.00702,available,,not_measured,managed,0.00702,1.179915,faster
np.amin axis=0 (int32),Reduction,int32,10000000,,1.7127,3.90215,available,,not_measured,managed,3.90215,0.438912,slower
np.amin axis=0 (int64),Reduction,int64,1000,,0.001956,0.000791,available,,not_measured,managed,0.000791,2.472819,negligible
np.amin axis=0 (int64),Reduction,int64,100000,,0.015082,0.027742,available,,not_measured,managed,0.027742,0.543652,slower
np.amin axis=0 (int64),Reduction,int64,10000000,,3.7359,8.414175,available,,not_measured,managed,8.414175,0.444001,slower
np.amin axis=0 (int8),Reduction,int8,1000,,0.00188,0.000559,available,,not_measured,managed,0.000559,3.363148,negligible
np.amin axis=0 (int8),Reduction,int8,100000,,0.006899,0.003659,available,,not_measured,managed,0.003659,1.885488,faster
np.amin axis=0 (int8),Reduction,int8,10000000,,0.180133,0.177341,available,,not_measured,managed,0.177341,1.015744,close
np.amin axis=0 (uint16),Reduction,uint16,1000,,0.00188,0.00047,available,,not_measured,managed,0.00047,4.0,negligible
np.amin axis=0 (uint16),Reduction,uint16,100000,,0.006103,0.005253,available,,not_measured,managed,0.005253,1.161812,faster
np.amin axis=0 (uint16),Reduction,uint16,10000000,,0.3891,0.86822,available,,not_measured,managed,0.86822,0.448158,slower
np.amin axis=0 (uint32),Reduction,uint32,1000,,0.001894,0.000371,available,,not_measured,managed,0.000371,5.105121,negligible
np.amin axis=0 (uint32),Reduction,uint32,100000,,0.008348,0.008497,available,,not_measured,managed,0.008497,0.982464,close
np.amin axis=0 (uint32),Reduction,uint32,10000000,,1.2576,4.295825,available,,not_measured,managed,4.295825,0.292749,much_slower
np.amin axis=0 (uint64),Reduction,uint64,1000,,0.00196,0.000406,available,,not_measured,managed,0.000406,4.827586,negligible
np.amin axis=0 (uint64),Reduction,uint64,100000,,0.016577,0.037237,available,,not_measured,managed,0.037237,0.445175,slower
np.amin axis=0 (uint64),Reduction,uint64,10000000,,4.0118,5.76795,available,,not_measured,managed,5.76795,0.695533,slower
np.amin axis=0 (uint8),Reduction,uint8,1000,,0.001868,0.000446,available,,not_measured,managed,0.000446,4.188341,negligible
np.amin axis=0 (uint8),Reduction,uint8,100000,,0.006763,0.007942,available,,not_measured,managed,0.007942,0.851549,close
np.amin axis=0 (uint8),Reduction,uint8,10000000,,0.1805,0.168996,available,,not_measured,managed,0.168996,1.068073,faster
np.argmax (complex128),Reduction,complex128,1000,,0.001869,0.001492,available,,not_measured,managed,0.001492,1.252681,faster
np.argmax (complex128),Reduction,complex128,100000,,0.110456,0.114132,available,,not_measured,managed,0.114132,0.967792,close
np.argmax (complex128),Reduction,complex128,10000000,,13.8913,13.6593,available,,not_measured,managed,13.6593,1.016985,close
np.argmax (float16),Reduction,float16,1000,,0.002473,0.00178,available,,not_measured,managed,0.00178,1.389326,faster
np.argmax (float16),Reduction,float16,100000,,0.4232,0.140565,available,,not_measured,managed,0.140565,3.010707,faster
np.argmax (float16),Reduction,float16,10000000,,43.2377,14.0835,available,,not_measured,managed,14.0835,3.070096,faster
np.argmax (float32),Reduction,float32,1000,,0.000818,0.000509,available,,not_measured,managed,0.000509,1.607073,negligible
np.argmax (float32),Reduction,float32,100000,,0.008376,0.007988,available,,not_measured,managed,0.007988,1.048573,close
np.argmax (float32),Reduction,float32,10000000,,1.8408,2.039717,available,,not_measured,managed,2.039717,0.902478,close
np.argmax (float64),Reduction,float64,1000,,0.000911,0.000458,available,,not_measured,managed,0.000458,1.989083,negligible
np.argmax (float64),Reduction,float64,100000,,0.016085,0.015718,available,,not_measured,managed,0.015718,1.023349,close
np.argmax (float64),Reduction,float64,10000000,,4.0915,4.74375,available,,not_measured,managed,4.74375,0.862503,close
np.argmax (int16),Reduction,int16,1000,,0.000795,0.000459,available,,not_measured,managed,0.000459,1.732026,negligible
np.argmax (int16),Reduction,int16,100000,,0.003233,0.001856,available,,not_measured,managed,0.001856,1.741918,faster
np.argmax (int16),Reduction,int16,10000000,,0.3321,0.365669,available,,not_measured,managed,0.365669,0.908198,close
np.argmax (int32),Reduction,int32,1000,,0.000764,0.000489,available,,not_measured,managed,0.000489,1.562372,negligible
np.argmax (int32),Reduction,int32,100000,,0.005318,0.002607,available,,not_measured,managed,0.002607,2.039893,faster
np.argmax (int32),Reduction,int32,10000000,,1.2958,1.319753,available,,not_measured,managed,1.319753,0.98185,close
np.argmax (int64),Reduction,int64,1000,,0.000881,0.000613,available,,not_measured,managed,0.000613,1.437194,negligible
np.argmax (int64),Reduction,int64,100000,,0.013957,0.028176,available,,not_measured,managed,0.028176,0.495351,slower
np.argmax (int64),Reduction,int64,10000000,,3.9011,4.645725,available,,not_measured,managed,4.645725,0.839718,close
np.argmax (int8),Reduction,int8,1000,,0.000825,0.000462,available,,not_measured,managed,0.000462,1.785714,negligible
np.argmax (int8),Reduction,int8,100000,,0.002094,0.000788,available,,not_measured,managed,0.000788,2.65736,negligible
np.argmax (int8),Reduction,int8,10000000,,0.146257,0.14624,available,,not_measured,managed,0.14624,1.000116,close
np.argmax (uint16),Reduction,uint16,1000,,0.000817,0.000471,available,,not_measured,managed,0.000471,1.734607,negligible
np.argmax (uint16),Reduction,uint16,100000,,0.004859,0.001853,available,,not_measured,managed,0.001853,2.622234,faster
np.argmax (uint16),Reduction,uint16,10000000,,0.6957,0.372677,available,,not_measured,managed,0.372677,1.866764,faster
np.argmax (uint32),Reduction,uint32,1000,,0.000828,0.000493,available,,not_measured,managed,0.000493,1.679513,negligible
np.argmax (uint32),Reduction,uint32,100000,,0.008604,0.003494,available,,not_measured,managed,0.003494,2.462507,faster
np.argmax (uint32),Reduction,uint32,10000000,,1.6898,1.301665,available,,not_measured,managed,1.301665,1.298183,faster
np.argmax (uint64),Reduction,uint64,1000,,0.000912,0.000657,available,,not_measured,managed,0.000657,1.388128,negligible
np.argmax (uint64),Reduction,uint64,100000,,0.016735,0.033037,available,,not_measured,managed,0.033037,0.506553,slower
np.argmax (uint64),Reduction,uint64,10000000,,3.9153,5.031025,available,,not_measured,managed,5.031025,0.778231,slower
np.argmax (uint8),Reduction,uint8,1000,,0.000855,0.000475,available,,not_measured,managed,0.000475,1.8,negligible
np.argmax (uint8),Reduction,uint8,100000,,0.002908,0.000785,available,,not_measured,managed,0.000785,3.704459,negligible
np.argmax (uint8),Reduction,uint8,10000000,,0.21254,0.141248,available,,not_measured,managed,0.141248,1.504729,faster
np.argmin (complex128),Reduction,complex128,1000,,0.00184,0.002095,available,,not_measured,managed,0.002095,0.878282,close
np.argmin (complex128),Reduction,complex128,100000,,0.111111,0.115114,available,,not_measured,managed,0.115114,0.965226,close
np.argmin (complex128),Reduction,complex128,10000000,,13.953,14.274,available,,not_measured,managed,14.274,0.977512,close
np.argmin (float16),Reduction,float16,1000,,0.002558,0.002772,available,,not_measured,managed,0.002772,0.922799,close
np.argmin (float16),Reduction,float16,100000,,0.398533,0.141129,available,,not_measured,managed,0.141129,2.823892,faster
np.argmin (float16),Reduction,float16,10000000,,41.8146,14.2493,available,,not_measured,managed,14.2493,2.934502,faster
np.argmin (float32),Reduction,float32,1000,,0.000825,0.000433,available,,not_measured,managed,0.000433,1.905312,negligible
np.argmin (float32),Reduction,float32,100000,,0.008386,0.008154,available,,not_measured,managed,0.008154,1.028452,close
np.argmin (float32),Reduction,float32,10000000,,1.7958,2.233375,available,,not_measured,managed,2.233375,0.804075,close
np.argmin (float64),Reduction,float64,1000,,0.000914,0.000564,available,,not_measured,managed,0.000564,1.620567,negligible
np.argmin (float64),Reduction,float64,100000,,0.016081,0.016602,available,,not_measured,managed,0.016602,0.968618,close
np.argmin (float64),Reduction,float64,10000000,,4.2039,4.28765,available,,not_measured,managed,4.28765,0.980467,close
np.argmin (int16),Reduction,int16,1000,,0.0008,0.000483,available,,not_measured,managed,0.000483,1.656315,negligible
np.argmin (int16),Reduction,int16,100000,,0.003238,0.001866,available,,not_measured,managed,0.001866,1.735263,faster
np.argmin (int16),Reduction,int16,10000000,,0.335667,0.411936,available,,not_measured,managed,0.411936,0.814852,close
np.argmin (int32),Reduction,int32,1000,,0.000799,0.000373,available,,not_measured,managed,0.000373,2.142091,negligible
np.argmin (int32),Reduction,int32,100000,,0.005268,0.002589,available,,not_measured,managed,0.002589,2.034762,faster
np.argmin (int32),Reduction,int32,10000000,,1.3518,1.728883,available,,not_measured,managed,1.728883,0.781892,slower
np.argmin (int64),Reduction,int64,1000,,0.000878,0.000689,available,,not_measured,managed,0.000689,1.274311,negligible
np.argmin (int64),Reduction,int64,100000,,0.013889,0.028594,available,,not_measured,managed,0.028594,0.485731,slower
np.argmin (int64),Reduction,int64,10000000,,3.6834,4.682075,available,,not_measured,managed,4.682075,0.786702,slower
np.argmin (int8),Reduction,int8,1000,,0.00083,0.000318,available,,not_measured,managed,0.000318,2.610063,negligible
np.argmin (int8),Reduction,int8,100000,,0.002099,0.000836,available,,not_measured,managed,0.000836,2.510766,negligible
np.argmin (int8),Reduction,int8,10000000,,0.148314,0.149182,available,,not_measured,managed,0.149182,0.994182,close
np.argmin (uint16),Reduction,uint16,1000,,0.000815,0.000357,available,,not_measured,managed,0.000357,2.282913,negligible
np.argmin (uint16),Reduction,uint16,100000,,0.004842,0.001846,available,,not_measured,managed,0.001846,2.622969,faster
np.argmin (uint16),Reduction,uint16,10000000,,1.3022,0.382079,available,,not_measured,managed,0.382079,3.408196,faster
np.argmin (uint32),Reduction,uint32,1000,,0.000825,0.000521,available,,not_measured,managed,0.000521,1.583493,negligible
np.argmin (uint32),Reduction,uint32,100000,,0.00859,0.003503,available,,not_measured,managed,0.003503,2.452184,faster
np.argmin (uint32),Reduction,uint32,10000000,,2.0782,1.41855,available,,not_measured,managed,1.41855,1.465017,faster
np.argmin (uint64),Reduction,uint64,1000,,0.000905,0.000531,available,,not_measured,managed,0.000531,1.704331,negligible
np.argmin (uint64),Reduction,uint64,100000,,0.016732,0.059738,available,,not_measured,managed,0.059738,0.28009,much_slower
np.argmin (uint64),Reduction,uint64,10000000,,3.9005,5.218425,available,,not_measured,managed,5.218425,0.747448,slower
np.argmin (uint8),Reduction,uint8,1000,,0.000825,0.000378,available,,not_measured,managed,0.000378,2.18254,negligible
np.argmin (uint8),Reduction,uint8,100000,,0.002945,0.000803,available,,not_measured,managed,0.000803,3.667497,negligible
np.argmin (uint8),Reduction,uint8,10000000,,0.2129,0.135372,available,,not_measured,managed,0.135372,1.572703,faster
np.cumprod(a) (float16),Reduction,float16,1000,,0.014049,0.012088,available,,not_measured,managed,0.012088,1.162227,faster
np.cumprod(a) (float16),Reduction,float16,100000,,0.371867,0.953987,available,,not_measured,managed,0.953987,0.389803,slower
np.cumprod(a) (float16),Reduction,float16,10000000,,37.5571,144.0882,available,,not_measured,managed,144.0882,0.260654,much_slower
np.cumprod(a) (float32),Reduction,float32,1000,,0.018921,0.018177,available,,not_measured,managed,0.018177,1.040931,close
np.cumprod(a) (float32),Reduction,float32,100000,,2.4579,2.38,available,,not_measured,managed,2.38,1.032731,close
np.cumprod(a) (float32),Reduction,float32,10000000,,248.6307,417.3613,available,,not_measured,managed,417.3613,0.595721,slower
np.cumprod(a) (float64),Reduction,float64,1000,,0.002739,0.002658,available,,not_measured,managed,0.002658,1.030474,close
np.cumprod(a) (float64),Reduction,float64,100000,,2.3623,3.69875,available,,not_measured,managed,3.69875,0.638675,slower
np.cumprod(a) (float64),Reduction,float64,10000000,,253.5734,598.5392,available,,not_measured,managed,598.5392,0.423654,slower
np.cumsum (complex128),Reduction,complex128,1000,,0.002797,0.002481,available,,not_measured,managed,0.002481,1.127368,faster
np.cumsum (complex128),Reduction,complex128,100000,,0.3624,0.279819,available,,not_measured,managed,0.279819,1.295123,faster
np.cumsum (complex128),Reduction,complex128,10000000,,34.3182,32.4457,available,,not_measured,managed,32.4457,1.057712,faster
np.cumsum (float16),Reduction,float16,1000,,0.00576,0.015269,available,,not_measured,managed,0.015269,0.377235,slower
np.cumsum (float16),Reduction,float16,100000,,0.460067,0.981293,available,,not_measured,managed,0.981293,0.468838,slower
np.cumsum (float16),Reduction,float16,10000000,,48.8109,151.6401,available,,not_measured,managed,151.6401,0.321886,much_slower
np.cumsum (float32),Reduction,float32,1000,,0.002609,0.001779,available,,not_measured,managed,0.001779,1.466554,faster
np.cumsum (float32),Reduction,float32,100000,,0.157729,0.086494,available,,not_measured,managed,0.086494,1.823583,faster
np.cumsum (float32),Reduction,float32,10000000,,19.6539,7.10945,available,,not_measured,managed,7.10945,2.764475,faster
np.cumsum (float64),Reduction,float64,1000,,0.002741,0.002253,available,,not_measured,managed,0.002253,1.2166,faster
np.cumsum (float64),Reduction,float64,100000,,0.162529,0.148057,available,,not_measured,managed,0.148057,1.097746,faster
np.cumsum (float64),Reduction,float64,10000000,,24.0126,19.2071,available,,not_measured,managed,19.2071,1.250194,faster
np.cumsum (int16),Reduction,int16,1000,,0.002161,0.002016,available,,not_measured,managed,0.002016,1.071925,faster
np.cumsum (int16),Reduction,int16,100000,,0.3198,0.139919,available,,not_measured,managed,0.139919,2.285608,faster
np.cumsum (int16),Reduction,int16,10000000,,26.9944,13.86575,available,,not_measured,managed,13.86575,1.94684,faster
np.cumsum (int32),Reduction,int32,1000,,0.00217,0.001657,available,,not_measured,managed,0.001657,1.309596,faster
np.cumsum (int32),Reduction,int32,100000,,0.303333,0.133319,available,,not_measured,managed,0.133319,2.275242,faster
np.cumsum (int32),Reduction,int32,10000000,,27.8948,13.724,available,,not_measured,managed,13.724,2.032556,faster
np.cumsum (int64),Reduction,int64,1000,,0.001539,0.001827,available,,not_measured,managed,0.001827,0.842365,close
np.cumsum (int64),Reduction,int64,100000,,0.030072,0.157842,available,,not_measured,managed,0.157842,0.19052,much_slower
np.cumsum (int64),Reduction,int64,10000000,,14.6809,18.2308,available,,not_measured,managed,18.2308,0.80528,close
np.cumsum (int8),Reduction,int8,1000,,0.00217,0.001717,available,,not_measured,managed,0.001717,1.263832,faster
np.cumsum (int8),Reduction,int8,100000,,0.322733,0.134731,available,,not_measured,managed,0.134731,2.395388,faster
np.cumsum (int8),Reduction,int8,10000000,,26.4977,12.35525,available,,not_measured,managed,12.35525,2.144651,faster
np.cumsum (uint16),Reduction,uint16,1000,,0.002158,0.001998,available,,not_measured,managed,0.001998,1.08008,faster
np.cumsum (uint16),Reduction,uint16,100000,,0.306525,0.140166,available,,not_measured,managed,0.140166,2.186871,faster
np.cumsum (uint16),Reduction,uint16,10000000,,28.1546,13.7339,available,,not_measured,managed,13.7339,2.050008,faster
np.cumsum (uint32),Reduction,uint32,1000,,0.002142,0.001907,available,,not_measured,managed,0.001907,1.12323,faster
np.cumsum (uint32),Reduction,uint32,100000,,0.311933,0.123658,available,,not_measured,managed,0.123658,2.522546,faster
np.cumsum (uint32),Reduction,uint32,10000000,,28.1214,15.6286,available,,not_measured,managed,15.6286,1.799355,faster
np.cumsum (uint64),Reduction,uint64,1000,,0.001549,0.001843,available,,not_measured,managed,0.001843,0.840477,close
np.cumsum (uint64),Reduction,uint64,100000,,0.030341,0.146523,available,,not_measured,managed,0.146523,0.207073,much_slower
np.cumsum (uint64),Reduction,uint64,10000000,,14.7396,15.0252,available,,not_measured,managed,15.0252,0.980992,close
np.cumsum (uint8),Reduction,uint8,1000,,0.002149,0.001351,available,,not_measured,managed,0.001351,1.590674,faster
np.cumsum (uint8),Reduction,uint8,100000,,0.306867,0.123245,available,,not_measured,managed,0.123245,2.489894,faster
np.cumsum (uint8),Reduction,uint8,10000000,,26.7547,11.0485,available,,not_measured,managed,11.0485,2.421569,faster
np.max (complex128),Reduction,complex128,1000,,0.002938,0.001589,available,,not_measured,managed,0.001589,1.848962,faster
np.max (complex128),Reduction,complex128,100000,,0.146417,0.144864,available,,not_measured,managed,0.144864,1.01072,close
np.max (complex128),Reduction,complex128,10000000,,16.8246,14.2775,available,,not_measured,managed,14.2775,1.1784,faster
np.max (float16),Reduction,float16,1000,,0.003411,0.001039,available,,not_measured,managed,0.001039,3.282964,faster
np.max (float16),Reduction,float16,100000,,0.48675,0.322105,available,,not_measured,managed,0.322105,1.511153,faster
np.max (float16),Reduction,float16,10000000,,50.0406,39.8807,available,,not_measured,managed,39.8807,1.254757,faster
np.max (float32),Reduction,float32,1000,,0.001555,0.00041,available,,not_measured,managed,0.00041,3.792683,negligible
np.max (float32),Reduction,float32,100000,,0.005729,0.003584,available,,not_measured,managed,0.003584,1.598493,faster
np.max (float32),Reduction,float32,10000000,,1.4794,1.927167,available,,not_measured,managed,1.927167,0.767655,slower
np.max (float64),Reduction,float64,1000,,0.001609,0.000419,available,,not_measured,managed,0.000419,3.840095,negligible
np.max (float64),Reduction,float64,100000,,0.009886,0.007778,available,,not_measured,managed,0.007778,1.271021,faster
np.max (float64),Reduction,float64,10000000,,3.1926,3.253375,available,,not_measured,managed,3.253375,0.981319,close
np.max (int16),Reduction,int16,1000,,0.001514,0.000364,available,,not_measured,managed,0.000364,4.159341,negligible
np.max (int16),Reduction,int16,100000,,0.002953,0.001777,available,,not_measured,managed,0.001777,1.66179,faster
np.max (int16),Reduction,int16,10000000,,0.24664,0.653883,available,,not_measured,managed,0.653883,0.377193,slower
np.max (int32),Reduction,int32,1000,,0.001523,0.000371,available,,not_measured,managed,0.000371,4.105121,negligible
np.max (int32),Reduction,int32,100000,,0.004076,0.002238,available,,not_measured,managed,0.002238,1.821269,faster
np.max (int32),Reduction,int32,10000000,,0.8771,1.163886,available,,not_measured,managed,1.163886,0.753596,slower
np.max (int64),Reduction,int64,1000,,0.001589,0.00045,available,,not_measured,managed,0.00045,3.531111,negligible
np.max (int64),Reduction,int64,100000,,0.008835,0.007507,available,,not_measured,managed,0.007507,1.176902,faster
np.max (int64),Reduction,int64,10000000,,3.0596,6.126325,available,,not_measured,managed,6.126325,0.499418,slower
np.max (int8),Reduction,int8,1000,,0.001517,0.000397,available,,not_measured,managed,0.000397,3.821159,negligible
np.max (int8),Reduction,int8,100000,,0.00227,0.000766,available,,not_measured,managed,0.000766,2.963446,negligible
np.max (int8),Reduction,int8,10000000,,0.109067,0.150611,available,,not_measured,managed,0.150611,0.724164,slower
np.max (uint16),Reduction,uint16,1000,,0.001508,0.000377,available,,not_measured,managed,0.000377,4.0,negligible
np.max (uint16),Reduction,uint16,100000,,0.002955,0.00233,available,,not_measured,managed,0.00233,1.26824,faster
np.max (uint16),Reduction,uint16,10000000,,0.6758,0.347979,available,,not_measured,managed,0.347979,1.942071,faster
np.max (uint32),Reduction,uint32,1000,,0.001525,0.000393,available,,not_measured,managed,0.000393,3.880407,negligible
np.max (uint32),Reduction,uint32,100000,,0.00409,0.003257,available,,not_measured,managed,0.003257,1.255757,faster
np.max (uint32),Reduction,uint32,10000000,,0.9422,1.387829,available,,not_measured,managed,1.387829,0.678902,slower
np.max (uint64),Reduction,uint64,1000,,0.001614,0.000453,available,,not_measured,managed,0.000453,3.562914,negligible
np.max (uint64),Reduction,uint64,100000,,0.011872,0.009822,available,,not_measured,managed,0.009822,1.208715,faster
np.max (uint64),Reduction,uint64,10000000,,3.2162,3.97535,available,,not_measured,managed,3.97535,0.809036,close
np.max (uint8),Reduction,uint8,1000,,0.001511,0.000609,available,,not_measured,managed,0.000609,2.481117,negligible
np.max (uint8),Reduction,uint8,100000,,0.002257,0.000769,available,,not_measured,managed,0.000769,2.93498,negligible
np.max (uint8),Reduction,uint8,10000000,,0.109133,0.135769,available,,not_measured,managed,0.135769,0.803814,close
np.mean (complex128),Reduction,complex128,1000,,0.002569,0.000986,available,,not_measured,managed,0.000986,2.605477,negligible
np.mean (complex128),Reduction,complex128,100000,,0.030165,0.010505,available,,not_measured,managed,0.010505,2.87149,faster
np.mean (complex128),Reduction,complex128,10000000,,8.9048,6.53605,available,,not_measured,managed,6.53605,1.362413,faster
np.mean (float16),Reduction,float16,1000,,0.004434,0.001714,available,,not_measured,managed,0.001714,2.586931,faster
np.mean (float16),Reduction,float16,100000,,0.095682,0.099117,available,,not_measured,managed,0.099117,0.965344,close
np.mean (float16),Reduction,float16,10000000,,9.6296,8.0019,available,,not_measured,managed,8.0019,1.203414,faster
np.mean (float32),Reduction,float32,1000,,0.003495,0.00058,available,,not_measured,managed,0.00058,6.025862,negligible
np.mean (float32),Reduction,float32,100000,,0.016958,0.004459,available,,not_measured,managed,0.004459,3.803095,faster
np.mean (float32),Reduction,float32,10000000,,2.6491,1.2552,available,,not_measured,managed,1.2552,2.1105,faster
np.mean (float64),Reduction,float64,1000,,0.002269,0.00059,available,,not_measured,managed,0.00059,3.845763,negligible
np.mean (float64),Reduction,float64,100000,,0.016954,0.008734,available,,not_measured,managed,0.008734,1.94115,faster
np.mean (float64),Reduction,float64,10000000,,4.3516,3.017975,available,,not_measured,managed,3.017975,1.441894,faster
np.mean (int16),Reduction,int16,1000,,0.002844,0.000563,available,,not_measured,managed,0.000563,5.05151,negligible
np.mean (int16),Reduction,int16,100000,,0.051442,0.038729,available,,not_measured,managed,0.038729,1.328255,faster
np.mean (int16),Reduction,int16,10000000,,4.9518,1.9887,available,,not_measured,managed,1.9887,2.489968,faster
np.mean (int32),Reduction,int32,1000,,0.002703,0.000492,available,,not_measured,managed,0.000492,5.493902,negligible
np.mean (int32),Reduction,int32,100000,,0.03834,0.032077,available,,not_measured,managed,0.032077,1.195249,faster
np.mean (int32),Reduction,int32,10000000,,4.3905,5.145075,available,,not_measured,managed,5.145075,0.85334,close
np.mean (int64),Reduction,int64,1000,,0.002683,0.000507,available,,not_measured,managed,0.000507,5.291913,negligible
np.mean (int64),Reduction,int64,100000,,0.033772,0.008978,available,,not_measured,managed,0.008978,3.76164,faster
np.mean (int64),Reduction,int64,10000000,,5.6977,2.777125,available,,not_measured,managed,2.777125,2.051654,faster
np.mean (int8),Reduction,int8,1000,,0.00283,0.001048,available,,not_measured,managed,0.001048,2.700382,faster
np.mean (int8),Reduction,int8,100000,,0.051342,0.028149,available,,not_measured,managed,0.028149,1.823937,faster
np.mean (int8),Reduction,int8,10000000,,4.8991,2.96675,available,,not_measured,managed,2.96675,1.651336,faster
np.mean (uint16),Reduction,uint16,1000,,0.002839,0.000427,available,,not_measured,managed,0.000427,6.648712,negligible
np.mean (uint16),Reduction,uint16,100000,,0.051461,0.027205,available,,not_measured,managed,0.027205,1.891601,faster
np.mean (uint16),Reduction,uint16,10000000,,4.9938,1.976633,available,,not_measured,managed,1.976633,2.526417,faster
np.mean (uint32),Reduction,uint32,1000,,0.00273,0.000558,available,,not_measured,managed,0.000558,4.892473,negligible
np.mean (uint32),Reduction,uint32,100000,,0.039742,0.034166,available,,not_measured,managed,0.034166,1.163203,faster
np.mean (uint32),Reduction,uint32,10000000,,4.985,4.54065,available,,not_measured,managed,4.54065,1.09786,faster
np.mean (uint64),Reduction,uint64,1000,,0.002816,0.000494,available,,not_measured,managed,0.000494,5.700405,negligible
np.mean (uint64),Reduction,uint64,100000,,0.048748,0.010802,available,,not_measured,managed,0.010802,4.512868,faster
np.mean (uint64),Reduction,uint64,10000000,,6.8211,3.027667,available,,not_measured,managed,3.027667,2.252923,faster
np.mean (uint8),Reduction,uint8,1000,,0.002849,0.000877,available,,not_measured,managed,0.000877,3.248575,negligible
np.mean (uint8),Reduction,uint8,100000,,0.0514,0.018547,available,,not_measured,managed,0.018547,2.771338,faster
np.mean (uint8),Reduction,uint8,10000000,,4.9503,1.877057,available,,not_measured,managed,1.877057,2.637267,faster
np.mean axis=0 (complex128),Reduction,complex128,1000,,0.003008,0.003091,available,,not_measured,managed,0.003091,0.973148,close
np.mean axis=0 (complex128),Reduction,complex128,100000,,0.020847,0.024151,available,,not_measured,managed,0.024151,0.863194,close
np.mean axis=0 (complex128),Reduction,complex128,10000000,,6.8661,16.4463,available,,not_measured,managed,16.4463,0.417486,slower
np.mean axis=0 (float16),Reduction,float16,1000,,0.004737,0.006416,available,,not_measured,managed,0.006416,0.73831,slower
np.mean axis=0 (float16),Reduction,float16,100000,,0.074777,0.148784,available,,not_measured,managed,0.148784,0.502588,slower
np.mean axis=0 (float16),Reduction,float16,10000000,,7.1191,25.0443,available,,not_measured,managed,25.0443,0.28426,much_slower
np.mean axis=0 (float32),Reduction,float32,1000,,0.003402,0.002283,available,,not_measured,managed,0.002283,1.490145,faster
np.mean axis=0 (float32),Reduction,float32,100000,,0.008996,0.008986,available,,not_measured,managed,0.008986,1.001113,close
np.mean axis=0 (float32),Reduction,float32,10000000,,1.2508,2.675167,available,,not_measured,managed,2.675167,0.46756,slower
np.mean axis=0 (float64),Reduction,float64,1000,,0.002868,0.002823,available,,not_measured,managed,0.002823,1.01594,close
np.mean axis=0 (float64),Reduction,float64,100000,,0.012568,0.015511,available,,not_measured,managed,0.015511,0.810264,close
np.mean axis=0 (float64),Reduction,float64,10000000,,3.0581,5.532675,available,,not_measured,managed,5.532675,0.552734,slower
np.mean axis=0 (int16),Reduction,int16,1000,,0.003377,0.000479,available,,not_measured,managed,0.000479,7.050104,negligible
np.mean axis=0 (int16),Reduction,int16,100000,,0.049555,0.008287,available,,not_measured,managed,0.008287,5.979848,faster
np.mean axis=0 (int16),Reduction,int16,10000000,,5.0642,1.20819,available,,not_measured,managed,1.20819,4.191559,faster
np.mean axis=0 (int32),Reduction,int32,1000,,0.003258,0.000428,available,,not_measured,managed,0.000428,7.61215,negligible
np.mean axis=0 (int32),Reduction,int32,100000,,0.035162,0.010843,available,,not_measured,managed,0.010843,3.242829,faster
np.mean axis=0 (int32),Reduction,int32,10000000,,4.4952,2.104433,available,,not_measured,managed,2.104433,2.136062,faster
np.mean axis=0 (int64),Reduction,int64,1000,,0.003235,0.000381,available,,not_measured,managed,0.000381,8.490814,negligible
np.mean axis=0 (int64),Reduction,int64,100000,,0.031413,0.012124,available,,not_measured,managed,0.012124,2.590977,faster
np.mean axis=0 (int64),Reduction,int64,10000000,,5.7559,4.69465,available,,not_measured,managed,4.69465,1.226055,faster
np.mean axis=0 (int8),Reduction,int8,1000,,0.003379,0.00043,available,,not_measured,managed,0.00043,7.85814,negligible
np.mean axis=0 (int8),Reduction,int8,100000,,0.049414,0.018805,available,,not_measured,managed,0.018805,2.627705,faster
np.mean axis=0 (int8),Reduction,int8,10000000,,5.1282,0.782392,available,,not_measured,managed,0.782392,6.554515,faster
np.mean axis=0 (uint16),Reduction,uint16,1000,,0.003389,0.000453,available,,not_measured,managed,0.000453,7.481236,negligible
np.mean axis=0 (uint16),Reduction,uint16,100000,,0.049428,0.014831,available,,not_measured,managed,0.014831,3.332749,faster
np.mean axis=0 (uint16),Reduction,uint16,10000000,,5.1681,1.11966,available,,not_measured,managed,1.11966,4.615776,faster
np.mean axis=0 (uint32),Reduction,uint32,1000,,0.003294,0.000362,available,,not_measured,managed,0.000362,9.099448,negligible
np.mean axis=0 (uint32),Reduction,uint32,100000,,0.037689,0.009353,available,,not_measured,managed,0.009353,4.029616,faster
np.mean axis=0 (uint32),Reduction,uint32,10000000,,4.4195,3.796883,available,,not_measured,managed,3.796883,1.163981,faster
np.mean axis=0 (uint64),Reduction,uint64,1000,,0.003367,0.000462,available,,not_measured,managed,0.000462,7.287879,negligible
np.mean axis=0 (uint64),Reduction,uint64,100000,,0.045836,0.011969,available,,not_measured,managed,0.011969,3.82956,faster
np.mean axis=0 (uint64),Reduction,uint64,10000000,,6.8253,7.5861,available,,not_measured,managed,7.5861,0.899711,close
np.mean axis=0 (uint8),Reduction,uint8,1000,,0.003374,0.00062,available,,not_measured,managed,0.00062,5.441935,negligible
np.mean axis=0 (uint8),Reduction,uint8,100000,,0.049567,0.018866,available,,not_measured,managed,0.018866,2.627319,faster
np.mean axis=0 (uint8),Reduction,uint8,10000000,,5.1063,0.791408,available,,not_measured,managed,0.791408,6.452171,faster
np.mean axis=1 (complex128),Reduction,complex128,1000,,0.002981,0.002422,available,,not_measured,managed,0.002422,1.230801,faster
np.mean axis=1 (complex128),Reduction,complex128,100000,,0.032339,0.046667,available,,not_measured,managed,0.046667,0.692974,slower
np.mean axis=1 (complex128),Reduction,complex128,10000000,,7.9127,16.8366,available,,not_measured,managed,16.8366,0.46997,slower
np.mean axis=1 (float16),Reduction,float16,1000,,0.004696,0.004432,available,,not_measured,managed,0.004432,1.059567,faster
np.mean axis=1 (float16),Reduction,float16,100000,,0.082523,0.138292,available,,not_measured,managed,0.138292,0.59673,slower
np.mean axis=1 (float16),Reduction,float16,10000000,,7.8361,25.8742,available,,not_measured,managed,25.8742,0.302854,much_slower
np.mean axis=1 (float32),Reduction,float32,1000,,0.003355,0.002499,available,,not_measured,managed,0.002499,1.342537,faster
np.mean axis=1 (float32),Reduction,float32,100000,,0.017684,0.012523,available,,not_measured,managed,0.012523,1.412122,faster
np.mean axis=1 (float32),Reduction,float32,10000000,,2.9017,2.153657,available,,not_measured,managed,2.153657,1.347336,faster
np.mean axis=1 (float64),Reduction,float64,1000,,0.002834,0.002821,available,,not_measured,managed,0.002821,1.004608,close
np.mean axis=1 (float64),Reduction,float64,100000,,0.018451,0.014927,available,,not_measured,managed,0.014927,1.236082,faster
np.mean axis=1 (float64),Reduction,float64,10000000,,4.9254,5.6107,available,,not_measured,managed,5.6107,0.877858,close
np.mean axis=1 (int16),Reduction,int16,1000,,0.003344,0.000364,available,,not_measured,managed,0.000364,9.186813,negligible
np.mean axis=1 (int16),Reduction,int16,100000,,0.055612,0.014934,available,,not_measured,managed,0.014934,3.723852,faster
np.mean axis=1 (int16),Reduction,int16,10000000,,5.0887,1.104378,available,,not_measured,managed,1.104378,4.607752,faster
np.mean axis=1 (int32),Reduction,int32,1000,,0.003224,0.000314,available,,not_measured,managed,0.000314,10.267516,negligible
np.mean axis=1 (int32),Reduction,int32,100000,,0.041219,0.008427,available,,not_measured,managed,0.008427,4.891302,faster
np.mean axis=1 (int32),Reduction,int32,10000000,,4.5078,1.5806,available,,not_measured,managed,1.5806,2.851955,faster
np.mean axis=1 (int64),Reduction,int64,1000,,0.003202,0.001124,available,,not_measured,managed,0.001124,2.848754,faster
np.mean axis=1 (int64),Reduction,int64,100000,,0.037623,0.059955,available,,not_measured,managed,0.059955,0.627521,slower
np.mean axis=1 (int64),Reduction,int64,10000000,,5.952,8.80125,available,,not_measured,managed,8.80125,0.676268,slower
np.mean axis=1 (int8),Reduction,int8,1000,,0.003357,0.000478,available,,not_measured,managed,0.000478,7.023013,negligible
np.mean axis=1 (int8),Reduction,int8,100000,,0.055561,0.007936,available,,not_measured,managed,0.007936,7.001134,faster
np.mean axis=1 (int8),Reduction,int8,10000000,,5.1231,0.720714,available,,not_measured,managed,0.720714,7.108368,faster
np.mean axis=1 (uint16),Reduction,uint16,1000,,0.003342,0.000364,available,,not_measured,managed,0.000364,9.181319,negligible
np.mean axis=1 (uint16),Reduction,uint16,100000,,0.055567,0.018106,available,,not_measured,managed,0.018106,3.068983,faster
np.mean axis=1 (uint16),Reduction,uint16,10000000,,5.1499,1.155118,available,,not_measured,managed,1.155118,4.458332,faster
np.mean axis=1 (uint32),Reduction,uint32,1000,,0.003272,0.000511,available,,not_measured,managed,0.000511,6.403131,negligible
np.mean axis=1 (uint32),Reduction,uint32,100000,,0.043819,0.008967,available,,not_measured,managed,0.008967,4.886696,faster
np.mean axis=1 (uint32),Reduction,uint32,10000000,,4.571,2.031167,available,,not_measured,managed,2.031167,2.25043,faster
np.mean axis=1 (uint64),Reduction,uint64,1000,,0.003326,0.002264,available,,not_measured,managed,0.002264,1.469081,faster
np.mean axis=1 (uint64),Reduction,uint64,100000,,0.051829,0.141208,available,,not_measured,managed,0.141208,0.36704,slower
np.mean axis=1 (uint64),Reduction,uint64,10000000,,6.9452,14.954,available,,not_measured,managed,14.954,0.464438,slower
np.mean axis=1 (uint8),Reduction,uint8,1000,,0.003352,0.000693,available,,not_measured,managed,0.000693,4.836941,negligible
np.mean axis=1 (uint8),Reduction,uint8,100000,,0.055733,0.007774,available,,not_measured,managed,0.007774,7.169154,faster
np.mean axis=1 (uint8),Reduction,uint8,10000000,,4.994,0.729821,available,,not_measured,managed,0.729821,6.842774,faster
np.min (complex128),Reduction,complex128,1000,,0.002984,0.001797,available,,not_measured,managed,0.001797,1.660545,faster
np.min (complex128),Reduction,complex128,100000,,0.149143,0.144937,available,,not_measured,managed,0.144937,1.02902,close
np.min (complex128),Reduction,complex128,10000000,,16.1319,14.1701,available,,not_measured,managed,14.1701,1.138446,faster
np.min (float16),Reduction,float16,1000,,0.003586,0.000974,available,,not_measured,managed,0.000974,3.681725,negligible
np.min (float16),Reduction,float16,100000,,0.48015,0.404598,available,,not_measured,managed,0.404598,1.186733,faster
np.min (float16),Reduction,float16,10000000,,51.4467,31.479,available,,not_measured,managed,31.479,1.634318,faster
np.min (float32),Reduction,float32,1000,,0.001567,0.000666,available,,not_measured,managed,0.000666,2.352853,negligible
np.min (float32),Reduction,float32,100000,,0.005735,0.005989,available,,not_measured,managed,0.005989,0.957589,close
np.min (float32),Reduction,float32,10000000,,1.2327,1.451967,available,,not_measured,managed,1.451967,0.848986,close
np.min (float64),Reduction,float64,1000,,0.001612,0.000793,available,,not_measured,managed,0.000793,2.032787,negligible
np.min (float64),Reduction,float64,100000,,0.009879,0.019004,available,,not_measured,managed,0.019004,0.519838,slower
np.min (float64),Reduction,float64,10000000,,3.0283,3.30605,available,,not_measured,managed,3.30605,0.915987,close
np.min (int16),Reduction,int16,1000,,0.001515,0.00045,available,,not_measured,managed,0.00045,3.366667,negligible
np.min (int16),Reduction,int16,100000,,0.00296,0.003187,available,,not_measured,managed,0.003187,0.928773,close
np.min (int16),Reduction,int16,10000000,,0.251333,0.370963,available,,not_measured,managed,0.370963,0.677515,slower
np.min (int32),Reduction,int32,1000,,0.001532,0.000692,available,,not_measured,managed,0.000692,2.213873,negligible
np.min (int32),Reduction,int32,100000,,0.0041,0.002214,available,,not_measured,managed,0.002214,1.851852,faster
np.min (int32),Reduction,int32,10000000,,1.2721,3.148917,available,,not_measured,managed,3.148917,0.40398,slower
np.min (int64),Reduction,int64,1000,,0.001603,0.000986,available,,not_measured,managed,0.000986,1.625761,negligible
np.min (int64),Reduction,int64,100000,,0.009115,0.009097,available,,not_measured,managed,0.009097,1.001979,close
np.min (int64),Reduction,int64,10000000,,3.0267,4.65355,available,,not_measured,managed,4.65355,0.650407,slower
np.min (int8),Reduction,int8,1000,,0.001515,0.00086,available,,not_measured,managed,0.00086,1.761628,negligible
np.min (int8),Reduction,int8,100000,,0.002256,0.000757,available,,not_measured,managed,0.000757,2.980185,negligible
np.min (int8),Reduction,int8,10000000,,0.10851,0.216349,available,,not_measured,managed,0.216349,0.501551,slower
np.min (uint16),Reduction,uint16,1000,,0.001514,0.00061,available,,not_measured,managed,0.00061,2.481967,negligible
np.min (uint16),Reduction,uint16,100000,,0.002954,0.00172,available,,not_measured,managed,0.00172,1.717442,faster
np.min (uint16),Reduction,uint16,10000000,,0.25865,0.631332,available,,not_measured,managed,0.631332,0.409689,slower
np.min (uint32),Reduction,uint32,1000,,0.001481,0.000621,available,,not_measured,managed,0.000621,2.384863,negligible
np.min (uint32),Reduction,uint32,100000,,0.004098,0.00324,available,,not_measured,managed,0.00324,1.264815,faster
np.min (uint32),Reduction,uint32,10000000,,0.978,1.594,available,,not_measured,managed,1.594,0.613551,slower
np.min (uint64),Reduction,uint64,1000,,0.00161,0.000727,available,,not_measured,managed,0.000727,2.21458,negligible
np.min (uint64),Reduction,uint64,100000,,0.012002,0.037759,available,,not_measured,managed,0.037759,0.317858,much_slower
np.min (uint64),Reduction,uint64,10000000,,3.293,5.181125,available,,not_measured,managed,5.181125,0.635576,slower
np.min (uint8),Reduction,uint8,1000,,0.001465,0.000745,available,,not_measured,managed,0.000745,1.966443,negligible
np.min (uint8),Reduction,uint8,100000,,0.002288,0.001519,available,,not_measured,managed,0.001519,1.506254,faster
np.min (uint8),Reduction,uint8,10000000,,0.10903,0.140077,available,,not_measured,managed,0.140077,0.778358,slower
np.nanargmax(a) (float16),Reduction,float16,1000,,0.008484,0.002653,available,,not_measured,managed,0.002653,3.197889,faster
np.nanargmax(a) (float16),Reduction,float16,100000,,0.50415,0.166719,available,,not_measured,managed,0.166719,3.02395,faster
np.nanargmax(a) (float16),Reduction,float16,10000000,,54.8908,20.3242,available,,not_measured,managed,20.3242,2.700761,faster
np.nanargmax(a) (float32),Reduction,float32,1000,,0.005624,0.001023,available,,not_measured,managed,0.001023,5.497556,faster
np.nanargmax(a) (float32),Reduction,float32,100000,,0.02799,0.036283,available,,not_measured,managed,0.036283,0.771436,slower
np.nanargmax(a) (float32),Reduction,float32,10000000,,11.8589,6.26305,available,,not_measured,managed,6.26305,1.89347,faster
np.nanargmax(a) (float64),Reduction,float64,1000,,0.005691,0.001055,available,,not_measured,managed,0.001055,5.394313,faster
np.nanargmax(a) (float64),Reduction,float64,100000,,0.046014,0.026352,available,,not_measured,managed,0.026352,1.746129,faster
np.nanargmax(a) (float64),Reduction,float64,10000000,,22.4361,9.0224,available,,not_measured,managed,9.0224,2.486711,faster
np.nanargmin(a) (float16),Reduction,float16,1000,,0.008672,0.002712,available,,not_measured,managed,0.002712,3.19764,faster
np.nanargmin(a) (float16),Reduction,float16,100000,,0.4823,0.167145,available,,not_measured,managed,0.167145,2.885519,faster
np.nanargmin(a) (float16),Reduction,float16,10000000,,53.2964,28.0301,available,,not_measured,managed,28.0301,1.901399,faster
np.nanargmin(a) (float32),Reduction,float32,1000,,0.005656,0.000939,available,,not_measured,managed,0.000939,6.023429,negligible
np.nanargmin(a) (float32),Reduction,float32,100000,,0.028727,0.014684,available,,not_measured,managed,0.014684,1.956347,faster
np.nanargmin(a) (float32),Reduction,float32,10000000,,12.1728,9.17215,available,,not_measured,managed,9.17215,1.327148,faster
np.nanargmin(a) (float64),Reduction,float64,1000,,0.005951,0.001067,available,,not_measured,managed,0.001067,5.57732,faster
np.nanargmin(a) (float64),Reduction,float64,100000,,0.045932,0.056161,available,,not_measured,managed,0.056161,0.817863,close
np.nanargmin(a) (float64),Reduction,float64,10000000,,22.4072,22.0142,available,,not_measured,managed,22.0142,1.017852,close
np.nanmax(a) (float16),Reduction,float16,1000,,0.004792,0.000936,available,,not_measured,managed,0.000936,5.119658,negligible
np.nanmax(a) (float16),Reduction,float16,100000,,0.489833,0.432391,available,,not_measured,managed,0.432391,1.132847,faster
np.nanmax(a) (float16),Reduction,float16,10000000,,49.8642,41.8284,available,,not_measured,managed,41.8284,1.192113,faster
np.nanmax(a) (float32),Reduction,float32,1000,,0.002827,0.000453,available,,not_measured,managed,0.000453,6.240618,negligible
np.nanmax(a) (float32),Reduction,float32,100000,,0.006948,0.003141,available,,not_measured,managed,0.003141,2.212034,faster
np.nanmax(a) (float32),Reduction,float32,10000000,,1.2948,1.222284,available,,not_measured,managed,1.222284,1.059328,faster
np.nanmax(a) (float64),Reduction,float64,1000,,0.002855,0.000379,available,,not_measured,managed,0.000379,7.532982,negligible
np.nanmax(a) (float64),Reduction,float64,100000,,0.011276,0.007188,available,,not_measured,managed,0.007188,1.568726,faster
np.nanmax(a) (float64),Reduction,float64,10000000,,3.1626,2.9812,available,,not_measured,managed,2.9812,1.060848,faster
np.nanmean(a) (float16),Reduction,float16,1000,,0.012123,0.001455,available,,not_measured,managed,0.001455,8.331959,faster
np.nanmean(a) (float16),Reduction,float16,100000,,0.315025,0.119657,available,,not_measured,managed,0.119657,2.632734,faster
np.nanmean(a) (float16),Reduction,float16,10000000,,35.8636,17.9085,available,,not_measured,managed,17.9085,2.002602,faster
np.nanmean(a) (float32),Reduction,float32,1000,,0.009524,0.001334,available,,not_measured,managed,0.001334,7.13943,faster
np.nanmean(a) (float32),Reduction,float32,100000,,0.072693,0.038418,available,,not_measured,managed,0.038418,1.89216,faster
np.nanmean(a) (float32),Reduction,float32,10000000,,18.9988,4.226667,available,,not_measured,managed,4.226667,4.494984,faster
np.nanmean(a) (float64),Reduction,float64,1000,,0.008359,0.000737,available,,not_measured,managed,0.000737,11.341927,negligible
np.nanmean(a) (float64),Reduction,float64,100000,,0.085955,0.038138,available,,not_measured,managed,0.038138,2.253789,faster
np.nanmean(a) (float64),Reduction,float64,10000000,,28.3246,5.69045,available,,not_measured,managed,5.69045,4.977568,faster
np.nanmedian(a) (float16),Reduction,float16,1000,,0.016005,0.006513,available,,not_measured,managed,0.006513,2.457393,faster
np.nanmedian(a) (float16),Reduction,float16,100000,,0.92625,1.159534,available,,not_measured,managed,1.159534,0.798812,slower
np.nanmedian(a) (float16),Reduction,float16,10000000,,113.5851,128.3326,available,,not_measured,managed,128.3326,0.885084,close
np.nanmedian(a) (float32),Reduction,float32,1000,,0.012503,0.002654,available,,not_measured,managed,0.002654,4.711002,faster
np.nanmedian(a) (float32),Reduction,float32,100000,,0.4706,0.354051,available,,not_measured,managed,0.354051,1.329187,faster
np.nanmedian(a) (float32),Reduction,float32,10000000,,76.2342,33.6419,available,,not_measured,managed,33.6419,2.266049,faster
np.nanmedian(a) (float64),Reduction,float64,1000,,0.011294,0.002732,available,,not_measured,managed,0.002732,4.133968,faster
np.nanmedian(a) (float64),Reduction,float64,100000,,0.47425,0.347909,available,,not_measured,managed,0.347909,1.363144,faster
np.nanmedian(a) (float64),Reduction,float64,10000000,,88.7445,38.0239,available,,not_measured,managed,38.0239,2.333914,faster
np.nanmin(a) (float16),Reduction,float16,1000,,0.004585,0.000926,available,,not_measured,managed,0.000926,4.951404,negligible
np.nanmin(a) (float16),Reduction,float16,100000,,0.485467,0.302942,available,,not_measured,managed,0.302942,1.602508,faster
np.nanmin(a) (float16),Reduction,float16,10000000,,49.5756,39.2082,available,,not_measured,managed,39.2082,1.264419,faster
np.nanmin(a) (float32),Reduction,float32,1000,,0.002715,0.000434,available,,not_measured,managed,0.000434,6.25576,negligible
np.nanmin(a) (float32),Reduction,float32,100000,,0.006954,0.003173,available,,not_measured,managed,0.003173,2.191617,faster
np.nanmin(a) (float32),Reduction,float32,10000000,,1.3475,1.182643,available,,not_measured,managed,1.182643,1.139397,faster
np.nanmin(a) (float64),Reduction,float64,1000,,0.002867,0.000374,available,,not_measured,managed,0.000374,7.665775,negligible
np.nanmin(a) (float64),Reduction,float64,100000,,0.011269,0.003953,available,,not_measured,managed,0.003953,2.850746,faster
np.nanmin(a) (float64),Reduction,float64,10000000,,3.2095,7.427175,available,,not_measured,managed,7.427175,0.432129,slower
"np.nanpercentile(a, 50) (float16)",Reduction,float16,1000,,0.030319,0.006478,available,,not_measured,managed,0.006478,4.680303,faster
"np.nanpercentile(a, 50) (float16)",Reduction,float16,100000,,1.7874,1.162078,available,,not_measured,managed,1.162078,1.538107,faster
"np.nanpercentile(a, 50) (float16)",Reduction,float16,10000000,,119.4926,126.5264,available,,not_measured,managed,126.5264,0.944408,close
"np.nanpercentile(a, 50) (float32)",Reduction,float32,1000,,0.025378,0.002649,available,,not_measured,managed,0.002649,9.580219,faster
"np.nanpercentile(a, 50) (float32)",Reduction,float32,100000,,0.7063,0.332974,available,,not_measured,managed,0.332974,2.121187,faster
"np.nanpercentile(a, 50) (float32)",Reduction,float32,10000000,,50.3378,46.6887,available,,not_measured,managed,46.6887,1.078158,faster
"np.nanpercentile(a, 50) (float64)",Reduction,float64,1000,,0.025303,0.002729,available,,not_measured,managed,0.002729,9.271894,faster
"np.nanpercentile(a, 50) (float64)",Reduction,float64,100000,,0.70125,0.245393,available,,not_measured,managed,0.245393,2.857661,faster
"np.nanpercentile(a, 50) (float64)",Reduction,float64,10000000,,61.9512,54.1758,available,,not_measured,managed,54.1758,1.143522,faster
np.nanprod(a) (float16),Reduction,float16,1000,,0.021398,0.00112,available,,not_measured,managed,0.00112,19.105357,faster
np.nanprod(a) (float16),Reduction,float16,100000,,0.21286,0.096338,available,,not_measured,managed,0.096338,2.209512,faster
np.nanprod(a) (float16),Reduction,float16,10000000,,19.6347,19.1235,available,,not_measured,managed,19.1235,1.026732,close
np.nanprod(a) (float32),Reduction,float32,1000,,0.020407,0.000837,available,,not_measured,managed,0.000837,24.381123,negligible
np.nanprod(a) (float32),Reduction,float32,100000,,2.3671,0.301846,available,,not_measured,managed,0.301846,7.842078,faster
np.nanprod(a) (float32),Reduction,float32,10000000,,246.2658,30.0553,available,,not_measured,managed,30.0553,8.193756,faster
np.nanprod(a) (float64),Reduction,float64,1000,,0.004132,0.000588,available,,not_measured,managed,0.000588,7.027211,negligible
np.nanprod(a) (float64),Reduction,float64,100000,,2.3255,0.554725,available,,not_measured,managed,0.554725,4.192167,faster
np.nanprod(a) (float64),Reduction,float64,10000000,,255.673,104.6642,available,,not_measured,managed,104.6642,2.442793,faster
"np.nanquantile(a, 0.5) (float16)",Reduction,float16,1000,,0.029676,0.00629,available,,not_measured,managed,0.00629,4.717965,faster
"np.nanquantile(a, 0.5) (float16)",Reduction,float16,100000,,1.8023,1.16075,available,,not_measured,managed,1.16075,1.552703,faster
"np.nanquantile(a, 0.5) (float16)",Reduction,float16,10000000,,119.3627,118.038,available,,not_measured,managed,118.038,1.011223,close
"np.nanquantile(a, 0.5) (float32)",Reduction,float32,1000,,0.023837,0.002886,available,,not_measured,managed,0.002886,8.259529,faster
"np.nanquantile(a, 0.5) (float32)",Reduction,float32,100000,,0.70625,0.215771,available,,not_measured,managed,0.215771,3.273146,faster
"np.nanquantile(a, 0.5) (float32)",Reduction,float32,10000000,,50.3852,30.4668,available,,not_measured,managed,30.4668,1.653774,faster
"np.nanquantile(a, 0.5) (float64)",Reduction,float64,1000,,0.024456,0.003082,available,,not_measured,managed,0.003082,7.935107,faster
"np.nanquantile(a, 0.5) (float64)",Reduction,float64,100000,,0.6953,0.356956,available,,not_measured,managed,0.356956,1.947859,faster
"np.nanquantile(a, 0.5) (float64)",Reduction,float64,10000000,,62.0159,44.6134,available,,not_measured,managed,44.6134,1.390073,faster
np.nanstd(a) (float16),Reduction,float16,1000,,0.029379,0.002723,available,,not_measured,managed,0.002723,10.789203,faster
np.nanstd(a) (float16),Reduction,float16,100000,,1.1133,0.215027,available,,not_measured,managed,0.215027,5.177489,faster
np.nanstd(a) (float16),Reduction,float16,10000000,,117.7749,40.2767,available,,not_measured,managed,40.2767,2.924145,faster
np.nanstd(a) (float32),Reduction,float32,1000,,0.01934,0.002628,available,,not_measured,managed,0.002628,7.359209,faster
np.nanstd(a) (float32),Reduction,float32,100000,,0.162071,0.090795,available,,not_measured,managed,0.090795,1.785021,faster
np.nanstd(a) (float32),Reduction,float32,10000000,,30.9261,9.3218,available,,not_measured,managed,9.3218,3.31761,faster
np.nanstd(a) (float64),Reduction,float64,1000,,0.017767,0.0013,available,,not_measured,managed,0.0013,13.666923,faster
np.nanstd(a) (float64),Reduction,float64,100000,,0.182483,0.082124,available,,not_measured,managed,0.082124,2.222042,faster
np.nanstd(a) (float64),Reduction,float64,10000000,,46.7305,18.6469,available,,not_measured,managed,18.6469,2.506073,faster
np.nansum(a) (float16),Reduction,float16,1000,,0.005947,0.001115,available,,not_measured,managed,0.001115,5.333632,faster
np.nansum(a) (float16),Reduction,float16,100000,,0.26755,0.177001,available,,not_measured,managed,0.177001,1.511573,faster
np.nansum(a) (float16),Reduction,float16,10000000,,30.5195,18.9144,available,,not_measured,managed,18.9144,1.613559,faster
np.nansum(a) (float32),Reduction,float32,1000,,0.003507,0.000415,available,,not_measured,managed,0.000415,8.450602,negligible
np.nansum(a) (float32),Reduction,float32,100000,,0.030533,0.004942,available,,not_measured,managed,0.004942,6.178268,faster
np.nansum(a) (float32),Reduction,float32,10000000,,13.0442,1.482808,available,,not_measured,managed,1.482808,8.796958,faster
np.nansum(a) (float64),Reduction,float64,1000,,0.00348,0.000403,available,,not_measured,managed,0.000403,8.635236,negligible
np.nansum(a) (float64),Reduction,float64,100000,,0.042376,0.01834,available,,not_measured,managed,0.01834,2.310578,faster
np.nansum(a) (float64),Reduction,float64,10000000,,22.7224,4.46315,available,,not_measured,managed,4.46315,5.091113,faster
np.nanvar(a) (float16),Reduction,float16,1000,,0.028743,0.002722,available,,not_measured,managed,0.002722,10.559515,faster
np.nanvar(a) (float16),Reduction,float16,100000,,1.1082,0.21532,available,,not_measured,managed,0.21532,5.146758,faster
np.nanvar(a) (float16),Reduction,float16,10000000,,117.266,26.5198,available,,not_measured,managed,26.5198,4.421828,faster
np.nanvar(a) (float32),Reduction,float32,1000,,0.018584,0.002648,available,,not_measured,managed,0.002648,7.018127,faster
np.nanvar(a) (float32),Reduction,float32,100000,,0.16022,0.086259,available,,not_measured,managed,0.086259,1.857429,faster
np.nanvar(a) (float32),Reduction,float32,10000000,,30.6519,9.2876,available,,not_measured,managed,9.2876,3.300304,faster
np.nanvar(a) (float64),Reduction,float64,1000,,0.017379,0.001297,available,,not_measured,managed,0.001297,13.399383,faster
np.nanvar(a) (float64),Reduction,float64,100000,,0.1814,0.112079,available,,not_measured,managed,0.112079,1.618501,faster
np.nanvar(a) (float64),Reduction,float64,10000000,,46.7825,20.2835,available,,not_measured,managed,20.2835,2.306431,faster
np.prod (float64),Reduction,float64,1000,,0.00218,0.000649,available,,not_measured,managed,0.000649,3.359014,negligible
np.prod (float64),Reduction,float64,100000,,2.2882,0.176216,available,,not_measured,managed,0.176216,12.9852,faster
np.prod (float64),Reduction,float64,10000000,,236.723,324.2812,available,,not_measured,managed,324.2812,0.729993,slower
np.prod (int64),Reduction,int64,1000,,0.001933,0.000357,available,,not_measured,managed,0.000357,5.414566,negligible
np.prod (int64),Reduction,int64,100000,,0.056211,0.017771,available,,not_measured,managed,0.017771,3.163075,faster
np.prod (int64),Reduction,int64,10000000,,6.0383,6.36915,available,,not_measured,managed,6.36915,0.948054,close
np.prod axis=0 (float64),Reduction,float64,1000,,0.001781,0.000661,available,,not_measured,managed,0.000661,2.694402,negligible
np.prod axis=0 (float64),Reduction,float64,100000,,0.011168,0.015734,available,,not_measured,managed,0.015734,0.7098,slower
np.prod axis=0 (float64),Reduction,float64,10000000,,19.5934,85.6798,available,,not_measured,managed,85.6798,0.228682,much_slower
np.prod axis=0 (int64),Reduction,int64,1000,,0.001881,0.000853,available,,not_measured,managed,0.000853,2.205158,negligible
np.prod axis=0 (int64),Reduction,int64,100000,,0.027111,0.024048,available,,not_measured,managed,0.024048,1.12737,faster
np.prod axis=0 (int64),Reduction,int64,10000000,,4.6651,8.35025,available,,not_measured,managed,8.35025,0.558678,slower
np.prod axis=1 (float64),Reduction,float64,1000,,0.001837,0.000709,available,,not_measured,managed,0.000709,2.590973,negligible
np.prod axis=1 (float64),Reduction,float64,100000,,0.056683,0.011454,available,,not_measured,managed,0.011454,4.948752,faster
np.prod axis=1 (float64),Reduction,float64,10000000,,69.6673,3.00195,available,,not_measured,managed,3.00195,23.207349,negligible
np.prod axis=1 (int64),Reduction,int64,1000,,0.001821,0.000725,available,,not_measured,managed,0.000725,2.511724,negligible
np.prod axis=1 (int64),Reduction,int64,100000,,0.0455,0.043928,available,,not_measured,managed,0.043928,1.035786,close
np.prod axis=1 (int64),Reduction,int64,10000000,,6.0234,8.578425,available,,not_measured,managed,8.578425,0.702157,slower
np.std (float16),Reduction,float16,1000,,0.016671,0.002896,available,,not_measured,managed,0.002896,5.756561,faster
np.std (float16),Reduction,float16,100000,,0.86385,0.179597,available,,not_measured,managed,0.179597,4.809936,faster
np.std (float16),Reduction,float16,10000000,,89.649,27.9225,available,,not_measured,managed,27.9225,3.210637,faster
np.std (float32),Reduction,float32,1000,,0.007963,0.000619,available,,not_measured,managed,0.000619,12.864297,negligible
np.std (float32),Reduction,float32,100000,,0.044696,0.018213,available,,not_measured,managed,0.018213,2.454071,faster
np.std (float32),Reduction,float32,10000000,,16.7974,4.823025,available,,not_measured,managed,4.823025,3.482752,faster
np.std (float64),Reduction,float64,1000,,0.006533,0.00083,available,,not_measured,managed,0.00083,7.871084,negligible
np.std (float64),Reduction,float64,100000,,0.059224,0.034413,available,,not_measured,managed,0.034413,1.720978,faster
np.std (float64),Reduction,float64,10000000,,29.296,7.2392,available,,not_measured,managed,7.2392,4.046856,faster
np.std axis=0 (float16),Reduction,float16,1000,,0.019286,0.008827,available,,not_measured,managed,0.008827,2.184887,faster
np.std axis=0 (float16),Reduction,float16,100000,,1.0552,0.360319,available,,not_measured,managed,0.360319,2.928516,faster
np.std axis=0 (float16),Reduction,float16,10000000,,107.6869,173.9578,available,,not_measured,managed,173.9578,0.61904,slower
np.std axis=0 (float32),Reduction,float32,1000,,0.0082,0.001045,available,,not_measured,managed,0.001045,7.84689,faster
np.std axis=0 (float32),Reduction,float32,100000,,0.036512,0.030793,available,,not_measured,managed,0.030793,1.185724,faster
np.std axis=0 (float32),Reduction,float32,10000000,,13.7291,4.860575,available,,not_measured,managed,4.860575,2.824584,faster
np.std axis=0 (float64),Reduction,float64,1000,,0.007241,0.000513,available,,not_measured,managed,0.000513,14.11501,negligible
np.std axis=0 (float64),Reduction,float64,100000,,0.06805,0.037809,available,,not_measured,managed,0.037809,1.799836,faster
np.std axis=0 (float64),Reduction,float64,10000000,,27.8243,12.9557,available,,not_measured,managed,12.9557,2.147649,faster
np.sum (complex128),Reduction,complex128,1000,,0.001741,0.000482,available,,not_measured,managed,0.000482,3.612033,negligible
np.sum (complex128),Reduction,complex128,100000,,0.0284,0.021383,available,,not_measured,managed,0.021383,1.328158,faster
np.sum (complex128),Reduction,complex128,10000000,,8.1655,12.03615,available,,not_measured,managed,12.03615,0.678415,slower
np.sum (float16),Reduction,float16,1000,,0.003457,0.00042,available,,not_measured,managed,0.00042,8.230952,negligible
np.sum (float16),Reduction,float16,100000,,0.19232,0.053464,available,,not_measured,managed,0.053464,3.597187,faster
np.sum (float16),Reduction,float16,10000000,,19.6942,6.35465,available,,not_measured,managed,6.35465,3.099179,faster
np.sum (float32),Reduction,float32,1000,,0.001614,0.000405,available,,not_measured,managed,0.000405,3.985185,negligible
np.sum (float32),Reduction,float32,100000,,0.015056,0.004913,available,,not_measured,managed,0.004913,3.064523,faster
np.sum (float32),Reduction,float32,10000000,,3.0965,2.132914,available,,not_measured,managed,2.132914,1.45177,faster
np.sum (float64),Reduction,float64,1000,,0.001611,0.004861,available,,not_measured,managed,0.004861,0.331413,slower
np.sum (float64),Reduction,float64,100000,,0.016257,0.187151,available,,not_measured,managed,0.187151,0.086866,much_slower
np.sum (float64),Reduction,float64,10000000,,4.3792,10.53675,available,,not_measured,managed,10.53675,0.415612,slower
np.sum (int16),Reduction,int16,1000,,0.001908,0.000584,available,,not_measured,managed,0.000584,3.267123,negligible
np.sum (int16),Reduction,int16,100000,,0.032647,0.018894,available,,not_measured,managed,0.018894,1.727903,faster
np.sum (int16),Reduction,int16,10000000,,3.2158,3.569575,available,,not_measured,managed,3.569575,0.900892,close
np.sum (int32),Reduction,int32,1000,,0.001961,0.000398,available,,not_measured,managed,0.000398,4.927136,negligible
np.sum (int32),Reduction,int32,100000,,0.033931,0.027978,available,,not_measured,managed,0.027978,1.212774,faster
np.sum (int32),Reduction,int32,10000000,,3.9886,5.209525,available,,not_measured,managed,5.209525,0.765636,slower
np.sum (int64),Reduction,int64,1000,,0.001684,0.000529,available,,not_measured,managed,0.000529,3.183365,negligible
np.sum (int64),Reduction,int64,100000,,0.014848,0.01012,available,,not_measured,managed,0.01012,1.467194,faster
np.sum (int64),Reduction,int64,10000000,,3.8742,4.185925,available,,not_measured,managed,4.185925,0.92553,close
np.sum (int8),Reduction,int8,1000,,0.001919,0.000379,available,,not_measured,managed,0.000379,5.063325,negligible
np.sum (int8),Reduction,int8,100000,,0.032608,0.018603,available,,not_measured,managed,0.018603,1.752836,faster
np.sum (int8),Reduction,int8,10000000,,3.0986,4.71325,available,,not_measured,managed,4.71325,0.657423,slower
np.sum (uint16),Reduction,uint16,1000,,0.001926,0.000784,available,,not_measured,managed,0.000784,2.456633,negligible
np.sum (uint16),Reduction,uint16,100000,,0.032465,0.018864,available,,not_measured,managed,0.018864,1.721003,faster
np.sum (uint16),Reduction,uint16,10000000,,3.1499,4.23035,available,,not_measured,managed,4.23035,0.744596,slower
np.sum (uint32),Reduction,uint32,1000,,0.001921,0.000763,available,,not_measured,managed,0.000763,2.517693,negligible
np.sum (uint32),Reduction,uint32,100000,,0.032503,0.035019,available,,not_measured,managed,0.035019,0.928153,close
np.sum (uint32),Reduction,uint32,10000000,,4.0792,4.93725,available,,not_measured,managed,4.93725,0.826209,close
np.sum (uint64),Reduction,uint64,1000,,0.001678,0.000375,available,,not_measured,managed,0.000375,4.474667,negligible
np.sum (uint64),Reduction,uint64,100000,,0.014835,0.009562,available,,not_measured,managed,0.009562,1.551454,faster
np.sum (uint64),Reduction,uint64,10000000,,3.8394,6.2942,available,,not_measured,managed,6.2942,0.60999,slower
np.sum (uint8),Reduction,uint8,1000,,0.001951,0.000423,available,,not_measured,managed,0.000423,4.612293,negligible
np.sum (uint8),Reduction,uint8,100000,,0.0339,0.018564,available,,not_measured,managed,0.018564,1.826115,faster
np.sum (uint8),Reduction,uint8,10000000,,3.0974,3.203717,available,,not_measured,managed,3.203717,0.966814,close
np.sum axis=0 (complex128),Reduction,complex128,1000,,0.00197,0.002505,available,,not_measured,managed,0.002505,0.786427,slower
np.sum axis=0 (complex128),Reduction,complex128,100000,,0.016302,0.041608,available,,not_measured,managed,0.041608,0.3918,slower
np.sum axis=0 (complex128),Reduction,complex128,10000000,,7.0946,16.4545,available,,not_measured,managed,16.4545,0.431165,slower
np.sum axis=0 (float16),Reduction,float16,1000,,0.004809,0.003713,available,,not_measured,managed,0.003713,1.295179,faster
np.sum axis=0 (float16),Reduction,float16,100000,,0.280525,0.155756,available,,not_measured,managed,0.155756,1.801054,faster
np.sum axis=0 (float16),Reduction,float16,10000000,,28.455,13.7615,available,,not_measured,managed,13.7615,2.067725,faster
np.sum axis=0 (float32),Reduction,float32,1000,,0.001842,0.001979,available,,not_measured,managed,0.001979,0.930773,close
np.sum axis=0 (float32),Reduction,float32,100000,,0.007041,0.013541,available,,not_measured,managed,0.013541,0.519976,slower
np.sum axis=0 (float32),Reduction,float32,10000000,,1.4651,4.017775,available,,not_measured,managed,4.017775,0.364655,slower
np.sum axis=0 (float64),Reduction,float64,1000,,0.001857,0.00145,available,,not_measured,managed,0.00145,1.28069,faster
np.sum axis=0 (float64),Reduction,float64,100000,,0.011272,0.015593,available,,not_measured,managed,0.015593,0.722888,slower
np.sum axis=0 (float64),Reduction,float64,10000000,,3.2153,4.429675,available,,not_measured,managed,4.429675,0.725855,slower
np.sum axis=0 (int16),Reduction,int16,1000,,0.00222,0.001212,available,,not_measured,managed,0.001212,1.831683,faster
np.sum axis=0 (int16),Reduction,int16,100000,,0.04615,0.009488,available,,not_measured,managed,0.009488,4.864039,faster
np.sum axis=0 (int16),Reduction,int16,10000000,,4.5486,1.199092,available,,not_measured,managed,1.199092,3.79337,faster
np.sum axis=0 (int32),Reduction,int32,1000,,0.002255,0.000652,available,,not_measured,managed,0.000652,3.458589,negligible
np.sum axis=0 (int32),Reduction,int32,100000,,0.046471,0.010548,available,,not_measured,managed,0.010548,4.405669,faster
np.sum axis=0 (int32),Reduction,int32,10000000,,5.2614,4.1568,available,,not_measured,managed,4.1568,1.265733,faster
np.sum axis=0 (int64),Reduction,int64,1000,,0.00191,0.000639,available,,not_measured,managed,0.000639,2.989045,negligible
np.sum axis=0 (int64),Reduction,int64,100000,,0.02697,0.017689,available,,not_measured,managed,0.017689,1.524676,faster
np.sum axis=0 (int64),Reduction,int64,10000000,,4.7995,8.3953,available,,not_measured,managed,8.3953,0.571689,slower
np.sum axis=0 (int8),Reduction,int8,1000,,0.002177,0.000954,available,,not_measured,managed,0.000954,2.281971,negligible
np.sum axis=0 (int8),Reduction,int8,100000,,0.046925,0.006361,available,,not_measured,managed,0.006361,7.376985,faster
np.sum axis=0 (int8),Reduction,int8,10000000,,4.3427,0.571678,available,,not_measured,managed,0.571678,7.596409,faster
np.sum axis=0 (uint16),Reduction,uint16,1000,,0.002243,0.001225,available,,not_measured,managed,0.001225,1.83102,faster
np.sum axis=0 (uint16),Reduction,uint16,100000,,0.04615,0.006066,available,,not_measured,managed,0.006066,7.607979,faster
np.sum axis=0 (uint16),Reduction,uint16,10000000,,4.4885,1.282394,available,,not_measured,managed,1.282394,3.500094,faster
np.sum axis=0 (uint32),Reduction,uint32,1000,,0.002221,0.000604,available,,not_measured,managed,0.000604,3.677152,negligible
np.sum axis=0 (uint32),Reduction,uint32,100000,,0.046091,0.010873,available,,not_measured,managed,0.010873,4.239032,faster
np.sum axis=0 (uint32),Reduction,uint32,10000000,,5.6263,2.85175,available,,not_measured,managed,2.85175,1.972929,faster
np.sum axis=0 (uint64),Reduction,uint64,1000,,0.001915,0.00063,available,,not_measured,managed,0.00063,3.039683,negligible
np.sum axis=0 (uint64),Reduction,uint64,100000,,0.027005,0.01797,available,,not_measured,managed,0.01797,1.502782,faster
np.sum axis=0 (uint64),Reduction,uint64,10000000,,4.8313,8.143625,available,,not_measured,managed,8.143625,0.593262,slower
np.sum axis=0 (uint8),Reduction,uint8,1000,,0.002268,0.001158,available,,not_measured,managed,0.001158,1.958549,faster
np.sum axis=0 (uint8),Reduction,uint8,100000,,0.04653,0.009345,available,,not_measured,managed,0.009345,4.979133,faster
np.sum axis=0 (uint8),Reduction,uint8,10000000,,4.3036,0.546871,available,,not_measured,managed,0.546871,7.869498,faster
np.sum axis=1 (complex128),Reduction,complex128,1000,,0.001968,0.00262,available,,not_measured,managed,0.00262,0.751145,slower
np.sum axis=1 (complex128),Reduction,complex128,100000,,0.030453,0.047243,available,,not_measured,managed,0.047243,0.644603,slower
np.sum axis=1 (complex128),Reduction,complex128,10000000,,8.7766,10.1751,available,,not_measured,managed,10.1751,0.862557,close
np.sum axis=1 (float16),Reduction,float16,1000,,0.003692,0.004233,available,,not_measured,managed,0.004233,0.872195,close
np.sum axis=1 (float16),Reduction,float16,100000,,0.19726,0.082363,available,,not_measured,managed,0.082363,2.395007,faster
np.sum axis=1 (float16),Reduction,float16,10000000,,19.5446,5.626025,available,,not_measured,managed,5.626025,3.473963,faster
np.sum axis=1 (float32),Reduction,float32,1000,,0.001802,0.002395,available,,not_measured,managed,0.002395,0.752401,slower
np.sum axis=1 (float32),Reduction,float32,100000,,0.015757,0.014627,available,,not_measured,managed,0.014627,1.077254,faster
np.sum axis=1 (float32),Reduction,float32,10000000,,2.9088,3.96535,available,,not_measured,managed,3.96535,0.733554,slower
np.sum axis=1 (float64),Reduction,float64,1000,,0.001818,0.002234,available,,not_measured,managed,0.002234,0.813787,close
np.sum axis=1 (float64),Reduction,float64,100000,,0.017255,0.022105,available,,not_measured,managed,0.022105,0.780593,slower
np.sum axis=1 (float64),Reduction,float64,10000000,,4.9879,8.488275,available,,not_measured,managed,8.488275,0.587622,slower
np.sum axis=1 (int16),Reduction,int16,1000,,0.002163,0.000723,available,,not_measured,managed,0.000723,2.991701,negligible
np.sum axis=1 (int16),Reduction,int16,100000,,0.036086,0.006822,available,,not_measured,managed,0.006822,5.289651,faster
np.sum axis=1 (int16),Reduction,int16,10000000,,3.2045,1.113209,available,,not_measured,managed,1.113209,2.878615,faster
np.sum axis=1 (int32),Reduction,int32,1000,,0.002187,0.000592,available,,not_measured,managed,0.000592,3.694257,negligible
np.sum axis=1 (int32),Reduction,int32,100000,,0.036592,0.009592,available,,not_measured,managed,0.009592,3.814846,faster
np.sum axis=1 (int32),Reduction,int32,10000000,,3.9556,4.496625,available,,not_measured,managed,4.496625,0.879682,close
np.sum axis=1 (int64),Reduction,int64,1000,,0.001846,0.000691,available,,not_measured,managed,0.000691,2.671491,negligible
np.sum axis=1 (int64),Reduction,int64,100000,,0.016487,0.007495,available,,not_measured,managed,0.007495,2.199733,faster
np.sum axis=1 (int64),Reduction,int64,10000000,,3.8698,5.22645,available,,not_measured,managed,5.22645,0.740426,slower
np.sum axis=1 (int8),Reduction,int8,1000,,0.002156,0.000578,available,,not_measured,managed,0.000578,3.730104,negligible
np.sum axis=1 (int8),Reduction,int8,100000,,0.035963,0.006613,available,,not_measured,managed,0.006613,5.438228,faster
np.sum axis=1 (int8),Reduction,int8,10000000,,3.0889,0.274918,available,,not_measured,managed,0.274918,11.235714,faster
np.sum axis=1 (uint16),Reduction,uint16,1000,,0.002165,0.000739,available,,not_measured,managed,0.000739,2.929635,negligible
np.sum axis=1 (uint16),Reduction,uint16,100000,,0.035975,0.003572,available,,not_measured,managed,0.003572,10.071389,faster
np.sum axis=1 (uint16),Reduction,uint16,10000000,,3.1431,1.239488,available,,not_measured,managed,1.239488,2.535805,faster
np.sum axis=1 (uint32),Reduction,uint32,1000,,0.002154,0.000654,available,,not_measured,managed,0.000654,3.293578,negligible
np.sum axis=1 (uint32),Reduction,uint32,100000,,0.035986,0.005095,available,,not_measured,managed,0.005095,7.063003,faster
np.sum axis=1 (uint32),Reduction,uint32,10000000,,4.5919,4.382675,available,,not_measured,managed,4.382675,1.047739,close
np.sum axis=1 (uint64),Reduction,uint64,1000,,0.00179,0.000492,available,,not_measured,managed,0.000492,3.638211,negligible
np.sum axis=1 (uint64),Reduction,uint64,100000,,0.016414,0.011218,available,,not_measured,managed,0.011218,1.463184,faster
np.sum axis=1 (uint64),Reduction,uint64,10000000,,3.9924,8.34905,available,,not_measured,managed,8.34905,0.478186,slower
np.sum axis=1 (uint8),Reduction,uint8,1000,,0.002206,0.000732,available,,not_measured,managed,0.000732,3.013661,negligible
np.sum axis=1 (uint8),Reduction,uint8,100000,,0.036104,0.006271,available,,not_measured,managed,0.006271,5.757295,faster
np.sum axis=1 (uint8),Reduction,uint8,10000000,,3.0832,0.520636,available,,not_measured,managed,0.520636,5.921988,faster
np.var (float16),Reduction,float16,1000,,0.016235,0.002463,available,,not_measured,managed,0.002463,6.591555,faster
np.var (float16),Reduction,float16,100000,,0.8655,0.311655,available,,not_measured,managed,0.311655,2.777109,faster
np.var (float16),Reduction,float16,10000000,,89.6154,35.1905,available,,not_measured,managed,35.1905,2.546579,faster
np.var (float32),Reduction,float32,1000,,0.007543,0.000841,available,,not_measured,managed,0.000841,8.969084,negligible
np.var (float32),Reduction,float32,100000,,0.044252,0.014918,available,,not_measured,managed,0.014918,2.966349,faster
np.var (float32),Reduction,float32,10000000,,16.7903,8.00535,available,,not_measured,managed,8.00535,2.097385,faster
np.var (float64),Reduction,float64,1000,,0.006161,0.000791,available,,not_measured,managed,0.000791,7.788875,negligible
np.var (float64),Reduction,float64,100000,,0.058853,0.030859,available,,not_measured,managed,0.030859,1.907158,faster
np.var (float64),Reduction,float64,10000000,,29.3254,10.611875,available,,not_measured,managed,10.611875,2.763451,faster
np.var axis=0 (float16),Reduction,float16,1000,,0.018852,0.004816,available,,not_measured,managed,0.004816,3.914452,faster
np.var axis=0 (float16),Reduction,float16,100000,,1.0503,0.405091,available,,not_measured,managed,0.405091,2.592751,faster
np.var axis=0 (float16),Reduction,float16,10000000,,107.3575,134.393,available,,not_measured,managed,134.393,0.798833,slower
np.var axis=0 (float32),Reduction,float32,1000,,0.007896,0.002306,available,,not_measured,managed,0.002306,3.424111,faster
np.var axis=0 (float32),Reduction,float32,100000,,0.036354,0.045988,available,,not_measured,managed,0.045988,0.790511,slower
np.var axis=0 (float32),Reduction,float32,10000000,,13.5268,5.4515,available,,not_measured,managed,5.4515,2.481299,faster
np.var axis=0 (float64),Reduction,float64,1000,,0.006942,0.000548,available,,not_measured,managed,0.000548,12.667883,negligible
np.var axis=0 (float64),Reduction,float64,100000,,0.067382,0.0377,available,,not_measured,managed,0.0377,1.787321,faster
np.var axis=0 (float64),Reduction,float64,10000000,,27.4009,8.0835,available,,not_measured,managed,8.0835,3.389732,faster
"np.choose(selector, choices) (float64)",Selection,float64,1000,,0.005325,0.002804,available,,not_measured,managed,0.002804,1.899073,faster
"np.choose(selector, choices) (float64)",Selection,float64,100000,,0.57785,0.099297,available,,not_measured,managed,0.099297,5.81941,faster
"np.choose(selector, choices) (float64)",Selection,float64,10000000,,5.4322,1.816883,available,,not_measured,managed,1.816883,2.989846,faster
"np.compress(mask, a) (float64)",Selection,float64,1000,,0.001905,0.000756,available,,not_measured,managed,0.000756,2.519841,negligible
"np.compress(mask, a) (float64)",Selection,float64,100000,,0.0819,0.066161,available,,not_measured,managed,0.066161,1.237889,faster
"np.compress(mask, a) (float64)",Selection,float64,10000000,,1.6608,0.56695,available,,not_measured,managed,0.56695,2.929359,faster
np.diag_indices(n) (float64),Selection,float64,1000,,0.000404,0.000407,available,,not_measured,managed,0.000407,0.992629,negligible
np.diag_indices(n) (float64),Selection,float64,100000,,0.000506,0.001308,available,,not_measured,managed,0.001308,0.38685,negligible
np.diag_indices(n) (float64),Selection,float64,10000000,,0.000621,0.001125,available,,not_measured,managed,0.001125,0.552,negligible
np.diag_indices_from(a) (float64),Selection,float64,1000,,0.003894,0.000788,available,,not_measured,managed,0.000788,4.941624,negligible
np.diag_indices_from(a) (float64),Selection,float64,100000,,0.004199,0.001209,available,,not_measured,managed,0.001209,3.473118,faster
np.diag_indices_from(a) (float64),Selection,float64,10000000,,0.004327,0.001156,available,,not_measured,managed,0.001156,3.74308,faster
"np.extract(mask, a) (float64)",Selection,float64,1000,,0.002856,0.000741,available,,not_measured,managed,0.000741,3.854251,negligible
"np.extract(mask, a) (float64)",Selection,float64,100000,,0.082391,0.04316,available,,not_measured,managed,0.04316,1.908967,faster
"np.extract(mask, a) (float64)",Selection,float64,10000000,,1.66,0.531341,available,,not_measured,managed,0.531341,3.124171,faster
np.indices(shape) (float64),Selection,float64,1000,,0.002326,0.001574,available,,not_measured,managed,0.001574,1.477764,faster
np.indices(shape) (float64),Selection,float64,100000,,0.2829,0.077572,available,,not_measured,managed,0.077572,3.646934,faster
np.indices(shape) (float64),Selection,float64,10000000,,2.6494,1.3809,available,,not_measured,managed,1.3809,1.918604,faster
"np.mask_indices(n, triu) (float64)",Selection,float64,1000,,0.007905,0.004001,available,,not_measured,managed,0.004001,1.975756,faster
"np.mask_indices(n, triu) (float64)",Selection,float64,100000,,0.57195,0.295484,available,,not_measured,managed,0.295484,1.935638,faster
"np.mask_indices(n, triu) (float64)",Selection,float64,10000000,,5.4087,3.666725,available,,not_measured,managed,3.666725,1.475077,faster
"np.place(a, mask, values) (float64)",Selection,float64,1000,,0.001254,0.000628,available,,not_measured,managed,0.000628,1.996815,negligible
"np.place(a, mask, values) (float64)",Selection,float64,100000,,0.318067,0.27173,available,,not_measured,managed,0.27173,1.170526,faster
"np.place(a, mask, values) (float64)",Selection,float64,10000000,,3.1685,2.942643,available,,not_measured,managed,2.942643,1.076753,faster
"np.put(a, indices, values) (float64)",Selection,float64,1000,,0.001934,0.001769,available,,not_measured,managed,0.001769,1.093273,faster
"np.put(a, indices, values) (float64)",Selection,float64,100000,,0.110983,0.096404,available,,not_measured,managed,0.096404,1.151228,faster
"np.put(a, indices, values) (float64)",Selection,float64,10000000,,1.6977,0.8346,available,,not_measured,managed,0.8346,2.034148,faster
"np.ravel_multi_index(coords, dims) (float64)",Selection,float64,1000,,0.00128,0.002314,available,,not_measured,managed,0.002314,0.553155,slower
"np.ravel_multi_index(coords, dims) (float64)",Selection,float64,100000,,0.074467,0.124926,available,,not_measured,managed,0.124926,0.596089,slower
"np.ravel_multi_index(coords, dims) (float64)",Selection,float64,10000000,,1.0654,0.988769,available,,not_measured,managed,0.988769,1.077501,faster
"np.select(condlist, choicelist) (float64)",Selection,float64,1000,,0.011414,0.00169,available,,not_measured,managed,0.00169,6.753846,faster
"np.select(condlist, choicelist) (float64)",Selection,float64,100000,,0.71845,0.082761,available,,not_measured,managed,0.082761,8.681021,faster
"np.select(condlist, choicelist) (float64)",Selection,float64,10000000,,8.8496,0.866519,available,,not_measured,managed,0.866519,10.212817,faster
"np.take(a, indices) (float64)",Selection,float64,1000,,0.00131,0.001043,available,,not_measured,managed,0.001043,1.255992,faster
"np.take(a, indices) (float64)",Selection,float64,100000,,0.052884,0.040728,available,,not_measured,managed,0.040728,1.298468,faster
"np.take(a, indices) (float64)",Selection,float64,10000000,,0.9111,0.595428,available,,not_measured,managed,0.595428,1.53016,faster
"np.take_along_axis(a, indices) (float64)",Selection,float64,1000,,0.001676,0.000746,available,,not_measured,managed,0.000746,2.246649,negligible
"np.take_along_axis(a, indices) (float64)",Selection,float64,100000,,0.025908,0.048474,available,,not_measured,managed,0.048474,0.534472,slower
"np.take_along_axis(a, indices) (float64)",Selection,float64,10000000,,0.7408,0.345737,available,,not_measured,managed,0.345737,2.142669,faster
np.tril_indices_from(a) (float64),Selection,float64,1000,,0.010025,0.003257,available,,not_measured,managed,0.003257,3.077986,faster
np.tril_indices_from(a) (float64),Selection,float64,100000,,0.070679,0.02531,available,,not_measured,managed,0.02531,2.792533,faster
np.tril_indices_from(a) (float64),Selection,float64,10000000,,1.5636,0.526707,available,,not_measured,managed,0.526707,2.968633,faster
np.triu_indices_from(a) (float64),Selection,float64,1000,,0.010374,0.002644,available,,not_measured,managed,0.002644,3.923601,faster
np.triu_indices_from(a) (float64),Selection,float64,100000,,0.06824,0.025878,available,,not_measured,managed,0.025878,2.636989,faster
np.triu_indices_from(a) (float64),Selection,float64,10000000,,1.9345,0.5586,available,,not_measured,managed,0.5586,3.463122,faster
"np.unravel_index(indices, shape) (float64)",Selection,float64,1000,,0.001467,0.000954,available,,not_measured,managed,0.000954,1.537736,negligible
"np.unravel_index(indices, shape) (float64)",Selection,float64,100000,,0.09493,0.113435,available,,not_measured,managed,0.113435,0.836867,close
"np.unravel_index(indices, shape) (float64)",Selection,float64,10000000,,1.2844,0.937462,available,,not_measured,managed,0.937462,1.370082,faster
np.where(cond) (float64),Selection,float64,1000,,0.000749,0.001071,available,,not_measured,managed,0.001071,0.699346,negligible
np.where(cond) (float64),Selection,float64,100000,,0.030978,0.074291,available,,not_measured,managed,0.074291,0.416982,slower
np.where(cond) (float64),Selection,float64,10000000,,7.321,4.1961,available,,not_measured,managed,4.1961,1.744715,faster
"np.where(cond, a, b) (float64)",Selection,float64,1000,,0.001071,0.00169,available,,not_measured,managed,0.00169,0.633728,slower
"np.where(cond, a, b) (float64)",Selection,float64,100000,,0.036679,0.053359,available,,not_measured,managed,0.053359,0.6874,slower
"np.where(cond, a, b) (float64)",Selection,float64,10000000,,17.8907,21.5482,available,,not_measured,managed,21.5482,0.830264,close
a[100:1000] (contiguous slice),Slicing,float64,1000,,0.000105,0.00166,available,,not_measured,managed,0.00166,0.063253,negligible
a[100:1000] (contiguous slice),Slicing,float64,100000,,0.000106,0.001195,available,,not_measured,managed,0.001195,0.088703,negligible
a[100:1000] (contiguous slice),Slicing,float64,10000000,,0.000106,0.001783,available,,not_measured,managed,0.001783,0.05945,negligible
"a[10:100, :] (row slice 2D)",Slicing,float64,1000,,0.000155,0.001735,available,,not_measured,managed,0.001735,0.089337,negligible
"a[10:100, :] (row slice 2D)",Slicing,float64,100000,,0.000155,0.002008,available,,not_measured,managed,0.002008,0.077191,negligible
"a[10:100, :] (row slice 2D)",Slicing,float64,10000000,,0.000161,0.002717,available,,not_measured,managed,0.002717,0.059257,negligible
"a[:, 10:100] (col slice 2D)",Slicing,float64,1000,,0.000155,0.002527,available,,not_measured,managed,0.002527,0.061338,negligible
"a[:, 10:100] (col slice 2D)",Slicing,float64,100000,,0.000155,0.001644,available,,not_measured,managed,0.001644,0.094282,negligible
"a[:, 10:100] (col slice 2D)",Slicing,float64,10000000,,0.000155,0.001713,available,,not_measured,managed,0.001713,0.090485,negligible
a[::-1] (reversed),Slicing,float64,1000,,0.000105,0.001435,available,,not_measured,managed,0.001435,0.073171,negligible
a[::-1] (reversed),Slicing,float64,100000,,0.000105,0.001618,available,,not_measured,managed,0.001618,0.064895,negligible
a[::-1] (reversed),Slicing,float64,10000000,,0.000104,0.001077,available,,not_measured,managed,0.001077,0.096565,negligible
a[::2] (strided slice),Slicing,float64,1000,,0.000105,0.001325,available,,not_measured,managed,0.001325,0.079245,negligible
a[::2] (strided slice),Slicing,float64,100000,,0.000106,0.001062,available,,not_measured,managed,0.001062,0.099812,negligible
a[::2] (strided slice),Slicing,float64,10000000,,0.000106,0.001119,available,,not_measured,managed,0.001119,0.094727,negligible
a[::2] * 2,Slicing,float64,1000,,0.000828,0.002777,available,,not_measured,managed,0.002777,0.298163,negligible
a[::2] * 2,Slicing,float64,100000,,0.014245,0.019105,available,,not_measured,managed,0.019105,0.745616,slower
a[::2] * 2,Slicing,float64,10000000,,8.8044,5.1071,available,,not_measured,managed,5.1071,1.723953,faster
a[N/10:9N/10] * 2,Slicing,float64,1000,,0.000823,0.004928,available,,not_measured,managed,0.004928,0.167005,negligible
a[N/10:9N/10] * 2,Slicing,float64,100000,,0.009709,0.022457,available,,not_measured,managed,0.022457,0.432337,slower
a[N/10:9N/10] * 2,Slicing,float64,10000000,,12.4215,5.05075,available,,not_measured,managed,5.05075,2.459338,faster
a[N/10:9N/10].copy(),Slicing,float64,1000,,0.000383,0.002124,available,,not_measured,managed,0.002124,0.18032,negligible
a[N/10:9N/10].copy(),Slicing,float64,100000,,0.009032,0.039165,available,,not_measured,managed,0.039165,0.230614,much_slower
a[N/10:9N/10].copy(),Slicing,float64,10000000,,9.6959,7.424175,available,,not_measured,managed,7.424175,1.30599,faster
np.copy(a[N/10:9N/10]),Slicing,float64,1000,,0.000584,0.00223,available,,not_measured,managed,0.00223,0.261883,negligible
np.copy(a[N/10:9N/10]),Slicing,float64,100000,,0.009231,0.032381,available,,not_measured,managed,0.032381,0.285075,much_slower
np.copy(a[N/10:9N/10]),Slicing,float64,10000000,,9.859,6.510975,available,,not_measured,managed,6.510975,1.514213,faster
"np.argpartition(a, kth) (float32)",Sorting,float32,1000,,0.004313,0.006082,available,,not_measured,managed,0.006082,0.709142,slower
"np.argpartition(a, kth) (float32)",Sorting,float32,100000,,0.137929,0.44121,available,,not_measured,managed,0.44121,0.312615,much_slower
"np.argpartition(a, kth) (float32)",Sorting,float32,10000000,,2.2427,7.4939,available,,not_measured,managed,7.4939,0.29927,much_slower
"np.argpartition(a, kth) (float64)",Sorting,float64,1000,,0.003926,0.010257,available,,not_measured,managed,0.010257,0.382763,slower
"np.argpartition(a, kth) (float64)",Sorting,float64,100000,,0.140871,0.449765,available,,not_measured,managed,0.449765,0.31321,much_slower
"np.argpartition(a, kth) (float64)",Sorting,float64,10000000,,2.5233,7.992525,available,,not_measured,managed,7.992525,0.315707,much_slower
"np.argpartition(a, kth) (int32)",Sorting,int32,1000,,0.002956,0.006466,available,,not_measured,managed,0.006466,0.457161,slower
"np.argpartition(a, kth) (int32)",Sorting,int32,100000,,0.109312,0.592277,available,,not_measured,managed,0.592277,0.184562,much_slower
"np.argpartition(a, kth) (int32)",Sorting,int32,10000000,,2.2562,4.867775,available,,not_measured,managed,4.867775,0.463497,slower
"np.argpartition(a, kth) (int64)",Sorting,int64,1000,,0.003246,0.009319,available,,not_measured,managed,0.009319,0.348321,slower
"np.argpartition(a, kth) (int64)",Sorting,int64,100000,,0.132225,0.552358,available,,not_measured,managed,0.552358,0.239383,much_slower
"np.argpartition(a, kth) (int64)",Sorting,int64,10000000,,2.3942,5.11495,available,,not_measured,managed,5.11495,0.468079,slower
np.argsort(a) (float32),Sorting,float32,1000,,0.011354,0.010436,available,,not_measured,managed,0.010436,1.087965,faster
np.argsort(a) (float32),Sorting,float32,100000,,1.4971,1.720306,available,,not_measured,managed,1.720306,0.870252,close
np.argsort(a) (float32),Sorting,float32,10000000,,481.3848,175.503,available,,not_measured,managed,175.503,2.742886,faster
np.argsort(a) (float64),Sorting,float64,1000,,0.009694,0.017136,available,,not_measured,managed,0.017136,0.56571,slower
np.argsort(a) (float64),Sorting,float64,100000,,1.349,2.473886,available,,not_measured,managed,2.473886,0.545296,slower
np.argsort(a) (float64),Sorting,float64,10000000,,598.809,247.327,available,,not_measured,managed,247.327,2.421123,faster
np.argsort(a) (int32),Sorting,int32,1000,,0.010983,0.016528,available,,not_measured,managed,0.016528,0.664509,slower
np.argsort(a) (int32),Sorting,int32,100000,,0.406733,1.051662,available,,not_measured,managed,1.051662,0.386753,slower
np.argsort(a) (int32),Sorting,int32,10000000,,157.1339,158.32,available,,not_measured,managed,158.32,0.992508,close
np.argsort(a) (int64),Sorting,int64,1000,,0.012949,0.01561,available,,not_measured,managed,0.01561,0.829532,close
np.argsort(a) (int64),Sorting,int64,100000,,0.462333,1.909456,available,,not_measured,managed,1.909456,0.242128,much_slower
np.argsort(a) (int64),Sorting,int64,10000000,,291.6718,402.8677,available,,not_measured,managed,402.8677,0.723989,slower
np.argwhere(a) (float32),Sorting,float32,1000,,0.003991,0.000892,available,,not_measured,managed,0.000892,4.474215,negligible
np.argwhere(a) (float32),Sorting,float32,100000,,0.18604,0.093925,available,,not_measured,managed,0.093925,1.980729,faster
np.argwhere(a) (float32),Sorting,float32,10000000,,3.5534,0.826491,available,,not_measured,managed,0.826491,4.299381,faster
np.argwhere(a) (float64),Sorting,float64,1000,,0.003997,0.001988,available,,not_measured,managed,0.001988,2.010563,faster
np.argwhere(a) (float64),Sorting,float64,100000,,0.191,0.066855,available,,not_measured,managed,0.066855,2.856929,faster
np.argwhere(a) (float64),Sorting,float64,10000000,,5.3903,1.128413,available,,not_measured,managed,1.128413,4.776886,faster
np.argwhere(a) (int32),Sorting,int32,1000,,0.002969,0.001361,available,,not_measured,managed,0.001361,2.181484,faster
np.argwhere(a) (int32),Sorting,int32,100000,,0.11088,0.088922,available,,not_measured,managed,0.088922,1.246936,faster
np.argwhere(a) (int32),Sorting,int32,10000000,,2.9146,1.176063,available,,not_measured,managed,1.176063,2.478269,faster
np.argwhere(a) (int64),Sorting,int64,1000,,0.002988,0.001821,available,,not_measured,managed,0.001821,1.640857,faster
np.argwhere(a) (int64),Sorting,int64,100000,,0.376667,0.079377,available,,not_measured,managed,0.079377,4.745291,faster
np.argwhere(a) (int64),Sorting,int64,10000000,,2.97,0.743213,available,,not_measured,managed,0.743213,3.996163,faster
np.flatnonzero(a) (float32),Sorting,float32,1000,,0.003037,0.001143,available,,not_measured,managed,0.001143,2.657043,faster
np.flatnonzero(a) (float32),Sorting,float32,100000,,0.1737,0.179326,available,,not_measured,managed,0.179326,0.968627,close
np.flatnonzero(a) (float32),Sorting,float32,10000000,,2.3768,1.314708,available,,not_measured,managed,1.314708,1.807854,faster
np.flatnonzero(a) (float64),Sorting,float64,1000,,0.002996,0.002382,available,,not_measured,managed,0.002382,1.257767,faster
np.flatnonzero(a) (float64),Sorting,float64,100000,,0.174817,0.179586,available,,not_measured,managed,0.179586,0.973444,close
np.flatnonzero(a) (float64),Sorting,float64,10000000,,3.1094,1.872812,available,,not_measured,managed,1.872812,1.660284,faster
np.flatnonzero(a) (int32),Sorting,int32,1000,,0.002022,0.00138,available,,not_measured,managed,0.00138,1.465217,faster
np.flatnonzero(a) (int32),Sorting,int32,100000,,0.10201,0.187325,available,,not_measured,managed,0.187325,0.544562,slower
np.flatnonzero(a) (int32),Sorting,int32,10000000,,1.7731,1.271429,available,,not_measured,managed,1.271429,1.394573,faster
np.flatnonzero(a) (int64),Sorting,int64,1000,,0.002059,0.00116,available,,not_measured,managed,0.00116,1.775,faster
np.flatnonzero(a) (int64),Sorting,int64,100000,,0.1012,0.141444,available,,not_measured,managed,0.141444,0.715478,slower
np.flatnonzero(a) (int64),Sorting,int64,10000000,,1.7624,1.672736,available,,not_measured,managed,1.672736,1.053603,faster
"np.lexsort((b, a)) (float32)",Sorting,float32,1000,,0.041423,0.03768,available,,not_measured,managed,0.03768,1.099337,faster
"np.lexsort((b, a)) (float32)",Sorting,float32,100000,,12.7492,2.8374,available,,not_measured,managed,2.8374,4.493268,faster
"np.lexsort((b, a)) (float32)",Sorting,float32,10000000,,175.6823,30.8604,available,,not_measured,managed,30.8604,5.692807,faster
"np.lexsort((b, a)) (float64)",Sorting,float64,1000,,0.037496,0.053689,available,,not_measured,managed,0.053689,0.698393,slower
"np.lexsort((b, a)) (float64)",Sorting,float64,100000,,12.8026,5.861425,available,,not_measured,managed,5.861425,2.184213,faster
"np.lexsort((b, a)) (float64)",Sorting,float64,10000000,,185.8106,79.8606,available,,not_measured,managed,79.8606,2.326687,faster
"np.lexsort((b, a)) (int32)",Sorting,int32,1000,,0.038504,0.033287,available,,not_measured,managed,0.033287,1.156728,faster
"np.lexsort((b, a)) (int32)",Sorting,int32,100000,,10.0291,1.921586,available,,not_measured,managed,1.921586,5.219178,faster
"np.lexsort((b, a)) (int32)",Sorting,int32,10000000,,192.523,43.8396,available,,not_measured,managed,43.8396,4.391532,faster
"np.lexsort((b, a)) (int64)",Sorting,int64,1000,,0.037917,0.030657,available,,not_measured,managed,0.030657,1.236814,faster
"np.lexsort((b, a)) (int64)",Sorting,int64,100000,,10.8696,3.56835,available,,not_measured,managed,3.56835,3.046114,faster
"np.lexsort((b, a)) (int64)",Sorting,int64,10000000,,291.861,54.051,available,,not_measured,managed,54.051,5.399734,faster
np.nonzero(a) (float32),Sorting,float32,1000,,0.002341,0.001164,available,,not_measured,managed,0.001164,2.011168,faster
np.nonzero(a) (float32),Sorting,float32,100000,,0.173067,0.039646,available,,not_measured,managed,0.039646,4.365308,faster
np.nonzero(a) (float32),Sorting,float32,10000000,,24.9883,13.3948,available,,not_measured,managed,13.3948,1.865522,faster
np.nonzero(a) (float64),Sorting,float64,1000,,0.002133,0.00215,available,,not_measured,managed,0.00215,0.992093,close
np.nonzero(a) (float64),Sorting,float64,100000,,0.164917,0.103744,available,,not_measured,managed,0.103744,1.589653,faster
np.nonzero(a) (float64),Sorting,float64,10000000,,26.9494,16.8662,available,,not_measured,managed,16.8662,1.597835,faster
np.nonzero(a) (int32),Sorting,int32,1000,,0.001532,0.001298,available,,not_measured,managed,0.001298,1.180277,faster
np.nonzero(a) (int32),Sorting,int32,100000,,0.102578,0.037328,available,,not_measured,managed,0.037328,2.748018,faster
np.nonzero(a) (int32),Sorting,int32,10000000,,19.1645,14.034,available,,not_measured,managed,14.034,1.365576,faster
np.nonzero(a) (int64),Sorting,int64,1000,,0.001583,0.001541,available,,not_measured,managed,0.001541,1.027255,close
np.nonzero(a) (int64),Sorting,int64,100000,,0.105667,0.102429,available,,not_measured,managed,0.102429,1.031612,close
np.nonzero(a) (int64),Sorting,int64,10000000,,22.8261,20.7844,available,,not_measured,managed,20.7844,1.098232,faster
"np.partition(a, kth) (float32)",Sorting,float32,1000,,0.002153,0.005127,available,,not_measured,managed,0.005127,0.419934,slower
"np.partition(a, kth) (float32)",Sorting,float32,100000,,0.094878,0.328756,available,,not_measured,managed,0.328756,0.288597,much_slower
"np.partition(a, kth) (float32)",Sorting,float32,10000000,,1.4823,4.065,available,,not_measured,managed,4.065,0.364649,slower
"np.partition(a, kth) (float64)",Sorting,float64,1000,,0.002776,0.006074,available,,not_measured,managed,0.006074,0.45703,slower
"np.partition(a, kth) (float64)",Sorting,float64,100000,,0.136375,0.392111,available,,not_measured,managed,0.392111,0.347797,slower
"np.partition(a, kth) (float64)",Sorting,float64,10000000,,2.7674,5.564275,available,,not_measured,managed,5.564275,0.497351,slower
"np.partition(a, kth) (int32)",Sorting,int32,1000,,0.001524,0.003558,available,,not_measured,managed,0.003558,0.428331,slower
"np.partition(a, kth) (int32)",Sorting,int32,100000,,0.026508,0.291229,available,,not_measured,managed,0.291229,0.091021,much_slower
"np.partition(a, kth) (int32)",Sorting,int32,10000000,,0.8258,3.287371,available,,not_measured,managed,3.287371,0.251204,much_slower
"np.partition(a, kth) (int64)",Sorting,int64,1000,,0.001993,0.007028,available,,not_measured,managed,0.007028,0.28358,much_slower
"np.partition(a, kth) (int64)",Sorting,int64,100000,,0.083358,0.556427,available,,not_measured,managed,0.556427,0.149809,much_slower
"np.partition(a, kth) (int64)",Sorting,int64,10000000,,1.8342,3.23978,available,,not_measured,managed,3.23978,0.56615,slower
"np.searchsorted(a, v) (float32)",Sorting,float32,1000,,0.006943,0.01089,available,,not_measured,managed,0.01089,0.637557,slower
"np.searchsorted(a, v) (float32)",Sorting,float32,100000,,2.0008,2.547056,available,,not_measured,managed,2.547056,0.785534,slower
"np.searchsorted(a, v) (float32)",Sorting,float32,10000000,,238.1477,328.5732,available,,not_measured,managed,328.5732,0.724793,slower
"np.searchsorted(a, v) (float64)",Sorting,float64,1000,,0.006391,0.011448,available,,not_measured,managed,0.011448,0.558263,slower
"np.searchsorted(a, v) (float64)",Sorting,float64,100000,,2.0419,2.68385,available,,not_measured,managed,2.68385,0.76081,slower
"np.searchsorted(a, v) (float64)",Sorting,float64,10000000,,244.9989,307.5072,available,,not_measured,managed,307.5072,0.796726,slower
"np.searchsorted(a, v) (int32)",Sorting,int32,1000,,0.018333,0.006289,available,,not_measured,managed,0.006289,2.91509,faster
"np.searchsorted(a, v) (int32)",Sorting,int32,100000,,2.8152,2.241144,available,,not_measured,managed,2.241144,1.256144,faster
"np.searchsorted(a, v) (int32)",Sorting,int32,10000000,,381.8467,288.8701,available,,not_measured,managed,288.8701,1.321863,faster
"np.searchsorted(a, v) (int64)",Sorting,int64,1000,,0.018294,0.005978,available,,not_measured,managed,0.005978,3.060221,faster
"np.searchsorted(a, v) (int64)",Sorting,int64,100000,,2.8375,2.370188,available,,not_measured,managed,2.370188,1.197162,faster
"np.searchsorted(a, v) (int64)",Sorting,int64,10000000,,383.7936,308.2325,available,,not_measured,managed,308.2325,1.245143,faster
np.sort(a) (float32),Sorting,float32,1000,,0.001975,0.007994,available,,not_measured,managed,0.007994,0.24706,much_slower
np.sort(a) (float32),Sorting,float32,100000,,0.22158,0.714581,available,,not_measured,managed,0.714581,0.310084,much_slower
np.sort(a) (float32),Sorting,float32,10000000,,3.6211,9.6656,available,,not_measured,managed,9.6656,0.374638,slower
np.sort(a) (float64),Sorting,float64,1000,,0.003236,0.014461,available,,not_measured,managed,0.014461,0.223774,much_slower
np.sort(a) (float64),Sorting,float64,100000,,0.46745,1.743153,available,,not_measured,managed,1.743153,0.268163,much_slower
np.sort(a) (float64),Sorting,float64,10000000,,7.2839,15.9117,available,,not_measured,managed,15.9117,0.45777,slower
np.sort(a) (int32),Sorting,int32,1000,,0.002042,0.007496,available,,not_measured,managed,0.007496,0.272412,much_slower
np.sort(a) (int32),Sorting,int32,100000,,0.091209,0.592616,available,,not_measured,managed,0.592616,0.153909,much_slower
np.sort(a) (int32),Sorting,int32,10000000,,1.5248,7.531175,available,,not_measured,managed,7.531175,0.202465,much_slower
np.sort(a) (int64),Sorting,int64,1000,,0.005445,0.012213,available,,not_measured,managed,0.012213,0.445836,slower
np.sort(a) (int64),Sorting,int64,100000,,0.261175,1.680775,available,,not_measured,managed,1.680775,0.15539,much_slower
np.sort(a) (int64),Sorting,int64,10000000,,3.6512,17.7446,available,,not_measured,managed,17.7446,0.205764,much_slower
np.sort_complex(a) (float32),Sorting,float32,1000,,0.002652,0.009621,available,,not_measured,managed,0.009621,0.275647,much_slower
np.sort_complex(a) (float32),Sorting,float32,100000,,0.475667,1.08468,available,,not_measured,managed,1.08468,0.438532,slower
np.sort_complex(a) (float32),Sorting,float32,10000000,,6.0632,7.9637,available,,not_measured,managed,7.9637,0.761355,slower
np.sort_complex(a) (float64),Sorting,float64,1000,,0.003939,0.024766,available,,not_measured,managed,0.024766,0.159049,much_slower
np.sort_complex(a) (float64),Sorting,float64,100000,,0.73605,1.885856,available,,not_measured,managed,1.885856,0.3903,slower
np.sort_complex(a) (float64),Sorting,float64,10000000,,10.1677,19.8594,available,,not_measured,managed,19.8594,0.511984,slower
np.sort_complex(a) (int32),Sorting,int32,1000,,0.002709,0.00887,available,,not_measured,managed,0.00887,0.305411,much_slower
np.sort_complex(a) (int32),Sorting,int32,100000,,0.35515,0.615653,available,,not_measured,managed,0.615653,0.576867,slower
np.sort_complex(a) (int32),Sorting,int32,10000000,,3.9595,10.58235,available,,not_measured,managed,10.58235,0.374161,slower
np.sort_complex(a) (int64),Sorting,int64,1000,,0.006123,0.01588,available,,not_measured,managed,0.01588,0.385579,slower
np.sort_complex(a) (int64),Sorting,int64,100000,,0.53705,2.168609,available,,not_measured,managed,2.168609,0.247647,much_slower
np.sort_complex(a) (int64),Sorting,int64,10000000,,6.3007,20.8201,available,,not_measured,managed,20.8201,0.302626,much_slower
np.average(a) (float16),Statistics,float16,1000,,0.004879,0.002069,available,,not_measured,managed,0.002069,2.358144,faster
np.average(a) (float16),Statistics,float16,100000,,0.09834,0.081307,available,,not_measured,managed,0.081307,1.20949,faster
np.average(a) (float16),Statistics,float16,10000000,,9.6381,8.03095,available,,not_measured,managed,8.03095,1.20012,faster
np.average(a) (float32),Statistics,float32,1000,,0.003792,0.000559,available,,not_measured,managed,0.000559,6.783542,negligible
np.average(a) (float32),Statistics,float32,100000,,0.017412,0.005587,available,,not_measured,managed,0.005587,3.11652,faster
np.average(a) (float32),Statistics,float32,10000000,,2.5841,2.920825,available,,not_measured,managed,2.920825,0.884716,close
np.average(a) (float64),Statistics,float64,1000,,0.002623,0.000689,available,,not_measured,managed,0.000689,3.806967,negligible
np.average(a) (float64),Statistics,float64,100000,,0.016847,0.008112,available,,not_measured,managed,0.008112,2.0768,faster
np.average(a) (float64),Statistics,float64,10000000,,4.8549,3.25285,available,,not_measured,managed,3.25285,1.492507,faster
np.bincount(a) (int32),Statistics,int32,1000,,0.001333,0.001601,available,,not_measured,managed,0.001601,0.832605,close
np.bincount(a) (int32),Statistics,int32,100000,,0.094982,0.189582,available,,not_measured,managed,0.189582,0.501007,slower
np.bincount(a) (int32),Statistics,int32,10000000,,2.6119,3.104925,available,,not_measured,managed,3.104925,0.841212,close
"np.convolve(a, kernel) (float64)",Statistics,float64,1000,,0.011162,0.007627,available,0.0156,available,managed,0.007627,1.463485,faster
"np.convolve(a, kernel) (float64)",Statistics,float64,100000,,0.9852,0.399617,available,0.9192,available,managed,0.399617,2.465361,faster
"np.convolve(a, kernel) (float64)",Statistics,float64,10000000,,11.1685,2.134717,available,100.8334,available,managed,2.134717,5.231841,faster
"np.corrcoef(a, b) (float64)",Statistics,float64,1000,,0.018021,0.02292,available,,not_measured,managed,0.02292,0.786257,slower
"np.corrcoef(a, b) (float64)",Statistics,float64,100000,,0.55205,0.354156,available,,not_measured,managed,0.354156,1.558776,faster
"np.corrcoef(a, b) (float64)",Statistics,float64,10000000,,7.6593,10.9953,available,,not_measured,managed,10.9953,0.696598,slower
"np.correlate(a, kernel) (float64)",Statistics,float64,1000,,0.01079,0.00499,available,0.0132,available,managed,0.00499,2.162325,faster
"np.correlate(a, kernel) (float64)",Statistics,float64,100000,,0.9718,0.385336,available,0.9014,available,managed,0.385336,2.521955,faster
"np.correlate(a, kernel) (float64)",Statistics,float64,10000000,,11.1054,1.216867,available,100.8807,available,managed,1.216867,9.126223,faster
np.count_nonzero(a) (float16),Statistics,float16,1000,,0.00173,0.001048,available,,not_measured,managed,0.001048,1.650763,faster
np.count_nonzero(a) (float16),Statistics,float16,100000,,0.140929,0.043041,available,,not_measured,managed,0.043041,3.274297,faster
np.count_nonzero(a) (float16),Statistics,float16,10000000,,14.4465,6.37855,available,,not_measured,managed,6.37855,2.264856,faster
np.count_nonzero(a) (float32),Statistics,float32,1000,,0.000584,0.000313,available,,not_measured,managed,0.000313,1.865815,negligible
np.count_nonzero(a) (float32),Statistics,float32,100000,,0.036693,0.007739,available,,not_measured,managed,0.007739,4.74131,faster
np.count_nonzero(a) (float32),Statistics,float32,10000000,,3.971,1.819725,available,,not_measured,managed,1.819725,2.182198,faster
np.count_nonzero(a) (float64),Statistics,float64,1000,,0.000584,0.000405,available,,not_measured,managed,0.000405,1.441975,negligible
np.count_nonzero(a) (float64),Statistics,float64,100000,,0.036689,0.00972,available,,not_measured,managed,0.00972,3.774588,faster
np.count_nonzero(a) (float64),Statistics,float64,10000000,,5.985,4.076975,available,,not_measured,managed,4.076975,1.468,faster
"np.cov(a, b) (float64)",Statistics,float64,1000,,0.013082,0.014124,available,,not_measured,managed,0.014124,0.926225,close
"np.cov(a, b) (float64)",Statistics,float64,100000,,0.53665,0.336135,available,,not_measured,managed,0.336135,1.596531,faster
"np.cov(a, b) (float64)",Statistics,float64,10000000,,7.3147,9.6925,available,,not_measured,managed,9.6925,0.754676,slower
"np.cross(a, b) (float64)",Statistics,float64,1000,,0.012408,0.047469,available,,not_measured,managed,0.047469,0.261392,much_slower
"np.cross(a, b) (float64)",Statistics,float64,100000,,0.75,1.017105,available,,not_measured,managed,1.017105,0.737387,slower
"np.cross(a, b) (float64)",Statistics,float64,10000000,,9.8505,10.08425,available,,not_measured,managed,10.08425,0.97682,close
np.diff(a) (float64),Statistics,float64,1000,,0.001529,0.001288,available,,not_measured,managed,0.001288,1.187112,faster
np.diff(a) (float64),Statistics,float64,100000,,0.01236,0.043677,available,,not_measured,managed,0.043677,0.282986,much_slower
np.diff(a) (float64),Statistics,float64,10000000,,1.3633,1.071721,available,,not_measured,managed,1.071721,1.272066,faster
"np.digitize(a, bins) (float64)",Statistics,float64,1000,,0.012229,0.014224,available,,not_measured,managed,0.014224,0.859744,close
"np.digitize(a, bins) (float64)",Statistics,float64,100000,,3.2587,3.596,available,,not_measured,managed,3.596,0.906201,close
"np.digitize(a, bins) (float64)",Statistics,float64,10000000,,33.7403,45.4933,available,,not_measured,managed,45.4933,0.741654,slower
np.ediff1d(a) (float64),Statistics,float64,1000,,0.000974,0.001715,available,,not_measured,managed,0.001715,0.56793,negligible
np.ediff1d(a) (float64),Statistics,float64,100000,,0.011577,0.051917,available,,not_measured,managed,0.051917,0.222991,much_slower
np.ediff1d(a) (float64),Statistics,float64,10000000,,1.3524,0.977959,available,,not_measured,managed,0.977959,1.38288,faster
"np.inner(a, b) (float64)",Statistics,float64,1000,,0.00061,0.000535,available,0.0007,available,managed,0.000535,1.140187,negligible
"np.inner(a, b) (float64)",Statistics,float64,100000,,0.01003,0.017899,available,0.009,available,openblas,0.009,1.114444,faster
"np.inner(a, b) (float64)",Statistics,float64,10000000,,0.203775,0.406152,available,2.9246,available,managed,0.406152,0.501721,slower
"np.kron(a, b) (float64)",Statistics,float64,1000,,0.008261,0.004953,available,,not_measured,managed,0.004953,1.667878,faster
"np.kron(a, b) (float64)",Statistics,float64,100000,,0.042375,0.033606,available,,not_measured,managed,0.033606,1.260936,faster
"np.kron(a, b) (float64)",Statistics,float64,10000000,,1.9076,0.731972,available,,not_measured,managed,0.731972,2.606111,faster
np.median(a) (float16),Statistics,float16,1000,,0.013019,0.00621,available,,not_measured,managed,0.00621,2.096457,faster
np.median(a) (float16),Statistics,float16,100000,,0.8613,1.169813,available,,not_measured,managed,1.169813,0.736272,slower
np.median(a) (float16),Statistics,float16,10000000,,104.373,106.5602,available,,not_measured,managed,106.5602,0.979475,close
np.median(a) (float32),Statistics,float32,1000,,0.010136,0.003858,available,,not_measured,managed,0.003858,2.627268,faster
np.median(a) (float32),Statistics,float32,100000,,0.4494,0.289205,available,,not_measured,managed,0.289205,1.553915,faster
np.median(a) (float32),Statistics,float32,10000000,,72.0223,46.0247,available,,not_measured,managed,46.0247,1.564862,faster
np.median(a) (float64),Statistics,float64,1000,,0.009028,0.004208,available,,not_measured,managed,0.004208,2.145437,faster
np.median(a) (float64),Statistics,float64,100000,,0.453833,0.319578,available,,not_measured,managed,0.319578,1.420101,faster
np.median(a) (float64),Statistics,float64,10000000,,83.2521,42.5415,available,,not_measured,managed,42.5415,1.956962,faster
"np.percentile(a, 50) (float16)",Statistics,float16,1000,,0.026942,0.008536,available,,not_measured,managed,0.008536,3.156279,faster
"np.percentile(a, 50) (float16)",Statistics,float16,100000,,1.7159,1.400772,available,,not_measured,managed,1.400772,1.224967,faster
"np.percentile(a, 50) (float16)",Statistics,float16,10000000,,110.6239,104.7791,available,,not_measured,managed,104.7791,1.055782,faster
"np.percentile(a, 50) (float32)",Statistics,float32,1000,,0.022733,0.003929,available,,not_measured,managed,0.003929,5.785951,faster
"np.percentile(a, 50) (float32)",Statistics,float32,100000,,0.67275,0.24522,available,,not_measured,managed,0.24522,2.743455,faster
"np.percentile(a, 50) (float32)",Statistics,float32,10000000,,46.7442,29.8292,available,,not_measured,managed,29.8292,1.567062,faster
"np.percentile(a, 50) (float64)",Statistics,float64,1000,,0.021955,0.004143,available,,not_measured,managed,0.004143,5.2993,faster
"np.percentile(a, 50) (float64)",Statistics,float64,100000,,0.67565,0.31347,available,,not_measured,managed,0.31347,2.15539,faster
"np.percentile(a, 50) (float64)",Statistics,float64,10000000,,57.2772,41.7629,available,,not_measured,managed,41.7629,1.371485,faster
np.ptp(a) (float16),Statistics,float16,1000,,0.006745,0.004423,available,,not_measured,managed,0.004423,1.524983,faster
np.ptp(a) (float16),Statistics,float16,100000,,0.9756,0.841612,available,,not_measured,managed,0.841612,1.159204,faster
np.ptp(a) (float16),Statistics,float16,10000000,,101.4205,84.0569,available,,not_measured,managed,84.0569,1.20657,faster
np.ptp(a) (float32),Statistics,float32,1000,,0.002438,0.001785,available,,not_measured,managed,0.001785,1.365826,faster
np.ptp(a) (float32),Statistics,float32,100000,,0.011079,0.018284,available,,not_measured,managed,0.018284,0.60594,slower
np.ptp(a) (float32),Statistics,float32,10000000,,2.2427,4.942725,available,,not_measured,managed,4.942725,0.453738,slower
np.ptp(a) (float64),Statistics,float64,1000,,0.002534,0.002357,available,,not_measured,managed,0.002357,1.075095,faster
np.ptp(a) (float64),Statistics,float64,100000,,0.01951,0.034944,available,,not_measured,managed,0.034944,0.558322,slower
np.ptp(a) (float64),Statistics,float64,10000000,,7.4651,6.68545,available,,not_measured,managed,6.68545,1.116619,faster
"np.quantile(a, 0.5) (float16)",Statistics,float16,1000,,0.026436,0.0062,available,,not_measured,managed,0.0062,4.263871,faster
"np.quantile(a, 0.5) (float16)",Statistics,float16,100000,,1.7223,1.591238,available,,not_measured,managed,1.591238,1.082365,faster
"np.quantile(a, 0.5) (float16)",Statistics,float16,10000000,,111.0314,119.8276,available,,not_measured,managed,119.8276,0.926593,close
"np.quantile(a, 0.5) (float32)",Statistics,float32,1000,,0.021461,0.004038,available,,not_measured,managed,0.004038,5.31476,faster
"np.quantile(a, 0.5) (float32)",Statistics,float32,100000,,0.6732,0.294374,available,,not_measured,managed,0.294374,2.286887,faster
"np.quantile(a, 0.5) (float32)",Statistics,float32,10000000,,46.5636,45.1417,available,,not_measured,managed,45.1417,1.031499,close
"np.quantile(a, 0.5) (float64)",Statistics,float64,1000,,0.021359,0.004031,available,,not_measured,managed,0.004031,5.298685,faster
"np.quantile(a, 0.5) (float64)",Statistics,float64,100000,,0.68095,0.297041,available,,not_measured,managed,0.297041,2.292444,faster
"np.quantile(a, 0.5) (float64)",Statistics,float64,10000000,,57.2155,58.9939,available,,not_measured,managed,58.9939,0.969855,close
np.trace(a) (float64),Statistics,float64,1000,,0.001141,0.000571,available,,not_measured,managed,0.000571,1.998249,negligible
np.trace(a) (float64),Statistics,float64,100000,,0.001212,0.000437,available,,not_measured,managed,0.000437,2.773455,negligible
np.trace(a) (float64),Statistics,float64,10000000,,0.001844,0.00074,available,,not_measured,managed,0.00074,2.491892,negligible
a * a (square via multiply) (float16),Unary,float16,1000,,0.003142,0.007603,available,,not_measured,managed,0.007603,0.413258,slower
a * a (square via multiply) (float16),Unary,float16,100000,,0.27555,0.942391,available,,not_measured,managed,0.942391,0.292395,much_slower
a * a (square via multiply) (float16),Unary,float16,10000000,,30.0972,92.3848,available,,not_measured,managed,92.3848,0.325781,much_slower
a * a (square via multiply) (float32),Unary,float32,1000,,0.000394,0.000584,available,,not_measured,managed,0.000584,0.674658,negligible
a * a (square via multiply) (float32),Unary,float32,100000,,0.005876,0.020057,available,,not_measured,managed,0.020057,0.292965,much_slower
a * a (square via multiply) (float32),Unary,float32,10000000,,7.2545,9.0011,available,,not_measured,managed,9.0011,0.805957,close
a * a (square via multiply) (float64),Unary,float64,1000,,0.000469,0.000837,available,,not_measured,managed,0.000837,0.560335,negligible
a * a (square via multiply) (float64),Unary,float64,100000,,0.012524,0.041097,available,,not_measured,managed,0.041097,0.304742,much_slower
a * a (square via multiply) (float64),Unary,float64,10000000,,15.4962,19.9595,available,,not_measured,managed,19.9595,0.776382,slower
a * a * a (cube via multiply) (float16),Unary,float16,1000,,0.010076,0.014031,available,,not_measured,managed,0.014031,0.718124,slower
a * a * a (cube via multiply) (float16),Unary,float16,100000,,0.8634,2.247518,available,,not_measured,managed,2.247518,0.384157,slower
a * a * a (cube via multiply) (float16),Unary,float16,10000000,,93.088,230.4135,available,,not_measured,managed,230.4135,0.404004,slower
a * a * a (cube via multiply) (float32),Unary,float32,1000,,0.000765,0.001188,available,,not_measured,managed,0.001188,0.643939,negligible
a * a * a (cube via multiply) (float32),Unary,float32,100000,,0.012563,0.050606,available,,not_measured,managed,0.050606,0.248251,much_slower
a * a * a (cube via multiply) (float32),Unary,float32,10000000,,15.9612,18.8508,available,,not_measured,managed,18.8508,0.846712,close
a * a * a (cube via multiply) (float64),Unary,float64,1000,,0.000916,0.001708,available,,not_measured,managed,0.001708,0.5363,negligible
a * a * a (cube via multiply) (float64),Unary,float64,100000,,0.3062,0.111023,available,,not_measured,managed,0.111023,2.757987,faster
a * a * a (cube via multiply) (float64),Unary,float64,10000000,,30.4578,47.2193,available,,not_measured,managed,47.2193,0.645029,slower
np.abs (float16),Unary,float16,1000,,0.00061,0.000625,available,,not_measured,managed,0.000625,0.976,negligible
np.abs (float16),Unary,float16,100000,,0.025668,0.020929,available,,not_measured,managed,0.020929,1.226432,faster
np.abs (float16),Unary,float16,10000000,,4.5726,3.331457,available,,not_measured,managed,3.331457,1.372553,faster
np.abs (float32),Unary,float32,1000,,0.000399,0.000577,available,,not_measured,managed,0.000577,0.691508,negligible
np.abs (float32),Unary,float32,100000,,0.00559,0.011257,available,,not_measured,managed,0.011257,0.49658,slower
np.abs (float32),Unary,float32,10000000,,7.0322,5.11965,available,,not_measured,managed,5.11965,1.37357,faster
np.abs (float64),Unary,float64,1000,,0.000451,0.000704,available,,not_measured,managed,0.000704,0.640625,negligible
np.abs (float64),Unary,float64,100000,,0.010751,0.027078,available,,not_measured,managed,0.027078,0.397038,slower
np.abs (float64),Unary,float64,10000000,,14.2456,13.23145,available,,not_measured,managed,13.23145,1.076647,faster
np.absolute(a) (float16),Unary,float16,1000,,0.000624,0.000735,available,,not_measured,managed,0.000735,0.84898,negligible
np.absolute(a) (float16),Unary,float16,100000,,0.025662,0.020505,available,,not_measured,managed,0.020505,1.2515,faster
np.absolute(a) (float16),Unary,float16,10000000,,4.8109,2.9082,available,,not_measured,managed,2.9082,1.654253,faster
np.absolute(a) (float32),Unary,float32,1000,,0.000401,0.000934,available,,not_measured,managed,0.000934,0.429336,negligible
np.absolute(a) (float32),Unary,float32,100000,,0.005576,0.020931,available,,not_measured,managed,0.020931,0.266399,much_slower
np.absolute(a) (float32),Unary,float32,10000000,,7.0694,5.369,available,,not_measured,managed,5.369,1.316707,faster
np.absolute(a) (float64),Unary,float64,1000,,0.000422,0.000977,available,,not_measured,managed,0.000977,0.431934,negligible
np.absolute(a) (float64),Unary,float64,100000,,0.010734,0.033098,available,,not_measured,managed,0.033098,0.32431,much_slower
np.absolute(a) (float64),Unary,float64,10000000,,16.2248,13.5603,available,,not_measured,managed,13.5603,1.196493,faster
np.acosh(a) (float16),Unary,float16,1000,,0.00856,0.010816,available,,not_measured,managed,0.010816,0.79142,slower
np.acosh(a) (float16),Unary,float16,100000,,0.815,1.808531,available,,not_measured,managed,1.808531,0.450642,slower
np.acosh(a) (float16),Unary,float16,10000000,,85.0022,106.8006,available,,not_measured,managed,106.8006,0.795896,slower
np.acosh(a) (float32),Unary,float32,1000,,0.005501,0.005585,available,,not_measured,managed,0.005585,0.98496,close
np.acosh(a) (float32),Unary,float32,100000,,0.5144,0.53512,available,,not_measured,managed,0.53512,0.96128,close
np.acosh(a) (float32),Unary,float32,10000000,,55.8841,55.0622,available,,not_measured,managed,55.0622,1.014927,close
np.acosh(a) (float64),Unary,float64,1000,,0.006574,0.009724,available,,not_measured,managed,0.009724,0.676059,slower
np.acosh(a) (float64),Unary,float64,100000,,0.6205,0.655175,available,,not_measured,managed,0.655175,0.947075,close
np.acosh(a) (float64),Unary,float64,10000000,,70.2733,105.4458,available,,not_measured,managed,105.4458,0.66644,slower
np.angle(a) (float16),Unary,float16,1000,,0.011302,0.0094,available,,not_measured,managed,0.0094,1.20234,faster
np.angle(a) (float16),Unary,float16,100000,,1.0533,0.809024,available,,not_measured,managed,0.809024,1.301939,faster
np.angle(a) (float16),Unary,float16,10000000,,111.1811,107.0731,available,,not_measured,managed,107.0731,1.038366,close
np.angle(a) (float32),Unary,float32,1000,,0.003882,0.012175,available,,not_measured,managed,0.012175,0.31885,much_slower
np.angle(a) (float32),Unary,float32,100000,,0.62025,0.665725,available,,not_measured,managed,0.665725,0.931691,close
np.angle(a) (float32),Unary,float32,10000000,,67.5008,100.6711,available,,not_measured,managed,100.6711,0.670508,slower
np.angle(a) (float64),Unary,float64,1000,,0.004158,0.005377,available,,not_measured,managed,0.005377,0.773294,slower
np.angle(a) (float64),Unary,float64,100000,,0.5758,0.864944,available,,not_measured,managed,0.864944,0.665708,slower
np.angle(a) (float64),Unary,float64,10000000,,66.7156,81.7615,available,,not_measured,managed,81.7615,0.815978,close
np.arccos(a) (float16),Unary,float16,1000,,0.006865,0.007671,available,,not_measured,managed,0.007671,0.894929,close
np.arccos(a) (float16),Unary,float16,100000,,1.0879,1.237121,available,,not_measured,managed,1.237121,0.87938,close
np.arccos(a) (float16),Unary,float16,10000000,,112.4468,142.4846,available,,not_measured,managed,142.4846,0.789186,slower
np.arccos(a) (float32),Unary,float32,1000,,0.003719,0.004059,available,,not_measured,managed,0.004059,0.916236,close
np.arccos(a) (float32),Unary,float32,100000,,0.7578,1.11235,available,,not_measured,managed,1.11235,0.68126,slower
np.arccos(a) (float32),Unary,float32,10000000,,82.9946,80.5445,available,,not_measured,managed,80.5445,1.030419,close
np.arccos(a) (float64),Unary,float64,1000,,0.003883,0.009094,available,,not_measured,managed,0.009094,0.426985,slower
np.arccos(a) (float64),Unary,float64,100000,,0.8049,0.843003,available,,not_measured,managed,0.843003,0.954801,close
np.arccos(a) (float64),Unary,float64,10000000,,92.6281,91.8313,available,,not_measured,managed,91.8313,1.008677,close
np.arccosh(a) (float16),Unary,float16,1000,,0.00851,0.018992,available,,not_measured,managed,0.018992,0.448083,slower
np.arccosh(a) (float16),Unary,float16,100000,,0.81695,1.060046,available,,not_measured,managed,1.060046,0.770674,slower
np.arccosh(a) (float16),Unary,float16,10000000,,85.3363,108.2083,available,,not_measured,managed,108.2083,0.78863,slower
np.arccosh(a) (float32),Unary,float32,1000,,0.005506,0.005646,available,,not_measured,managed,0.005646,0.975204,close
np.arccosh(a) (float32),Unary,float32,100000,,0.51455,0.535175,available,,not_measured,managed,0.535175,0.961461,close
np.arccosh(a) (float32),Unary,float32,10000000,,55.8789,55.3034,available,,not_measured,managed,55.3034,1.010406,close
np.arccosh(a) (float64),Unary,float64,1000,,0.006573,0.013352,available,,not_measured,managed,0.013352,0.492286,slower
np.arccosh(a) (float64),Unary,float64,100000,,0.62035,0.649205,available,,not_measured,managed,0.649205,0.955553,close
np.arccosh(a) (float64),Unary,float64,10000000,,70.199,74.2665,available,,not_measured,managed,74.2665,0.945231,close
np.arcsin(a) (float16),Unary,float16,1000,,0.00711,0.008032,available,,not_measured,managed,0.008032,0.885209,close
np.arcsin(a) (float16),Unary,float16,100000,,1.0966,1.231433,available,,not_measured,managed,1.231433,0.890507,close
np.arcsin(a) (float16),Unary,float16,10000000,,115.6455,187.0184,available,,not_measured,managed,187.0184,0.618364,slower
np.arcsin(a) (float32),Unary,float32,1000,,0.00409,0.008745,available,,not_measured,managed,0.008745,0.467696,slower
np.arcsin(a) (float32),Unary,float32,100000,,0.7911,1.277133,available,,not_measured,managed,1.277133,0.619434,slower
np.arcsin(a) (float32),Unary,float32,10000000,,86.3483,91.477,available,,not_measured,managed,91.477,0.943935,close
np.arcsin(a) (float64),Unary,float64,1000,,0.003955,0.00459,available,,not_measured,managed,0.00459,0.861656,close
np.arcsin(a) (float64),Unary,float64,100000,,0.78585,0.8275,available,,not_measured,managed,0.8275,0.949668,close
np.arcsin(a) (float64),Unary,float64,10000000,,91.6102,108.2761,available,,not_measured,managed,108.2761,0.84608,close
np.arcsinh(a) (float16),Unary,float16,1000,,0.010654,0.024976,available,,not_measured,managed,0.024976,0.42657,slower
np.arcsinh(a) (float16),Unary,float16,100000,,1.1556,1.4315,available,,not_measured,managed,1.4315,0.807265,close
np.arcsinh(a) (float16),Unary,float16,10000000,,119.4609,176.8516,available,,not_measured,managed,176.8516,0.675487,slower
np.arcsinh(a) (float32),Unary,float32,1000,,0.006636,0.006762,available,,not_measured,managed,0.006762,0.981366,close
np.arcsinh(a) (float32),Unary,float32,100000,,0.8561,0.87005,available,,not_measured,managed,0.87005,0.983966,close
np.arcsinh(a) (float32),Unary,float32,10000000,,91.5617,119.5134,available,,not_measured,managed,119.5134,0.766121,slower
np.arcsinh(a) (float64),Unary,float64,1000,,0.008032,0.010553,available,,not_measured,managed,0.010553,0.761111,slower
np.arcsinh(a) (float64),Unary,float64,100000,,0.927,1.710033,available,,not_measured,managed,1.710033,0.542095,slower
np.arcsinh(a) (float64),Unary,float64,10000000,,102.4912,137.8066,available,,not_measured,managed,137.8066,0.743732,slower
np.arctan(a) (float16),Unary,float16,1000,,0.006799,0.016205,available,,not_measured,managed,0.016205,0.419562,slower
np.arctan(a) (float16),Unary,float16,100000,,1.2454,1.933064,available,,not_measured,managed,1.933064,0.644262,slower
np.arctan(a) (float16),Unary,float16,10000000,,128.7767,169.415,available,,not_measured,managed,169.415,0.760126,slower
np.arctan(a) (float32),Unary,float32,1000,,0.003957,0.004089,available,,not_measured,managed,0.004089,0.967718,close
np.arctan(a) (float32),Unary,float32,100000,,0.89825,1.328888,available,,not_measured,managed,1.328888,0.675941,slower
np.arctan(a) (float32),Unary,float32,10000000,,97.4936,99.5468,available,,not_measured,managed,99.5468,0.979375,close
np.arctan(a) (float64),Unary,float64,1000,,0.004094,0.00859,available,,not_measured,managed,0.00859,0.476601,slower
np.arctan(a) (float64),Unary,float64,100000,,0.95635,1.118637,available,,not_measured,managed,1.118637,0.854924,close
np.arctan(a) (float64),Unary,float64,10000000,,106.681,106.093,available,,not_measured,managed,106.093,1.005542,close
"np.arctan2(a, b) (float16)",Unary,float16,1000,,0.009643,0.012898,available,,not_measured,managed,0.012898,0.747635,slower
"np.arctan2(a, b) (float16)",Unary,float16,100000,,1.6492,1.845729,available,,not_measured,managed,1.845729,0.893522,close
"np.arctan2(a, b) (float16)",Unary,float16,10000000,,170.7428,301.8319,available,,not_measured,managed,301.8319,0.565688,slower
"np.arctan2(a, b) (float32)",Unary,float32,1000,,0.004352,0.017396,available,,not_measured,managed,0.017396,0.250172,much_slower
"np.arctan2(a, b) (float32)",Unary,float32,100000,,1.2851,3.318757,available,,not_measured,managed,3.318757,0.387223,slower
"np.arctan2(a, b) (float32)",Unary,float32,10000000,,137.8591,271.6354,available,,not_measured,managed,271.6354,0.507515,slower
"np.arctan2(a, b) (float64)",Unary,float64,1000,,0.005697,0.005826,available,,not_measured,managed,0.005826,0.977858,close
"np.arctan2(a, b) (float64)",Unary,float64,100000,,1.3701,1.393112,available,,not_measured,managed,1.393112,0.983482,close
"np.arctan2(a, b) (float64)",Unary,float64,10000000,,149.3097,206.3993,available,,not_measured,managed,206.3993,0.723402,slower
np.arctanh(a) (float16),Unary,float16,1000,,0.009031,0.015259,available,,not_measured,managed,0.015259,0.591847,slower
np.arctanh(a) (float16),Unary,float16,100000,,1.0166,1.237591,available,,not_measured,managed,1.237591,0.821435,close
np.arctanh(a) (float16),Unary,float16,10000000,,106.7986,192.0743,available,,not_measured,managed,192.0743,0.556028,slower
np.arctanh(a) (float32),Unary,float32,1000,,0.004888,0.011707,available,,not_measured,managed,0.011707,0.417528,slower
np.arctanh(a) (float32),Unary,float32,100000,,0.76075,0.789159,available,,not_measured,managed,0.789159,0.964001,close
np.arctanh(a) (float32),Unary,float32,10000000,,82.5408,81.882,available,,not_measured,managed,81.882,1.008046,close
np.arctanh(a) (float64),Unary,float64,1000,,0.005794,0.012344,available,,not_measured,managed,0.012344,0.469378,slower
np.arctanh(a) (float64),Unary,float64,100000,,0.79285,0.841987,available,,not_measured,managed,0.841987,0.941642,close
np.arctanh(a) (float64),Unary,float64,10000000,,90.4206,91.0756,available,,not_measured,managed,91.0756,0.992808,close
np.around (float16),Unary,float16,1000,,0.004791,0.004187,available,,not_measured,managed,0.004187,1.144256,faster
np.around (float16),Unary,float16,100000,,0.375067,0.405512,available,,not_measured,managed,0.405512,0.924922,close
np.around (float16),Unary,float16,10000000,,41.3105,39.4013,available,,not_measured,managed,39.4013,1.048455,close
np.around (float32),Unary,float32,1000,,0.001008,0.000601,available,,not_measured,managed,0.000601,1.677205,negligible
np.around (float32),Unary,float32,100000,,0.006169,0.011772,available,,not_measured,managed,0.011772,0.52404,slower
np.around (float32),Unary,float32,10000000,,7.1816,5.023125,available,,not_measured,managed,5.023125,1.429708,faster
np.around (float64),Unary,float64,1000,,0.001013,0.000698,available,,not_measured,managed,0.000698,1.451289,negligible
np.around (float64),Unary,float64,100000,,0.011456,0.026658,available,,not_measured,managed,0.026658,0.42974,slower
np.around (float64),Unary,float64,10000000,,14.5114,13.54295,available,,not_measured,managed,13.54295,1.07151,faster
np.asinh(a) (float16),Unary,float16,1000,,0.010637,0.01214,available,,not_measured,managed,0.01214,0.876194,close
np.asinh(a) (float16),Unary,float16,100000,,1.1552,2.22105,available,,not_measured,managed,2.22105,0.520114,slower
np.asinh(a) (float16),Unary,float16,10000000,,118.9386,181.8418,available,,not_measured,managed,181.8418,0.654077,slower
np.asinh(a) (float32),Unary,float32,1000,,0.006648,0.006846,available,,not_measured,managed,0.006846,0.971078,close
np.asinh(a) (float32),Unary,float32,100000,,0.8583,0.878731,available,,not_measured,managed,0.878731,0.976749,close
np.asinh(a) (float32),Unary,float32,10000000,,91.9591,108.5509,available,,not_measured,managed,108.5509,0.847152,close
np.asinh(a) (float64),Unary,float64,1000,,0.008027,0.011776,available,,not_measured,managed,0.011776,0.681641,slower
np.asinh(a) (float64),Unary,float64,100000,,0.92715,1.677592,available,,not_measured,managed,1.677592,0.552667,slower
np.asinh(a) (float64),Unary,float64,10000000,,102.6018,141.3374,available,,not_measured,managed,141.3374,0.725935,slower
np.atanh(a) (float16),Unary,float16,1000,,0.009263,0.012777,available,,not_measured,managed,0.012777,0.724975,slower
np.atanh(a) (float16),Unary,float16,100000,,1.019,1.238933,available,,not_measured,managed,1.238933,0.822482,close
np.atanh(a) (float16),Unary,float16,10000000,,105.6545,192.7494,available,,not_measured,managed,192.7494,0.548144,slower
np.atanh(a) (float32),Unary,float32,1000,,0.004909,0.005661,available,,not_measured,managed,0.005661,0.867161,close
np.atanh(a) (float32),Unary,float32,100000,,0.7617,1.281166,available,,not_measured,managed,1.281166,0.594537,slower
np.atanh(a) (float32),Unary,float32,10000000,,82.58,80.9905,available,,not_measured,managed,80.9905,1.019626,close
np.atanh(a) (float64),Unary,float64,1000,,0.005872,0.009484,available,,not_measured,managed,0.009484,0.619148,slower
np.atanh(a) (float64),Unary,float64,100000,,0.79305,1.052059,available,,not_measured,managed,1.052059,0.753808,slower
np.atanh(a) (float64),Unary,float64,10000000,,90.3588,91.8726,available,,not_measured,managed,91.8726,0.983523,close
np.cbrt(a) (float16),Unary,float16,1000,,0.009324,0.0175,available,,not_measured,managed,0.0175,0.5328,slower
np.cbrt(a) (float16),Unary,float16,100000,,1.1372,2.31359,available,,not_measured,managed,2.31359,0.49153,slower
np.cbrt(a) (float16),Unary,float16,10000000,,117.8256,223.979,available,,not_measured,managed,223.979,0.526056,slower
np.cbrt(a) (float32),Unary,float32,1000,,0.005593,0.011628,available,,not_measured,managed,0.011628,0.480994,slower
np.cbrt(a) (float32),Unary,float32,100000,,0.84675,1.258144,available,,not_measured,managed,1.258144,0.673015,slower
np.cbrt(a) (float32),Unary,float32,10000000,,90.9974,138.6896,available,,not_measured,managed,138.6896,0.656123,slower
np.cbrt(a) (float64),Unary,float64,1000,,0.00831,0.017981,available,,not_measured,managed,0.017981,0.462154,slower
np.cbrt(a) (float64),Unary,float64,100000,,1.0106,2.005492,available,,not_measured,managed,2.005492,0.503916,slower
np.cbrt(a) (float64),Unary,float64,10000000,,111.6796,206.1748,available,,not_measured,managed,206.1748,0.541674,slower
np.ceil (float16),Unary,float16,1000,,0.00412,0.003704,available,,not_measured,managed,0.003704,1.112311,faster
np.ceil (float16),Unary,float16,100000,,0.373167,0.334778,available,,not_measured,managed,0.334778,1.11467,faster
np.ceil (float16),Unary,float16,10000000,,41.5514,32.4185,available,,not_measured,managed,32.4185,1.281719,faster
np.ceil (float32),Unary,float32,1000,,0.000424,0.000569,available,,not_measured,managed,0.000569,0.745167,negligible
np.ceil (float32),Unary,float32,100000,,0.005589,0.012321,available,,not_measured,managed,0.012321,0.453616,slower
np.ceil (float32),Unary,float32,10000000,,6.8,4.973125,available,,not_measured,managed,4.973125,1.36735,faster
np.ceil (float64),Unary,float64,1000,,0.000462,0.000734,available,,not_measured,managed,0.000734,0.629428,negligible
np.ceil (float64),Unary,float64,100000,,0.010742,0.027219,available,,not_measured,managed,0.027219,0.394651,slower
np.ceil (float64),Unary,float64,10000000,,14.2405,13.275,available,,not_measured,managed,13.275,1.072731,faster
"np.clip(a, -10, 10) (float16)",Unary,float16,1000,,0.008329,0.00477,available,,not_measured,managed,0.00477,1.746122,faster
"np.clip(a, -10, 10) (float16)",Unary,float16,100000,,0.88095,0.709251,available,,not_measured,managed,0.709251,1.242085,faster
"np.clip(a, -10, 10) (float16)",Unary,float16,10000000,,92.1905,70.6008,available,,not_measured,managed,70.6008,1.3058,faster
"np.clip(a, -10, 10) (float32)",Unary,float32,1000,,0.001909,0.00234,available,,not_measured,managed,0.00234,0.815812,close
"np.clip(a, -10, 10) (float32)",Unary,float32,100000,,0.007495,0.016836,available,,not_measured,managed,0.016836,0.445177,slower
"np.clip(a, -10, 10) (float32)",Unary,float32,10000000,,7.0624,4.85035,available,,not_measured,managed,4.85035,1.45606,faster
"np.clip(a, -10, 10) (float64)",Unary,float64,1000,,0.001732,0.002089,available,,not_measured,managed,0.002089,0.829105,close
"np.clip(a, -10, 10) (float64)",Unary,float64,100000,,0.012609,0.028812,available,,not_measured,managed,0.028812,0.43763,slower
"np.clip(a, -10, 10) (float64)",Unary,float64,10000000,,15.0234,12.58865,available,,not_measured,managed,12.58865,1.193408,faster
np.conj(a) (float16),Unary,float16,1000,,0.000568,0.000951,available,,not_measured,managed,0.000951,0.597266,negligible
np.conj(a) (float16),Unary,float16,100000,,0.020775,0.041524,available,,not_measured,managed,0.041524,0.500313,slower
np.conj(a) (float16),Unary,float16,10000000,,4.8564,3.004475,available,,not_measured,managed,3.004475,1.616389,faster
np.conj(a) (float32),Unary,float32,1000,,0.000535,0.000739,available,,not_measured,managed,0.000739,0.723951,negligible
np.conj(a) (float32),Unary,float32,100000,,0.018908,0.023861,available,,not_measured,managed,0.023861,0.792423,slower
np.conj(a) (float32),Unary,float32,10000000,,7.1485,3.79035,available,,not_measured,managed,3.79035,1.885974,faster
np.conj(a) (float64),Unary,float64,1000,,0.000537,0.001158,available,,not_measured,managed,0.001158,0.463731,negligible
np.conj(a) (float64),Unary,float64,100000,,0.018951,0.053097,available,,not_measured,managed,0.053097,0.356913,slower
np.conj(a) (float64),Unary,float64,10000000,,15.0993,12.3935,available,,not_measured,managed,12.3935,1.218324,faster
np.conjugate(a) (float16),Unary,float16,1000,,0.000571,0.000802,available,,not_measured,managed,0.000802,0.71197,negligible
np.conjugate(a) (float16),Unary,float16,100000,,0.020773,0.021633,available,,not_measured,managed,0.021633,0.960246,close
np.conjugate(a) (float16),Unary,float16,10000000,,4.6054,2.94735,available,,not_measured,managed,2.94735,1.562556,faster
np.conjugate(a) (float32),Unary,float32,1000,,0.000534,0.00119,available,,not_measured,managed,0.00119,0.448739,negligible
np.conjugate(a) (float32),Unary,float32,100000,,0.018927,0.02182,available,,not_measured,managed,0.02182,0.867415,close
np.conjugate(a) (float32),Unary,float32,10000000,,7.2092,3.6472,available,,not_measured,managed,3.6472,1.97664,faster
np.conjugate(a) (float64),Unary,float64,1000,,0.000538,0.000922,available,,not_measured,managed,0.000922,0.583514,negligible
np.conjugate(a) (float64),Unary,float64,100000,,0.018938,0.027995,available,,not_measured,managed,0.027995,0.676478,slower
np.conjugate(a) (float64),Unary,float64,10000000,,14.2363,12.5751,available,,not_measured,managed,12.5751,1.132102,faster
np.cos (float16),Unary,float16,1000,,0.006979,0.016328,available,,not_measured,managed,0.016328,0.427425,slower
np.cos (float16),Unary,float16,100000,,0.9573,1.245838,available,,not_measured,managed,1.245838,0.768398,slower
np.cos (float16),Unary,float16,10000000,,100.2353,162.0875,available,,not_measured,managed,162.0875,0.618402,slower
np.cos (float32),Unary,float32,1000,,0.001086,0.001975,available,,not_measured,managed,0.001975,0.549873,slower
np.cos (float32),Unary,float32,100000,,0.072121,0.205804,available,,not_measured,managed,0.205804,0.350435,slower
np.cos (float32),Unary,float32,10000000,,11.4033,18.4178,available,,not_measured,managed,18.4178,0.619146,slower
np.cos (float64),Unary,float64,1000,,0.004854,0.004652,available,,not_measured,managed,0.004652,1.043422,close
np.cos (float64),Unary,float64,100000,,0.7159,0.748523,available,,not_measured,managed,0.748523,0.956417,close
np.cos (float64),Unary,float64,10000000,,81.7295,116.6414,available,,not_measured,managed,116.6414,0.70069,slower
np.cosh(a) (float16),Unary,float16,1000,,0.007779,0.021148,available,,not_measured,managed,0.021148,0.367836,slower
np.cosh(a) (float16),Unary,float16,100000,,0.9123,1.16385,available,,not_measured,managed,1.16385,0.783864,slower
np.cosh(a) (float16),Unary,float16,10000000,,94.6291,152.1322,available,,not_measured,managed,152.1322,0.622019,slower
np.cosh(a) (float32),Unary,float32,1000,,0.003796,0.003922,available,,not_measured,managed,0.003922,0.967874,close
np.cosh(a) (float32),Unary,float32,100000,,0.61245,0.620025,available,,not_measured,managed,0.620025,0.987783,close
np.cosh(a) (float32),Unary,float32,10000000,,67.4127,63.8423,available,,not_measured,managed,63.8423,1.055925,faster
np.cosh(a) (float64),Unary,float64,1000,,0.003592,0.011808,available,,not_measured,managed,0.011808,0.304201,much_slower
np.cosh(a) (float64),Unary,float64,100000,,0.5648,0.575003,available,,not_measured,managed,0.575003,0.982256,close
np.cosh(a) (float64),Unary,float64,10000000,,66.1753,102.6105,available,,not_measured,managed,102.6105,0.644917,slower
np.deg2rad(a) (float16),Unary,float16,1000,,0.003736,0.004661,available,,not_measured,managed,0.004661,0.801545,close
np.deg2rad(a) (float16),Unary,float16,100000,,0.330367,0.364635,available,,not_measured,managed,0.364635,0.906021,close
np.deg2rad(a) (float16),Unary,float16,10000000,,37.2317,65.3639,available,,not_measured,managed,65.3639,0.569606,slower
np.deg2rad(a) (float32),Unary,float32,1000,,0.001073,0.000638,available,,not_measured,managed,0.000638,1.681818,negligible
np.deg2rad(a) (float32),Unary,float32,100000,,0.073407,0.020332,available,,not_measured,managed,0.020332,3.610417,faster
np.deg2rad(a) (float32),Unary,float32,10000000,,11.2326,6.959925,available,,not_measured,managed,6.959925,1.613897,faster
np.deg2rad(a) (float64),Unary,float64,1000,,0.001256,0.000984,available,,not_measured,managed,0.000984,1.276423,negligible
np.deg2rad(a) (float64),Unary,float64,100000,,0.091618,0.027996,available,,not_measured,managed,0.027996,3.272539,faster
np.deg2rad(a) (float64),Unary,float64,10000000,,17.7528,14.1471,available,,not_measured,managed,14.1471,1.254872,faster
np.degrees(a) (float16),Unary,float16,1000,,0.003662,0.004881,available,,not_measured,managed,0.004881,0.750256,slower
np.degrees(a) (float16),Unary,float16,100000,,0.325367,0.536296,available,,not_measured,managed,0.536296,0.606693,slower
np.degrees(a) (float16),Unary,float16,10000000,,39.16,60.2525,available,,not_measured,managed,60.2525,0.649932,slower
np.degrees(a) (float32),Unary,float32,1000,,0.001074,0.000674,available,,not_measured,managed,0.000674,1.593472,negligible
np.degrees(a) (float32),Unary,float32,100000,,0.07335,0.012755,available,,not_measured,managed,0.012755,5.750686,faster
np.degrees(a) (float32),Unary,float32,10000000,,11.281,3.1392,available,,not_measured,managed,3.1392,3.593591,faster
np.degrees(a) (float64),Unary,float64,1000,,0.001266,0.001268,available,,not_measured,managed,0.001268,0.998423,close
np.degrees(a) (float64),Unary,float64,100000,,0.091609,0.024887,available,,not_measured,managed,0.024887,3.680998,faster
np.degrees(a) (float64),Unary,float64,10000000,,17.7415,13.4107,available,,not_measured,managed,13.4107,1.322936,faster
np.exp (float16),Unary,float16,1000,,0.004338,0.005915,available,,not_measured,managed,0.005915,0.73339,slower
np.exp (float16),Unary,float16,100000,,0.404033,0.576947,available,,not_measured,managed,0.576947,0.700295,slower
np.exp (float16),Unary,float16,10000000,,43.1372,58.2314,available,,not_measured,managed,58.2314,0.740789,slower
np.exp (float32),Unary,float32,1000,,0.000915,0.000874,available,,not_measured,managed,0.000874,1.046911,negligible
np.exp (float32),Unary,float32,100000,,0.0553,0.05139,available,,not_measured,managed,0.05139,1.076085,faster
np.exp (float32),Unary,float32,10000000,,10.0593,5.2071,available,,not_measured,managed,5.2071,1.931843,faster
np.exp (float64),Unary,float64,1000,,0.002829,0.003019,available,,not_measured,managed,0.003019,0.937065,close
np.exp (float64),Unary,float64,100000,,0.24865,0.265813,available,,not_measured,managed,0.265813,0.935432,close
np.exp (float64),Unary,float64,10000000,,32.4958,53.3518,available,,not_measured,managed,53.3518,0.609085,slower
np.exp2 (float16),Unary,float16,1000,,0.00445,0.014697,available,,not_measured,managed,0.014697,0.302783,much_slower
np.exp2 (float16),Unary,float16,100000,,0.4054,0.949179,available,,not_measured,managed,0.949179,0.427106,slower
np.exp2 (float16),Unary,float16,10000000,,46.3733,148.5465,available,,not_measured,managed,148.5465,0.31218,much_slower
np.exp2 (float32),Unary,float32,1000,,0.002033,0.001297,available,,not_measured,managed,0.001297,1.567463,faster
np.exp2 (float32),Unary,float32,100000,,0.164514,0.087862,available,,not_measured,managed,0.087862,1.872414,faster
np.exp2 (float32),Unary,float32,10000000,,21.2706,26.2697,available,,not_measured,managed,26.2697,0.809701,close
np.exp2 (float64),Unary,float64,1000,,0.002173,0.008358,available,,not_measured,managed,0.008358,0.25999,much_slower
np.exp2 (float64),Unary,float64,100000,,0.178383,1.2045,available,,not_measured,managed,1.2045,0.148097,much_slower
np.exp2 (float64),Unary,float64,10000000,,25.8895,153.5348,available,,not_measured,managed,153.5348,0.168623,much_slower
np.expm1 (float16),Unary,float16,1000,,0.005596,0.013834,available,,not_measured,managed,0.013834,0.404511,slower
np.expm1 (float16),Unary,float16,100000,,0.5067,0.969617,available,,not_measured,managed,0.969617,0.522577,slower
np.expm1 (float16),Unary,float16,10000000,,53.7343,110.0935,available,,not_measured,managed,110.0935,0.488079,slower
np.expm1 (float32),Unary,float32,1000,,0.003106,0.002222,available,,not_measured,managed,0.002222,1.39784,faster
np.expm1 (float32),Unary,float32,100000,,0.256975,0.210999,available,,not_measured,managed,0.210999,1.217897,faster
np.expm1 (float32),Unary,float32,10000000,,30.2848,29.0007,available,,not_measured,managed,29.0007,1.044278,close
np.expm1 (float64),Unary,float64,1000,,0.003698,0.003095,available,,not_measured,managed,0.003095,1.19483,faster
np.expm1 (float64),Unary,float64,100000,,0.333933,0.268055,available,,not_measured,managed,0.268055,1.245763,faster
np.expm1 (float64),Unary,float64,10000000,,41.4505,52.4683,available,,not_measured,managed,52.4683,0.79001,slower
np.floor (float16),Unary,float16,1000,,0.004102,0.003587,available,,not_measured,managed,0.003587,1.143574,faster
np.floor (float16),Unary,float16,100000,,0.373367,0.324141,available,,not_measured,managed,0.324141,1.151866,faster
np.floor (float16),Unary,float16,10000000,,42.1747,32.3634,available,,not_measured,managed,32.3634,1.30316,faster
np.floor (float32),Unary,float32,1000,,0.000411,0.000562,available,,not_measured,managed,0.000562,0.731317,negligible
np.floor (float32),Unary,float32,100000,,0.005594,0.011936,available,,not_measured,managed,0.011936,0.468666,slower
np.floor (float32),Unary,float32,10000000,,6.9132,4.9872,available,,not_measured,managed,4.9872,1.386189,faster
np.floor (float64),Unary,float64,1000,,0.000465,0.000761,available,,not_measured,managed,0.000761,0.611038,negligible
np.floor (float64),Unary,float64,100000,,0.010774,0.02736,available,,not_measured,managed,0.02736,0.393787,slower
np.floor (float64),Unary,float64,10000000,,14.2422,13.21735,available,,not_measured,managed,13.21735,1.077538,faster
np.imag(a) (float16),Unary,float16,1000,,0.000337,0.000448,available,,not_measured,managed,0.000448,0.752232,negligible
np.imag(a) (float16),Unary,float16,100000,,0.002597,0.001918,available,,not_measured,managed,0.001918,1.354015,faster
np.imag(a) (float16),Unary,float16,10000000,,0.007767,0.001562,available,,not_measured,managed,0.001562,4.972471,faster
np.imag(a) (float32),Unary,float32,1000,,0.000337,0.00043,available,,not_measured,managed,0.00043,0.783721,negligible
np.imag(a) (float32),Unary,float32,100000,,0.004831,0.00169,available,,not_measured,managed,0.00169,2.85858,faster
np.imag(a) (float32),Unary,float32,10000000,,0.010453,0.004853,available,,not_measured,managed,0.004853,2.153925,faster
np.imag(a) (float64),Unary,float64,1000,,0.000349,0.000288,available,,not_measured,managed,0.000288,1.211806,negligible
np.imag(a) (float64),Unary,float64,100000,,0.009307,0.004374,available,,not_measured,managed,0.004374,2.127801,faster
np.imag(a) (float64),Unary,float64,10000000,,0.005698,0.007957,available,,not_measured,managed,0.007957,0.716099,slower
np.log (float16),Unary,float16,1000,,0.004508,0.006639,available,,not_measured,managed,0.006639,0.679018,slower
np.log (float16),Unary,float16,100000,,0.417667,0.618283,available,,not_measured,managed,0.618283,0.675527,slower
np.log (float16),Unary,float16,10000000,,44.754,61.4499,available,,not_measured,managed,61.4499,0.728301,slower
np.log (float32),Unary,float32,1000,,0.001219,0.001945,available,,not_measured,managed,0.001945,0.626735,slower
np.log (float32),Unary,float32,100000,,0.084833,0.060674,available,,not_measured,managed,0.060674,1.398177,faster
np.log (float32),Unary,float32,10000000,,12.8679,6.3135,available,,not_measured,managed,6.3135,2.038156,faster
np.log (float64),Unary,float64,1000,,0.00264,0.002794,available,,not_measured,managed,0.002794,0.944882,close
np.log (float64),Unary,float64,100000,,0.229675,0.250308,available,,not_measured,managed,0.250308,0.91757,close
np.log (float64),Unary,float64,10000000,,30.467,30.3537,available,,not_measured,managed,30.3537,1.003733,close
np.log10 (float16),Unary,float16,1000,,0.004678,0.006474,available,,not_measured,managed,0.006474,0.722583,slower
np.log10 (float16),Unary,float16,100000,,0.438067,0.630959,available,,not_measured,managed,0.630959,0.694288,slower
np.log10 (float16),Unary,float16,10000000,,46.7567,62.831,available,,not_measured,managed,62.831,0.744166,slower
np.log10 (float32),Unary,float32,1000,,0.002307,0.004068,available,,not_measured,managed,0.004068,0.567109,slower
np.log10 (float32),Unary,float32,100000,,0.189367,0.458113,available,,not_measured,managed,0.458113,0.413363,slower
np.log10 (float32),Unary,float32,10000000,,22.6146,26.1176,available,,not_measured,managed,26.1176,0.865876,close
np.log10 (float64),Unary,float64,1000,,0.002768,0.002896,available,,not_measured,managed,0.002896,0.955801,close
np.log10 (float64),Unary,float64,100000,,0.24085,0.27606,available,,not_measured,managed,0.27606,0.872455,close
np.log10 (float64),Unary,float64,10000000,,31.9441,30.5373,available,,not_measured,managed,30.5373,1.046068,close
np.log1p (float16),Unary,float16,1000,,0.005722,0.007876,available,,not_measured,managed,0.007876,0.726511,slower
np.log1p (float16),Unary,float16,100000,,0.5171,0.844019,available,,not_measured,managed,0.844019,0.612664,slower
np.log1p (float16),Unary,float16,10000000,,59.7805,77.3898,available,,not_measured,managed,77.3898,0.77246,slower
np.log1p (float32),Unary,float32,1000,,0.003131,0.004883,available,,not_measured,managed,0.004883,0.641204,slower
np.log1p (float32),Unary,float32,100000,,0.2741,0.431223,available,,not_measured,managed,0.431223,0.635634,slower
np.log1p (float32),Unary,float32,10000000,,31.6117,22.1146,available,,not_measured,managed,22.1146,1.429449,faster
np.log1p (float64),Unary,float64,1000,,0.003543,0.00311,available,,not_measured,managed,0.00311,1.139228,faster
np.log1p (float64),Unary,float64,100000,,0.314725,0.269772,available,,not_measured,managed,0.269772,1.166633,faster
np.log1p (float64),Unary,float64,10000000,,40.6014,33.5946,available,,not_measured,managed,33.5946,1.208569,faster
np.log2 (float16),Unary,float16,1000,,0.004947,0.006396,available,,not_measured,managed,0.006396,0.773452,slower
np.log2 (float16),Unary,float16,100000,,0.44605,0.631,available,,not_measured,managed,0.631,0.706894,slower
np.log2 (float16),Unary,float16,10000000,,47.9615,62.4133,available,,not_measured,managed,62.4133,0.76845,slower
np.log2 (float32),Unary,float32,1000,,0.002222,0.002314,available,,not_measured,managed,0.002314,0.960242,close
np.log2 (float32),Unary,float32,100000,,0.186567,0.466206,available,,not_measured,managed,0.466206,0.400181,slower
np.log2 (float32),Unary,float32,10000000,,22.326,21.0786,available,,not_measured,managed,21.0786,1.059179,faster
np.log2 (float64),Unary,float64,1000,,0.004119,0.004335,available,,not_measured,managed,0.004335,0.950173,close
np.log2 (float64),Unary,float64,100000,,0.3757,0.384329,available,,not_measured,managed,0.384329,0.977548,close
np.log2 (float64),Unary,float64,10000000,,44.9793,46.3495,available,,not_measured,managed,46.3495,0.970438,close
np.modf(a) (float32),Unary,float32,1000,,0.002545,0.001453,available,,not_measured,managed,0.001453,1.751549,faster
np.modf(a) (float32),Unary,float32,100000,,0.2761,0.091166,available,,not_measured,managed,0.091166,3.028541,faster
np.modf(a) (float32),Unary,float32,10000000,,36.7557,10.9921,available,,not_measured,managed,10.9921,3.343829,faster
np.modf(a) (float64),Unary,float64,1000,,0.002335,0.001925,available,,not_measured,managed,0.001925,1.212987,faster
np.modf(a) (float64),Unary,float64,100000,,0.47775,0.245708,available,,not_measured,managed,0.245708,1.944381,faster
np.modf(a) (float64),Unary,float64,10000000,,46.5248,28.3181,available,,not_measured,managed,28.3181,1.642935,faster
np.negative(a) (float16),Unary,float16,1000,,0.000608,0.000616,available,,not_measured,managed,0.000616,0.987013,negligible
np.negative(a) (float16),Unary,float16,100000,,0.025913,0.05276,available,,not_measured,managed,0.05276,0.491149,slower
np.negative(a) (float16),Unary,float16,10000000,,4.6041,5.872425,available,,not_measured,managed,5.872425,0.78402,slower
np.negative(a) (float32),Unary,float32,1000,,0.000397,0.000676,available,,not_measured,managed,0.000676,0.587278,negligible
np.negative(a) (float32),Unary,float32,100000,,0.006425,0.022674,available,,not_measured,managed,0.022674,0.283364,much_slower
np.negative(a) (float32),Unary,float32,10000000,,7.6076,5.06205,available,,not_measured,managed,5.06205,1.502869,faster
np.negative(a) (float64),Unary,float64,1000,,0.000461,0.001144,available,,not_measured,managed,0.001144,0.402972,negligible
np.negative(a) (float64),Unary,float64,100000,,0.010918,0.041044,available,,not_measured,managed,0.041044,0.266007,much_slower
np.negative(a) (float64),Unary,float64,10000000,,15.1278,19.5469,available,,not_measured,managed,19.5469,0.773923,slower
np.positive(a) (float16),Unary,float16,1000,,0.000557,0.000736,available,,not_measured,managed,0.000736,0.756793,negligible
np.positive(a) (float16),Unary,float16,100000,,0.020775,0.011028,available,,not_measured,managed,0.011028,1.883841,faster
np.positive(a) (float16),Unary,float16,10000000,,4.1549,1.523358,available,,not_measured,managed,1.523358,2.727461,faster
np.positive(a) (float32),Unary,float32,1000,,0.000536,0.000832,available,,not_measured,managed,0.000832,0.644231,negligible
np.positive(a) (float32),Unary,float32,100000,,0.018941,0.022232,available,,not_measured,managed,0.022232,0.85197,close
np.positive(a) (float32),Unary,float32,10000000,,7.5673,4.792675,available,,not_measured,managed,4.792675,1.57893,faster
np.positive(a) (float64),Unary,float64,1000,,0.000536,0.001197,available,,not_measured,managed,0.001197,0.447786,negligible
np.positive(a) (float64),Unary,float64,100000,,0.018962,0.0399,available,,not_measured,managed,0.0399,0.475238,slower
np.positive(a) (float64),Unary,float64,10000000,,14.5911,13.17405,available,,not_measured,managed,13.17405,1.107564,faster
"np.power(a, 0.5) (float16)",Unary,float16,1000,,0.008541,0.004782,available,,not_measured,managed,0.004782,1.786073,faster
"np.power(a, 0.5) (float16)",Unary,float16,100000,,0.7917,0.373042,available,,not_measured,managed,0.373042,2.122281,faster
"np.power(a, 0.5) (float16)",Unary,float16,10000000,,82.8369,33.2954,available,,not_measured,managed,33.2954,2.487938,faster
"np.power(a, 0.5) (float32)",Unary,float32,1000,,0.001809,0.002112,available,,not_measured,managed,0.002112,0.856534,close
"np.power(a, 0.5) (float32)",Unary,float32,100000,,0.1193,0.019213,available,,not_measured,managed,0.019213,6.209337,faster
"np.power(a, 0.5) (float32)",Unary,float32,10000000,,15.7522,8.34275,available,,not_measured,managed,8.34275,1.88813,faster
"np.power(a, 0.5) (float64)",Unary,float64,1000,,0.001698,0.002505,available,,not_measured,managed,0.002505,0.677844,slower
"np.power(a, 0.5) (float64)",Unary,float64,100000,,0.119444,0.060309,available,,not_measured,managed,0.060309,1.980534,faster
"np.power(a, 0.5) (float64)",Unary,float64,10000000,,19.4417,20.9569,available,,not_measured,managed,20.9569,0.927699,close
"np.power(a, 2) (float16)",Unary,float16,1000,,0.010023,0.00626,available,,not_measured,managed,0.00626,1.601118,faster
"np.power(a, 2) (float16)",Unary,float16,100000,,1.0296,0.46805,available,,not_measured,managed,0.46805,2.199765,faster
"np.power(a, 2) (float16)",Unary,float16,10000000,,107.658,70.1896,available,,not_measured,managed,70.1896,1.533817,faster
"np.power(a, 2) (float32)",Unary,float32,1000,,0.00213,0.001901,available,,not_measured,managed,0.001901,1.120463,faster
"np.power(a, 2) (float32)",Unary,float32,100000,,0.149343,0.021843,available,,not_measured,managed,0.021843,6.83711,faster
"np.power(a, 2) (float32)",Unary,float32,10000000,,18.7807,4.94885,available,,not_measured,managed,4.94885,3.794962,faster
"np.power(a, 2) (float64)",Unary,float64,1000,,0.002121,0.002662,available,,not_measured,managed,0.002662,0.796769,slower
"np.power(a, 2) (float64)",Unary,float64,100000,,0.148671,0.042302,available,,not_measured,managed,0.042302,3.514515,faster
"np.power(a, 2) (float64)",Unary,float64,10000000,,22.4006,20.5795,available,,not_measured,managed,20.5795,1.088491,faster
"np.power(a, 3) (float16)",Unary,float16,1000,,0.011451,0.018259,available,,not_measured,managed,0.018259,0.627143,slower
"np.power(a, 3) (float16)",Unary,float16,100000,,1.4521,2.7693,available,,not_measured,managed,2.7693,0.524356,slower
"np.power(a, 3) (float16)",Unary,float16,10000000,,151.6867,348.0324,available,,not_measured,managed,348.0324,0.435841,slower
"np.power(a, 3) (float32)",Unary,float32,1000,,0.005494,0.01352,available,,not_measured,managed,0.01352,0.406361,slower
"np.power(a, 3) (float32)",Unary,float32,100000,,0.6556,0.654491,available,,not_measured,managed,0.654491,1.001694,close
"np.power(a, 3) (float32)",Unary,float32,10000000,,71.011,93.6525,available,,not_measured,managed,93.6525,0.758239,slower
"np.power(a, 3) (float64)",Unary,float64,1000,,0.009265,0.022711,available,,not_measured,managed,0.022711,0.407952,slower
"np.power(a, 3) (float64)",Unary,float64,100000,,1.0354,1.069282,available,,not_measured,managed,1.069282,0.968313,close
"np.power(a, 3) (float64)",Unary,float64,10000000,,112.9427,190.9802,available,,not_measured,managed,190.9802,0.591384,slower
np.rad2deg(a) (float16),Unary,float16,1000,,0.003664,0.005016,available,,not_measured,managed,0.005016,0.730463,slower
np.rad2deg(a) (float16),Unary,float16,100000,,0.325867,0.361596,available,,not_measured,managed,0.361596,0.901191,close
np.rad2deg(a) (float16),Unary,float16,10000000,,37.3765,59.5498,available,,not_measured,managed,59.5498,0.627651,slower
np.rad2deg(a) (float32),Unary,float32,1000,,0.001075,0.00072,available,,not_measured,managed,0.00072,1.493056,negligible
np.rad2deg(a) (float32),Unary,float32,100000,,0.073493,0.012871,available,,not_measured,managed,0.012871,5.709968,faster
np.rad2deg(a) (float32),Unary,float32,10000000,,11.1439,3.1423,available,,not_measured,managed,3.1423,3.546415,faster
np.rad2deg(a) (float64),Unary,float64,1000,,0.001261,0.001135,available,,not_measured,managed,0.001135,1.111013,faster
np.rad2deg(a) (float64),Unary,float64,100000,,0.091664,0.025912,available,,not_measured,managed,0.025912,3.537512,faster
np.rad2deg(a) (float64),Unary,float64,10000000,,17.4188,16.4597,available,,not_measured,managed,16.4597,1.05827,faster
np.radians(a) (float16),Unary,float16,1000,,0.003732,0.006968,available,,not_measured,managed,0.006968,0.535591,slower
np.radians(a) (float16),Unary,float16,100000,,0.331133,0.389833,available,,not_measured,managed,0.389833,0.849423,close
np.radians(a) (float16),Unary,float16,10000000,,36.8488,49.9933,available,,not_measured,managed,49.9933,0.737075,slower
np.radians(a) (float32),Unary,float32,1000,,0.001072,0.000947,available,,not_measured,managed,0.000947,1.131996,negligible
np.radians(a) (float32),Unary,float32,100000,,0.073407,0.018399,available,,not_measured,managed,0.018399,3.989728,faster
np.radians(a) (float32),Unary,float32,10000000,,11.2165,3.82,available,,not_measured,managed,3.82,2.936257,faster
np.radians(a) (float64),Unary,float64,1000,,0.001257,0.00115,available,,not_measured,managed,0.00115,1.093043,faster
np.radians(a) (float64),Unary,float64,100000,,0.091655,0.026243,available,,not_measured,managed,0.026243,3.49255,faster
np.radians(a) (float64),Unary,float64,10000000,,17.7879,14.16295,available,,not_measured,managed,14.16295,1.255946,faster
np.real(a) (float16),Unary,float16,1000,,0.000146,0.0,available,,not_measured,managed,0.0,,no_data
np.real(a) (float16),Unary,float16,100000,,0.000144,1e-06,available,,not_measured,managed,1e-06,144.0,negligible
np.real(a) (float16),Unary,float16,10000000,,0.000144,0.0,available,,not_measured,managed,0.0,,no_data
np.real(a) (float32),Unary,float32,1000,,0.000144,0.0,available,,not_measured,managed,0.0,,no_data
np.real(a) (float32),Unary,float32,100000,,0.000143,1e-06,available,,not_measured,managed,1e-06,143.0,negligible
np.real(a) (float32),Unary,float32,10000000,,0.000149,1e-06,available,,not_measured,managed,1e-06,149.0,negligible
np.real(a) (float64),Unary,float64,1000,,0.000145,1e-06,available,,not_measured,managed,1e-06,145.0,negligible
np.real(a) (float64),Unary,float64,100000,,0.000143,1e-06,available,,not_measured,managed,1e-06,143.0,negligible
np.real(a) (float64),Unary,float64,10000000,,0.000144,1e-06,available,,not_measured,managed,1e-06,144.0,negligible
np.reciprocal(a) (float16),Unary,float16,1000,,0.002385,0.00695,available,,not_measured,managed,0.00695,0.343165,slower
np.reciprocal(a) (float16),Unary,float16,100000,,0.2018,0.570081,available,,not_measured,managed,0.570081,0.353985,slower
np.reciprocal(a) (float16),Unary,float16,10000000,,22.2097,43.4468,available,,not_measured,managed,43.4468,0.511193,slower
np.reciprocal(a) (float32),Unary,float32,1000,,0.000475,0.00081,available,,not_measured,managed,0.00081,0.58642,negligible
np.reciprocal(a) (float32),Unary,float32,100000,,0.014131,0.061954,available,,not_measured,managed,0.061954,0.228089,much_slower
np.reciprocal(a) (float32),Unary,float32,10000000,,6.9946,8.447075,available,,not_measured,managed,8.447075,0.82805,close
np.reciprocal(a) (float64),Unary,float64,1000,,0.000703,0.001929,available,,not_measured,managed,0.001929,0.364438,negligible
np.reciprocal(a) (float64),Unary,float64,100000,,0.036943,0.181354,available,,not_measured,managed,0.181354,0.203707,much_slower
np.reciprocal(a) (float64),Unary,float64,10000000,,14.1526,23.576,available,,not_measured,managed,23.576,0.600297,slower
np.rint(a) (float16),Unary,float16,1000,,0.004722,0.004068,available,,not_measured,managed,0.004068,1.160767,faster
np.rint(a) (float16),Unary,float16,100000,,0.4512,0.492712,available,,not_measured,managed,0.492712,0.915748,close
np.rint(a) (float16),Unary,float16,10000000,,48.559,74.11,available,,not_measured,managed,74.11,0.655229,slower
np.rint(a) (float32),Unary,float32,1000,,0.000398,0.000893,available,,not_measured,managed,0.000893,0.445689,negligible
np.rint(a) (float32),Unary,float32,100000,,0.005568,0.013298,available,,not_measured,managed,0.013298,0.41871,slower
np.rint(a) (float32),Unary,float32,10000000,,7.0604,3.1186,available,,not_measured,managed,3.1186,2.263965,faster
np.rint(a) (float64),Unary,float64,1000,,0.000437,0.000819,available,,not_measured,managed,0.000819,0.533578,negligible
np.rint(a) (float64),Unary,float64,100000,,0.010735,0.039809,available,,not_measured,managed,0.039809,0.269663,much_slower
np.rint(a) (float64),Unary,float64,10000000,,14.2164,13.6558,available,,not_measured,managed,13.6558,1.041052,close
np.round(a) (float16),Unary,float16,1000,,0.005469,0.004166,available,,not_measured,managed,0.004166,1.31277,faster
np.round(a) (float16),Unary,float16,100000,,0.4558,0.487245,available,,not_measured,managed,0.487245,0.935464,close
np.round(a) (float16),Unary,float16,10000000,,48.4616,61.6779,available,,not_measured,managed,61.6779,0.785721,slower
np.round(a) (float32),Unary,float32,1000,,0.000951,0.000908,available,,not_measured,managed,0.000908,1.047357,negligible
np.round(a) (float32),Unary,float32,100000,,0.00616,0.021496,available,,not_measured,managed,0.021496,0.286565,much_slower
np.round(a) (float32),Unary,float32,10000000,,7.2406,6.0918,available,,not_measured,managed,6.0918,1.188581,faster
np.round(a) (float64),Unary,float64,1000,,0.000993,0.001231,available,,not_measured,managed,0.001231,0.806661,negligible
np.round(a) (float64),Unary,float64,100000,,0.011464,0.028453,available,,not_measured,managed,0.028453,0.40291,slower
np.round(a) (float64),Unary,float64,10000000,,14.1483,12.7899,available,,not_measured,managed,12.7899,1.106209,faster
np.sign (float16),Unary,float16,1000,,0.001204,0.003669,available,,not_measured,managed,0.003669,0.328155,much_slower
np.sign (float16),Unary,float16,100000,,0.083883,0.631367,available,,not_measured,managed,0.631367,0.132859,much_slower
np.sign (float16),Unary,float16,10000000,,10.2714,64.819,available,,not_measured,managed,64.819,0.158463,much_slower
np.sign (float32),Unary,float32,1000,,0.001013,0.00176,available,,not_measured,managed,0.00176,0.575568,slower
np.sign (float32),Unary,float32,100000,,0.284025,0.374615,available,,not_measured,managed,0.374615,0.758178,slower
np.sign (float32),Unary,float32,10000000,,35.7211,38.8994,available,,not_measured,managed,38.8994,0.918294,close
np.sign (float64),Unary,float64,1000,,0.000957,0.00183,available,,not_measured,managed,0.00183,0.522951,negligible
np.sign (float64),Unary,float64,100000,,0.286625,0.374163,available,,not_measured,managed,0.374163,0.766043,slower
np.sign (float64),Unary,float64,10000000,,39.612,44.7712,available,,not_measured,managed,44.7712,0.884765,close
np.sin (float16),Unary,float16,1000,,0.006509,0.010425,available,,not_measured,managed,0.010425,0.624365,slower
np.sin (float16),Unary,float16,100000,,0.9819,1.215746,available,,not_measured,managed,1.215746,0.807652,close
np.sin (float16),Unary,float16,10000000,,103.305,182.4185,available,,not_measured,managed,182.4185,0.566308,slower
np.sin (float32),Unary,float32,1000,,0.001073,0.001057,available,,not_measured,managed,0.001057,1.015137,close
np.sin (float32),Unary,float32,100000,,0.070008,0.272247,available,,not_measured,managed,0.272247,0.257149,much_slower
np.sin (float32),Unary,float32,10000000,,11.2621,6.7534,available,,not_measured,managed,6.7534,1.667619,faster
np.sin (float64),Unary,float64,1000,,0.004281,0.004153,available,,not_measured,managed,0.004153,1.030821,close
np.sin (float64),Unary,float64,100000,,0.6925,0.99924,available,,not_measured,managed,0.99924,0.693027,slower
np.sin (float64),Unary,float64,10000000,,79.3238,108.3373,available,,not_measured,managed,108.3373,0.732193,slower
np.sinh(a) (float16),Unary,float16,1000,,0.007667,0.010583,available,,not_measured,managed,0.010583,0.724464,slower
np.sinh(a) (float16),Unary,float16,100000,,0.95195,1.178064,available,,not_measured,managed,1.178064,0.808063,close
np.sinh(a) (float16),Unary,float16,10000000,,98.4752,144.9162,available,,not_measured,managed,144.9162,0.679532,slower
np.sinh(a) (float32),Unary,float32,1000,,0.00364,0.004205,available,,not_measured,managed,0.004205,0.865636,close
np.sinh(a) (float32),Unary,float32,100000,,0.6171,0.641536,available,,not_measured,managed,0.641536,0.96191,close
np.sinh(a) (float32),Unary,float32,10000000,,68.321,75.2938,available,,not_measured,managed,75.2938,0.907392,close
np.sinh(a) (float64),Unary,float64,1000,,0.004361,0.004471,available,,not_measured,managed,0.004471,0.975397,close
np.sinh(a) (float64),Unary,float64,100000,,0.61035,0.640192,available,,not_measured,managed,0.640192,0.953386,close
np.sinh(a) (float64),Unary,float64,10000000,,70.0667,68.5876,available,,not_measured,managed,68.5876,1.021565,close
np.sqrt (float16),Unary,float16,1000,,0.003643,0.003492,available,,not_measured,managed,0.003492,1.043242,close
np.sqrt (float16),Unary,float16,100000,,0.336333,0.324169,available,,not_measured,managed,0.324169,1.037524,close
np.sqrt (float16),Unary,float16,10000000,,38.4658,32.5379,available,,not_measured,managed,32.5379,1.182184,faster
np.sqrt (float32),Unary,float32,1000,,0.000469,0.000582,available,,not_measured,managed,0.000582,0.805842,negligible
np.sqrt (float32),Unary,float32,100000,,0.014094,0.015591,available,,not_measured,managed,0.015591,0.903983,close
np.sqrt (float32),Unary,float32,10000000,,6.7683,5.0234,available,,not_measured,managed,5.0234,1.347354,faster
np.sqrt (float64),Unary,float64,1000,,0.000881,0.000992,available,,not_measured,managed,0.000992,0.888105,negligible
np.sqrt (float64),Unary,float64,100000,,0.055206,0.057589,available,,not_measured,managed,0.057589,0.958621,close
np.sqrt (float64),Unary,float64,10000000,,14.913,12.7684,available,,not_measured,managed,12.7684,1.167962,faster
np.square(a) (float16),Unary,float16,1000,,0.002378,0.008634,available,,not_measured,managed,0.008634,0.275423,much_slower
np.square(a) (float16),Unary,float16,100000,,0.20188,0.831103,available,,not_measured,managed,0.831103,0.242906,much_slower
np.square(a) (float16),Unary,float16,10000000,,22.2515,69.3044,available,,not_measured,managed,69.3044,0.321069,much_slower
np.square(a) (float32),Unary,float32,1000,,0.000396,0.00081,available,,not_measured,managed,0.00081,0.488889,negligible
np.square(a) (float32),Unary,float32,100000,,0.005586,0.020249,available,,not_measured,managed,0.020249,0.275865,much_slower
np.square(a) (float32),Unary,float32,10000000,,6.8406,8.71675,available,,not_measured,managed,8.71675,0.784765,slower
np.square(a) (float64),Unary,float64,1000,,0.000439,0.001161,available,,not_measured,managed,0.001161,0.378122,negligible
np.square(a) (float64),Unary,float64,100000,,0.010816,0.043491,available,,not_measured,managed,0.043491,0.248695,much_slower
np.square(a) (float64),Unary,float64,10000000,,14.1501,19.3877,available,,not_measured,managed,19.3877,0.729849,slower
np.tan (float16),Unary,float16,1000,,0.006866,0.016273,available,,not_measured,managed,0.016273,0.421926,slower
np.tan (float16),Unary,float16,100000,,0.95255,1.103877,available,,not_measured,managed,1.103877,0.862913,close
np.tan (float16),Unary,float16,10000000,,99.4879,184.6271,available,,not_measured,managed,184.6271,0.538859,slower
np.tan (float32),Unary,float32,1000,,0.003265,0.003348,available,,not_measured,managed,0.003348,0.975209,close
np.tan (float32),Unary,float32,100000,,0.65025,1.112041,available,,not_measured,managed,1.112041,0.584736,slower
np.tan (float32),Unary,float32,10000000,,71.3394,94.8243,available,,not_measured,managed,94.8243,0.752332,slower
np.tan (float64),Unary,float64,1000,,0.00457,0.004967,available,,not_measured,managed,0.004967,0.920072,close
np.tan (float64),Unary,float64,100000,,0.82405,0.857337,available,,not_measured,managed,0.857337,0.961174,close
np.tan (float64),Unary,float64,10000000,,93.1303,131.1067,available,,not_measured,managed,131.1067,0.71034,slower
np.tanh(a) (float16),Unary,float16,1000,,0.009801,0.010841,available,,not_measured,managed,0.010841,0.904068,close
np.tanh(a) (float16),Unary,float16,100000,,0.9859,1.0669,available,,not_measured,managed,1.0669,0.924079,close
np.tanh(a) (float16),Unary,float16,10000000,,101.7464,122.1519,available,,not_measured,managed,122.1519,0.83295,close
np.tanh(a) (float32),Unary,float32,1000,,0.001571,0.001046,available,,not_measured,managed,0.001046,1.501912,faster
np.tanh(a) (float32),Unary,float32,100000,,0.122011,0.071091,available,,not_measured,managed,0.071091,1.716265,faster
np.tanh(a) (float32),Unary,float32,10000000,,16.1987,6.7684,available,,not_measured,managed,6.7684,2.393283,faster
np.tanh(a) (float64),Unary,float64,1000,,0.006133,0.005588,available,,not_measured,managed,0.005588,1.09753,faster
np.tanh(a) (float64),Unary,float64,100000,,0.57845,0.313578,available,,not_measured,managed,0.313578,1.844677,faster
np.tanh(a) (float64),Unary,float64,10000000,,66.1837,35.9644,available,,not_measured,managed,35.9644,1.840256,faster
np.trunc(a) (float16),Unary,float16,1000,,0.004107,0.006303,available,,not_measured,managed,0.006303,0.651594,slower
np.trunc(a) (float16),Unary,float16,100000,,0.3685,0.568558,available,,not_measured,managed,0.568558,0.648131,slower
np.trunc(a) (float16),Unary,float16,10000000,,41.1991,51.2869,available,,not_measured,managed,51.2869,0.803306,close
np.trunc(a) (float32),Unary,float32,1000,,0.000401,0.000914,available,,not_measured,managed,0.000914,0.438731,negligible
np.trunc(a) (float32),Unary,float32,100000,,0.005597,0.022165,available,,not_measured,managed,0.022165,0.252515,much_slower
np.trunc(a) (float32),Unary,float32,10000000,,7.3306,7.975875,available,,not_measured,managed,7.975875,0.919097,close
np.trunc(a) (float64),Unary,float64,1000,,0.000451,0.00116,available,,not_measured,managed,0.00116,0.388793,negligible
np.trunc(a) (float64),Unary,float64,100000,,0.010804,0.025291,available,,not_measured,managed,0.025291,0.427188,slower
np.trunc(a) (float64),Unary,float64,10000000,,14.1208,19.2412,available,,not_measured,managed,19.2412,0.733884,slower
