bench	key	ns_ms	np_ms
reduce_layout_bench	100K|f64|C|sum|ax0	0.017619444444444445	0.0112659
reduce_layout_bench	100K|f64|C|sum|ax1	0.017753846153846155	0.0175321
reduce_layout_bench	100K|f64|C|min|ax0	0.01665593220338983	0.0148951
reduce_layout_bench	100K|f64|C|min|ax1	0.022997619047619048	0.0171298
reduce_layout_bench	100K|f64|C|max|ax0	0.016768	0.01484
reduce_layout_bench	100K|f64|C|max|ax1	0.02335	0.0170966
reduce_layout_bench	100K|f64|C|prod|ax0	0.009848275862068965	0.01215
reduce_layout_bench	100K|f64|C|prod|ax1	0.006733846153846154	0.0569647
reduce_layout_bench	100K|f64|F|sum|ax0	0.01650888888888889	0.0177906
reduce_layout_bench	100K|f64|F|sum|ax1	0.010658620689655172	0.0113085
reduce_layout_bench	100K|f64|F|min|ax0	0.02225681818181818	0.0171103
reduce_layout_bench	100K|f64|F|min|ax1	0.01588	0.0135
reduce_layout_bench	100K|f64|F|max|ax0	0.022237209302325582	0.0171161
reduce_layout_bench	100K|f64|F|max|ax1	0.015911363636363637	0.0135344
reduce_layout_bench	100K|f64|F|prod|ax0	0.004371428571428571	0.0569471
reduce_layout_bench	100K|f64|F|prod|ax1	0.01830925925925926	0.0111836
reduce_layout_bench	100K|f64|T|sum|ax0	0.011950724637681159	0.0294706
reduce_layout_bench	100K|f64|T|sum|ax1	0.021257777777777778	0.0226024
reduce_layout_bench	100K|f64|T|min|ax0	0.06315625	0.0517778
reduce_layout_bench	100K|f64|T|min|ax1	0.05328333333333333	0.0383167
reduce_layout_bench	100K|f64|T|max|ax0	0.06338	0.0518417
reduce_layout_bench	100K|f64|T|max|ax1	0.054294444444444444	0.0383227
reduce_layout_bench	100K|f64|T|prod|ax0	0.011254117647058824	0.0571
reduce_layout_bench	100K|f64|T|prod|ax1	0.01826111111111111	0.012188
reduce_layout_bench	100K|f64|strided|sum|ax0	0.03832307692307692	0.0341357
reduce_layout_bench	100K|f64|strided|sum|ax1	0.019	0.01845
reduce_layout_bench	100K|f64|strided|min|ax0	0.07273846153846154	0.0372115
reduce_layout_bench	100K|f64|strided|min|ax1	0.1168625	0.060275
reduce_layout_bench	100K|f64|strided|max|ax0	0.07268571428571428	0.0370423
reduce_layout_bench	100K|f64|strided|max|ax1	0.1198875	0.0601
reduce_layout_bench	100K|f64|strided|prod|ax0	0.038265	0.0343538
reduce_layout_bench	100K|f64|strided|prod|ax1	0.10162222222222222	0.0443455
reduce_layout_bench	100K|f64|negrow|sum|ax0	0.02182439024390244	0.0228605
reduce_layout_bench	100K|f64|negrow|sum|ax1	0.021827272727272726	0.0308188
reduce_layout_bench	100K|f64|negrow|min|ax0	0.06315333333333334	0.0393286
reduce_layout_bench	100K|f64|negrow|min|ax1	0.023747619047619045	0.0531111
reduce_layout_bench	100K|f64|negrow|max|ax0	0.06344666666666667	0.039444
reduce_layout_bench	100K|f64|negrow|max|ax1	0.02404102564102564	0.0531789
reduce_layout_bench	100K|f64|negrow|prod|ax0	0.012793506493506494	0.0227075
reduce_layout_bench	100K|f64|negrow|prod|ax1	0.035114285714285716	0.09256
reduce_layout_bench	100K|f64|negcol|sum|ax0	0.0717	0.06115
reduce_layout_bench	100K|f64|negcol|sum|ax1	0.020803225806451615	0.0315226
reduce_layout_bench	100K|f64|negcol|min|ax0	0.15385000000000001	0.0627143
reduce_layout_bench	100K|f64|negcol|min|ax1	0.022451162790697674	0.103144
reduce_layout_bench	100K|f64|negcol|max|ax0	0.15323333333333333	0.0627933
reduce_layout_bench	100K|f64|negcol|max|ax1	0.022706976744186046	0.10238
reduce_layout_bench	100K|f64|negcol|prod|ax0	0.07394615384615386	0.0609875
reduce_layout_bench	100K|f64|negcol|prod|ax1	0.20346000000000003	0.09229
reduce_layout_bench	100K|f64|sliced|sum|ax0	0.023521875	0.0247154
reduce_layout_bench	100K|f64|sliced|sum|ax1	0.022785365853658538	0.0291727
reduce_layout_bench	100K|f64|sliced|min|ax0	0.05583529411764706	0.0388917
reduce_layout_bench	100K|f64|sliced|min|ax1	0.06645384615384616	0.0484944
reduce_layout_bench	100K|f64|sliced|max|ax0	0.055994444444444444	0.038892
reduce_layout_bench	100K|f64|sliced|max|ax1	0.06633571428571429	0.0484
reduce_layout_bench	100K|f64|sliced|prod|ax0	0.013359722222222222	0.0245725
reduce_layout_bench	100K|f64|sliced|prod|ax1	0.03457307692307692	0.0902636
reduce_layout_bench	100K|f64|bcast|sum|ax0	0.017035087719298247	0.0204638
reduce_layout_bench	100K|f64|bcast|sum|ax1	0.018283333333333332	0.0232
reduce_layout_bench	100K|f64|bcast|min|ax0	0.06247857142857143	0.0380192
reduce_layout_bench	100K|f64|bcast|min|ax1	0.022095348837209303	0.0498316
reduce_layout_bench	100K|f64|bcast|max|ax0	0.06275	0.03804
reduce_layout_bench	100K|f64|bcast|max|ax1	0.022465116279069768	0.0498667
reduce_layout_bench	100K|f64|bcast|prod|ax0	0.006881944444444444	0.0116405
reduce_layout_bench	100K|f64|bcast|prod|ax1	0.07342142857142857	0.09083
reduce_layout_bench	100K|f32|C|sum|ax0	0.013962857142857143	0.0150385
reduce_layout_bench	100K|f32|C|sum|ax1	0.019276	0.0160692
reduce_layout_bench	100K|f32|C|min|ax0	0.027717142857142857	0.0243194
reduce_layout_bench	100K|f32|C|min|ax1	0.042945454545454544	0.035225
reduce_layout_bench	100K|f32|C|max|ax0	0.027790322580645163	0.0243031
reduce_layout_bench	100K|f32|C|max|ax1	0.04294347826086957	0.0351929
reduce_layout_bench	100K|f32|C|prod|ax0	0.009811	0.016781
reduce_layout_bench	100K|f32|C|prod|ax1	0.007323703703703704	0.0930556
reduce_layout_bench	100K|f32|F|sum|ax0	0.019348979591836735	0.0272972
reduce_layout_bench	100K|f32|F|sum|ax1	0.013981159420289855	0.0150292
reduce_layout_bench	100K|f32|F|min|ax0	0.04291764705882353	0.0352083
reduce_layout_bench	100K|f32|F|min|ax1	0.027725	0.0243575
reduce_layout_bench	100K|f32|F|max|ax0	0.04296818181818182	0.0351846
reduce_layout_bench	100K|f32|F|max|ax1	0.027778125	0.0243317
reduce_layout_bench	100K|f32|F|prod|ax0	0.0073207407407407405	0.09308
reduce_layout_bench	100K|f32|F|prod|ax1	0.009817821782178219	0.0168768
reduce_layout_bench	100K|f32|T|sum|ax0	0.019341176470588237	0.0273
reduce_layout_bench	100K|f32|T|sum|ax1	0.01403404255319149	0.0150385
reduce_layout_bench	100K|f32|T|min|ax0	0.042934782608695654	0.0351926
reduce_layout_bench	100K|f32|T|min|ax1	0.027772222222222222	0.0243525
reduce_layout_bench	100K|f32|T|max|ax0	0.042955	0.0352214
reduce_layout_bench	100K|f32|T|max|ax1	0.027788888888888887	0.0243156
reduce_layout_bench	100K|f32|T|prod|ax0	0.007312686567164179	0.0930545
reduce_layout_bench	100K|f32|T|prod|ax1	0.009838	0.0167983
reduce_layout_bench	100K|f32|strided|sum|ax0	0.038240909090909096	0.0335042
reduce_layout_bench	100K|f32|strided|sum|ax1	0.01957254901960784	0.015959
reduce_layout_bench	100K|f32|strided|min|ax0	0.07255	0.0614937
reduce_layout_bench	100K|f32|strided|min|ax1	0.06523846153846154	0.0590941
reduce_layout_bench	100K|f32|strided|max|ax0	0.0726	0.0614133
reduce_layout_bench	100K|f32|strided|max|ax1	0.06532	0.0591067
reduce_layout_bench	100K|f32|strided|prod|ax0	0.038395454545454545	0.0353714
reduce_layout_bench	100K|f32|strided|prod|ax1	0.05234444444444444	0.0462429
reduce_layout_bench	100K|f32|negrow|sum|ax0	0.014021739130434783	0.0154547
reduce_layout_bench	100K|f32|negrow|sum|ax1	0.019491666666666668	0.0285844
reduce_layout_bench	100K|f32|negrow|min|ax0	0.03518518518518518	0.0251462
reduce_layout_bench	100K|f32|negrow|min|ax1	0.01951764705882353	0.036663
reduce_layout_bench	100K|f32|negrow|max|ax0	0.03568518518518519	0.02514
reduce_layout_bench	100K|f32|negrow|max|ax1	0.019719999999999998	0.0366238
reduce_layout_bench	100K|f32|negrow|prod|ax0	0.007689922480620155	0.0171536
reduce_layout_bench	100K|f32|negrow|prod|ax1	0.02372903225806452	0.09435
reduce_layout_bench	100K|f32|negcol|sum|ax0	0.0717	0.06096
reduce_layout_bench	100K|f32|negcol|sum|ax1	0.019403921568627452	0.0286774
reduce_layout_bench	100K|f32|negcol|min|ax0	0.15363333333333332	0.107937
reduce_layout_bench	100K|f32|negcol|min|ax1	0.01901020408163265	0.100333
reduce_layout_bench	100K|f32|negcol|max|ax0	0.15364	0.1079
reduce_layout_bench	100K|f32|negcol|max|ax1	0.019174509803921568	0.0999778
reduce_layout_bench	100K|f32|negcol|prod|ax0	0.07373571428571428	0.0627437
reduce_layout_bench	100K|f32|negcol|prod|ax1	0.10015555555555555	0.0942091
reduce_layout_bench	100K|f32|sliced|sum|ax0	0.015140677966101695	0.0163288
reduce_layout_bench	100K|f32|sliced|sum|ax1	0.019342222222222222	0.0264706
reduce_layout_bench	100K|f32|sliced|min|ax0	0.03003939393939394	0.0244486
reduce_layout_bench	100K|f32|sliced|min|ax1	0.038880769230769226	0.0332533
reduce_layout_bench	100K|f32|sliced|max|ax0	0.030175	0.0244294
reduce_layout_bench	100K|f32|sliced|max|ax1	0.038662499999999995	0.03326
reduce_layout_bench	100K|f32|sliced|prod|ax0	0.008230508474576272	0.0180932
reduce_layout_bench	100K|f32|sliced|prod|ax1	0.022865116279069765	0.09185
reduce_layout_bench	100K|f32|bcast|sum|ax0	0.012165217391304347	0.0144072
reduce_layout_bench	100K|f32|bcast|sum|ax1	0.017720754716981132	0.0232095
reduce_layout_bench	100K|f32|bcast|min|ax0	0.0347875	0.0240676
reduce_layout_bench	100K|f32|bcast|min|ax1	0.018502777777777778	0.033824
reduce_layout_bench	100K|f32|bcast|max|ax0	0.035050000000000005	0.0240725
reduce_layout_bench	100K|f32|bcast|max|ax1	0.018754	0.0339087
reduce_layout_bench	100K|f32|bcast|prod|ax0	0.005037297297297297	0.0163302
reduce_layout_bench	100K|f32|bcast|prod|ax1	0.07335833333333333	0.09299
reduce_layout_bench	100K|c128|C|sum|ax0	0.0372	0.0395
reduce_layout_bench	100K|c128|C|sum|ax1	0.04495909090909091	0.0303344
reduce_layout_bench	100K|c128|C|min|ax0	0.21685	0.139429
reduce_layout_bench	100K|c128|C|min|ax1	0.18431999999999998	0.174633
reduce_layout_bench	100K|c128|C|max|ax0	0.19258	0.14605
reduce_layout_bench	100K|c128|C|max|ax1	0.15475	0.17468
reduce_layout_bench	100K|c128|C|prod|ax0	0.1295	0.0296882
reduce_layout_bench	100K|c128|C|prod|ax1	0.17616	0.2277
reduce_layout_bench	100K|c128|F|sum|ax0	0.044931818181818184	0.03004
reduce_layout_bench	100K|c128|F|sum|ax1	0.019168	0.0394773
reduce_layout_bench	100K|c128|F|min|ax0	0.18404	0.1743
reduce_layout_bench	100K|c128|F|min|ax1	0.21695	0.146186
reduce_layout_bench	100K|c128|F|max|ax0	0.15388333333333334	0.174417
reduce_layout_bench	100K|c128|F|max|ax1	0.18066	0.146214
reduce_layout_bench	100K|c128|F|prod|ax0	0.17582	0.43985
reduce_layout_bench	100K|c128|F|prod|ax1	0.129	0.0566786
reduce_layout_bench	100K|c128|T|sum|ax0	0.04496818181818182	0.0484118
reduce_layout_bench	100K|c128|T|sum|ax1	0.03684814814814815	0.0394043
reduce_layout_bench	100K|c128|T|min|ax0	0.18416	0.1745
reduce_layout_bench	100K|c128|T|min|ax1	0.21656666666666669	0.146067
reduce_layout_bench	100K|c128|T|max|ax0	0.15468333333333334	0.17458
reduce_layout_bench	100K|c128|T|max|ax1	0.18002	0.146067
reduce_layout_bench	100K|c128|T|prod|ax0	0.17616	0.43975
reduce_layout_bench	100K|c128|T|prod|ax1	0.129	0.0565778
reduce_layout_bench	100K|c128|strided|sum|ax0	0.0361047619047619	0.0386238
reduce_layout_bench	100K|c128|strided|sum|ax1	0.027378571428571426	0.0340536
reduce_layout_bench	100K|c128|strided|min|ax0	0.11155555555555556	0.0773125
reduce_layout_bench	100K|c128|strided|min|ax1	0.09604444444444443	0.0926545
reduce_layout_bench	100K|c128|strided|max|ax0	0.09337999999999999	0.0772833
reduce_layout_bench	100K|c128|strided|max|ax1	0.08141111111111111	0.0929222
reduce_layout_bench	100K|c128|strided|prod|ax0	0.0674357142857143	0.0439143
reduce_layout_bench	100K|c128|strided|prod|ax1	0.08961	0.218875
reduce_layout_bench	100K|c128|negrow|sum|ax0	0.03702962962962963	0.040084
reduce_layout_bench	100K|c128|negrow|sum|ax1	0.02986875	0.0511389
reduce_layout_bench	100K|c128|negrow|min|ax0	0.2167	0.136986
reduce_layout_bench	100K|c128|negrow|min|ax1	0.1871	0.149943
reduce_layout_bench	100K|c128|negrow|max|ax0	0.18006	0.146583
reduce_layout_bench	100K|c128|negrow|max|ax1	0.1129	0.17566
reduce_layout_bench	100K|c128|negrow|prod|ax0	0.12903333333333333	0.0566059
reduce_layout_bench	100K|c128|negrow|prod|ax1	0.14774	0.441
reduce_layout_bench	100K|c128|negcol|sum|ax0	0.06657500000000001	0.0695357
reduce_layout_bench	100K|c128|negcol|sum|ax1	0.04509545454545454	0.0509313
reduce_layout_bench	100K|c128|negcol|min|ax0	0.218625	0.147367
reduce_layout_bench	100K|c128|negcol|min|ax1	0.18426	0.175817
reduce_layout_bench	100K|c128|negcol|max|ax0	0.11212	0.147443
reduce_layout_bench	100K|c128|negcol|max|ax1	0.15485000000000002	0.17522
reduce_layout_bench	100K|c128|negcol|prod|ax0	0.13064285714285714	0.0830273
reduce_layout_bench	100K|c128|negcol|prod|ax1	0.14694000000000002	0.441
reduce_layout_bench	100K|c128|sliced|sum|ax0	0.03779999999999999	0.0389826
reduce_layout_bench	100K|c128|sliced|sum|ax1	0.044722222222222226	0.0512
reduce_layout_bench	100K|c128|sliced|min|ax0	0.214225	0.143729
reduce_layout_bench	100K|c128|sliced|min|ax1	0.18180000000000002	0.17248
reduce_layout_bench	100K|c128|sliced|max|ax0	0.17798	0.1437
reduce_layout_bench	100K|c128|sliced|max|ax1	0.11028333333333333	0.172433
reduce_layout_bench	100K|c128|sliced|prod|ax0	0.1274375	0.0563056
reduce_layout_bench	100K|c128|sliced|prod|ax1	0.17406	0.43455
reduce_layout_bench	100K|c128|bcast|sum|ax0	0.029469696969696972	0.0333633
reduce_layout_bench	100K|c128|bcast|sum|ax1	0.041495652173913045	0.0468571
reduce_layout_bench	100K|c128|bcast|min|ax0	0.24065	0.15085
reduce_layout_bench	100K|c128|bcast|min|ax1	0.18382	0.17406
reduce_layout_bench	100K|c128|bcast|max|ax0	0.241175	0.1509
reduce_layout_bench	100K|c128|bcast|max|ax1	0.15391666666666667	0.173367
reduce_layout_bench	100K|c128|bcast|prod|ax0	0.1288	0.0595059
reduce_layout_bench	100K|c128|bcast|prod|ax1	0.17516	0.43945
reduce_layout_bench	100K|dec|C|sum|ax0	0.7378	0.0226767
reduce_layout_bench	100K|dec|C|sum|ax1	0.41455	0.0301219
reduce_layout_bench	100K|dec|C|min|ax0	0.1544	0.0383292
reduce_layout_bench	100K|dec|C|min|ax1	0.1377857142857143	0.0517059
reduce_layout_bench	100K|dec|C|max|ax0	0.32655	0.0147462
reduce_layout_bench	100K|dec|C|max|ax1	0.25145	0.0517611
reduce_layout_bench	100K|dec|F|sum|ax0	0.20255	0.0301906
reduce_layout_bench	100K|dec|F|sum|ax1	0.7281	0.0228023
reduce_layout_bench	100K|dec|F|min|ax0	0.240325	0.0515812
reduce_layout_bench	100K|dec|F|min|ax1	0.31603333333333333	0.0383762
reduce_layout_bench	100K|dec|F|max|ax0	0.251075	0.0515444
reduce_layout_bench	100K|dec|F|max|ax1	0.19866666666666666	0.0384077
reduce_layout_bench	100K|dec|T|sum|ax0	0.4153	0.0301212
reduce_layout_bench	100K|dec|T|sum|ax1	0.7283	0.0226973
reduce_layout_bench	100K|dec|T|min|ax0	0.240325	0.0517421
reduce_layout_bench	100K|dec|T|min|ax1	0.3159666666666667	0.0383038
reduce_layout_bench	100K|dec|T|max|ax0	0.251325	0.0517278
reduce_layout_bench	100K|dec|T|max|ax1	0.3263333333333333	0.0383905
reduce_layout_bench	100K|dec|strided|sum|ax0	0.27836666666666665	0.0230414
reduce_layout_bench	100K|dec|strided|sum|ax1	0.10637777777777778	0.018858
reduce_layout_bench	100K|dec|strided|min|ax0	0.16101666666666667	0.0371885
reduce_layout_bench	100K|dec|strided|min|ax1	0.12387142857142856	0.0602333
reduce_layout_bench	100K|dec|strided|max|ax0	0.1663	0.0370364
reduce_layout_bench	100K|dec|strided|max|ax1	0.1291857142857143	0.0601333
reduce_layout_bench	100K|dec|negrow|sum|ax0	0.5507	0.0229256
reduce_layout_bench	100K|dec|negrow|sum|ax1	0.4169	0.0299379
reduce_layout_bench	100K|dec|negrow|min|ax0	0.3161333333333333	0.039412
reduce_layout_bench	100K|dec|negrow|min|ax1	0.242025	0.0531474
reduce_layout_bench	100K|dec|negrow|max|ax0	0.3264666666666667	0.0394125
reduce_layout_bench	100K|dec|negrow|max|ax1	0.172725	0.0531294
reduce_layout_bench	100K|dec|negcol|sum|ax0	0.7281	0.0611375
reduce_layout_bench	100K|dec|negcol|sum|ax1	0.41475	0.0314419
reduce_layout_bench	100K|dec|negcol|min|ax0	0.31706666666666666	0.06276
reduce_layout_bench	100K|dec|negcol|min|ax1	0.24025	0.103067
reduce_layout_bench	100K|dec|negcol|max|ax0	0.3274666666666667	0.0626933
reduce_layout_bench	100K|dec|negcol|max|ax1	0.251325	0.0391222
reduce_layout_bench	100K|dec|sliced|sum|ax0	0.7189	0.0247615
reduce_layout_bench	100K|dec|sliced|sum|ax1	0.4096	0.0300667
reduce_layout_bench	100K|dec|sliced|min|ax0	0.31216666666666665	0.039
reduce_layout_bench	100K|dec|sliced|min|ax1	0.237375	0.048465
reduce_layout_bench	100K|dec|sliced|max|ax0	0.3225	0.038984
reduce_layout_bench	100K|dec|sliced|max|ax1	0.2483	0.04847
reduce_layout_bench	100K|dec|bcast|sum|ax0	0.7278	0.0204708
reduce_layout_bench	100K|dec|bcast|sum|ax1	0.4145	0.0231905
reduce_layout_bench	100K|dec|bcast|min|ax0	0.31529999999999997	0.0380538
reduce_layout_bench	100K|dec|bcast|min|ax1	0.2398	0.0498667
reduce_layout_bench	100K|dec|bcast|max|ax0	0.3153666666666667	0.0380654
reduce_layout_bench	100K|dec|bcast|max|ax1	0.251325	0.04976
reduce_layout_bench	100K|f16|C|sum|ax0	0.15373333333333333	0.6213
reduce_layout_bench	100K|f16|C|sum|ax1	0.08016999999999999	0.20534
reduce_layout_bench	100K|f16|C|min|ax0	0.2924	0.3068
reduce_layout_bench	100K|f16|C|min|ax1	0.3259666666666667	0.313167
reduce_layout_bench	100K|f16|C|max|ax0	0.3216333333333333	0.331467
reduce_layout_bench	100K|f16|C|max|ax1	0.3253	0.3363
reduce_layout_bench	100K|f16|C|prod|ax0	0.7514	0.6658
reduce_layout_bench	100K|f16|C|prod|ax1	0.7424	0.1982
reduce_layout_bench	100K|f16|F|sum|ax0	0.08006666666666666	0.2376
reduce_layout_bench	100K|f16|F|sum|ax1	0.15127142857142856	0.6234
reduce_layout_bench	100K|f16|F|min|ax0	0.3259666666666667	0.313
reduce_layout_bench	100K|f16|F|min|ax1	0.32106666666666667	0.307
reduce_layout_bench	100K|f16|F|max|ax0	0.32603333333333334	0.333533
reduce_layout_bench	100K|f16|F|max|ax1	0.32073333333333337	0.3343
reduce_layout_bench	100K|f16|F|prod|ax0	0.4014	0.197975
reduce_layout_bench	100K|f16|F|prod|ax1	0.7435	0.671
reduce_layout_bench	100K|f16|T|sum|ax0	0.029066666666666668	0.237775
reduce_layout_bench	100K|f16|T|sum|ax1	0.045250000000000005	0.63715
reduce_layout_bench	100K|f16|T|min|ax0	0.32613333333333333	0.313367
reduce_layout_bench	100K|f16|T|min|ax1	0.3206333333333333	0.307033
reduce_layout_bench	100K|f16|T|max|ax0	0.32553333333333334	0.335933
reduce_layout_bench	100K|f16|T|max|ax1	0.32103333333333334	0.331567
reduce_layout_bench	100K|f16|T|prod|ax0	0.7435	0.19814
reduce_layout_bench	100K|f16|T|prod|ax1	0.7427	0.25
reduce_layout_bench	100K|f16|strided|sum|ax0	0.2612	0.144386
reduce_layout_bench	100K|f16|strided|sum|ax1	0.1913	0.123186
reduce_layout_bench	100K|f16|strided|min|ax0	0.1607	0.1583
reduce_layout_bench	100K|f16|strided|min|ax1	0.16111666666666666	0.161817
reduce_layout_bench	100K|f16|strided|max|ax0	0.16116666666666665	0.17
reduce_layout_bench	100K|f16|strided|max|ax1	0.16126666666666667	0.1737
reduce_layout_bench	100K|f16|strided|prod|ax0	0.3716	0.3313
reduce_layout_bench	100K|f16|strided|prod|ax1	0.37835	0.104822
reduce_layout_bench	100K|f16|negrow|sum|ax0	0.1513857142857143	0.63765
reduce_layout_bench	100K|f16|negrow|sum|ax1	0.08149166666666667	0.23755
reduce_layout_bench	100K|f16|negrow|min|ax0	0.321	0.307033
reduce_layout_bench	100K|f16|negrow|min|ax1	0.15566666666666668	0.313367
reduce_layout_bench	100K|f16|negrow|max|ax0	0.32193333333333335	0.330433
reduce_layout_bench	100K|f16|negrow|max|ax1	0.32536666666666664	0.3352
reduce_layout_bench	100K|f16|negrow|prod|ax0	0.7375	0.6826
reduce_layout_bench	100K|f16|negrow|prod|ax1	0.7439	0.19822
reduce_layout_bench	100K|f16|negcol|sum|ax0	1.1984	0.633
reduce_layout_bench	100K|f16|negcol|sum|ax1	0.08035833333333334	0.23735
reduce_layout_bench	100K|f16|negcol|min|ax0	0.321	0.306767
reduce_layout_bench	100K|f16|negcol|min|ax1	0.3199666666666667	0.315233
reduce_layout_bench	100K|f16|negcol|max|ax0	0.32153333333333334	0.331933
reduce_layout_bench	100K|f16|negcol|max|ax1	0.3209	0.332467
reduce_layout_bench	100K|f16|negcol|prod|ax0	0.7397	0.6481
reduce_layout_bench	100K|f16|negcol|prod|ax1	0.7442	0.198
reduce_layout_bench	100K|f16|sliced|sum|ax0	0.1448	0.6128
reduce_layout_bench	100K|f16|sliced|sum|ax1	0.07903846153846154	0.234775
reduce_layout_bench	100K|f16|sliced|min|ax0	0.3167666666666667	0.3031
reduce_layout_bench	100K|f16|sliced|min|ax1	0.3219	0.309333
reduce_layout_bench	100K|f16|sliced|max|ax0	0.3179666666666667	0.327433
reduce_layout_bench	100K|f16|sliced|max|ax1	0.3212333333333333	0.331767
reduce_layout_bench	100K|f16|sliced|prod|ax0	0.7307	0.6407
reduce_layout_bench	100K|f16|sliced|prod|ax1	0.7333	0.0888571
reduce_layout_bench	100K|f16|bcast|sum|ax0	0.15048333333333333	0.5917
reduce_layout_bench	100K|f16|bcast|sum|ax1	0.07976666666666667	0.23685
reduce_layout_bench	100K|f16|bcast|min|ax0	0.29306666666666664	0.290967
reduce_layout_bench	100K|f16|bcast|min|ax1	0.32583333333333336	0.306267
reduce_layout_bench	100K|f16|bcast|max|ax0	0.29306666666666664	0.291
reduce_layout_bench	100K|f16|bcast|max|ax1	0.32356666666666667	0.334567
reduce_layout_bench	100K|f16|bcast|prod|ax0	0.766	0.6918
reduce_layout_bench	100K|f16|bcast|prod|ax1	0.7473	0.19752
reduce_layout_bench	100K|i32|C|sum|ax0	0.013880281690140845	0.0468905
reduce_layout_bench	100K|i32|C|sum|ax1	0.009382075471698113	0.0867444
reduce_layout_bench	100K|i32|C|min|ax0	0.009829	0.00889677
reduce_layout_bench	100K|i32|C|min|ax1	0.007194852941176471	0.0167944
reduce_layout_bench	100K|i32|C|max|ax0	0.009814851485148515	0.0160473
reduce_layout_bench	100K|i32|C|max|ax1	0.006940425531914894	0.0167839
reduce_layout_bench	100K|i32|C|prod|ax0	0.04327272727272727	0.110375
reduce_layout_bench	100K|i32|C|prod|ax1	0.04883684210526316	0.167933
reduce_layout_bench	100K|i32|F|sum|ax0	0.009377142857142858	0.0870636
reduce_layout_bench	100K|i32|F|sum|ax1	0.008217391304347826	0.10675
reduce_layout_bench	100K|i32|F|min|ax0	0.006945774647887324	0.0167492
reduce_layout_bench	100K|i32|F|min|ax1	0.009857425742574259	0.0160349
reduce_layout_bench	100K|i32|F|max|ax0	0.006724647887323944	0.0167305
reduce_layout_bench	100K|i32|F|max|ax1	0.009836000000000001	0.016084
reduce_layout_bench	100K|i32|F|prod|ax0	0.048780000000000004	0.168
reduce_layout_bench	100K|i32|F|prod|ax1	0.04333478260869565	0.110378
reduce_layout_bench	100K|i32|T|sum|ax0	0.009368269230769232	0.0866818
reduce_layout_bench	100K|i32|T|sum|ax1	0.013853623188405797	0.106889
reduce_layout_bench	100K|i32|T|min|ax0	0.00721159420289855	0.0168051
reduce_layout_bench	100K|i32|T|min|ax1	0.00979795918367347	0.0160404
reduce_layout_bench	100K|i32|T|max|ax0	0.006931205673758865	0.0167721
reduce_layout_bench	100K|i32|T|max|ax1	0.009838	0.016096
reduce_layout_bench	100K|i32|T|prod|ax0	0.04878888888888889	0.0653333
reduce_layout_bench	100K|i32|T|prod|ax1	0.043333333333333335	0.1104
reduce_layout_bench	100K|i32|strided|sum|ax0	0.054344444444444445	0.02705
reduce_layout_bench	100K|i32|strided|sum|ax1	0.054817647058823527	0.039608
reduce_layout_bench	100K|i32|strided|min|ax0	0.020721739130434784	0.0323613
reduce_layout_bench	100K|i32|strided|min|ax1	0.14253333333333332	0.0267556
reduce_layout_bench	100K|i32|strided|max|ax0	0.04856111111111111	0.03241
reduce_layout_bench	100K|i32|strided|max|ax1	0.0780875	0.0267351
reduce_layout_bench	100K|i32|strided|prod|ax0	0.0720642857142857	0.0514937
reduce_layout_bench	100K|i32|strided|prod|ax1	0.07383846153846153	0.0757417
reduce_layout_bench	100K|i32|negrow|sum|ax0	0.014078260869565217	0.108562
reduce_layout_bench	100K|i32|negrow|sum|ax1	0.10847777777777777	0.08865
reduce_layout_bench	100K|i32|negrow|min|ax0	0.007016546762589928	0.0163
reduce_layout_bench	100K|i32|negrow|min|ax1	0.025294285714285714	0.0173098
reduce_layout_bench	100K|i32|negrow|max|ax0	0.0070466165413533835	0.0163018
reduce_layout_bench	100K|i32|negrow|max|ax1	0.022451162790697674	0.0171603
reduce_layout_bench	100K|i32|negrow|prod|ax0	0.04431818181818182	0.112288
reduce_layout_bench	100K|i32|negrow|prod|ax1	0.1437142857142857	0.169783
reduce_layout_bench	100K|i32|negcol|sum|ax0	0.10797777777777778	0.09351
reduce_layout_bench	100K|i32|negcol|sum|ax1	0.10842222222222223	0.0736077
reduce_layout_bench	100K|i32|negcol|min|ax0	0.08476363636363636	0.0577125
reduce_layout_bench	100K|i32|negcol|min|ax1	0.10966666666666666	0.0434652
reduce_layout_bench	100K|i32|negcol|max|ax0	0.09601	0.0577059
reduce_layout_bench	100K|i32|negcol|max|ax1	0.1472	0.0432667
reduce_layout_bench	100K|i32|negcol|prod|ax0	0.1436	0.09716
reduce_layout_bench	100K|i32|negcol|prod|ax1	0.14361666666666667	0.154817
reduce_layout_bench	100K|i32|sliced|sum|ax0	0.014384615384615385	0.107433
reduce_layout_bench	100K|i32|sliced|sum|ax1	0.1058	0.08783
reduce_layout_bench	100K|i32|sliced|min|ax0	0.007824390243902439	0.0170314
reduce_layout_bench	100K|i32|sliced|min|ax1	0.024658974358974357	0.0162367
reduce_layout_bench	100K|i32|sliced|max|ax0	0.007818548387096775	0.0170534
reduce_layout_bench	100K|i32|sliced|max|ax1	0.020993181818181817	0.016255
reduce_layout_bench	100K|i32|sliced|prod|ax0	0.04301739130434783	0.111022
reduce_layout_bench	100K|i32|sliced|prod|ax1	0.14194285714285715	0.1679
reduce_layout_bench	100K|i32|bcast|sum|ax0	0.013771830985915492	0.05515
reduce_layout_bench	100K|i32|bcast|sum|ax1	0.10698888888888888	0.0325867
reduce_layout_bench	100K|i32|bcast|min|ax0	0.004306	0.0151187
reduce_layout_bench	100K|i32|bcast|min|ax1	0.08325	0.0128187
reduce_layout_bench	100K|i32|bcast|max|ax0	0.004470833333333334	0.0151303
reduce_layout_bench	100K|i32|bcast|max|ax1	0.09429	0.0127757
reduce_layout_bench	100K|i32|bcast|prod|ax0	0.043178260869565215	0.0559944
reduce_layout_bench	100K|i32|bcast|prod|ax1	0.14345714285714287	0.116333
reduce_layout_bench	100K|i64|C|sum|ax0	0.018241818181818182	0.0537167
reduce_layout_bench	100K|i64|C|sum|ax1	0.010979069767441861	0.033869
reduce_layout_bench	100K|i64|C|min|ax0	0.027523529411764704	0.0339103
reduce_layout_bench	100K|i64|C|min|ax1	0.03211379310344828	0.0436478
reduce_layout_bench	100K|i64|C|max|ax0	0.02753611111111111	0.035375
reduce_layout_bench	100K|i64|C|max|ax1	0.03217037037037037	0.0434261
reduce_layout_bench	100K|i64|C|prod|ax0	0.04020833333333333	0.0572882
reduce_layout_bench	100K|i64|C|prod|ax1	0.04348695652173913	0.114744
reduce_layout_bench	100K|i64|F|sum|ax0	0.011191011235955057	0.0338759
reduce_layout_bench	100K|i64|F|sum|ax1	0.018262962962962963	0.0537579
reduce_layout_bench	100K|i64|F|min|ax0	0.03212258064516129	0.043287
reduce_layout_bench	100K|i64|F|min|ax1	0.02739375	0.0339759
reduce_layout_bench	100K|i64|F|max|ax0	0.032161290322580645	0.0434609
reduce_layout_bench	100K|i64|F|max|ax1	0.027424137931034483	0.0354714
reduce_layout_bench	100K|i64|F|prod|ax0	0.043265217391304345	0.1149
reduce_layout_bench	100K|i64|F|prod|ax1	0.040164	0.0574059
reduce_layout_bench	100K|i64|T|sum|ax0	0.010996590909090909	0.0339276
reduce_layout_bench	100K|i64|T|sum|ax1	0.018189999999999998	0.0537438
reduce_layout_bench	100K|i64|T|min|ax0	0.032176666666666666	0.0436526
reduce_layout_bench	100K|i64|T|min|ax1	0.027487878787878787	0.0339448
reduce_layout_bench	100K|i64|T|max|ax0	0.03215517241379311	0.0434391
reduce_layout_bench	100K|i64|T|max|ax1	0.027461111111111113	0.0354357
reduce_layout_bench	100K|i64|T|prod|ax0	0.04352608695652174	0.11485
reduce_layout_bench	100K|i64|T|prod|ax1	0.04015833333333333	0.0573267
reduce_layout_bench	100K|i64|strided|sum|ax0	0.04233478260869565	0.0306269
reduce_layout_bench	100K|i64|strided|sum|ax1	0.13538333333333333	0.0221125
reduce_layout_bench	100K|i64|strided|min|ax0	0.04579444444444444	0.03336
reduce_layout_bench	100K|i64|strided|min|ax1	0.08246666666666667	0.0267917
reduce_layout_bench	100K|i64|strided|max|ax0	0.04875263157894737	0.0333897
reduce_layout_bench	100K|i64|strided|max|ax1	0.0742	0.0267765
reduce_layout_bench	100K|i64|strided|prod|ax0	0.019975	0.0339481
reduce_layout_bench	100K|i64|strided|prod|ax1	0.038304	0.0566813
reduce_layout_bench	100K|i64|negrow|sum|ax0	0.010991011235955056	0.0545706
reduce_layout_bench	100K|i64|negrow|sum|ax1	0.037847826086956526	0.0341857
reduce_layout_bench	100K|i64|negrow|min|ax0	0.028102857142857145	0.0340379
reduce_layout_bench	100K|i64|negrow|min|ax1	0.04459545454545454	0.04455
reduce_layout_bench	100K|i64|negrow|max|ax0	0.02806857142857143	0.035696
reduce_layout_bench	100K|i64|negrow|max|ax1	0.043413043478260874	0.0451667
reduce_layout_bench	100K|i64|negrow|prod|ax0	0.038207692307692304	0.0576353
reduce_layout_bench	100K|i64|negrow|prod|ax1	0.053483333333333334	0.116363
reduce_layout_bench	100K|i64|negcol|sum|ax0	0.08114545454545453	0.0544
reduce_layout_bench	100K|i64|negcol|sum|ax1	0.08004444444444445	0.0355286
reduce_layout_bench	100K|i64|negcol|min|ax0	0.09054	0.0577647
reduce_layout_bench	100K|i64|negcol|min|ax1	0.0646	0.0433864
reduce_layout_bench	100K|i64|negcol|max|ax0	0.04635714285714286	0.0577
reduce_layout_bench	100K|i64|negcol|max|ax1	0.07874285714285714	0.0434545
reduce_layout_bench	100K|i64|negcol|prod|ax0	0.03987142857142857	0.0574529
reduce_layout_bench	100K|i64|negcol|prod|ax1	0.11884285714285714	0.116375
reduce_layout_bench	100K|i64|sliced|sum|ax0	0.01500909090909091	0.053075
reduce_layout_bench	100K|i64|sliced|sum|ax1	0.0374695652173913	0.0335172
reduce_layout_bench	100K|i64|sliced|min|ax0	0.02825	0.0351208
reduce_layout_bench	100K|i64|sliced|min|ax1	0.04480454545454546	0.0419
reduce_layout_bench	100K|i64|sliced|max|ax0	0.028276470588235295	0.0361926
reduce_layout_bench	100K|i64|sliced|max|ax1	0.0437	0.0421783
reduce_layout_bench	100K|i64|sliced|prod|ax0	0.038957692307692304	0.0567824
reduce_layout_bench	100K|i64|sliced|prod|ax1	0.05311111111111111	0.113522
reduce_layout_bench	100K|i64|bcast|sum|ax0	0.006585925925925926	0.0534579
reduce_layout_bench	100K|i64|bcast|sum|ax1	0.08075833333333333	0.0309438
reduce_layout_bench	100K|i64|bcast|min|ax0	0.027594117647058825	0.033768
reduce_layout_bench	100K|i64|bcast|min|ax1	0.0891	0.0423826
reduce_layout_bench	100K|i64|bcast|max|ax0	0.02758611111111111	0.03525
reduce_layout_bench	100K|i64|bcast|max|ax1	0.09428	0.0428955
reduce_layout_bench	100K|i64|bcast|prod|ax0	0.037314814814814815	0.0544111
reduce_layout_bench	100K|i64|bcast|prod|ax1	0.078775	0.114611
reduce_layout_bench	1M|f64|C|sum|ax0	0.21430000000000002	0.2273
reduce_layout_bench	1M|f64|C|sum|ax1	0.213	0.34585
reduce_layout_bench	1M|f64|C|min|ax0	0.53515	0.336167
reduce_layout_bench	1M|f64|C|min|ax1	0.55215	0.40475
reduce_layout_bench	1M|f64|C|max|ax0	0.16035	0.336633
reduce_layout_bench	1M|f64|C|max|ax1	0.551	0.40595
reduce_layout_bench	1M|f64|C|prod|ax0	0.210475	0.22
reduce_layout_bench	1M|f64|C|prod|ax1	0.16048333333333334	0.9277
reduce_layout_bench	1M|f64|F|sum|ax0	0.223425	0.346533
reduce_layout_bench	1M|f64|F|sum|ax1	0.2062	0.2272
reduce_layout_bench	1M|f64|F|min|ax0	0.55155	0.4066
reduce_layout_bench	1M|f64|F|min|ax1	0.5305	0.3389
reduce_layout_bench	1M|f64|F|max|ax0	0.55265	0.40525
reduce_layout_bench	1M|f64|F|max|ax1	0.53005	0.3396
reduce_layout_bench	1M|f64|F|prod|ax0	0.174	0.9282
reduce_layout_bench	1M|f64|F|prod|ax1	0.2169	0.2435
reduce_layout_bench	1M|f64|T|sum|ax0	0.119825	0.344967
reduce_layout_bench	1M|f64|T|sum|ax1	0.20805	0.226525
reduce_layout_bench	1M|f64|T|min|ax0	0.1729	0.4051
reduce_layout_bench	1M|f64|T|min|ax1	0.17415	0.3362
reduce_layout_bench	1M|f64|T|max|ax0	0.5509	0.4083
reduce_layout_bench	1M|f64|T|max|ax1	0.529	0.338833
reduce_layout_bench	1M|f64|T|prod|ax0	0.16063333333333332	0.9287
reduce_layout_bench	1M|f64|T|prod|ax1	0.2117	0.233625
reduce_layout_bench	1M|f64|strided|sum|ax0	0.3417666666666667	0.2974
reduce_layout_bench	1M|f64|strided|sum|ax1	0.19619999999999999	0.22505
reduce_layout_bench	1M|f64|strided|min|ax0	0.7085	0.297133
reduce_layout_bench	1M|f64|strided|min|ax1	1.185	0.49105
reduce_layout_bench	1M|f64|strided|max|ax0	0.7082	0.2975
reduce_layout_bench	1M|f64|strided|max|ax1	1.1854	0.4896
reduce_layout_bench	1M|f64|strided|prod|ax0	0.3642666666666667	0.1506
reduce_layout_bench	1M|f64|strided|prod|ax1	1.0095	0.3156
reduce_layout_bench	1M|f64|negrow|sum|ax0	0.20485	0.2323
reduce_layout_bench	1M|f64|negrow|sum|ax1	0.21753999999999998	0.193367
reduce_layout_bench	1M|f64|negrow|min|ax0	0.6089	0.1255
reduce_layout_bench	1M|f64|negrow|min|ax1	0.225925	0.42865
reduce_layout_bench	1M|f64|negrow|max|ax0	0.6091	0.3613
reduce_layout_bench	1M|f64|negrow|max|ax1	0.23476666666666668	0.4298
reduce_layout_bench	1M|f64|negrow|prod|ax0	0.17276	0.238425
reduce_layout_bench	1M|f64|negrow|prod|ax1	0.31146666666666667	0.9491
reduce_layout_bench	1M|f64|negcol|sum|ax0	0.6773	0.56805
reduce_layout_bench	1M|f64|negcol|sum|ax1	0.212425	0.33865
reduce_layout_bench	1M|f64|negcol|min|ax0	1.5053	0.5646
reduce_layout_bench	1M|f64|negcol|min|ax1	0.213075	1.0945
reduce_layout_bench	1M|f64|negcol|max|ax0	1.504	0.5626
reduce_layout_bench	1M|f64|negcol|max|ax1	0.215225	0.9644
reduce_layout_bench	1M|f64|negcol|prod|ax0	0.7244	0.5715
reduce_layout_bench	1M|f64|negcol|prod|ax1	2.0061	0.9504
reduce_layout_bench	1M|f64|sliced|sum|ax0	0.238125	0.246275
reduce_layout_bench	1M|f64|sliced|sum|ax1	0.23755	0.34015
reduce_layout_bench	1M|f64|sliced|min|ax0	0.707	0.342033
reduce_layout_bench	1M|f64|sliced|min|ax1	0.59895	0.391133
reduce_layout_bench	1M|f64|sliced|max|ax0	0.6685	0.3454
reduce_layout_bench	1M|f64|sliced|max|ax1	0.59325	0.3918
reduce_layout_bench	1M|f64|sliced|prod|ax0	0.19892	0.2586
reduce_layout_bench	1M|f64|sliced|prod|ax1	0.30319999999999997	0.9246
reduce_layout_bench	1M|f64|bcast|sum|ax0	0.1317375	0.140857
reduce_layout_bench	1M|f64|bcast|sum|ax1	0.1189875	0.1703
reduce_layout_bench	1M|f64|bcast|min|ax0	0.6044	0.0894
reduce_layout_bench	1M|f64|bcast|min|ax1	0.16546	0.09872
reduce_layout_bench	1M|f64|bcast|max|ax0	0.60645	0.321867
reduce_layout_bench	1M|f64|bcast|max|ax1	0.1683	0.37575
reduce_layout_bench	1M|f64|bcast|prod|ax0	0.06039375	0.142729
reduce_layout_bench	1M|f64|bcast|prod|ax1	0.707	0.9198
reduce_layout_bench	1M|f32|C|sum|ax0	0.09348	0.0986667
reduce_layout_bench	1M|f32|C|sum|ax1	0.12725714285714287	0.232275
reduce_layout_bench	1M|f32|C|min|ax0	0.262875	0.170425
reduce_layout_bench	1M|f32|C|min|ax1	0.29773333333333335	0.233533
reduce_layout_bench	1M|f32|C|max|ax0	0.2646	0.170583
reduce_layout_bench	1M|f32|C|max|ax1	0.2977	0.232575
reduce_layout_bench	1M|f32|C|prod|ax0	0.0892090909090909	0.100167
reduce_layout_bench	1M|f32|C|prod|ax1	0.05247368421052632	0.9232
reduce_layout_bench	1M|f32|F|sum|ax0	0.1276625	0.2353
reduce_layout_bench	1M|f32|F|sum|ax1	0.09398	0.09697
reduce_layout_bench	1M|f32|F|min|ax0	0.2975666666666667	0.2329
reduce_layout_bench	1M|f32|F|min|ax1	0.2629	0.169883
reduce_layout_bench	1M|f32|F|max|ax0	0.2974	0.2329
reduce_layout_bench	1M|f32|F|max|ax1	0.2629666666666667	0.170483
reduce_layout_bench	1M|f32|F|prod|ax0	0.05117894736842105	0.923
reduce_layout_bench	1M|f32|F|prod|ax1	0.08926363636363636	0.0990556
reduce_layout_bench	1M|f32|T|sum|ax0	0.1274	0.231175
reduce_layout_bench	1M|f32|T|sum|ax1	0.09434444444444444	0.09731
reduce_layout_bench	1M|f32|T|min|ax0	0.2977	0.2333
reduce_layout_bench	1M|f32|T|min|ax1	0.2621	0.170617
reduce_layout_bench	1M|f32|T|max|ax0	0.29760000000000003	0.232575
reduce_layout_bench	1M|f32|T|max|ax1	0.26375	0.170483
reduce_layout_bench	1M|f32|T|prod|ax0	0.052686666666666666	0.9227
reduce_layout_bench	1M|f32|T|prod|ax1	0.08903636363636364	0.100467
reduce_layout_bench	1M|f32|strided|sum|ax0	0.33840000000000003	0.2791
reduce_layout_bench	1M|f32|strided|sum|ax1	0.14675714285714286	0.135471
reduce_layout_bench	1M|f32|strided|min|ax0	0.7083	0.5413
reduce_layout_bench	1M|f32|strided|min|ax1	0.5928	0.47415
reduce_layout_bench	1M|f32|strided|max|ax0	0.7082	0.54195
reduce_layout_bench	1M|f32|strided|max|ax1	0.5918	0.47135
reduce_layout_bench	1M|f32|strided|prod|ax0	0.361	0.2815
reduce_layout_bench	1M|f32|strided|prod|ax1	0.5039	0.4549
reduce_layout_bench	1M|f32|negrow|sum|ax0	0.09541	0.101156
reduce_layout_bench	1M|f32|negrow|sum|ax1	0.12834	0.235025
reduce_layout_bench	1M|f32|negrow|min|ax0	0.3126333333333333	0.176233
reduce_layout_bench	1M|f32|negrow|min|ax1	0.10538888888888889	0.24045
reduce_layout_bench	1M|f32|negrow|max|ax0	0.31329999999999997	0.175133
reduce_layout_bench	1M|f32|negrow|max|ax1	0.10634444444444444	0.243033
reduce_layout_bench	1M|f32|negrow|prod|ax0	0.05498888888888889	0.103078
reduce_layout_bench	1M|f32|negrow|prod|ax1	0.16853333333333334	0.9353
reduce_layout_bench	1M|f32|negcol|sum|ax0	0.6651	0.55165
reduce_layout_bench	1M|f32|negcol|sum|ax1	0.12764285714285714	0.2283
reduce_layout_bench	1M|f32|negcol|min|ax0	1.4928	1.0236
reduce_layout_bench	1M|f32|negcol|min|ax1	0.10205	0.9455
reduce_layout_bench	1M|f32|negcol|max|ax0	1.4925	1.0232
reduce_layout_bench	1M|f32|negcol|max|ax1	0.10347777777777778	0.9274
reduce_layout_bench	1M|f32|negcol|prod|ax0	0.7115	0.5545
reduce_layout_bench	1M|f32|negcol|prod|ax1	0.9829	0.9337
reduce_layout_bench	1M|f32|sliced|sum|ax0	0.1100625	0.108322
reduce_layout_bench	1M|f32|sliced|sum|ax1	0.13882857142857144	0.237175
reduce_layout_bench	1M|f32|sliced|min|ax0	0.3033666666666667	0.177967
reduce_layout_bench	1M|f32|sliced|min|ax1	0.3277333333333333	0.2268
reduce_layout_bench	1M|f32|sliced|max|ax0	0.3076	0.177675
reduce_layout_bench	1M|f32|sliced|max|ax1	0.3263333333333333	0.226975
reduce_layout_bench	1M|f32|sliced|prod|ax0	0.07939	0.110725
reduce_layout_bench	1M|f32|sliced|prod|ax1	0.17604	0.9195
reduce_layout_bench	1M|f32|bcast|sum|ax0	0.07433846153846155	0.0780833
reduce_layout_bench	1M|f32|bcast|sum|ax1	0.11323333333333332	0.1702
reduce_layout_bench	1M|f32|bcast|min|ax0	0.3104	0.04975
reduce_layout_bench	1M|f32|bcast|min|ax1	0.09942	0.2201
reduce_layout_bench	1M|f32|bcast|max|ax0	0.3127666666666667	0.16645
reduce_layout_bench	1M|f32|bcast|max|ax1	0.101	0.2203
reduce_layout_bench	1M|f32|bcast|prod|ax0	0.030400000000000003	0.0800333
reduce_layout_bench	1M|f32|bcast|prod|ax1	0.707	0.9196
reduce_layout_bench	1M|c128|C|sum|ax0	0.513	0.46825
reduce_layout_bench	1M|c128|C|sum|ax1	0.4928	0.5048
reduce_layout_bench	1M|c128|C|min|ax0	2.2108	1.3895
reduce_layout_bench	1M|c128|C|min|ax1	1.8171	1.6809
reduce_layout_bench	1M|c128|C|max|ax0	1.83	1.4341
reduce_layout_bench	1M|c128|C|max|ax1	1.08	1.6829
reduce_layout_bench	1M|c128|C|prod|ax0	1.2806	0.5899
reduce_layout_bench	1M|c128|C|prod|ax1	1.7595	4.4539
reduce_layout_bench	1M|c128|F|sum|ax0	0.48925	0.5093
reduce_layout_bench	1M|c128|F|sum|ax1	0.5217	0.4653
reduce_layout_bench	1M|c128|F|min|ax0	1.8098	1.6903
reduce_layout_bench	1M|c128|F|min|ax1	2.2176	1.423
reduce_layout_bench	1M|c128|F|max|ax0	1.502	1.6912
reduce_layout_bench	1M|c128|F|max|ax1	1.8496	1.4335
reduce_layout_bench	1M|c128|F|prod|ax0	1.7768	4.4734
reduce_layout_bench	1M|c128|F|prod|ax1	1.2874	0.5894
reduce_layout_bench	1M|c128|T|sum|ax0	0.4996	0.5131
reduce_layout_bench	1M|c128|T|sum|ax1	0.51375	0.47465
reduce_layout_bench	1M|c128|T|min|ax0	1.8291	1.6906
reduce_layout_bench	1M|c128|T|min|ax1	2.2005	1.418
reduce_layout_bench	1M|c128|T|max|ax0	1.5083	1.6845
reduce_layout_bench	1M|c128|T|max|ax1	1.8403	1.4279
reduce_layout_bench	1M|c128|T|prod|ax0	1.7743	4.463
reduce_layout_bench	1M|c128|T|prod|ax1	1.2877	0.59585
reduce_layout_bench	1M|c128|strided|sum|ax0	0.43045	0.4497
reduce_layout_bench	1M|c128|strided|sum|ax1	0.3548	0.3778
reduce_layout_bench	1M|c128|strided|min|ax0	1.0917	0.7517
reduce_layout_bench	1M|c128|strided|min|ax1	0.9361	0.8879
reduce_layout_bench	1M|c128|strided|max|ax0	0.9172	0.6978
reduce_layout_bench	1M|c128|strided|max|ax1	0.8078	0.8876
reduce_layout_bench	1M|c128|strided|prod|ax0	0.6774	0.48425
reduce_layout_bench	1M|c128|strided|prod|ax1	0.8962	2.2245
reduce_layout_bench	1M|c128|negrow|sum|ax0	0.5162	0.52205
reduce_layout_bench	1M|c128|negrow|sum|ax1	0.51875	0.5585
reduce_layout_bench	1M|c128|negrow|min|ax0	2.2206	1.4697
reduce_layout_bench	1M|c128|negrow|min|ax1	1.8748	1.7241
reduce_layout_bench	1M|c128|negrow|max|ax0	1.8398	1.4755
reduce_layout_bench	1M|c128|negrow|max|ax1	1.5709	1.7155
reduce_layout_bench	1M|c128|negrow|prod|ax0	1.2904	0.6078
reduce_layout_bench	1M|c128|negrow|prod|ax1	1.7812	4.4766
reduce_layout_bench	1M|c128|negcol|sum|ax0	0.7051	0.6964
reduce_layout_bench	1M|c128|negcol|sum|ax1	0.4949	0.53025
reduce_layout_bench	1M|c128|negcol|min|ax0	2.2898	1.4555
reduce_layout_bench	1M|c128|negcol|min|ax1	1.8112	1.7174
reduce_layout_bench	1M|c128|negcol|max|ax0	1.8979	1.4555
reduce_layout_bench	1M|c128|negcol|max|ax1	1.5083	1.7274
reduce_layout_bench	1M|c128|negcol|prod|ax0	0.7565	0.8286
reduce_layout_bench	1M|c128|negcol|prod|ax1	1.7718	4.4971
reduce_layout_bench	1M|c128|sliced|sum|ax0	0.50945	0.4711
reduce_layout_bench	1M|c128|sliced|sum|ax1	0.50665	0.51075
reduce_layout_bench	1M|c128|sliced|min|ax0	2.2032	1.4487
reduce_layout_bench	1M|c128|sliced|min|ax1	1.8249	1.6833
reduce_layout_bench	1M|c128|sliced|max|ax0	1.8411	1.3557
reduce_layout_bench	1M|c128|sliced|max|ax1	1.5028	1.5094
reduce_layout_bench	1M|c128|sliced|prod|ax0	1.2979	0.5763
reduce_layout_bench	1M|c128|sliced|prod|ax1	1.7683	4.4376
reduce_layout_bench	1M|c128|bcast|sum|ax0	0.2887	0.278233
reduce_layout_bench	1M|c128|bcast|sum|ax1	0.3259666666666667	0.3596
reduce_layout_bench	1M|c128|bcast|min|ax0	2.4251	1.4494
reduce_layout_bench	1M|c128|bcast|min|ax1	1.7924	1.6612
reduce_layout_bench	1M|c128|bcast|max|ax0	2.3928	1.4496
reduce_layout_bench	1M|c128|bcast|max|ax1	1.4783	1.6605
reduce_layout_bench	1M|c128|bcast|prod|ax0	1.2596	0.5132
reduce_layout_bench	1M|c128|bcast|prod|ax1	1.7458	4.4452
reduce_layout_bench	1M|dec|C|sum|ax0	7.5254	0.226867
reduce_layout_bench	1M|dec|C|sum|ax1	4.1359	0.3401
reduce_layout_bench	1M|dec|C|min|ax0	3.1637	0.335667
reduce_layout_bench	1M|dec|C|min|ax1	2.3745	0.40435
reduce_layout_bench	1M|dec|C|max|ax0	3.264	0.3354
reduce_layout_bench	1M|dec|C|max|ax1	2.5	0.4049
reduce_layout_bench	1M|dec|F|sum|ax0	4.1269	0.3419
reduce_layout_bench	1M|dec|F|sum|ax1	7.4183	0.226575
reduce_layout_bench	1M|dec|F|min|ax0	2.381	0.40455
reduce_layout_bench	1M|dec|F|min|ax1	3.1644	0.335733
reduce_layout_bench	1M|dec|F|max|ax0	2.4908	0.4058
reduce_layout_bench	1M|dec|F|max|ax1	3.2687	0.334967
reduce_layout_bench	1M|dec|T|sum|ax0	4.1399	0.34
reduce_layout_bench	1M|dec|T|sum|ax1	7.5109	0.2257
reduce_layout_bench	1M|dec|T|min|ax0	2.3748	0.40475
reduce_layout_bench	1M|dec|T|min|ax1	3.1566	0.334967
reduce_layout_bench	1M|dec|T|max|ax0	2.4833	0.40515
reduce_layout_bench	1M|dec|T|max|ax1	3.2685	0.335467
reduce_layout_bench	1M|dec|strided|sum|ax0	3.7016	0.2907
reduce_layout_bench	1M|dec|strided|sum|ax1	2.0887	0.223875
reduce_layout_bench	1M|dec|strided|min|ax0	1.5927	0.296067
reduce_layout_bench	1M|dec|strided|min|ax1	1.1993	0.4905
reduce_layout_bench	1M|dec|strided|max|ax0	1.639	0.295433
reduce_layout_bench	1M|dec|strided|max|ax1	1.2625	0.48985
reduce_layout_bench	1M|dec|negrow|sum|ax0	7.4767	0.23845
reduce_layout_bench	1M|dec|negrow|sum|ax1	4.1635	0.3636
reduce_layout_bench	1M|dec|negrow|min|ax0	3.16	0.35575
reduce_layout_bench	1M|dec|negrow|min|ax1	2.4126	0.4259
reduce_layout_bench	1M|dec|negrow|max|ax0	3.2587	0.355867
reduce_layout_bench	1M|dec|negrow|max|ax1	2.5183	0.4236
reduce_layout_bench	1M|dec|negcol|sum|ax0	7.4932	0.56625
reduce_layout_bench	1M|dec|negcol|sum|ax1	4.1452	0.332767
reduce_layout_bench	1M|dec|negcol|min|ax0	3.2324	0.5618
reduce_layout_bench	1M|dec|negcol|min|ax1	2.388	0.988
reduce_layout_bench	1M|dec|negcol|max|ax0	3.2969	0.56105
reduce_layout_bench	1M|dec|negcol|max|ax1	2.4928	0.9557
reduce_layout_bench	1M|dec|sliced|sum|ax0	7.3708	0.243467
reduce_layout_bench	1M|dec|sliced|sum|ax1	4.1209	0.332033
reduce_layout_bench	1M|dec|sliced|min|ax0	3.1464	0.341233
reduce_layout_bench	1M|dec|sliced|min|ax1	2.373	0.3888
reduce_layout_bench	1M|dec|sliced|max|ax0	3.2775	0.3417
reduce_layout_bench	1M|dec|sliced|max|ax1	2.4774	0.3888
reduce_layout_bench	1M|dec|bcast|sum|ax0	7.3704	0.0627286
reduce_layout_bench	1M|dec|bcast|sum|ax1	4.1325	0.17086
reduce_layout_bench	1M|dec|bcast|min|ax0	3.1558	0.0892
reduce_layout_bench	1M|dec|bcast|min|ax1	2.3553	0.376867
reduce_layout_bench	1M|dec|bcast|max|ax0	3.1388	0.3219
reduce_layout_bench	1M|dec|bcast|max|ax1	2.4694	0.377433
reduce_layout_bench	1M|f16|C|sum|ax0	1.3491	2.7841
reduce_layout_bench	1M|f16|C|sum|ax1	0.6716	2.2521
reduce_layout_bench	1M|f16|C|min|ax0	3.2114	3.0211
reduce_layout_bench	1M|f16|C|min|ax1	3.2547	3.0584
reduce_layout_bench	1M|f16|C|max|ax0	3.2197	3.2516
reduce_layout_bench	1M|f16|C|max|ax1	3.2547	3.2731
reduce_layout_bench	1M|f16|C|prod|ax0	7.6143	6.8403
reduce_layout_bench	1M|f16|C|prod|ax1	7.43	1.9008
reduce_layout_bench	1M|f16|F|sum|ax0	0.6729	2.2465
reduce_layout_bench	1M|f16|F|sum|ax1	1.3487	6.3371
reduce_layout_bench	1M|f16|F|min|ax0	3.2551	2.1368
reduce_layout_bench	1M|f16|F|min|ax1	3.2153	3.0175
reduce_layout_bench	1M|f16|F|max|ax0	1.5452	3.253
reduce_layout_bench	1M|f16|F|max|ax1	3.2139	3.2665
reduce_layout_bench	1M|f16|F|prod|ax0	7.5184	1.898
reduce_layout_bench	1M|f16|F|prod|ax1	7.4478	6.8466
reduce_layout_bench	1M|f16|T|sum|ax0	0.6724	2.2458
reduce_layout_bench	1M|f16|T|sum|ax1	1.3491	6.346
reduce_layout_bench	1M|f16|T|min|ax0	3.2621	3.0638
reduce_layout_bench	1M|f16|T|min|ax1	3.2127	3.0285
reduce_layout_bench	1M|f16|T|max|ax0	3.2593	3.2658
reduce_layout_bench	1M|f16|T|max|ax1	3.2138	3.2751
reduce_layout_bench	1M|f16|T|prod|ax0	7.4363	1.9017
reduce_layout_bench	1M|f16|T|prod|ax1	7.44	6.8318
reduce_layout_bench	1M|f16|strided|sum|ax0	5.9923	3.1772
reduce_layout_bench	1M|f16|strided|sum|ax1	1.8527	1.1547
reduce_layout_bench	1M|f16|strided|min|ax0	1.6046	1.5232
reduce_layout_bench	1M|f16|strided|min|ax1	1.6	1.5476
reduce_layout_bench	1M|f16|strided|max|ax0	1.6056	1.6332
reduce_layout_bench	1M|f16|strided|max|ax1	1.6005	1.645
reduce_layout_bench	1M|f16|strided|prod|ax0	3.6932	3.4223
reduce_layout_bench	1M|f16|strided|prod|ax1	3.6978	0.9628
reduce_layout_bench	1M|f16|negrow|sum|ax0	1.3445	6.3603
reduce_layout_bench	1M|f16|negrow|sum|ax1	0.676	2.2489
reduce_layout_bench	1M|f16|negrow|min|ax0	3.2158	3.0267
reduce_layout_bench	1M|f16|negrow|min|ax1	3.2636	3.0712
reduce_layout_bench	1M|f16|negrow|max|ax0	1.6971	3.2524
reduce_layout_bench	1M|f16|negrow|max|ax1	3.2578	3.2542
reduce_layout_bench	1M|f16|negrow|prod|ax0	7.7043	6.9282
reduce_layout_bench	1M|f16|negrow|prod|ax1	7.467	1.9009
reduce_layout_bench	1M|f16|negcol|sum|ax0	12.1137	6.4267
reduce_layout_bench	1M|f16|negcol|sum|ax1	0.6721	2.2469
reduce_layout_bench	1M|f16|negcol|min|ax0	3.2161	3.0219
reduce_layout_bench	1M|f16|negcol|min|ax1	3.1974	3.0756
reduce_layout_bench	1M|f16|negcol|max|ax0	3.2133	3.2526
reduce_layout_bench	1M|f16|negcol|max|ax1	3.2001	3.2564
reduce_layout_bench	1M|f16|negcol|prod|ax0	7.3712	6.8098
reduce_layout_bench	1M|f16|negcol|prod|ax1	7.5476	1.8978
reduce_layout_bench	1M|f16|sliced|sum|ax0	1.4074	6.3355
reduce_layout_bench	1M|f16|sliced|sum|ax1	0.687	2.2624
reduce_layout_bench	1M|f16|sliced|min|ax0	3.2019	3.0098
reduce_layout_bench	1M|f16|sliced|min|ax1	3.242	3.0472
reduce_layout_bench	1M|f16|sliced|max|ax0	3.2081	3.2449
reduce_layout_bench	1M|f16|sliced|max|ax1	3.2425	3.2567
reduce_layout_bench	1M|f16|sliced|prod|ax0	7.5549	6.8218
reduce_layout_bench	1M|f16|sliced|prod|ax1	7.3787	1.8939
reduce_layout_bench	1M|f16|bcast|sum|ax0	1.3473	6.3111
reduce_layout_bench	1M|f16|bcast|sum|ax1	0.6721	2.2406
reduce_layout_bench	1M|f16|bcast|min|ax0	2.9244	2.8722
reduce_layout_bench	1M|f16|bcast|min|ax1	3.2596	3.0483
reduce_layout_bench	1M|f16|bcast|max|ax0	2.9258	2.8735
reduce_layout_bench	1M|f16|bcast|max|ax1	3.2531	2.0288
reduce_layout_bench	1M|f16|bcast|prod|ax0	7.6873	7.2619
reduce_layout_bench	1M|f16|bcast|prod|ax1	7.5354	1.8941
reduce_layout_bench	1M|i32|C|sum|ax0	0.13106	1.011
reduce_layout_bench	1M|i32|C|sum|ax1	0.08681818181818181	0.805
reduce_layout_bench	1M|i32|C|min|ax0	0.08901818181818182	0.0981667
reduce_layout_bench	1M|i32|C|min|ax1	0.049769999999999995	0.09446
reduce_layout_bench	1M|i32|C|max|ax0	0.08900000000000001	0.09828
reduce_layout_bench	1M|i32|C|max|ax1	0.049909999999999996	0.0931
reduce_layout_bench	1M|i32|C|prod|ax0	0.42765	1.0401
reduce_layout_bench	1M|i32|C|prod|ax1	0.44715	1.6851
reduce_layout_bench	1M|i32|F|sum|ax0	0.08650000000000001	0.8048
reduce_layout_bench	1M|i32|F|sum|ax1	0.1311875	1.0089
reduce_layout_bench	1M|i32|F|min|ax0	0.04991111111111111	0.09471
reduce_layout_bench	1M|i32|F|min|ax1	0.08908181818181818	0.0979875
reduce_layout_bench	1M|i32|F|max|ax0	0.05059	0.093
reduce_layout_bench	1M|i32|F|max|ax1	0.08934545454545455	0.0985
reduce_layout_bench	1M|i32|F|prod|ax0	0.4469	1.6801
reduce_layout_bench	1M|i32|F|prod|ax1	0.4278	1.0417
reduce_layout_bench	1M|i32|T|sum|ax0	0.08671818181818182	0.8024
reduce_layout_bench	1M|i32|T|sum|ax1	0.1313125	1.0084
reduce_layout_bench	1M|i32|T|min|ax0	0.05023888888888889	0.0948
reduce_layout_bench	1M|i32|T|min|ax1	0.0891	0.0980778
reduce_layout_bench	1M|i32|T|max|ax0	0.04992105263157895	0.093
reduce_layout_bench	1M|i32|T|max|ax1	0.05180909090909091	0.098025
reduce_layout_bench	1M|i32|T|prod|ax0	0.44695	1.681
reduce_layout_bench	1M|i32|T|prod|ax1	0.42735	1.0402
reduce_layout_bench	1M|i32|strided|sum|ax0	0.54065	0.43025
reduce_layout_bench	1M|i32|strided|sum|ax1	0.53145	0.329367
reduce_layout_bench	1M|i32|strided|min|ax0	0.4141	0.2679
reduce_layout_bench	1M|i32|strided|min|ax1	0.5341	0.19208
reduce_layout_bench	1M|i32|strided|max|ax0	0.4714	0.267425
reduce_layout_bench	1M|i32|strided|max|ax1	0.7344	0.19214
reduce_layout_bench	1M|i32|strided|prod|ax0	0.7065	0.23055
reduce_layout_bench	1M|i32|strided|prod|ax1	0.7113	0.7538
reduce_layout_bench	1M|i32|negrow|sum|ax0	0.1324857142857143	1.0131
reduce_layout_bench	1M|i32|negrow|sum|ax1	1.062	0.8092
reduce_layout_bench	1M|i32|negrow|min|ax0	0.05431428571428571	0.100333
reduce_layout_bench	1M|i32|negrow|min|ax1	0.18436	0.0981222
reduce_layout_bench	1M|i32|negrow|max|ax0	0.054516666666666665	0.100733
reduce_layout_bench	1M|i32|negrow|max|ax1	0.15898333333333334	0.0962667
reduce_layout_bench	1M|i32|negrow|prod|ax0	0.4326	1.0464
reduce_layout_bench	1M|i32|negrow|prod|ax1	1.4107	1.6866
reduce_layout_bench	1M|i32|negcol|sum|ax0	1.0855	0.4625
reduce_layout_bench	1M|i32|negcol|sum|ax1	1.0623	0.656
reduce_layout_bench	1M|i32|negcol|min|ax0	0.8275	0.51625
reduce_layout_bench	1M|i32|negcol|min|ax1	1.0377	0.3665
reduce_layout_bench	1M|i32|negcol|max|ax0	0.9429	0.5161
reduce_layout_bench	1M|i32|negcol|max|ax1	1.4355	0.3675
reduce_layout_bench	1M|i32|negcol|prod|ax0	1.4158	0.4645
reduce_layout_bench	1M|i32|negcol|prod|ax1	1.4112	1.5372
reduce_layout_bench	1M|i32|sliced|sum|ax0	0.13645714285714286	1.0102
reduce_layout_bench	1M|i32|sliced|sum|ax1	1.0521	0.8074
reduce_layout_bench	1M|i32|sliced|min|ax0	0.07864615384615384	0.111088
reduce_layout_bench	1M|i32|sliced|min|ax1	0.196	0.093075
reduce_layout_bench	1M|i32|sliced|max|ax0	0.07869230769230769	0.111111
reduce_layout_bench	1M|i32|sliced|max|ax1	0.16912	0.0912636
reduce_layout_bench	1M|i32|sliced|prod|ax0	0.4295	1.0445
reduce_layout_bench	1M|i32|sliced|prod|ax1	1.4053	1.6805
reduce_layout_bench	1M|i32|bcast|sum|ax0	0.1301	0.4867
reduce_layout_bench	1M|i32|bcast|sum|ax1	1.0558	0.254425
reduce_layout_bench	1M|i32|bcast|min|ax0	0.03	0.0796333
reduce_layout_bench	1M|i32|bcast|min|ax1	0.8207	0.0604563
reduce_layout_bench	1M|i32|bcast|max|ax0	0.030021212121212122	0.0796583
reduce_layout_bench	1M|i32|bcast|max|ax1	0.9353	0.0603929
reduce_layout_bench	1M|i32|bcast|prod|ax0	0.143	0.4892
reduce_layout_bench	1M|i32|bcast|prod|ax1	0.7325	1.1599
reduce_layout_bench	1M|i64|C|sum|ax0	0.216175	0.48655
reduce_layout_bench	1M|i64|C|sum|ax1	0.17254	0.2871
reduce_layout_bench	1M|i64|C|min|ax0	0.276075	0.296533
reduce_layout_bench	1M|i64|C|min|ax1	0.278975	0.3757
reduce_layout_bench	1M|i64|C|max|ax0	0.27543333333333336	0.3109
reduce_layout_bench	1M|i64|C|max|ax1	0.27913333333333334	0.3459
reduce_layout_bench	1M|i64|C|prod|ax0	0.3989	0.52125
reduce_layout_bench	1M|i64|C|prod|ax1	0.38799999999999996	1.1583
reduce_layout_bench	1M|i64|F|sum|ax0	0.16353333333333334	0.304767
reduce_layout_bench	1M|i64|F|sum|ax1	0.213975	0.4854
reduce_layout_bench	1M|i64|F|min|ax0	0.2792	0.3665
reduce_layout_bench	1M|i64|F|min|ax1	0.27363333333333334	0.2926
reduce_layout_bench	1M|i64|F|max|ax0	0.279625	0.34325
reduce_layout_bench	1M|i64|F|max|ax1	0.273725	0.3076
reduce_layout_bench	1M|i64|F|prod|ax0	0.3865	1.1576
reduce_layout_bench	1M|i64|F|prod|ax1	0.3989	0.52975
reduce_layout_bench	1M|i64|T|sum|ax0	0.17238	0.2869
reduce_layout_bench	1M|i64|T|sum|ax1	0.216475	0.48655
reduce_layout_bench	1M|i64|T|min|ax0	0.1154	0.37415
reduce_layout_bench	1M|i64|T|min|ax1	0.11808571428571428	0.296667
reduce_layout_bench	1M|i64|T|max|ax0	0.24620000000000003	0.3459
reduce_layout_bench	1M|i64|T|max|ax1	0.27586666666666665	0.3112
reduce_layout_bench	1M|i64|T|prod|ax0	0.3891	1.1589
reduce_layout_bench	1M|i64|T|prod|ax1	0.39905	0.52245
reduce_layout_bench	1M|i64|strided|sum|ax0	0.4008	0.264767
reduce_layout_bench	1M|i64|strided|sum|ax1	0.39535	0.19786
reduce_layout_bench	1M|i64|strided|min|ax0	0.44435	0.304133
reduce_layout_bench	1M|i64|strided|min|ax1	0.7836	0.2346
reduce_layout_bench	1M|i64|strided|max|ax0	0.47345	0.304133
reduce_layout_bench	1M|i64|strided|max|ax1	0.7005	0.239333
reduce_layout_bench	1M|i64|strided|prod|ax0	0.39139999999999997	0.287433
reduce_layout_bench	1M|i64|strided|prod|ax1	0.5858	0.575
reduce_layout_bench	1M|i64|negrow|sum|ax0	0.1881	0.50715
reduce_layout_bench	1M|i64|negrow|sum|ax1	0.33380000000000004	0.295567
reduce_layout_bench	1M|i64|negrow|min|ax0	0.2936	0.314933
reduce_layout_bench	1M|i64|negrow|min|ax1	0.4136	0.4025
reduce_layout_bench	1M|i64|negrow|max|ax0	0.2929333333333333	0.329967
reduce_layout_bench	1M|i64|negrow|max|ax1	0.40115	0.376333
reduce_layout_bench	1M|i64|negrow|prod|ax0	0.40575	0.5262
reduce_layout_bench	1M|i64|negrow|prod|ax1	0.4991	1.1799
reduce_layout_bench	1M|i64|negcol|sum|ax0	0.7931	0.31055
reduce_layout_bench	1M|i64|negcol|sum|ax1	0.787	0.234825
reduce_layout_bench	1M|i64|negcol|min|ax0	0.8984	0.5416
reduce_layout_bench	1M|i64|negcol|min|ax1	1.7647	0.39035
reduce_layout_bench	1M|i64|negcol|max|ax0	0.9577	0.54055
reduce_layout_bench	1M|i64|negcol|max|ax1	1.3642	0.3937
reduce_layout_bench	1M|i64|negcol|prod|ax0	0.7752	0.30345
reduce_layout_bench	1M|i64|negcol|prod|ax1	1.1871	1.1796
reduce_layout_bench	1M|i64|sliced|sum|ax0	0.2104	0.4852
reduce_layout_bench	1M|i64|sliced|sum|ax1	0.33183333333333337	0.285633
reduce_layout_bench	1M|i64|sliced|min|ax0	0.385	0.300467
reduce_layout_bench	1M|i64|sliced|min|ax1	0.40355	0.337
reduce_layout_bench	1M|i64|sliced|max|ax0	0.38665	0.315867
reduce_layout_bench	1M|i64|sliced|max|ax1	0.15896666666666667	0.3416
reduce_layout_bench	1M|i64|sliced|prod|ax0	0.5191	0.5181
reduce_layout_bench	1M|i64|sliced|prod|ax1	0.4847	1.1547
reduce_layout_bench	1M|i64|bcast|sum|ax0	0.059711764705882346	0.4799
reduce_layout_bench	1M|i64|bcast|sum|ax1	0.7818	0.248833
reduce_layout_bench	1M|i64|bcast|min|ax0	0.266575	0.27445
reduce_layout_bench	1M|i64|bcast|min|ax1	0.8793	0.321833
reduce_layout_bench	1M|i64|bcast|max|ax0	0.2666	0.292067
reduce_layout_bench	1M|i64|bcast|max|ax1	0.9356	0.3298
reduce_layout_bench	1M|i64|bcast|prod|ax0	0.3633	0.483
reduce_layout_bench	1M|i64|bcast|prod|ax1	0.7637	1.1518
copy_path_bench	100K|u8|C|pos	0.0028410094637223975	0.0207313
copy_path_bench	100K|u8|F|pos	0.0027158415841584157	0.0207298
copy_path_bench	100K|u8|T|pos	0.003032996632996633	0.0207292
copy_path_bench	100K|u8|strided|pos	0.004785310734463277	0.0138113
copy_path_bench	100K|u8|sliced|pos	0.003724113475177305	0.0225977
copy_path_bench	100K|u8|negrow|pos	0.005179746835443038	0.022875
copy_path_bench	100K|u8|negcol|pos	0.01007922077922078	0.0419783
copy_path_bench	100K|u8|bcast|pos	0.00519018691588785	0.0228045
copy_path_bench	100K|i8|C|pos	0.004079999999999999	0.0207298
copy_path_bench	100K|i8|F|pos	0.005213761467889908	0.020725
copy_path_bench	100K|i8|T|pos	0.0053052631578947365	0.0207292
copy_path_bench	100K|i8|strided|pos	0.008922429906542056	0.014061
copy_path_bench	100K|i8|sliced|pos	0.005080769230769231	0.0226143
copy_path_bench	100K|i8|negrow|pos	0.00516375	0.0228488
copy_path_bench	100K|i8|negcol|pos	0.010111538461538462	0.0421125
copy_path_bench	100K|i8|bcast|pos	0.005236744186046511	0.0408417
copy_path_bench	100K|i16|C|pos	0.007729999999999999	0.036463
copy_path_bench	100K|i16|F|pos	0.007953703703703704	0.0364519
copy_path_bench	100K|i16|T|pos	0.007893243243243243	0.0364654
copy_path_bench	100K|i16|strided|pos	0.007581176470588235	0.02665
copy_path_bench	100K|i16|sliced|pos	0.008846153846153847	0.0444533
copy_path_bench	100K|i16|negrow|pos	0.008945714285714286	0.0441818
copy_path_bench	100K|i16|negcol|pos	0.011415463917525773	0.08803
copy_path_bench	100K|i16|bcast|pos	0.008411711711711711	0.0423348
copy_path_bench	100K|u16|C|pos	0.00754375	0.0364824
copy_path_bench	100K|u16|F|pos	0.007971641791044776	0.0364692
copy_path_bench	100K|u16|T|pos	0.008783783783783784	0.0364846
copy_path_bench	100K|u16|strided|pos	0.007589772727272728	0.0267147
copy_path_bench	100K|u16|sliced|pos	0.008890243902439024	0.04482
copy_path_bench	100K|u16|negrow|pos	0.00889090909090909	0.0441714
copy_path_bench	100K|u16|negcol|pos	0.010169999999999998	0.0423636
copy_path_bench	100K|u16|bcast|pos	0.00827265625	0.0418143
copy_path_bench	100K|i32|C|pos	0.01454	0.0511167
copy_path_bench	100K|i32|F|pos	0.016128125	0.0510421
copy_path_bench	100K|i32|T|pos	0.01529189189189189	0.0510437
copy_path_bench	100K|i32|strided|pos	0.028815625	0.01988
copy_path_bench	100K|i32|sliced|pos	0.01615	0.06898
copy_path_bench	100K|i32|negrow|pos	0.0166	0.0671615
copy_path_bench	100K|i32|negcol|pos	0.053377777777777774	0.09692
copy_path_bench	100K|i32|bcast|pos	0.01508135593220339	0.0612625
copy_path_bench	100K|u32|C|pos	0.014782142857142857	0.0510316
copy_path_bench	100K|u32|F|pos	0.015382499999999999	0.0510211
copy_path_bench	100K|u32|T|pos	0.016120000000000002	0.0510316
copy_path_bench	100K|u32|strided|pos	0.028825	0.0198939
copy_path_bench	100K|u32|sliced|pos	0.01606190476190476	0.0681071
copy_path_bench	100K|u32|negrow|pos	0.01608095238095238	0.0670357
copy_path_bench	100K|u32|negcol|pos	0.0533875	0.09667
copy_path_bench	100K|u32|bcast|pos	0.015660465116279068	0.060975
copy_path_bench	100K|i64|C|pos	0.029314285714285713	0.238525
copy_path_bench	100K|i64|F|pos	0.029205555555555554	0.0365741
copy_path_bench	100K|i64|T|pos	0.0326	0.0509643
copy_path_bench	100K|i64|strided|pos	0.03175238095238095	0.0298909
copy_path_bench	100K|i64|sliced|pos	0.032025	0.0659143
copy_path_bench	100K|i64|negrow|pos	0.03198333333333333	0.063425
copy_path_bench	100K|i64|negcol|pos	0.05857333333333334	0.09305
copy_path_bench	100K|i64|bcast|pos	0.029717391304347827	0.0542286
copy_path_bench	100K|u64|C|pos	0.03178	0.0364875
copy_path_bench	100K|u64|F|pos	0.030366666666666667	0.03655
copy_path_bench	100K|u64|T|pos	0.033405263157894736	0.0364857
copy_path_bench	100K|u64|strided|pos	0.03142777777777778	0.0300212
copy_path_bench	100K|u64|sliced|pos	0.032836363636363636	0.0674
copy_path_bench	100K|u64|negrow|pos	0.03192727272727273	0.0852273
copy_path_bench	100K|u64|negcol|pos	0.058346666666666665	0.0931333
copy_path_bench	100K|u64|bcast|pos	0.029326086956521738	0.0539583
copy_path_bench	100K|char|C|pos	0.007789130434782609	0.0364519
copy_path_bench	100K|char|F|pos	0.007864556962025315	0.0364423
copy_path_bench	100K|char|T|pos	0.007857407407407408	0.0364522
copy_path_bench	100K|char|strided|pos	0.007552499999999999	0.0267
copy_path_bench	100K|char|sliced|pos	0.008893333333333333	0.0445773
copy_path_bench	100K|char|negrow|pos	0.008936363636363636	0.0441591
copy_path_bench	100K|char|negcol|pos	0.011210416666666667	0.0879
copy_path_bench	100K|char|bcast|pos	0.00834672131147541	0.0418136
copy_path_bench	100K|f16|C|pos	0.008982022471910113	0.0364259
copy_path_bench	100K|f16|F|pos	0.0087982905982906	0.0364556
copy_path_bench	100K|f16|T|pos	0.007927868852459016	0.0364481
copy_path_bench	100K|f16|strided|pos	0.00756578947368421	0.010884
copy_path_bench	100K|f16|sliced|pos	0.008895	0.0445955
copy_path_bench	100K|f16|negrow|pos	0.008851162790697675	0.0442318
copy_path_bench	100K|f16|negcol|pos	0.010210144927536233	0.0879818
copy_path_bench	100K|f16|bcast|pos	0.008241732283464566	0.0419417
copy_path_bench	100K|f32|C|pos	0.016659090909090908	0.0277194
copy_path_bench	100K|f32|F|pos	0.015721276595744682	0.018925
copy_path_bench	100K|f32|T|pos	0.019202127659574467	0.0277303
copy_path_bench	100K|f32|strided|pos	0.028734482758620693	0.0158222
copy_path_bench	100K|f32|sliced|pos	0.015966666666666667	0.0253917
copy_path_bench	100K|f32|negrow|pos	0.01590526315789474	0.0256179
copy_path_bench	100K|f32|negcol|pos	0.0538	0.0734357
copy_path_bench	100K|f32|bcast|pos	0.014038461538461538	0.0355643
copy_path_bench	100K|f64|C|pos	0.029055555555555557	0.0277654
copy_path_bench	100K|f64|F|pos	0.02859090909090909	0.0278379
copy_path_bench	100K|f64|T|pos	0.03025	0.02775
copy_path_bench	100K|f64|strided|pos	0.03172380952380952	0.0180727
copy_path_bench	100K|f64|sliced|pos	0.03326666666666667	0.05316
copy_path_bench	100K|f64|negrow|pos	0.03192	0.0548538
copy_path_bench	100K|f64|negcol|pos	0.05833333333333333	0.0849
copy_path_bench	100K|f64|bcast|pos	0.029082758620689656	0.0489231
copy_path_bench	100K|c128|C|pos	0.06571666666666666	0.7469
copy_path_bench	100K|c128|F|pos	0.0701	0.7312
copy_path_bench	100K|c128|T|pos	0.0668	0.7463
copy_path_bench	100K|c128|strided|pos	0.04246	0.2154
copy_path_bench	100K|c128|sliced|pos	0.06952857142857143	0.7925
copy_path_bench	100K|c128|negrow|pos	0.08062857142857142	0.808
copy_path_bench	100K|c128|negcol|pos	0.07934444444444444	1.0221
copy_path_bench	100K|c128|bcast|pos	0.05811818181818182	0.7916
copy_path_bench	1M|u8|C|pos	0.035320000000000004	0.351433
copy_path_bench	1M|u8|F|pos	0.042415789473684205	0.351433
copy_path_bench	1M|u8|T|pos	0.036333333333333336	0.351433
copy_path_bench	1M|u8|strided|pos	0.03264117647058823	0.2411
copy_path_bench	1M|u8|sliced|pos	0.04115	0.37915
copy_path_bench	1M|u8|negrow|pos	0.03994444444444444	0.3809
copy_path_bench	1M|u8|negcol|pos	0.043	0.7759
copy_path_bench	1M|u8|bcast|pos	0.03601481481481482	0.37255
copy_path_bench	1M|i8|C|pos	0.038066666666666665	0.35145
copy_path_bench	1M|i8|F|pos	0.03589	0.351467
copy_path_bench	1M|i8|T|pos	0.03807777777777778	0.351333
copy_path_bench	1M|i8|strided|pos	0.03264705882352942	0.241133
copy_path_bench	1M|i8|sliced|pos	0.0386375	0.3782
copy_path_bench	1M|i8|negrow|pos	0.039275	0.38075
copy_path_bench	1M|i8|negcol|pos	0.043281818181818185	0.7762
copy_path_bench	1M|i8|bcast|pos	0.03585	0.372933
copy_path_bench	1M|i16|C|pos	0.0817	0.7295
copy_path_bench	1M|i16|F|pos	0.0824875	0.7367
copy_path_bench	1M|i16|T|pos	0.08282	0.7318
copy_path_bench	1M|i16|strided|pos	0.047711111111111114	0.246825
copy_path_bench	1M|i16|sliced|pos	0.08743333333333332	0.8002
copy_path_bench	1M|i16|negrow|pos	0.084375	0.8026
copy_path_bench	1M|i16|negcol|pos	0.08135	1.2322
copy_path_bench	1M|i16|bcast|pos	0.06644285714285715	0.7673
copy_path_bench	1M|u16|C|pos	0.08202857142857144	0.723
copy_path_bench	1M|u16|F|pos	0.08204285714285715	0.7337
copy_path_bench	1M|u16|T|pos	0.08202000000000001	0.7346
copy_path_bench	1M|u16|strided|pos	0.04645	0.2469
copy_path_bench	1M|u16|sliced|pos	0.089225	0.8021
copy_path_bench	1M|u16|negrow|pos	0.09705	0.8056
copy_path_bench	1M|u16|negcol|pos	0.08264	1.2311
copy_path_bench	1M|u16|bcast|pos	0.06656	0.7615
copy_path_bench	1M|i32|C|pos	0.16725	1.2579
copy_path_bench	1M|i32|F|pos	0.1764	1.2519
copy_path_bench	1M|i32|T|pos	0.16993333333333335	1.2553
copy_path_bench	1M|i32|strided|pos	0.27213333333333334	0.6327
copy_path_bench	1M|i32|sliced|pos	0.2562	1.4077
copy_path_bench	1M|i32|negrow|pos	0.2624	1.4096
copy_path_bench	1M|i32|negcol|pos	0.52345	1.6839
copy_path_bench	1M|i32|bcast|pos	0.13425	1.333
copy_path_bench	1M|u32|C|pos	0.167975	1.26
copy_path_bench	1M|u32|F|pos	0.1644	1.2579
copy_path_bench	1M|u32|T|pos	0.16536666666666666	1.2476
copy_path_bench	1M|u32|strided|pos	0.2712333333333333	0.6319
copy_path_bench	1M|u32|sliced|pos	0.2355	1.4134
copy_path_bench	1M|u32|negrow|pos	0.24655	1.4181
copy_path_bench	1M|u32|negcol|pos	0.5236	1.6905
copy_path_bench	1M|u32|bcast|pos	0.14015	1.3349
copy_path_bench	1M|i64|C|pos	0.3716	2.3851
copy_path_bench	1M|i64|F|pos	0.37895	2.4474
copy_path_bench	1M|i64|T|pos	0.3755	2.3868
copy_path_bench	1M|i64|strided|pos	0.38485	1.2411
copy_path_bench	1M|i64|sliced|pos	0.728	2.6998
copy_path_bench	1M|i64|negrow|pos	0.7619	2.6869
copy_path_bench	1M|i64|negcol|pos	0.8579	2.8802
copy_path_bench	1M|i64|bcast|pos	0.2924	2.4507
copy_path_bench	1M|u64|C|pos	0.3674	2.4325
copy_path_bench	1M|u64|F|pos	0.374	2.3748
copy_path_bench	1M|u64|T|pos	0.38205	2.3837
copy_path_bench	1M|u64|strided|pos	0.39785	1.2556
copy_path_bench	1M|u64|sliced|pos	0.6555	2.7347
copy_path_bench	1M|u64|negrow|pos	0.6812	2.764
copy_path_bench	1M|u64|negcol|pos	0.6835	2.9221
copy_path_bench	1M|u64|bcast|pos	0.2943	2.4332
copy_path_bench	1M|char|C|pos	0.08541	0.7377
copy_path_bench	1M|char|F|pos	0.08503333333333334	0.735
copy_path_bench	1M|char|T|pos	0.08618888888888888	0.7362
copy_path_bench	1M|char|strided|pos	0.04641666666666667	0.246867
copy_path_bench	1M|char|sliced|pos	0.082975	0.804
copy_path_bench	1M|char|negrow|pos	0.08875	0.805
copy_path_bench	1M|char|negcol|pos	0.084425	1.2318
copy_path_bench	1M|char|bcast|pos	0.06774285714285715	0.7631
copy_path_bench	1M|f16|C|pos	0.0831	0.7339
copy_path_bench	1M|f16|F|pos	0.08252857142857142	0.7291
copy_path_bench	1M|f16|T|pos	0.08554545454545454	0.7285
copy_path_bench	1M|f16|strided|pos	0.046455555555555555	0.177367
copy_path_bench	1M|f16|sliced|pos	0.0831	0.8006
copy_path_bench	1M|f16|negrow|pos	0.081425	0.8039
copy_path_bench	1M|f16|negcol|pos	0.0817	1.2328
copy_path_bench	1M|f16|bcast|pos	0.067	0.7778
copy_path_bench	1M|f32|C|pos	0.16573333333333332	1.1797
copy_path_bench	1M|f32|F|pos	0.1653	1.1815
copy_path_bench	1M|f32|T|pos	0.17305	1.1721
copy_path_bench	1M|f32|strided|pos	0.2720666666666667	0.6316
copy_path_bench	1M|f32|sliced|pos	0.25995	1.2887
copy_path_bench	1M|f32|negrow|pos	0.26335	1.3013
copy_path_bench	1M|f32|negcol|pos	0.5281	1.5366
copy_path_bench	1M|f32|bcast|pos	0.14753333333333332	1.2245
copy_path_bench	1M|f64|C|pos	0.3769	2.3865
copy_path_bench	1M|f64|F|pos	0.37255	2.3551
copy_path_bench	1M|f64|T|pos	0.38115	2.3509
copy_path_bench	1M|f64|strided|pos	0.3739	1.2286
copy_path_bench	1M|f64|sliced|pos	0.6254	2.6745
copy_path_bench	1M|f64|negrow|pos	0.6741	2.6363
copy_path_bench	1M|f64|negcol|pos	0.7128	2.9146
copy_path_bench	1M|f64|bcast|pos	0.295	2.4433
copy_path_bench	1M|c128|C|pos	0.771	7.9311
copy_path_bench	1M|c128|F|pos	0.8449	7.6628
copy_path_bench	1M|c128|T|pos	0.423	7.735
copy_path_bench	1M|c128|strided|pos	1.0835	3.7865
copy_path_bench	1M|c128|sliced|pos	2.1457	9.3347
copy_path_bench	1M|c128|negrow|pos	2.2569	10.1966
copy_path_bench	1M|c128|negcol|pos	2.2557	11.3621
copy_path_bench	1M|c128|bcast|pos	1.1682	8.4309
elementwise_layout_bench	100K|f64|C|add	0.019283333333333333	0.0132587
elementwise_layout_bench	100K|f64|C|mul	0.019888235294117648	0.0132135
elementwise_layout_bench	100K|f64|C|neg	0.019235	0.0113614
elementwise_layout_bench	100K|f64|C|abs	0.02076071428571429	0.0107837
elementwise_layout_bench	100K|f64|C|sqrt	0.054915384615384616	0.0551
elementwise_layout_bench	100K|f64|C|less	0.010325806451612903	0.00882783
elementwise_layout_bench	100K|f64|C|copy	0.019066666666666666	0.0111809
elementwise_layout_bench	100K|f64|F|add	0.020814285714285716	0.156033
elementwise_layout_bench	100K|f64|F|mul	0.020533333333333334	0.0528714
elementwise_layout_bench	100K|f64|F|neg	0.020458064516129033	0.0216187
elementwise_layout_bench	100K|f64|F|abs	0.02033589743589744	0.0250763
elementwise_layout_bench	100K|f64|F|sqrt	0.05485333333333333	0.0612667
elementwise_layout_bench	100K|f64|F|less	0.010214473684210527	0.00670672
elementwise_layout_bench	100K|f64|F|copy	0.03111764705882353	0.03618
elementwise_layout_bench	100K|f64|T|add	0.020335714285714287	0.0271
elementwise_layout_bench	100K|f64|T|mul	0.021010344827586205	0.0273029
elementwise_layout_bench	100K|f64|T|neg	0.02050888888888889	0.039005
elementwise_layout_bench	100K|f64|T|abs	0.03417894736842105	0.040335
elementwise_layout_bench	100K|f64|T|sqrt	0.2796666666666667	0.281367
elementwise_layout_bench	100K|f64|T|less	0.01507037037037037	0.0177236
elementwise_layout_bench	100K|f64|T|copy	0.059	0.0684417
elementwise_layout_bench	100K|f64|strided|add	0.028846666666666666	0.0286971
elementwise_layout_bench	100K|f64|strided|mul	0.18324000000000001	0.0301071
elementwise_layout_bench	100K|f64|strided|neg	0.09382222222222222	0.0165525
elementwise_layout_bench	100K|f64|strided|abs	0.09312000000000001	0.0168105
elementwise_layout_bench	100K|f64|strided|sqrt	0.14193333333333333	0.1424
elementwise_layout_bench	100K|f64|strided|less	0.05414705882352941	0.0244825
elementwise_layout_bench	100K|f64|strided|copy	0.03136190476190476	0.0289324
elementwise_layout_bench	100K|f64|sliced|add	0.03356	0.0981
elementwise_layout_bench	100K|f64|sliced|mul	0.03684347826086957	0.119783
elementwise_layout_bench	100K|f64|sliced|neg	0.03246	0.0514077
elementwise_layout_bench	100K|f64|sliced|abs	0.036325	0.0512857
elementwise_layout_bench	100K|f64|sliced|sqrt	0.277	0.3081
elementwise_layout_bench	100K|f64|sliced|less	0.06306666666666666	0.079225
elementwise_layout_bench	100K|f64|sliced|copy	0.032266666666666666	0.027637
elementwise_layout_bench	100K|f64|negrow|add	0.03383333333333333	0.123543
elementwise_layout_bench	100K|f64|negrow|mul	0.03407894736842105	0.122914
elementwise_layout_bench	100K|f64|negrow|neg	0.039099999999999996	0.0526
elementwise_layout_bench	100K|f64|negrow|abs	0.03316875	0.0526385
elementwise_layout_bench	100K|f64|negrow|sqrt	0.2806666666666667	0.309367
elementwise_layout_bench	100K|f64|negrow|less	0.06457777777777779	0.0735692
elementwise_layout_bench	100K|f64|negrow|copy	0.032315384615384614	0.0258375
elementwise_layout_bench	100K|f64|negcol|add	0.36600000000000005	0.1458
elementwise_layout_bench	100K|f64|negcol|mul	0.3653	0.14568
elementwise_layout_bench	100K|f64|negcol|neg	0.18422	0.082925
elementwise_layout_bench	100K|f64|negcol|abs	0.18406	0.08276
elementwise_layout_bench	100K|f64|negcol|sqrt	0.2836666666666667	0.337533
elementwise_layout_bench	100K|f64|negcol|less	0.09692857142857143	0.131529
elementwise_layout_bench	100K|f64|negcol|copy	0.0577	0.0557875
elementwise_layout_bench	100K|f64|bcast|add	0.03258333333333333	0.112671
elementwise_layout_bench	100K|f64|bcast|mul	0.03218260869565217	0.108187
elementwise_layout_bench	100K|f64|bcast|neg	0.032732000000000004	0.0459375
elementwise_layout_bench	100K|f64|bcast|abs	0.03179642857142857	0.0465357
elementwise_layout_bench	100K|f64|bcast|sqrt	0.2806666666666667	0.299933
elementwise_layout_bench	100K|f64|bcast|less	0.06403333333333333	0.0612333
elementwise_layout_bench	100K|f64|bcast|copy	0.02762307692307692	0.0279697
elementwise_layout_bench	100K|f32|C|add	0.014223809523809524	0.0106467
elementwise_layout_bench	100K|f32|C|mul	0.015884313725490196	0.0107022
elementwise_layout_bench	100K|f32|C|neg	0.015955999999999998	0.0112598
elementwise_layout_bench	100K|f32|C|abs	0.016684444444444446	0.0112123
elementwise_layout_bench	100K|f32|C|sqrt	0.07024615384615385	0.0714692
elementwise_layout_bench	100K|f32|C|less	0.007820481927710843	0.0107791
elementwise_layout_bench	100K|f32|C|copy	0.015229999999999999	0.0106874
elementwise_layout_bench	100K|f32|F|add	0.015031428571428572	0.019819
elementwise_layout_bench	100K|f32|F|mul	0.014530769230769233	0.019736
elementwise_layout_bench	100K|f32|F|neg	0.016011320754716982	0.0201694
elementwise_layout_bench	100K|f32|F|abs	0.01608653846153846	0.0201896
elementwise_layout_bench	100K|f32|F|sqrt	0.07023076923076924	0.0714143
elementwise_layout_bench	100K|f32|F|less	0.007826506024096385	0.0104656
elementwise_layout_bench	100K|f32|F|copy	0.05411333333333333	0.0457571
elementwise_layout_bench	100K|f32|T|add	0.01622826086956522	0.0106733
elementwise_layout_bench	100K|f32|T|mul	0.01574035087719298	0.0107174
elementwise_layout_bench	100K|f32|T|neg	0.014632500000000001	0.0112705
elementwise_layout_bench	100K|f32|T|abs	0.01575	0.0112425
elementwise_layout_bench	100K|f32|T|sqrt	0.07025714285714287	0.0714571
elementwise_layout_bench	100K|f32|T|less	0.007809722222222222	0.0107148
elementwise_layout_bench	100K|f32|T|copy	0.05375	0.0456429
elementwise_layout_bench	100K|f32|strided|add	0.093025	0.0285853
elementwise_layout_bench	100K|f32|strided|mul	0.09315	0.0286706
elementwise_layout_bench	100K|f32|strided|neg	0.049225	0.04744
elementwise_layout_bench	100K|f32|strided|abs	0.049194117647058826	0.00988571
elementwise_layout_bench	100K|f32|strided|sqrt	0.050888235294117644	0.0372846
elementwise_layout_bench	100K|f32|strided|less	0.04352857142857143	0.0244158
elementwise_layout_bench	100K|f32|strided|copy	0.028321212121212122	0.02164
elementwise_layout_bench	100K|f32|sliced|add	0.018975	0.0451474
elementwise_layout_bench	100K|f32|sliced|mul	0.019384848484848487	0.0452524
elementwise_layout_bench	100K|f32|sliced|neg	0.018166666666666668	0.02812
elementwise_layout_bench	100K|f32|sliced|abs	0.01807	0.0282324
elementwise_layout_bench	100K|f32|sliced|sqrt	0.07087857142857143	0.0875636
elementwise_layout_bench	100K|f32|sliced|less	0.06450769230769231	0.0453333
elementwise_layout_bench	100K|f32|sliced|copy	0.016191304347826087	0.0141886
elementwise_layout_bench	100K|f32|negrow|add	0.01852941176470588	0.0423391
elementwise_layout_bench	100K|f32|negrow|mul	0.0212	0.0209261
elementwise_layout_bench	100K|f32|negrow|neg	0.01825952380952381	0.0140153
elementwise_layout_bench	100K|f32|negrow|abs	0.020323076923076923	0.0268649
elementwise_layout_bench	100K|f32|negrow|sqrt	0.07216153846153847	0.0865727
elementwise_layout_bench	100K|f32|negrow|less	0.06423846153846154	0.0384478
elementwise_layout_bench	100K|f32|negrow|copy	0.01611363636363636	0.0135826
elementwise_layout_bench	100K|f32|negcol|add	0.183625	0.107544
elementwise_layout_bench	100K|f32|negcol|mul	0.18384	0.107525
elementwise_layout_bench	100K|f32|negcol|neg	0.09441000000000001	0.0604
elementwise_layout_bench	100K|f32|negcol|abs	0.09433	0.0606063
elementwise_layout_bench	100K|f32|negcol|sqrt	0.09443333333333333	0.116963
elementwise_layout_bench	100K|f32|negcol|less	0.09561	0.102278
elementwise_layout_bench	100K|f32|negcol|copy	0.05367142857142857	0.0449667
elementwise_layout_bench	100K|f32|bcast|add	0.01844186046511628	0.038036
elementwise_layout_bench	100K|f32|bcast|mul	0.0182468085106383	0.0380652
elementwise_layout_bench	100K|f32|bcast|neg	0.017373015873015873	0.0247525
elementwise_layout_bench	100K|f32|bcast|abs	0.017243076923076923	0.02496
elementwise_layout_bench	100K|f32|bcast|sqrt	0.07213076923076923	0.0808167
elementwise_layout_bench	100K|f32|bcast|less	0.06258461538461538	0.0332966
elementwise_layout_bench	100K|f32|bcast|copy	0.014427272727272728	0.0117059
elementwise_layout_bench	100K|c128|C|add	0.0888	0.46865
elementwise_layout_bench	100K|c128|C|mul	0.1065	0.4809
elementwise_layout_bench	100K|c128|C|neg	0.08891666666666666	0.735
elementwise_layout_bench	100K|c128|C|abs	0.33255	0.46895
elementwise_layout_bench	100K|c128|C|sqrt	0.9442	1.4766
elementwise_layout_bench	100K|c128|C|less	0.1901	0.0685143
elementwise_layout_bench	100K|c128|C|copy	0.06957272727272727	0.36355
elementwise_layout_bench	100K|c128|F|add	0.0767875	0.4961
elementwise_layout_bench	100K|c128|F|mul	0.10658571428571428	0.48775
elementwise_layout_bench	100K|c128|F|neg	0.0888	0.7543
elementwise_layout_bench	100K|c128|F|abs	0.3325	0.46875
elementwise_layout_bench	100K|c128|F|sqrt	0.9438	1.4966
elementwise_layout_bench	100K|c128|F|less	0.19012	0.106975
elementwise_layout_bench	100K|c128|F|copy	0.08811428571428571	0.60565
elementwise_layout_bench	100K|c128|T|add	0.08837142857142857	0.4788
elementwise_layout_bench	100K|c128|T|mul	0.1062	0.47865
elementwise_layout_bench	100K|c128|T|neg	0.08867142857142858	0.7248
elementwise_layout_bench	100K|c128|T|abs	0.3325	0.46885
elementwise_layout_bench	100K|c128|T|sqrt	0.9438	1.4758
elementwise_layout_bench	100K|c128|T|less	0.19019999999999998	0.106933
elementwise_layout_bench	100K|c128|T|copy	0.0886	0.5864
elementwise_layout_bench	100K|c128|strided|add	0.065225	0.0364909
elementwise_layout_bench	100K|c128|strided|mul	0.07680909090909091	0.0394211
elementwise_layout_bench	100K|c128|strided|neg	0.05505714285714286	0.219075
elementwise_layout_bench	100K|c128|strided|abs	0.18382	0.2395
elementwise_layout_bench	100K|c128|strided|sqrt	0.49345	0.585
elementwise_layout_bench	100K|c128|strided|less	0.12769999999999998	0.058125
elementwise_layout_bench	100K|c128|strided|copy	0.03969090909090909	0.135417
elementwise_layout_bench	100K|c128|sliced|add	0.094725	0.5701
elementwise_layout_bench	100K|c128|sliced|mul	0.11945	0.5671
elementwise_layout_bench	100K|c128|sliced|neg	0.07901428571428572	0.7873
elementwise_layout_bench	100K|c128|sliced|abs	0.1673	0.5161
elementwise_layout_bench	100K|c128|sliced|sqrt	0.9389	1.5293
elementwise_layout_bench	100K|c128|sliced|less	0.20773999999999998	0.2121
elementwise_layout_bench	100K|c128|sliced|copy	0.0657375	0.46805
elementwise_layout_bench	100K|c128|negrow|add	0.09776666666666667	0.57605
elementwise_layout_bench	100K|c128|negrow|mul	0.120025	0.5842
elementwise_layout_bench	100K|c128|negrow|neg	0.08081428571428571	0.7942
elementwise_layout_bench	100K|c128|negrow|abs	0.34003333333333335	0.52375
elementwise_layout_bench	100K|c128|negrow|sqrt	0.9551	1.5374
elementwise_layout_bench	100K|c128|negrow|less	0.186725	0.2184
elementwise_layout_bench	100K|c128|negrow|copy	0.06714285714285714	0.4668
elementwise_layout_bench	100K|c128|negcol|add	0.12574000000000002	1.0087
elementwise_layout_bench	100K|c128|negcol|mul	0.14962	1.013
elementwise_layout_bench	100K|c128|negcol|neg	0.0992	1.0043
elementwise_layout_bench	100K|c128|negcol|abs	0.36385	0.738
elementwise_layout_bench	100K|c128|negcol|sqrt	0.9848	1.7606
elementwise_layout_bench	100K|c128|negcol|less	0.254775	0.6504
elementwise_layout_bench	100K|c128|negcol|copy	0.07525714285714287	0.5788
elementwise_layout_bench	100K|c128|bcast|add	0.0938	0.5657
elementwise_layout_bench	100K|c128|bcast|mul	0.11710000000000001	0.5617
elementwise_layout_bench	100K|c128|bcast|neg	0.0762	0.7808
elementwise_layout_bench	100K|c128|bcast|abs	0.33736666666666665	0.5095
elementwise_layout_bench	100K|c128|bcast|sqrt	0.9502	1.5282
elementwise_layout_bench	100K|c128|bcast|less	0.20585	0.1943
elementwise_layout_bench	100K|c128|bcast|copy	0.053975	0.45705
elementwise_layout_bench	100K|f16|C|add	0.8924	0.6309
elementwise_layout_bench	100K|f16|C|mul	0.8912	0.6475
elementwise_layout_bench	100K|f16|C|neg	0.049005	0.049555
elementwise_layout_bench	100K|f16|C|abs	0.04871428571428572	0.049675
elementwise_layout_bench	100K|f16|C|sqrt	0.6644	0.4445
elementwise_layout_bench	100K|f16|C|less	0.20028	0.234675
elementwise_layout_bench	100K|f16|C|copy	0.00832888888888889	0.0060205
elementwise_layout_bench	100K|f16|F|add	0.8911	0.63135
elementwise_layout_bench	100K|f16|F|mul	0.8917	0.6497
elementwise_layout_bench	100K|f16|F|neg	0.048715	0.0495294
elementwise_layout_bench	100K|f16|F|abs	0.048915	0.04967
elementwise_layout_bench	100K|f16|F|sqrt	0.6496	0.44425
elementwise_layout_bench	100K|f16|F|less	0.21786666666666665	0.234725
elementwise_layout_bench	100K|f16|F|copy	0.06752666666666667	0.0518111
elementwise_layout_bench	100K|f16|T|add	0.8911	0.6285
elementwise_layout_bench	100K|f16|T|mul	0.8911	0.6375
elementwise_layout_bench	100K|f16|T|neg	0.04874666666666667	0.049565
elementwise_layout_bench	100K|f16|T|abs	0.04883529411764706	0.049645
elementwise_layout_bench	100K|f16|T|sqrt	0.6496	0.4443
elementwise_layout_bench	100K|f16|T|less	0.2172	0.234675
elementwise_layout_bench	100K|f16|T|copy	0.06740833333333333	0.0518105
elementwise_layout_bench	100K|f16|strided|add	0.48095	0.3106
elementwise_layout_bench	100K|f16|strided|mul	0.48385	0.322133
elementwise_layout_bench	100K|f16|strided|neg	0.039244	0.0266471
elementwise_layout_bench	100K|f16|strided|abs	0.039108000000000004	0.0268027
elementwise_layout_bench	100K|f16|strided|sqrt	0.37035	0.2238
elementwise_layout_bench	100K|f16|strided|less	0.13655	0.119013
elementwise_layout_bench	100K|f16|strided|copy	0.007407058823529412	0.0256368
elementwise_layout_bench	100K|f16|sliced|add	0.8819	0.611
elementwise_layout_bench	100K|f16|sliced|mul	0.8807	0.637
elementwise_layout_bench	100K|f16|sliced|neg	0.05339444444444444	0.0572933
elementwise_layout_bench	100K|f16|sliced|abs	0.053271428571428574	0.0576714
elementwise_layout_bench	100K|f16|sliced|sqrt	0.6464	0.4523
elementwise_layout_bench	100K|f16|sliced|less	0.246425	0.246625
elementwise_layout_bench	100K|f16|sliced|copy	0.00872608695652174	0.00806529
elementwise_layout_bench	100K|f16|negrow|add	0.8974	0.6381
elementwise_layout_bench	100K|f16|negrow|mul	0.8984	0.6653
elementwise_layout_bench	100K|f16|negrow|neg	0.05401875	0.0567353
elementwise_layout_bench	100K|f16|negrow|abs	0.05425882352941176	0.0569
elementwise_layout_bench	100K|f16|negrow|sqrt	0.657	0.4566
elementwise_layout_bench	100K|f16|negrow|less	0.255875	0.2477
elementwise_layout_bench	100K|f16|negrow|copy	0.008776190476190476	0.0080041
elementwise_layout_bench	100K|f16|negcol|add	0.9565	0.7264
elementwise_layout_bench	100K|f16|negcol|mul	0.9622	0.7384
elementwise_layout_bench	100K|f16|negcol|neg	0.0729	0.100433
elementwise_layout_bench	100K|f16|negcol|abs	0.072925	0.100522
elementwise_layout_bench	100K|f16|negcol|sqrt	0.7366	0.49585
elementwise_layout_bench	100K|f16|negcol|less	0.2684	0.336767
elementwise_layout_bench	100K|f16|negcol|copy	0.01004	0.0514158
elementwise_layout_bench	100K|f16|bcast|add	0.8916	0.6283
elementwise_layout_bench	100K|f16|bcast|mul	0.8917	0.6487
elementwise_layout_bench	100K|f16|bcast|neg	0.053123076923076926	0.0544667
elementwise_layout_bench	100K|f16|bcast|abs	0.05320625	0.0545824
elementwise_layout_bench	100K|f16|bcast|sqrt	0.6546	0.45455
elementwise_layout_bench	100K|f16|bcast|less	0.2526	0.24425
elementwise_layout_bench	100K|f16|bcast|copy	0.007227272727272727	0.00320914
elementwise_layout_bench	100K|i32|C|add	0.0166	0.04813
elementwise_layout_bench	100K|i32|C|mul	0.012029310344827586	0.0510368
elementwise_layout_bench	100K|i32|C|neg	0.017801724137931033	0.0109711
elementwise_layout_bench	100K|i32|C|abs	0.01878139534883721	0.049315
elementwise_layout_bench	100K|i32|C|sqrt	0.2797	0.33445
elementwise_layout_bench	100K|i32|C|less	0.009276623376623378	0.00605154
elementwise_layout_bench	100K|i32|C|copy	0.017157142857142857	0.0106144
elementwise_layout_bench	100K|i32|F|add	0.01574390243902439	0.0481
elementwise_layout_bench	100K|i32|F|mul	0.01684772727272727	0.0510158
elementwise_layout_bench	100K|i32|F|neg	0.01693469387755102	0.0203838
elementwise_layout_bench	100K|i32|F|abs	0.015930952380952382	0.0492947
elementwise_layout_bench	100K|i32|F|sqrt	0.2797	0.3344
elementwise_layout_bench	100K|i32|F|less	0.00862	0.0108185
elementwise_layout_bench	100K|i32|F|copy	0.028625	0.0455278
elementwise_layout_bench	100K|i32|T|add	0.010225	0.0284
elementwise_layout_bench	100K|i32|T|mul	0.01736774193548387	0.0510579
elementwise_layout_bench	100K|i32|T|neg	0.019322916666666665	0.0109727
elementwise_layout_bench	100K|i32|T|abs	0.01893272727272727	0.049285
elementwise_layout_bench	100K|i32|T|sqrt	0.2797	0.3344
elementwise_layout_bench	100K|i32|T|less	0.008777777777777778	0.0108511
elementwise_layout_bench	100K|i32|T|copy	0.05452666666666666	0.0456136
elementwise_layout_bench	100K|i32|strided|add	0.09322	0.0278972
elementwise_layout_bench	100K|i32|strided|mul	0.09305555555555556	0.0279
elementwise_layout_bench	100K|i32|strided|neg	0.04875	0.0474059
elementwise_layout_bench	100K|i32|strided|abs	0.048973684210526315	0.0279257
elementwise_layout_bench	100K|i32|strided|sqrt	0.18268	0.0418556
elementwise_layout_bench	100K|i32|strided|less	0.04862	0.0167774
elementwise_layout_bench	100K|i32|strided|copy	0.028524242424242424	0.0216265
elementwise_layout_bench	100K|i32|sliced|add	0.019538095238095236	0.0739923
elementwise_layout_bench	100K|i32|sliced|mul	0.01931111111111111	0.0813417
elementwise_layout_bench	100K|i32|sliced|neg	0.02055384615384615	0.0250795
elementwise_layout_bench	100K|i32|sliced|abs	0.018355882352941177	0.0636813
elementwise_layout_bench	100K|i32|sliced|sqrt	0.3191	0.332267
elementwise_layout_bench	100K|i32|sliced|less	0.039593333333333335	0.039252
elementwise_layout_bench	100K|i32|sliced|copy	0.015923809523809524	0.0151172
elementwise_layout_bench	100K|i32|negrow|add	0.018825	0.0758
elementwise_layout_bench	100K|i32|negrow|mul	0.019474358974358973	0.0801182
elementwise_layout_bench	100K|i32|negrow|neg	0.020888636363636363	0.0276528
elementwise_layout_bench	100K|i32|negrow|abs	0.01812162162162162	0.0650533
elementwise_layout_bench	100K|i32|negrow|sqrt	0.3226	0.336467
elementwise_layout_bench	100K|i32|negrow|less	0.060964285714285714	0.039276
elementwise_layout_bench	100K|i32|negrow|copy	0.016213636363636364	0.0135563
elementwise_layout_bench	100K|i32|negcol|add	0.18372	0.138217
elementwise_layout_bench	100K|i32|negcol|mul	0.18392	0.14265
elementwise_layout_bench	100K|i32|negcol|neg	0.0939	0.0608067
elementwise_layout_bench	100K|i32|negcol|abs	0.09409999999999999	0.09525
elementwise_layout_bench	100K|i32|negcol|sqrt	0.3448	0.336233
elementwise_layout_bench	100K|i32|negcol|less	0.08737777777777778	0.1026
elementwise_layout_bench	100K|i32|negcol|copy	0.05379333333333333	0.0449773
elementwise_layout_bench	100K|i32|bcast|add	0.01801090909090909	0.0677286
elementwise_layout_bench	100K|i32|bcast|mul	0.018904255319148935	0.0720643
elementwise_layout_bench	100K|i32|bcast|neg	0.018360416666666667	0.0249583
elementwise_layout_bench	100K|i32|bcast|abs	0.018502127659574468	0.059275
elementwise_layout_bench	100K|i32|bcast|sqrt	0.3201	0.334233
elementwise_layout_bench	100K|i32|bcast|less	0.0586	0.0334929
elementwise_layout_bench	100K|i32|bcast|copy	0.013750000000000002	0.0117262
elementwise_layout_bench	100K|i64|C|add	0.028321428571428574	0.0481133
elementwise_layout_bench	100K|i64|C|mul	0.040389473684210524	0.0540188
elementwise_layout_bench	100K|i64|C|neg	0.05604615384615385	0.0271676
elementwise_layout_bench	100K|i64|C|abs	0.05616153846153846	0.0541133
elementwise_layout_bench	100K|i64|C|sqrt	0.2797	0.0744333
elementwise_layout_bench	100K|i64|C|less	0.017975	0.0156783
elementwise_layout_bench	100K|i64|C|copy	0.03	0.0202097
elementwise_layout_bench	100K|i64|F|add	0.03462608695652174	0.0481389
elementwise_layout_bench	100K|i64|F|mul	0.044931818181818184	0.0539571
elementwise_layout_bench	100K|i64|F|neg	0.05604	0.0256267
elementwise_layout_bench	100K|i64|F|abs	0.05626153846153847	0.0540389
elementwise_layout_bench	100K|i64|F|sqrt	0.106275	0.335567
elementwise_layout_bench	100K|i64|F|less	0.01798	0.0156655
elementwise_layout_bench	100K|i64|F|copy	0.05945	0.0567214
elementwise_layout_bench	100K|i64|T|add	0.035124999999999997	0.048125
elementwise_layout_bench	100K|i64|T|mul	0.04037	0.0540333
elementwise_layout_bench	100K|i64|T|neg	0.05604666666666667	0.0270229
elementwise_layout_bench	100K|i64|T|abs	0.05601875	0.0540875
elementwise_layout_bench	100K|i64|T|sqrt	0.2796666666666667	0.3356
elementwise_layout_bench	100K|i64|T|less	0.018001960784313726	0.0157081
elementwise_layout_bench	100K|i64|T|copy	0.05950999999999999	0.0567071
elementwise_layout_bench	100K|i64|strided|add	0.18342	0.0257
elementwise_layout_bench	100K|i64|strided|mul	0.18322	0.0300935
elementwise_layout_bench	100K|i64|strided|neg	0.03778421052631579	0.016385
elementwise_layout_bench	100K|i64|strided|abs	0.043847619047619045	0.0281441
elementwise_layout_bench	100K|i64|strided|sqrt	0.17587999999999998	0.0408333
elementwise_layout_bench	100K|i64|strided|less	0.048864285714285714	0.0287545
elementwise_layout_bench	100K|i64|strided|copy	0.03166842105263158	0.02895
elementwise_layout_bench	100K|i64|sliced|add	0.034555555555555555	0.148317
elementwise_layout_bench	100K|i64|sliced|mul	0.04950588235294118	0.155667
elementwise_layout_bench	100K|i64|sliced|neg	0.04805625	0.0545
elementwise_layout_bench	100K|i64|sliced|abs	0.06408181818181818	0.0836889
elementwise_layout_bench	100K|i64|sliced|sqrt	0.3244666666666667	0.3335
elementwise_layout_bench	100K|i64|sliced|less	0.059899999999999995	0.0729846
elementwise_layout_bench	100K|i64|sliced|copy	0.03401666666666667	0.0255522
elementwise_layout_bench	100K|i64|negrow|add	0.034991666666666664	0.136557
elementwise_layout_bench	100K|i64|negrow|mul	0.04698235294117647	0.15075
elementwise_layout_bench	100K|i64|negrow|neg	0.04930588235294117	0.025
elementwise_layout_bench	100K|i64|negrow|abs	0.06616	0.0476125
elementwise_layout_bench	100K|i64|negrow|sqrt	0.3275666666666667	0.3378
elementwise_layout_bench	100K|i64|negrow|less	0.06083333333333333	0.0700929
elementwise_layout_bench	100K|i64|negrow|copy	0.03311818181818182	0.0253464
elementwise_layout_bench	100K|i64|negcol|add	0.36493333333333333	0.16848
elementwise_layout_bench	100K|i64|negcol|mul	0.3650333333333333	0.168975
elementwise_layout_bench	100K|i64|negcol|neg	0.06684999999999999	0.08111
elementwise_layout_bench	100K|i64|negcol|abs	0.08398888888888889	0.1105
elementwise_layout_bench	100K|i64|negcol|sqrt	0.33603333333333335	0.326667
elementwise_layout_bench	100K|i64|negcol|less	0.0898875	0.130257
elementwise_layout_bench	100K|i64|negcol|copy	0.058222222222222224	0.0559429
elementwise_layout_bench	100K|i64|bcast|add	0.03631363636363637	0.123457
elementwise_layout_bench	100K|i64|bcast|mul	0.044379999999999996	0.1306
elementwise_layout_bench	100K|i64|bcast|neg	0.04716666666666666	0.0472462
elementwise_layout_bench	100K|i64|bcast|abs	0.06407142857142857	0.07182
elementwise_layout_bench	100K|i64|bcast|sqrt	0.32636666666666664	0.334033
elementwise_layout_bench	100K|i64|bcast|less	0.05968	0.0593
elementwise_layout_bench	100K|i64|bcast|copy	0.029972727272727272	0.0216065
elementwise_layout_bench	1M|f64|C|add	0.629	2.3569
elementwise_layout_bench	1M|f64|C|mul	0.6981	2.3321
elementwise_layout_bench	1M|f64|C|neg	0.6617	2.3249
elementwise_layout_bench	1M|f64|C|abs	0.6965	2.2049
elementwise_layout_bench	1M|f64|C|sqrt	2.8126	4.226
elementwise_layout_bench	1M|f64|C|less	0.23845	0.282267
elementwise_layout_bench	1M|f64|C|copy	0.3869	1.8123
elementwise_layout_bench	1M|f64|F|add	0.6486	2.3801
elementwise_layout_bench	1M|f64|F|mul	0.6663	2.3599
elementwise_layout_bench	1M|f64|F|neg	0.5143	2.3123
elementwise_layout_bench	1M|f64|F|abs	0.5635	2.363
elementwise_layout_bench	1M|f64|F|sqrt	2.8067	4.2435
elementwise_layout_bench	1M|f64|F|less	0.230175	0.286633
elementwise_layout_bench	1M|f64|F|copy	1.0101	2.6097
elementwise_layout_bench	1M|f64|T|add	0.6632	2.3507
elementwise_layout_bench	1M|f64|T|mul	0.7013	2.3427
elementwise_layout_bench	1M|f64|T|neg	0.6798	1.6438
elementwise_layout_bench	1M|f64|T|abs	0.6667	2.3527
elementwise_layout_bench	1M|f64|T|sqrt	2.8086	4.2385
elementwise_layout_bench	1M|f64|T|less	0.24196666666666666	0.290367
elementwise_layout_bench	1M|f64|T|copy	1.0345	2.6234
elementwise_layout_bench	1M|f64|strided|add	1.8214	1.2841
elementwise_layout_bench	1M|f64|strided|mul	1.8391	1.2755
elementwise_layout_bench	1M|f64|strided|neg	0.9139	1.2469
elementwise_layout_bench	1M|f64|strided|abs	0.9132	1.245
elementwise_layout_bench	1M|f64|strided|sqrt	1.4094	2.1444
elementwise_layout_bench	1M|f64|strided|less	0.52515	0.2592
elementwise_layout_bench	1M|f64|strided|copy	0.38745	1.2574
elementwise_layout_bench	1M|f64|sliced|add	0.6407	2.9435
elementwise_layout_bench	1M|f64|sliced|mul	0.6651	2.9466
elementwise_layout_bench	1M|f64|sliced|neg	0.6645	2.6629
elementwise_layout_bench	1M|f64|sliced|abs	0.6766	2.6279
elementwise_layout_bench	1M|f64|sliced|sqrt	2.8009	4.6537
elementwise_layout_bench	1M|f64|sliced|less	0.4974	0.8251
elementwise_layout_bench	1M|f64|sliced|copy	0.7121	2.3666
elementwise_layout_bench	1M|f64|negrow|add	0.6663	2.9578
elementwise_layout_bench	1M|f64|negrow|mul	0.6626	2.9312
elementwise_layout_bench	1M|f64|negrow|neg	0.6279	2.6089
elementwise_layout_bench	1M|f64|negrow|abs	0.623	2.6416
elementwise_layout_bench	1M|f64|negrow|sqrt	2.8125	4.8787
elementwise_layout_bench	1M|f64|negrow|less	0.7143	0.8149
elementwise_layout_bench	1M|f64|negrow|copy	0.69	2.3477
elementwise_layout_bench	1M|f64|negcol|add	3.6484	3.4531
elementwise_layout_bench	1M|f64|negcol|mul	3.6805	3.4458
elementwise_layout_bench	1M|f64|negcol|neg	1.8213	2.8835
elementwise_layout_bench	1M|f64|negcol|abs	1.8311	2.8673
elementwise_layout_bench	1M|f64|negcol|sqrt	2.857	4.9089
elementwise_layout_bench	1M|f64|negcol|less	1.0111	0.6892
elementwise_layout_bench	1M|f64|negcol|copy	0.7558	2.3723
elementwise_layout_bench	1M|f64|bcast|add	0.3224	2.6717
elementwise_layout_bench	1M|f64|bcast|mul	0.3128	2.6716
elementwise_layout_bench	1M|f64|bcast|neg	0.33585	2.4172
elementwise_layout_bench	1M|f64|bcast|abs	0.317	2.415
elementwise_layout_bench	1M|f64|bcast|sqrt	2.8129	4.4263
elementwise_layout_bench	1M|f64|bcast|less	0.6545	0.2857
elementwise_layout_bench	1M|f64|bcast|copy	0.3045	2.2323
elementwise_layout_bench	1M|f32|C|add	0.24535	1.1937
elementwise_layout_bench	1M|f32|C|mul	0.22665	1.2058
elementwise_layout_bench	1M|f32|C|neg	0.22115	1.1661
elementwise_layout_bench	1M|f32|C|abs	0.2361	1.177
elementwise_layout_bench	1M|f32|C|sqrt	0.7006	1.4197
elementwise_layout_bench	1M|f32|C|less	0.10704999999999999	0.11708
elementwise_layout_bench	1M|f32|C|copy	0.17618	0.909
elementwise_layout_bench	1M|f32|F|add	0.2277	1.1902
elementwise_layout_bench	1M|f32|F|mul	0.2382	1.1868
elementwise_layout_bench	1M|f32|F|neg	0.22465	1.1788
elementwise_layout_bench	1M|f32|F|abs	0.2253	1.1895
elementwise_layout_bench	1M|f32|F|sqrt	0.7004	1.4251
elementwise_layout_bench	1M|f32|F|less	0.1063	0.1138
elementwise_layout_bench	1M|f32|F|copy	0.7769	1.5006
elementwise_layout_bench	1M|f32|T|add	0.2469	1.1781
elementwise_layout_bench	1M|f32|T|mul	0.2302	1.1908
elementwise_layout_bench	1M|f32|T|neg	0.23205	1.1682
elementwise_layout_bench	1M|f32|T|abs	0.2301	1.1691
elementwise_layout_bench	1M|f32|T|sqrt	0.1374	1.4234
elementwise_layout_bench	1M|f32|T|less	0.1083	0.118388
elementwise_layout_bench	1M|f32|T|copy	0.781	1.5184
elementwise_layout_bench	1M|f32|strided|add	0.9121	0.6836
elementwise_layout_bench	1M|f32|strided|mul	0.912	0.678
elementwise_layout_bench	1M|f32|strided|neg	0.4617	0.8697
elementwise_layout_bench	1M|f32|strided|abs	0.4608	0.6469
elementwise_layout_bench	1M|f32|strided|sqrt	0.46235	0.7382
elementwise_layout_bench	1M|f32|strided|less	0.5143	0.2237
elementwise_layout_bench	1M|f32|strided|copy	0.27216666666666667	0.6457
elementwise_layout_bench	1M|f32|sliced|add	0.2658	1.4477
elementwise_layout_bench	1M|f32|sliced|mul	0.2471	1.4423
elementwise_layout_bench	1M|f32|sliced|neg	0.2402	1.3059
elementwise_layout_bench	1M|f32|sliced|abs	0.2488	1.3056
elementwise_layout_bench	1M|f32|sliced|sqrt	0.7058	1.6055
elementwise_layout_bench	1M|f32|sliced|less	0.6812	0.40555
elementwise_layout_bench	1M|f32|sliced|copy	0.23555	1.178
elementwise_layout_bench	1M|f32|negrow|add	0.2379	1.43
elementwise_layout_bench	1M|f32|negrow|mul	0.2489	1.4395
elementwise_layout_bench	1M|f32|negrow|neg	0.2264	1.2998
elementwise_layout_bench	1M|f32|negrow|abs	0.26065	1.3009
elementwise_layout_bench	1M|f32|negrow|sqrt	0.7043	1.6052
elementwise_layout_bench	1M|f32|negrow|less	0.7067	0.39875
elementwise_layout_bench	1M|f32|negrow|copy	0.24655	1.1935
elementwise_layout_bench	1M|f32|negcol|add	1.8289	2.0577
elementwise_layout_bench	1M|f32|negcol|mul	1.8324	2.056
elementwise_layout_bench	1M|f32|negcol|neg	0.9164	1.6391
elementwise_layout_bench	1M|f32|negcol|abs	0.9161	1.5953
elementwise_layout_bench	1M|f32|negcol|sqrt	0.922	1.8872
elementwise_layout_bench	1M|f32|negcol|less	0.997	0.976
elementwise_layout_bench	1M|f32|negcol|copy	0.5251	1.2463
elementwise_layout_bench	1M|f32|bcast|add	0.138	1.3183
elementwise_layout_bench	1M|f32|bcast|mul	0.14446666666666666	1.3283
elementwise_layout_bench	1M|f32|bcast|neg	0.143925	1.2075
elementwise_layout_bench	1M|f32|bcast|abs	0.13058	1.2141
elementwise_layout_bench	1M|f32|bcast|sqrt	0.7021	0.8794
elementwise_layout_bench	1M|f32|bcast|less	0.4567	0.19062
elementwise_layout_bench	1M|f32|bcast|copy	0.1441	1.1181
elementwise_layout_bench	1M|c128|C|add	2.561	5.5259
elementwise_layout_bench	1M|c128|C|mul	1.0528	5.5753
elementwise_layout_bench	1M|c128|C|neg	2.4905	7.7481
elementwise_layout_bench	1M|c128|C|abs	3.3568	6.2716
elementwise_layout_bench	1M|c128|C|sqrt	9.6843	16.3835
elementwise_layout_bench	1M|c128|C|less	1.9184	1.1366
elementwise_layout_bench	1M|c128|C|copy	0.7818	3.8119
elementwise_layout_bench	1M|c128|F|add	2.578	5.348
elementwise_layout_bench	1M|c128|F|mul	2.5794	5.4207
elementwise_layout_bench	1M|c128|F|neg	2.5423	7.7319
elementwise_layout_bench	1M|c128|F|abs	3.3813	6.3403
elementwise_layout_bench	1M|c128|F|sqrt	9.6107	15.3659
elementwise_layout_bench	1M|c128|F|less	1.9185	1.1329
elementwise_layout_bench	1M|c128|F|copy	2.9701	7.2706
elementwise_layout_bench	1M|c128|T|add	2.5261	5.5117
elementwise_layout_bench	1M|c128|T|mul	2.4862	5.7093
elementwise_layout_bench	1M|c128|T|neg	2.6075	7.8163
elementwise_layout_bench	1M|c128|T|abs	3.3552	6.3208
elementwise_layout_bench	1M|c128|T|sqrt	9.7315	15.4483
elementwise_layout_bench	1M|c128|T|less	1.9201	1.1391
elementwise_layout_bench	1M|c128|T|copy	2.9211	7.4851
elementwise_layout_bench	1M|c128|strided|add	1.2721	2.8337
elementwise_layout_bench	1M|c128|strided|mul	1.2086	2.7803
elementwise_layout_bench	1M|c128|strided|neg	1.2038	3.7786
elementwise_layout_bench	1M|c128|strided|abs	1.8481	3.1875
elementwise_layout_bench	1M|c128|strided|sqrt	4.9668	7.7407
elementwise_layout_bench	1M|c128|strided|less	1.3076	0.6483
elementwise_layout_bench	1M|c128|strided|copy	0.447	3.0861
elementwise_layout_bench	1M|c128|sliced|add	2.6058	6.4733
elementwise_layout_bench	1M|c128|sliced|mul	2.6243	6.8523
elementwise_layout_bench	1M|c128|sliced|neg	1.1449	8.9779
elementwise_layout_bench	1M|c128|sliced|abs	3.4017	7.4213
elementwise_layout_bench	1M|c128|sliced|sqrt	9.8708	16.816
elementwise_layout_bench	1M|c128|sliced|less	2.1393	2.2153
elementwise_layout_bench	1M|c128|sliced|copy	2.4822	5.5341
elementwise_layout_bench	1M|c128|negrow|add	2.698	6.906
elementwise_layout_bench	1M|c128|negrow|mul	2.716	6.7611
elementwise_layout_bench	1M|c128|negrow|neg	2.5472	9.626
elementwise_layout_bench	1M|c128|negrow|abs	3.4988	7.6148
elementwise_layout_bench	1M|c128|negrow|sqrt	9.8818	17.523
elementwise_layout_bench	1M|c128|negrow|less	2.1877	2.3534
elementwise_layout_bench	1M|c128|negrow|copy	2.4407	5.427
elementwise_layout_bench	1M|c128|negcol|add	2.7261	10.5132
elementwise_layout_bench	1M|c128|negcol|mul	2.7856	10.6745
elementwise_layout_bench	1M|c128|negcol|neg	2.7083	10.5516
elementwise_layout_bench	1M|c128|negcol|abs	3.7508	3.5489
elementwise_layout_bench	1M|c128|negcol|sqrt	10.3209	18.8987
elementwise_layout_bench	1M|c128|negcol|less	2.6437	6.5452
elementwise_layout_bench	1M|c128|negcol|copy	2.4732	6.0427
elementwise_layout_bench	1M|c128|bcast|add	1.221	5.4128
elementwise_layout_bench	1M|c128|bcast|mul	1.373	5.4014
elementwise_layout_bench	1M|c128|bcast|neg	1.1986	5.3152
elementwise_layout_bench	1M|c128|bcast|abs	3.3542	6.7382
elementwise_layout_bench	1M|c128|bcast|sqrt	9.5436	14.615
elementwise_layout_bench	1M|c128|bcast|less	1.8802	1.0634
elementwise_layout_bench	1M|c128|bcast|copy	1.0587	4.6932
elementwise_layout_bench	1M|f16|C|add	9.0013	6.7718
elementwise_layout_bench	1M|f16|C|mul	9.1284	6.8442
elementwise_layout_bench	1M|f16|C|neg	0.48965	0.8698
elementwise_layout_bench	1M|f16|C|abs	0.4901	0.8711
elementwise_layout_bench	1M|f16|C|sqrt	6.6221	4.9253
elementwise_layout_bench	1M|f16|C|less	2.103	2.3409
elementwise_layout_bench	1M|f16|C|copy	0.08902222222222222	0.4663
elementwise_layout_bench	1M|f16|F|add	9.0364	6.6362
elementwise_layout_bench	1M|f16|F|mul	8.9558	6.9584
elementwise_layout_bench	1M|f16|F|neg	0.4887	0.8708
elementwise_layout_bench	1M|f16|F|abs	0.4895	0.8728
elementwise_layout_bench	1M|f16|F|sqrt	6.5436	4.9154
elementwise_layout_bench	1M|f16|F|less	2.1155	2.3414
elementwise_layout_bench	1M|f16|F|copy	0.7631	1.1128
elementwise_layout_bench	1M|f16|T|add	8.9689	6.7263
elementwise_layout_bench	1M|f16|T|mul	8.9722	3.4832
elementwise_layout_bench	1M|f16|T|neg	0.4897	0.8717
elementwise_layout_bench	1M|f16|T|abs	0.48965	0.875
elementwise_layout_bench	1M|f16|T|sqrt	6.5585	4.874
elementwise_layout_bench	1M|f16|T|less	2.109	2.3384
elementwise_layout_bench	1M|f16|T|copy	0.7615	1.1212
elementwise_layout_bench	1M|f16|strided|add	4.7902	3.1437
elementwise_layout_bench	1M|f16|strided|mul	4.8093	3.2269
elementwise_layout_bench	1M|f16|strided|neg	0.3481	0.246833
elementwise_layout_bench	1M|f16|strided|abs	0.3473333333333333	0.247
elementwise_layout_bench	1M|f16|strided|sqrt	3.6864	2.2234
elementwise_layout_bench	1M|f16|strided|less	1.3807	1.1692
elementwise_layout_bench	1M|f16|strided|copy	0.047642857142857147	0.245833
elementwise_layout_bench	1M|f16|sliced|add	9.1302	6.657
elementwise_layout_bench	1M|f16|sliced|mul	9.1	6.8235
elementwise_layout_bench	1M|f16|sliced|neg	0.50295	0.9333
elementwise_layout_bench	1M|f16|sliced|abs	0.5028	0.5772
elementwise_layout_bench	1M|f16|sliced|sqrt	6.5347	4.9525
elementwise_layout_bench	1M|f16|sliced|less	2.5464	2.4421
elementwise_layout_bench	1M|f16|sliced|copy	0.08535	0.57055
elementwise_layout_bench	1M|f16|negrow|add	9.121	6.7326
elementwise_layout_bench	1M|f16|negrow|mul	9.164	7.0085
elementwise_layout_bench	1M|f16|negrow|neg	0.5074	0.9467
elementwise_layout_bench	1M|f16|negrow|abs	0.506	0.9508
elementwise_layout_bench	1M|f16|negrow|sqrt	6.6048	4.9452
elementwise_layout_bench	1M|f16|negrow|less	2.5409	2.4504
elementwise_layout_bench	1M|f16|negrow|copy	0.08805	0.6087
elementwise_layout_bench	1M|f16|negcol|add	9.676	7.6144
elementwise_layout_bench	1M|f16|negcol|mul	9.7402	7.7777
elementwise_layout_bench	1M|f16|negcol|neg	0.6847	1.3747
elementwise_layout_bench	1M|f16|negcol|abs	0.6871	1.3756
elementwise_layout_bench	1M|f16|negcol|sqrt	7.4058	5.4106
elementwise_layout_bench	1M|f16|negcol|less	2.7415	3.325
elementwise_layout_bench	1M|f16|negcol|copy	0.084725	0.8778
elementwise_layout_bench	1M|f16|bcast|add	9.1918	6.5996
elementwise_layout_bench	1M|f16|bcast|mul	9.0627	6.6807
elementwise_layout_bench	1M|f16|bcast|neg	0.49515	0.9029
elementwise_layout_bench	1M|f16|bcast|abs	0.49375	0.9031
elementwise_layout_bench	1M|f16|bcast|sqrt	6.5265	5.0021
elementwise_layout_bench	1M|f16|bcast|less	2.5392	2.42
elementwise_layout_bench	1M|f16|bcast|copy	0.066575	0.58655
elementwise_layout_bench	1M|i32|C|add	0.30205	1.24
elementwise_layout_bench	1M|i32|C|mul	0.2895	1.2437
elementwise_layout_bench	1M|i32|C|neg	0.3084	1.1853
elementwise_layout_bench	1M|i32|C|abs	0.24215	0.8362
elementwise_layout_bench	1M|i32|C|sqrt	2.8093	4.7865
elementwise_layout_bench	1M|i32|C|less	0.12495	0.108375
elementwise_layout_bench	1M|i32|C|copy	0.17632	0.897
elementwise_layout_bench	1M|i32|F|add	0.2752	1.2469
elementwise_layout_bench	1M|i32|F|mul	0.2461	1.2562
elementwise_layout_bench	1M|i32|F|neg	0.23725	1.1632
elementwise_layout_bench	1M|i32|F|abs	0.2383333333333333	1.2723
elementwise_layout_bench	1M|i32|F|sqrt	2.8068	4.7874
elementwise_layout_bench	1M|i32|F|less	0.11425	0.106567
elementwise_layout_bench	1M|i32|F|copy	0.7722	1.4695
elementwise_layout_bench	1M|i32|T|add	0.22775	1.2372
elementwise_layout_bench	1M|i32|T|mul	0.24745	1.2402
elementwise_layout_bench	1M|i32|T|neg	0.2305	1.142
elementwise_layout_bench	1M|i32|T|abs	0.24	1.2567
elementwise_layout_bench	1M|i32|T|sqrt	2.8077	4.7456
elementwise_layout_bench	1M|i32|T|less	0.11876666666666667	0.105189
elementwise_layout_bench	1M|i32|T|copy	0.5575	1.4957
elementwise_layout_bench	1M|i32|strided|add	0.9122	0.6626
elementwise_layout_bench	1M|i32|strided|mul	0.912	0.6609
elementwise_layout_bench	1M|i32|strided|neg	0.4602	0.8522
elementwise_layout_bench	1M|i32|strided|abs	0.46095	0.6693
elementwise_layout_bench	1M|i32|strided|sqrt	1.726	2.42
elementwise_layout_bench	1M|i32|strided|less	0.44735	0.267325
elementwise_layout_bench	1M|i32|strided|copy	0.2718	0.6214
elementwise_layout_bench	1M|i32|sliced|add	0.2607333333333333	1.5148
elementwise_layout_bench	1M|i32|sliced|mul	0.25715	1.5438
elementwise_layout_bench	1M|i32|sliced|neg	0.2595	1.2823
elementwise_layout_bench	1M|i32|sliced|abs	0.2484	1.3781
elementwise_layout_bench	1M|i32|sliced|sqrt	3.1698	4.7499
elementwise_layout_bench	1M|i32|sliced|less	0.57455	0.40645
elementwise_layout_bench	1M|i32|sliced|copy	0.2438	1.1483
elementwise_layout_bench	1M|i32|negrow|add	0.23545	1.5059
elementwise_layout_bench	1M|i32|negrow|mul	0.26235	1.5574
elementwise_layout_bench	1M|i32|negrow|neg	0.25645	1.281
elementwise_layout_bench	1M|i32|negrow|abs	0.2363	1.3961
elementwise_layout_bench	1M|i32|negrow|sqrt	3.2469	4.7726
elementwise_layout_bench	1M|i32|negrow|less	0.5966	0.40305
elementwise_layout_bench	1M|i32|negrow|copy	0.25405	1.1027
elementwise_layout_bench	1M|i32|negcol|add	1.8334	2.101
elementwise_layout_bench	1M|i32|negcol|mul	1.8308	2.1289
elementwise_layout_bench	1M|i32|negcol|neg	0.9162	1.5721
elementwise_layout_bench	1M|i32|negcol|abs	0.9152	1.6835
elementwise_layout_bench	1M|i32|negcol|sqrt	3.4078	4.7828
elementwise_layout_bench	1M|i32|negcol|less	0.8617	0.9763
elementwise_layout_bench	1M|i32|negcol|copy	0.52725	1.2176
elementwise_layout_bench	1M|i32|bcast|add	0.14583333333333334	1.4
elementwise_layout_bench	1M|i32|bcast|mul	0.144825	1.4371
elementwise_layout_bench	1M|i32|bcast|neg	0.13999999999999999	1.1395
elementwise_layout_bench	1M|i32|bcast|abs	0.14203333333333332	0.9094
elementwise_layout_bench	1M|i32|bcast|sqrt	3.1658	1.8921
elementwise_layout_bench	1M|i32|bcast|less	0.56405	0.296467
elementwise_layout_bench	1M|i32|bcast|copy	0.15123333333333333	1.1024
elementwise_layout_bench	1M|i64|C|add	0.666	2.3383
elementwise_layout_bench	1M|i64|C|mul	0.692	2.3385
elementwise_layout_bench	1M|i64|C|neg	0.7491	2.3082
elementwise_layout_bench	1M|i64|C|abs	0.7366	2.3465
elementwise_layout_bench	1M|i64|C|sqrt	2.8062	4.8196
elementwise_layout_bench	1M|i64|C|less	0.25986666666666663	0.223975
elementwise_layout_bench	1M|i64|C|copy	0.3855	1.7961
elementwise_layout_bench	1M|i64|F|add	0.6659	2.3526
elementwise_layout_bench	1M|i64|F|mul	0.7121	2.3772
elementwise_layout_bench	1M|i64|F|neg	0.6892	2.3257
elementwise_layout_bench	1M|i64|F|abs	0.7391	2.3456
elementwise_layout_bench	1M|i64|F|sqrt	2.8073	4.8341
elementwise_layout_bench	1M|i64|F|less	0.26093333333333335	0.21035
elementwise_layout_bench	1M|i64|F|copy	1.0425	2.5683
elementwise_layout_bench	1M|i64|T|add	0.6467	2.3388
elementwise_layout_bench	1M|i64|T|mul	0.7289	2.2408
elementwise_layout_bench	1M|i64|T|neg	0.736	2.3265
elementwise_layout_bench	1M|i64|T|abs	0.6878	2.3437
elementwise_layout_bench	1M|i64|T|sqrt	2.8148	4.8011
elementwise_layout_bench	1M|i64|T|less	0.2621	0.1806
elementwise_layout_bench	1M|i64|T|copy	1.0488	2.5797
elementwise_layout_bench	1M|i64|strided|add	1.8189	1.2524
elementwise_layout_bench	1M|i64|strided|mul	1.8222	1.253
elementwise_layout_bench	1M|i64|strided|neg	0.43215	1.2334
elementwise_layout_bench	1M|i64|strided|abs	0.4206	1.2481
elementwise_layout_bench	1M|i64|strided|sqrt	1.7182	2.4138
elementwise_layout_bench	1M|i64|strided|less	0.46185	0.275367
elementwise_layout_bench	1M|i64|strided|copy	0.3974	1.2401
elementwise_layout_bench	1M|i64|sliced|add	0.6478	2.9396
elementwise_layout_bench	1M|i64|sliced|mul	0.7313	2.9295
elementwise_layout_bench	1M|i64|sliced|neg	0.6728	2.5777
elementwise_layout_bench	1M|i64|sliced|abs	0.7417	2.5471
elementwise_layout_bench	1M|i64|sliced|sqrt	3.3364	4.7793
elementwise_layout_bench	1M|i64|sliced|less	0.6142	0.7891
elementwise_layout_bench	1M|i64|sliced|copy	0.6849	2.31
elementwise_layout_bench	1M|i64|negrow|add	0.6589	2.8917
elementwise_layout_bench	1M|i64|negrow|mul	0.7225	2.8845
elementwise_layout_bench	1M|i64|negrow|neg	0.6814	2.6366
elementwise_layout_bench	1M|i64|negrow|abs	0.7883	2.6677
elementwise_layout_bench	1M|i64|negrow|sqrt	3.3731	4.8191
elementwise_layout_bench	1M|i64|negrow|less	0.6301	0.7817
elementwise_layout_bench	1M|i64|negrow|copy	0.6304	2.3184
elementwise_layout_bench	1M|i64|negcol|add	3.6847	3.4376
elementwise_layout_bench	1M|i64|negcol|mul	3.6871	2.1153
elementwise_layout_bench	1M|i64|negcol|neg	0.6828	2.8658
elementwise_layout_bench	1M|i64|negcol|abs	0.8789	2.8723
elementwise_layout_bench	1M|i64|negcol|sqrt	3.4526	4.7209
elementwise_layout_bench	1M|i64|negcol|less	0.8862	1.2837
elementwise_layout_bench	1M|i64|negcol|copy	0.7311	2.3465
elementwise_layout_bench	1M|i64|bcast|add	0.3274	1.8154
elementwise_layout_bench	1M|i64|bcast|mul	0.4224	2.6315
elementwise_layout_bench	1M|i64|bcast|neg	0.4504	2.4132
elementwise_layout_bench	1M|i64|bcast|abs	0.6075	2.4277
elementwise_layout_bench	1M|i64|bcast|sqrt	3.2155	4.8142
elementwise_layout_bench	1M|i64|bcast|less	0.5584	0.3462
elementwise_layout_bench	1M|i64|bcast|copy	0.34855	2.1967
