Operation,Suite,DType,N,Scenario,NumPy ms,Managed ms,Managed availability,OpenBLAS ms,OpenBLAS availability,Effective backend,Effective NumSharp ms,NPY/NS,Status
"np.polyfit(x, y, 3)",Api,float64,1000,,0.0549,,missing_backend,0.2522,available,openblas,0.2522,0.21134,slower
np.roots(p),Api,float64,16,,0.0456,,missing_backend,0.0652,available,openblas,0.0652,0.868098,close
np.array2string(a) (float64),ApiSurface,float64,1000,,2.1167,1.0892,available,,not_measured,managed,1.0892,1.943353,faster
np.array_repr(a) (float64),ApiSurface,float64,1000,,2.1476,1.1179,available,,not_measured,managed,1.1179,1.921102,faster
np.array_str(a) (float64),ApiSurface,float64,1000,,2.1614,1.0885,available,,not_measured,managed,1.0885,1.985668,faster
"np.can_cast(from, to) (float64)",ApiSurface,float64,1000,,0.0003,0.0,available,,not_measured,managed,0.0,,no_data
"np.common_type(a, b) (float64)",ApiSurface,float64,1000,,0.001,0.0,available,,not_measured,managed,0.0,,no_data
"np.copyto(dst, src) (float64)",ApiSurface,float64,1000,,0.0006,0.0005,available,,not_measured,managed,0.0005,1.2,negligible
np.format_float_positional(x) (float64),ApiSurface,float64,1000,,0.0006,0.0005,available,,not_measured,managed,0.0005,1.2,negligible
np.format_float_scientific(x) (float64),ApiSurface,float64,1000,,0.0006,0.0005,available,,not_measured,managed,0.0005,1.2,negligible
np.fromfile(path) (float64),ApiSurface,float64,1000,,0.0325,0.052,available,,not_measured,managed,0.052,0.625,close
np.get_printoptions() (float64),ApiSurface,float64,1000,,0.0004,0.0003,available,,not_measured,managed,0.0003,1.333333,negligible
"np.isdtype(dtype, kind) (float64)",ApiSurface,float64,1000,,0.0007,0.0,available,,not_measured,managed,0.0,,no_data
"np.issubdtype(dtype, kind) (float64)",ApiSurface,float64,1000,,0.0002,0.0,available,,not_measured,managed,0.0,,no_data
np.iterable(a) (float64),ApiSurface,float64,1000,,0.0001,0.0,available,,not_measured,managed,0.0,,no_data
np.load(path) (float64),ApiSurface,float64,1000,,0.0683,0.0604,available,,not_measured,managed,0.0604,1.130795,faster
np.loadtxt(path) (float64),ApiSurface,float64,1000,,0.2814,0.8095,available,,not_measured,managed,0.8095,0.347622,slower
np.min_scalar_type(value) (float64),ApiSurface,float64,1000,,0.0003,0.0,available,,not_measured,managed,0.0,,no_data
np.mintypecode(typechars) (float64),ApiSurface,float64,1000,,0.0008,0.0002,available,,not_measured,managed,0.0002,4.0,negligible
"np.nested_iters(a, axes) (float64)",ApiSurface,float64,1000,,0.0006,0.0016,available,,not_measured,managed,0.0016,0.375,negligible
np.poly(roots) (float64),ApiSurface,float64,1000,,0.0243,0.1436,available,,not_measured,managed,0.1436,0.16922,much_slower
"np.polyadd(p, q) (float64)",ApiSurface,float64,1000,,0.0023,0.0038,available,,not_measured,managed,0.0038,0.605263,close
np.polyder(p) (float64),ApiSurface,float64,1000,,0.0026,0.0109,available,,not_measured,managed,0.0109,0.238532,slower
"np.polydiv(p, q) (float64)",ApiSurface,float64,1000,,0.1148,0.4359,available,,not_measured,managed,0.4359,0.263363,slower
np.polyint(p) (float64),ApiSurface,float64,1000,,0.003,0.0152,available,,not_measured,managed,0.0152,0.197368,much_slower
"np.polymul(p, q) (float64)",ApiSurface,float64,1000,,0.0151,0.0196,available,,not_measured,managed,0.0196,0.770408,close
"np.polysub(p, q) (float64)",ApiSurface,float64,1000,,0.0018,0.0056,available,,not_measured,managed,0.0056,0.321429,slower
"np.polyval(p, x) (float64)",ApiSurface,float64,1000,,0.0224,0.124,available,,not_measured,managed,0.124,0.180645,much_slower
np.printoptions() (float64),ApiSurface,float64,1000,,0.0037,0.0001,available,,not_measured,managed,0.0001,37.0,negligible
"np.promote_types(a, b) (float64)",ApiSurface,float64,1000,,0.0002,0.0,available,,not_measured,managed,0.0,,no_data
"np.result_type(a, b) (float64)",ApiSurface,float64,1000,,0.0002,0.0,available,,not_measured,managed,0.0,,no_data
"np.save(path, a) (float64)",ApiSurface,float64,1000,,0.2848,0.3718,available,,not_measured,managed,0.3718,0.766003,close
"np.savetxt(path, a) (float64)",ApiSurface,float64,1000,,1.6594,1.2266,available,,not_measured,managed,1.2266,1.352845,faster
"np.savez(path, a) (float64)",ApiSurface,float64,1000,,0.3451,7.284,available,,not_measured,managed,7.284,0.047378,much_slower
"np.savez_compressed(path, a) (float64)",ApiSurface,float64,1000,,0.3429,0.541,available,,not_measured,managed,0.541,0.633826,close
np.set_printoptions() (float64),ApiSurface,float64,1000,,0.002,0.0001,available,,not_measured,managed,0.0001,20.0,negligible
a % 7 (literal) (float32),Arithmetic,float32,1000,,0.0154,0.0081,available,,not_measured,managed,0.0081,1.901235,faster
a % 7 (literal) (float32),Arithmetic,float32,100000,,1.6378,1.2696,available,,not_measured,managed,1.2696,1.290013,faster
a % 7 (literal) (float32),Arithmetic,float32,10000000,,166.9824,114.964,available,,not_measured,managed,114.964,1.452476,faster
a % 7 (literal) (float64),Arithmetic,float64,1000,,0.0125,0.0062,available,,not_measured,managed,0.0062,2.016129,faster
a % 7 (literal) (float64),Arithmetic,float64,100000,,1.4535,1.1321,available,,not_measured,managed,1.1321,1.283897,faster
a % 7 (literal) (float64),Arithmetic,float64,10000000,,166.3721,116.3861,available,,not_measured,managed,116.3861,1.429484,faster
a % 7 (literal) (int32),Arithmetic,int32,1000,,0.0022,0.0038,available,,not_measured,managed,0.0038,0.578947,close
a % 7 (literal) (int32),Arithmetic,int32,100000,,0.4152,0.4741,available,,not_measured,managed,0.4741,0.875765,close
a % 7 (literal) (int32),Arithmetic,int32,10000000,,46.1169,47.0786,available,,not_measured,managed,47.0786,0.979572,close
a % 7 (literal) (int64),Arithmetic,int64,1000,,0.0043,0.0052,available,,not_measured,managed,0.0052,0.826923,close
a % 7 (literal) (int64),Arithmetic,int64,100000,,0.4269,0.5449,available,,not_measured,managed,0.5449,0.783447,close
a % 7 (literal) (int64),Arithmetic,int64,10000000,,58.7541,58.8679,available,,not_measured,managed,58.8679,0.998067,close
a % b (element-wise) (float32),Arithmetic,float32,1000,,0.0193,0.0122,available,,not_measured,managed,0.0122,1.581967,faster
a % b (element-wise) (float32),Arithmetic,float32,100000,,1.5059,1.6725,available,,not_measured,managed,1.6725,0.900389,close
a % b (element-wise) (float32),Arithmetic,float32,10000000,,159.0351,103.3305,available,,not_measured,managed,103.3305,1.539092,faster
a % b (element-wise) (float64),Arithmetic,float64,1000,,0.0107,0.0101,available,,not_measured,managed,0.0101,1.059406,faster
a % b (element-wise) (float64),Arithmetic,float64,100000,,1.2515,1.4814,available,,not_measured,managed,1.4814,0.844809,close
a % b (element-wise) (float64),Arithmetic,float64,10000000,,135.0778,98.5315,available,,not_measured,managed,98.5315,1.37091,faster
a % b (element-wise) (int32),Arithmetic,int32,1000,,0.0021,0.0026,available,,not_measured,managed,0.0026,0.807692,close
a % b (element-wise) (int32),Arithmetic,int32,100000,,0.38,0.6009,available,,not_measured,managed,0.6009,0.632385,close
a % b (element-wise) (int32),Arithmetic,int32,10000000,,47.3148,62.7471,available,,not_measured,managed,62.7471,0.754056,close
a % b (element-wise) (int64),Arithmetic,int64,1000,,0.0038,0.0034,available,,not_measured,managed,0.0034,1.117647,faster
a % b (element-wise) (int64),Arithmetic,int64,100000,,0.384,0.6253,available,,not_measured,managed,0.6253,0.614105,close
a % b (element-wise) (int64),Arithmetic,int64,10000000,,61.1304,68.4734,available,,not_measured,managed,68.4734,0.892761,close
a * 2 (literal) (complex128),Arithmetic,complex128,1000,,0.0012,0.0052,available,,not_measured,managed,0.0052,0.230769,slower
a * 2 (literal) (complex128),Arithmetic,complex128,100000,,0.3963,0.2486,available,,not_measured,managed,0.2486,1.594127,faster
a * 2 (literal) (complex128),Arithmetic,complex128,10000000,,30.2616,25.8379,available,,not_measured,managed,25.8379,1.17121,faster
a * 2 (literal) (float16),Arithmetic,float16,1000,,0.0038,0.0109,available,,not_measured,managed,0.0109,0.348624,slower
a * 2 (literal) (float16),Arithmetic,float16,100000,,0.3031,0.4731,available,,not_measured,managed,0.4731,0.640668,close
a * 2 (literal) (float16),Arithmetic,float16,10000000,,34.2572,47.527,available,,not_measured,managed,47.527,0.720794,close
a * 2 (literal) (float32),Arithmetic,float32,1000,,0.0008,0.0057,available,,not_measured,managed,0.0057,0.140351,negligible
a * 2 (literal) (float32),Arithmetic,float32,100000,,0.0068,0.0291,available,,not_measured,managed,0.0291,0.233677,slower
a * 2 (literal) (float32),Arithmetic,float32,10000000,,11.971,5.0387,available,,not_measured,managed,5.0387,2.375811,faster
a * 2 (literal) (float64),Arithmetic,float64,1000,,0.0008,0.0064,available,,not_measured,managed,0.0064,0.125,negligible
a * 2 (literal) (float64),Arithmetic,float64,100000,,0.0136,0.0569,available,,not_measured,managed,0.0569,0.239016,slower
a * 2 (literal) (float64),Arithmetic,float64,10000000,,15.8222,13.7544,available,,not_measured,managed,13.7544,1.150337,faster
a * 2 (literal) (int16),Arithmetic,int16,1000,,0.0011,0.0037,available,,not_measured,managed,0.0037,0.297297,slower
a * 2 (literal) (int16),Arithmetic,int16,100000,,0.0222,0.0222,available,,not_measured,managed,0.0222,1.0,close
a * 2 (literal) (int16),Arithmetic,int16,10000000,,6.2411,3.3664,available,,not_measured,managed,3.3664,1.853939,faster
a * 2 (literal) (int32),Arithmetic,int32,1000,,0.001,0.0023,available,,not_measured,managed,0.0023,0.434783,slower
a * 2 (literal) (int32),Arithmetic,int32,100000,,0.0233,0.0279,available,,not_measured,managed,0.0279,0.835125,close
a * 2 (literal) (int32),Arithmetic,int32,10000000,,13.4344,5.1467,available,,not_measured,managed,5.1467,2.610294,faster
a * 2 (literal) (int64),Arithmetic,int64,1000,,0.0012,0.0044,available,,not_measured,managed,0.0044,0.272727,slower
a * 2 (literal) (int64),Arithmetic,int64,100000,,0.0239,0.0574,available,,not_measured,managed,0.0574,0.416376,slower
a * 2 (literal) (int64),Arithmetic,int64,10000000,,27.23,13.4681,available,,not_measured,managed,13.4681,2.021815,faster
a * 2 (literal) (int8),Arithmetic,int8,1000,,0.0009,0.0023,available,,not_measured,managed,0.0023,0.391304,negligible
a * 2 (literal) (int8),Arithmetic,int8,100000,,0.023,0.0137,available,,not_measured,managed,0.0137,1.678832,faster
a * 2 (literal) (int8),Arithmetic,int8,10000000,,4.646,1.3353,available,,not_measured,managed,1.3353,3.479368,faster
a * 2 (literal) (uint16),Arithmetic,uint16,1000,,0.0011,0.0034,available,,not_measured,managed,0.0034,0.323529,slower
a * 2 (literal) (uint16),Arithmetic,uint16,100000,,0.0229,0.0205,available,,not_measured,managed,0.0205,1.117073,faster
a * 2 (literal) (uint16),Arithmetic,uint16,10000000,,5.7103,3.1828,available,,not_measured,managed,3.1828,1.794112,faster
a * 2 (literal) (uint32),Arithmetic,uint32,1000,,0.001,0.0039,available,,not_measured,managed,0.0039,0.25641,slower
a * 2 (literal) (uint32),Arithmetic,uint32,100000,,0.0264,0.0285,available,,not_measured,managed,0.0285,0.926316,close
a * 2 (literal) (uint32),Arithmetic,uint32,10000000,,12.1516,5.1835,available,,not_measured,managed,5.1835,2.344285,faster
a * 2 (literal) (uint64),Arithmetic,uint64,1000,,0.0009,0.0046,available,,not_measured,managed,0.0046,0.195652,negligible
a * 2 (literal) (uint64),Arithmetic,uint64,100000,,0.022,0.0579,available,,not_measured,managed,0.0579,0.379965,slower
a * 2 (literal) (uint64),Arithmetic,uint64,10000000,,19.5462,12.9265,available,,not_measured,managed,12.9265,1.512103,faster
a * 2 (literal) (uint8),Arithmetic,uint8,1000,,0.0009,0.0021,available,,not_measured,managed,0.0021,0.428571,negligible
a * 2 (literal) (uint8),Arithmetic,uint8,100000,,0.0275,0.0147,available,,not_measured,managed,0.0147,1.870748,faster
a * 2 (literal) (uint8),Arithmetic,uint8,10000000,,4.1499,1.4423,available,,not_measured,managed,1.4423,2.877279,faster
a * a (square) (complex128),Arithmetic,complex128,1000,,0.0008,0.0037,available,,not_measured,managed,0.0037,0.216216,negligible
a * a (square) (complex128),Arithmetic,complex128,100000,,0.3702,0.3228,available,,not_measured,managed,0.3228,1.14684,faster
a * a (square) (complex128),Arithmetic,complex128,10000000,,29.772,25.9967,available,,not_measured,managed,25.9967,1.145222,faster
a * a (square) (float16),Arithmetic,float16,1000,,0.0033,0.0099,available,,not_measured,managed,0.0099,0.333333,slower
a * a (square) (float16),Arithmetic,float16,100000,,0.3014,0.9172,available,,not_measured,managed,0.9172,0.328609,slower
a * a (square) (float16),Arithmetic,float16,10000000,,32.4791,48.2161,available,,not_measured,managed,48.2161,0.673615,close
a * a (square) (float32),Arithmetic,float32,1000,,0.0006,0.0014,available,,not_measured,managed,0.0014,0.428571,negligible
a * a (square) (float32),Arithmetic,float32,100000,,0.0065,0.0513,available,,not_measured,managed,0.0513,0.126706,much_slower
a * a (square) (float32),Arithmetic,float32,10000000,,12.3124,5.009,available,,not_measured,managed,5.009,2.458056,faster
a * a (square) (float64),Arithmetic,float64,1000,,0.0005,0.0017,available,,not_measured,managed,0.0017,0.294118,negligible
a * a (square) (float64),Arithmetic,float64,100000,,0.0158,0.1206,available,,not_measured,managed,0.1206,0.131012,much_slower
a * a (square) (float64),Arithmetic,float64,10000000,,15.5878,15.6805,available,,not_measured,managed,15.6805,0.994088,close
a * a (square) (int16),Arithmetic,int16,1000,,0.0008,0.0023,available,,not_measured,managed,0.0023,0.347826,negligible
a * a (square) (int16),Arithmetic,int16,100000,,0.0285,0.0283,available,,not_measured,managed,0.0283,1.007067,close
a * a (square) (int16),Arithmetic,int16,10000000,,5.7055,4.5688,available,,not_measured,managed,4.5688,1.248796,faster
a * a (square) (int32),Arithmetic,int32,1000,,0.0008,0.002,available,,not_measured,managed,0.002,0.4,negligible
a * a (square) (int32),Arithmetic,int32,100000,,0.0301,0.0527,available,,not_measured,managed,0.0527,0.571157,close
a * a (square) (int32),Arithmetic,int32,10000000,,12.4856,9.349,available,,not_measured,managed,9.349,1.335501,faster
a * a (square) (int64),Arithmetic,int64,1000,,0.0008,0.0032,available,,not_measured,managed,0.0032,0.25,negligible
a * a (square) (int64),Arithmetic,int64,100000,,0.03,0.0998,available,,not_measured,managed,0.0998,0.300601,slower
a * a (square) (int64),Arithmetic,int64,10000000,,28.4649,14.0536,available,,not_measured,managed,14.0536,2.025453,faster
a * a (square) (int8),Arithmetic,int8,1000,,0.0007,0.0014,available,,not_measured,managed,0.0014,0.5,negligible
a * a (square) (int8),Arithmetic,int8,100000,,0.0298,0.0167,available,,not_measured,managed,0.0167,1.784431,faster
a * a (square) (int8),Arithmetic,int8,10000000,,4.8114,2.256,available,,not_measured,managed,2.256,2.132713,faster
a * a (square) (uint16),Arithmetic,uint16,1000,,0.0008,0.0021,available,,not_measured,managed,0.0021,0.380952,negligible
a * a (square) (uint16),Arithmetic,uint16,100000,,0.0307,0.0278,available,,not_measured,managed,0.0278,1.104317,faster
a * a (square) (uint16),Arithmetic,uint16,10000000,,6.9543,4.398,available,,not_measured,managed,4.398,1.581241,faster
a * a (square) (uint32),Arithmetic,uint32,1000,,0.0008,0.0015,available,,not_measured,managed,0.0015,0.533333,negligible
a * a (square) (uint32),Arithmetic,uint32,100000,,0.0289,0.0561,available,,not_measured,managed,0.0561,0.515152,close
a * a (square) (uint32),Arithmetic,uint32,10000000,,8.1653,8.376,available,,not_measured,managed,8.376,0.974845,close
a * a (square) (uint64),Arithmetic,uint64,1000,,0.0007,0.003,available,,not_measured,managed,0.003,0.233333,negligible
a * a (square) (uint64),Arithmetic,uint64,100000,,0.0292,0.1025,available,,not_measured,managed,0.1025,0.284878,slower
a * a (square) (uint64),Arithmetic,uint64,10000000,,24.5044,13.4719,available,,not_measured,managed,13.4719,1.818927,faster
a * a (square) (uint8),Arithmetic,uint8,1000,,0.0007,0.0016,available,,not_measured,managed,0.0016,0.4375,negligible
a * a (square) (uint8),Arithmetic,uint8,100000,,0.0309,0.0168,available,,not_measured,managed,0.0168,1.839286,faster
a * a (square) (uint8),Arithmetic,uint8,10000000,,4.7441,2.214,available,,not_measured,managed,2.214,2.142773,faster
a * b (element-wise) (complex128),Arithmetic,complex128,1000,,0.001,0.0032,available,,not_measured,managed,0.0032,0.3125,slower
a * b (element-wise) (complex128),Arithmetic,complex128,100000,,0.3859,0.3553,available,,not_measured,managed,0.3553,1.086124,faster
a * b (element-wise) (complex128),Arithmetic,complex128,10000000,,36.4392,29.3659,available,,not_measured,managed,29.3659,1.240868,faster
a * b (element-wise) (float16),Arithmetic,float16,1000,,0.0033,0.01,available,,not_measured,managed,0.01,0.33,slower
a * b (element-wise) (float16),Arithmetic,float16,100000,,0.2993,0.9214,available,,not_measured,managed,0.9214,0.324832,slower
a * b (element-wise) (float16),Arithmetic,float16,10000000,,34.7535,47.2843,available,,not_measured,managed,47.2843,0.73499,close
a * b (element-wise) (float32),Arithmetic,float32,1000,,0.0005,0.0016,available,,not_measured,managed,0.0016,0.3125,negligible
a * b (element-wise) (float32),Arithmetic,float32,100000,,0.0089,0.053,available,,not_measured,managed,0.053,0.167925,much_slower
a * b (element-wise) (float32),Arithmetic,float32,10000000,,15.132,5.7948,available,,not_measured,managed,5.7948,2.611307,faster
a * b (element-wise) (float64),Arithmetic,float64,1000,,0.0008,0.0027,available,,not_measured,managed,0.0027,0.296296,negligible
a * b (element-wise) (float64),Arithmetic,float64,100000,,0.0282,0.1055,available,,not_measured,managed,0.1055,0.267299,slower
a * b (element-wise) (float64),Arithmetic,float64,10000000,,17.342,19.1572,available,,not_measured,managed,19.1572,0.905247,close
a * b (element-wise) (int16),Arithmetic,int16,1000,,0.0008,0.0012,available,,not_measured,managed,0.0012,0.666667,negligible
a * b (element-wise) (int16),Arithmetic,int16,100000,,0.0283,0.0278,available,,not_measured,managed,0.0278,1.017986,close
a * b (element-wise) (int16),Arithmetic,int16,10000000,,5.4683,6.1369,available,,not_measured,managed,6.1369,0.891052,close
a * b (element-wise) (int32),Arithmetic,int32,1000,,0.0011,0.0019,available,,not_measured,managed,0.0019,0.578947,close
a * b (element-wise) (int32),Arithmetic,int32,100000,,0.0317,0.0535,available,,not_measured,managed,0.0535,0.592523,close
a * b (element-wise) (int32),Arithmetic,int32,10000000,,13.319,10.8943,available,,not_measured,managed,10.8943,1.222566,faster
a * b (element-wise) (int64),Arithmetic,int64,1000,,0.0008,0.0018,available,,not_measured,managed,0.0018,0.444444,negligible
a * b (element-wise) (int64),Arithmetic,int64,100000,,0.0349,0.1076,available,,not_measured,managed,0.1076,0.324349,slower
a * b (element-wise) (int64),Arithmetic,int64,10000000,,25.8494,29.1131,available,,not_measured,managed,29.1131,0.887896,close
a * b (element-wise) (int8),Arithmetic,int8,1000,,0.0007,0.0017,available,,not_measured,managed,0.0017,0.411765,negligible
a * b (element-wise) (int8),Arithmetic,int8,100000,,0.0283,0.0167,available,,not_measured,managed,0.0167,1.694611,faster
a * b (element-wise) (int8),Arithmetic,int8,10000000,,4.837,3.5679,available,,not_measured,managed,3.5679,1.355699,faster
a * b (element-wise) (uint16),Arithmetic,uint16,1000,,0.0008,0.0021,available,,not_measured,managed,0.0021,0.380952,negligible
a * b (element-wise) (uint16),Arithmetic,uint16,100000,,0.041,0.0283,available,,not_measured,managed,0.0283,1.448763,faster
a * b (element-wise) (uint16),Arithmetic,uint16,10000000,,7.1692,6.0529,available,,not_measured,managed,6.0529,1.184424,faster
a * b (element-wise) (uint32),Arithmetic,uint32,1000,,0.0008,0.0014,available,,not_measured,managed,0.0014,0.571429,negligible
a * b (element-wise) (uint32),Arithmetic,uint32,100000,,0.0296,0.0532,available,,not_measured,managed,0.0532,0.556391,close
a * b (element-wise) (uint32),Arithmetic,uint32,10000000,,9.1817,11.0235,available,,not_measured,managed,11.0235,0.832921,close
a * b (element-wise) (uint64),Arithmetic,uint64,1000,,0.0008,0.0026,available,,not_measured,managed,0.0026,0.307692,negligible
a * b (element-wise) (uint64),Arithmetic,uint64,100000,,0.0358,0.1085,available,,not_measured,managed,0.1085,0.329954,slower
a * b (element-wise) (uint64),Arithmetic,uint64,10000000,,26.2758,21.2758,available,,not_measured,managed,21.2758,1.235009,faster
a * b (element-wise) (uint8),Arithmetic,uint8,1000,,0.0007,0.0011,available,,not_measured,managed,0.0011,0.636364,negligible
a * b (element-wise) (uint8),Arithmetic,uint8,100000,,0.0284,0.0171,available,,not_measured,managed,0.0171,1.660819,faster
a * b (element-wise) (uint8),Arithmetic,uint8,10000000,,5.6184,3.5028,available,,not_measured,managed,3.5028,1.603974,faster
a * scalar (complex128),Arithmetic,complex128,1000,,0.001,0.0031,available,,not_measured,managed,0.0031,0.322581,slower
a * scalar (complex128),Arithmetic,complex128,100000,,0.3709,0.2235,available,,not_measured,managed,0.2235,1.659508,faster
a * scalar (complex128),Arithmetic,complex128,10000000,,30.1782,25.6947,available,,not_measured,managed,25.6947,1.174491,faster
a * scalar (float16),Arithmetic,float16,1000,,0.0034,0.0095,available,,not_measured,managed,0.0095,0.357895,slower
a * scalar (float16),Arithmetic,float16,100000,,0.2946,0.4905,available,,not_measured,managed,0.4905,0.600612,close
a * scalar (float16),Arithmetic,float16,10000000,,33.1516,48.3856,available,,not_measured,managed,48.3856,0.685154,close
a * scalar (float32),Arithmetic,float32,1000,,0.0006,0.0019,available,,not_measured,managed,0.0019,0.315789,negligible
a * scalar (float32),Arithmetic,float32,100000,,0.0066,0.0283,available,,not_measured,managed,0.0283,0.233216,slower
a * scalar (float32),Arithmetic,float32,10000000,,12.9525,5.3557,available,,not_measured,managed,5.3557,2.418451,faster
a * scalar (float64),Arithmetic,float64,1000,,0.0007,0.0028,available,,not_measured,managed,0.0028,0.25,negligible
a * scalar (float64),Arithmetic,float64,100000,,0.0131,0.0562,available,,not_measured,managed,0.0562,0.233096,slower
a * scalar (float64),Arithmetic,float64,10000000,,16.1236,14.7864,available,,not_measured,managed,14.7864,1.090434,faster
a * scalar (int16),Arithmetic,int16,1000,,0.0011,0.0013,available,,not_measured,managed,0.0013,0.846154,close
a * scalar (int16),Arithmetic,int16,100000,,0.0223,0.0172,available,,not_measured,managed,0.0172,1.296512,faster
a * scalar (int16),Arithmetic,int16,10000000,,6.874,4.0757,available,,not_measured,managed,4.0757,1.686581,faster
a * scalar (int32),Arithmetic,int32,1000,,0.0009,0.001,available,,not_measured,managed,0.001,0.9,negligible
a * scalar (int32),Arithmetic,int32,100000,,0.0249,0.0298,available,,not_measured,managed,0.0298,0.83557,close
a * scalar (int32),Arithmetic,int32,10000000,,11.0111,5.1711,available,,not_measured,managed,5.1711,2.129354,faster
a * scalar (int64),Arithmetic,int64,1000,,0.001,0.0009,available,,not_measured,managed,0.0009,1.111111,negligible
a * scalar (int64),Arithmetic,int64,100000,,0.0243,0.056,available,,not_measured,managed,0.056,0.433929,slower
a * scalar (int64),Arithmetic,int64,10000000,,25.8816,13.4129,available,,not_measured,managed,13.4129,1.929605,faster
a * scalar (int8),Arithmetic,int8,1000,,0.0008,0.0009,available,,not_measured,managed,0.0009,0.888889,negligible
a * scalar (int8),Arithmetic,int8,100000,,0.023,0.0088,available,,not_measured,managed,0.0088,2.613636,faster
a * scalar (int8),Arithmetic,int8,10000000,,4.1184,1.5632,available,,not_measured,managed,1.5632,2.634596,faster
a * scalar (uint16),Arithmetic,uint16,1000,,0.0009,0.0006,available,,not_measured,managed,0.0006,1.5,negligible
a * scalar (uint16),Arithmetic,uint16,100000,,0.0223,0.0151,available,,not_measured,managed,0.0151,1.476821,faster
a * scalar (uint16),Arithmetic,uint16,10000000,,6.9195,3.1311,available,,not_measured,managed,3.1311,2.209926,faster
a * scalar (uint32),Arithmetic,uint32,1000,,0.0009,0.0014,available,,not_measured,managed,0.0014,0.642857,negligible
a * scalar (uint32),Arithmetic,uint32,100000,,0.0229,0.0274,available,,not_measured,managed,0.0274,0.835766,close
a * scalar (uint32),Arithmetic,uint32,10000000,,9.8545,4.9531,available,,not_measured,managed,4.9531,1.989562,faster
a * scalar (uint64),Arithmetic,uint64,1000,,0.0008,0.0019,available,,not_measured,managed,0.0019,0.421053,negligible
a * scalar (uint64),Arithmetic,uint64,100000,,0.0222,0.0597,available,,not_measured,managed,0.0597,0.371859,slower
a * scalar (uint64),Arithmetic,uint64,10000000,,24.1568,13.4308,available,,not_measured,managed,13.4308,1.798612,faster
a * scalar (uint8),Arithmetic,uint8,1000,,0.001,0.001,available,,not_measured,managed,0.001,1.0,close
a * scalar (uint8),Arithmetic,uint8,100000,,0.0234,0.0088,available,,not_measured,managed,0.0088,2.659091,faster
a * scalar (uint8),Arithmetic,uint8,10000000,,4.0909,1.3105,available,,not_measured,managed,1.3105,3.121633,faster
a + 5 (literal) (complex128),Arithmetic,complex128,1000,,0.0011,0.0044,available,,not_measured,managed,0.0044,0.25,slower
a + 5 (literal) (complex128),Arithmetic,complex128,100000,,0.3786,0.2249,available,,not_measured,managed,0.2249,1.683415,faster
a + 5 (literal) (complex128),Arithmetic,complex128,10000000,,31.4257,25.7761,available,,not_measured,managed,25.7761,1.21918,faster
a + 5 (literal) (float16),Arithmetic,float16,1000,,0.0069,0.0056,available,,not_measured,managed,0.0056,1.232143,faster
a + 5 (literal) (float16),Arithmetic,float16,100000,,0.2955,0.47,available,,not_measured,managed,0.47,0.628723,close
a + 5 (literal) (float16),Arithmetic,float16,10000000,,31.0007,48.9655,available,,not_measured,managed,48.9655,0.633113,close
a + 5 (literal) (float32),Arithmetic,float32,1000,,0.0026,0.0037,available,,not_measured,managed,0.0037,0.702703,close
a + 5 (literal) (float32),Arithmetic,float32,100000,,0.0105,0.0297,available,,not_measured,managed,0.0297,0.353535,slower
a + 5 (literal) (float32),Arithmetic,float32,10000000,,13.1771,5.2672,available,,not_measured,managed,5.2672,2.501728,faster
a + 5 (literal) (float64),Arithmetic,float64,1000,,0.0025,0.005,available,,not_measured,managed,0.005,0.5,close
a + 5 (literal) (float64),Arithmetic,float64,100000,,0.0169,0.0642,available,,not_measured,managed,0.0642,0.26324,slower
a + 5 (literal) (float64),Arithmetic,float64,10000000,,16.0899,13.7741,available,,not_measured,managed,13.7741,1.168127,faster
a + 5 (literal) (int16),Arithmetic,int16,1000,,0.0011,0.0033,available,,not_measured,managed,0.0033,0.333333,slower
a + 5 (literal) (int16),Arithmetic,int16,100000,,0.025,0.0203,available,,not_measured,managed,0.0203,1.231527,faster
a + 5 (literal) (int16),Arithmetic,int16,10000000,,7.2561,2.5643,available,,not_measured,managed,2.5643,2.829661,faster
a + 5 (literal) (int32),Arithmetic,int32,1000,,0.0011,0.0022,available,,not_measured,managed,0.0022,0.5,close
a + 5 (literal) (int32),Arithmetic,int32,100000,,0.0255,0.0312,available,,not_measured,managed,0.0312,0.817308,close
a + 5 (literal) (int32),Arithmetic,int32,10000000,,10.9442,5.6259,available,,not_measured,managed,5.6259,1.945324,faster
a + 5 (literal) (int64),Arithmetic,int64,1000,,0.0026,0.005,available,,not_measured,managed,0.005,0.52,close
a + 5 (literal) (int64),Arithmetic,int64,100000,,0.0252,0.057,available,,not_measured,managed,0.057,0.442105,slower
a + 5 (literal) (int64),Arithmetic,int64,10000000,,24.4031,14.2447,available,,not_measured,managed,14.2447,1.713135,faster
a + 5 (literal) (int8),Arithmetic,int8,1000,,0.0009,0.0034,available,,not_measured,managed,0.0034,0.264706,negligible
a + 5 (literal) (int8),Arithmetic,int8,100000,,0.0273,0.0135,available,,not_measured,managed,0.0135,2.022222,faster
a + 5 (literal) (int8),Arithmetic,int8,10000000,,4.492,1.3962,available,,not_measured,managed,1.3962,3.217304,faster
a + 5 (literal) (uint16),Arithmetic,uint16,1000,,0.0011,0.0035,available,,not_measured,managed,0.0035,0.314286,slower
a + 5 (literal) (uint16),Arithmetic,uint16,100000,,0.0248,0.0237,available,,not_measured,managed,0.0237,1.046414,close
a + 5 (literal) (uint16),Arithmetic,uint16,10000000,,6.9657,2.9461,available,,not_measured,managed,2.9461,2.36438,faster
a + 5 (literal) (uint32),Arithmetic,uint32,1000,,0.0011,0.0035,available,,not_measured,managed,0.0035,0.314286,slower
a + 5 (literal) (uint32),Arithmetic,uint32,100000,,0.0249,0.0305,available,,not_measured,managed,0.0305,0.816393,close
a + 5 (literal) (uint32),Arithmetic,uint32,10000000,,10.2524,5.1491,available,,not_measured,managed,5.1491,1.991105,faster
a + 5 (literal) (uint64),Arithmetic,uint64,1000,,0.0026,0.0074,available,,not_measured,managed,0.0074,0.351351,slower
a + 5 (literal) (uint64),Arithmetic,uint64,100000,,0.0243,0.0709,available,,not_measured,managed,0.0709,0.342736,slower
a + 5 (literal) (uint64),Arithmetic,uint64,10000000,,24.2177,15.6084,available,,not_measured,managed,15.6084,1.551581,faster
a + 5 (literal) (uint8),Arithmetic,uint8,1000,,0.0009,0.0033,available,,not_measured,managed,0.0033,0.272727,negligible
a + 5 (literal) (uint8),Arithmetic,uint8,100000,,0.0258,0.0157,available,,not_measured,managed,0.0157,1.643312,faster
a + 5 (literal) (uint8),Arithmetic,uint8,10000000,,4.5972,1.4361,available,,not_measured,managed,1.4361,3.20117,faster
a + b (element-wise) (complex128),Arithmetic,complex128,1000,,0.0011,0.003,available,,not_measured,managed,0.003,0.366667,slower
a + b (element-wise) (complex128),Arithmetic,complex128,100000,,0.401,0.2614,available,,not_measured,managed,0.2614,1.534047,faster
a + b (element-wise) (complex128),Arithmetic,complex128,10000000,,51.3203,29.7505,available,,not_measured,managed,29.7505,1.725023,faster
a + b (element-wise) (float16),Arithmetic,float16,1000,,0.0067,0.0053,available,,not_measured,managed,0.0053,1.264151,faster
a + b (element-wise) (float16),Arithmetic,float16,100000,,0.2987,0.4969,available,,not_measured,managed,0.4969,0.601127,close
a + b (element-wise) (float16),Arithmetic,float16,10000000,,31.184,47.9527,available,,not_measured,managed,47.9527,0.650307,close
a + b (element-wise) (float32),Arithmetic,float32,1000,,0.0018,0.0016,available,,not_measured,managed,0.0016,1.125,faster
a + b (element-wise) (float32),Arithmetic,float32,100000,,0.0077,0.0295,available,,not_measured,managed,0.0295,0.261017,slower
a + b (element-wise) (float32),Arithmetic,float32,10000000,,9.7876,6.7644,available,,not_measured,managed,6.7644,1.446928,faster
a + b (element-wise) (float64),Arithmetic,float64,1000,,0.0016,0.0018,available,,not_measured,managed,0.0018,0.888889,close
a + b (element-wise) (float64),Arithmetic,float64,100000,,0.0388,0.0637,available,,not_measured,managed,0.0637,0.609105,close
a + b (element-wise) (float64),Arithmetic,float64,10000000,,18.6571,15.3827,available,,not_measured,managed,15.3827,1.212863,faster
a + b (element-wise) (int16),Arithmetic,int16,1000,,0.0008,0.0015,available,,not_measured,managed,0.0015,0.533333,negligible
a + b (element-wise) (int16),Arithmetic,int16,100000,,0.0324,0.0197,available,,not_measured,managed,0.0197,1.64467,faster
a + b (element-wise) (int16),Arithmetic,int16,10000000,,8.2365,3.4156,available,,not_measured,managed,3.4156,2.411436,faster
a + b (element-wise) (int32),Arithmetic,int32,1000,,0.001,0.0014,available,,not_measured,managed,0.0014,0.714286,close
a + b (element-wise) (int32),Arithmetic,int32,100000,,0.0341,0.0417,available,,not_measured,managed,0.0417,0.817746,close
a + b (element-wise) (int32),Arithmetic,int32,10000000,,12.7266,6.0852,available,,not_measured,managed,6.0852,2.091402,faster
a + b (element-wise) (int64),Arithmetic,int64,1000,,0.0021,0.0022,available,,not_measured,managed,0.0022,0.954545,close
a + b (element-wise) (int64),Arithmetic,int64,100000,,0.0364,0.069,available,,not_measured,managed,0.069,0.527536,close
a + b (element-wise) (int64),Arithmetic,int64,10000000,,25.6558,15.5928,available,,not_measured,managed,15.5928,1.645362,faster
a + b (element-wise) (int8),Arithmetic,int8,1000,,0.0007,0.0009,available,,not_measured,managed,0.0009,0.777778,negligible
a + b (element-wise) (int8),Arithmetic,int8,100000,,0.0298,0.012,available,,not_measured,managed,0.012,2.483333,faster
a + b (element-wise) (int8),Arithmetic,int8,10000000,,5.047,1.7703,available,,not_measured,managed,1.7703,2.850929,faster
a + b (element-wise) (uint16),Arithmetic,uint16,1000,,0.001,0.0014,available,,not_measured,managed,0.0014,0.714286,close
a + b (element-wise) (uint16),Arithmetic,uint16,100000,,0.032,0.0178,available,,not_measured,managed,0.0178,1.797753,faster
a + b (element-wise) (uint16),Arithmetic,uint16,10000000,,7.3659,3.1462,available,,not_measured,managed,3.1462,2.341205,faster
a + b (element-wise) (uint32),Arithmetic,uint32,1000,,0.001,0.0014,available,,not_measured,managed,0.0014,0.714286,close
a + b (element-wise) (uint32),Arithmetic,uint32,100000,,0.0289,0.033,available,,not_measured,managed,0.033,0.875758,close
a + b (element-wise) (uint32),Arithmetic,uint32,10000000,,13.1935,6.5457,available,,not_measured,managed,6.5457,2.015598,faster
a + b (element-wise) (uint64),Arithmetic,uint64,1000,,0.002,0.0019,available,,not_measured,managed,0.0019,1.052632,faster
a + b (element-wise) (uint64),Arithmetic,uint64,100000,,0.0361,0.0639,available,,not_measured,managed,0.0639,0.564945,close
a + b (element-wise) (uint64),Arithmetic,uint64,10000000,,27.0475,15.5836,available,,not_measured,managed,15.5836,1.735639,faster
a + b (element-wise) (uint8),Arithmetic,uint8,1000,,0.0009,0.0011,available,,not_measured,managed,0.0011,0.818182,negligible
a + b (element-wise) (uint8),Arithmetic,uint8,100000,,0.0294,0.0092,available,,not_measured,managed,0.0092,3.195652,faster
a + b (element-wise) (uint8),Arithmetic,uint8,10000000,,4.9007,1.7608,available,,not_measured,managed,1.7608,2.783224,faster
a + scalar (complex128),Arithmetic,complex128,1000,,0.001,0.0029,available,,not_measured,managed,0.0029,0.344828,slower
a + scalar (complex128),Arithmetic,complex128,100000,,0.3753,0.2236,available,,not_measured,managed,0.2236,1.678444,faster
a + scalar (complex128),Arithmetic,complex128,10000000,,42.5812,25.0926,available,,not_measured,managed,25.0926,1.696962,faster
a + scalar (float16),Arithmetic,float16,1000,,0.0065,0.0052,available,,not_measured,managed,0.0052,1.25,faster
a + scalar (float16),Arithmetic,float16,100000,,0.2892,0.4874,available,,not_measured,managed,0.4874,0.593352,close
a + scalar (float16),Arithmetic,float16,10000000,,33.3271,46.5946,available,,not_measured,managed,46.5946,0.715257,close
a + scalar (float32),Arithmetic,float32,1000,,0.0022,0.0022,available,,not_measured,managed,0.0022,1.0,close
a + scalar (float32),Arithmetic,float32,100000,,0.0066,0.0288,available,,not_measured,managed,0.0288,0.229167,slower
a + scalar (float32),Arithmetic,float32,10000000,,12.0035,5.3454,available,,not_measured,managed,5.3454,2.245576,faster
a + scalar (float64),Arithmetic,float64,1000,,0.002,0.003,available,,not_measured,managed,0.003,0.666667,close
a + scalar (float64),Arithmetic,float64,100000,,0.0147,0.062,available,,not_measured,managed,0.062,0.237097,slower
a + scalar (float64),Arithmetic,float64,10000000,,17.2764,13.8986,available,,not_measured,managed,13.8986,1.243032,faster
a + scalar (int16),Arithmetic,int16,1000,,0.0009,0.0012,available,,not_measured,managed,0.0012,0.75,negligible
a + scalar (int16),Arithmetic,int16,100000,,0.0264,0.015,available,,not_measured,managed,0.015,1.76,faster
a + scalar (int16),Arithmetic,int16,10000000,,7.616,2.8942,available,,not_measured,managed,2.8942,2.63147,faster
a + scalar (int32),Arithmetic,int32,1000,,0.0009,0.0014,available,,not_measured,managed,0.0014,0.642857,negligible
a + scalar (int32),Arithmetic,int32,100000,,0.0292,0.0294,available,,not_measured,managed,0.0294,0.993197,close
a + scalar (int32),Arithmetic,int32,10000000,,10.4598,5.3132,available,,not_measured,managed,5.3132,1.968644,faster
a + scalar (int64),Arithmetic,int64,1000,,0.0026,0.0029,available,,not_measured,managed,0.0029,0.896552,close
a + scalar (int64),Arithmetic,int64,100000,,0.0267,0.0605,available,,not_measured,managed,0.0605,0.441322,slower
a + scalar (int64),Arithmetic,int64,10000000,,24.9241,13.9601,available,,not_measured,managed,13.9601,1.785381,faster
a + scalar (int8),Arithmetic,int8,1000,,0.001,0.0011,available,,not_measured,managed,0.0011,0.909091,close
a + scalar (int8),Arithmetic,int8,100000,,0.028,0.0083,available,,not_measured,managed,0.0083,3.373494,faster
a + scalar (int8),Arithmetic,int8,10000000,,4.4786,1.3664,available,,not_measured,managed,1.3664,3.277664,faster
a + scalar (uint16),Arithmetic,uint16,1000,,0.0009,0.0012,available,,not_measured,managed,0.0012,0.75,negligible
a + scalar (uint16),Arithmetic,uint16,100000,,0.0248,0.0161,available,,not_measured,managed,0.0161,1.540373,faster
a + scalar (uint16),Arithmetic,uint16,10000000,,6.6173,2.6049,available,,not_measured,managed,2.6049,2.540328,faster
a + scalar (uint32),Arithmetic,uint32,1000,,0.001,0.0013,available,,not_measured,managed,0.0013,0.769231,close
a + scalar (uint32),Arithmetic,uint32,100000,,0.0242,0.0273,available,,not_measured,managed,0.0273,0.886447,close
a + scalar (uint32),Arithmetic,uint32,10000000,,12.2529,5.3194,available,,not_measured,managed,5.3194,2.303436,faster
a + scalar (uint64),Arithmetic,uint64,1000,,0.0024,0.0026,available,,not_measured,managed,0.0026,0.923077,close
a + scalar (uint64),Arithmetic,uint64,100000,,0.0242,0.0543,available,,not_measured,managed,0.0543,0.445672,slower
a + scalar (uint64),Arithmetic,uint64,10000000,,24.5794,14.0505,available,,not_measured,managed,14.0505,1.749361,faster
a + scalar (uint8),Arithmetic,uint8,1000,,0.0008,0.0011,available,,not_measured,managed,0.0011,0.727273,negligible
a + scalar (uint8),Arithmetic,uint8,100000,,0.026,0.0082,available,,not_measured,managed,0.0082,3.170732,faster
a + scalar (uint8),Arithmetic,uint8,10000000,,4.4725,1.392,available,,not_measured,managed,1.392,3.213003,faster
a - b (element-wise) (complex128),Arithmetic,complex128,1000,,0.0009,0.0035,available,,not_measured,managed,0.0035,0.257143,negligible
a - b (element-wise) (complex128),Arithmetic,complex128,100000,,0.3907,0.2445,available,,not_measured,managed,0.2445,1.597955,faster
a - b (element-wise) (complex128),Arithmetic,complex128,10000000,,33.56,29.2271,available,,not_measured,managed,29.2271,1.148249,faster
a - b (element-wise) (float16),Arithmetic,float16,1000,,0.0043,0.0098,available,,not_measured,managed,0.0098,0.438776,slower
a - b (element-wise) (float16),Arithmetic,float16,100000,,0.3226,0.4774,available,,not_measured,managed,0.4774,0.675744,close
a - b (element-wise) (float16),Arithmetic,float16,10000000,,31.4993,47.2297,available,,not_measured,managed,47.2297,0.666938,close
a - b (element-wise) (float32),Arithmetic,float32,1000,,0.0014,0.0016,available,,not_measured,managed,0.0016,0.875,close
a - b (element-wise) (float32),Arithmetic,float32,100000,,0.0078,0.0303,available,,not_measured,managed,0.0303,0.257426,slower
a - b (element-wise) (float32),Arithmetic,float32,10000000,,13.5163,5.9531,available,,not_measured,managed,5.9531,2.270464,faster
a - b (element-wise) (float64),Arithmetic,float64,1000,,0.0017,0.0019,available,,not_measured,managed,0.0019,0.894737,close
a - b (element-wise) (float64),Arithmetic,float64,100000,,0.0281,0.065,available,,not_measured,managed,0.065,0.432308,slower
a - b (element-wise) (float64),Arithmetic,float64,10000000,,17.5114,17.4328,available,,not_measured,managed,17.4328,1.004509,close
a - b (element-wise) (int16),Arithmetic,int16,1000,,0.0008,0.0012,available,,not_measured,managed,0.0012,0.666667,negligible
a - b (element-wise) (int16),Arithmetic,int16,100000,,0.0302,0.0167,available,,not_measured,managed,0.0167,1.808383,faster
a - b (element-wise) (int16),Arithmetic,int16,10000000,,6.0024,3.1396,available,,not_measured,managed,3.1396,1.911836,faster
a - b (element-wise) (int32),Arithmetic,int32,1000,,0.0008,0.0019,available,,not_measured,managed,0.0019,0.421053,negligible
a - b (element-wise) (int32),Arithmetic,int32,100000,,0.0301,0.0282,available,,not_measured,managed,0.0282,1.067376,faster
a - b (element-wise) (int32),Arithmetic,int32,10000000,,12.3621,5.7422,available,,not_measured,managed,5.7422,2.152851,faster
a - b (element-wise) (int64),Arithmetic,int64,1000,,0.002,0.0018,available,,not_measured,managed,0.0018,1.111111,faster
a - b (element-wise) (int64),Arithmetic,int64,100000,,0.0338,0.0635,available,,not_measured,managed,0.0635,0.532283,close
a - b (element-wise) (int64),Arithmetic,int64,10000000,,26.3823,15.0578,available,,not_measured,managed,15.0578,1.752069,faster
a - b (element-wise) (int8),Arithmetic,int8,1000,,0.0007,0.001,available,,not_measured,managed,0.001,0.7,negligible
a - b (element-wise) (int8),Arithmetic,int8,100000,,0.0305,0.0138,available,,not_measured,managed,0.0138,2.210145,faster
a - b (element-wise) (int8),Arithmetic,int8,10000000,,4.9263,1.6013,available,,not_measured,managed,1.6013,3.076438,faster
a - b (element-wise) (uint16),Arithmetic,uint16,1000,,0.0008,0.0023,available,,not_measured,managed,0.0023,0.347826,negligible
a - b (element-wise) (uint16),Arithmetic,uint16,100000,,0.0306,0.016,available,,not_measured,managed,0.016,1.9125,faster
a - b (element-wise) (uint16),Arithmetic,uint16,10000000,,7.1916,3.1554,available,,not_measured,managed,3.1554,2.279141,faster
a - b (element-wise) (uint32),Arithmetic,uint32,1000,,0.0008,0.0016,available,,not_measured,managed,0.0016,0.5,negligible
a - b (element-wise) (uint32),Arithmetic,uint32,100000,,0.0295,0.0291,available,,not_measured,managed,0.0291,1.013746,close
a - b (element-wise) (uint32),Arithmetic,uint32,10000000,,9.2016,5.835,available,,not_measured,managed,5.835,1.576967,faster
a - b (element-wise) (uint64),Arithmetic,uint64,1000,,0.0021,0.0018,available,,not_measured,managed,0.0018,1.166667,faster
a - b (element-wise) (uint64),Arithmetic,uint64,100000,,0.0363,0.0658,available,,not_measured,managed,0.0658,0.551672,close
a - b (element-wise) (uint64),Arithmetic,uint64,10000000,,26.243,15.1429,available,,not_measured,managed,15.1429,1.733023,faster
a - b (element-wise) (uint8),Arithmetic,uint8,1000,,0.0007,0.001,available,,not_measured,managed,0.001,0.7,negligible
a - b (element-wise) (uint8),Arithmetic,uint8,100000,,0.0297,0.0099,available,,not_measured,managed,0.0099,3.0,faster
a - b (element-wise) (uint8),Arithmetic,uint8,10000000,,4.9549,1.6898,available,,not_measured,managed,1.6898,2.932241,faster
a - scalar (complex128),Arithmetic,complex128,1000,,0.0012,0.0027,available,,not_measured,managed,0.0027,0.444444,slower
a - scalar (complex128),Arithmetic,complex128,100000,,0.3776,0.2855,available,,not_measured,managed,0.2855,1.322592,faster
a - scalar (complex128),Arithmetic,complex128,10000000,,31.8936,25.3641,available,,not_measured,managed,25.3641,1.257431,faster
a - scalar (float16),Arithmetic,float16,1000,,0.0058,0.0051,available,,not_measured,managed,0.0051,1.137255,faster
a - scalar (float16),Arithmetic,float16,100000,,0.3052,0.5023,available,,not_measured,managed,0.5023,0.607605,close
a - scalar (float16),Arithmetic,float16,10000000,,32.6818,46.2797,available,,not_measured,managed,46.2797,0.70618,close
a - scalar (float32),Arithmetic,float32,1000,,0.0019,0.0014,available,,not_measured,managed,0.0014,1.357143,faster
a - scalar (float32),Arithmetic,float32,100000,,0.0093,0.0274,available,,not_measured,managed,0.0274,0.339416,slower
a - scalar (float32),Arithmetic,float32,10000000,,13.3284,5.1269,available,,not_measured,managed,5.1269,2.5997,faster
a - scalar (float64),Arithmetic,float64,1000,,0.002,0.0018,available,,not_measured,managed,0.0018,1.111111,faster
a - scalar (float64),Arithmetic,float64,100000,,0.0132,0.064,available,,not_measured,managed,0.064,0.20625,slower
a - scalar (float64),Arithmetic,float64,10000000,,15.6972,14.6529,available,,not_measured,managed,14.6529,1.071269,faster
a - scalar (int16),Arithmetic,int16,1000,,0.001,0.0007,available,,not_measured,managed,0.0007,1.428571,negligible
a - scalar (int16),Arithmetic,int16,100000,,0.0239,0.0163,available,,not_measured,managed,0.0163,1.466258,faster
a - scalar (int16),Arithmetic,int16,10000000,,5.1339,3.0499,available,,not_measured,managed,3.0499,1.683301,faster
a - scalar (int32),Arithmetic,int32,1000,,0.0009,0.0012,available,,not_measured,managed,0.0012,0.75,negligible
a - scalar (int32),Arithmetic,int32,100000,,0.0258,0.0293,available,,not_measured,managed,0.0293,0.880546,close
a - scalar (int32),Arithmetic,int32,10000000,,11.1261,5.2769,available,,not_measured,managed,5.2769,2.108454,faster
a - scalar (int64),Arithmetic,int64,1000,,0.0009,0.0018,available,,not_measured,managed,0.0018,0.5,negligible
a - scalar (int64),Arithmetic,int64,100000,,0.0282,0.0722,available,,not_measured,managed,0.0722,0.390582,slower
a - scalar (int64),Arithmetic,int64,10000000,,24.6647,13.9315,available,,not_measured,managed,13.9315,1.770427,faster
a - scalar (int8),Arithmetic,int8,1000,,0.0008,0.0012,available,,not_measured,managed,0.0012,0.666667,negligible
a - scalar (int8),Arithmetic,int8,100000,,0.0263,0.0087,available,,not_measured,managed,0.0087,3.022989,faster
a - scalar (int8),Arithmetic,int8,10000000,,4.5359,1.6264,available,,not_measured,managed,1.6264,2.78892,faster
a - scalar (uint16),Arithmetic,uint16,1000,,0.0009,0.0011,available,,not_measured,managed,0.0011,0.818182,negligible
a - scalar (uint16),Arithmetic,uint16,100000,,0.0244,0.0171,available,,not_measured,managed,0.0171,1.426901,faster
a - scalar (uint16),Arithmetic,uint16,10000000,,6.526,2.9479,available,,not_measured,managed,2.9479,2.213779,faster
a - scalar (uint32),Arithmetic,uint32,1000,,0.0009,0.0012,available,,not_measured,managed,0.0012,0.75,negligible
a - scalar (uint32),Arithmetic,uint32,100000,,0.024,0.0361,available,,not_measured,managed,0.0361,0.66482,close
a - scalar (uint32),Arithmetic,uint32,10000000,,8.4555,5.3876,available,,not_measured,managed,5.3876,1.569437,faster
a - scalar (uint64),Arithmetic,uint64,1000,,0.0008,0.0015,available,,not_measured,managed,0.0015,0.533333,negligible
a - scalar (uint64),Arithmetic,uint64,100000,,0.0255,0.0559,available,,not_measured,managed,0.0559,0.456172,slower
a - scalar (uint64),Arithmetic,uint64,10000000,,24.4728,17.2005,available,,not_measured,managed,17.2005,1.422796,faster
a - scalar (uint8),Arithmetic,uint8,1000,,0.0008,0.0011,available,,not_measured,managed,0.0011,0.727273,negligible
a - scalar (uint8),Arithmetic,uint8,100000,,0.025,0.0089,available,,not_measured,managed,0.0089,2.808989,faster
a - scalar (uint8),Arithmetic,uint8,10000000,,4.3594,2.1504,available,,not_measured,managed,2.1504,2.027251,faster
a / b (element-wise) (float32),Arithmetic,float32,1000,,0.0005,0.0026,available,,not_measured,managed,0.0026,0.192308,negligible
a / b (element-wise) (float32),Arithmetic,float32,100000,,0.0125,0.03,available,,not_measured,managed,0.03,0.416667,slower
a / b (element-wise) (float32),Arithmetic,float32,10000000,,13.5235,7.1868,available,,not_measured,managed,7.1868,1.881714,faster
a / b (element-wise) (float64),Arithmetic,float64,1000,,0.0008,0.0022,available,,not_measured,managed,0.0022,0.363636,negligible
a / b (element-wise) (float64),Arithmetic,float64,100000,,0.0412,0.062,available,,not_measured,managed,0.062,0.664516,close
a / b (element-wise) (float64),Arithmetic,float64,10000000,,16.8023,17.4062,available,,not_measured,managed,17.4062,0.965305,close
a / b (element-wise) (int32),Arithmetic,int32,1000,,0.002,0.0055,available,,not_measured,managed,0.0055,0.363636,slower
a / b (element-wise) (int32),Arithmetic,int32,100000,,0.0905,0.0972,available,,not_measured,managed,0.0972,0.93107,close
a / b (element-wise) (int32),Arithmetic,int32,10000000,,29.7978,13.8569,available,,not_measured,managed,13.8569,2.150394,faster
a / b (element-wise) (int64),Arithmetic,int64,1000,,0.0026,0.0047,available,,not_measured,managed,0.0047,0.553191,close
a / b (element-wise) (int64),Arithmetic,int64,100000,,0.0793,0.087,available,,not_measured,managed,0.087,0.911494,close
a / b (element-wise) (int64),Arithmetic,int64,10000000,,34.6364,29.6318,available,,not_measured,managed,29.6318,1.168893,faster
a / scalar (float32),Arithmetic,float32,1000,,0.0007,0.0014,available,,not_measured,managed,0.0014,0.5,negligible
a / scalar (float32),Arithmetic,float32,100000,,0.0128,0.029,available,,not_measured,managed,0.029,0.441379,slower
a / scalar (float32),Arithmetic,float32,10000000,,10.6649,5.3267,available,,not_measured,managed,5.3267,2.002159,faster
a / scalar (float64),Arithmetic,float64,1000,,0.0009,0.0016,available,,not_measured,managed,0.0016,0.5625,negligible
a / scalar (float64),Arithmetic,float64,100000,,0.0397,0.0545,available,,not_measured,managed,0.0545,0.72844,close
a / scalar (float64),Arithmetic,float64,10000000,,16.3095,13.5076,available,,not_measured,managed,13.5076,1.207431,faster
a / scalar (int32),Arithmetic,int32,1000,,0.0025,0.0039,available,,not_measured,managed,0.0039,0.641026,close
a / scalar (int32),Arithmetic,int32,100000,,0.066,0.0856,available,,not_measured,managed,0.0856,0.771028,close
a / scalar (int32),Arithmetic,int32,10000000,,26.4174,13.7869,available,,not_measured,managed,13.7869,1.916123,faster
a / scalar (int64),Arithmetic,int64,1000,,0.0017,0.0039,available,,not_measured,managed,0.0039,0.435897,slower
a / scalar (int64),Arithmetic,int64,100000,,0.0662,0.085,available,,not_measured,managed,0.085,0.778824,close
a / scalar (int64),Arithmetic,int64,10000000,,27.605,23.5373,available,,not_measured,managed,23.5373,1.172819,faster
"np.add(a, b) (complex128)",Arithmetic,complex128,1000,,0.0009,0.0029,available,,not_measured,managed,0.0029,0.310345,negligible
"np.add(a, b) (complex128)",Arithmetic,complex128,100000,,0.4164,0.2429,available,,not_measured,managed,0.2429,1.714286,faster
"np.add(a, b) (complex128)",Arithmetic,complex128,10000000,,49.3527,31.0259,available,,not_measured,managed,31.0259,1.590694,faster
"np.add(a, b) (float16)",Arithmetic,float16,1000,,0.0059,0.0053,available,,not_measured,managed,0.0053,1.113208,faster
"np.add(a, b) (float16)",Arithmetic,float16,100000,,0.2946,0.8797,available,,not_measured,managed,0.8797,0.334887,slower
"np.add(a, b) (float16)",Arithmetic,float16,10000000,,30.984,47.2287,available,,not_measured,managed,47.2287,0.656042,close
"np.add(a, b) (float32)",Arithmetic,float32,1000,,0.0018,0.0013,available,,not_measured,managed,0.0013,1.384615,faster
"np.add(a, b) (float32)",Arithmetic,float32,100000,,0.0074,0.0283,available,,not_measured,managed,0.0283,0.261484,slower
"np.add(a, b) (float32)",Arithmetic,float32,10000000,,9.7274,5.6715,available,,not_measured,managed,5.6715,1.715137,faster
"np.add(a, b) (float64)",Arithmetic,float64,1000,,0.0018,0.0009,available,,not_measured,managed,0.0009,2.0,negligible
"np.add(a, b) (float64)",Arithmetic,float64,100000,,0.0284,0.0649,available,,not_measured,managed,0.0649,0.437596,slower
"np.add(a, b) (float64)",Arithmetic,float64,10000000,,17.1289,15.9144,available,,not_measured,managed,15.9144,1.076315,faster
"np.add(a, b) (int16)",Arithmetic,int16,1000,,0.0009,0.0011,available,,not_measured,managed,0.0011,0.818182,negligible
"np.add(a, b) (int16)",Arithmetic,int16,100000,,0.0334,0.0239,available,,not_measured,managed,0.0239,1.39749,faster
"np.add(a, b) (int16)",Arithmetic,int16,10000000,,8.2691,3.3751,available,,not_measured,managed,3.3751,2.450031,faster
"np.add(a, b) (int32)",Arithmetic,int32,1000,,0.0008,0.0016,available,,not_measured,managed,0.0016,0.5,negligible
"np.add(a, b) (int32)",Arithmetic,int32,100000,,0.0331,0.035,available,,not_measured,managed,0.035,0.945714,close
"np.add(a, b) (int32)",Arithmetic,int32,10000000,,13.2513,5.9742,available,,not_measured,managed,5.9742,2.218088,faster
"np.add(a, b) (int64)",Arithmetic,int64,1000,,0.0022,0.0018,available,,not_measured,managed,0.0018,1.222222,faster
"np.add(a, b) (int64)",Arithmetic,int64,100000,,0.0328,0.0643,available,,not_measured,managed,0.0643,0.510109,close
"np.add(a, b) (int64)",Arithmetic,int64,10000000,,25.4341,15.5402,available,,not_measured,managed,15.5402,1.636665,faster
"np.add(a, b) (int8)",Arithmetic,int8,1000,,0.0007,0.0011,available,,not_measured,managed,0.0011,0.636364,negligible
"np.add(a, b) (int8)",Arithmetic,int8,100000,,0.0298,0.0096,available,,not_measured,managed,0.0096,3.104167,faster
"np.add(a, b) (int8)",Arithmetic,int8,10000000,,5.0633,1.8792,available,,not_measured,managed,1.8792,2.694391,faster
"np.add(a, b) (uint16)",Arithmetic,uint16,1000,,0.001,0.0011,available,,not_measured,managed,0.0011,0.909091,close
"np.add(a, b) (uint16)",Arithmetic,uint16,100000,,0.0332,0.0194,available,,not_measured,managed,0.0194,1.71134,faster
"np.add(a, b) (uint16)",Arithmetic,uint16,10000000,,7.1824,3.0623,available,,not_measured,managed,3.0623,2.345427,faster
"np.add(a, b) (uint32)",Arithmetic,uint32,1000,,0.0011,0.0016,available,,not_measured,managed,0.0016,0.6875,close
"np.add(a, b) (uint32)",Arithmetic,uint32,100000,,0.0288,0.0308,available,,not_measured,managed,0.0308,0.935065,close
"np.add(a, b) (uint32)",Arithmetic,uint32,10000000,,13.2052,5.6546,available,,not_measured,managed,5.6546,2.335302,faster
"np.add(a, b) (uint64)",Arithmetic,uint64,1000,,0.0021,0.0009,available,,not_measured,managed,0.0009,2.333333,negligible
"np.add(a, b) (uint64)",Arithmetic,uint64,100000,,0.0372,0.0646,available,,not_measured,managed,0.0646,0.575851,close
"np.add(a, b) (uint64)",Arithmetic,uint64,10000000,,25.8366,20.0462,available,,not_measured,managed,20.0462,1.288853,faster
"np.add(a, b) (uint8)",Arithmetic,uint8,1000,,0.0007,0.0008,available,,not_measured,managed,0.0008,0.875,negligible
"np.add(a, b) (uint8)",Arithmetic,uint8,100000,,0.0305,0.0135,available,,not_measured,managed,0.0135,2.259259,faster
"np.add(a, b) (uint8)",Arithmetic,uint8,10000000,,5.1481,1.6222,available,,not_measured,managed,1.6222,3.17353,faster
"np.divide(a, b) (float32)",Arithmetic,float32,1000,,0.0006,0.0014,available,,not_measured,managed,0.0014,0.428571,negligible
"np.divide(a, b) (float32)",Arithmetic,float32,100000,,0.0123,0.0277,available,,not_measured,managed,0.0277,0.444043,slower
"np.divide(a, b) (float32)",Arithmetic,float32,10000000,,12.2644,11.3991,available,,not_measured,managed,11.3991,1.07591,faster
"np.divide(a, b) (float64)",Arithmetic,float64,1000,,0.0008,0.0016,available,,not_measured,managed,0.0016,0.5,negligible
"np.divide(a, b) (float64)",Arithmetic,float64,100000,,0.0404,0.0939,available,,not_measured,managed,0.0939,0.430245,slower
"np.divide(a, b) (float64)",Arithmetic,float64,10000000,,16.5151,26.6795,available,,not_measured,managed,26.6795,0.619018,close
"np.divide(a, b) (int32)",Arithmetic,int32,1000,,0.0021,0.0016,available,,not_measured,managed,0.0016,1.3125,faster
"np.divide(a, b) (int32)",Arithmetic,int32,100000,,0.0896,0.0828,available,,not_measured,managed,0.0828,1.082126,faster
"np.divide(a, b) (int32)",Arithmetic,int32,10000000,,29.4988,14.3681,available,,not_measured,managed,14.3681,2.053076,faster
"np.divide(a, b) (int64)",Arithmetic,int64,1000,,0.002,0.0029,available,,not_measured,managed,0.0029,0.689655,close
"np.divide(a, b) (int64)",Arithmetic,int64,100000,,0.0784,0.0838,available,,not_measured,managed,0.0838,0.935561,close
"np.divide(a, b) (int64)",Arithmetic,int64,10000000,,34.7463,29.4501,available,,not_measured,managed,29.4501,1.179836,faster
"np.floor_divide(a, b) (float32)",Arithmetic,float32,1000,,0.0116,0.0059,available,,not_measured,managed,0.0059,1.966102,faster
"np.floor_divide(a, b) (float32)",Arithmetic,float32,100000,,1.5072,0.992,available,,not_measured,managed,0.992,1.519355,faster
"np.floor_divide(a, b) (float32)",Arithmetic,float32,10000000,,154.1577,160.8759,available,,not_measured,managed,160.8759,0.95824,close
"np.floor_divide(a, b) (float64)",Arithmetic,float64,1000,,0.0101,0.0071,available,,not_measured,managed,0.0071,1.422535,faster
"np.floor_divide(a, b) (float64)",Arithmetic,float64,100000,,1.3284,0.9572,available,,not_measured,managed,0.9572,1.387798,faster
"np.floor_divide(a, b) (float64)",Arithmetic,float64,10000000,,138.4987,149.8676,available,,not_measured,managed,149.8676,0.92414,close
"np.floor_divide(a, b) (int32)",Arithmetic,int32,1000,,0.0018,0.0016,available,,not_measured,managed,0.0016,1.125,faster
"np.floor_divide(a, b) (int32)",Arithmetic,int32,100000,,0.3795,0.4983,available,,not_measured,managed,0.4983,0.761589,close
"np.floor_divide(a, b) (int32)",Arithmetic,int32,10000000,,46.0838,64.2754,available,,not_measured,managed,64.2754,0.716974,close
"np.floor_divide(a, b) (int64)",Arithmetic,int64,1000,,0.0025,0.0036,available,,not_measured,managed,0.0036,0.694444,close
"np.floor_divide(a, b) (int64)",Arithmetic,int64,100000,,0.3819,0.5589,available,,not_measured,managed,0.5589,0.683306,close
"np.floor_divide(a, b) (int64)",Arithmetic,int64,10000000,,58.5514,69.6646,available,,not_measured,managed,69.6646,0.840476,close
"np.mod(a, b) (float32)",Arithmetic,float32,1000,,0.0119,0.0062,available,,not_measured,managed,0.0062,1.919355,faster
"np.mod(a, b) (float32)",Arithmetic,float32,100000,,1.528,1.0101,available,,not_measured,managed,1.0101,1.512722,faster
"np.mod(a, b) (float32)",Arithmetic,float32,10000000,,149.8906,99.4888,available,,not_measured,managed,99.4888,1.506608,faster
"np.mod(a, b) (float64)",Arithmetic,float64,1000,,0.0101,0.0061,available,,not_measured,managed,0.0061,1.655738,faster
"np.mod(a, b) (float64)",Arithmetic,float64,100000,,1.3048,0.9035,available,,not_measured,managed,0.9035,1.444162,faster
"np.mod(a, b) (float64)",Arithmetic,float64,10000000,,137.5565,97.1023,available,,not_measured,managed,97.1023,1.416614,faster
"np.mod(a, b) (int32)",Arithmetic,int32,1000,,0.002,0.0023,available,,not_measured,managed,0.0023,0.869565,close
"np.mod(a, b) (int32)",Arithmetic,int32,100000,,0.382,0.4228,available,,not_measured,managed,0.4228,0.9035,close
"np.mod(a, b) (int32)",Arithmetic,int32,10000000,,46.4444,44.5787,available,,not_measured,managed,44.5787,1.041852,close
"np.mod(a, b) (int64)",Arithmetic,int64,1000,,0.0038,0.0035,available,,not_measured,managed,0.0035,1.085714,faster
"np.mod(a, b) (int64)",Arithmetic,int64,100000,,0.3783,0.5174,available,,not_measured,managed,0.5174,0.731156,close
"np.mod(a, b) (int64)",Arithmetic,int64,10000000,,59.1531,57.2229,available,,not_measured,managed,57.2229,1.033731,close
"np.multiply(a, b) (complex128)",Arithmetic,complex128,1000,,0.001,0.0028,available,,not_measured,managed,0.0028,0.357143,slower
"np.multiply(a, b) (complex128)",Arithmetic,complex128,100000,,0.3843,0.2323,available,,not_measured,managed,0.2323,1.654326,faster
"np.multiply(a, b) (complex128)",Arithmetic,complex128,10000000,,33.8059,29.6384,available,,not_measured,managed,29.6384,1.140612,faster
"np.multiply(a, b) (float16)",Arithmetic,float16,1000,,0.0033,0.005,available,,not_measured,managed,0.005,0.66,close
"np.multiply(a, b) (float16)",Arithmetic,float16,100000,,0.3014,0.4732,available,,not_measured,managed,0.4732,0.63694,close
"np.multiply(a, b) (float16)",Arithmetic,float16,10000000,,31.3747,47.2299,available,,not_measured,managed,47.2299,0.664297,close
"np.multiply(a, b) (float32)",Arithmetic,float32,1000,,0.0005,0.0012,available,,not_measured,managed,0.0012,0.416667,negligible
"np.multiply(a, b) (float32)",Arithmetic,float32,100000,,0.0084,0.0302,available,,not_measured,managed,0.0302,0.278146,slower
"np.multiply(a, b) (float32)",Arithmetic,float32,10000000,,15.4067,6.2146,available,,not_measured,managed,6.2146,2.479114,faster
"np.multiply(a, b) (float64)",Arithmetic,float64,1000,,0.0006,0.0018,available,,not_measured,managed,0.0018,0.333333,negligible
"np.multiply(a, b) (float64)",Arithmetic,float64,100000,,0.0277,0.0687,available,,not_measured,managed,0.0687,0.403202,slower
"np.multiply(a, b) (float64)",Arithmetic,float64,10000000,,18.5932,15.7201,available,,not_measured,managed,15.7201,1.182766,faster
"np.multiply(a, b) (int16)",Arithmetic,int16,1000,,0.0008,0.0013,available,,not_measured,managed,0.0013,0.615385,negligible
"np.multiply(a, b) (int16)",Arithmetic,int16,100000,,0.0281,0.0166,available,,not_measured,managed,0.0166,1.692771,faster
"np.multiply(a, b) (int16)",Arithmetic,int16,10000000,,5.5057,6.2832,available,,not_measured,managed,6.2832,0.876257,close
"np.multiply(a, b) (int32)",Arithmetic,int32,1000,,0.0008,0.0015,available,,not_measured,managed,0.0015,0.533333,negligible
"np.multiply(a, b) (int32)",Arithmetic,int32,100000,,0.0316,0.0323,available,,not_measured,managed,0.0323,0.978328,close
"np.multiply(a, b) (int32)",Arithmetic,int32,10000000,,13.4539,8.8694,available,,not_measured,managed,8.8694,1.51689,faster
"np.multiply(a, b) (int64)",Arithmetic,int64,1000,,0.0008,0.0016,available,,not_measured,managed,0.0016,0.5,negligible
"np.multiply(a, b) (int64)",Arithmetic,int64,100000,,0.034,0.0679,available,,not_measured,managed,0.0679,0.500736,close
"np.multiply(a, b) (int64)",Arithmetic,int64,10000000,,28.2685,15.714,available,,not_measured,managed,15.714,1.798937,faster
"np.multiply(a, b) (int8)",Arithmetic,int8,1000,,0.0007,0.0005,available,,not_measured,managed,0.0005,1.4,negligible
"np.multiply(a, b) (int8)",Arithmetic,int8,100000,,0.0279,0.0106,available,,not_measured,managed,0.0106,2.632075,faster
"np.multiply(a, b) (int8)",Arithmetic,int8,10000000,,4.706,1.5069,available,,not_measured,managed,1.5069,3.122968,faster
"np.multiply(a, b) (uint16)",Arithmetic,uint16,1000,,0.0008,0.001,available,,not_measured,managed,0.001,0.8,negligible
"np.multiply(a, b) (uint16)",Arithmetic,uint16,100000,,0.0285,0.0165,available,,not_measured,managed,0.0165,1.727273,faster
"np.multiply(a, b) (uint16)",Arithmetic,uint16,10000000,,6.1842,4.5061,available,,not_measured,managed,4.5061,1.372406,faster
"np.multiply(a, b) (uint32)",Arithmetic,uint32,1000,,0.0008,0.0014,available,,not_measured,managed,0.0014,0.571429,negligible
"np.multiply(a, b) (uint32)",Arithmetic,uint32,100000,,0.0295,0.0361,available,,not_measured,managed,0.0361,0.817175,close
"np.multiply(a, b) (uint32)",Arithmetic,uint32,10000000,,9.5036,6.4491,available,,not_measured,managed,6.4491,1.473632,faster
"np.multiply(a, b) (uint64)",Arithmetic,uint64,1000,,0.0008,0.0017,available,,not_measured,managed,0.0017,0.470588,negligible
"np.multiply(a, b) (uint64)",Arithmetic,uint64,100000,,0.0356,0.0653,available,,not_measured,managed,0.0653,0.545176,close
"np.multiply(a, b) (uint64)",Arithmetic,uint64,10000000,,26.202,15.8284,available,,not_measured,managed,15.8284,1.655379,faster
"np.multiply(a, b) (uint8)",Arithmetic,uint8,1000,,0.0007,0.0011,available,,not_measured,managed,0.0011,0.636364,negligible
"np.multiply(a, b) (uint8)",Arithmetic,uint8,100000,,0.0283,0.0107,available,,not_measured,managed,0.0107,2.64486,faster
"np.multiply(a, b) (uint8)",Arithmetic,uint8,10000000,,4.7934,1.6676,available,,not_measured,managed,1.6676,2.87443,faster
"np.subtract(a, b) (complex128)",Arithmetic,complex128,1000,,0.0009,0.0028,available,,not_measured,managed,0.0028,0.321429,negligible
"np.subtract(a, b) (complex128)",Arithmetic,complex128,100000,,0.3827,0.237,available,,not_measured,managed,0.237,1.614768,faster
"np.subtract(a, b) (complex128)",Arithmetic,complex128,10000000,,33.7095,67.2047,available,,not_measured,managed,67.2047,0.501594,close
"np.subtract(a, b) (float16)",Arithmetic,float16,1000,,0.0043,0.0051,available,,not_measured,managed,0.0051,0.843137,close
"np.subtract(a, b) (float16)",Arithmetic,float16,100000,,0.2935,0.4736,available,,not_measured,managed,0.4736,0.619721,close
"np.subtract(a, b) (float16)",Arithmetic,float16,10000000,,30.4933,94.8897,available,,not_measured,managed,94.8897,0.321355,slower
"np.subtract(a, b) (float32)",Arithmetic,float32,1000,,0.0016,0.0013,available,,not_measured,managed,0.0013,1.230769,faster
"np.subtract(a, b) (float32)",Arithmetic,float32,100000,,0.0088,0.0305,available,,not_measured,managed,0.0305,0.288525,slower
"np.subtract(a, b) (float32)",Arithmetic,float32,10000000,,13.5114,7.352,available,,not_measured,managed,7.352,1.837786,faster
"np.subtract(a, b) (float64)",Arithmetic,float64,1000,,0.0017,0.0018,available,,not_measured,managed,0.0018,0.944444,close
"np.subtract(a, b) (float64)",Arithmetic,float64,100000,,0.0273,0.0646,available,,not_measured,managed,0.0646,0.422601,slower
"np.subtract(a, b) (float64)",Arithmetic,float64,10000000,,16.7566,18.5637,available,,not_measured,managed,18.5637,0.902654,close
"np.subtract(a, b) (int16)",Arithmetic,int16,1000,,0.0008,0.0013,available,,not_measured,managed,0.0013,0.615385,negligible
"np.subtract(a, b) (int16)",Arithmetic,int16,100000,,0.0307,0.0158,available,,not_measured,managed,0.0158,1.943038,faster
"np.subtract(a, b) (int16)",Arithmetic,int16,10000000,,5.8381,3.2354,available,,not_measured,managed,3.2354,1.804445,faster
"np.subtract(a, b) (int32)",Arithmetic,int32,1000,,0.0008,0.0013,available,,not_measured,managed,0.0013,0.615385,negligible
"np.subtract(a, b) (int32)",Arithmetic,int32,100000,,0.0303,0.0291,available,,not_measured,managed,0.0291,1.041237,close
"np.subtract(a, b) (int32)",Arithmetic,int32,10000000,,12.9003,7.1299,available,,not_measured,managed,7.1299,1.809324,faster
"np.subtract(a, b) (int64)",Arithmetic,int64,1000,,0.0008,0.0018,available,,not_measured,managed,0.0018,0.444444,negligible
"np.subtract(a, b) (int64)",Arithmetic,int64,100000,,0.0337,0.0633,available,,not_measured,managed,0.0633,0.532385,close
"np.subtract(a, b) (int64)",Arithmetic,int64,10000000,,25.7488,19.5408,available,,not_measured,managed,19.5408,1.317694,faster
"np.subtract(a, b) (int8)",Arithmetic,int8,1000,,0.0007,0.0009,available,,not_measured,managed,0.0009,0.777778,negligible
"np.subtract(a, b) (int8)",Arithmetic,int8,100000,,0.0309,0.009,available,,not_measured,managed,0.009,3.433333,faster
"np.subtract(a, b) (int8)",Arithmetic,int8,10000000,,4.638,2.3187,available,,not_measured,managed,2.3187,2.000259,faster
"np.subtract(a, b) (uint16)",Arithmetic,uint16,1000,,0.0008,0.0014,available,,not_measured,managed,0.0014,0.571429,negligible
"np.subtract(a, b) (uint16)",Arithmetic,uint16,100000,,0.031,0.0157,available,,not_measured,managed,0.0157,1.974522,faster
"np.subtract(a, b) (uint16)",Arithmetic,uint16,10000000,,7.2261,3.9901,available,,not_measured,managed,3.9901,1.811007,faster
"np.subtract(a, b) (uint32)",Arithmetic,uint32,1000,,0.0008,0.0014,available,,not_measured,managed,0.0014,0.571429,negligible
"np.subtract(a, b) (uint32)",Arithmetic,uint32,100000,,0.03,0.0304,available,,not_measured,managed,0.0304,0.986842,close
"np.subtract(a, b) (uint32)",Arithmetic,uint32,10000000,,9.03,6.4765,available,,not_measured,managed,6.4765,1.394272,faster
"np.subtract(a, b) (uint64)",Arithmetic,uint64,1000,,0.0021,0.0017,available,,not_measured,managed,0.0017,1.235294,faster
"np.subtract(a, b) (uint64)",Arithmetic,uint64,100000,,0.0368,0.0625,available,,not_measured,managed,0.0625,0.5888,close
"np.subtract(a, b) (uint64)",Arithmetic,uint64,10000000,,26.4186,21.575,available,,not_measured,managed,21.575,1.224501,faster
"np.subtract(a, b) (uint8)",Arithmetic,uint8,1000,,0.0007,0.0013,available,,not_measured,managed,0.0013,0.538462,negligible
"np.subtract(a, b) (uint8)",Arithmetic,uint8,100000,,0.0298,0.0091,available,,not_measured,managed,0.0091,3.274725,faster
"np.subtract(a, b) (uint8)",Arithmetic,uint8,10000000,,5.0444,1.9355,available,,not_measured,managed,1.9355,2.606252,faster
"np.true_divide(a, b) (float32)",Arithmetic,float32,1000,,0.0006,0.0011,available,,not_measured,managed,0.0011,0.545455,negligible
"np.true_divide(a, b) (float32)",Arithmetic,float32,100000,,0.0128,0.0278,available,,not_measured,managed,0.0278,0.460432,slower
"np.true_divide(a, b) (float32)",Arithmetic,float32,10000000,,12.588,11.2681,available,,not_measured,managed,11.2681,1.117136,faster
"np.true_divide(a, b) (float64)",Arithmetic,float64,1000,,0.0009,0.0018,available,,not_measured,managed,0.0018,0.5,negligible
"np.true_divide(a, b) (float64)",Arithmetic,float64,100000,,0.0416,0.0701,available,,not_measured,managed,0.0701,0.593438,close
"np.true_divide(a, b) (float64)",Arithmetic,float64,10000000,,16.6509,26.8739,available,,not_measured,managed,26.8739,0.619594,close
"np.true_divide(a, b) (int32)",Arithmetic,int32,1000,,0.002,0.0031,available,,not_measured,managed,0.0031,0.645161,close
"np.true_divide(a, b) (int32)",Arithmetic,int32,100000,,0.0874,0.0833,available,,not_measured,managed,0.0833,1.04922,close
"np.true_divide(a, b) (int32)",Arithmetic,int32,10000000,,29.1274,29.7452,available,,not_measured,managed,29.7452,0.97923,close
"np.true_divide(a, b) (int64)",Arithmetic,int64,1000,,0.0019,0.003,available,,not_measured,managed,0.003,0.633333,close
"np.true_divide(a, b) (int64)",Arithmetic,int64,100000,,0.0801,0.0867,available,,not_measured,managed,0.0867,0.923875,close
"np.true_divide(a, b) (int64)",Arithmetic,int64,10000000,,36.4169,31.5159,available,,not_measured,managed,31.5159,1.155509,faster
scalar - a (complex128),Arithmetic,complex128,1000,,0.001,0.0026,available,,not_measured,managed,0.0026,0.384615,slower
scalar - a (complex128),Arithmetic,complex128,100000,,0.3787,0.2767,available,,not_measured,managed,0.2767,1.36863,faster
scalar - a (complex128),Arithmetic,complex128,10000000,,31.7061,25.8775,available,,not_measured,managed,25.8775,1.225238,faster
scalar - a (float16),Arithmetic,float16,1000,,0.0054,0.005,available,,not_measured,managed,0.005,1.08,faster
scalar - a (float16),Arithmetic,float16,100000,,0.307,0.4839,available,,not_measured,managed,0.4839,0.634429,close
scalar - a (float16),Arithmetic,float16,10000000,,31.5221,45.6205,available,,not_measured,managed,45.6205,0.690963,close
scalar - a (float32),Arithmetic,float32,1000,,0.0008,0.0015,available,,not_measured,managed,0.0015,0.533333,negligible
scalar - a (float32),Arithmetic,float32,100000,,0.0077,0.0272,available,,not_measured,managed,0.0272,0.283088,slower
scalar - a (float32),Arithmetic,float32,10000000,,13.3387,5.5845,available,,not_measured,managed,5.5845,2.388522,faster
scalar - a (float64),Arithmetic,float64,1000,,0.0009,0.0019,available,,not_measured,managed,0.0019,0.473684,negligible
scalar - a (float64),Arithmetic,float64,100000,,0.0152,0.06,available,,not_measured,managed,0.06,0.253333,slower
scalar - a (float64),Arithmetic,float64,10000000,,15.7124,13.6157,available,,not_measured,managed,13.6157,1.153991,faster
scalar - a (int16),Arithmetic,int16,1000,,0.001,0.0011,available,,not_measured,managed,0.0011,0.909091,close
scalar - a (int16),Arithmetic,int16,100000,,0.0249,0.0175,available,,not_measured,managed,0.0175,1.422857,faster
scalar - a (int16),Arithmetic,int16,10000000,,5.0133,2.8236,available,,not_measured,managed,2.8236,1.775499,faster
scalar - a (int32),Arithmetic,int32,1000,,0.001,0.0012,available,,not_measured,managed,0.0012,0.833333,close
scalar - a (int32),Arithmetic,int32,100000,,0.0249,0.0286,available,,not_measured,managed,0.0286,0.870629,close
scalar - a (int32),Arithmetic,int32,10000000,,12.4894,5.8525,available,,not_measured,managed,5.8525,2.134028,faster
scalar - a (int64),Arithmetic,int64,1000,,0.001,0.002,available,,not_measured,managed,0.002,0.5,close
scalar - a (int64),Arithmetic,int64,100000,,0.0258,0.0695,available,,not_measured,managed,0.0695,0.371223,slower
scalar - a (int64),Arithmetic,int64,10000000,,24.2628,17.5333,available,,not_measured,managed,17.5333,1.383813,faster
scalar - a (int8),Arithmetic,int8,1000,,0.0008,0.001,available,,not_measured,managed,0.001,0.8,negligible
scalar - a (int8),Arithmetic,int8,100000,,0.024,0.0093,available,,not_measured,managed,0.0093,2.580645,faster
scalar - a (int8),Arithmetic,int8,10000000,,4.2336,2.1699,available,,not_measured,managed,2.1699,1.951058,faster
scalar - a (uint16),Arithmetic,uint16,1000,,0.001,0.001,available,,not_measured,managed,0.001,1.0,close
scalar - a (uint16),Arithmetic,uint16,100000,,0.0251,0.0168,available,,not_measured,managed,0.0168,1.494048,faster
scalar - a (uint16),Arithmetic,uint16,10000000,,6.5556,2.9692,available,,not_measured,managed,2.9692,2.207867,faster
scalar - a (uint32),Arithmetic,uint32,1000,,0.001,0.0015,available,,not_measured,managed,0.0015,0.666667,close
scalar - a (uint32),Arithmetic,uint32,100000,,0.024,0.029,available,,not_measured,managed,0.029,0.827586,close
scalar - a (uint32),Arithmetic,uint32,10000000,,8.2449,5.2487,available,,not_measured,managed,5.2487,1.570846,faster
scalar - a (uint64),Arithmetic,uint64,1000,,0.0009,0.0015,available,,not_measured,managed,0.0015,0.6,negligible
scalar - a (uint64),Arithmetic,uint64,100000,,0.0245,0.0565,available,,not_measured,managed,0.0565,0.433628,slower
scalar - a (uint64),Arithmetic,uint64,10000000,,25.5212,17.3005,available,,not_measured,managed,17.3005,1.475171,faster
scalar - a (uint8),Arithmetic,uint8,1000,,0.0008,0.001,available,,not_measured,managed,0.001,0.8,negligible
scalar - a (uint8),Arithmetic,uint8,100000,,0.0247,0.0093,available,,not_measured,managed,0.0093,2.655914,faster
scalar - a (uint8),Arithmetic,uint8,10000000,,4.3514,1.7818,available,,not_measured,managed,1.7818,2.442137,faster
scalar / a (float32),Arithmetic,float32,1000,,0.0007,0.0014,available,,not_measured,managed,0.0014,0.5,negligible
scalar / a (float32),Arithmetic,float32,100000,,0.0126,0.0338,available,,not_measured,managed,0.0338,0.372781,slower
scalar / a (float32),Arithmetic,float32,10000000,,10.5613,5.1912,available,,not_measured,managed,5.1912,2.034462,faster
scalar / a (float64),Arithmetic,float64,1000,,0.001,0.002,available,,not_measured,managed,0.002,0.5,close
scalar / a (float64),Arithmetic,float64,100000,,0.0401,0.068,available,,not_measured,managed,0.068,0.589706,close
scalar / a (float64),Arithmetic,float64,10000000,,15.8941,13.9563,available,,not_measured,managed,13.9563,1.138848,faster
scalar / a (int32),Arithmetic,int32,1000,,0.0018,0.0038,available,,not_measured,managed,0.0038,0.473684,slower
scalar / a (int32),Arithmetic,int32,100000,,0.0642,0.0847,available,,not_measured,managed,0.0847,0.757969,close
scalar / a (int32),Arithmetic,int32,10000000,,26.3819,13.8389,available,,not_measured,managed,13.8389,1.906358,faster
scalar / a (int64),Arithmetic,int64,1000,,0.0017,0.0034,available,,not_measured,managed,0.0034,0.5,close
scalar / a (int64),Arithmetic,int64,100000,,0.0759,0.0852,available,,not_measured,managed,0.0852,0.890845,close
scalar / a (int64),Arithmetic,int64,10000000,,28.4682,15.0967,available,,not_measured,managed,15.0967,1.885723,faster
a & b (bool),Bitwise,bool,1000,,0.0004,0.0013,available,,not_measured,managed,0.0013,0.307692,negligible
a & b (bool),Bitwise,bool,100000,,0.0034,0.056,available,,not_measured,managed,0.056,0.060714,much_slower
a & b (bool),Bitwise,bool,10000000,,2.0503,5.8648,available,,not_measured,managed,5.8648,0.349594,slower
a & b (int16),Bitwise,int16,1000,,0.0008,0.0009,available,,not_measured,managed,0.0009,0.888889,negligible
a & b (int16),Bitwise,int16,100000,,0.0298,0.0301,available,,not_measured,managed,0.0301,0.990033,close
a & b (int16),Bitwise,int16,10000000,,5.0981,6.3181,available,,not_measured,managed,6.3181,0.806904,close
a & b (int32),Bitwise,int32,1000,,0.0008,0.0022,available,,not_measured,managed,0.0022,0.363636,negligible
a & b (int32),Bitwise,int32,100000,,0.0289,0.0771,available,,not_measured,managed,0.0771,0.374838,slower
a & b (int32),Bitwise,int32,10000000,,9.7375,11.8863,available,,not_measured,managed,11.8863,0.81922,close
a & b (int64),Bitwise,int64,1000,,0.0008,0.0033,available,,not_measured,managed,0.0033,0.242424,negligible
a & b (int64),Bitwise,int64,100000,,0.0343,0.1183,available,,not_measured,managed,0.1183,0.289941,slower
a & b (int64),Bitwise,int64,10000000,,16.9448,28.4663,available,,not_measured,managed,28.4663,0.595258,close
a & b (int8),Bitwise,int8,1000,,0.0006,0.0029,available,,not_measured,managed,0.0029,0.206897,negligible
a & b (int8),Bitwise,int8,100000,,0.0286,0.0156,available,,not_measured,managed,0.0156,1.833333,faster
a & b (int8),Bitwise,int8,10000000,,3.7856,3.8546,available,,not_measured,managed,3.8546,0.982099,close
a & b (uint16),Bitwise,uint16,1000,,0.0008,0.002,available,,not_measured,managed,0.002,0.4,negligible
a & b (uint16),Bitwise,uint16,100000,,0.03,0.0356,available,,not_measured,managed,0.0356,0.842697,close
a & b (uint16),Bitwise,uint16,10000000,,5.1355,6.955,available,,not_measured,managed,6.955,0.73839,close
a & b (uint32),Bitwise,uint32,1000,,0.0008,0.0021,available,,not_measured,managed,0.0021,0.380952,negligible
a & b (uint32),Bitwise,uint32,100000,,0.0286,0.0686,available,,not_measured,managed,0.0686,0.41691,slower
a & b (uint32),Bitwise,uint32,10000000,,8.3278,12.949,available,,not_measured,managed,12.949,0.643123,close
a & b (uint64),Bitwise,uint64,1000,,0.0009,0.0033,available,,not_measured,managed,0.0033,0.272727,negligible
a & b (uint64),Bitwise,uint64,100000,,0.0397,0.1238,available,,not_measured,managed,0.1238,0.320679,slower
a & b (uint64),Bitwise,uint64,10000000,,19.1903,28.6289,available,,not_measured,managed,28.6289,0.670312,close
a & b (uint8),Bitwise,uint8,1000,,0.0007,0.0018,available,,not_measured,managed,0.0018,0.388889,negligible
a & b (uint8),Bitwise,uint8,100000,,0.0287,0.0194,available,,not_measured,managed,0.0194,1.479381,faster
a & b (uint8),Bitwise,uint8,10000000,,3.8354,3.7909,available,,not_measured,managed,3.7909,1.011739,close
a ^ b (bool),Bitwise,bool,1000,,0.0004,0.0018,available,,not_measured,managed,0.0018,0.222222,negligible
a ^ b (bool),Bitwise,bool,100000,,0.0031,0.0539,available,,not_measured,managed,0.0539,0.057514,much_slower
a ^ b (bool),Bitwise,bool,10000000,,2.0795,6.4347,available,,not_measured,managed,6.4347,0.32317,slower
a ^ b (int16),Bitwise,int16,1000,,0.0008,0.0017,available,,not_measured,managed,0.0017,0.470588,negligible
a ^ b (int16),Bitwise,int16,100000,,0.0291,0.0287,available,,not_measured,managed,0.0287,1.013937,close
a ^ b (int16),Bitwise,int16,10000000,,5.2118,6.6677,available,,not_measured,managed,6.6677,0.781649,close
a ^ b (int32),Bitwise,int32,1000,,0.0008,0.0023,available,,not_measured,managed,0.0023,0.347826,negligible
a ^ b (int32),Bitwise,int32,100000,,0.0289,0.0652,available,,not_measured,managed,0.0652,0.443252,slower
a ^ b (int32),Bitwise,int32,10000000,,8.8574,12.8917,available,,not_measured,managed,12.8917,0.687062,close
a ^ b (int64),Bitwise,int64,1000,,0.0008,0.0034,available,,not_measured,managed,0.0034,0.235294,negligible
a ^ b (int64),Bitwise,int64,100000,,0.0352,0.1284,available,,not_measured,managed,0.1284,0.274143,slower
a ^ b (int64),Bitwise,int64,10000000,,18.2452,35.2017,available,,not_measured,managed,35.2017,0.518305,close
a ^ b (int8),Bitwise,int8,1000,,0.0006,0.002,available,,not_measured,managed,0.002,0.3,negligible
a ^ b (int8),Bitwise,int8,100000,,0.0292,0.0158,available,,not_measured,managed,0.0158,1.848101,faster
a ^ b (int8),Bitwise,int8,10000000,,3.7937,3.8045,available,,not_measured,managed,3.8045,0.997161,close
a ^ b (uint16),Bitwise,uint16,1000,,0.0008,0.002,available,,not_measured,managed,0.002,0.4,negligible
a ^ b (uint16),Bitwise,uint16,100000,,0.0289,0.033,available,,not_measured,managed,0.033,0.875758,close
a ^ b (uint16),Bitwise,uint16,10000000,,5.056,6.5946,available,,not_measured,managed,6.5946,0.766688,close
a ^ b (uint32),Bitwise,uint32,1000,,0.0008,0.002,available,,not_measured,managed,0.002,0.4,negligible
a ^ b (uint32),Bitwise,uint32,100000,,0.0287,0.0599,available,,not_measured,managed,0.0599,0.479132,slower
a ^ b (uint32),Bitwise,uint32,10000000,,8.4462,12.2722,available,,not_measured,managed,12.2722,0.688238,close
a ^ b (uint64),Bitwise,uint64,1000,,0.0008,0.0032,available,,not_measured,managed,0.0032,0.25,negligible
a ^ b (uint64),Bitwise,uint64,100000,,0.0339,0.1302,available,,not_measured,managed,0.1302,0.260369,slower
a ^ b (uint64),Bitwise,uint64,10000000,,18.4988,34.5739,available,,not_measured,managed,34.5739,0.535051,close
a ^ b (uint8),Bitwise,uint8,1000,,0.0006,0.0023,available,,not_measured,managed,0.0023,0.26087,negligible
a ^ b (uint8),Bitwise,uint8,100000,,0.0288,0.0173,available,,not_measured,managed,0.0173,1.66474,faster
a ^ b (uint8),Bitwise,uint8,10000000,,3.788,3.1801,available,,not_measured,managed,3.1801,1.191158,faster
a | b (bool),Bitwise,bool,1000,,0.0004,0.0019,available,,not_measured,managed,0.0019,0.210526,negligible
a | b (bool),Bitwise,bool,100000,,0.003,0.0561,available,,not_measured,managed,0.0561,0.053476,much_slower
a | b (bool),Bitwise,bool,10000000,,2.0315,6.6117,available,,not_measured,managed,6.6117,0.307258,slower
a | b (int16),Bitwise,int16,1000,,0.0008,0.0023,available,,not_measured,managed,0.0023,0.347826,negligible
a | b (int16),Bitwise,int16,100000,,0.0292,0.0321,available,,not_measured,managed,0.0321,0.909657,close
a | b (int16),Bitwise,int16,10000000,,5.1375,6.3806,available,,not_measured,managed,6.3806,0.805175,close
a | b (int32),Bitwise,int32,1000,,0.0008,0.0024,available,,not_measured,managed,0.0024,0.333333,negligible
a | b (int32),Bitwise,int32,100000,,0.0287,0.0627,available,,not_measured,managed,0.0627,0.457735,slower
a | b (int32),Bitwise,int32,10000000,,9.0959,12.3715,available,,not_measured,managed,12.3715,0.73523,close
a | b (int64),Bitwise,int64,1000,,0.0008,0.0032,available,,not_measured,managed,0.0032,0.25,negligible
a | b (int64),Bitwise,int64,100000,,0.0344,0.1242,available,,not_measured,managed,0.1242,0.276973,slower
a | b (int64),Bitwise,int64,10000000,,17.6898,29.6977,available,,not_measured,managed,29.6977,0.595662,close
a | b (int8),Bitwise,int8,1000,,0.0007,0.0026,available,,not_measured,managed,0.0026,0.269231,negligible
a | b (int8),Bitwise,int8,100000,,0.0306,0.0153,available,,not_measured,managed,0.0153,2.0,faster
a | b (int8),Bitwise,int8,10000000,,3.9271,3.9582,available,,not_measured,managed,3.9582,0.992143,close
a | b (uint16),Bitwise,uint16,1000,,0.0008,0.0022,available,,not_measured,managed,0.0022,0.363636,negligible
a | b (uint16),Bitwise,uint16,100000,,0.0287,0.0352,available,,not_measured,managed,0.0352,0.815341,close
a | b (uint16),Bitwise,uint16,10000000,,5.1381,7.0718,available,,not_measured,managed,7.0718,0.726562,close
a | b (uint32),Bitwise,uint32,1000,,0.0008,0.0025,available,,not_measured,managed,0.0025,0.32,negligible
a | b (uint32),Bitwise,uint32,100000,,0.0287,0.0589,available,,not_measured,managed,0.0589,0.487267,slower
a | b (uint32),Bitwise,uint32,10000000,,8.3403,12.2409,available,,not_measured,managed,12.2409,0.681347,close
a | b (uint64),Bitwise,uint64,1000,,0.0008,0.003,available,,not_measured,managed,0.003,0.266667,negligible
a | b (uint64),Bitwise,uint64,100000,,0.037,0.1183,available,,not_measured,managed,0.1183,0.312764,slower
a | b (uint64),Bitwise,uint64,10000000,,17.3642,31.338,available,,not_measured,managed,31.338,0.554094,close
a | b (uint8),Bitwise,uint8,1000,,0.0007,0.0018,available,,not_measured,managed,0.0018,0.388889,negligible
a | b (uint8),Bitwise,uint8,100000,,0.0294,0.0166,available,,not_measured,managed,0.0166,1.771084,faster
a | b (uint8),Bitwise,uint8,10000000,,4.0235,3.6036,available,,not_measured,managed,3.6036,1.116522,faster
"np.bitwise_and(a, b) (bool)",Bitwise,bool,1000,,0.0004,0.003,available,,not_measured,managed,0.003,0.133333,negligible
"np.bitwise_and(a, b) (bool)",Bitwise,bool,100000,,0.0031,0.0557,available,,not_measured,managed,0.0557,0.055655,much_slower
"np.bitwise_and(a, b) (bool)",Bitwise,bool,10000000,,2.1392,6.1728,available,,not_measured,managed,6.1728,0.346553,slower
"np.bitwise_and(a, b) (int16)",Bitwise,int16,1000,,0.0008,0.0019,available,,not_measured,managed,0.0019,0.421053,negligible
"np.bitwise_and(a, b) (int16)",Bitwise,int16,100000,,0.0296,0.0312,available,,not_measured,managed,0.0312,0.948718,close
"np.bitwise_and(a, b) (int16)",Bitwise,int16,10000000,,5.0493,6.5475,available,,not_measured,managed,6.5475,0.77118,close
"np.bitwise_and(a, b) (int32)",Bitwise,int32,1000,,0.0008,0.0023,available,,not_measured,managed,0.0023,0.347826,negligible
"np.bitwise_and(a, b) (int32)",Bitwise,int32,100000,,0.0287,0.0625,available,,not_measured,managed,0.0625,0.4592,slower
"np.bitwise_and(a, b) (int32)",Bitwise,int32,10000000,,8.5231,12.3488,available,,not_measured,managed,12.3488,0.690197,close
"np.bitwise_and(a, b) (int64)",Bitwise,int64,1000,,0.0008,0.0029,available,,not_measured,managed,0.0029,0.275862,negligible
"np.bitwise_and(a, b) (int64)",Bitwise,int64,100000,,0.0329,0.125,available,,not_measured,managed,0.125,0.2632,slower
"np.bitwise_and(a, b) (int64)",Bitwise,int64,10000000,,17.0522,32.5932,available,,not_measured,managed,32.5932,0.523183,close
"np.bitwise_and(a, b) (int8)",Bitwise,int8,1000,,0.0007,0.0017,available,,not_measured,managed,0.0017,0.411765,negligible
"np.bitwise_and(a, b) (int8)",Bitwise,int8,100000,,0.0288,0.0192,available,,not_measured,managed,0.0192,1.5,faster
"np.bitwise_and(a, b) (int8)",Bitwise,int8,10000000,,3.8008,3.7347,available,,not_measured,managed,3.7347,1.017699,close
"np.bitwise_and(a, b) (uint16)",Bitwise,uint16,1000,,0.0008,0.0021,available,,not_measured,managed,0.0021,0.380952,negligible
"np.bitwise_and(a, b) (uint16)",Bitwise,uint16,100000,,0.0291,0.0327,available,,not_measured,managed,0.0327,0.889908,close
"np.bitwise_and(a, b) (uint16)",Bitwise,uint16,10000000,,5.0456,6.9221,available,,not_measured,managed,6.9221,0.728912,close
"np.bitwise_and(a, b) (uint32)",Bitwise,uint32,1000,,0.0008,0.0024,available,,not_measured,managed,0.0024,0.333333,negligible
"np.bitwise_and(a, b) (uint32)",Bitwise,uint32,100000,,0.0297,0.0613,available,,not_measured,managed,0.0613,0.484502,slower
"np.bitwise_and(a, b) (uint32)",Bitwise,uint32,10000000,,8.4054,12.0652,available,,not_measured,managed,12.0652,0.696665,close
"np.bitwise_and(a, b) (uint64)",Bitwise,uint64,1000,,0.0008,0.0025,available,,not_measured,managed,0.0025,0.32,negligible
"np.bitwise_and(a, b) (uint64)",Bitwise,uint64,100000,,0.0337,0.1526,available,,not_measured,managed,0.1526,0.220839,slower
"np.bitwise_and(a, b) (uint64)",Bitwise,uint64,10000000,,17.2516,28.1371,available,,not_measured,managed,28.1371,0.613126,close
"np.bitwise_and(a, b) (uint8)",Bitwise,uint8,1000,,0.0007,0.002,available,,not_measured,managed,0.002,0.35,negligible
"np.bitwise_and(a, b) (uint8)",Bitwise,uint8,100000,,0.0288,0.0161,available,,not_measured,managed,0.0161,1.78882,faster
"np.bitwise_and(a, b) (uint8)",Bitwise,uint8,10000000,,3.841,3.6808,available,,not_measured,managed,3.6808,1.043523,close
np.bitwise_not(a) (bool),Bitwise,bool,1000,,0.0004,0.0025,available,,not_measured,managed,0.0025,0.16,negligible
np.bitwise_not(a) (bool),Bitwise,bool,100000,,0.0023,0.0542,available,,not_measured,managed,0.0542,0.042435,much_slower
np.bitwise_not(a) (bool),Bitwise,bool,10000000,,1.7096,5.9899,available,,not_measured,managed,5.9899,0.285414,slower
np.bitwise_not(a) (int16),Bitwise,int16,1000,,0.0007,0.002,available,,not_measured,managed,0.002,0.35,negligible
np.bitwise_not(a) (int16),Bitwise,int16,100000,,0.0293,0.0337,available,,not_measured,managed,0.0337,0.869436,close
np.bitwise_not(a) (int16),Bitwise,int16,10000000,,4.6492,5.0159,available,,not_measured,managed,5.0159,0.926892,close
np.bitwise_not(a) (int32),Bitwise,int32,1000,,0.0008,0.0011,available,,not_measured,managed,0.0011,0.727273,negligible
np.bitwise_not(a) (int32),Bitwise,int32,100000,,0.0261,0.0576,available,,not_measured,managed,0.0576,0.453125,slower
np.bitwise_not(a) (int32),Bitwise,int32,10000000,,7.7543,9.0233,available,,not_measured,managed,9.0233,0.859364,close
np.bitwise_not(a) (int64),Bitwise,int64,1000,,0.0007,0.0031,available,,not_measured,managed,0.0031,0.225806,negligible
np.bitwise_not(a) (int64),Bitwise,int64,100000,,0.0263,0.1137,available,,not_measured,managed,0.1137,0.23131,slower
np.bitwise_not(a) (int64),Bitwise,int64,10000000,,15.4763,22.2517,available,,not_measured,managed,22.2517,0.695511,close
np.bitwise_not(a) (int8),Bitwise,int8,1000,,0.0006,0.0018,available,,not_measured,managed,0.0018,0.333333,negligible
np.bitwise_not(a) (int8),Bitwise,int8,100000,,0.0263,0.0158,available,,not_measured,managed,0.0158,1.664557,faster
np.bitwise_not(a) (int8),Bitwise,int8,10000000,,3.5094,2.9494,available,,not_measured,managed,2.9494,1.189869,faster
np.bitwise_not(a) (uint16),Bitwise,uint16,1000,,0.0008,0.0008,available,,not_measured,managed,0.0008,1.0,negligible
np.bitwise_not(a) (uint16),Bitwise,uint16,100000,,0.0266,0.0322,available,,not_measured,managed,0.0322,0.826087,close
np.bitwise_not(a) (uint16),Bitwise,uint16,10000000,,4.6426,4.8219,available,,not_measured,managed,4.8219,0.962815,close
np.bitwise_not(a) (uint32),Bitwise,uint32,1000,,0.0008,0.0026,available,,not_measured,managed,0.0026,0.307692,negligible
np.bitwise_not(a) (uint32),Bitwise,uint32,100000,,0.0264,0.057,available,,not_measured,managed,0.057,0.463158,slower
np.bitwise_not(a) (uint32),Bitwise,uint32,10000000,,7.6217,8.9782,available,,not_measured,managed,8.9782,0.848912,close
np.bitwise_not(a) (uint64),Bitwise,uint64,1000,,0.0008,0.0028,available,,not_measured,managed,0.0028,0.285714,negligible
np.bitwise_not(a) (uint64),Bitwise,uint64,100000,,0.0262,0.1167,available,,not_measured,managed,0.1167,0.224507,slower
np.bitwise_not(a) (uint64),Bitwise,uint64,10000000,,15.3578,21.8891,available,,not_measured,managed,21.8891,0.701619,close
np.bitwise_not(a) (uint8),Bitwise,uint8,1000,,0.0006,0.0022,available,,not_measured,managed,0.0022,0.272727,negligible
np.bitwise_not(a) (uint8),Bitwise,uint8,100000,,0.0258,0.0153,available,,not_measured,managed,0.0153,1.686275,faster
np.bitwise_not(a) (uint8),Bitwise,uint8,10000000,,3.5408,2.4929,available,,not_measured,managed,2.4929,1.420354,faster
"np.bitwise_or(a, b) (bool)",Bitwise,bool,1000,,0.0004,0.0028,available,,not_measured,managed,0.0028,0.142857,negligible
"np.bitwise_or(a, b) (bool)",Bitwise,bool,100000,,0.003,0.0555,available,,not_measured,managed,0.0555,0.054054,much_slower
"np.bitwise_or(a, b) (bool)",Bitwise,bool,10000000,,1.9799,6.2329,available,,not_measured,managed,6.2329,0.317653,slower
"np.bitwise_or(a, b) (int16)",Bitwise,int16,1000,,0.0008,0.0019,available,,not_measured,managed,0.0019,0.421053,negligible
"np.bitwise_or(a, b) (int16)",Bitwise,int16,100000,,0.0288,0.0363,available,,not_measured,managed,0.0363,0.793388,close
"np.bitwise_or(a, b) (int16)",Bitwise,int16,10000000,,5.1435,6.652,available,,not_measured,managed,6.652,0.773226,close
"np.bitwise_or(a, b) (int32)",Bitwise,int32,1000,,0.0008,0.0026,available,,not_measured,managed,0.0026,0.307692,negligible
"np.bitwise_or(a, b) (int32)",Bitwise,int32,100000,,0.0296,0.0627,available,,not_measured,managed,0.0627,0.472089,slower
"np.bitwise_or(a, b) (int32)",Bitwise,int32,10000000,,8.5454,12.2088,available,,not_measured,managed,12.2088,0.699938,close
"np.bitwise_or(a, b) (int64)",Bitwise,int64,1000,,0.0008,0.0032,available,,not_measured,managed,0.0032,0.25,negligible
"np.bitwise_or(a, b) (int64)",Bitwise,int64,100000,,0.0336,0.1344,available,,not_measured,managed,0.1344,0.25,slower
"np.bitwise_or(a, b) (int64)",Bitwise,int64,10000000,,17.349,29.6976,available,,not_measured,managed,29.6976,0.584189,close
"np.bitwise_or(a, b) (int8)",Bitwise,int8,1000,,0.0007,0.0018,available,,not_measured,managed,0.0018,0.388889,negligible
"np.bitwise_or(a, b) (int8)",Bitwise,int8,100000,,0.0295,0.016,available,,not_measured,managed,0.016,1.84375,faster
"np.bitwise_or(a, b) (int8)",Bitwise,int8,10000000,,3.8658,3.8837,available,,not_measured,managed,3.8837,0.995391,close
"np.bitwise_or(a, b) (uint16)",Bitwise,uint16,1000,,0.0008,0.0019,available,,not_measured,managed,0.0019,0.421053,negligible
"np.bitwise_or(a, b) (uint16)",Bitwise,uint16,100000,,0.0287,0.0317,available,,not_measured,managed,0.0317,0.905363,close
"np.bitwise_or(a, b) (uint16)",Bitwise,uint16,10000000,,5.0756,6.2448,available,,not_measured,managed,6.2448,0.812772,close
"np.bitwise_or(a, b) (uint32)",Bitwise,uint32,1000,,0.0008,0.0021,available,,not_measured,managed,0.0021,0.380952,negligible
"np.bitwise_or(a, b) (uint32)",Bitwise,uint32,100000,,0.0302,0.0605,available,,not_measured,managed,0.0605,0.499174,slower
"np.bitwise_or(a, b) (uint32)",Bitwise,uint32,10000000,,8.4207,12.0356,available,,not_measured,managed,12.0356,0.699649,close
"np.bitwise_or(a, b) (uint64)",Bitwise,uint64,1000,,0.0008,0.0027,available,,not_measured,managed,0.0027,0.296296,negligible
"np.bitwise_or(a, b) (uint64)",Bitwise,uint64,100000,,0.0339,0.1198,available,,not_measured,managed,0.1198,0.282972,slower
"np.bitwise_or(a, b) (uint64)",Bitwise,uint64,10000000,,16.9107,29.2974,available,,not_measured,managed,29.2974,0.577208,close
"np.bitwise_or(a, b) (uint8)",Bitwise,uint8,1000,,0.0007,0.0019,available,,not_measured,managed,0.0019,0.368421,negligible
"np.bitwise_or(a, b) (uint8)",Bitwise,uint8,100000,,0.0292,0.0161,available,,not_measured,managed,0.0161,1.813665,faster
"np.bitwise_or(a, b) (uint8)",Bitwise,uint8,10000000,,3.904,3.6788,available,,not_measured,managed,3.6788,1.061216,faster
"np.bitwise_xor(a, b) (bool)",Bitwise,bool,1000,,0.0004,0.0029,available,,not_measured,managed,0.0029,0.137931,negligible
"np.bitwise_xor(a, b) (bool)",Bitwise,bool,100000,,0.0031,0.056,available,,not_measured,managed,0.056,0.055357,much_slower
"np.bitwise_xor(a, b) (bool)",Bitwise,bool,10000000,,1.9614,6.0434,available,,not_measured,managed,6.0434,0.324552,slower
"np.bitwise_xor(a, b) (int16)",Bitwise,int16,1000,,0.0008,0.0021,available,,not_measured,managed,0.0021,0.380952,negligible
"np.bitwise_xor(a, b) (int16)",Bitwise,int16,100000,,0.0289,0.043,available,,not_measured,managed,0.043,0.672093,close
"np.bitwise_xor(a, b) (int16)",Bitwise,int16,10000000,,5.1478,6.6387,available,,not_measured,managed,6.6387,0.775423,close
"np.bitwise_xor(a, b) (int32)",Bitwise,int32,1000,,0.0008,0.0025,available,,not_measured,managed,0.0025,0.32,negligible
"np.bitwise_xor(a, b) (int32)",Bitwise,int32,100000,,0.0294,0.0675,available,,not_measured,managed,0.0675,0.435556,slower
"np.bitwise_xor(a, b) (int32)",Bitwise,int32,10000000,,8.3683,12.7413,available,,not_measured,managed,12.7413,0.656785,close
"np.bitwise_xor(a, b) (int64)",Bitwise,int64,1000,,0.0008,0.003,available,,not_measured,managed,0.003,0.266667,negligible
"np.bitwise_xor(a, b) (int64)",Bitwise,int64,100000,,0.033,0.1281,available,,not_measured,managed,0.1281,0.257611,slower
"np.bitwise_xor(a, b) (int64)",Bitwise,int64,10000000,,17.9271,32.583,available,,not_measured,managed,32.583,0.550198,close
"np.bitwise_xor(a, b) (int8)",Bitwise,int8,1000,,0.0007,0.002,available,,not_measured,managed,0.002,0.35,negligible
"np.bitwise_xor(a, b) (int8)",Bitwise,int8,100000,,0.0289,0.0161,available,,not_measured,managed,0.0161,1.795031,faster
"np.bitwise_xor(a, b) (int8)",Bitwise,int8,10000000,,3.8618,4.1683,available,,not_measured,managed,4.1683,0.926469,close
"np.bitwise_xor(a, b) (uint16)",Bitwise,uint16,1000,,0.0008,0.0019,available,,not_measured,managed,0.0019,0.421053,negligible
"np.bitwise_xor(a, b) (uint16)",Bitwise,uint16,100000,,0.0305,0.0354,available,,not_measured,managed,0.0354,0.861582,close
"np.bitwise_xor(a, b) (uint16)",Bitwise,uint16,10000000,,4.9953,6.4238,available,,not_measured,managed,6.4238,0.777624,close
"np.bitwise_xor(a, b) (uint32)",Bitwise,uint32,1000,,0.0008,0.002,available,,not_measured,managed,0.002,0.4,negligible
"np.bitwise_xor(a, b) (uint32)",Bitwise,uint32,100000,,0.0303,0.0628,available,,not_measured,managed,0.0628,0.482484,slower
"np.bitwise_xor(a, b) (uint32)",Bitwise,uint32,10000000,,8.4531,12.1869,available,,not_measured,managed,12.1869,0.693622,close
"np.bitwise_xor(a, b) (uint64)",Bitwise,uint64,1000,,0.0008,0.0029,available,,not_measured,managed,0.0029,0.275862,negligible
"np.bitwise_xor(a, b) (uint64)",Bitwise,uint64,100000,,0.0341,0.1335,available,,not_measured,managed,0.1335,0.255431,slower
"np.bitwise_xor(a, b) (uint64)",Bitwise,uint64,10000000,,18.0064,27.7808,available,,not_measured,managed,27.7808,0.64816,close
"np.bitwise_xor(a, b) (uint8)",Bitwise,uint8,1000,,0.0007,0.0018,available,,not_measured,managed,0.0018,0.388889,negligible
"np.bitwise_xor(a, b) (uint8)",Bitwise,uint8,100000,,0.0286,0.0153,available,,not_measured,managed,0.0153,1.869281,faster
"np.bitwise_xor(a, b) (uint8)",Bitwise,uint8,10000000,,3.7918,3.3477,available,,not_measured,managed,3.3477,1.132658,faster
np.invert(a) (bool),Bitwise,bool,1000,,0.0004,0.0011,available,,not_measured,managed,0.0011,0.363636,negligible
np.invert(a) (bool),Bitwise,bool,100000,,0.0023,0.0546,available,,not_measured,managed,0.0546,0.042125,much_slower
np.invert(a) (bool),Bitwise,bool,10000000,,1.7985,6.1,available,,not_measured,managed,6.1,0.294836,slower
np.invert(a) (int16),Bitwise,int16,1000,,0.0007,0.0008,available,,not_measured,managed,0.0008,0.875,negligible
np.invert(a) (int16),Bitwise,int16,100000,,0.0263,0.0283,available,,not_measured,managed,0.0283,0.929329,close
np.invert(a) (int16),Bitwise,int16,10000000,,4.7207,4.7978,available,,not_measured,managed,4.7978,0.98393,close
np.invert(a) (int32),Bitwise,int32,1000,,0.0007,0.002,available,,not_measured,managed,0.002,0.35,negligible
np.invert(a) (int32),Bitwise,int32,100000,,0.0263,0.0815,available,,not_measured,managed,0.0815,0.322699,slower
np.invert(a) (int32),Bitwise,int32,10000000,,8.0168,9.1047,available,,not_measured,managed,9.1047,0.880512,close
np.invert(a) (int64),Bitwise,int64,1000,,0.0008,0.0028,available,,not_measured,managed,0.0028,0.285714,negligible
np.invert(a) (int64),Bitwise,int64,100000,,0.0264,0.1194,available,,not_measured,managed,0.1194,0.221106,slower
np.invert(a) (int64),Bitwise,int64,10000000,,15.4248,23.7658,available,,not_measured,managed,23.7658,0.649033,close
np.invert(a) (int8),Bitwise,int8,1000,,0.0006,0.0023,available,,not_measured,managed,0.0023,0.26087,negligible
np.invert(a) (int8),Bitwise,int8,100000,,0.0262,0.015,available,,not_measured,managed,0.015,1.746667,faster
np.invert(a) (int8),Bitwise,int8,10000000,,3.5054,3.0665,available,,not_measured,managed,3.0665,1.143127,faster
np.invert(a) (uint16),Bitwise,uint16,1000,,0.0007,0.002,available,,not_measured,managed,0.002,0.35,negligible
np.invert(a) (uint16),Bitwise,uint16,100000,,0.0259,0.0335,available,,not_measured,managed,0.0335,0.773134,close
np.invert(a) (uint16),Bitwise,uint16,10000000,,4.6046,5.337,available,,not_measured,managed,5.337,0.862769,close
np.invert(a) (uint32),Bitwise,uint32,1000,,0.0007,0.0022,available,,not_measured,managed,0.0022,0.318182,negligible
np.invert(a) (uint32),Bitwise,uint32,100000,,0.0264,0.0585,available,,not_measured,managed,0.0585,0.451282,slower
np.invert(a) (uint32),Bitwise,uint32,10000000,,7.6194,10.0599,available,,not_measured,managed,10.0599,0.757403,close
np.invert(a) (uint64),Bitwise,uint64,1000,,0.0008,0.0032,available,,not_measured,managed,0.0032,0.25,negligible
np.invert(a) (uint64),Bitwise,uint64,100000,,0.0262,0.1348,available,,not_measured,managed,0.1348,0.194362,much_slower
np.invert(a) (uint64),Bitwise,uint64,10000000,,15.2654,26.9743,available,,not_measured,managed,26.9743,0.565924,close
np.invert(a) (uint8),Bitwise,uint8,1000,,0.0006,0.0016,available,,not_measured,managed,0.0016,0.375,negligible
np.invert(a) (uint8),Bitwise,uint8,100000,,0.0263,0.0183,available,,not_measured,managed,0.0183,1.437158,faster
np.invert(a) (uint8),Bitwise,uint8,10000000,,3.4725,2.669,available,,not_measured,managed,2.669,1.301049,faster
"np.left_shift(a, 2) (bool)",Bitwise,bool,1000,,0.0015,0.006,available,,not_measured,managed,0.006,0.25,slower
"np.left_shift(a, 2) (bool)",Bitwise,bool,100000,,0.0446,0.1297,available,,not_measured,managed,0.1297,0.34387,slower
"np.left_shift(a, 2) (bool)",Bitwise,bool,10000000,,15.3446,16.8286,available,,not_measured,managed,16.8286,0.911817,close
"np.left_shift(a, 2) (int16)",Bitwise,int16,1000,,0.0011,0.0036,available,,not_measured,managed,0.0036,0.305556,slower
"np.left_shift(a, 2) (int16)",Bitwise,int16,100000,,0.0284,0.0316,available,,not_measured,managed,0.0316,0.898734,close
"np.left_shift(a, 2) (int16)",Bitwise,int16,10000000,,4.8865,4.7349,available,,not_measured,managed,4.7349,1.032018,close
"np.left_shift(a, 2) (int32)",Bitwise,int32,1000,,0.001,0.0043,available,,not_measured,managed,0.0043,0.232558,slower
"np.left_shift(a, 2) (int32)",Bitwise,int32,100000,,0.0191,0.0647,available,,not_measured,managed,0.0647,0.295209,slower
"np.left_shift(a, 2) (int32)",Bitwise,int32,10000000,,7.8035,9.0874,available,,not_measured,managed,9.0874,0.858716,close
"np.left_shift(a, 2) (int64)",Bitwise,int64,1000,,0.0009,0.0048,available,,not_measured,managed,0.0048,0.1875,negligible
"np.left_shift(a, 2) (int64)",Bitwise,int64,100000,,0.0209,0.1261,available,,not_measured,managed,0.1261,0.165741,much_slower
"np.left_shift(a, 2) (int64)",Bitwise,int64,10000000,,18.2622,22.1847,available,,not_measured,managed,22.1847,0.823189,close
"np.left_shift(a, 2) (int8)",Bitwise,int8,1000,,0.0009,0.0027,available,,not_measured,managed,0.0027,0.333333,negligible
"np.left_shift(a, 2) (int8)",Bitwise,int8,100000,,0.0289,0.0185,available,,not_measured,managed,0.0185,1.562162,faster
"np.left_shift(a, 2) (int8)",Bitwise,int8,10000000,,3.7003,2.3903,available,,not_measured,managed,2.3903,1.548048,faster
"np.left_shift(a, 2) (uint16)",Bitwise,uint16,1000,,0.0011,0.0042,available,,not_measured,managed,0.0042,0.261905,slower
"np.left_shift(a, 2) (uint16)",Bitwise,uint16,100000,,0.0295,0.0344,available,,not_measured,managed,0.0344,0.857558,close
"np.left_shift(a, 2) (uint16)",Bitwise,uint16,10000000,,4.7523,4.897,available,,not_measured,managed,4.897,0.970451,close
"np.left_shift(a, 2) (uint32)",Bitwise,uint32,1000,,0.001,0.0042,available,,not_measured,managed,0.0042,0.238095,slower
"np.left_shift(a, 2) (uint32)",Bitwise,uint32,100000,,0.0192,0.0555,available,,not_measured,managed,0.0555,0.345946,slower
"np.left_shift(a, 2) (uint32)",Bitwise,uint32,10000000,,7.514,8.6482,available,,not_measured,managed,8.6482,0.868851,close
"np.left_shift(a, 2) (uint64)",Bitwise,uint64,1000,,0.001,0.0036,available,,not_measured,managed,0.0036,0.277778,slower
"np.left_shift(a, 2) (uint64)",Bitwise,uint64,100000,,0.0195,0.1183,available,,not_measured,managed,0.1183,0.164835,much_slower
"np.left_shift(a, 2) (uint64)",Bitwise,uint64,10000000,,15.3259,23.4199,available,,not_measured,managed,23.4199,0.654396,close
"np.left_shift(a, 2) (uint8)",Bitwise,uint8,1000,,0.0009,0.0055,available,,not_measured,managed,0.0055,0.163636,negligible
"np.left_shift(a, 2) (uint8)",Bitwise,uint8,100000,,0.0283,0.0201,available,,not_measured,managed,0.0201,1.40796,faster
"np.left_shift(a, 2) (uint8)",Bitwise,uint8,10000000,,3.6698,2.8818,available,,not_measured,managed,2.8818,1.27344,faster
"np.right_shift(a, 2) (bool)",Bitwise,bool,1000,,0.0018,0.0087,available,,not_measured,managed,0.0087,0.206897,slower
"np.right_shift(a, 2) (bool)",Bitwise,bool,100000,,0.0534,0.1268,available,,not_measured,managed,0.1268,0.421136,slower
"np.right_shift(a, 2) (bool)",Bitwise,bool,10000000,,15.3254,16.9605,available,,not_measured,managed,16.9605,0.903594,close
"np.right_shift(a, 2) (int16)",Bitwise,int16,1000,,0.0012,0.004,available,,not_measured,managed,0.004,0.3,slower
"np.right_shift(a, 2) (int16)",Bitwise,int16,100000,,0.0374,0.0349,available,,not_measured,managed,0.0349,1.071633,faster
"np.right_shift(a, 2) (int16)",Bitwise,int16,10000000,,5.6767,4.8798,available,,not_measured,managed,4.8798,1.163306,faster
"np.right_shift(a, 2) (int32)",Bitwise,int32,1000,,0.0011,0.0042,available,,not_measured,managed,0.0042,0.261905,slower
"np.right_shift(a, 2) (int32)",Bitwise,int32,100000,,0.0288,0.0602,available,,not_measured,managed,0.0602,0.478405,slower
"np.right_shift(a, 2) (int32)",Bitwise,int32,10000000,,7.9447,9.0761,available,,not_measured,managed,9.0761,0.875343,close
"np.right_shift(a, 2) (int64)",Bitwise,int64,1000,,0.0011,0.0039,available,,not_measured,managed,0.0039,0.282051,slower
"np.right_shift(a, 2) (int64)",Bitwise,int64,100000,,0.0291,0.1329,available,,not_measured,managed,0.1329,0.218962,slower
"np.right_shift(a, 2) (int64)",Bitwise,int64,10000000,,16.4161,28.7993,available,,not_measured,managed,28.7993,0.570017,close
"np.right_shift(a, 2) (int8)",Bitwise,int8,1000,,0.001,0.0027,available,,not_measured,managed,0.0027,0.37037,slower
"np.right_shift(a, 2) (int8)",Bitwise,int8,100000,,0.0379,0.0184,available,,not_measured,managed,0.0184,2.059783,faster
"np.right_shift(a, 2) (int8)",Bitwise,int8,10000000,,4.62,3.4144,available,,not_measured,managed,3.4144,1.353093,faster
"np.right_shift(a, 2) (uint16)",Bitwise,uint16,1000,,0.0012,0.0057,available,,not_measured,managed,0.0057,0.210526,slower
"np.right_shift(a, 2) (uint16)",Bitwise,uint16,100000,,0.0285,0.0342,available,,not_measured,managed,0.0342,0.833333,close
"np.right_shift(a, 2) (uint16)",Bitwise,uint16,10000000,,4.749,4.9817,available,,not_measured,managed,4.9817,0.953289,close
"np.right_shift(a, 2) (uint32)",Bitwise,uint32,1000,,0.001,0.0045,available,,not_measured,managed,0.0045,0.222222,slower
"np.right_shift(a, 2) (uint32)",Bitwise,uint32,100000,,0.0193,0.0568,available,,not_measured,managed,0.0568,0.339789,slower
"np.right_shift(a, 2) (uint32)",Bitwise,uint32,10000000,,7.5573,8.8058,available,,not_measured,managed,8.8058,0.858218,close
"np.right_shift(a, 2) (uint64)",Bitwise,uint64,1000,,0.001,0.0044,available,,not_measured,managed,0.0044,0.227273,slower
"np.right_shift(a, 2) (uint64)",Bitwise,uint64,100000,,0.0196,0.1399,available,,not_measured,managed,0.1399,0.1401,much_slower
"np.right_shift(a, 2) (uint64)",Bitwise,uint64,10000000,,16.2317,25.8004,available,,not_measured,managed,25.8004,0.629126,close
"np.right_shift(a, 2) (uint8)",Bitwise,uint8,1000,,0.0009,0.0041,available,,not_measured,managed,0.0041,0.219512,negligible
"np.right_shift(a, 2) (uint8)",Bitwise,uint8,100000,,0.029,0.0188,available,,not_measured,managed,0.0188,1.542553,faster
"np.right_shift(a, 2) (uint8)",Bitwise,uint8,10000000,,3.7344,3.6806,available,,not_measured,managed,3.6806,1.014617,close
matrix * 2.0,Broadcasting,float64,1000,,0.0008,0.0015,available,,not_measured,managed,0.0015,0.533333,negligible
matrix * 2.0,Broadcasting,float64,100000,,0.012,0.0444,available,,not_measured,managed,0.0444,0.27027,slower
matrix * 2.0,Broadcasting,float64,10000000,,20.0292,14.5212,available,,not_measured,managed,14.5212,1.379307,faster
"matrix * col_vector (N,M)*(N,1)",Broadcasting,float64,1000,,0.0013,0.0035,available,,not_measured,managed,0.0035,0.371429,slower
"matrix * col_vector (N,M)*(N,1)",Broadcasting,float64,100000,,0.0274,0.0549,available,,not_measured,managed,0.0549,0.499089,slower
"matrix * col_vector (N,M)*(N,1)",Broadcasting,float64,10000000,,25.2573,14.4097,available,,not_measured,managed,14.4097,1.752798,faster
"matrix * row_vector (N,M)*(M,)",Broadcasting,float64,1000,,0.0013,0.0028,available,,not_measured,managed,0.0028,0.464286,slower
"matrix * row_vector (N,M)*(M,)",Broadcasting,float64,100000,,0.0256,0.0463,available,,not_measured,managed,0.0463,0.552916,close
"matrix * row_vector (N,M)*(M,)",Broadcasting,float64,10000000,,22.0641,13.6564,available,,not_measured,managed,13.6564,1.61566,faster
"matrix + col_vector (N,M)+(N,1)",Broadcasting,float64,1000,,0.0017,0.0034,available,,not_measured,managed,0.0034,0.5,close
"matrix + col_vector (N,M)+(N,1)",Broadcasting,float64,100000,,0.0272,0.058,available,,not_measured,managed,0.058,0.468966,slower
"matrix + col_vector (N,M)+(N,1)",Broadcasting,float64,10000000,,24.0104,14.5435,available,,not_measured,managed,14.5435,1.650937,faster
"matrix + row_vector (N,M)+(M,)",Broadcasting,float64,1000,,0.0012,0.0028,available,,not_measured,managed,0.0028,0.428571,slower
"matrix + row_vector (N,M)+(M,)",Broadcasting,float64,100000,,0.0255,0.0468,available,,not_measured,managed,0.0468,0.544872,close
"matrix + row_vector (N,M)+(M,)",Broadcasting,float64,10000000,,20.8113,13.7227,available,,not_measured,managed,13.7227,1.51656,faster
matrix + scalar,Broadcasting,float64,1000,,0.0006,0.0015,available,,not_measured,managed,0.0015,0.4,negligible
matrix + scalar,Broadcasting,float64,100000,,0.0125,0.0456,available,,not_measured,managed,0.0456,0.274123,slower
matrix + scalar,Broadcasting,float64,10000000,,17.1774,14.0757,available,,not_measured,managed,14.0757,1.220358,faster
"np.broadcast_to(col, (N,M))",Broadcasting,float64,1000,,0.0018,0.0006,available,,not_measured,managed,0.0006,3.0,negligible
"np.broadcast_to(col, (N,M))",Broadcasting,float64,100000,,0.0018,0.0007,available,,not_measured,managed,0.0007,2.571429,negligible
"np.broadcast_to(col, (N,M))",Broadcasting,float64,10000000,,0.0018,0.0006,available,,not_measured,managed,0.0006,3.0,negligible
"np.broadcast_to(row, (N,M))",Broadcasting,float64,1000,,0.0018,0.0006,available,,not_measured,managed,0.0006,3.0,negligible
"np.broadcast_to(row, (N,M))",Broadcasting,float64,100000,,0.0018,0.0006,available,,not_measured,managed,0.0006,3.0,negligible
"np.broadcast_to(row, (N,M))",Broadcasting,float64,10000000,,0.0018,0.0007,available,,not_measured,managed,0.0007,2.571429,negligible
"tensor3D + matrix2D (D,D,D)+(D,D)",Broadcasting,float64,1000,,0.001,0.0041,available,,not_measured,managed,0.0041,0.243902,slower
"tensor3D + matrix2D (D,D,D)+(D,D)",Broadcasting,float64,100000,,0.0251,0.0929,available,,not_measured,managed,0.0929,0.270183,slower
"tensor3D + matrix2D (D,D,D)+(D,D)",Broadcasting,float64,10000000,,20.7546,14.1971,available,,not_measured,managed,14.1971,1.46189,faster
a != b (float32),Comparison,float32,1000,,0.0006,0.0013,available,,not_measured,managed,0.0013,0.461538,negligible
a != b (float32),Comparison,float32,100000,,0.0075,0.0118,available,,not_measured,managed,0.0118,0.635593,close
a != b (float32),Comparison,float32,10000000,,4.2658,11.4788,available,,not_measured,managed,11.4788,0.371624,slower
a != b (float64),Comparison,float64,1000,,0.0005,0.0012,available,,not_measured,managed,0.0012,0.416667,negligible
a != b (float64),Comparison,float64,100000,,0.0107,0.0298,available,,not_measured,managed,0.0298,0.35906,slower
a != b (float64),Comparison,float64,10000000,,6.7371,22.7525,available,,not_measured,managed,22.7525,0.296104,slower
a != b (int32),Comparison,int32,1000,,0.0004,0.0013,available,,not_measured,managed,0.0013,0.307692,negligible
a != b (int32),Comparison,int32,100000,,0.0078,0.0182,available,,not_measured,managed,0.0182,0.428571,slower
a != b (int32),Comparison,int32,10000000,,4.2652,11.6553,available,,not_measured,managed,11.6553,0.365945,slower
a != b (int64),Comparison,int64,1000,,0.0005,0.0013,available,,not_measured,managed,0.0013,0.384615,negligible
a != b (int64),Comparison,int64,100000,,0.0135,0.022,available,,not_measured,managed,0.022,0.613636,close
a != b (int64),Comparison,int64,10000000,,7.2458,21.1853,available,,not_measured,managed,21.1853,0.34202,slower
a < b (float32),Comparison,float32,1000,,0.0004,0.0013,available,,not_measured,managed,0.0013,0.307692,negligible
a < b (float32),Comparison,float32,100000,,0.007,0.011,available,,not_measured,managed,0.011,0.636364,close
a < b (float32),Comparison,float32,10000000,,4.1169,10.8252,available,,not_measured,managed,10.8252,0.380307,slower
a < b (float64),Comparison,float64,1000,,0.0005,0.0014,available,,not_measured,managed,0.0014,0.357143,negligible
a < b (float64),Comparison,float64,100000,,0.0108,0.0281,available,,not_measured,managed,0.0281,0.384342,slower
a < b (float64),Comparison,float64,10000000,,7.0544,21.6593,available,,not_measured,managed,21.6593,0.325698,slower
a < b (int32),Comparison,int32,1000,,0.0004,0.0016,available,,not_measured,managed,0.0016,0.25,negligible
a < b (int32),Comparison,int32,100000,,0.007,0.0119,available,,not_measured,managed,0.0119,0.588235,close
a < b (int32),Comparison,int32,10000000,,4.2044,11.0188,available,,not_measured,managed,11.0188,0.381566,slower
a < b (int64),Comparison,int64,1000,,0.0006,0.0012,available,,not_measured,managed,0.0012,0.5,negligible
a < b (int64),Comparison,int64,100000,,0.0185,0.0283,available,,not_measured,managed,0.0283,0.65371,close
a < b (int64),Comparison,int64,10000000,,6.8734,20.3228,available,,not_measured,managed,20.3228,0.338211,slower
a <= b (float32),Comparison,float32,1000,,0.0004,0.0012,available,,not_measured,managed,0.0012,0.333333,negligible
a <= b (float32),Comparison,float32,100000,,0.0069,0.0107,available,,not_measured,managed,0.0107,0.64486,close
a <= b (float32),Comparison,float32,10000000,,4.33,12.9963,available,,not_measured,managed,12.9963,0.333172,slower
a <= b (float64),Comparison,float64,1000,,0.0005,0.0014,available,,not_measured,managed,0.0014,0.357143,negligible
a <= b (float64),Comparison,float64,100000,,0.0104,0.0291,available,,not_measured,managed,0.0291,0.357388,slower
a <= b (float64),Comparison,float64,10000000,,6.8035,21.9882,available,,not_measured,managed,21.9882,0.309416,slower
a <= b (int32),Comparison,int32,1000,,0.0004,0.0018,available,,not_measured,managed,0.0018,0.222222,negligible
a <= b (int32),Comparison,int32,100000,,0.0069,0.018,available,,not_measured,managed,0.018,0.383333,slower
a <= b (int32),Comparison,int32,10000000,,4.2647,11.399,available,,not_measured,managed,11.399,0.374129,slower
a <= b (int64),Comparison,int64,1000,,0.0005,0.0016,available,,not_measured,managed,0.0016,0.3125,negligible
a <= b (int64),Comparison,int64,100000,,0.0181,0.0209,available,,not_measured,managed,0.0209,0.866029,close
a <= b (int64),Comparison,int64,10000000,,7.1565,20.3791,available,,not_measured,managed,20.3791,0.351169,slower
a == b (float32),Comparison,float32,1000,,0.0005,0.0013,available,,not_measured,managed,0.0013,0.384615,negligible
a == b (float32),Comparison,float32,100000,,0.0071,0.0122,available,,not_measured,managed,0.0122,0.581967,close
a == b (float32),Comparison,float32,10000000,,4.0317,10.7173,available,,not_measured,managed,10.7173,0.376186,slower
a == b (float64),Comparison,float64,1000,,0.0005,0.0014,available,,not_measured,managed,0.0014,0.357143,negligible
a == b (float64),Comparison,float64,100000,,0.0107,0.0324,available,,not_measured,managed,0.0324,0.330247,slower
a == b (float64),Comparison,float64,10000000,,6.8817,20.6593,available,,not_measured,managed,20.6593,0.333104,slower
a == b (int32),Comparison,int32,1000,,0.0004,0.0013,available,,not_measured,managed,0.0013,0.307692,negligible
a == b (int32),Comparison,int32,100000,,0.0072,0.0189,available,,not_measured,managed,0.0189,0.380952,slower
a == b (int32),Comparison,int32,10000000,,4.5761,12.1659,available,,not_measured,managed,12.1659,0.376142,slower
a == b (int64),Comparison,int64,1000,,0.0005,0.0016,available,,not_measured,managed,0.0016,0.3125,negligible
a == b (int64),Comparison,int64,100000,,0.0138,0.0188,available,,not_measured,managed,0.0188,0.734043,close
a == b (int64),Comparison,int64,10000000,,7.4332,20.8245,available,,not_measured,managed,20.8245,0.356945,slower
a > b (float32),Comparison,float32,1000,,0.0004,0.0012,available,,not_measured,managed,0.0012,0.333333,negligible
a > b (float32),Comparison,float32,100000,,0.0071,0.0111,available,,not_measured,managed,0.0111,0.63964,close
a > b (float32),Comparison,float32,10000000,,3.9363,11.6422,available,,not_measured,managed,11.6422,0.338106,slower
a > b (float64),Comparison,float64,1000,,0.0005,0.0013,available,,not_measured,managed,0.0013,0.384615,negligible
a > b (float64),Comparison,float64,100000,,0.0107,0.0289,available,,not_measured,managed,0.0289,0.370242,slower
a > b (float64),Comparison,float64,10000000,,7.3583,21.4919,available,,not_measured,managed,21.4919,0.342375,slower
a > b (int32),Comparison,int32,1000,,0.0004,0.0016,available,,not_measured,managed,0.0016,0.25,negligible
a > b (int32),Comparison,int32,100000,,0.0071,0.0113,available,,not_measured,managed,0.0113,0.628319,close
a > b (int32),Comparison,int32,10000000,,4.2357,10.7765,available,,not_measured,managed,10.7765,0.39305,slower
a > b (int64),Comparison,int64,1000,,0.0005,0.0014,available,,not_measured,managed,0.0014,0.357143,negligible
a > b (int64),Comparison,int64,100000,,0.0184,0.0211,available,,not_measured,managed,0.0211,0.872038,close
a > b (int64),Comparison,int64,10000000,,6.953,20.612,available,,not_measured,managed,20.612,0.337328,slower
a >= b (float32),Comparison,float32,1000,,0.0004,0.0012,available,,not_measured,managed,0.0012,0.333333,negligible
a >= b (float32),Comparison,float32,100000,,0.007,0.0117,available,,not_measured,managed,0.0117,0.598291,close
a >= b (float32),Comparison,float32,10000000,,4.272,11.765,available,,not_measured,managed,11.765,0.363111,slower
a >= b (float64),Comparison,float64,1000,,0.0005,0.0013,available,,not_measured,managed,0.0013,0.384615,negligible
a >= b (float64),Comparison,float64,100000,,0.0101,0.0286,available,,not_measured,managed,0.0286,0.353147,slower
a >= b (float64),Comparison,float64,10000000,,6.8383,23.5193,available,,not_measured,managed,23.5193,0.290753,slower
a >= b (int32),Comparison,int32,1000,,0.0004,0.0016,available,,not_measured,managed,0.0016,0.25,negligible
a >= b (int32),Comparison,int32,100000,,0.0074,0.0135,available,,not_measured,managed,0.0135,0.548148,close
a >= b (int32),Comparison,int32,10000000,,4.4904,9.8543,available,,not_measured,managed,9.8543,0.455679,slower
a >= b (int64),Comparison,int64,1000,,0.0005,0.0014,available,,not_measured,managed,0.0014,0.357143,negligible
a >= b (int64),Comparison,int64,100000,,0.019,0.0212,available,,not_measured,managed,0.0212,0.896226,close
a >= b (int64),Comparison,int64,10000000,,7.2941,20.8227,available,,not_measured,managed,20.8227,0.350296,slower
"np.equal(a, b) (float32)",Comparison,float32,1000,,0.0004,0.0014,available,,not_measured,managed,0.0014,0.285714,negligible
"np.equal(a, b) (float32)",Comparison,float32,100000,,0.0068,0.0139,available,,not_measured,managed,0.0139,0.489209,slower
"np.equal(a, b) (float32)",Comparison,float32,10000000,,4.0357,11.4896,available,,not_measured,managed,11.4896,0.351248,slower
"np.equal(a, b) (float64)",Comparison,float64,1000,,0.0005,0.0015,available,,not_measured,managed,0.0015,0.333333,negligible
"np.equal(a, b) (float64)",Comparison,float64,100000,,0.0101,0.0313,available,,not_measured,managed,0.0313,0.322684,slower
"np.equal(a, b) (float64)",Comparison,float64,10000000,,6.4167,22.1563,available,,not_measured,managed,22.1563,0.289611,slower
"np.equal(a, b) (int32)",Comparison,int32,1000,,0.0005,0.0016,available,,not_measured,managed,0.0016,0.3125,negligible
"np.equal(a, b) (int32)",Comparison,int32,100000,,0.0074,0.0144,available,,not_measured,managed,0.0144,0.513889,close
"np.equal(a, b) (int32)",Comparison,int32,10000000,,4.5881,9.6667,available,,not_measured,managed,9.6667,0.474629,slower
"np.equal(a, b) (int64)",Comparison,int64,1000,,0.0005,0.0014,available,,not_measured,managed,0.0014,0.357143,negligible
"np.equal(a, b) (int64)",Comparison,int64,100000,,0.0131,0.0201,available,,not_measured,managed,0.0201,0.651741,close
"np.equal(a, b) (int64)",Comparison,int64,10000000,,7.0101,21.7217,available,,not_measured,managed,21.7217,0.322723,slower
"np.greater(a, b) (float32)",Comparison,float32,1000,,0.0005,0.0013,available,,not_measured,managed,0.0013,0.384615,negligible
"np.greater(a, b) (float32)",Comparison,float32,100000,,0.0068,0.0255,available,,not_measured,managed,0.0255,0.266667,slower
"np.greater(a, b) (float32)",Comparison,float32,10000000,,4.0156,11.2991,available,,not_measured,managed,11.2991,0.355391,slower
"np.greater(a, b) (float64)",Comparison,float64,1000,,0.0005,0.0015,available,,not_measured,managed,0.0015,0.333333,negligible
"np.greater(a, b) (float64)",Comparison,float64,100000,,0.0101,0.0312,available,,not_measured,managed,0.0312,0.323718,slower
"np.greater(a, b) (float64)",Comparison,float64,10000000,,6.4693,11.5786,available,,not_measured,managed,11.5786,0.558729,close
"np.greater(a, b) (int32)",Comparison,int32,1000,,0.0004,0.0015,available,,not_measured,managed,0.0015,0.266667,negligible
"np.greater(a, b) (int32)",Comparison,int32,100000,,0.0089,0.0186,available,,not_measured,managed,0.0186,0.478495,slower
"np.greater(a, b) (int32)",Comparison,int32,10000000,,4.6421,11.4566,available,,not_measured,managed,11.4566,0.40519,slower
"np.greater(a, b) (int64)",Comparison,int64,1000,,0.0006,0.0013,available,,not_measured,managed,0.0013,0.461538,negligible
"np.greater(a, b) (int64)",Comparison,int64,100000,,0.0183,0.0208,available,,not_measured,managed,0.0208,0.879808,close
"np.greater(a, b) (int64)",Comparison,int64,10000000,,7.1227,20.4487,available,,not_measured,managed,20.4487,0.34832,slower
"np.greater_equal(a, b) (float32)",Comparison,float32,1000,,0.0004,0.0016,available,,not_measured,managed,0.0016,0.25,negligible
"np.greater_equal(a, b) (float32)",Comparison,float32,100000,,0.0066,0.025,available,,not_measured,managed,0.025,0.264,slower
"np.greater_equal(a, b) (float32)",Comparison,float32,10000000,,4.0334,11.5138,available,,not_measured,managed,11.5138,0.35031,slower
"np.greater_equal(a, b) (float64)",Comparison,float64,1000,,0.0005,0.0015,available,,not_measured,managed,0.0015,0.333333,negligible
"np.greater_equal(a, b) (float64)",Comparison,float64,100000,,0.0105,0.0325,available,,not_measured,managed,0.0325,0.323077,slower
"np.greater_equal(a, b) (float64)",Comparison,float64,10000000,,6.7729,10.4863,available,,not_measured,managed,10.4863,0.645881,close
"np.greater_equal(a, b) (int32)",Comparison,int32,1000,,0.0005,0.0014,available,,not_measured,managed,0.0014,0.357143,negligible
"np.greater_equal(a, b) (int32)",Comparison,int32,100000,,0.0095,0.0148,available,,not_measured,managed,0.0148,0.641892,close
"np.greater_equal(a, b) (int32)",Comparison,int32,10000000,,4.6421,11.5367,available,,not_measured,managed,11.5367,0.402377,slower
"np.greater_equal(a, b) (int64)",Comparison,int64,1000,,0.0006,0.0014,available,,not_measured,managed,0.0014,0.428571,negligible
"np.greater_equal(a, b) (int64)",Comparison,int64,100000,,0.0183,0.0258,available,,not_measured,managed,0.0258,0.709302,close
"np.greater_equal(a, b) (int64)",Comparison,int64,10000000,,7.4663,21.0064,available,,not_measured,managed,21.0064,0.35543,slower
"np.less(a, b) (float32)",Comparison,float32,1000,,0.0004,0.0014,available,,not_measured,managed,0.0014,0.285714,negligible
"np.less(a, b) (float32)",Comparison,float32,100000,,0.0066,0.0218,available,,not_measured,managed,0.0218,0.302752,slower
"np.less(a, b) (float32)",Comparison,float32,10000000,,4.0079,11.1296,available,,not_measured,managed,11.1296,0.360112,slower
"np.less(a, b) (float64)",Comparison,float64,1000,,0.0005,0.0013,available,,not_measured,managed,0.0013,0.384615,negligible
"np.less(a, b) (float64)",Comparison,float64,100000,,0.0102,0.0324,available,,not_measured,managed,0.0324,0.314815,slower
"np.less(a, b) (float64)",Comparison,float64,10000000,,6.4285,14.186,available,,not_measured,managed,14.186,0.453158,slower
"np.less(a, b) (int32)",Comparison,int32,1000,,0.0004,0.0016,available,,not_measured,managed,0.0016,0.25,negligible
"np.less(a, b) (int32)",Comparison,int32,100000,,0.0082,0.0161,available,,not_measured,managed,0.0161,0.509317,close
"np.less(a, b) (int32)",Comparison,int32,10000000,,4.7724,11.1667,available,,not_measured,managed,11.1667,0.427378,slower
"np.less(a, b) (int64)",Comparison,int64,1000,,0.0006,0.0012,available,,not_measured,managed,0.0012,0.5,negligible
"np.less(a, b) (int64)",Comparison,int64,100000,,0.0184,0.0182,available,,not_measured,managed,0.0182,1.010989,close
"np.less(a, b) (int64)",Comparison,int64,10000000,,7.1734,20.9079,available,,not_measured,managed,20.9079,0.343095,slower
"np.less_equal(a, b) (float32)",Comparison,float32,1000,,0.0005,0.0011,available,,not_measured,managed,0.0011,0.454545,negligible
"np.less_equal(a, b) (float32)",Comparison,float32,100000,,0.0066,0.0254,available,,not_measured,managed,0.0254,0.259843,slower
"np.less_equal(a, b) (float32)",Comparison,float32,10000000,,4.1594,11.734,available,,not_measured,managed,11.734,0.354474,slower
"np.less_equal(a, b) (float64)",Comparison,float64,1000,,0.0005,0.0014,available,,not_measured,managed,0.0014,0.357143,negligible
"np.less_equal(a, b) (float64)",Comparison,float64,100000,,0.0106,0.0333,available,,not_measured,managed,0.0333,0.318318,slower
"np.less_equal(a, b) (float64)",Comparison,float64,10000000,,6.5606,11.4363,available,,not_measured,managed,11.4363,0.573665,close
"np.less_equal(a, b) (int32)",Comparison,int32,1000,,0.0005,0.0015,available,,not_measured,managed,0.0015,0.333333,negligible
"np.less_equal(a, b) (int32)",Comparison,int32,100000,,0.0118,0.0186,available,,not_measured,managed,0.0186,0.634409,close
"np.less_equal(a, b) (int32)",Comparison,int32,10000000,,4.9195,11.4904,available,,not_measured,managed,11.4904,0.42814,slower
"np.less_equal(a, b) (int64)",Comparison,int64,1000,,0.0006,0.0015,available,,not_measured,managed,0.0015,0.4,negligible
"np.less_equal(a, b) (int64)",Comparison,int64,100000,,0.0182,0.0239,available,,not_measured,managed,0.0239,0.761506,close
"np.less_equal(a, b) (int64)",Comparison,int64,10000000,,7.6745,20.1472,available,,not_measured,managed,20.1472,0.380921,slower
"np.not_equal(a, b) (float32)",Comparison,float32,1000,,0.0004,0.0013,available,,not_measured,managed,0.0013,0.307692,negligible
"np.not_equal(a, b) (float32)",Comparison,float32,100000,,0.0066,0.0177,available,,not_measured,managed,0.0177,0.372881,slower
"np.not_equal(a, b) (float32)",Comparison,float32,10000000,,4.1247,12.4622,available,,not_measured,managed,12.4622,0.330977,slower
"np.not_equal(a, b) (float64)",Comparison,float64,1000,,0.0005,0.0015,available,,not_measured,managed,0.0015,0.333333,negligible
"np.not_equal(a, b) (float64)",Comparison,float64,100000,,0.0102,0.0301,available,,not_measured,managed,0.0301,0.33887,slower
"np.not_equal(a, b) (float64)",Comparison,float64,10000000,,6.4372,23.1326,available,,not_measured,managed,23.1326,0.278274,slower
"np.not_equal(a, b) (int32)",Comparison,int32,1000,,0.0005,0.0012,available,,not_measured,managed,0.0012,0.416667,negligible
"np.not_equal(a, b) (int32)",Comparison,int32,100000,,0.0074,0.0199,available,,not_measured,managed,0.0199,0.371859,slower
"np.not_equal(a, b) (int32)",Comparison,int32,10000000,,5.3237,11.4977,available,,not_measured,managed,11.4977,0.463023,slower
"np.not_equal(a, b) (int64)",Comparison,int64,1000,,0.0005,0.0015,available,,not_measured,managed,0.0015,0.333333,negligible
"np.not_equal(a, b) (int64)",Comparison,int64,100000,,0.0133,0.0207,available,,not_measured,managed,0.0207,0.642512,close
"np.not_equal(a, b) (int64)",Comparison,int64,10000000,,7.3285,21.3541,available,,not_measured,managed,21.3541,0.343189,slower
a.copy() (float32),Creation,float32,1000,,0.0004,0.0088,available,,not_measured,managed,0.0088,0.045455,negligible
a.copy() (float32),Creation,float32,100000,,0.0059,0.0073,available,,not_measured,managed,0.0073,0.808219,close
a.copy() (float32),Creation,float32,10000000,,6.2523,2.2766,available,,not_measured,managed,2.2766,2.746332,faster
a.copy() (float64),Creation,float64,1000,,0.0004,0.0146,available,,not_measured,managed,0.0146,0.027397,negligible
a.copy() (float64),Creation,float64,100000,,0.0111,0.0131,available,,not_measured,managed,0.0131,0.847328,close
a.copy() (float64),Creation,float64,10000000,,12.6385,13.8165,available,,not_measured,managed,13.8165,0.91474,close
a.copy() (int32),Creation,int32,1000,,0.0004,0.0082,available,,not_measured,managed,0.0082,0.04878,negligible
a.copy() (int32),Creation,int32,100000,,0.0056,0.0073,available,,not_measured,managed,0.0073,0.767123,close
a.copy() (int32),Creation,int32,10000000,,6.4825,2.5813,available,,not_measured,managed,2.5813,2.511331,faster
a.copy() (int64),Creation,int64,1000,,0.0004,0.0051,available,,not_measured,managed,0.0051,0.078431,negligible
a.copy() (int64),Creation,int64,100000,,0.0113,0.0132,available,,not_measured,managed,0.0132,0.856061,close
a.copy() (int64),Creation,int64,10000000,,12.9366,13.2569,available,,not_measured,managed,13.2569,0.975839,close
np.arange(N) (float32),Creation,float32,1000,,0.0009,0.0051,available,,not_measured,managed,0.0051,0.176471,negligible
np.arange(N) (float32),Creation,float32,100000,,0.0395,0.0451,available,,not_measured,managed,0.0451,0.875831,close
np.arange(N) (float32),Creation,float32,10000000,,7.6066,4.2989,available,,not_measured,managed,4.2989,1.769429,faster
np.arange(N) (float64),Creation,float64,1000,,0.0007,0.0081,available,,not_measured,managed,0.0081,0.08642,negligible
np.arange(N) (float64),Creation,float64,100000,,0.0316,0.031,available,,not_measured,managed,0.031,1.019355,close
np.arange(N) (float64),Creation,float64,10000000,,12.4685,14.4098,available,,not_measured,managed,14.4098,0.865279,close
np.arange(N) (int32),Creation,int32,1000,,0.0009,0.001,available,,not_measured,managed,0.001,0.9,negligible
np.arange(N) (int32),Creation,int32,100000,,0.0291,0.026,available,,not_measured,managed,0.026,1.119231,faster
np.arange(N) (int32),Creation,int32,10000000,,6.9461,3.0559,available,,not_measured,managed,3.0559,2.273013,faster
np.arange(N) (int64),Creation,int64,1000,,0.0007,0.0059,available,,not_measured,managed,0.0059,0.118644,negligible
np.arange(N) (int64),Creation,int64,100000,,0.0188,0.022,available,,not_measured,managed,0.022,0.854545,close
np.arange(N) (int64),Creation,int64,10000000,,12.3404,12.8459,available,,not_measured,managed,12.8459,0.960649,close
np.array(a) (float64),Creation,float64,1000,,0.0004,0.0131,available,,not_measured,managed,0.0131,0.030534,negligible
np.array(a) (float64),Creation,float64,100000,,0.0119,0.039,available,,not_measured,managed,0.039,0.305128,slower
np.asanyarray(a) (float64),Creation,float64,1000,,0.0001,0.0,available,,not_measured,managed,0.0,,no_data
np.asanyarray(a) (float64),Creation,float64,100000,,0.0001,0.0,available,,not_measured,managed,0.0,,no_data
np.asarray(a) (float64),Creation,float64,1000,,0.0001,0.0,available,,not_measured,managed,0.0,,no_data
np.asarray(a) (float64),Creation,float64,100000,,0.0001,0.0,available,,not_measured,managed,0.0,,no_data
np.asarray_chkfinite(a) (float64),Creation,float64,1000,,0.0014,0.0001,available,,not_measured,managed,0.0001,14.0,negligible
np.asarray_chkfinite(a) (float64),Creation,float64,100000,,0.0122,0.0066,available,,not_measured,managed,0.0066,1.848485,faster
np.ascontiguousarray(a) (float64),Creation,float64,1000,,0.0005,0.0051,available,,not_measured,managed,0.0051,0.098039,negligible
np.ascontiguousarray(a) (float64),Creation,float64,100000,,0.0099,0.0263,available,,not_measured,managed,0.0263,0.376426,slower
np.asfortranarray(a) (float64),Creation,float64,1000,,0.0009,0.0047,available,,not_measured,managed,0.0047,0.191489,negligible
np.asfortranarray(a) (float64),Creation,float64,100000,,0.027,0.1194,available,,not_measured,managed,0.1194,0.226131,slower
np.asmatrix(a) (float64),Creation,float64,1000,,0.0019,0.0007,available,,not_measured,managed,0.0007,2.714286,negligible
np.asmatrix(a) (float64),Creation,float64,100000,,0.0019,0.0006,available,,not_measured,managed,0.0006,3.166667,negligible
np.copy (float32),Creation,float32,1000,,0.0006,0.0102,available,,not_measured,managed,0.0102,0.058824,negligible
np.copy (float32),Creation,float32,100000,,0.006,0.0073,available,,not_measured,managed,0.0073,0.821918,close
np.copy (float32),Creation,float32,10000000,,6.147,2.4215,available,,not_measured,managed,2.4215,2.538509,faster
np.copy (float64),Creation,float64,1000,,0.0006,0.014,available,,not_measured,managed,0.014,0.042857,negligible
np.copy (float64),Creation,float64,100000,,0.0125,0.013,available,,not_measured,managed,0.013,0.961538,close
np.copy (float64),Creation,float64,10000000,,12.672,13.4404,available,,not_measured,managed,13.4404,0.942829,close
np.copy (int32),Creation,int32,1000,,0.0006,0.0101,available,,not_measured,managed,0.0101,0.059406,negligible
np.copy (int32),Creation,int32,100000,,0.0059,0.0074,available,,not_measured,managed,0.0074,0.797297,close
np.copy (int32),Creation,int32,10000000,,6.5171,3.258,available,,not_measured,managed,3.258,2.000338,faster
np.copy (int64),Creation,int64,1000,,0.0008,0.0157,available,,not_measured,managed,0.0157,0.050955,negligible
np.copy (int64),Creation,int64,100000,,0.0116,0.0133,available,,not_measured,managed,0.0133,0.87218,close
np.copy (int64),Creation,int64,10000000,,12.9489,13.8573,available,,not_measured,managed,13.8573,0.934446,close
np.empty (float32),Creation,float32,1000,,0.0003,0.0009,available,,not_measured,managed,0.0009,0.333333,negligible
np.empty (float32),Creation,float32,100000,,0.0003,0.0011,available,,not_measured,managed,0.0011,0.272727,negligible
np.empty (float32),Creation,float32,10000000,,0.0098,0.0029,available,,not_measured,managed,0.0029,3.37931,faster
np.empty (float64),Creation,float64,1000,,0.0003,0.0013,available,,not_measured,managed,0.0013,0.230769,negligible
np.empty (float64),Creation,float64,100000,,0.0003,0.0016,available,,not_measured,managed,0.0016,0.1875,negligible
np.empty (float64),Creation,float64,10000000,,0.0092,0.0137,available,,not_measured,managed,0.0137,0.671533,close
np.empty (int32),Creation,int32,1000,,0.0003,0.0055,available,,not_measured,managed,0.0055,0.054545,negligible
np.empty (int32),Creation,int32,100000,,0.0003,0.0012,available,,not_measured,managed,0.0012,0.25,negligible
np.empty (int32),Creation,int32,10000000,,0.0094,0.0014,available,,not_measured,managed,0.0014,6.714286,faster
np.empty (int64),Creation,int64,1000,,0.0003,0.0069,available,,not_measured,managed,0.0069,0.043478,negligible
np.empty (int64),Creation,int64,100000,,0.0003,0.0014,available,,not_measured,managed,0.0014,0.214286,negligible
np.empty (int64),Creation,int64,10000000,,0.0071,0.0121,available,,not_measured,managed,0.0121,0.586777,close
np.empty_like(a) (float32),Creation,float32,1000,,0.0004,0.0017,available,,not_measured,managed,0.0017,0.235294,negligible
np.empty_like(a) (float32),Creation,float32,100000,,0.0004,0.0051,available,,not_measured,managed,0.0051,0.078431,negligible
np.empty_like(a) (float32),Creation,float32,10000000,,0.0093,0.009,available,,not_measured,managed,0.009,1.033333,close
np.empty_like(a) (float64),Creation,float64,1000,,0.0003,0.0056,available,,not_measured,managed,0.0056,0.053571,negligible
np.empty_like(a) (float64),Creation,float64,100000,,0.0003,0.0056,available,,not_measured,managed,0.0056,0.053571,negligible
np.empty_like(a) (float64),Creation,float64,10000000,,0.0095,0.0113,available,,not_measured,managed,0.0113,0.840708,close
np.empty_like(a) (int32),Creation,int32,1000,,0.0004,0.0045,available,,not_measured,managed,0.0045,0.088889,negligible
np.empty_like(a) (int32),Creation,int32,100000,,0.0004,0.0079,available,,not_measured,managed,0.0079,0.050633,negligible
np.empty_like(a) (int32),Creation,int32,10000000,,0.0091,0.0053,available,,not_measured,managed,0.0053,1.716981,faster
np.empty_like(a) (int64),Creation,int64,1000,,0.0004,0.0043,available,,not_measured,managed,0.0043,0.093023,negligible
np.empty_like(a) (int64),Creation,int64,100000,,0.0004,0.0111,available,,not_measured,managed,0.0111,0.036036,negligible
np.empty_like(a) (int64),Creation,int64,10000000,,0.0067,0.0132,available,,not_measured,managed,0.0132,0.507576,close
np.eye(n) (float64),Creation,float64,1000,,0.0013,0.0174,available,,not_measured,managed,0.0174,0.074713,much_slower
np.eye(n) (float64),Creation,float64,100000,,0.0117,0.0967,available,,not_measured,managed,0.0967,0.120993,much_slower
np.frombuffer(buffer) (float64),Creation,float64,1000,,0.0003,0.0008,available,,not_measured,managed,0.0008,0.375,negligible
np.frombuffer(buffer) (float64),Creation,float64,100000,,0.0003,0.0007,available,,not_measured,managed,0.0007,0.428571,negligible
np.fromstring(text) (float64),Creation,float64,1000,,0.0963,0.0339,available,,not_measured,managed,0.0339,2.840708,faster
np.fromstring(text) (float64),Creation,float64,100000,,9.6799,9.8479,available,,not_measured,managed,9.8479,0.982941,close
np.full (float32),Creation,float32,1000,,0.0009,0.0059,available,,not_measured,managed,0.0059,0.152542,negligible
np.full (float32),Creation,float32,100000,,0.0053,0.0124,available,,not_measured,managed,0.0124,0.427419,slower
np.full (float32),Creation,float32,10000000,,7.1973,2.7515,available,,not_measured,managed,2.7515,2.615773,faster
np.full (float64),Creation,float64,1000,,0.0009,0.0142,available,,not_measured,managed,0.0142,0.06338,negligible
np.full (float64),Creation,float64,100000,,0.0097,0.0153,available,,not_measured,managed,0.0153,0.633987,close
np.full (float64),Creation,float64,10000000,,14.7181,12.6659,available,,not_measured,managed,12.6659,1.162026,faster
np.full (int32),Creation,int32,1000,,0.0009,0.0033,available,,not_measured,managed,0.0033,0.272727,negligible
np.full (int32),Creation,int32,100000,,0.0053,0.0125,available,,not_measured,managed,0.0125,0.424,slower
np.full (int32),Creation,int32,10000000,,7.61,2.3814,available,,not_measured,managed,2.3814,3.195599,faster
np.full (int64),Creation,int64,1000,,0.0009,0.0115,available,,not_measured,managed,0.0115,0.078261,negligible
np.full (int64),Creation,int64,100000,,0.0097,0.0148,available,,not_measured,managed,0.0148,0.655405,close
np.full (int64),Creation,int64,10000000,,14.7289,12.6573,available,,not_measured,managed,12.6573,1.163668,faster
"np.full_like(a, 42) (float32)",Creation,float32,1000,,0.0011,0.0023,available,,not_measured,managed,0.0023,0.478261,slower
"np.full_like(a, 42) (float32)",Creation,float32,100000,,0.0055,0.0115,available,,not_measured,managed,0.0115,0.478261,slower
"np.full_like(a, 42) (float32)",Creation,float32,10000000,,7.2447,2.6691,available,,not_measured,managed,2.6691,2.714286,faster
"np.full_like(a, 42) (float64)",Creation,float64,1000,,0.0011,0.0033,available,,not_measured,managed,0.0033,0.333333,slower
"np.full_like(a, 42) (float64)",Creation,float64,100000,,0.01,0.0115,available,,not_measured,managed,0.0115,0.869565,close
"np.full_like(a, 42) (float64)",Creation,float64,10000000,,15.1178,2.6115,available,,not_measured,managed,2.6115,5.788934,faster
"np.full_like(a, 42) (int32)",Creation,int32,1000,,0.0011,0.0038,available,,not_measured,managed,0.0038,0.289474,slower
"np.full_like(a, 42) (int32)",Creation,int32,100000,,0.0055,0.0115,available,,not_measured,managed,0.0115,0.478261,slower
"np.full_like(a, 42) (int32)",Creation,int32,10000000,,7.2516,2.9009,available,,not_measured,managed,2.9009,2.499776,faster
"np.full_like(a, 42) (int64)",Creation,int64,1000,,0.0011,0.005,available,,not_measured,managed,0.005,0.22,slower
"np.full_like(a, 42) (int64)",Creation,int64,100000,,0.01,0.0117,available,,not_measured,managed,0.0117,0.854701,close
"np.full_like(a, 42) (int64)",Creation,int64,10000000,,14.5967,2.664,available,,not_measured,managed,2.664,5.479242,faster
np.identity(n) (float64),Creation,float64,1000,,0.0016,0.0172,available,,not_measured,managed,0.0172,0.093023,much_slower
np.identity(n) (float64),Creation,float64,100000,,0.012,0.0962,available,,not_measured,managed,0.0962,0.12474,much_slower
"np.linspace(0, N, N) (float32)",Creation,float32,1000,,0.0049,0.0059,available,,not_measured,managed,0.0059,0.830508,close
"np.linspace(0, N, N) (float32)",Creation,float32,100000,,0.2855,0.0451,available,,not_measured,managed,0.0451,6.330377,faster
"np.linspace(0, N, N) (float32)",Creation,float32,10000000,,30.4274,4.4164,available,,not_measured,managed,4.4164,6.889639,faster
"np.linspace(0, N, N) (float64)",Creation,float64,1000,,0.0042,0.0063,available,,not_measured,managed,0.0063,0.666667,close
"np.linspace(0, N, N) (float64)",Creation,float64,100000,,0.0498,0.0677,available,,not_measured,managed,0.0677,0.735598,close
"np.linspace(0, N, N) (float64)",Creation,float64,10000000,,21.8226,12.3408,available,,not_measured,managed,12.3408,1.768329,faster
"np.linspace(0, N, N) (int32)",Creation,int32,1000,,0.0055,0.0051,available,,not_measured,managed,0.0051,1.078431,faster
"np.linspace(0, N, N) (int32)",Creation,int32,100000,,0.2864,0.1311,available,,not_measured,managed,0.1311,2.184592,faster
"np.linspace(0, N, N) (int32)",Creation,int32,10000000,,35.7996,12.4531,available,,not_measured,managed,12.4531,2.874754,faster
"np.linspace(0, N, N) (int64)",Creation,int64,1000,,0.0055,0.0033,available,,not_measured,managed,0.0033,1.666667,faster
"np.linspace(0, N, N) (int64)",Creation,int64,100000,,0.3607,0.1316,available,,not_measured,managed,0.1316,2.740881,faster
"np.linspace(0, N, N) (int64)",Creation,int64,10000000,,41.5801,18.92,available,,not_measured,managed,18.92,2.19768,faster
"np.meshgrid(x, y) (float64)",Creation,float64,1000,,0.0086,0.0143,available,,not_measured,managed,0.0143,0.601399,close
"np.meshgrid(x, y) (float64)",Creation,float64,100000,,0.3528,0.1032,available,,not_measured,managed,0.1032,3.418605,faster
np.ones (float32),Creation,float32,1000,,0.0009,0.0067,available,,not_measured,managed,0.0067,0.134328,negligible
np.ones (float32),Creation,float32,100000,,0.0053,0.0125,available,,not_measured,managed,0.0125,0.424,slower
np.ones (float32),Creation,float32,10000000,,7.3728,2.7862,available,,not_measured,managed,2.7862,2.646185,faster
np.ones (float64),Creation,float64,1000,,0.0009,0.0084,available,,not_measured,managed,0.0084,0.107143,negligible
np.ones (float64),Creation,float64,100000,,0.0106,0.0154,available,,not_measured,managed,0.0154,0.688312,close
np.ones (float64),Creation,float64,10000000,,14.7902,12.8499,available,,not_measured,managed,12.8499,1.150997,faster
np.ones (int32),Creation,int32,1000,,0.0009,0.0053,available,,not_measured,managed,0.0053,0.169811,negligible
np.ones (int32),Creation,int32,100000,,0.0053,0.0123,available,,not_measured,managed,0.0123,0.430894,slower
np.ones (int32),Creation,int32,10000000,,7.4391,2.3303,available,,not_measured,managed,2.3303,3.192336,faster
np.ones (int64),Creation,int64,1000,,0.0009,0.011,available,,not_measured,managed,0.011,0.081818,negligible
np.ones (int64),Creation,int64,100000,,0.0099,0.0142,available,,not_measured,managed,0.0142,0.697183,close
np.ones (int64),Creation,int64,10000000,,14.6398,13.504,available,,not_measured,managed,13.504,1.084108,faster
np.ones_like(a) (float32),Creation,float32,1000,,0.0011,0.002,available,,not_measured,managed,0.002,0.55,close
np.ones_like(a) (float32),Creation,float32,100000,,0.0055,0.0117,available,,not_measured,managed,0.0117,0.470085,slower
np.ones_like(a) (float32),Creation,float32,10000000,,7.1803,2.6201,available,,not_measured,managed,2.6201,2.740468,faster
np.ones_like(a) (float64),Creation,float64,1000,,0.0011,0.0064,available,,not_measured,managed,0.0064,0.171875,much_slower
np.ones_like(a) (float64),Creation,float64,100000,,0.01,0.0138,available,,not_measured,managed,0.0138,0.724638,close
np.ones_like(a) (float64),Creation,float64,10000000,,14.8441,12.7516,available,,not_measured,managed,12.7516,1.164097,faster
np.ones_like(a) (int32),Creation,int32,1000,,0.0011,0.0044,available,,not_measured,managed,0.0044,0.25,slower
np.ones_like(a) (int32),Creation,int32,100000,,0.0056,0.0117,available,,not_measured,managed,0.0117,0.478632,slower
np.ones_like(a) (int32),Creation,int32,10000000,,7.3307,2.3442,available,,not_measured,managed,2.3442,3.127165,faster
np.ones_like(a) (int64),Creation,int64,1000,,0.001,0.0046,available,,not_measured,managed,0.0046,0.217391,slower
np.ones_like(a) (int64),Creation,int64,100000,,0.0099,0.0136,available,,not_measured,managed,0.0136,0.727941,close
np.ones_like(a) (int64),Creation,int64,10000000,,14.4564,13.1624,available,,not_measured,managed,13.1624,1.09831,faster
"np.require(a, requirements=C) (float64)",Creation,float64,1000,,0.0011,0.0053,available,,not_measured,managed,0.0053,0.207547,slower
"np.require(a, requirements=C) (float64)",Creation,float64,100000,,0.0122,0.0288,available,,not_measured,managed,0.0288,0.423611,slower
np.vander(x) (float64),Creation,float64,1000,,0.0045,0.0254,available,,not_measured,managed,0.0254,0.177165,much_slower
np.vander(x) (float64),Creation,float64,100000,,0.1671,0.1981,available,,not_measured,managed,0.1981,0.843513,close
np.zeros (float32),Creation,float32,1000,,0.0004,0.0055,available,,not_measured,managed,0.0055,0.072727,negligible
np.zeros (float32),Creation,float32,100000,,0.0051,0.0037,available,,not_measured,managed,0.0037,1.378378,faster
np.zeros (float32),Creation,float32,10000000,,0.0094,0.004,available,,not_measured,managed,0.004,2.35,faster
np.zeros (float64),Creation,float64,1000,,0.0005,0.0004,available,,not_measured,managed,0.0004,1.25,negligible
np.zeros (float64),Creation,float64,100000,,0.0093,0.0025,available,,not_measured,managed,0.0025,3.72,faster
np.zeros (float64),Creation,float64,10000000,,0.0098,0.0037,available,,not_measured,managed,0.0037,2.648649,faster
np.zeros (int32),Creation,int32,1000,,0.0004,0.0062,available,,not_measured,managed,0.0062,0.064516,negligible
np.zeros (int32),Creation,int32,100000,,0.0048,0.0021,available,,not_measured,managed,0.0021,2.285714,faster
np.zeros (int32),Creation,int32,10000000,,0.0095,0.0029,available,,not_measured,managed,0.0029,3.275862,faster
np.zeros (int64),Creation,int64,1000,,0.0004,0.0097,available,,not_measured,managed,0.0097,0.041237,negligible
np.zeros (int64),Creation,int64,100000,,0.0093,0.0026,available,,not_measured,managed,0.0026,3.576923,faster
np.zeros (int64),Creation,int64,10000000,,0.0067,0.0087,available,,not_measured,managed,0.0087,0.770115,close
np.zeros_like (float32),Creation,float32,1000,,0.001,0.004,available,,not_measured,managed,0.004,0.25,slower
np.zeros_like (float32),Creation,float32,100000,,0.0054,0.0024,available,,not_measured,managed,0.0024,2.25,faster
np.zeros_like (float32),Creation,float32,10000000,,7.2386,0.0037,available,,not_measured,managed,0.0037,1956.378378,negligible
np.zeros_like (float64),Creation,float64,1000,,0.001,0.0023,available,,not_measured,managed,0.0023,0.434783,slower
np.zeros_like (float64),Creation,float64,100000,,0.01,0.0025,available,,not_measured,managed,0.0025,4.0,faster
np.zeros_like (float64),Creation,float64,10000000,,15.13,0.0038,available,,not_measured,managed,0.0038,3981.578947,negligible
np.zeros_like (int32),Creation,int32,1000,,0.001,0.0049,available,,not_measured,managed,0.0049,0.204082,slower
np.zeros_like (int32),Creation,int32,100000,,0.0054,0.0024,available,,not_measured,managed,0.0024,2.25,faster
np.zeros_like (int32),Creation,int32,10000000,,7.2629,0.003,available,,not_measured,managed,0.003,2420.966667,negligible
np.zeros_like (int64),Creation,int64,1000,,0.001,0.007,available,,not_measured,managed,0.007,0.142857,much_slower
np.zeros_like (int64),Creation,int64,100000,,0.0099,0.0025,available,,not_measured,managed,0.0025,3.96,faster
np.zeros_like (int64),Creation,int64,10000000,,14.4115,0.0091,available,,not_measured,managed,0.0091,1583.681319,negligible
np.fft.fft(a) (complex128),Fourier,complex128,1000,,0.0083,0.0152,available,,not_measured,managed,0.0152,0.546053,close
np.fft.fft(a) (complex128),Fourier,complex128,100000,,1.5815,1.4521,available,,not_measured,managed,1.4521,1.089112,faster
np.fft.fft2(a) (complex128),Fourier,complex128,1000,,0.0391,0.0453,available,,not_measured,managed,0.0453,0.863135,close
np.fft.fft2(a) (complex128),Fourier,complex128,100000,,4.556,6.8639,available,,not_measured,managed,6.8639,0.663763,close
np.fft.fftfreq(n) (float64),Fourier,float64,1000,,0.0035,0.0089,available,,not_measured,managed,0.0089,0.393258,slower
np.fft.fftfreq(n) (float64),Fourier,float64,100000,,0.5679,0.2775,available,,not_measured,managed,0.2775,2.046486,faster
np.fft.fftn(a) (complex128),Fourier,complex128,1000,,0.0357,0.0442,available,,not_measured,managed,0.0442,0.807692,close
np.fft.fftn(a) (complex128),Fourier,complex128,100000,,4.4705,7.1109,available,,not_measured,managed,7.1109,0.628683,close
np.fft.fftshift(a) (complex128),Fourier,complex128,1000,,0.0045,0.0078,available,,not_measured,managed,0.0078,0.576923,close
np.fft.fftshift(a) (complex128),Fourier,complex128,100000,,0.344,0.2918,available,,not_measured,managed,0.2918,1.17889,faster
np.fft.hfft(a) (float64),Fourier,float64,1000,,0.0071,0.0081,available,,not_measured,managed,0.0081,0.876543,close
np.fft.hfft(a) (float64),Fourier,float64,100000,,0.8913,0.7936,available,,not_measured,managed,0.7936,1.12311,faster
np.fft.ifft(a) (complex128),Fourier,complex128,1000,,0.0092,0.0161,available,,not_measured,managed,0.0161,0.571429,close
np.fft.ifft(a) (complex128),Fourier,complex128,100000,,1.613,1.4422,available,,not_measured,managed,1.4422,1.11843,faster
np.fft.ifft2(a) (complex128),Fourier,complex128,1000,,0.0403,0.0464,available,,not_measured,managed,0.0464,0.868534,close
np.fft.ifft2(a) (complex128),Fourier,complex128,100000,,4.6117,7.0775,available,,not_measured,managed,7.0775,0.6516,close
np.fft.ifftn(a) (complex128),Fourier,complex128,1000,,0.0372,0.0464,available,,not_measured,managed,0.0464,0.801724,close
np.fft.ifftn(a) (complex128),Fourier,complex128,100000,,4.6124,7.1635,available,,not_measured,managed,7.1635,0.643875,close
np.fft.ifftshift(a) (complex128),Fourier,complex128,1000,,0.0047,0.0087,available,,not_measured,managed,0.0087,0.54023,close
np.fft.ifftshift(a) (complex128),Fourier,complex128,100000,,0.3386,0.2973,available,,not_measured,managed,0.2973,1.138917,faster
np.fft.ihfft(a) (float64),Fourier,float64,1000,,0.0083,0.0081,available,,not_measured,managed,0.0081,1.024691,close
np.fft.ihfft(a) (float64),Fourier,float64,100000,,0.9066,0.7949,available,,not_measured,managed,0.7949,1.140521,faster
np.fft.irfft(a) (float64),Fourier,float64,1000,,0.0072,0.0073,available,,not_measured,managed,0.0073,0.986301,close
np.fft.irfft(a) (float64),Fourier,float64,100000,,0.8877,0.7151,available,,not_measured,managed,0.7151,1.241365,faster
np.fft.irfft2(a) (float64),Fourier,float64,1000,,0.0265,0.0252,available,,not_measured,managed,0.0252,1.051587,faster
np.fft.irfft2(a) (float64),Fourier,float64,100000,,2.3741,3.4142,available,,not_measured,managed,3.4142,0.695361,close
np.fft.irfftn(a) (float64),Fourier,float64,1000,,0.0263,0.024,available,,not_measured,managed,0.024,1.095833,faster
np.fft.irfftn(a) (float64),Fourier,float64,100000,,2.3848,3.4587,available,,not_measured,managed,3.4587,0.689508,close
np.fft.rfft(a) (float64),Fourier,float64,1000,,0.0066,0.007,available,,not_measured,managed,0.007,0.942857,close
np.fft.rfft(a) (float64),Fourier,float64,100000,,0.8677,0.6708,available,,not_measured,managed,0.6708,1.29353,faster
np.fft.rfft2(a) (float64),Fourier,float64,1000,,0.0315,0.0228,available,,not_measured,managed,0.0228,1.381579,faster
np.fft.rfft2(a) (float64),Fourier,float64,100000,,2.3432,3.3874,available,,not_measured,managed,3.3874,0.69174,close
np.fft.rfftfreq(n) (float64),Fourier,float64,1000,,0.0018,0.0037,available,,not_measured,managed,0.0037,0.486486,slower
np.fft.rfftfreq(n) (float64),Fourier,float64,100000,,0.0268,0.1102,available,,not_measured,managed,0.1102,0.243194,slower
np.fft.rfftn(a) (float64),Fourier,float64,1000,,0.0245,0.0236,available,,not_measured,managed,0.0236,1.038136,close
np.fft.rfftn(a) (float64),Fourier,float64,100000,,2.2681,3.3509,available,,not_measured,managed,3.3509,0.676863,close
np.diagonal(a) (float64),LinearAlgebra,float64,1000,,0.0006,0.0007,available,,not_measured,managed,0.0007,0.857143,negligible
np.diagonal(a) (float64),LinearAlgebra,float64,100000,,0.0006,0.0009,available,,not_measured,managed,0.0009,0.666667,negligible
np.diagonal(a) (float64),LinearAlgebra,float64,10000000,,0.0006,0.0009,available,,not_measured,managed,0.0009,0.666667,negligible
"np.dot(a, b) (float64)",LinearAlgebra,float64,1000,,0.0007,0.001,available,,not_measured,managed,0.001,0.7,negligible
"np.dot(a, b) (float64)",LinearAlgebra,float64,100000,,0.0963,0.0196,available,0.0082,available,openblas,0.0082,1.109756,faster
"np.dot(a, b) (float64)",LinearAlgebra,float64,10000000,,1.2398,4.7925,available,,not_measured,managed,4.7925,0.258696,slower
"np.einsum('ij,jk->ik', a, b)",LinearAlgebra,float64,128,"ij,jk->ik",0.2781,0.347,available,0.103,available,openblas,0.103,2.406796,faster
"np.einsum(subscripts, operands) (float64)",LinearAlgebra,float64,1000,,0.0015,0.0206,available,,not_measured,managed,0.0206,0.072816,much_slower
"np.einsum(subscripts, operands) (float64)",LinearAlgebra,float64,100000,,0.0239,1.6355,available,,not_measured,managed,1.6355,0.014613,much_slower
"np.einsum(subscripts, operands) (float64)",LinearAlgebra,float64,10000000,,4.4142,71.7141,available,,not_measured,managed,71.7141,0.061553,much_slower
"np.einsum_path(subscripts, operands) (float64)",LinearAlgebra,float64,1000,,0.0092,0.0036,available,,not_measured,managed,0.0036,2.555556,faster
"np.einsum_path(subscripts, operands) (float64)",LinearAlgebra,float64,100000,,0.0096,0.0034,available,,not_measured,managed,0.0034,2.823529,faster
"np.einsum_path(subscripts, operands) (float64)",LinearAlgebra,float64,10000000,,0.0089,0.0018,available,,not_measured,managed,0.0018,4.944444,faster
"np.inner(a, b)",LinearAlgebra,float64,100000,,0.0082,0.0165,available,0.0089,available,openblas,0.0089,1.033708,close
np.linalg.cholesky(a),LinearAlgebra,float64,32,,0.0061,,missing_backend,0.0159,available,openblas,0.0159,0.308176,slower
np.linalg.cholesky(a),LinearAlgebra,float64,96,,0.0328,,missing_backend,0.0624,available,openblas,0.0624,0.320513,slower
np.linalg.cond(a),LinearAlgebra,float64,32,,0.0399,,missing_backend,0.0525,available,openblas,0.0525,0.706667,close
np.linalg.cond(a),LinearAlgebra,float64,96,,0.3541,,missing_backend,0.3435,available,openblas,0.3435,0.866084,close
"np.linalg.cross(a, b) (float64)",LinearAlgebra,float64,1000,,0.0154,0.0465,available,,not_measured,managed,0.0465,0.331183,slower
"np.linalg.cross(a, b) (float64)",LinearAlgebra,float64,100000,,0.6821,1.6649,available,,not_measured,managed,1.6649,0.409694,slower
np.linalg.det(a),LinearAlgebra,float64,32,,0.007,,missing_backend,0.01,available,openblas,0.01,0.67,close
np.linalg.det(a),LinearAlgebra,float64,96,,0.0325,,missing_backend,0.0351,available,openblas,0.0351,1.188034,faster
np.linalg.diagonal(a) (float64),LinearAlgebra,float64,1000,,0.0008,0.0007,available,,not_measured,managed,0.0007,1.142857,negligible
np.linalg.diagonal(a) (float64),LinearAlgebra,float64,100000,,0.0007,0.0011,available,,not_measured,managed,0.0011,0.636364,negligible
np.linalg.eig(a),LinearAlgebra,float64,32,,0.1212,,missing_backend,0.1592,available,openblas,0.1592,0.701633,close
np.linalg.eig(a),LinearAlgebra,float64,96,,1.6,,missing_backend,1.6014,available,openblas,1.6014,0.915824,close
np.linalg.eigh(a),LinearAlgebra,float64,32,,0.0545,,missing_backend,0.0634,available,openblas,0.0634,0.787066,close
np.linalg.eigh(a),LinearAlgebra,float64,96,,0.4783,,missing_backend,0.4731,available,openblas,0.4731,0.901289,close
np.linalg.eigvals(a),LinearAlgebra,float64,32,,0.0716,,missing_backend,0.133,available,openblas,0.133,0.538346,close
np.linalg.eigvals(a),LinearAlgebra,float64,96,,0.9679,,missing_backend,1.008,available,openblas,1.008,0.824306,close
np.linalg.eigvalsh(a),LinearAlgebra,float64,32,,0.0248,,missing_backend,0.028,available,openblas,0.028,0.825,close
np.linalg.eigvalsh(a),LinearAlgebra,float64,96,,0.1877,,missing_backend,0.1874,available,openblas,0.1874,0.948239,close
np.linalg.inv(a),LinearAlgebra,float64,32,,0.0121,,missing_backend,0.0231,available,openblas,0.0231,0.519481,close
np.linalg.inv(a),LinearAlgebra,float64,96,,0.0937,,missing_backend,0.0976,available,openblas,0.0976,0.941598,close
"np.linalg.lstsq(a, b)",LinearAlgebra,float64,32,,0.091,,missing_backend,0.0992,available,openblas,0.0992,0.84375,close
"np.linalg.lstsq(a, b)",LinearAlgebra,float64,96,,0.8653,,missing_backend,0.9049,available,openblas,0.9049,0.999668,close
"np.linalg.matmul(a, b)",LinearAlgebra,float64,128,,0.0669,0.3131,available,0.1032,available,openblas,0.1032,0.588178,close
"np.linalg.matmul(a, b) (float64)",LinearAlgebra,float64,1000,,0.0027,0.0136,available,,not_measured,managed,0.0136,0.198529,much_slower
"np.linalg.matmul(a, b) (float64)",LinearAlgebra,float64,100000,,0.0797,0.4949,available,,not_measured,managed,0.4949,0.161043,much_slower
np.linalg.matrix_norm(a) (float64),LinearAlgebra,float64,1000,,0.0028,0.0167,available,,not_measured,managed,0.0167,0.167665,much_slower
np.linalg.matrix_norm(a) (float64),LinearAlgebra,float64,100000,,0.0073,0.0751,available,,not_measured,managed,0.0751,0.097204,much_slower
"np.linalg.matrix_norm(a, ord=2)",LinearAlgebra,float64,32,ord=2,0.0518,,missing_backend,0.0399,available,openblas,0.0399,0.964912,close
"np.linalg.matrix_norm(a, ord=2)",LinearAlgebra,float64,96,ord=2,0.3289,,missing_backend,0.3253,available,openblas,0.3253,1.406087,faster
"np.linalg.matrix_power(a, -1)",LinearAlgebra,float64,32,n=-1,0.0125,,missing_backend,0.0205,available,openblas,0.0205,0.590244,close
"np.linalg.matrix_power(a, -1)",LinearAlgebra,float64,96,n=-1,0.0904,,missing_backend,0.1032,available,openblas,0.1032,0.851744,close
"np.linalg.matrix_power(a, 3) (float64)",LinearAlgebra,float64,1000,,0.0058,0.0261,available,,not_measured,managed,0.0261,0.222222,slower
"np.linalg.matrix_power(a, 3) (float64)",LinearAlgebra,float64,100000,,0.14,0.9435,available,,not_measured,managed,0.9435,0.148384,much_slower
np.linalg.matrix_rank(a),LinearAlgebra,float64,32,,0.0403,,missing_backend,0.0502,available,openblas,0.0502,0.76494,close
np.linalg.matrix_rank(a),LinearAlgebra,float64,96,,0.3428,,missing_backend,0.3256,available,openblas,0.3256,0.988022,close
np.linalg.matrix_transpose(a) (float64),LinearAlgebra,float64,1000,,0.0007,0.0011,available,,not_measured,managed,0.0011,0.636364,negligible
np.linalg.matrix_transpose(a) (float64),LinearAlgebra,float64,100000,,0.0008,0.0011,available,,not_measured,managed,0.0011,0.727273,negligible
np.linalg.multi_dot(arrays),LinearAlgebra,float64,128,,0.1324,0.4392,available,0.2166,available,openblas,0.2166,0.586796,close
np.linalg.multi_dot(arrays) (float64),LinearAlgebra,float64,1000,,0.0056,0.0268,available,,not_measured,managed,0.0268,0.208955,slower
np.linalg.multi_dot(arrays) (float64),LinearAlgebra,float64,100000,,0.1704,0.9438,available,,not_measured,managed,0.9438,0.180547,much_slower
np.linalg.norm(a) (float64),LinearAlgebra,float64,1000,,0.001,0.0036,available,,not_measured,managed,0.0036,0.277778,slower
np.linalg.norm(a) (float64),LinearAlgebra,float64,100000,,0.1144,0.0141,available,,not_measured,managed,0.0141,8.113475,faster
"np.linalg.norm(a, ord=2)",LinearAlgebra,float64,32,ord=2,0.0497,,missing_backend,0.04,available,openblas,0.04,0.96,close
"np.linalg.norm(a, ord=2)",LinearAlgebra,float64,96,ord=2,0.3175,,missing_backend,0.3202,available,openblas,0.3202,1.053092,faster
"np.linalg.outer(a, b) (float64)",LinearAlgebra,float64,1000,,0.0024,0.0107,available,,not_measured,managed,0.0107,0.224299,slower
"np.linalg.outer(a, b) (float64)",LinearAlgebra,float64,100000,,0.0424,0.1731,available,,not_measured,managed,0.1731,0.244945,slower
np.linalg.pinv(a),LinearAlgebra,float64,32,,0.1033,,missing_backend,0.1311,available,openblas,0.1311,0.71701,close
np.linalg.pinv(a),LinearAlgebra,float64,96,,0.8497,,missing_backend,0.9779,available,openblas,0.9779,0.830044,close
np.linalg.qr(a),LinearAlgebra,float64,32,,0.0268,,missing_backend,0.039,available,openblas,0.039,0.638462,close
np.linalg.qr(a),LinearAlgebra,float64,96,,0.1878,,missing_backend,0.2086,available,openblas,0.2086,0.875839,close
np.linalg.slogdet(a),LinearAlgebra,float64,32,,0.0081,,missing_backend,0.0099,available,openblas,0.0099,0.717172,close
np.linalg.slogdet(a),LinearAlgebra,float64,96,,0.0331,,missing_backend,0.0357,available,openblas,0.0357,0.887955,close
"np.linalg.solve(a, b)",LinearAlgebra,float64,32,,0.0084,,missing_backend,0.0096,available,openblas,0.0096,0.90625,close
"np.linalg.solve(a, b)",LinearAlgebra,float64,96,,0.0339,,missing_backend,0.035,available,openblas,0.035,0.917143,close
np.linalg.svd(a),LinearAlgebra,float64,32,,0.0838,,missing_backend,0.0959,available,openblas,0.0959,0.8561,close
np.linalg.svd(a),LinearAlgebra,float64,96,,0.8733,,missing_backend,0.8168,available,openblas,0.8168,0.898017,close
np.linalg.svdvals(a),LinearAlgebra,float64,32,,0.037,,missing_backend,0.0371,available,openblas,0.0371,0.894879,close
np.linalg.svdvals(a),LinearAlgebra,float64,96,,0.3312,,missing_backend,0.3204,available,openblas,0.3204,0.928527,close
"np.linalg.tensordot(a, b) (float64)",LinearAlgebra,float64,1000,,0.0061,0.0176,available,,not_measured,managed,0.0176,0.346591,slower
"np.linalg.tensordot(a, b) (float64)",LinearAlgebra,float64,100000,,0.0841,0.5093,available,,not_measured,managed,0.5093,0.165129,much_slower
"np.linalg.tensordot(a, b, axes=1)",LinearAlgebra,float64,128,axes=1,0.0732,0.2382,available,0.1074,available,openblas,0.1074,0.616387,close
np.linalg.tensorinv(a),LinearAlgebra,float64,32,,0.0139,,missing_backend,0.0187,available,openblas,0.0187,0.68984,close
np.linalg.tensorinv(a),LinearAlgebra,float64,96,,0.0939,,missing_backend,0.0993,available,openblas,0.0993,0.872105,close
"np.linalg.tensorsolve(a, b)",LinearAlgebra,float64,32,,0.01,,missing_backend,0.0104,available,openblas,0.0104,0.894231,close
"np.linalg.tensorsolve(a, b)",LinearAlgebra,float64,96,,0.0354,,missing_backend,0.036,available,openblas,0.036,0.966667,close
np.linalg.trace(a) (float64),LinearAlgebra,float64,1000,,0.0016,0.0017,available,,not_measured,managed,0.0017,0.941176,close
np.linalg.trace(a) (float64),LinearAlgebra,float64,100000,,0.0017,0.0017,available,,not_measured,managed,0.0017,1.0,close
"np.linalg.vecdot(a, b) (float64)",LinearAlgebra,float64,1000,,0.0009,0.0117,available,,not_measured,managed,0.0117,0.076923,negligible
"np.linalg.vecdot(a, b) (float64)",LinearAlgebra,float64,100000,,0.1103,0.1898,available,0.0163,available,openblas,0.0163,0.588957,close
np.linalg.vector_norm(a) (float64),LinearAlgebra,float64,1000,,0.0027,0.016,available,,not_measured,managed,0.016,0.16875,much_slower
np.linalg.vector_norm(a) (float64),LinearAlgebra,float64,100000,,0.0325,0.3384,available,,not_measured,managed,0.3384,0.09604,much_slower
"np.matmul(A, B) (float64)",LinearAlgebra,float64,1000,,0.0033,0.0125,available,,not_measured,managed,0.0125,0.264,slower
"np.matmul(A, B) (float64)",LinearAlgebra,float64,100000,,0.6729,4.5232,available,,not_measured,managed,4.5232,0.148766,much_slower
"np.matmul(A, B) (float64)",LinearAlgebra,float64,10000000,,0.6997,3.1763,available,,not_measured,managed,3.1763,0.220288,slower
"np.matmul(a, b)",LinearAlgebra,float64,128,,0.0643,0.3168,available,0.1024,available,openblas,0.1024,0.585938,close
"np.matvec(a, b)",LinearAlgebra,float64,128,,0.0019,0.0343,available,0.0024,available,openblas,0.0024,0.958333,close
"np.matvec(a, b) (float64)",LinearAlgebra,float64,1000,,0.0008,0.0051,available,,not_measured,managed,0.0051,0.156863,negligible
"np.matvec(a, b) (float64)",LinearAlgebra,float64,100000,,0.0061,0.1326,available,,not_measured,managed,0.1326,0.046003,much_slower
"np.matvec(a, b) (float64)",LinearAlgebra,float64,10000000,,0.0078,0.1155,available,,not_measured,managed,0.1155,0.067532,much_slower
"np.outer(a, b) (float64)",LinearAlgebra,float64,1000,,0.0021,0.007,available,,not_measured,managed,0.007,0.3,slower
"np.outer(a, b) (float64)",LinearAlgebra,float64,100000,,0.0415,0.1677,available,,not_measured,managed,0.1677,0.247466,slower
"np.outer(a, b) (float64)",LinearAlgebra,float64,10000000,,13.5136,15.6758,available,,not_measured,managed,15.6758,0.862068,close
"np.tensordot(a, b) (float64)",LinearAlgebra,float64,1000,,0.0039,0.0209,available,,not_measured,managed,0.0209,0.186603,much_slower
"np.tensordot(a, b) (float64)",LinearAlgebra,float64,100000,,0.1147,1.1357,available,,not_measured,managed,1.1357,0.100995,much_slower
"np.tensordot(a, b) (float64)",LinearAlgebra,float64,10000000,,1.0451,68.5345,available,,not_measured,managed,68.5345,0.015249,much_slower
"np.tensordot(a, b, axes=1)",LinearAlgebra,float64,128,axes=1,0.0744,0.2355,available,0.1136,available,openblas,0.1136,0.588028,close
"np.vdot(a, b) (float64)",LinearAlgebra,float64,1000,,0.0006,0.0054,available,,not_measured,managed,0.0054,0.111111,negligible
"np.vdot(a, b) (float64)",LinearAlgebra,float64,100000,,0.1073,0.0113,available,0.0089,available,openblas,0.0089,1.022472,close
"np.vdot(a, b) (float64)",LinearAlgebra,float64,10000000,,0.9954,3.9233,available,,not_measured,managed,3.9233,0.253715,slower
"np.vecdot(a, b) (float64)",LinearAlgebra,float64,1000,,0.0007,0.0053,available,,not_measured,managed,0.0053,0.132075,negligible
"np.vecdot(a, b) (float64)",LinearAlgebra,float64,100000,,0.1085,0.1441,available,0.008,available,openblas,0.008,1.15,faster
"np.vecdot(a, b) (float64)",LinearAlgebra,float64,10000000,,1.1093,19.6962,available,,not_measured,managed,19.6962,0.056321,much_slower
"np.vecmat(a, b)",LinearAlgebra,float64,128,,0.0016,0.0051,available,0.0024,available,openblas,0.0024,0.791667,close
"np.vecmat(a, b) (float64)",LinearAlgebra,float64,1000,,0.001,0.0054,available,,not_measured,managed,0.0054,0.185185,much_slower
"np.vecmat(a, b) (float64)",LinearAlgebra,float64,100000,,0.0062,0.0391,available,,not_measured,managed,0.0391,0.158568,much_slower
"np.vecmat(a, b) (float64)",LinearAlgebra,float64,10000000,,0.0086,0.0507,available,,not_measured,managed,0.0507,0.169625,much_slower
np.all(a) (bool),Logic,bool,1000,,0.0014,,not_measured,,not_measured,,,,no_data
np.all(a) (bool),Logic,bool,100000,,0.0016,,not_measured,,not_measured,,,,no_data
np.all(a) (bool),Logic,bool,10000000,,0.0014,,not_measured,,not_measured,,,,no_data
"np.allclose(a, b) (float16)",Logic,float16,1000,,0.0311,0.0665,available,,not_measured,managed,0.0665,0.467669,slower
"np.allclose(a, b) (float16)",Logic,float16,100000,,1.7879,1.2541,available,,not_measured,managed,1.2541,1.425644,faster
"np.allclose(a, b) (float32)",Logic,float32,1000,,0.0133,0.0339,available,,not_measured,managed,0.0339,0.39233,slower
"np.allclose(a, b) (float32)",Logic,float32,100000,,0.0941,0.7046,available,,not_measured,managed,0.7046,0.133551,much_slower
"np.allclose(a, b) (float64)",Logic,float64,1000,,0.0137,0.0328,available,,not_measured,managed,0.0328,0.417683,slower
"np.allclose(a, b) (float64)",Logic,float64,100000,,0.6284,0.6101,available,,not_measured,managed,0.6101,1.029995,close
np.any(a) (bool),Logic,bool,1000,,0.0014,,not_measured,,not_measured,,,,no_data
np.any(a) (bool),Logic,bool,100000,,0.0014,,not_measured,,not_measured,,,,no_data
np.any(a) (bool),Logic,bool,10000000,,0.0014,,not_measured,,not_measured,,,,no_data
"np.array_equal(a, b) (float16)",Logic,float16,1000,,0.0025,0.0028,available,,not_measured,managed,0.0028,0.892857,close
"np.array_equal(a, b) (float16)",Logic,float16,100000,,0.0852,0.1399,available,,not_measured,managed,0.1399,0.609006,close
"np.array_equal(a, b) (float16)",Logic,float16,10000000,,9.6241,13.5604,available,,not_measured,managed,13.5604,0.709721,close
"np.array_equal(a, b) (float32)",Logic,float32,1000,,0.0016,0.0015,available,,not_measured,managed,0.0015,1.066667,faster
"np.array_equal(a, b) (float32)",Logic,float32,100000,,0.0071,0.0221,available,,not_measured,managed,0.0221,0.321267,slower
"np.array_equal(a, b) (float32)",Logic,float32,10000000,,4.0378,10.8867,available,,not_measured,managed,10.8867,0.370893,slower
"np.array_equal(a, b) (float64)",Logic,float64,1000,,0.0016,0.0018,available,,not_measured,managed,0.0018,0.888889,close
"np.array_equal(a, b) (float64)",Logic,float64,100000,,0.0118,0.0288,available,,not_measured,managed,0.0288,0.409722,slower
"np.array_equal(a, b) (float64)",Logic,float64,10000000,,6.5821,17.9924,available,,not_measured,managed,17.9924,0.365827,slower
"np.fmax(a, b) (float16)",Logic,float16,1000,,0.0028,0.0046,available,,not_measured,managed,0.0046,0.608696,close
"np.fmax(a, b) (float16)",Logic,float16,100000,,0.7497,0.9578,available,,not_measured,managed,0.9578,0.782731,close
"np.fmax(a, b) (float16)",Logic,float16,10000000,,81.0324,98.1281,available,,not_measured,managed,98.1281,0.825782,close
"np.fmax(a, b) (float32)",Logic,float32,1000,,0.0006,0.0027,available,,not_measured,managed,0.0027,0.222222,negligible
"np.fmax(a, b) (float32)",Logic,float32,100000,,0.0079,0.0612,available,,not_measured,managed,0.0612,0.129085,much_slower
"np.fmax(a, b) (float32)",Logic,float32,10000000,,8.7837,17.3502,available,,not_measured,managed,17.3502,0.506259,close
"np.fmax(a, b) (float64)",Logic,float64,1000,,0.0006,0.0037,available,,not_measured,managed,0.0037,0.162162,negligible
"np.fmax(a, b) (float64)",Logic,float64,100000,,0.0254,0.1402,available,,not_measured,managed,0.1402,0.18117,much_slower
"np.fmax(a, b) (float64)",Logic,float64,10000000,,16.7473,38.9178,available,,not_measured,managed,38.9178,0.430325,slower
"np.fmin(a, b) (float16)",Logic,float16,1000,,0.0031,0.005,available,,not_measured,managed,0.005,0.62,close
"np.fmin(a, b) (float16)",Logic,float16,100000,,0.8144,0.9569,available,,not_measured,managed,0.9569,0.851082,close
"np.fmin(a, b) (float16)",Logic,float16,10000000,,80.3336,95.6452,available,,not_measured,managed,95.6452,0.839913,close
"np.fmin(a, b) (float32)",Logic,float32,1000,,0.0006,0.0029,available,,not_measured,managed,0.0029,0.206897,negligible
"np.fmin(a, b) (float32)",Logic,float32,100000,,0.0072,0.0717,available,,not_measured,managed,0.0717,0.100418,much_slower
"np.fmin(a, b) (float32)",Logic,float32,10000000,,8.6345,14.7234,available,,not_measured,managed,14.7234,0.586447,close
"np.fmin(a, b) (float64)",Logic,float64,1000,,0.0006,0.0036,available,,not_measured,managed,0.0036,0.166667,negligible
"np.fmin(a, b) (float64)",Logic,float64,100000,,0.0257,0.1394,available,,not_measured,managed,0.1394,0.184362,much_slower
"np.fmin(a, b) (float64)",Logic,float64,10000000,,16.5013,35.2939,available,,not_measured,managed,35.2939,0.46754,slower
"np.isclose(a, b) (float16)",Logic,float16,1000,,0.029,0.0768,available,,not_measured,managed,0.0768,0.377604,slower
"np.isclose(a, b) (float16)",Logic,float16,100000,,1.7686,1.188,available,,not_measured,managed,1.188,1.488721,faster
"np.isclose(a, b) (float32)",Logic,float32,1000,,0.0118,0.0386,available,,not_measured,managed,0.0386,0.305699,slower
"np.isclose(a, b) (float32)",Logic,float32,100000,,0.0784,0.6911,available,,not_measured,managed,0.6911,0.113442,much_slower
"np.isclose(a, b) (float64)",Logic,float64,1000,,0.0117,0.0326,available,,not_measured,managed,0.0326,0.358896,slower
"np.isclose(a, b) (float64)",Logic,float64,100000,,0.6659,0.5677,available,,not_measured,managed,0.5677,1.172979,faster
np.iscomplex(a) (float16),Logic,float16,1000,,0.0005,0.0014,available,,not_measured,managed,0.0014,0.357143,negligible
np.iscomplex(a) (float16),Logic,float16,100000,,0.0017,0.0173,available,,not_measured,managed,0.0173,0.098266,much_slower
np.iscomplex(a) (float16),Logic,float16,10000000,,0.0093,,not_measured,,not_measured,,,,no_data
np.iscomplex(a) (float32),Logic,float32,1000,,0.0005,0.0013,available,,not_measured,managed,0.0013,0.384615,negligible
np.iscomplex(a) (float32),Logic,float32,100000,,0.0017,0.0177,available,,not_measured,managed,0.0177,0.096045,much_slower
np.iscomplex(a) (float32),Logic,float32,10000000,,0.008,,not_measured,,not_measured,,,,no_data
np.iscomplex(a) (float64),Logic,float64,1000,,0.0005,0.0017,available,,not_measured,managed,0.0017,0.294118,negligible
np.iscomplex(a) (float64),Logic,float64,100000,,0.0017,0.0161,available,,not_measured,managed,0.0161,0.10559,much_slower
np.iscomplex(a) (float64),Logic,float64,10000000,,0.0088,,not_measured,,not_measured,,,,no_data
np.iscomplexobj(a) (float16),Logic,float16,1000,,0.0002,0.0,available,,not_measured,managed,0.0,,no_data
np.iscomplexobj(a) (float16),Logic,float16,100000,,0.0002,0.0,available,,not_measured,managed,0.0,,no_data
np.iscomplexobj(a) (float16),Logic,float16,10000000,,0.0002,0.0,available,,not_measured,managed,0.0,,no_data
np.iscomplexobj(a) (float32),Logic,float32,1000,,0.0002,0.0,available,,not_measured,managed,0.0,,no_data
np.iscomplexobj(a) (float32),Logic,float32,100000,,0.0002,0.0,available,,not_measured,managed,0.0,,no_data
np.iscomplexobj(a) (float32),Logic,float32,10000000,,0.0002,0.0,available,,not_measured,managed,0.0,,no_data
np.iscomplexobj(a) (float64),Logic,float64,1000,,0.0002,0.0,available,,not_measured,managed,0.0,,no_data
np.iscomplexobj(a) (float64),Logic,float64,100000,,0.0002,0.0,available,,not_measured,managed,0.0,,no_data
np.iscomplexobj(a) (float64),Logic,float64,10000000,,0.0002,0.0,available,,not_measured,managed,0.0,,no_data
np.isfinite(a) (float16),Logic,float16,1000,,0.0009,0.0023,available,,not_measured,managed,0.0023,0.391304,negligible
np.isfinite(a) (float16),Logic,float16,100000,,0.0495,0.0595,available,,not_measured,managed,0.0595,0.831933,close
np.isfinite(a) (float16),Logic,float16,10000000,,5.8103,6.2993,available,,not_measured,managed,6.2993,0.922372,close
np.isfinite(a) (float32),Logic,float32,1000,,0.0004,0.0031,available,,not_measured,managed,0.0031,0.129032,negligible
np.isfinite(a) (float32),Logic,float32,100000,,0.0053,0.0634,available,,not_measured,managed,0.0634,0.083596,much_slower
np.isfinite(a) (float32),Logic,float32,10000000,,3.5069,7.8118,available,,not_measured,managed,7.8118,0.448923,slower
np.isfinite(a) (float64),Logic,float64,1000,,0.0005,0.0035,available,,not_measured,managed,0.0035,0.142857,negligible
np.isfinite(a) (float64),Logic,float64,100000,,0.0103,0.0638,available,,not_measured,managed,0.0638,0.161442,much_slower
np.isfinite(a) (float64),Logic,float64,10000000,,5.072,14.3288,available,,not_measured,managed,14.3288,0.353972,slower
np.isfortran(a) (float16),Logic,float16,1000,,0.0001,0.0,available,,not_measured,managed,0.0,,no_data
np.isfortran(a) (float16),Logic,float16,100000,,0.0001,0.0,available,,not_measured,managed,0.0,,no_data
np.isfortran(a) (float16),Logic,float16,10000000,,0.0001,0.0,available,,not_measured,managed,0.0,,no_data
np.isfortran(a) (float32),Logic,float32,1000,,0.0001,0.0,available,,not_measured,managed,0.0,,no_data
np.isfortran(a) (float32),Logic,float32,100000,,0.0001,0.0,available,,not_measured,managed,0.0,,no_data
np.isfortran(a) (float32),Logic,float32,10000000,,0.0001,0.0,available,,not_measured,managed,0.0,,no_data
np.isfortran(a) (float64),Logic,float64,1000,,0.0001,0.0,available,,not_measured,managed,0.0,,no_data
np.isfortran(a) (float64),Logic,float64,100000,,0.0001,0.0,available,,not_measured,managed,0.0,,no_data
np.isfortran(a) (float64),Logic,float64,10000000,,0.0001,0.0,available,,not_measured,managed,0.0,,no_data
np.isinf(a) (float16),Logic,float16,1000,,0.0009,0.0022,available,,not_measured,managed,0.0022,0.409091,negligible
np.isinf(a) (float16),Logic,float16,100000,,0.051,0.061,available,,not_measured,managed,0.061,0.836066,close
np.isinf(a) (float16),Logic,float16,10000000,,6.1038,6.4027,available,,not_measured,managed,6.4027,0.953317,close
np.isinf(a) (float32),Logic,float32,1000,,0.0004,0.002,available,,not_measured,managed,0.002,0.2,negligible
np.isinf(a) (float32),Logic,float32,100000,,0.0053,0.0638,available,,not_measured,managed,0.0638,0.083072,much_slower
np.isinf(a) (float32),Logic,float32,10000000,,3.4523,8.8333,available,,not_measured,managed,8.8333,0.390828,slower
np.isinf(a) (float64),Logic,float64,1000,,0.0005,0.0023,available,,not_measured,managed,0.0023,0.217391,negligible
np.isinf(a) (float64),Logic,float64,100000,,0.011,0.0721,available,,not_measured,managed,0.0721,0.152566,much_slower
np.isinf(a) (float64),Logic,float64,10000000,,5.1133,14.5706,available,,not_measured,managed,14.5706,0.350933,slower
np.isnan(a) (float16),Logic,float16,1000,,0.0014,0.0023,available,,not_measured,managed,0.0023,0.608696,close
np.isnan(a) (float16),Logic,float16,100000,,0.0685,0.0612,available,,not_measured,managed,0.0612,1.119281,faster
np.isnan(a) (float16),Logic,float16,10000000,,7.8041,6.4116,available,,not_measured,managed,6.4116,1.217184,faster
np.isnan(a) (float32),Logic,float32,1000,,0.0005,0.0032,available,,not_measured,managed,0.0032,0.15625,negligible
np.isnan(a) (float32),Logic,float32,100000,,0.0041,0.0617,available,,not_measured,managed,0.0617,0.066451,much_slower
np.isnan(a) (float32),Logic,float32,10000000,,3.3218,7.1799,available,,not_measured,managed,7.1799,0.462653,slower
np.isnan(a) (float64),Logic,float64,1000,,0.0005,0.0021,available,,not_measured,managed,0.0021,0.238095,negligible
np.isnan(a) (float64),Logic,float64,100000,,0.0087,0.0657,available,,not_measured,managed,0.0657,0.13242,much_slower
np.isnan(a) (float64),Logic,float64,10000000,,5.1362,12.5055,available,,not_measured,managed,12.5055,0.410715,slower
np.isreal(a) (float16),Logic,float16,1000,,0.0023,0.002,available,,not_measured,managed,0.002,1.15,faster
np.isreal(a) (float16),Logic,float16,100000,,0.077,0.0161,available,,not_measured,managed,0.0161,4.782609,faster
np.isreal(a) (float16),Logic,float16,10000000,,11.1341,2.0134,available,,not_measured,managed,2.0134,5.529999,faster
np.isreal(a) (float32),Logic,float32,1000,,0.0013,0.0014,available,,not_measured,managed,0.0014,0.928571,close
np.isreal(a) (float32),Logic,float32,100000,,0.0087,0.0193,available,,not_measured,managed,0.0193,0.450777,slower
np.isreal(a) (float32),Logic,float32,10000000,,7.6147,2.0951,available,,not_measured,managed,2.0951,3.634528,faster
np.isreal(a) (float64),Logic,float64,1000,,0.0013,0.001,available,,not_measured,managed,0.001,1.3,faster
np.isreal(a) (float64),Logic,float64,100000,,0.0173,0.0159,available,,not_measured,managed,0.0159,1.08805,faster
np.isreal(a) (float64),Logic,float64,10000000,,13.9475,1.6778,available,,not_measured,managed,1.6778,8.312969,faster
np.isrealobj(a) (float16),Logic,float16,1000,,0.0003,0.0,available,,not_measured,managed,0.0,,no_data
np.isrealobj(a) (float16),Logic,float16,100000,,0.0003,0.0,available,,not_measured,managed,0.0,,no_data
np.isrealobj(a) (float16),Logic,float16,10000000,,0.0003,0.0,available,,not_measured,managed,0.0,,no_data
np.isrealobj(a) (float32),Logic,float32,1000,,0.0003,0.0,available,,not_measured,managed,0.0,,no_data
np.isrealobj(a) (float32),Logic,float32,100000,,0.0003,0.0,available,,not_measured,managed,0.0,,no_data
np.isrealobj(a) (float32),Logic,float32,10000000,,0.0003,0.0,available,,not_measured,managed,0.0,,no_data
np.isrealobj(a) (float64),Logic,float64,1000,,0.0003,0.0,available,,not_measured,managed,0.0,,no_data
np.isrealobj(a) (float64),Logic,float64,100000,,0.0003,0.0,available,,not_measured,managed,0.0,,no_data
np.isrealobj(a) (float64),Logic,float64,10000000,,0.0003,0.0,available,,not_measured,managed,0.0,,no_data
np.isscalar(a) (float16),Logic,float16,1000,,0.0005,0.0,available,,not_measured,managed,0.0,,no_data
np.isscalar(a) (float16),Logic,float16,100000,,0.0006,0.0,available,,not_measured,managed,0.0,,no_data
np.isscalar(a) (float16),Logic,float16,10000000,,0.0005,0.0,available,,not_measured,managed,0.0,,no_data
np.isscalar(a) (float32),Logic,float32,1000,,0.0006,0.0,available,,not_measured,managed,0.0,,no_data
np.isscalar(a) (float32),Logic,float32,100000,,0.0005,0.0,available,,not_measured,managed,0.0,,no_data
np.isscalar(a) (float32),Logic,float32,10000000,,0.0005,0.0,available,,not_measured,managed,0.0,,no_data
np.isscalar(a) (float64),Logic,float64,1000,,0.0005,0.0,available,,not_measured,managed,0.0,,no_data
np.isscalar(a) (float64),Logic,float64,100000,,0.0006,0.0,available,,not_measured,managed,0.0,,no_data
np.isscalar(a) (float64),Logic,float64,10000000,,0.0005,0.0,available,,not_measured,managed,0.0,,no_data
"np.logical_and(a, b) (bool)",Logic,bool,1000,,0.0004,,not_measured,,not_measured,,,,no_data
"np.logical_and(a, b) (bool)",Logic,bool,100000,,0.0021,,not_measured,,not_measured,,,,no_data
"np.logical_and(a, b) (bool)",Logic,bool,10000000,,2.0594,,not_measured,,not_measured,,,,no_data
np.logical_not(a) (bool),Logic,bool,1000,,0.0004,,not_measured,,not_measured,,,,no_data
np.logical_not(a) (bool),Logic,bool,100000,,0.002,,not_measured,,not_measured,,,,no_data
np.logical_not(a) (bool),Logic,bool,10000000,,1.706,,not_measured,,not_measured,,,,no_data
"np.logical_or(a, b) (bool)",Logic,bool,1000,,0.0004,,not_measured,,not_measured,,,,no_data
"np.logical_or(a, b) (bool)",Logic,bool,100000,,0.0021,,not_measured,,not_measured,,,,no_data
"np.logical_or(a, b) (bool)",Logic,bool,10000000,,1.9284,,not_measured,,not_measured,,,,no_data
"np.logical_xor(a, b) (bool)",Logic,bool,1000,,0.0004,,not_measured,,not_measured,,,,no_data
"np.logical_xor(a, b) (bool)",Logic,bool,100000,,0.0024,,not_measured,,not_measured,,,,no_data
"np.logical_xor(a, b) (bool)",Logic,bool,10000000,,1.926,,not_measured,,not_measured,,,,no_data
"np.maximum(a, b) (float16)",Logic,float16,1000,,0.003,0.0048,available,,not_measured,managed,0.0048,0.625,close
"np.maximum(a, b) (float16)",Logic,float16,100000,,0.761,0.9993,available,,not_measured,managed,0.9993,0.761533,close
"np.maximum(a, b) (float16)",Logic,float16,10000000,,80.7987,98.7765,available,,not_measured,managed,98.7765,0.817995,close
"np.maximum(a, b) (float32)",Logic,float32,1000,,0.0006,0.0027,available,,not_measured,managed,0.0027,0.222222,negligible
"np.maximum(a, b) (float32)",Logic,float32,100000,,0.0074,0.0802,available,,not_measured,managed,0.0802,0.092269,much_slower
"np.maximum(a, b) (float32)",Logic,float32,10000000,,8.7492,13.4484,available,,not_measured,managed,13.4484,0.650576,close
"np.maximum(a, b) (float64)",Logic,float64,1000,,0.0006,0.0038,available,,not_measured,managed,0.0038,0.157895,negligible
"np.maximum(a, b) (float64)",Logic,float64,100000,,0.0284,0.1361,available,,not_measured,managed,0.1361,0.20867,slower
"np.maximum(a, b) (float64)",Logic,float64,10000000,,16.4501,32.4967,available,,not_measured,managed,32.4967,0.506208,close
"np.minimum(a, b) (float16)",Logic,float16,1000,,0.0032,0.0051,available,,not_measured,managed,0.0051,0.627451,close
"np.minimum(a, b) (float16)",Logic,float16,100000,,0.7605,0.9707,available,,not_measured,managed,0.9707,0.783455,close
"np.minimum(a, b) (float16)",Logic,float16,10000000,,81.7709,97.8707,available,,not_measured,managed,97.8707,0.835499,close
"np.minimum(a, b) (float32)",Logic,float32,1000,,0.0006,0.0023,available,,not_measured,managed,0.0023,0.26087,negligible
"np.minimum(a, b) (float32)",Logic,float32,100000,,0.0076,0.0636,available,,not_measured,managed,0.0636,0.119497,much_slower
"np.minimum(a, b) (float32)",Logic,float32,10000000,,9.0657,14.2823,available,,not_measured,managed,14.2823,0.634751,close
"np.minimum(a, b) (float64)",Logic,float64,1000,,0.0006,0.0034,available,,not_measured,managed,0.0034,0.176471,negligible
"np.minimum(a, b) (float64)",Logic,float64,100000,,0.0256,0.1387,available,,not_measured,managed,0.1387,0.184571,much_slower
"np.minimum(a, b) (float64)",Logic,float64,10000000,,16.8465,35.7805,available,,not_measured,managed,35.7805,0.470829,slower
a.T (transpose 2D),Manipulation,float64,1000,,0.0001,0.0005,available,,not_measured,managed,0.0005,0.2,negligible
a.T (transpose 2D),Manipulation,float64,100000,,0.0001,0.0005,available,,not_measured,managed,0.0005,0.2,negligible
a.T (transpose 2D),Manipulation,float64,10000000,,0.0001,0.0006,available,,not_measured,managed,0.0006,0.166667,negligible
a.flatten,Manipulation,float64,1000,,0.0005,0.0024,available,,not_measured,managed,0.0024,0.208333,negligible
a.flatten,Manipulation,float64,100000,,0.012,0.0582,available,,not_measured,managed,0.0582,0.206186,slower
a.flatten,Manipulation,float64,10000000,,13.1905,12.6884,available,,not_measured,managed,12.6884,1.039572,close
a.ravel() (view),Manipulation,float64,1000,,0.0001,0.0006,available,,not_measured,managed,0.0006,0.166667,negligible
a.ravel() (view),Manipulation,float64,100000,,0.0001,0.0006,available,,not_measured,managed,0.0006,0.166667,negligible
a.ravel() (view),Manipulation,float64,10000000,,0.0001,0.0006,available,,not_measured,managed,0.0006,0.166667,negligible
"np.append(a, b) (float64)",Manipulation,float64,1000,,0.0015,0.0085,available,,not_measured,managed,0.0085,0.176471,much_slower
"np.append(a, b) (float64)",Manipulation,float64,100000,,0.3195,0.2382,available,,not_measured,managed,0.2382,1.34131,faster
"np.array_split(a, sections) (float64)",Manipulation,float64,1000,,0.0067,0.0033,available,,not_measured,managed,0.0033,2.030303,faster
"np.array_split(a, sections) (float64)",Manipulation,float64,100000,,0.0066,0.0029,available,,not_measured,managed,0.0029,2.275862,faster
np.atleast_1d(a) (float64),Manipulation,float64,1000,,0.0002,0.0,available,,not_measured,managed,0.0,,no_data
np.atleast_1d(a) (float64),Manipulation,float64,100000,,0.0002,0.0,available,,not_measured,managed,0.0,,no_data
np.atleast_2d(a) (float64),Manipulation,float64,1000,,0.0005,0.0005,available,,not_measured,managed,0.0005,1.0,negligible
np.atleast_2d(a) (float64),Manipulation,float64,100000,,0.0004,0.0005,available,,not_measured,managed,0.0005,0.8,negligible
np.atleast_3d(a) (float64),Manipulation,float64,1000,,0.0005,0.0011,available,,not_measured,managed,0.0011,0.454545,negligible
np.atleast_3d(a) (float64),Manipulation,float64,100000,,0.0004,0.0011,available,,not_measured,managed,0.0011,0.363636,negligible
"np.block([a, b]) (float64)",Manipulation,float64,1000,,0.0034,0.0067,available,,not_measured,managed,0.0067,0.507463,close
"np.block([a, b]) (float64)",Manipulation,float64,100000,,0.3163,0.2391,available,,not_measured,managed,0.2391,1.322877,faster
"np.broadcast_arrays(a, b) (float64)",Manipulation,float64,1000,,0.0034,0.0015,available,,not_measured,managed,0.0015,2.266667,faster
"np.broadcast_arrays(a, b) (float64)",Manipulation,float64,100000,,0.0031,0.001,available,,not_measured,managed,0.001,3.1,faster
np.byteswap,Manipulation,float64,1000,,0.0008,0.0072,available,,not_measured,managed,0.0072,0.111111,negligible
np.byteswap,Manipulation,float64,100000,,0.0343,0.1073,available,,not_measured,managed,0.1073,0.319664,slower
np.byteswap,Manipulation,float64,10000000,,20.8526,11.9288,available,,not_measured,managed,11.9288,1.748089,faster
np.c_,Manipulation,float64,1000,,0.0044,0.0087,available,,not_measured,managed,0.0087,0.505747,close
np.c_,Manipulation,float64,100000,,0.3466,0.239,available,,not_measured,managed,0.239,1.450209,faster
np.c_,Manipulation,float64,10000000,,38.563,25.1148,available,,not_measured,managed,25.1148,1.535469,faster
"np.column_stack((a, b)) (float64)",Manipulation,float64,1000,,0.0023,0.0136,available,,not_measured,managed,0.0136,0.169118,much_slower
"np.column_stack((a, b)) (float64)",Manipulation,float64,100000,,0.3034,0.2252,available,,not_measured,managed,0.2252,1.347247,faster
"np.concat((a, b)) (float64)",Manipulation,float64,1000,,0.001,0.0106,available,,not_measured,managed,0.0106,0.09434,much_slower
"np.concat((a, b)) (float64)",Manipulation,float64,100000,,0.3009,0.2552,available,,not_measured,managed,0.2552,1.179075,faster
"np.concatenate([a, b, c]) (float64)",Manipulation,float64,1000,,0.0013,0.0097,available,,not_measured,managed,0.0097,0.134021,much_slower
"np.concatenate([a, b, c]) (float64)",Manipulation,float64,100000,,0.4867,0.3844,available,,not_measured,managed,0.3844,1.266129,faster
"np.concatenate([a, b]) (float64)",Manipulation,float64,1000,,0.001,0.0049,available,,not_measured,managed,0.0049,0.204082,slower
"np.concatenate([a, b]) (float64)",Manipulation,float64,100000,,0.3207,0.2404,available,,not_measured,managed,0.2404,1.334027,faster
"np.concatenate([a, b], axis=0) (float64)",Manipulation,float64,1000,,0.0011,0.0046,available,,not_measured,managed,0.0046,0.23913,slower
"np.concatenate([a, b], axis=0) (float64)",Manipulation,float64,100000,,0.3271,0.2562,available,,not_measured,managed,0.2562,1.276737,faster
"np.concatenate([a, b], axis=1) (float64)",Manipulation,float64,1000,,0.0013,0.0081,available,,not_measured,managed,0.0081,0.160494,much_slower
"np.concatenate([a, b], axis=1) (float64)",Manipulation,float64,100000,,0.2999,0.2384,available,,not_measured,managed,0.2384,1.25797,faster
"np.delete(a, index) (float64)",Manipulation,float64,1000,,0.0022,0.0029,available,,not_measured,managed,0.0029,0.758621,close
"np.delete(a, index) (float64)",Manipulation,float64,100000,,0.0137,0.0671,available,,not_measured,managed,0.0671,0.204173,slower
np.diag,Manipulation,float64,1000,,0.0009,0.0082,available,,not_measured,managed,0.0082,0.109756,negligible
np.diag,Manipulation,float64,100000,,0.0008,0.134,available,,not_measured,managed,0.134,0.00597,negligible
np.diag,Manipulation,float64,10000000,,0.0008,2.7026,available,,not_measured,managed,2.7026,0.000296,negligible
np.diagflat,Manipulation,float64,1000,,0.0031,0.0089,available,,not_measured,managed,0.0089,0.348315,slower
np.diagflat,Manipulation,float64,100000,,0.0154,0.1378,available,,not_measured,managed,0.1378,0.111756,much_slower
np.diagflat,Manipulation,float64,10000000,,2.7342,2.611,available,,not_measured,managed,2.611,1.047185,close
"np.dsplit(a, sections) (float64)",Manipulation,float64,1000,,0.0093,0.0047,available,,not_measured,managed,0.0047,1.978723,faster
"np.dsplit(a, sections) (float64)",Manipulation,float64,100000,,0.0094,0.0042,available,,not_measured,managed,0.0042,2.238095,faster
"np.dstack([a, b]) (float64)",Manipulation,float64,1000,,0.0025,0.0049,available,,not_measured,managed,0.0049,0.510204,close
"np.dstack([a, b]) (float64)",Manipulation,float64,100000,,0.3062,0.2441,available,,not_measured,managed,0.2441,1.254404,faster
"np.expand_dims(a, axis=-1) (float64)",Manipulation,float64,1000,,0.0015,0.0006,available,,not_measured,managed,0.0006,2.5,negligible
"np.expand_dims(a, axis=-1) (float64)",Manipulation,float64,100000,,0.0013,0.0005,available,,not_measured,managed,0.0005,2.6,negligible
"np.expand_dims(a, axis=-1) (float64)",Manipulation,float64,10000000,,0.0013,0.0006,available,,not_measured,managed,0.0006,2.166667,negligible
"np.expand_dims(a, axis=0) (float64)",Manipulation,float64,1000,,0.0013,0.0006,available,,not_measured,managed,0.0006,2.166667,negligible
"np.expand_dims(a, axis=0) (float64)",Manipulation,float64,100000,,0.0012,0.0005,available,,not_measured,managed,0.0005,2.4,negligible
"np.expand_dims(a, axis=0) (float64)",Manipulation,float64,10000000,,0.0013,0.0006,available,,not_measured,managed,0.0006,2.166667,negligible
"np.expand_dims(a2D, axis=1) (float64)",Manipulation,float64,1000,,0.0021,0.0006,available,,not_measured,managed,0.0006,3.5,negligible
"np.expand_dims(a2D, axis=1) (float64)",Manipulation,float64,100000,,0.0013,0.0005,available,,not_measured,managed,0.0005,2.6,negligible
"np.expand_dims(a2D, axis=1) (float64)",Manipulation,float64,10000000,,0.0013,0.0006,available,,not_measured,managed,0.0006,2.166667,negligible
np.fill_diagonal,Manipulation,float64,1000,,0.001,0.0023,available,,not_measured,managed,0.0023,0.434783,slower
np.fill_diagonal,Manipulation,float64,100000,,0.0025,0.0027,available,,not_measured,managed,0.0027,0.925926,close
np.fill_diagonal,Manipulation,float64,10000000,,0.0177,0.0128,available,,not_measured,managed,0.0128,1.382812,faster
np.flip,Manipulation,float64,1000,,0.0004,0.0004,available,,not_measured,managed,0.0004,1.0,negligible
np.flip,Manipulation,float64,100000,,0.0004,0.0005,available,,not_measured,managed,0.0005,0.8,negligible
np.flip,Manipulation,float64,10000000,,0.0004,0.0004,available,,not_measured,managed,0.0004,1.0,negligible
np.fliplr,Manipulation,float64,1000,,0.0004,0.0004,available,,not_measured,managed,0.0004,1.0,negligible
np.fliplr,Manipulation,float64,100000,,0.0004,0.0005,available,,not_measured,managed,0.0005,0.8,negligible
np.fliplr,Manipulation,float64,10000000,,0.0004,0.0004,available,,not_measured,managed,0.0004,1.0,negligible
np.flipud,Manipulation,float64,1000,,0.0003,0.0004,available,,not_measured,managed,0.0004,0.75,negligible
np.flipud,Manipulation,float64,100000,,0.0003,0.0004,available,,not_measured,managed,0.0004,0.75,negligible
np.flipud,Manipulation,float64,10000000,,0.0004,0.0005,available,,not_measured,managed,0.0005,0.8,negligible
"np.hsplit(a, sections) (float64)",Manipulation,float64,1000,,0.0093,0.004,available,,not_measured,managed,0.004,2.325,faster
"np.hsplit(a, sections) (float64)",Manipulation,float64,100000,,0.0094,0.0048,available,,not_measured,managed,0.0048,1.958333,faster
"np.hstack([a, b]) (float64)",Manipulation,float64,1000,,0.0017,0.0053,available,,not_measured,managed,0.0053,0.320755,slower
"np.hstack([a, b]) (float64)",Manipulation,float64,100000,,0.338,0.2491,available,,not_measured,managed,0.2491,1.356885,faster
"np.insert(a, index, value) (float64)",Manipulation,float64,1000,,0.0052,0.0081,available,,not_measured,managed,0.0081,0.641975,close
"np.insert(a, index, value) (float64)",Manipulation,float64,100000,,0.0166,0.0636,available,,not_measured,managed,0.0636,0.261006,slower
"np.intersect1d(a, b) (int32)",Manipulation,int32,1000,,0.0393,0.043,available,,not_measured,managed,0.043,0.913953,close
"np.intersect1d(a, b) (int32)",Manipulation,int32,100000,,7.7261,10.2505,available,,not_measured,managed,10.2505,0.753729,close
"np.isin(a, b) (int32)",Manipulation,int32,1000,,0.0173,0.0113,available,,not_measured,managed,0.0113,1.530973,faster
"np.isin(a, b) (int32)",Manipulation,int32,100000,,0.4099,0.5989,available,,not_measured,managed,0.5989,0.684421,close
np.ix_,Manipulation,float64,1000,,0.0017,0.0014,available,,not_measured,managed,0.0014,1.214286,faster
np.ix_,Manipulation,float64,100000,,0.0019,0.0014,available,,not_measured,managed,0.0014,1.357143,faster
np.ix_,Manipulation,float64,10000000,,0.0019,0.0014,available,,not_measured,managed,0.0014,1.357143,faster
np.matrix_transpose,Manipulation,float64,1000,,0.0006,0.0006,available,,not_measured,managed,0.0006,1.0,negligible
np.matrix_transpose,Manipulation,float64,100000,,0.0006,0.0006,available,,not_measured,managed,0.0006,1.0,negligible
np.matrix_transpose,Manipulation,float64,10000000,,0.0006,0.0005,available,,not_measured,managed,0.0005,1.2,negligible
"np.moveaxis(a, 0, -1) (float64)",Manipulation,float64,1000,,0.0024,0.0008,available,,not_measured,managed,0.0008,3.0,negligible
"np.moveaxis(a, 0, -1) (float64)",Manipulation,float64,100000,,0.002,0.0008,available,,not_measured,managed,0.0008,2.5,negligible
"np.moveaxis(a, 0, -1) (float64)",Manipulation,float64,10000000,,0.0023,0.0007,available,,not_measured,managed,0.0007,3.285714,negligible
"np.pad(a, width) (float64)",Manipulation,float64,1000,,0.0084,0.0133,available,,not_measured,managed,0.0133,0.631579,close
"np.pad(a, width) (float64)",Manipulation,float64,100000,,0.0204,0.0668,available,,not_measured,managed,0.0668,0.305389,slower
np.permute_dims,Manipulation,float64,1000,,0.0004,0.0006,available,,not_measured,managed,0.0006,0.666667,negligible
np.permute_dims,Manipulation,float64,100000,,0.0004,0.0006,available,,not_measured,managed,0.0006,0.666667,negligible
np.permute_dims,Manipulation,float64,10000000,,0.0004,0.0005,available,,not_measured,managed,0.0005,0.8,negligible
np.r_,Manipulation,float64,1000,,0.0033,0.0107,available,,not_measured,managed,0.0107,0.308411,slower
np.r_,Manipulation,float64,100000,,0.319,0.2373,available,,not_measured,managed,0.2373,1.34429,faster
np.r_,Manipulation,float64,10000000,,26.2427,25.3716,available,,not_measured,managed,25.3716,1.034334,close
np.r_(0:1:Nj),Manipulation,float64,1000,,0.0059,0.0087,available,,not_measured,managed,0.0087,0.678161,close
np.r_(0:1:Nj),Manipulation,float64,100000,,0.3832,0.1355,available,,not_measured,managed,0.1355,2.828044,faster
np.r_(0:1:Nj),Manipulation,float64,10000000,,39.3287,26.0924,available,,not_measured,managed,26.0924,1.507286,faster
np.r_(0:N),Manipulation,float64,1000,,0.0024,0.0075,available,,not_measured,managed,0.0075,0.32,slower
np.r_(0:N),Manipulation,float64,100000,,0.3462,0.1343,available,,not_measured,managed,0.1343,2.577811,faster
np.r_(0:N),Manipulation,float64,10000000,,26.1691,28.7818,available,,not_measured,managed,28.7818,0.909224,close
"np.r_(a, 0, 0, b)",Manipulation,float64,1000,,0.0042,0.0096,available,,not_measured,managed,0.0096,0.4375,slower
"np.r_(a, 0, 0, b)",Manipulation,float64,100000,,0.32,0.2479,available,,not_measured,managed,0.2479,1.290843,faster
"np.r_(a, 0, 0, b)",Manipulation,float64,10000000,,26.0335,28.3493,available,,not_measured,managed,28.3493,0.918312,close
np.ravel,Manipulation,float64,1000,,0.0004,0.0006,available,,not_measured,managed,0.0006,0.666667,negligible
np.ravel,Manipulation,float64,100000,,0.0003,0.0006,available,,not_measured,managed,0.0006,0.5,negligible
np.ravel,Manipulation,float64,10000000,,0.0003,0.0006,available,,not_measured,managed,0.0006,0.5,negligible
"np.repeat(a, repeats) (float64)",Manipulation,float64,1000,,0.0028,0.0041,available,,not_measured,managed,0.0041,0.682927,close
"np.repeat(a, repeats) (float64)",Manipulation,float64,100000,,0.3594,0.2536,available,,not_measured,managed,0.2536,1.417192,faster
"np.reshape(a, shape)",Manipulation,float64,1000,,0.0006,0.0007,available,,not_measured,managed,0.0007,0.857143,negligible
"np.reshape(a, shape)",Manipulation,float64,100000,,0.0006,0.0007,available,,not_measured,managed,0.0007,0.857143,negligible
"np.reshape(a, shape)",Manipulation,float64,10000000,,0.0006,0.0007,available,,not_measured,managed,0.0007,0.857143,negligible
"np.resize(a, shape) (float64)",Manipulation,float64,1000,,0.0024,0.0155,available,,not_measured,managed,0.0155,0.154839,much_slower
"np.resize(a, shape) (float64)",Manipulation,float64,100000,,0.3082,0.2305,available,,not_measured,managed,0.2305,1.337093,faster
"np.roll(a, shift) (float64)",Manipulation,float64,1000,,0.0045,0.0133,available,,not_measured,managed,0.0133,0.338346,slower
"np.roll(a, shift) (float64)",Manipulation,float64,100000,,0.0158,0.0636,available,,not_measured,managed,0.0636,0.248428,slower
"np.rollaxis(a, 2) (float64)",Manipulation,float64,1000,,0.0007,0.0005,available,,not_measured,managed,0.0005,1.4,negligible
"np.rollaxis(a, 2) (float64)",Manipulation,float64,100000,,0.0006,0.0005,available,,not_measured,managed,0.0005,1.2,negligible
"np.rollaxis(a, 2) (float64)",Manipulation,float64,10000000,,0.0006,0.0005,available,,not_measured,managed,0.0005,1.2,negligible
np.rot90,Manipulation,float64,1000,,0.0032,0.0016,available,,not_measured,managed,0.0016,2.0,faster
np.rot90,Manipulation,float64,100000,,0.0032,0.0015,available,,not_measured,managed,0.0015,2.133333,faster
np.rot90,Manipulation,float64,10000000,,0.0033,0.0016,available,,not_measured,managed,0.0016,2.0625,faster
"np.setdiff1d(a, b) (int32)",Manipulation,int32,1000,,0.0503,0.049,available,,not_measured,managed,0.049,1.026531,close
"np.setdiff1d(a, b) (int32)",Manipulation,int32,100000,,7.8322,9.6382,available,,not_measured,managed,9.6382,0.812621,close
"np.setxor1d(a, b) (int32)",Manipulation,int32,1000,,0.0399,0.0576,available,,not_measured,managed,0.0576,0.692708,close
"np.setxor1d(a, b) (int32)",Manipulation,int32,100000,,7.3536,9.8072,available,,not_measured,managed,9.8072,0.749816,close
np.size(a) (float64),Manipulation,float64,1000,,0.0002,0.0,available,,not_measured,managed,0.0,,no_data
np.size(a) (float64),Manipulation,float64,100000,,0.0002,0.0,available,,not_measured,managed,0.0,,no_data
"np.split(a, sections) (float64)",Manipulation,float64,1000,,0.009,0.0046,available,,not_measured,managed,0.0046,1.956522,faster
"np.split(a, sections) (float64)",Manipulation,float64,100000,,0.009,0.0051,available,,not_measured,managed,0.0051,1.764706,faster
np.squeeze(a) (float64),Manipulation,float64,1000,,0.0003,0.0003,available,,not_measured,managed,0.0003,1.0,negligible
np.squeeze(a) (float64),Manipulation,float64,100000,,0.0003,0.0004,available,,not_measured,managed,0.0004,0.75,negligible
np.squeeze(a) (float64),Manipulation,float64,10000000,,0.0003,0.0004,available,,not_measured,managed,0.0004,0.75,negligible
"np.squeeze(a, axis=1) (float64)",Manipulation,float64,1000,,0.0003,0.0004,available,,not_measured,managed,0.0004,0.75,negligible
"np.squeeze(a, axis=1) (float64)",Manipulation,float64,100000,,0.0004,0.0004,available,,not_measured,managed,0.0004,1.0,negligible
"np.squeeze(a, axis=1) (float64)",Manipulation,float64,10000000,,0.0003,0.0004,available,,not_measured,managed,0.0004,0.75,negligible
"np.stack([a, b]) (float64)",Manipulation,float64,1000,,0.0023,0.0052,available,,not_measured,managed,0.0052,0.442308,slower
"np.stack([a, b]) (float64)",Manipulation,float64,100000,,0.3392,0.2397,available,,not_measured,managed,0.2397,1.415102,faster
"np.stack([a, b], axis=1) (float64)",Manipulation,float64,1000,,0.0024,0.0051,available,,not_measured,managed,0.0051,0.470588,slower
"np.stack([a, b], axis=1) (float64)",Manipulation,float64,100000,,0.3427,0.2719,available,,not_measured,managed,0.2719,1.26039,faster
"np.swapaxes(a, 0, 1) (float64)",Manipulation,float64,1000,,0.0005,0.0005,available,,not_measured,managed,0.0005,1.0,negligible
"np.swapaxes(a, 0, 1) (float64)",Manipulation,float64,100000,,0.0004,0.0006,available,,not_measured,managed,0.0006,0.666667,negligible
"np.swapaxes(a, 0, 1) (float64)",Manipulation,float64,10000000,,0.0004,0.0005,available,,not_measured,managed,0.0005,0.8,negligible
"np.swapaxes(a3D, 0, 2) (float64)",Manipulation,float64,1000,,0.0005,0.0005,available,,not_measured,managed,0.0005,1.0,negligible
"np.swapaxes(a3D, 0, 2) (float64)",Manipulation,float64,100000,,0.0004,0.0006,available,,not_measured,managed,0.0006,0.666667,negligible
"np.swapaxes(a3D, 0, 2) (float64)",Manipulation,float64,10000000,,0.0004,0.0005,available,,not_measured,managed,0.0005,0.8,negligible
"np.tile(a, reps) (float64)",Manipulation,float64,1000,,0.0026,0.0164,available,,not_measured,managed,0.0164,0.158537,much_slower
"np.tile(a, reps) (float64)",Manipulation,float64,100000,,0.3117,0.2637,available,,not_measured,managed,0.2637,1.182025,faster
np.transpose(a),Manipulation,float64,1000,,0.0004,0.0007,available,,not_measured,managed,0.0007,0.571429,negligible
np.transpose(a),Manipulation,float64,100000,,0.0004,0.0006,available,,not_measured,managed,0.0006,0.666667,negligible
np.transpose(a),Manipulation,float64,10000000,,0.0004,0.0006,available,,not_measured,managed,0.0006,0.666667,negligible
np.tri,Manipulation,float64,1000,,0.0039,0.0096,available,,not_measured,managed,0.0096,0.40625,slower
np.tri,Manipulation,float64,100000,,0.0493,0.0688,available,,not_measured,managed,0.0688,0.71657,close
np.tri,Manipulation,float64,10000000,,18.6782,14.0887,available,,not_measured,managed,14.0887,1.325758,faster
np.tril,Manipulation,float64,1000,,0.0042,0.0054,available,,not_measured,managed,0.0054,0.777778,close
np.tril,Manipulation,float64,100000,,0.0477,0.0654,available,,not_measured,managed,0.0654,0.729358,close
np.tril,Manipulation,float64,10000000,,22.0541,13.3962,available,,not_measured,managed,13.3962,1.646295,faster
np.tril_indices,Manipulation,float64,1000,,0.0116,0.0064,available,,not_measured,managed,0.0064,1.8125,faster
np.tril_indices,Manipulation,float64,100000,,0.0711,0.0836,available,,not_measured,managed,0.0836,0.850478,close
np.tril_indices,Manipulation,float64,10000000,,25.6268,6.7624,available,,not_measured,managed,6.7624,3.789601,faster
np.trim_zeros,Manipulation,float64,1000,,0.013,0.0123,available,,not_measured,managed,0.0123,1.056911,faster
np.trim_zeros,Manipulation,float64,100000,,0.9433,0.02,available,,not_measured,managed,0.02,47.165,negligible
np.trim_zeros,Manipulation,float64,10000000,,135.2636,0.0506,available,,not_measured,managed,0.0506,2673.193676,negligible
np.triu,Manipulation,float64,1000,,0.0041,0.0064,available,,not_measured,managed,0.0064,0.640625,close
np.triu,Manipulation,float64,100000,,0.0479,0.0611,available,,not_measured,managed,0.0611,0.783961,close
np.triu,Manipulation,float64,10000000,,23.4902,12.657,available,,not_measured,managed,12.657,1.855906,faster
np.triu_indices,Manipulation,float64,1000,,0.0111,0.0086,available,,not_measured,managed,0.0086,1.290698,faster
np.triu_indices,Manipulation,float64,100000,,0.0697,0.0771,available,,not_measured,managed,0.0771,0.904021,close
np.triu_indices,Manipulation,float64,10000000,,29.3425,6.7442,available,,not_measured,managed,6.7442,4.350775,faster
"np.union1d(a, b) (int32)",Manipulation,int32,1000,,0.0225,0.0494,available,,not_measured,managed,0.0494,0.455466,slower
"np.union1d(a, b) (int32)",Manipulation,int32,100000,,4.7298,9.0406,available,,not_measured,managed,9.0406,0.523173,close
np.unique(a) (int32),Manipulation,int32,1000,,0.0165,0.0103,available,,not_measured,managed,0.0103,1.601942,faster
np.unique(a) (int32),Manipulation,int32,100000,,3.0744,4.489,available,,not_measured,managed,4.489,0.684874,close
np.unique_all(a) (int32),Manipulation,int32,1000,,0.0405,0.0141,available,,not_measured,managed,0.0141,2.87234,faster
np.unique_all(a) (int32),Manipulation,int32,100000,,6.4221,6.2572,available,,not_measured,managed,6.2572,1.026354,close
np.unique_counts(a) (int32),Manipulation,int32,1000,,0.0105,0.0113,available,,not_measured,managed,0.0113,0.929204,close
np.unique_counts(a) (int32),Manipulation,int32,100000,,0.6211,4.1726,available,,not_measured,managed,4.1726,0.148852,much_slower
np.unique_inverse(a) (int32),Manipulation,int32,1000,,0.0233,0.0204,available,,not_measured,managed,0.0204,1.142157,faster
np.unique_inverse(a) (int32),Manipulation,int32,100000,,2.4899,5.2136,available,,not_measured,managed,5.2136,0.477578,slower
np.unique_values(a) (int32),Manipulation,int32,1000,,0.0153,0.0081,available,,not_measured,managed,0.0081,1.888889,faster
np.unique_values(a) (int32),Manipulation,int32,100000,,3.0075,3.5246,available,,not_measured,managed,3.5246,0.853288,close
np.unstack(a) (float64),Manipulation,float64,1000,,0.0032,0.0042,available,,not_measured,managed,0.0042,0.761905,close
np.unstack(a) (float64),Manipulation,float64,100000,,0.0032,0.0045,available,,not_measured,managed,0.0045,0.711111,close
"np.vsplit(a, sections) (float64)",Manipulation,float64,1000,,0.0094,0.0043,available,,not_measured,managed,0.0043,2.186047,faster
"np.vsplit(a, sections) (float64)",Manipulation,float64,100000,,0.0091,0.0043,available,,not_measured,managed,0.0043,2.116279,faster
"np.vstack([a, b]) (float64)",Manipulation,float64,1000,,0.0021,0.0051,available,,not_measured,managed,0.0051,0.411765,slower
"np.vstack([a, b]) (float64)",Manipulation,float64,100000,,0.3094,0.2439,available,,not_measured,managed,0.2439,1.268553,faster
reshape 1D->2D,Manipulation,float64,1000,,0.0002,0.0007,available,,not_measured,managed,0.0007,0.285714,negligible
reshape 1D->2D,Manipulation,float64,100000,,0.0002,0.0006,available,,not_measured,managed,0.0006,0.333333,negligible
reshape 1D->2D,Manipulation,float64,10000000,,0.0002,0.0006,available,,not_measured,managed,0.0006,0.333333,negligible
reshape 1D->3D,Manipulation,float64,1000,,0.0002,0.0008,available,,not_measured,managed,0.0008,0.25,negligible
reshape 1D->3D,Manipulation,float64,100000,,0.0002,0.0007,available,,not_measured,managed,0.0007,0.285714,negligible
reshape 1D->3D,Manipulation,float64,10000000,,0.0002,0.0006,available,,not_measured,managed,0.0006,0.333333,negligible
reshape 2D->1D,Manipulation,float64,1000,,0.0002,0.0006,available,,not_measured,managed,0.0006,0.333333,negligible
reshape 2D->1D,Manipulation,float64,100000,,0.0002,0.0006,available,,not_measured,managed,0.0006,0.333333,negligible
reshape 2D->1D,Manipulation,float64,10000000,,0.0002,0.001,available,,not_measured,managed,0.001,0.2,negligible
a.all() [ndarray] (float64),NDArray,float64,1000,,0.0016,0.0012,available,,not_measured,managed,0.0012,1.333333,faster
a.all() [ndarray] (float64),NDArray,float64,100000,,0.0404,0.0082,available,,not_measured,managed,0.0082,4.926829,faster
a.any() [ndarray] (float64),NDArray,float64,1000,,0.0016,0.0015,available,,not_measured,managed,0.0015,1.066667,faster
a.any() [ndarray] (float64),NDArray,float64,100000,,0.0391,0.0015,available,,not_measured,managed,0.0015,26.066667,negligible
a.argmax() [ndarray] (float64),NDArray,float64,1000,,0.0005,0.0008,available,,not_measured,managed,0.0008,0.625,negligible
a.argmax() [ndarray] (float64),NDArray,float64,100000,,0.0156,0.0592,available,,not_measured,managed,0.0592,0.263514,slower
a.argmin() [ndarray] (float64),NDArray,float64,1000,,0.0005,0.0011,available,,not_measured,managed,0.0011,0.454545,negligible
a.argmin() [ndarray] (float64),NDArray,float64,100000,,0.0174,0.0584,available,,not_measured,managed,0.0584,0.297945,slower
a.argpartition(kth) [ndarray] (float64),NDArray,float64,1000,,0.0048,0.0095,available,,not_measured,managed,0.0095,0.505263,close
a.argpartition(kth) [ndarray] (float64),NDArray,float64,100000,,0.1481,1.1217,available,,not_measured,managed,1.1217,0.132032,much_slower
a.argsort() [ndarray] (float64),NDArray,float64,1000,,0.0097,0.0235,available,,not_measured,managed,0.0235,0.412766,slower
a.argsort() [ndarray] (float64),NDArray,float64,100000,,1.3975,3.1652,available,,not_measured,managed,3.1652,0.44152,slower
a.choose(choices) [ndarray] (float64),NDArray,float64,1000,,0.0051,0.009,available,,not_measured,managed,0.009,0.566667,close
a.choose(choices) [ndarray] (float64),NDArray,float64,100000,,0.5873,0.2582,available,,not_measured,managed,0.2582,2.274593,faster
"a.clip(min, max) [ndarray] (float64)",NDArray,float64,1000,,0.0012,0.0028,available,,not_measured,managed,0.0028,0.428571,slower
"a.clip(min, max) [ndarray] (float64)",NDArray,float64,100000,,0.0176,0.1511,available,,not_measured,managed,0.1511,0.116479,much_slower
a.compress(mask) [ndarray] (float64),NDArray,float64,1000,,0.0021,0.0012,available,,not_measured,managed,0.0012,1.75,faster
a.compress(mask) [ndarray] (float64),NDArray,float64,100000,,0.0826,0.0954,available,,not_measured,managed,0.0954,0.865828,close
a.conj() [ndarray] (float64),NDArray,float64,1000,,0.0001,0.0,available,,not_measured,managed,0.0,,no_data
a.conj() [ndarray] (float64),NDArray,float64,100000,,0.0001,0.0,available,,not_measured,managed,0.0,,no_data
a.conjugate() [ndarray] (float64),NDArray,float64,1000,,0.0001,0.0,available,,not_measured,managed,0.0,,no_data
a.conjugate() [ndarray] (float64),NDArray,float64,100000,,0.0001,0.0,available,,not_measured,managed,0.0,,no_data
a.cumprod() [ndarray] (float64),NDArray,float64,1000,,0.0033,0.0041,available,,not_measured,managed,0.0041,0.804878,close
a.cumprod() [ndarray] (float64),NDArray,float64,100000,,0.17,0.2425,available,,not_measured,managed,0.2425,0.701031,close
a.cumsum() [ndarray] (float64),NDArray,float64,1000,,0.0023,0.0034,available,,not_measured,managed,0.0034,0.676471,close
a.cumsum() [ndarray] (float64),NDArray,float64,100000,,0.1672,0.2264,available,,not_measured,managed,0.2264,0.738516,close
a.diagonal() [ndarray] (float64),NDArray,float64,1000,,0.0002,0.0004,available,,not_measured,managed,0.0004,0.5,negligible
a.diagonal() [ndarray] (float64),NDArray,float64,100000,,0.0001,0.0007,available,,not_measured,managed,0.0007,0.142857,negligible
a.dot(b) [ndarray] (float64),NDArray,float64,1000,,0.0005,0.0008,available,,not_measured,managed,0.0008,0.625,negligible
a.dot(b) [ndarray] (float64),NDArray,float64,100000,,0.0978,0.0143,available,0.0103,available,openblas,0.0103,0.864078,close
a.fill(value) [ndarray] (float64),NDArray,float64,1000,,0.0003,0.0,available,,not_measured,managed,0.0,,no_data
a.fill(value) [ndarray] (float64),NDArray,float64,100000,,0.0092,0.0132,available,,not_measured,managed,0.0132,0.69697,close
a.getfield(dtype) [ndarray] (float64),NDArray,float64,1000,,0.0002,0.0006,available,,not_measured,managed,0.0006,0.333333,negligible
a.getfield(dtype) [ndarray] (float64),NDArray,float64,100000,,0.0002,0.0007,available,,not_measured,managed,0.0007,0.285714,negligible
a.item(index) [ndarray] (float64),NDArray,float64,1000,,0.0001,0.0,available,,not_measured,managed,0.0,,no_data
a.item(index) [ndarray] (float64),NDArray,float64,100000,,0.0001,0.0,available,,not_measured,managed,0.0,,no_data
a.max() [ndarray] (float64),NDArray,float64,1000,,0.001,0.0009,available,,not_measured,managed,0.0009,1.111111,negligible
a.max() [ndarray] (float64),NDArray,float64,100000,,0.0101,0.0069,available,,not_measured,managed,0.0069,1.463768,faster
a.min() [ndarray] (float64),NDArray,float64,1000,,0.001,0.0009,available,,not_measured,managed,0.0009,1.111111,negligible
a.min() [ndarray] (float64),NDArray,float64,100000,,0.0093,0.008,available,,not_measured,managed,0.008,1.1625,faster
a.nonzero() [ndarray] (float64),NDArray,float64,1000,,0.0022,0.0028,available,,not_measured,managed,0.0028,0.785714,close
a.nonzero() [ndarray] (float64),NDArray,float64,100000,,0.1763,0.1538,available,,not_measured,managed,0.1538,1.146294,faster
a.partition(kth) [ndarray] (float64),NDArray,float64,1000,,0.0029,0.0082,available,,not_measured,managed,0.0082,0.353659,slower
a.partition(kth) [ndarray] (float64),NDArray,float64,100000,,0.1401,1.4494,available,,not_measured,managed,1.4494,0.096661,much_slower
a.prod() [ndarray] (float64),NDArray,float64,1000,,0.0021,0.0009,available,,not_measured,managed,0.0009,2.333333,negligible
a.prod() [ndarray] (float64),NDArray,float64,100000,,0.0752,0.0044,available,,not_measured,managed,0.0044,17.090909,faster
"a.put(indices, values) [ndarray] (float64)",NDArray,float64,1000,,0.0018,0.0037,available,,not_measured,managed,0.0037,0.486486,slower
"a.put(indices, values) [ndarray] (float64)",NDArray,float64,100000,,0.1097,0.0885,available,,not_measured,managed,0.0885,1.239548,faster
a.repeat(repeats) [ndarray] (float64),NDArray,float64,1000,,0.0025,0.004,available,,not_measured,managed,0.004,0.625,close
a.repeat(repeats) [ndarray] (float64),NDArray,float64,100000,,0.3922,0.4618,available,,not_measured,managed,0.4618,0.849285,close
a.reshape(shape) [ndarray] (float64),NDArray,float64,1000,,0.0002,0.0006,available,,not_measured,managed,0.0006,0.333333,negligible
a.reshape(shape) [ndarray] (float64),NDArray,float64,100000,,0.0002,0.0008,available,,not_measured,managed,0.0008,0.25,negligible
a.resize(shape) [ndarray] (float64),NDArray,float64,1000,,0.0007,0.0035,available,,not_measured,managed,0.0035,0.2,negligible
a.resize(shape) [ndarray] (float64),NDArray,float64,100000,,0.0139,0.1015,available,,not_measured,managed,0.1015,0.136946,much_slower
a.round() [ndarray] (float64),NDArray,float64,1000,,0.0006,0.0015,available,,not_measured,managed,0.0015,0.4,negligible
a.round() [ndarray] (float64),NDArray,float64,100000,,0.0153,0.0597,available,,not_measured,managed,0.0597,0.256281,slower
a.searchsorted(v) [ndarray] (float64),NDArray,float64,1000,,0.0068,0.0131,available,,not_measured,managed,0.0131,0.519084,close
a.searchsorted(v) [ndarray] (float64),NDArray,float64,100000,,2.1005,3.162,available,,not_measured,managed,3.162,0.664295,close
"a.setfield(value, dtype) [ndarray] (float64)",NDArray,float64,1000,,0.0004,0.0024,available,,not_measured,managed,0.0024,0.166667,negligible
"a.setfield(value, dtype) [ndarray] (float64)",NDArray,float64,100000,,0.0094,0.0339,available,,not_measured,managed,0.0339,0.277286,slower
a.setflags(write=True) [ndarray] (float64),NDArray,float64,1000,,0.0002,0.0,available,,not_measured,managed,0.0,,no_data
a.setflags(write=True) [ndarray] (float64),NDArray,float64,100000,,0.0002,0.0,available,,not_measured,managed,0.0,,no_data
a.sort() [ndarray] (float64),NDArray,float64,1000,,0.0031,0.0169,available,,not_measured,managed,0.0169,0.183432,much_slower
a.sort() [ndarray] (float64),NDArray,float64,100000,,0.4924,2.1625,available,,not_measured,managed,2.1625,0.227699,slower
a.squeeze() [ndarray] (float64),NDArray,float64,1000,,0.0002,0.0005,available,,not_measured,managed,0.0005,0.4,negligible
a.squeeze() [ndarray] (float64),NDArray,float64,100000,,0.0002,0.0005,available,,not_measured,managed,0.0005,0.4,negligible
"a.swapaxes(0, 1) [ndarray] (float64)",NDArray,float64,1000,,0.0002,0.0006,available,,not_measured,managed,0.0006,0.333333,negligible
"a.swapaxes(0, 1) [ndarray] (float64)",NDArray,float64,100000,,0.0002,0.0007,available,,not_measured,managed,0.0007,0.285714,negligible
a.take(indices) [ndarray] (float64),NDArray,float64,1000,,0.0011,0.0014,available,,not_measured,managed,0.0014,0.785714,close
a.take(indices) [ndarray] (float64),NDArray,float64,100000,,0.0538,0.0799,available,,not_measured,managed,0.0799,0.673342,close
a.to_device(cpu) [ndarray] (float64),NDArray,float64,1000,,0.0001,0.0,available,,not_measured,managed,0.0,,no_data
a.to_device(cpu) [ndarray] (float64),NDArray,float64,100000,,0.0001,0.0,available,,not_measured,managed,0.0,,no_data
a.tobytes() [ndarray] (float64),NDArray,float64,1000,,0.0003,0.0003,available,,not_measured,managed,0.0003,1.0,negligible
a.tobytes() [ndarray] (float64),NDArray,float64,100000,,0.0128,0.0878,available,,not_measured,managed,0.0878,0.145786,much_slower
a.tofile(path) [ndarray] (float64),NDArray,float64,1000,,0.1935,0.2826,available,,not_measured,managed,0.2826,0.684713,close
a.tofile(path) [ndarray] (float64),NDArray,float64,100000,,0.317,4.2019,available,,not_measured,managed,4.2019,0.075442,much_slower
a.tolist() [ndarray] (float64),NDArray,float64,1000,,0.0079,0.0073,available,,not_measured,managed,0.0073,1.082192,faster
a.tolist() [ndarray] (float64),NDArray,float64,100000,,0.8371,3.5529,available,,not_measured,managed,3.5529,0.23561,slower
a.trace() [ndarray] (float64),NDArray,float64,1000,,0.001,0.0007,available,,not_measured,managed,0.0007,1.428571,negligible
a.trace() [ndarray] (float64),NDArray,float64,100000,,0.001,0.0006,available,,not_measured,managed,0.0006,1.666667,negligible
a.transpose() [ndarray] (float64),NDArray,float64,1000,,0.0001,0.0006,available,,not_measured,managed,0.0006,0.166667,negligible
a.transpose() [ndarray] (float64),NDArray,float64,100000,,0.0001,0.0006,available,,not_measured,managed,0.0006,0.166667,negligible
a.view() [ndarray] (float64),NDArray,float64,1000,,0.0001,0.0004,available,,not_measured,managed,0.0004,0.25,negligible
a.view() [ndarray] (float64),NDArray,float64,100000,,0.0001,0.0004,available,,not_measured,managed,0.0004,0.25,negligible
"np.random.beta(a, b) (float64)",Random,float64,1000,,0.0409,0.0431,available,,not_measured,managed,0.0431,0.948956,close
"np.random.beta(a, b) (float64)",Random,float64,100000,,4.0208,4.6955,available,,not_measured,managed,4.6955,0.856309,close
"np.random.binomial(n, p) (int64)",Random,int64,1000,,0.0241,0.0983,available,,not_measured,managed,0.0983,0.245168,slower
"np.random.binomial(n, p) (int64)",Random,int64,100000,,2.2879,9.6003,available,,not_measured,managed,9.6003,0.238315,slower
np.random.chisquare(df) (float64),Random,float64,1000,,0.0207,0.0258,available,,not_measured,managed,0.0258,0.802326,close
np.random.chisquare(df) (float64),Random,float64,100000,,2.0183,2.5166,available,,not_measured,managed,2.5166,0.801995,close
"np.random.choice(a, size) (float64)",Random,float64,1000,,0.0107,0.0093,available,,not_measured,managed,0.0093,1.150538,faster
"np.random.choice(a, size) (float64)",Random,float64,100000,,0.8723,0.9641,available,,not_measured,managed,0.9641,0.904782,close
"np.random.dirichlet(alpha, size) (float64)",Random,float64,1000,,0.0599,0.0558,available,,not_measured,managed,0.0558,1.073477,faster
"np.random.dirichlet(alpha, size) (float64)",Random,float64,100000,,5.6733,5.5241,available,,not_measured,managed,5.5241,1.027009,close
np.random.exponential(scale) (float64),Random,float64,1000,,0.009,0.0176,available,,not_measured,managed,0.0176,0.511364,close
np.random.exponential(scale) (float64),Random,float64,100000,,0.8471,1.4844,available,,not_measured,managed,1.4844,0.570668,close
"np.random.f(dfnum, dfden) (float64)",Random,float64,1000,,0.0477,0.0641,available,,not_measured,managed,0.0641,0.74415,close
"np.random.f(dfnum, dfden) (float64)",Random,float64,100000,,4.0092,5.3942,available,,not_measured,managed,5.3942,0.743243,close
"np.random.gamma(shape, scale) (float64)",Random,float64,1000,,0.0208,0.0303,available,,not_measured,managed,0.0303,0.686469,close
"np.random.gamma(shape, scale) (float64)",Random,float64,100000,,2.0109,2.48,available,,not_measured,managed,2.48,0.810847,close
np.random.geometric(p) (int64),Random,int64,1000,,0.0183,0.0174,available,,not_measured,managed,0.0174,1.051724,faster
np.random.geometric(p) (int64),Random,int64,100000,,2.0082,1.6235,available,,not_measured,managed,1.6235,1.236957,faster
"np.random.gumbel(loc, scale) (float64)",Random,float64,1000,,0.0145,0.0184,available,,not_measured,managed,0.0184,0.788043,close
"np.random.gumbel(loc, scale) (float64)",Random,float64,100000,,1.3725,1.7164,available,,not_measured,managed,1.7164,0.799639,close
"np.random.hypergeometric(ngood, nbad, nsample) (int64)",Random,int64,1000,,0.0641,0.1135,available,,not_measured,managed,0.1135,0.564758,close
"np.random.hypergeometric(ngood, nbad, nsample) (int64)",Random,int64,100000,,6.5085,10.7262,available,,not_measured,managed,10.7262,0.606785,close
"np.random.laplace(loc, scale) (float64)",Random,float64,1000,,0.0145,0.0202,available,,not_measured,managed,0.0202,0.717822,close
"np.random.laplace(loc, scale) (float64)",Random,float64,100000,,1.3291,1.758,available,,not_measured,managed,1.758,0.75603,close
"np.random.logistic(loc, scale) (float64)",Random,float64,1000,,0.0095,0.0158,available,,not_measured,managed,0.0158,0.601266,close
"np.random.logistic(loc, scale) (float64)",Random,float64,100000,,0.8614,1.2127,available,,not_measured,managed,1.2127,0.710316,close
"np.random.lognormal(mean, sigma) (float64)",Random,float64,1000,,0.0184,0.0246,available,,not_measured,managed,0.0246,0.747967,close
"np.random.lognormal(mean, sigma) (float64)",Random,float64,100000,,1.7538,1.7424,available,,not_measured,managed,1.7424,1.006543,close
np.random.logseries(p) (int64),Random,int64,1000,,0.0273,0.0291,available,,not_measured,managed,0.0291,0.938144,close
np.random.logseries(p) (int64),Random,int64,100000,,2.8491,2.7279,available,,not_measured,managed,2.7279,1.04443,close
"np.random.multinomial(n, pvals, size) (int64)",Random,int64,1000,,0.0731,0.1437,available,,not_measured,managed,0.1437,0.508699,close
"np.random.multinomial(n, pvals, size) (int64)",Random,int64,100000,,7.4181,14.4138,available,,not_measured,managed,14.4138,0.514653,close
"np.random.multivariate_normal(mean, cov, size) (float64)",Random,float64,1000,,0.0654,0.0474,available,,not_measured,managed,0.0474,1.379747,faster
"np.random.multivariate_normal(mean, cov, size) (float64)",Random,float64,100000,,5.0778,4.4186,available,,not_measured,managed,4.4186,1.149188,faster
"np.random.negative_binomial(n, p) (int64)",Random,int64,1000,,0.0749,0.0874,available,,not_measured,managed,0.0874,0.856979,close
"np.random.negative_binomial(n, p) (int64)",Random,int64,100000,,7.2996,8.3986,available,,not_measured,managed,8.3986,0.869145,close
"np.random.noncentral_chisquare(df, nonc) (float64)",Random,float64,1000,,0.0333,0.0411,available,,not_measured,managed,0.0411,0.810219,close
"np.random.noncentral_chisquare(df, nonc) (float64)",Random,float64,100000,,3.327,3.5568,available,,not_measured,managed,3.5568,0.935391,close
"np.random.noncentral_f(dfnum, dfden, nonc) (float64)",Random,float64,1000,,0.0535,0.055,available,,not_measured,managed,0.055,0.972727,close
"np.random.noncentral_f(dfnum, dfden, nonc) (float64)",Random,float64,100000,,5.2839,6.1293,available,,not_measured,managed,6.1293,0.862072,close
"np.random.normal(loc, scale) (float64)",Random,float64,1000,,0.0116,0.0161,available,,not_measured,managed,0.0161,0.720497,close
"np.random.normal(loc, scale) (float64)",Random,float64,100000,,1.0826,1.5253,available,,not_measured,managed,1.5253,0.709762,close
np.random.pareto(a) (float64),Random,float64,1000,,0.0152,0.019,available,,not_measured,managed,0.019,0.8,close
np.random.pareto(a) (float64),Random,float64,100000,,1.4726,1.8742,available,,not_measured,managed,1.8742,0.785722,close
np.random.permutation(a) (float64),Random,float64,1000,,0.014,0.0131,available,,not_measured,managed,0.0131,1.068702,faster
np.random.permutation(a) (float64),Random,float64,100000,,1.4261,1.3505,available,,not_measured,managed,1.3505,1.055979,faster
np.random.poisson(lam) (int64),Random,int64,1000,,0.0327,0.0325,available,,not_measured,managed,0.0325,1.006154,close
np.random.poisson(lam) (int64),Random,int64,100000,,3.3376,3.376,available,,not_measured,managed,3.376,0.988626,close
np.random.power(a) (float64),Random,float64,1000,,0.0294,0.0186,available,,not_measured,managed,0.0186,1.580645,faster
np.random.power(a) (float64),Random,float64,100000,,3.4871,1.838,available,,not_measured,managed,1.838,1.897225,faster
np.random.rand(n) (float64),Random,float64,1000,,0.0044,0.009,available,,not_measured,managed,0.009,0.488889,slower
np.random.rand(n) (float64),Random,float64,100000,,0.3946,0.7934,available,,not_measured,managed,0.7934,0.497353,slower
"np.random.randint(low, high) (int64)",Random,int64,1000,,0.008,0.0067,available,,not_measured,managed,0.0067,1.19403,faster
"np.random.randint(low, high) (int64)",Random,int64,100000,,0.4558,0.6324,available,,not_measured,managed,0.6324,0.720746,close
np.random.randn(n) (float64),Random,float64,1000,,0.0108,0.0152,available,,not_measured,managed,0.0152,0.710526,close
np.random.randn(n) (float64),Random,float64,100000,,1.2638,1.4755,available,,not_measured,managed,1.4755,0.856523,close
np.random.random(n) (float64),Random,float64,1000,,0.0042,0.0086,available,,not_measured,managed,0.0086,0.488372,slower
np.random.random(n) (float64),Random,float64,100000,,0.3919,0.7844,available,,not_measured,managed,0.7844,0.499618,slower
np.random.random_sample(n) (float64),Random,float64,1000,,0.0041,0.0086,available,,not_measured,managed,0.0086,0.476744,slower
np.random.random_sample(n) (float64),Random,float64,100000,,0.3865,0.778,available,,not_measured,managed,0.778,0.496787,slower
np.random.rayleigh(scale) (float64),Random,float64,1000,,0.0103,0.0128,available,,not_measured,managed,0.0128,0.804688,close
np.random.rayleigh(scale) (float64),Random,float64,100000,,1.0637,1.3646,available,,not_measured,managed,1.3646,0.779496,close
np.random.shuffle(a) (float64),Random,float64,1000,,0.0135,0.0108,available,,not_measured,managed,0.0108,1.25,faster
np.random.shuffle(a) (float64),Random,float64,100000,,1.3837,1.2283,available,,not_measured,managed,1.2283,1.126516,faster
np.random.standard_cauchy(n) (float64),Random,float64,1000,,0.0216,0.0184,available,,not_measured,managed,0.0184,1.173913,faster
np.random.standard_cauchy(n) (float64),Random,float64,100000,,2.2959,2.1421,available,,not_measured,managed,2.1421,1.071799,faster
np.random.standard_exponential(n) (float64),Random,float64,1000,,0.0087,0.013,available,,not_measured,managed,0.013,0.669231,close
np.random.standard_exponential(n) (float64),Random,float64,100000,,0.875,1.3616,available,,not_measured,managed,1.3616,0.642626,close
np.random.standard_gamma(shape) (float64),Random,float64,1000,,0.0204,0.0225,available,,not_measured,managed,0.0225,0.906667,close
np.random.standard_gamma(shape) (float64),Random,float64,100000,,2.0386,2.3189,available,,not_measured,managed,2.3189,0.879124,close
np.random.standard_normal(n) (float64),Random,float64,1000,,0.0107,0.0149,available,,not_measured,managed,0.0149,0.718121,close
np.random.standard_normal(n) (float64),Random,float64,100000,,1.0405,1.4634,available,,not_measured,managed,1.4634,0.711015,close
np.random.standard_t(df) (float64),Random,float64,1000,,0.0337,0.037,available,,not_measured,managed,0.037,0.910811,close
np.random.standard_t(df) (float64),Random,float64,100000,,3.3969,3.7461,available,,not_measured,managed,3.7461,0.906783,close
"np.random.triangular(left, mode, right) (float64)",Random,float64,1000,,0.0097,0.0108,available,,not_measured,managed,0.0108,0.898148,close
"np.random.triangular(left, mode, right) (float64)",Random,float64,100000,,0.8707,1.1432,available,,not_measured,managed,1.1432,0.761634,close
"np.random.uniform(low, high) (float64)",Random,float64,1000,,0.0053,0.0079,available,,not_measured,managed,0.0079,0.670886,close
"np.random.uniform(low, high) (float64)",Random,float64,100000,,0.3844,0.7641,available,,not_measured,managed,0.7641,0.503076,close
"np.random.vonmises(mu, kappa) (float64)",Random,float64,1000,,0.0507,0.0525,available,,not_measured,managed,0.0525,0.965714,close
"np.random.vonmises(mu, kappa) (float64)",Random,float64,100000,,5.6887,6.6863,available,,not_measured,managed,6.6863,0.850799,close
"np.random.wald(mean, scale) (float64)",Random,float64,1000,,0.0248,0.0325,available,,not_measured,managed,0.0325,0.763077,close
"np.random.wald(mean, scale) (float64)",Random,float64,100000,,2.8508,3.6366,available,,not_measured,managed,3.6366,0.783919,close
np.random.weibull(a) (float64),Random,float64,1000,,0.0215,0.0268,available,,not_measured,managed,0.0268,0.802239,close
np.random.weibull(a) (float64),Random,float64,100000,,2.5428,2.42,available,,not_measured,managed,2.42,1.050744,faster
np.random.zipf(a) (int64),Random,int64,1000,,0.0374,0.0493,available,,not_measured,managed,0.0493,0.758621,close
np.random.zipf(a) (int64),Random,int64,100000,,3.5903,4.9276,available,,not_measured,managed,4.9276,0.72861,close
a.amax() [method] (complex128),Reduction,complex128,1000,,0.0024,0.0019,available,,not_measured,managed,0.0019,1.263158,faster
a.amax() [method] (complex128),Reduction,complex128,100000,,0.1459,0.1443,available,,not_measured,managed,0.1443,1.011088,close
a.amax() [method] (complex128),Reduction,complex128,10000000,,16.355,13.9465,available,,not_measured,managed,13.9465,1.172696,faster
a.amax() [method] (float16),Reduction,float16,1000,,0.0029,0.0013,available,,not_measured,managed,0.0013,2.230769,faster
a.amax() [method] (float16),Reduction,float16,100000,,0.5,0.4545,available,,not_measured,managed,0.4545,1.10011,faster
a.amax() [method] (float16),Reduction,float16,10000000,,50.2559,34.4684,available,,not_measured,managed,34.4684,1.458028,faster
a.amax() [method] (float32),Reduction,float32,1000,,0.001,0.0008,available,,not_measured,managed,0.0008,1.25,negligible
a.amax() [method] (float32),Reduction,float32,100000,,0.0052,0.009,available,,not_measured,managed,0.009,0.577778,close
a.amax() [method] (float32),Reduction,float32,10000000,,1.558,2.2157,available,,not_measured,managed,2.2157,0.703164,close
a.amax() [method] (float64),Reduction,float64,1000,,0.001,0.0008,available,,not_measured,managed,0.0008,1.25,negligible
a.amax() [method] (float64),Reduction,float64,100000,,0.0093,0.0175,available,,not_measured,managed,0.0175,0.531429,close
a.amax() [method] (float64),Reduction,float64,10000000,,3.4958,3.4988,available,,not_measured,managed,3.4988,0.999143,close
a.amax() [method] (int16),Reduction,int16,1000,,0.0009,0.0006,available,,not_measured,managed,0.0006,1.5,negligible
a.amax() [method] (int16),Reduction,int16,100000,,0.0024,0.0016,available,,not_measured,managed,0.0016,1.5,faster
a.amax() [method] (int16),Reduction,int16,10000000,,0.2889,0.6875,available,,not_measured,managed,0.6875,0.420218,slower
a.amax() [method] (int32),Reduction,int32,1000,,0.0009,0.0008,available,,not_measured,managed,0.0008,1.125,negligible
a.amax() [method] (int32),Reduction,int32,100000,,0.0035,0.0024,available,,not_measured,managed,0.0024,1.458333,faster
a.amax() [method] (int32),Reduction,int32,10000000,,1.4493,4.6402,available,,not_measured,managed,4.6402,0.312336,slower
a.amax() [method] (int64),Reduction,int64,1000,,0.001,0.0007,available,,not_measured,managed,0.0007,1.428571,negligible
a.amax() [method] (int64),Reduction,int64,100000,,0.0083,0.0289,available,,not_measured,managed,0.0289,0.287197,slower
a.amax() [method] (int64),Reduction,int64,10000000,,4.0797,8.9058,available,,not_measured,managed,8.9058,0.458095,slower
a.amax() [method] (int8),Reduction,int8,1000,,0.0009,0.0013,available,,not_measured,managed,0.0013,0.692308,negligible
a.amax() [method] (int8),Reduction,int8,100000,,0.0016,0.0012,available,,not_measured,managed,0.0012,1.333333,faster
a.amax() [method] (int8),Reduction,int8,10000000,,0.1466,0.2396,available,,not_measured,managed,0.2396,0.611853,close
a.amax() [method] (uint16),Reduction,uint16,1000,,0.0009,0.0007,available,,not_measured,managed,0.0007,1.285714,negligible
a.amax() [method] (uint16),Reduction,uint16,100000,,0.0023,0.0016,available,,not_measured,managed,0.0016,1.4375,faster
a.amax() [method] (uint16),Reduction,uint16,10000000,,0.3278,0.7903,available,,not_measured,managed,0.7903,0.414779,slower
a.amax() [method] (uint32),Reduction,uint32,1000,,0.001,0.0007,available,,not_measured,managed,0.0007,1.428571,negligible
a.amax() [method] (uint32),Reduction,uint32,100000,,0.0035,0.0051,available,,not_measured,managed,0.0051,0.686275,close
a.amax() [method] (uint32),Reduction,uint32,10000000,,1.0961,4.1621,available,,not_measured,managed,4.1621,0.263353,slower
a.amax() [method] (uint64),Reduction,uint64,1000,,0.001,0.0007,available,,not_measured,managed,0.0007,1.428571,negligible
a.amax() [method] (uint64),Reduction,uint64,100000,,0.0115,0.0379,available,,not_measured,managed,0.0379,0.30343,slower
a.amax() [method] (uint64),Reduction,uint64,10000000,,3.7851,4.3654,available,,not_measured,managed,4.3654,0.867068,close
a.amax() [method] (uint8),Reduction,uint8,1000,,0.0009,0.0011,available,,not_measured,managed,0.0011,0.818182,negligible
a.amax() [method] (uint8),Reduction,uint8,100000,,0.0017,0.001,available,,not_measured,managed,0.001,1.7,faster
a.amax() [method] (uint8),Reduction,uint8,10000000,,0.1284,0.2466,available,,not_measured,managed,0.2466,0.520681,close
a.amin() [method] (complex128),Reduction,complex128,1000,,0.0024,0.0023,available,,not_measured,managed,0.0023,1.043478,close
a.amin() [method] (complex128),Reduction,complex128,100000,,0.1475,0.116,available,,not_measured,managed,0.116,1.271552,faster
a.amin() [method] (complex128),Reduction,complex128,10000000,,16.3376,14.174,available,,not_measured,managed,14.174,1.152646,faster
a.amin() [method] (float16),Reduction,float16,1000,,0.0033,0.0012,available,,not_measured,managed,0.0012,2.75,faster
a.amin() [method] (float16),Reduction,float16,100000,,0.5069,0.3048,available,,not_measured,managed,0.3048,1.663058,faster
a.amin() [method] (float16),Reduction,float16,10000000,,51.6965,31.6067,available,,not_measured,managed,31.6067,1.635618,faster
a.amin() [method] (float32),Reduction,float32,1000,,0.001,0.001,available,,not_measured,managed,0.001,1.0,close
a.amin() [method] (float32),Reduction,float32,100000,,0.0052,0.0035,available,,not_measured,managed,0.0035,1.485714,faster
a.amin() [method] (float32),Reduction,float32,10000000,,1.584,1.5934,available,,not_measured,managed,1.5934,0.994101,close
a.amin() [method] (float64),Reduction,float64,1000,,0.001,0.0007,available,,not_measured,managed,0.0007,1.428571,negligible
a.amin() [method] (float64),Reduction,float64,100000,,0.0099,0.0077,available,,not_measured,managed,0.0077,1.285714,faster
a.amin() [method] (float64),Reduction,float64,10000000,,3.4768,3.597,available,,not_measured,managed,3.597,0.966583,close
a.amin() [method] (int16),Reduction,int16,1000,,0.0009,0.0008,available,,not_measured,managed,0.0008,1.125,negligible
a.amin() [method] (int16),Reduction,int16,100000,,0.0023,0.0017,available,,not_measured,managed,0.0017,1.352941,faster
a.amin() [method] (int16),Reduction,int16,10000000,,0.3104,0.3424,available,,not_measured,managed,0.3424,0.906542,close
a.amin() [method] (int32),Reduction,int32,1000,,0.001,0.0007,available,,not_measured,managed,0.0007,1.428571,negligible
a.amin() [method] (int32),Reduction,int32,100000,,0.0035,0.0023,available,,not_measured,managed,0.0023,1.521739,faster
a.amin() [method] (int32),Reduction,int32,10000000,,1.1215,1.2577,available,,not_measured,managed,1.2577,0.891707,close
a.amin() [method] (int64),Reduction,int64,1000,,0.001,0.0008,available,,not_measured,managed,0.0008,1.25,negligible
a.amin() [method] (int64),Reduction,int64,100000,,0.009,0.0079,available,,not_measured,managed,0.0079,1.139241,faster
a.amin() [method] (int64),Reduction,int64,10000000,,4.4793,4.1948,available,,not_measured,managed,4.1948,1.067822,faster
a.amin() [method] (int8),Reduction,int8,1000,,0.0009,0.0008,available,,not_measured,managed,0.0008,1.125,negligible
a.amin() [method] (int8),Reduction,int8,100000,,0.0017,0.001,available,,not_measured,managed,0.001,1.7,faster
a.amin() [method] (int8),Reduction,int8,10000000,,0.1488,0.1479,available,,not_measured,managed,0.1479,1.006085,close
a.amin() [method] (uint16),Reduction,uint16,1000,,0.0009,0.0008,available,,not_measured,managed,0.0008,1.125,negligible
a.amin() [method] (uint16),Reduction,uint16,100000,,0.0023,0.0016,available,,not_measured,managed,0.0016,1.4375,faster
a.amin() [method] (uint16),Reduction,uint16,10000000,,0.3052,0.3512,available,,not_measured,managed,0.3512,0.869021,close
a.amin() [method] (uint32),Reduction,uint32,1000,,0.0009,0.001,available,,not_measured,managed,0.001,0.9,negligible
a.amin() [method] (uint32),Reduction,uint32,100000,,0.0035,0.0033,available,,not_measured,managed,0.0033,1.060606,faster
a.amin() [method] (uint32),Reduction,uint32,10000000,,1.0386,1.6262,available,,not_measured,managed,1.6262,0.638667,close
a.amin() [method] (uint64),Reduction,uint64,1000,,0.0012,0.0009,available,,not_measured,managed,0.0009,1.333333,negligible
a.amin() [method] (uint64),Reduction,uint64,100000,,0.0115,0.0103,available,,not_measured,managed,0.0103,1.116505,faster
a.amin() [method] (uint64),Reduction,uint64,10000000,,3.7489,4.3699,available,,not_measured,managed,4.3699,0.857891,close
a.amin() [method] (uint8),Reduction,uint8,1000,,0.0009,0.0009,available,,not_measured,managed,0.0009,1.0,negligible
a.amin() [method] (uint8),Reduction,uint8,100000,,0.0017,0.0013,available,,not_measured,managed,0.0013,1.307692,faster
a.amin() [method] (uint8),Reduction,uint8,10000000,,0.1375,0.1496,available,,not_measured,managed,0.1496,0.919118,close
a.mean() [method] (complex128),Reduction,complex128,1000,,0.0023,0.0017,available,,not_measured,managed,0.0017,1.352941,faster
a.mean() [method] (complex128),Reduction,complex128,100000,,0.0315,0.0226,available,,not_measured,managed,0.0226,1.393805,faster
a.mean() [method] (complex128),Reduction,complex128,10000000,,9.5219,16.5594,available,,not_measured,managed,16.5594,0.575015,close
a.mean() [method] (float16),Reduction,float16,1000,,0.0048,0.0021,available,,not_measured,managed,0.0021,2.285714,faster
a.mean() [method] (float16),Reduction,float16,100000,,0.1063,0.167,available,,not_measured,managed,0.167,0.636527,close
a.mean() [method] (float16),Reduction,float16,10000000,,10.0388,16.3639,available,,not_measured,managed,16.3639,0.613472,close
a.mean() [method] (float32),Reduction,float32,1000,,0.0032,0.0013,available,,not_measured,managed,0.0013,2.461538,faster
a.mean() [method] (float32),Reduction,float32,100000,,0.0177,0.0055,available,,not_measured,managed,0.0055,3.218182,faster
a.mean() [method] (float32),Reduction,float32,10000000,,3.0002,3.6319,available,,not_measured,managed,3.6319,0.826069,close
a.mean() [method] (float64),Reduction,float64,1000,,0.0021,0.0014,available,,not_measured,managed,0.0014,1.5,faster
a.mean() [method] (float64),Reduction,float64,100000,,0.0182,0.0094,available,,not_measured,managed,0.0094,1.93617,faster
a.mean() [method] (float64),Reduction,float64,10000000,,5.2669,7.7117,available,,not_measured,managed,7.7117,0.682975,close
a.mean() [method] (int16),Reduction,int16,1000,,0.0027,0.0018,available,,not_measured,managed,0.0018,1.5,faster
a.mean() [method] (int16),Reduction,int16,100000,,0.053,0.0448,available,,not_measured,managed,0.0448,1.183036,faster
a.mean() [method] (int16),Reduction,int16,10000000,,5.004,4.5618,available,,not_measured,managed,4.5618,1.096935,faster
a.mean() [method] (int32),Reduction,int32,1000,,0.0027,0.0013,available,,not_measured,managed,0.0013,2.076923,faster
a.mean() [method] (int32),Reduction,int32,100000,,0.0459,0.0459,available,,not_measured,managed,0.0459,1.0,close
a.mean() [method] (int32),Reduction,int32,10000000,,4.636,5.4193,available,,not_measured,managed,5.4193,0.855461,close
a.mean() [method] (int64),Reduction,int64,1000,,0.0025,0.0014,available,,not_measured,managed,0.0014,1.785714,faster
a.mean() [method] (int64),Reduction,int64,100000,,0.0341,0.0094,available,,not_measured,managed,0.0094,3.62766,faster
a.mean() [method] (int64),Reduction,int64,10000000,,6.4103,7.9498,available,,not_measured,managed,7.9498,0.806347,close
a.mean() [method] (int8),Reduction,int8,1000,,0.0027,0.0015,available,,not_measured,managed,0.0015,1.8,faster
a.mean() [method] (int8),Reduction,int8,100000,,0.0515,0.0456,available,,not_measured,managed,0.0456,1.129386,faster
a.mean() [method] (int8),Reduction,int8,10000000,,4.9497,4.6835,available,,not_measured,managed,4.6835,1.056838,faster
a.mean() [method] (uint16),Reduction,uint16,1000,,0.0027,0.0011,available,,not_measured,managed,0.0011,2.454545,faster
a.mean() [method] (uint16),Reduction,uint16,100000,,0.0514,0.0415,available,,not_measured,managed,0.0415,1.238554,faster
a.mean() [method] (uint16),Reduction,uint16,10000000,,5.0423,4.4499,available,,not_measured,managed,4.4499,1.133127,faster
a.mean() [method] (uint32),Reduction,uint32,1000,,0.0026,0.0013,available,,not_measured,managed,0.0013,2.0,faster
a.mean() [method] (uint32),Reduction,uint32,100000,,0.0402,0.0399,available,,not_measured,managed,0.0399,1.007519,close
a.mean() [method] (uint32),Reduction,uint32,10000000,,4.5021,5.2138,available,,not_measured,managed,5.2138,0.863497,close
a.mean() [method] (uint64),Reduction,uint64,1000,,0.0026,0.0015,available,,not_measured,managed,0.0015,1.733333,faster
a.mean() [method] (uint64),Reduction,uint64,100000,,0.0538,0.0099,available,,not_measured,managed,0.0099,5.434343,faster
a.mean() [method] (uint64),Reduction,uint64,10000000,,7.292,7.959,available,,not_measured,managed,7.959,0.916196,close
a.mean() [method] (uint8),Reduction,uint8,1000,,0.0027,0.0012,available,,not_measured,managed,0.0012,2.25,faster
a.mean() [method] (uint8),Reduction,uint8,100000,,0.0525,0.0412,available,,not_measured,managed,0.0412,1.274272,faster
a.mean() [method] (uint8),Reduction,uint8,10000000,,4.9282,3.8597,available,,not_measured,managed,3.8597,1.276835,faster
a.std() [method] (float16),Reduction,float16,1000,,0.0177,0.0021,available,,not_measured,managed,0.0021,8.428571,faster
a.std() [method] (float16),Reduction,float16,100000,,0.8807,0.1815,available,,not_measured,managed,0.1815,4.852342,faster
a.std() [method] (float16),Reduction,float16,10000000,,91.9623,18.523,available,,not_measured,managed,18.523,4.964763,faster
a.std() [method] (float32),Reduction,float32,1000,,0.0079,0.0008,available,,not_measured,managed,0.0008,9.875,negligible
a.std() [method] (float32),Reduction,float32,100000,,0.0452,0.0097,available,,not_measured,managed,0.0097,4.659794,faster
a.std() [method] (float32),Reduction,float32,10000000,,21.1298,3.0762,available,,not_measured,managed,3.0762,6.868799,faster
a.std() [method] (float64),Reduction,float64,1000,,0.0062,0.001,available,,not_measured,managed,0.001,6.2,faster
a.std() [method] (float64),Reduction,float64,100000,,0.0575,0.0192,available,,not_measured,managed,0.0192,2.994792,faster
a.std() [method] (float64),Reduction,float64,10000000,,38.8729,7.379,available,,not_measured,managed,7.379,5.268044,faster
a.sum() [method] (complex128),Reduction,complex128,1000,,0.0011,0.001,available,,not_measured,managed,0.001,1.1,faster
a.sum() [method] (complex128),Reduction,complex128,100000,,0.032,0.0108,available,,not_measured,managed,0.0108,2.962963,faster
a.sum() [method] (complex128),Reduction,complex128,10000000,,8.5021,6.8088,available,,not_measured,managed,6.8088,1.248693,faster
a.sum() [method] (float16),Reduction,float16,1000,,0.0028,0.0015,available,,not_measured,managed,0.0015,1.866667,faster
a.sum() [method] (float16),Reduction,float16,100000,,0.2018,0.0824,available,,not_measured,managed,0.0824,2.449029,faster
a.sum() [method] (float16),Reduction,float16,10000000,,19.8009,8.2324,available,,not_measured,managed,8.2324,2.40524,faster
a.sum() [method] (float32),Reduction,float32,1000,,0.001,0.0009,available,,not_measured,managed,0.0009,1.111111,negligible
a.sum() [method] (float32),Reduction,float32,100000,,0.0166,0.0033,available,,not_measured,managed,0.0033,5.030303,faster
a.sum() [method] (float32),Reduction,float32,10000000,,3.2208,1.2341,available,,not_measured,managed,1.2341,2.609837,faster
a.sum() [method] (float64),Reduction,float64,1000,,0.001,0.001,available,,not_measured,managed,0.001,1.0,close
a.sum() [method] (float64),Reduction,float64,100000,,0.023,0.0043,available,,not_measured,managed,0.0043,5.348837,faster
a.sum() [method] (float64),Reduction,float64,10000000,,5.0084,3.1935,available,,not_measured,managed,3.1935,1.568311,faster
a.sum() [method] (int16),Reduction,int16,1000,,0.0014,0.0009,available,,not_measured,managed,0.0009,1.555556,negligible
a.sum() [method] (int16),Reduction,int16,100000,,0.0328,0.0195,available,,not_measured,managed,0.0195,1.682051,faster
a.sum() [method] (int16),Reduction,int16,10000000,,3.2809,2.0058,available,,not_measured,managed,2.0058,1.635706,faster
a.sum() [method] (int32),Reduction,int32,1000,,0.0018,0.0012,available,,not_measured,managed,0.0012,1.5,faster
a.sum() [method] (int32),Reduction,int32,100000,,0.0372,0.0196,available,,not_measured,managed,0.0196,1.897959,faster
a.sum() [method] (int32),Reduction,int32,10000000,,4.1779,2.8628,available,,not_measured,managed,2.8628,1.459375,faster
a.sum() [method] (int64),Reduction,int64,1000,,0.001,0.0008,available,,not_measured,managed,0.0008,1.25,negligible
a.sum() [method] (int64),Reduction,int64,100000,,0.0183,0.0066,available,,not_measured,managed,0.0066,2.772727,faster
a.sum() [method] (int64),Reduction,int64,10000000,,4.298,3.2381,available,,not_measured,managed,3.2381,1.327322,faster
a.sum() [method] (int8),Reduction,int8,1000,,0.0014,0.001,available,,not_measured,managed,0.001,1.4,faster
a.sum() [method] (int8),Reduction,int8,100000,,0.0325,0.0189,available,,not_measured,managed,0.0189,1.719577,faster
a.sum() [method] (int8),Reduction,int8,10000000,,3.1237,1.8734,available,,not_measured,managed,1.8734,1.667396,faster
a.sum() [method] (uint16),Reduction,uint16,1000,,0.0013,0.0009,available,,not_measured,managed,0.0009,1.444444,negligible
a.sum() [method] (uint16),Reduction,uint16,100000,,0.0323,0.0191,available,,not_measured,managed,0.0191,1.691099,faster
a.sum() [method] (uint16),Reduction,uint16,10000000,,3.2603,2.1023,available,,not_measured,managed,2.1023,1.550825,faster
a.sum() [method] (uint32),Reduction,uint32,1000,,0.0013,0.0009,available,,not_measured,managed,0.0009,1.444444,negligible
a.sum() [method] (uint32),Reduction,uint32,100000,,0.0319,0.0195,available,,not_measured,managed,0.0195,1.635897,faster
a.sum() [method] (uint32),Reduction,uint32,10000000,,4.0759,2.8411,available,,not_measured,managed,2.8411,1.43462,faster
a.sum() [method] (uint64),Reduction,uint64,1000,,0.001,0.0008,available,,not_measured,managed,0.0008,1.25,negligible
a.sum() [method] (uint64),Reduction,uint64,100000,,0.0166,0.0066,available,,not_measured,managed,0.0066,2.515152,faster
a.sum() [method] (uint64),Reduction,uint64,10000000,,4.8401,3.1011,available,,not_measured,managed,3.1011,1.560769,faster
a.sum() [method] (uint8),Reduction,uint8,1000,,0.0015,0.0008,available,,not_measured,managed,0.0008,1.875,negligible
a.sum() [method] (uint8),Reduction,uint8,100000,,0.0368,0.019,available,,not_measured,managed,0.019,1.936842,faster
a.sum() [method] (uint8),Reduction,uint8,10000000,,3.1043,1.8922,available,,not_measured,managed,1.8922,1.640577,faster
a.var() [method] (float16),Reduction,float16,1000,,0.0188,0.0043,available,,not_measured,managed,0.0043,4.372093,faster
a.var() [method] (float16),Reduction,float16,100000,,0.9035,0.2467,available,,not_measured,managed,0.2467,3.662343,faster
a.var() [method] (float16),Reduction,float16,10000000,,90.2486,18.4713,available,,not_measured,managed,18.4713,4.885882,faster
a.var() [method] (float32),Reduction,float32,1000,,0.0075,0.0008,available,,not_measured,managed,0.0008,9.375,negligible
a.var() [method] (float32),Reduction,float32,100000,,0.0496,0.0192,available,,not_measured,managed,0.0192,2.583333,faster
a.var() [method] (float32),Reduction,float32,10000000,,18.809,3.8988,available,,not_measured,managed,3.8988,4.824305,faster
a.var() [method] (float64),Reduction,float64,1000,,0.006,0.0011,available,,not_measured,managed,0.0011,5.454545,faster
a.var() [method] (float64),Reduction,float64,100000,,0.058,0.0366,available,,not_measured,managed,0.0366,1.584699,faster
a.var() [method] (float64),Reduction,float64,10000000,,39.5179,10.1773,available,,not_measured,managed,10.1773,3.882945,faster
np.amax (complex128),Reduction,complex128,1000,,0.003,0.0019,available,,not_measured,managed,0.0019,1.578947,faster
np.amax (complex128),Reduction,complex128,100000,,0.1473,0.1456,available,,not_measured,managed,0.1456,1.011676,close
np.amax (complex128),Reduction,complex128,10000000,,16.4972,14.0663,available,,not_measured,managed,14.0663,1.172817,faster
np.amax (float16),Reduction,float16,1000,,0.0036,0.0013,available,,not_measured,managed,0.0013,2.769231,faster
np.amax (float16),Reduction,float16,100000,,0.5151,0.4518,available,,not_measured,managed,0.4518,1.140106,faster
np.amax (float16),Reduction,float16,10000000,,50.2294,33.0509,available,,not_measured,managed,33.0509,1.519759,faster
np.amax (float32),Reduction,float32,1000,,0.0016,0.0008,available,,not_measured,managed,0.0008,2.0,negligible
np.amax (float32),Reduction,float32,100000,,0.0059,0.0091,available,,not_measured,managed,0.0091,0.648352,close
np.amax (float32),Reduction,float32,10000000,,1.6233,1.4771,available,,not_measured,managed,1.4771,1.098978,faster
np.amax (float64),Reduction,float64,1000,,0.0016,0.0008,available,,not_measured,managed,0.0008,2.0,negligible
np.amax (float64),Reduction,float64,100000,,0.01,0.0176,available,,not_measured,managed,0.0176,0.568182,close
np.amax (float64),Reduction,float64,10000000,,3.6234,4.0884,available,,not_measured,managed,4.0884,0.886264,close
np.amax (int16),Reduction,int16,1000,,0.0016,0.0008,available,,not_measured,managed,0.0008,2.0,negligible
np.amax (int16),Reduction,int16,100000,,0.0033,0.0016,available,,not_measured,managed,0.0016,2.0625,faster
np.amax (int16),Reduction,int16,10000000,,0.2888,0.7051,available,,not_measured,managed,0.7051,0.409587,slower
np.amax (int32),Reduction,int32,1000,,0.0016,0.0007,available,,not_measured,managed,0.0007,2.285714,negligible
np.amax (int32),Reduction,int32,100000,,0.0042,0.0023,available,,not_measured,managed,0.0023,1.826087,faster
np.amax (int32),Reduction,int32,10000000,,1.3009,4.2928,available,,not_measured,managed,4.2928,0.303042,slower
np.amax (int64),Reduction,int64,1000,,0.0017,0.0007,available,,not_measured,managed,0.0007,2.428571,negligible
np.amax (int64),Reduction,int64,100000,,0.0132,0.0298,available,,not_measured,managed,0.0298,0.442953,slower
np.amax (int64),Reduction,int64,10000000,,3.8064,9.6091,available,,not_measured,managed,9.6091,0.396125,slower
np.amax (int8),Reduction,int8,1000,,0.0021,0.0012,available,,not_measured,managed,0.0012,1.75,faster
np.amax (int8),Reduction,int8,100000,,0.0023,0.0013,available,,not_measured,managed,0.0013,1.769231,faster
np.amax (int8),Reduction,int8,10000000,,0.1502,0.2397,available,,not_measured,managed,0.2397,0.626617,close
np.amax (uint16),Reduction,uint16,1000,,0.0016,0.0008,available,,not_measured,managed,0.0008,2.0,negligible
np.amax (uint16),Reduction,uint16,100000,,0.003,0.0016,available,,not_measured,managed,0.0016,1.875,faster
np.amax (uint16),Reduction,uint16,10000000,,0.3229,0.6563,available,,not_measured,managed,0.6563,0.492001,slower
np.amax (uint32),Reduction,uint32,1000,,0.0017,0.0008,available,,not_measured,managed,0.0008,2.125,negligible
np.amax (uint32),Reduction,uint32,100000,,0.0042,0.0048,available,,not_measured,managed,0.0048,0.875,close
np.amax (uint32),Reduction,uint32,10000000,,1.032,3.6563,available,,not_measured,managed,3.6563,0.282253,slower
np.amax (uint64),Reduction,uint64,1000,,0.0023,0.0009,available,,not_measured,managed,0.0009,2.555556,negligible
np.amax (uint64),Reduction,uint64,100000,,0.012,0.0392,available,,not_measured,managed,0.0392,0.306122,slower
np.amax (uint64),Reduction,uint64,10000000,,3.7457,4.5504,available,,not_measured,managed,4.5504,0.823158,close
np.amax (uint8),Reduction,uint8,1000,,0.0017,0.0012,available,,not_measured,managed,0.0012,1.416667,faster
np.amax (uint8),Reduction,uint8,100000,,0.0023,0.0012,available,,not_measured,managed,0.0012,1.916667,faster
np.amax (uint8),Reduction,uint8,10000000,,0.1327,0.2409,available,,not_measured,managed,0.2409,0.550851,close
np.amax axis=0 (complex128),Reduction,complex128,1000,,0.0029,0.0031,available,,not_measured,managed,0.0031,0.935484,close
np.amax axis=0 (complex128),Reduction,complex128,100000,,0.1516,0.1948,available,,not_measured,managed,0.1948,0.778234,close
np.amax axis=0 (complex128),Reduction,complex128,10000000,,15.9655,13.9381,available,,not_measured,managed,13.9381,1.145457,faster
np.amax axis=0 (float16),Reduction,float16,1000,,0.004,0.0019,available,,not_measured,managed,0.0019,2.105263,faster
np.amax axis=0 (float16),Reduction,float16,100000,,0.4999,0.6672,available,,not_measured,managed,0.6672,0.749251,close
np.amax axis=0 (float16),Reduction,float16,10000000,,49.1516,84.4157,available,,not_measured,managed,84.4157,0.582257,close
np.amax axis=0 (float32),Reduction,float32,1000,,0.002,0.0008,available,,not_measured,managed,0.0008,2.5,negligible
np.amax axis=0 (float32),Reduction,float32,100000,,0.0096,0.0287,available,,not_measured,managed,0.0287,0.334495,slower
np.amax axis=0 (float32),Reduction,float32,10000000,,1.9612,2.1077,available,,not_measured,managed,2.1077,0.930493,close
np.amax axis=0 (float64),Reduction,float64,1000,,0.0021,0.0008,available,,not_measured,managed,0.0008,2.625,negligible
np.amax axis=0 (float64),Reduction,float64,100000,,0.0153,0.0561,available,,not_measured,managed,0.0561,0.272727,slower
np.amax axis=0 (float64),Reduction,float64,10000000,,4.1394,5.5064,available,,not_measured,managed,5.5064,0.751743,close
np.amax axis=0 (int16),Reduction,int16,1000,,0.0019,0.0008,available,,not_measured,managed,0.0008,2.375,negligible
np.amax axis=0 (int16),Reduction,int16,100000,,0.0065,0.0041,available,,not_measured,managed,0.0041,1.585366,faster
np.amax axis=0 (int16),Reduction,int16,10000000,,0.5267,1.862,available,,not_measured,managed,1.862,0.282868,slower
np.amax axis=0 (int32),Reduction,int32,1000,,0.0019,0.0008,available,,not_measured,managed,0.0008,2.375,negligible
np.amax axis=0 (int32),Reduction,int32,100000,,0.0088,0.0105,available,,not_measured,managed,0.0105,0.838095,close
np.amax axis=0 (int32),Reduction,int32,10000000,,1.3515,4.0301,available,,not_measured,managed,4.0301,0.335351,slower
np.amax axis=0 (int64),Reduction,int64,1000,,0.002,0.0009,available,,not_measured,managed,0.0009,2.222222,negligible
np.amax axis=0 (int64),Reduction,int64,100000,,0.0139,0.0295,available,,not_measured,managed,0.0295,0.471186,slower
np.amax axis=0 (int64),Reduction,int64,10000000,,4.2271,9.9613,available,,not_measured,managed,9.9613,0.424352,slower
np.amax axis=0 (int8),Reduction,int8,1000,,0.0019,0.0012,available,,not_measured,managed,0.0012,1.583333,faster
np.amax axis=0 (int8),Reduction,int8,100000,,0.0078,0.004,available,,not_measured,managed,0.004,1.95,faster
np.amax axis=0 (int8),Reduction,int8,10000000,,0.2005,0.3481,available,,not_measured,managed,0.3481,0.575984,close
np.amax axis=0 (uint16),Reduction,uint16,1000,,0.0019,0.0008,available,,not_measured,managed,0.0008,2.375,negligible
np.amax axis=0 (uint16),Reduction,uint16,100000,,0.0063,0.0037,available,,not_measured,managed,0.0037,1.702703,faster
np.amax axis=0 (uint16),Reduction,uint16,10000000,,0.4975,1.5303,available,,not_measured,managed,1.5303,0.3251,slower
np.amax axis=0 (uint32),Reduction,uint32,1000,,0.002,0.0008,available,,not_measured,managed,0.0008,2.5,negligible
np.amax axis=0 (uint32),Reduction,uint32,100000,,0.0086,0.0112,available,,not_measured,managed,0.0112,0.767857,close
np.amax axis=0 (uint32),Reduction,uint32,10000000,,1.6061,4.2247,available,,not_measured,managed,4.2247,0.380169,slower
np.amax axis=0 (uint64),Reduction,uint64,1000,,0.002,0.0009,available,,not_measured,managed,0.0009,2.222222,negligible
np.amax axis=0 (uint64),Reduction,uint64,100000,,0.0165,0.037,available,,not_measured,managed,0.037,0.445946,slower
np.amax axis=0 (uint64),Reduction,uint64,10000000,,4.2701,4.4919,available,,not_measured,managed,4.4919,0.950622,close
np.amax axis=0 (uint8),Reduction,uint8,1000,,0.0019,0.0011,available,,not_measured,managed,0.0011,1.727273,faster
np.amax axis=0 (uint8),Reduction,uint8,100000,,0.008,0.0031,available,,not_measured,managed,0.0031,2.580645,faster
np.amax axis=0 (uint8),Reduction,uint8,10000000,,0.2031,0.3421,available,,not_measured,managed,0.3421,0.593686,close
np.amin (complex128),Reduction,complex128,1000,,0.003,0.002,available,,not_measured,managed,0.002,1.5,faster
np.amin (complex128),Reduction,complex128,100000,,0.1501,0.1166,available,,not_measured,managed,0.1166,1.287307,faster
np.amin (complex128),Reduction,complex128,10000000,,16.924,14.4006,available,,not_measured,managed,14.4006,1.175229,faster
np.amin (float16),Reduction,float16,1000,,0.004,0.0013,available,,not_measured,managed,0.0013,3.076923,faster
np.amin (float16),Reduction,float16,100000,,0.5069,0.3057,available,,not_measured,managed,0.3057,1.658162,faster
np.amin (float16),Reduction,float16,10000000,,51.8403,31.4513,available,,not_measured,managed,31.4513,1.648272,faster
np.amin (float32),Reduction,float32,1000,,0.0016,0.0008,available,,not_measured,managed,0.0008,2.0,negligible
np.amin (float32),Reduction,float32,100000,,0.006,0.0035,available,,not_measured,managed,0.0035,1.714286,faster
np.amin (float32),Reduction,float32,10000000,,1.5904,1.7711,available,,not_measured,managed,1.7711,0.897973,close
np.amin (float64),Reduction,float64,1000,,0.0016,0.0008,available,,not_measured,managed,0.0008,2.0,negligible
np.amin (float64),Reduction,float64,100000,,0.0101,0.0076,available,,not_measured,managed,0.0076,1.328947,faster
np.amin (float64),Reduction,float64,10000000,,3.5891,3.6108,available,,not_measured,managed,3.6108,0.99399,close
np.amin (int16),Reduction,int16,1000,,0.0016,0.0007,available,,not_measured,managed,0.0007,2.285714,negligible
np.amin (int16),Reduction,int16,100000,,0.003,0.0016,available,,not_measured,managed,0.0016,1.875,faster
np.amin (int16),Reduction,int16,10000000,,0.3156,0.3612,available,,not_measured,managed,0.3612,0.873754,close
np.amin (int32),Reduction,int32,1000,,0.0019,0.0008,available,,not_measured,managed,0.0008,2.375,negligible
np.amin (int32),Reduction,int32,100000,,0.0047,0.0023,available,,not_measured,managed,0.0023,2.043478,faster
np.amin (int32),Reduction,int32,10000000,,1.1272,1.2932,available,,not_measured,managed,1.2932,0.871636,close
np.amin (int64),Reduction,int64,1000,,0.0018,0.0009,available,,not_measured,managed,0.0009,2.0,negligible
np.amin (int64),Reduction,int64,100000,,0.0099,0.008,available,,not_measured,managed,0.008,1.2375,faster
np.amin (int64),Reduction,int64,10000000,,4.171,3.9387,available,,not_measured,managed,3.9387,1.058979,faster
np.amin (int8),Reduction,int8,1000,,0.0016,0.0007,available,,not_measured,managed,0.0007,2.285714,negligible
np.amin (int8),Reduction,int8,100000,,0.0028,0.001,available,,not_measured,managed,0.001,2.8,faster
np.amin (int8),Reduction,int8,10000000,,0.1489,0.1477,available,,not_measured,managed,0.1477,1.008125,close
np.amin (uint16),Reduction,uint16,1000,,0.0016,0.0008,available,,not_measured,managed,0.0008,2.0,negligible
np.amin (uint16),Reduction,uint16,100000,,0.0037,0.0016,available,,not_measured,managed,0.0016,2.3125,faster
np.amin (uint16),Reduction,uint16,10000000,,0.3189,0.3787,available,,not_measured,managed,0.3787,0.842091,close
np.amin (uint32),Reduction,uint32,1000,,0.0016,0.001,available,,not_measured,managed,0.001,1.6,faster
np.amin (uint32),Reduction,uint32,100000,,0.0046,0.0033,available,,not_measured,managed,0.0033,1.393939,faster
np.amin (uint32),Reduction,uint32,10000000,,1.1172,1.3259,available,,not_measured,managed,1.3259,0.842597,close
np.amin (uint64),Reduction,uint64,1000,,0.0019,0.001,available,,not_measured,managed,0.001,1.9,faster
np.amin (uint64),Reduction,uint64,100000,,0.0127,0.0102,available,,not_measured,managed,0.0102,1.245098,faster
np.amin (uint64),Reduction,uint64,10000000,,3.7706,4.0308,available,,not_measured,managed,4.0308,0.935447,close
np.amin (uint8),Reduction,uint8,1000,,0.0016,0.0007,available,,not_measured,managed,0.0007,2.285714,negligible
np.amin (uint8),Reduction,uint8,100000,,0.0028,0.0013,available,,not_measured,managed,0.0013,2.153846,faster
np.amin (uint8),Reduction,uint8,10000000,,0.1328,0.1476,available,,not_measured,managed,0.1476,0.899729,close
np.amin axis=0 (complex128),Reduction,complex128,1000,,0.0029,0.0032,available,,not_measured,managed,0.0032,0.90625,close
np.amin axis=0 (complex128),Reduction,complex128,100000,,0.1506,0.1511,available,,not_measured,managed,0.1511,0.996691,close
np.amin axis=0 (complex128),Reduction,complex128,10000000,,16.1737,15.9933,available,,not_measured,managed,15.9933,1.01128,close
np.amin axis=0 (float16),Reduction,float16,1000,,0.0042,0.0019,available,,not_measured,managed,0.0019,2.210526,faster
np.amin axis=0 (float16),Reduction,float16,100000,,0.4732,0.506,available,,not_measured,managed,0.506,0.935178,close
np.amin axis=0 (float16),Reduction,float16,10000000,,46.5164,78.1015,available,,not_measured,managed,78.1015,0.595589,close
np.amin axis=0 (float32),Reduction,float32,1000,,0.0021,0.0009,available,,not_measured,managed,0.0009,2.333333,negligible
np.amin axis=0 (float32),Reduction,float32,100000,,0.0098,0.01,available,,not_measured,managed,0.01,0.98,close
np.amin axis=0 (float32),Reduction,float32,10000000,,1.9001,2.2498,available,,not_measured,managed,2.2498,0.844564,close
np.amin axis=0 (float64),Reduction,float64,1000,,0.0021,0.0011,available,,not_measured,managed,0.0011,1.909091,faster
np.amin axis=0 (float64),Reduction,float64,100000,,0.0153,0.0174,available,,not_measured,managed,0.0174,0.87931,close
np.amin axis=0 (float64),Reduction,float64,10000000,,4.0983,4.5676,available,,not_measured,managed,4.5676,0.897255,close
np.amin axis=0 (int16),Reduction,int16,1000,,0.0019,0.001,available,,not_measured,managed,0.001,1.9,faster
np.amin axis=0 (int16),Reduction,int16,100000,,0.0066,0.0038,available,,not_measured,managed,0.0038,1.736842,faster
np.amin axis=0 (int16),Reduction,int16,10000000,,0.5342,0.5419,available,,not_measured,managed,0.5419,0.985791,close
np.amin axis=0 (int32),Reduction,int32,1000,,0.0021,0.0009,available,,not_measured,managed,0.0009,2.333333,negligible
np.amin axis=0 (int32),Reduction,int32,100000,,0.0094,0.0056,available,,not_measured,managed,0.0056,1.678571,faster
np.amin axis=0 (int32),Reduction,int32,10000000,,1.4591,1.487,available,,not_measured,managed,1.487,0.981237,close
np.amin axis=0 (int64),Reduction,int64,1000,,0.002,0.001,available,,not_measured,managed,0.001,2.0,faster
np.amin axis=0 (int64),Reduction,int64,100000,,0.0149,0.0133,available,,not_measured,managed,0.0133,1.120301,faster
np.amin axis=0 (int64),Reduction,int64,10000000,,4.9511,3.915,available,,not_measured,managed,3.915,1.264649,faster
np.amin axis=0 (int8),Reduction,int8,1000,,0.0021,0.0009,available,,not_measured,managed,0.0009,2.333333,negligible
np.amin axis=0 (int8),Reduction,int8,100000,,0.0075,0.0039,available,,not_measured,managed,0.0039,1.923077,faster
np.amin axis=0 (int8),Reduction,int8,10000000,,0.2047,0.1726,available,,not_measured,managed,0.1726,1.185979,faster
np.amin axis=0 (uint16),Reduction,uint16,1000,,0.0019,0.0008,available,,not_measured,managed,0.0008,2.375,negligible
np.amin axis=0 (uint16),Reduction,uint16,100000,,0.0065,0.0037,available,,not_measured,managed,0.0037,1.756757,faster
np.amin axis=0 (uint16),Reduction,uint16,10000000,,0.5108,0.428,available,,not_measured,managed,0.428,1.193458,faster
np.amin axis=0 (uint32),Reduction,uint32,1000,,0.002,0.0009,available,,not_measured,managed,0.0009,2.222222,negligible
np.amin axis=0 (uint32),Reduction,uint32,100000,,0.0091,0.0056,available,,not_measured,managed,0.0056,1.625,faster
np.amin axis=0 (uint32),Reduction,uint32,10000000,,1.7268,2.0717,available,,not_measured,managed,2.0717,0.833518,close
np.amin axis=0 (uint64),Reduction,uint64,1000,,0.002,0.0012,available,,not_measured,managed,0.0012,1.666667,faster
np.amin axis=0 (uint64),Reduction,uint64,100000,,0.0165,0.0153,available,,not_measured,managed,0.0153,1.078431,faster
np.amin axis=0 (uint64),Reduction,uint64,10000000,,4.6222,4.3629,available,,not_measured,managed,4.3629,1.059433,faster
np.amin axis=0 (uint8),Reduction,uint8,1000,,0.0019,0.0008,available,,not_measured,managed,0.0008,2.375,negligible
np.amin axis=0 (uint8),Reduction,uint8,100000,,0.0071,0.0039,available,,not_measured,managed,0.0039,1.820513,faster
np.amin axis=0 (uint8),Reduction,uint8,10000000,,0.203,0.1764,available,,not_measured,managed,0.1764,1.150794,faster
np.argmax (complex128),Reduction,complex128,1000,,0.0019,0.0023,available,,not_measured,managed,0.0023,0.826087,close
np.argmax (complex128),Reduction,complex128,100000,,0.1153,0.1482,available,,not_measured,managed,0.1482,0.778003,close
np.argmax (complex128),Reduction,complex128,10000000,,13.9974,19.8474,available,,not_measured,managed,19.8474,0.705251,close
np.argmax (float16),Reduction,float16,1000,,0.0029,0.003,available,,not_measured,managed,0.003,0.966667,close
np.argmax (float16),Reduction,float16,100000,,0.4366,0.2256,available,,not_measured,managed,0.2256,1.935284,faster
np.argmax (float16),Reduction,float16,10000000,,44.1341,22.5409,available,,not_measured,managed,22.5409,1.957956,faster
np.argmax (float32),Reduction,float32,1000,,0.0009,0.0014,available,,not_measured,managed,0.0014,0.642857,negligible
np.argmax (float32),Reduction,float32,100000,,0.0088,0.0583,available,,not_measured,managed,0.0583,0.150943,much_slower
np.argmax (float32),Reduction,float32,10000000,,2.0315,6.5028,available,,not_measured,managed,6.5028,0.312404,slower
np.argmax (float64),Reduction,float64,1000,,0.001,0.0013,available,,not_measured,managed,0.0013,0.769231,close
np.argmax (float64),Reduction,float64,100000,,0.0162,0.0599,available,,not_measured,managed,0.0599,0.270451,slower
np.argmax (float64),Reduction,float64,10000000,,4.591,9.2697,available,,not_measured,managed,9.2697,0.49527,slower
np.argmax (int16),Reduction,int16,1000,,0.001,0.0013,available,,not_measured,managed,0.0013,0.769231,close
np.argmax (int16),Reduction,int16,100000,,0.0038,0.0033,available,,not_measured,managed,0.0033,1.151515,faster
np.argmax (int16),Reduction,int16,10000000,,0.4255,0.8026,available,,not_measured,managed,0.8026,0.530152,close
np.argmax (int32),Reduction,int32,1000,,0.0009,0.0009,available,,not_measured,managed,0.0009,1.0,negligible
np.argmax (int32),Reduction,int32,100000,,0.0063,0.006,available,,not_measured,managed,0.006,1.05,faster
np.argmax (int32),Reduction,int32,10000000,,2.0032,3.6697,available,,not_measured,managed,3.6697,0.545876,close
np.argmax (int64),Reduction,int64,1000,,0.0009,0.0013,available,,not_measured,managed,0.0013,0.692308,negligible
np.argmax (int64),Reduction,int64,100000,,0.0144,0.0549,available,,not_measured,managed,0.0549,0.262295,slower
np.argmax (int64),Reduction,int64,10000000,,4.742,9.1638,available,,not_measured,managed,9.1638,0.517471,close
np.argmax (int8),Reduction,int8,1000,,0.001,0.0013,available,,not_measured,managed,0.0013,0.769231,close
np.argmax (int8),Reduction,int8,100000,,0.0024,0.002,available,,not_measured,managed,0.002,1.2,faster
np.argmax (int8),Reduction,int8,10000000,,0.1567,0.2514,available,,not_measured,managed,0.2514,0.623309,close
np.argmax (uint16),Reduction,uint16,1000,,0.001,0.0013,available,,not_measured,managed,0.0013,0.769231,close
np.argmax (uint16),Reduction,uint16,100000,,0.005,0.0033,available,,not_measured,managed,0.0033,1.515152,faster
np.argmax (uint16),Reduction,uint16,10000000,,0.5327,0.6969,available,,not_measured,managed,0.6969,0.764385,close
np.argmax (uint32),Reduction,uint32,1000,,0.0009,0.0012,available,,not_measured,managed,0.0012,0.75,negligible
np.argmax (uint32),Reduction,uint32,100000,,0.0089,0.0058,available,,not_measured,managed,0.0058,1.534483,faster
np.argmax (uint32),Reduction,uint32,10000000,,1.9051,4.0151,available,,not_measured,managed,4.0151,0.474484,slower
np.argmax (uint64),Reduction,uint64,1000,,0.001,0.0014,available,,not_measured,managed,0.0014,0.714286,close
np.argmax (uint64),Reduction,uint64,100000,,0.0172,0.0627,available,,not_measured,managed,0.0627,0.274322,slower
np.argmax (uint64),Reduction,uint64,10000000,,4.4801,9.0844,available,,not_measured,managed,9.0844,0.493164,slower
np.argmax (uint8),Reduction,uint8,1000,,0.0011,0.0013,available,,not_measured,managed,0.0013,0.846154,close
np.argmax (uint8),Reduction,uint8,100000,,0.003,0.0019,available,,not_measured,managed,0.0019,1.578947,faster
np.argmax (uint8),Reduction,uint8,10000000,,0.2283,0.259,available,,not_measured,managed,0.259,0.881467,close
np.argmin (complex128),Reduction,complex128,1000,,0.0019,0.0022,available,,not_measured,managed,0.0022,0.863636,close
np.argmin (complex128),Reduction,complex128,100000,,0.1206,0.1471,available,,not_measured,managed,0.1471,0.81985,close
np.argmin (complex128),Reduction,complex128,10000000,,14.1479,14.1414,available,,not_measured,managed,14.1414,1.00046,close
np.argmin (float16),Reduction,float16,1000,,0.0028,0.0029,available,,not_measured,managed,0.0029,0.965517,close
np.argmin (float16),Reduction,float16,100000,,0.4184,0.2194,available,,not_measured,managed,0.2194,1.907019,faster
np.argmin (float16),Reduction,float16,10000000,,42.007,14.2288,available,,not_measured,managed,14.2288,2.952252,faster
np.argmin (float32),Reduction,float32,1000,,0.0009,0.0014,available,,not_measured,managed,0.0014,0.642857,negligible
np.argmin (float32),Reduction,float32,100000,,0.0085,0.0583,available,,not_measured,managed,0.0583,0.145798,much_slower
np.argmin (float32),Reduction,float32,10000000,,2.054,6.6478,available,,not_measured,managed,6.6478,0.308974,slower
np.argmin (float64),Reduction,float64,1000,,0.001,0.0013,available,,not_measured,managed,0.0013,0.769231,close
np.argmin (float64),Reduction,float64,100000,,0.0163,0.059,available,,not_measured,managed,0.059,0.276271,slower
np.argmin (float64),Reduction,float64,10000000,,4.508,9.6821,available,,not_measured,managed,9.6821,0.465601,slower
np.argmin (int16),Reduction,int16,1000,,0.0009,0.0012,available,,not_measured,managed,0.0012,0.75,negligible
np.argmin (int16),Reduction,int16,100000,,0.0035,0.0036,available,,not_measured,managed,0.0036,0.972222,close
np.argmin (int16),Reduction,int16,10000000,,0.4562,0.7009,available,,not_measured,managed,0.7009,0.650877,close
np.argmin (int32),Reduction,int32,1000,,0.0008,0.0012,available,,not_measured,managed,0.0012,0.666667,negligible
np.argmin (int32),Reduction,int32,100000,,0.0057,0.0058,available,,not_measured,managed,0.0058,0.982759,close
np.argmin (int32),Reduction,int32,10000000,,1.9715,3.9569,available,,not_measured,managed,3.9569,0.498244,slower
np.argmin (int64),Reduction,int64,1000,,0.0009,0.0012,available,,not_measured,managed,0.0012,0.75,negligible
np.argmin (int64),Reduction,int64,100000,,0.0146,0.0535,available,,not_measured,managed,0.0535,0.272897,slower
np.argmin (int64),Reduction,int64,10000000,,4.9237,9.8948,available,,not_measured,managed,9.8948,0.497605,slower
np.argmin (int8),Reduction,int8,1000,,0.0011,0.0012,available,,not_measured,managed,0.0012,0.916667,close
np.argmin (int8),Reduction,int8,100000,,0.0022,0.0024,available,,not_measured,managed,0.0024,0.916667,close
np.argmin (int8),Reduction,int8,10000000,,0.1628,0.2529,available,,not_measured,managed,0.2529,0.643733,close
np.argmin (uint16),Reduction,uint16,1000,,0.0009,0.0012,available,,not_measured,managed,0.0012,0.75,negligible
np.argmin (uint16),Reduction,uint16,100000,,0.005,0.0032,available,,not_measured,managed,0.0032,1.5625,faster
np.argmin (uint16),Reduction,uint16,10000000,,0.651,0.6806,available,,not_measured,managed,0.6806,0.956509,close
np.argmin (uint32),Reduction,uint32,1000,,0.0009,0.0012,available,,not_measured,managed,0.0012,0.75,negligible
np.argmin (uint32),Reduction,uint32,100000,,0.0088,0.006,available,,not_measured,managed,0.006,1.466667,faster
np.argmin (uint32),Reduction,uint32,10000000,,1.975,3.9563,available,,not_measured,managed,3.9563,0.499204,slower
np.argmin (uint64),Reduction,uint64,1000,,0.001,0.0013,available,,not_measured,managed,0.0013,0.769231,close
np.argmin (uint64),Reduction,uint64,100000,,0.0175,0.0617,available,,not_measured,managed,0.0617,0.28363,slower
np.argmin (uint64),Reduction,uint64,10000000,,4.7407,9.4625,available,,not_measured,managed,9.4625,0.500999,close
np.argmin (uint8),Reduction,uint8,1000,,0.0009,0.0012,available,,not_measured,managed,0.0012,0.75,negligible
np.argmin (uint8),Reduction,uint8,100000,,0.0031,0.0023,available,,not_measured,managed,0.0023,1.347826,faster
np.argmin (uint8),Reduction,uint8,10000000,,0.2191,0.2543,available,,not_measured,managed,0.2543,0.861581,close
np.cumprod(a) (float16),Reduction,float16,1000,,0.006,0.0099,available,,not_measured,managed,0.0099,0.606061,close
np.cumprod(a) (float16),Reduction,float16,100000,,0.4105,0.9687,available,,not_measured,managed,0.9687,0.423764,slower
np.cumprod(a) (float16),Reduction,float16,10000000,,47.1185,95.2685,available,,not_measured,managed,95.2685,0.494586,slower
np.cumprod(a) (float32),Reduction,float32,1000,,0.0037,0.0032,available,,not_measured,managed,0.0032,1.15625,faster
np.cumprod(a) (float32),Reduction,float32,100000,,0.1674,0.1161,available,,not_measured,managed,0.1161,1.44186,faster
np.cumprod(a) (float32),Reduction,float32,10000000,,39.5825,10.2345,available,,not_measured,managed,10.2345,3.867556,faster
np.cumprod(a) (float64),Reduction,float64,1000,,0.0035,0.0041,available,,not_measured,managed,0.0041,0.853659,close
np.cumprod(a) (float64),Reduction,float64,100000,,0.1683,0.1497,available,,not_measured,managed,0.1497,1.124248,faster
np.cumprod(a) (float64),Reduction,float64,10000000,,24.6732,14.0385,available,,not_measured,managed,14.0385,1.757538,faster
np.cumsum (complex128),Reduction,complex128,1000,,0.0031,0.0038,available,,not_measured,managed,0.0038,0.815789,close
np.cumsum (complex128),Reduction,complex128,100000,,0.3818,0.2418,available,,not_measured,managed,0.2418,1.578991,faster
np.cumsum (complex128),Reduction,complex128,10000000,,35.4071,27.706,available,,not_measured,managed,27.706,1.277958,faster
np.cumsum (float16),Reduction,float16,1000,,0.0064,0.0098,available,,not_measured,managed,0.0098,0.653061,close
np.cumsum (float16),Reduction,float16,100000,,0.4815,0.9881,available,,not_measured,managed,0.9881,0.487299,slower
np.cumsum (float16),Reduction,float16,10000000,,49.4649,94.8567,available,,not_measured,managed,94.8567,0.52147,close
np.cumsum (float32),Reduction,float32,1000,,0.0028,0.0012,available,,not_measured,managed,0.0012,2.333333,faster
np.cumsum (float32),Reduction,float32,100000,,0.161,0.0774,available,,not_measured,managed,0.0774,2.080103,faster
np.cumsum (float32),Reduction,float32,10000000,,24.455,8.9004,available,,not_measured,managed,8.9004,2.747629,faster
np.cumsum (float64),Reduction,float64,1000,,0.003,0.0021,available,,not_measured,managed,0.0021,1.428571,faster
np.cumsum (float64),Reduction,float64,100000,,0.1661,0.1261,available,,not_measured,managed,0.1261,1.317209,faster
np.cumsum (float64),Reduction,float64,10000000,,32.7917,13.357,available,,not_measured,managed,13.357,2.45502,faster
np.cumsum (int16),Reduction,int16,1000,,0.0025,0.0026,available,,not_measured,managed,0.0026,0.961538,close
np.cumsum (int16),Reduction,int16,100000,,0.3274,0.1181,available,,not_measured,managed,0.1181,2.772227,faster
np.cumsum (int16),Reduction,int16,10000000,,29.0462,11.6795,available,,not_measured,managed,11.6795,2.486939,faster
np.cumsum (int32),Reduction,int32,1000,,0.0025,0.002,available,,not_measured,managed,0.002,1.25,faster
np.cumsum (int32),Reduction,int32,100000,,0.3275,0.1244,available,,not_measured,managed,0.1244,2.632637,faster
np.cumsum (int32),Reduction,int32,10000000,,29.4146,13.1607,available,,not_measured,managed,13.1607,2.235033,faster
np.cumsum (int64),Reduction,int64,1000,,0.0016,0.0019,available,,not_measured,managed,0.0019,0.842105,close
np.cumsum (int64),Reduction,int64,100000,,0.0297,0.157,available,,not_measured,managed,0.157,0.189172,much_slower
np.cumsum (int64),Reduction,int64,10000000,,17.5745,14.7734,available,,not_measured,managed,14.7734,1.189604,faster
np.cumsum (int8),Reduction,int8,1000,,0.0027,0.0031,available,,not_measured,managed,0.0031,0.870968,close
np.cumsum (int8),Reduction,int8,100000,,0.2977,0.1306,available,,not_measured,managed,0.1306,2.279479,faster
np.cumsum (int8),Reduction,int8,10000000,,28.97,11.7362,available,,not_measured,managed,11.7362,2.468431,faster
np.cumsum (uint16),Reduction,uint16,1000,,0.0026,0.0022,available,,not_measured,managed,0.0022,1.181818,faster
np.cumsum (uint16),Reduction,uint16,100000,,0.3171,0.1461,available,,not_measured,managed,0.1461,2.170431,faster
np.cumsum (uint16),Reduction,uint16,10000000,,28.3227,10.9433,available,,not_measured,managed,10.9433,2.588132,faster
np.cumsum (uint32),Reduction,uint32,1000,,0.0024,0.0015,available,,not_measured,managed,0.0015,1.6,faster
np.cumsum (uint32),Reduction,uint32,100000,,0.3293,0.1248,available,,not_measured,managed,0.1248,2.638622,faster
np.cumsum (uint32),Reduction,uint32,10000000,,29.1644,12.0493,available,,not_measured,managed,12.0493,2.420423,faster
np.cumsum (uint64),Reduction,uint64,1000,,0.0017,0.0015,available,,not_measured,managed,0.0015,1.133333,faster
np.cumsum (uint64),Reduction,uint64,100000,,0.0307,0.1352,available,,not_measured,managed,0.1352,0.227071,slower
np.cumsum (uint64),Reduction,uint64,10000000,,15.8365,13.5145,available,,not_measured,managed,13.5145,1.171815,faster
np.cumsum (uint8),Reduction,uint8,1000,,0.0026,0.0026,available,,not_measured,managed,0.0026,1.0,close
np.cumsum (uint8),Reduction,uint8,100000,,0.3124,0.1335,available,,not_measured,managed,0.1335,2.340075,faster
np.cumsum (uint8),Reduction,uint8,10000000,,28.0622,11.2758,available,,not_measured,managed,11.2758,2.48871,faster
np.max (complex128),Reduction,complex128,1000,,0.0032,0.0016,available,,not_measured,managed,0.0016,2.0,faster
np.max (complex128),Reduction,complex128,100000,,0.1477,0.1424,available,,not_measured,managed,0.1424,1.037219,close
np.max (complex128),Reduction,complex128,10000000,,16.68,20.2501,available,,not_measured,managed,20.2501,0.8237,close
np.max (float16),Reduction,float16,1000,,0.0036,0.0013,available,,not_measured,managed,0.0013,2.769231,faster
np.max (float16),Reduction,float16,100000,,0.5018,0.444,available,,not_measured,managed,0.444,1.13018,faster
np.max (float16),Reduction,float16,10000000,,50.4657,47.0745,available,,not_measured,managed,47.0745,1.072039,faster
np.max (float32),Reduction,float32,1000,,0.0016,0.0008,available,,not_measured,managed,0.0008,2.0,negligible
np.max (float32),Reduction,float32,100000,,0.0058,0.0092,available,,not_measured,managed,0.0092,0.630435,close
np.max (float32),Reduction,float32,10000000,,1.6659,4.513,available,,not_measured,managed,4.513,0.369134,slower
np.max (float64),Reduction,float64,1000,,0.0017,0.0007,available,,not_measured,managed,0.0007,2.428571,negligible
np.max (float64),Reduction,float64,100000,,0.01,0.0175,available,,not_measured,managed,0.0175,0.571429,close
np.max (float64),Reduction,float64,10000000,,3.5132,8.6328,available,,not_measured,managed,8.6328,0.40696,slower
np.max (int16),Reduction,int16,1000,,0.0016,0.0007,available,,not_measured,managed,0.0007,2.285714,negligible
np.max (int16),Reduction,int16,100000,,0.003,0.0016,available,,not_measured,managed,0.0016,1.875,faster
np.max (int16),Reduction,int16,10000000,,0.3032,0.6097,available,,not_measured,managed,0.6097,0.497294,slower
np.max (int32),Reduction,int32,1000,,0.0016,0.0008,available,,not_measured,managed,0.0008,2.0,negligible
np.max (int32),Reduction,int32,100000,,0.0042,0.0023,available,,not_measured,managed,0.0023,1.826087,faster
np.max (int32),Reduction,int32,10000000,,1.294,3.9465,available,,not_measured,managed,3.9465,0.327885,slower
np.max (int64),Reduction,int64,1000,,0.0017,0.0008,available,,not_measured,managed,0.0008,2.125,negligible
np.max (int64),Reduction,int64,100000,,0.009,0.018,available,,not_measured,managed,0.018,0.5,close
np.max (int64),Reduction,int64,10000000,,4.7563,9.1844,available,,not_measured,managed,9.1844,0.517867,close
np.max (int8),Reduction,int8,1000,,0.0015,0.0008,available,,not_measured,managed,0.0008,1.875,negligible
np.max (int8),Reduction,int8,100000,,0.0023,0.001,available,,not_measured,managed,0.001,2.3,faster
np.max (int8),Reduction,int8,10000000,,0.1388,0.2425,available,,not_measured,managed,0.2425,0.572371,close
np.max (uint16),Reduction,uint16,1000,,0.0016,0.0006,available,,not_measured,managed,0.0006,2.666667,negligible
np.max (uint16),Reduction,uint16,100000,,0.003,0.0016,available,,not_measured,managed,0.0016,1.875,faster
np.max (uint16),Reduction,uint16,10000000,,0.3155,0.6303,available,,not_measured,managed,0.6303,0.500555,close
np.max (uint32),Reduction,uint32,1000,,0.0016,0.0009,available,,not_measured,managed,0.0009,1.777778,negligible
np.max (uint32),Reduction,uint32,100000,,0.0042,0.0033,available,,not_measured,managed,0.0033,1.272727,faster
np.max (uint32),Reduction,uint32,10000000,,1.0881,3.7798,available,,not_measured,managed,3.7798,0.287872,slower
np.max (uint64),Reduction,uint64,1000,,0.0017,0.0008,available,,not_measured,managed,0.0008,2.125,negligible
np.max (uint64),Reduction,uint64,100000,,0.0124,0.0385,available,,not_measured,managed,0.0385,0.322078,slower
np.max (uint64),Reduction,uint64,10000000,,3.7858,8.625,available,,not_measured,managed,8.625,0.438933,slower
np.max (uint8),Reduction,uint8,1000,,0.0016,0.0008,available,,not_measured,managed,0.0008,2.0,negligible
np.max (uint8),Reduction,uint8,100000,,0.0024,0.0013,available,,not_measured,managed,0.0013,1.846154,faster
np.max (uint8),Reduction,uint8,10000000,,0.1186,0.2427,available,,not_measured,managed,0.2427,0.488669,slower
np.mean (complex128),Reduction,complex128,1000,,0.0027,0.0018,available,,not_measured,managed,0.0018,1.5,faster
np.mean (complex128),Reduction,complex128,100000,,0.0338,0.0227,available,,not_measured,managed,0.0227,1.488987,faster
np.mean (complex128),Reduction,complex128,10000000,,9.1959,16.2303,available,,not_measured,managed,16.2303,0.566588,close
np.mean (float16),Reduction,float16,1000,,0.0048,0.0022,available,,not_measured,managed,0.0022,2.181818,faster
np.mean (float16),Reduction,float16,100000,,0.1045,0.1665,available,,not_measured,managed,0.1665,0.627628,close
np.mean (float16),Reduction,float16,10000000,,9.9615,16.3238,available,,not_measured,managed,16.3238,0.610244,close
np.mean (float32),Reduction,float32,1000,,0.0037,0.0009,available,,not_measured,managed,0.0009,4.111111,negligible
np.mean (float32),Reduction,float32,100000,,0.0173,0.0048,available,,not_measured,managed,0.0048,3.604167,faster
np.mean (float32),Reduction,float32,10000000,,3.0174,3.3511,available,,not_measured,managed,3.3511,0.900421,close
np.mean (float64),Reduction,float64,1000,,0.0024,0.0014,available,,not_measured,managed,0.0014,1.714286,faster
np.mean (float64),Reduction,float64,100000,,0.0182,0.0097,available,,not_measured,managed,0.0097,1.876289,faster
np.mean (float64),Reduction,float64,10000000,,5.1957,8.0379,available,,not_measured,managed,8.0379,0.6464,close
np.mean (int16),Reduction,int16,1000,,0.0031,0.0013,available,,not_measured,managed,0.0013,2.384615,faster
np.mean (int16),Reduction,int16,100000,,0.054,0.0459,available,,not_measured,managed,0.0459,1.176471,faster
np.mean (int16),Reduction,int16,10000000,,5.0284,4.6005,available,,not_measured,managed,4.6005,1.093012,faster
np.mean (int32),Reduction,int32,1000,,0.0031,0.0017,available,,not_measured,managed,0.0017,1.823529,faster
np.mean (int32),Reduction,int32,100000,,0.0433,0.0456,available,,not_measured,managed,0.0456,0.949561,close
np.mean (int32),Reduction,int32,10000000,,4.662,5.7313,available,,not_measured,managed,5.7313,0.813428,close
np.mean (int64),Reduction,int64,1000,,0.0029,0.0014,available,,not_measured,managed,0.0014,2.071429,faster
np.mean (int64),Reduction,int64,100000,,0.0342,0.0094,available,,not_measured,managed,0.0094,3.638298,faster
np.mean (int64),Reduction,int64,10000000,,6.4645,8.0662,available,,not_measured,managed,8.0662,0.801431,close
np.mean (int8),Reduction,int8,1000,,0.0033,0.0012,available,,not_measured,managed,0.0012,2.75,faster
np.mean (int8),Reduction,int8,100000,,0.0521,0.046,available,,not_measured,managed,0.046,1.132609,faster
np.mean (int8),Reduction,int8,10000000,,5.0248,4.7465,available,,not_measured,managed,4.7465,1.058633,faster
np.mean (uint16),Reduction,uint16,1000,,0.0031,0.0011,available,,not_measured,managed,0.0011,2.818182,faster
np.mean (uint16),Reduction,uint16,100000,,0.0522,0.0397,available,,not_measured,managed,0.0397,1.314861,faster
np.mean (uint16),Reduction,uint16,10000000,,5.102,4.4259,available,,not_measured,managed,4.4259,1.15276,faster
np.mean (uint32),Reduction,uint32,1000,,0.003,0.0016,available,,not_measured,managed,0.0016,1.875,faster
np.mean (uint32),Reduction,uint32,100000,,0.0403,0.0397,available,,not_measured,managed,0.0397,1.015113,close
np.mean (uint32),Reduction,uint32,10000000,,4.5987,5.3677,available,,not_measured,managed,5.3677,0.856736,close
np.mean (uint64),Reduction,uint64,1000,,0.003,0.0019,available,,not_measured,managed,0.0019,1.578947,faster
np.mean (uint64),Reduction,uint64,100000,,0.0541,0.0097,available,,not_measured,managed,0.0097,5.57732,faster
np.mean (uint64),Reduction,uint64,10000000,,7.3354,7.7581,available,,not_measured,managed,7.7581,0.945515,close
np.mean (uint8),Reduction,uint8,1000,,0.0031,0.0021,available,,not_measured,managed,0.0021,1.47619,faster
np.mean (uint8),Reduction,uint8,100000,,0.0519,0.0412,available,,not_measured,managed,0.0412,1.259709,faster
np.mean (uint8),Reduction,uint8,10000000,,4.9611,3.7156,available,,not_measured,managed,3.7156,1.335208,faster
np.mean axis=0 (complex128),Reduction,complex128,1000,,0.0034,0.0028,available,,not_measured,managed,0.0028,1.214286,faster
np.mean axis=0 (complex128),Reduction,complex128,100000,,0.0181,0.0476,available,,not_measured,managed,0.0476,0.380252,slower
np.mean axis=0 (complex128),Reduction,complex128,10000000,,7.3488,16.9882,available,,not_measured,managed,16.9882,0.432583,slower
np.mean axis=0 (float16),Reduction,float16,1000,,0.0053,0.0036,available,,not_measured,managed,0.0036,1.472222,faster
np.mean axis=0 (float16),Reduction,float16,100000,,0.0768,0.2891,available,,not_measured,managed,0.2891,0.265652,slower
np.mean axis=0 (float16),Reduction,float16,10000000,,7.3316,27.4741,available,,not_measured,managed,27.4741,0.266855,slower
np.mean axis=0 (float32),Reduction,float32,1000,,0.0038,0.0022,available,,not_measured,managed,0.0022,1.727273,faster
np.mean axis=0 (float32),Reduction,float32,100000,,0.0099,0.0102,available,,not_measured,managed,0.0102,0.970588,close
np.mean axis=0 (float32),Reduction,float32,10000000,,1.6874,3.9723,available,,not_measured,managed,3.9723,0.424792,slower
np.mean axis=0 (float64),Reduction,float64,1000,,0.003,0.002,available,,not_measured,managed,0.002,1.5,faster
np.mean axis=0 (float64),Reduction,float64,100000,,0.0151,0.0161,available,,not_measured,managed,0.0161,0.937888,close
np.mean axis=0 (float64),Reduction,float64,10000000,,3.7221,8.448,available,,not_measured,managed,8.448,0.440589,slower
np.mean axis=0 (int16),Reduction,int16,1000,,0.0042,0.0009,available,,not_measured,managed,0.0009,4.666667,negligible
np.mean axis=0 (int16),Reduction,int16,100000,,0.0525,0.0087,available,,not_measured,managed,0.0087,6.034483,faster
np.mean axis=0 (int16),Reduction,int16,10000000,,5.1185,2.0976,available,,not_measured,managed,2.0976,2.44017,faster
np.mean axis=0 (int32),Reduction,int32,1000,,0.0043,0.0009,available,,not_measured,managed,0.0009,4.777778,negligible
np.mean axis=0 (int32),Reduction,int32,100000,,0.0346,0.008,available,,not_measured,managed,0.008,4.325,faster
np.mean axis=0 (int32),Reduction,int32,10000000,,4.6084,4.1692,available,,not_measured,managed,4.1692,1.105344,faster
np.mean axis=0 (int64),Reduction,int64,1000,,0.0038,0.0014,available,,not_measured,managed,0.0014,2.714286,faster
np.mean axis=0 (int64),Reduction,int64,100000,,0.0302,0.0623,available,,not_measured,managed,0.0623,0.484751,slower
np.mean axis=0 (int64),Reduction,int64,10000000,,6.1074,120.9824,available,,not_measured,managed,120.9824,0.050482,much_slower
np.mean axis=0 (int8),Reduction,int8,1000,,0.004,0.0009,available,,not_measured,managed,0.0009,4.444444,negligible
np.mean axis=0 (int8),Reduction,int8,100000,,0.0481,0.0085,available,,not_measured,managed,0.0085,5.658824,faster
np.mean axis=0 (int8),Reduction,int8,10000000,,5.1484,1.9052,available,,not_measured,managed,1.9052,2.702288,faster
np.mean axis=0 (uint16),Reduction,uint16,1000,,0.0041,0.0008,available,,not_measured,managed,0.0008,5.125,negligible
np.mean axis=0 (uint16),Reduction,uint16,100000,,0.0507,0.0086,available,,not_measured,managed,0.0086,5.895349,faster
np.mean axis=0 (uint16),Reduction,uint16,10000000,,5.1106,2.2646,available,,not_measured,managed,2.2646,2.256734,faster
np.mean axis=0 (uint32),Reduction,uint32,1000,,0.004,0.0009,available,,not_measured,managed,0.0009,4.444444,negligible
np.mean axis=0 (uint32),Reduction,uint32,100000,,0.0361,0.0095,available,,not_measured,managed,0.0095,3.8,faster
np.mean axis=0 (uint32),Reduction,uint32,10000000,,4.5979,5.1473,available,,not_measured,managed,5.1473,0.893264,close
np.mean axis=0 (uint64),Reduction,uint64,1000,,0.0042,0.0017,available,,not_measured,managed,0.0017,2.470588,faster
np.mean axis=0 (uint64),Reduction,uint64,100000,,0.0477,0.0924,available,,not_measured,managed,0.0924,0.516234,close
np.mean axis=0 (uint64),Reduction,uint64,10000000,,7.1244,123.7309,available,,not_measured,managed,123.7309,0.05758,much_slower
np.mean axis=0 (uint8),Reduction,uint8,1000,,0.0039,0.0009,available,,not_measured,managed,0.0009,4.333333,negligible
np.mean axis=0 (uint8),Reduction,uint8,100000,,0.049,0.0085,available,,not_measured,managed,0.0085,5.764706,faster
np.mean axis=0 (uint8),Reduction,uint8,10000000,,5.1293,1.8241,available,,not_measured,managed,1.8241,2.811962,faster
np.mean axis=1 (complex128),Reduction,complex128,1000,,0.0032,0.0027,available,,not_measured,managed,0.0027,1.185185,faster
np.mean axis=1 (complex128),Reduction,complex128,100000,,0.0335,0.0538,available,,not_measured,managed,0.0538,0.622677,close
np.mean axis=1 (complex128),Reduction,complex128,10000000,,8.2903,18.5322,available,,not_measured,managed,18.5322,0.447346,slower
np.mean axis=1 (float16),Reduction,float16,1000,,0.0051,0.0042,available,,not_measured,managed,0.0042,1.214286,faster
np.mean axis=1 (float16),Reduction,float16,100000,,0.0838,0.2809,available,,not_measured,managed,0.2809,0.298327,slower
np.mean axis=1 (float16),Reduction,float16,10000000,,7.9635,26.2373,available,,not_measured,managed,26.2373,0.303518,slower
np.mean axis=1 (float32),Reduction,float32,1000,,0.0037,0.0022,available,,not_measured,managed,0.0022,1.681818,faster
np.mean axis=1 (float32),Reduction,float32,100000,,0.0189,0.0135,available,,not_measured,managed,0.0135,1.4,faster
np.mean axis=1 (float32),Reduction,float32,10000000,,3.2276,3.8867,available,,not_measured,managed,3.8867,0.830422,close
np.mean axis=1 (float64),Reduction,float64,1000,,0.003,0.0024,available,,not_measured,managed,0.0024,1.25,faster
np.mean axis=1 (float64),Reduction,float64,100000,,0.0208,0.0156,available,,not_measured,managed,0.0156,1.333333,faster
np.mean axis=1 (float64),Reduction,float64,10000000,,5.1947,8.856,available,,not_measured,managed,8.856,0.586574,close
np.mean axis=1 (int16),Reduction,int16,1000,,0.0036,0.0008,available,,not_measured,managed,0.0008,4.5,negligible
np.mean axis=1 (int16),Reduction,int16,100000,,0.0581,0.0081,available,,not_measured,managed,0.0081,7.17284,faster
np.mean axis=1 (int16),Reduction,int16,10000000,,5.1504,2.1316,available,,not_measured,managed,2.1316,2.416213,faster
np.mean axis=1 (int32),Reduction,int32,1000,,0.0035,0.0008,available,,not_measured,managed,0.0008,4.375,negligible
np.mean axis=1 (int32),Reduction,int32,100000,,0.043,0.0049,available,,not_measured,managed,0.0049,8.77551,faster
np.mean axis=1 (int32),Reduction,int32,10000000,,4.6198,4.0947,available,,not_measured,managed,4.0947,1.128239,faster
np.mean axis=1 (int64),Reduction,int64,1000,,0.0035,0.0014,available,,not_measured,managed,0.0014,2.5,faster
np.mean axis=1 (int64),Reduction,int64,100000,,0.0396,0.0606,available,,not_measured,managed,0.0606,0.653465,close
np.mean axis=1 (int64),Reduction,int64,10000000,,6.1586,14.9375,available,,not_measured,managed,14.9375,0.412291,slower
np.mean axis=1 (int8),Reduction,int8,1000,,0.0037,0.0009,available,,not_measured,managed,0.0009,4.111111,negligible
np.mean axis=1 (int8),Reduction,int8,100000,,0.0629,0.0081,available,,not_measured,managed,0.0081,7.765432,faster
np.mean axis=1 (int8),Reduction,int8,10000000,,5.1241,1.8158,available,,not_measured,managed,1.8158,2.821952,faster
np.mean axis=1 (uint16),Reduction,uint16,1000,,0.0036,0.0009,available,,not_measured,managed,0.0009,4.0,negligible
np.mean axis=1 (uint16),Reduction,uint16,100000,,0.0564,0.0081,available,,not_measured,managed,0.0081,6.962963,faster
np.mean axis=1 (uint16),Reduction,uint16,10000000,,5.1576,2.1118,available,,not_measured,managed,2.1118,2.442277,faster
np.mean axis=1 (uint32),Reduction,uint32,1000,,0.0035,0.0009,available,,not_measured,managed,0.0009,3.888889,negligible
np.mean axis=1 (uint32),Reduction,uint32,100000,,0.0456,0.0092,available,,not_measured,managed,0.0092,4.956522,faster
np.mean axis=1 (uint32),Reduction,uint32,10000000,,4.6296,5.0409,available,,not_measured,managed,5.0409,0.918407,close
np.mean axis=1 (uint64),Reduction,uint64,1000,,0.0037,0.0016,available,,not_measured,managed,0.0016,2.3125,faster
np.mean axis=1 (uint64),Reduction,uint64,100000,,0.0528,0.0874,available,,not_measured,managed,0.0874,0.604119,close
np.mean axis=1 (uint64),Reduction,uint64,10000000,,7.4137,16.4151,available,,not_measured,managed,16.4151,0.451639,slower
np.mean axis=1 (uint8),Reduction,uint8,1000,,0.0036,0.0009,available,,not_measured,managed,0.0009,4.0,negligible
np.mean axis=1 (uint8),Reduction,uint8,100000,,0.0568,0.0081,available,,not_measured,managed,0.0081,7.012346,faster
np.mean axis=1 (uint8),Reduction,uint8,10000000,,5.079,1.786,available,,not_measured,managed,1.786,2.843785,faster
np.min (complex128),Reduction,complex128,1000,,0.003,0.0016,available,,not_measured,managed,0.0016,1.875,faster
np.min (complex128),Reduction,complex128,100000,,0.1474,0.117,available,,not_measured,managed,0.117,1.259829,faster
np.min (complex128),Reduction,complex128,10000000,,16.2472,17.6634,available,,not_measured,managed,17.6634,0.919823,close
np.min (float16),Reduction,float16,1000,,0.0039,0.0013,available,,not_measured,managed,0.0013,3.0,faster
np.min (float16),Reduction,float16,100000,,0.5104,0.3275,available,,not_measured,managed,0.3275,1.558473,faster
np.min (float16),Reduction,float16,10000000,,51.7002,34.1288,available,,not_measured,managed,34.1288,1.514855,faster
np.min (float32),Reduction,float32,1000,,0.0016,0.001,available,,not_measured,managed,0.001,1.6,faster
np.min (float32),Reduction,float32,100000,,0.0058,0.0042,available,,not_measured,managed,0.0042,1.380952,faster
np.min (float32),Reduction,float32,10000000,,1.5739,1.9138,available,,not_measured,managed,1.9138,0.822395,close
np.min (float64),Reduction,float64,1000,,0.0017,0.0008,available,,not_measured,managed,0.0008,2.125,negligible
np.min (float64),Reduction,float64,100000,,0.0103,0.008,available,,not_measured,managed,0.008,1.2875,faster
np.min (float64),Reduction,float64,10000000,,3.5693,3.6297,available,,not_measured,managed,3.6297,0.98336,close
np.min (int16),Reduction,int16,1000,,0.0016,0.0009,available,,not_measured,managed,0.0009,1.777778,negligible
np.min (int16),Reduction,int16,100000,,0.0033,0.0016,available,,not_measured,managed,0.0016,2.0625,faster
np.min (int16),Reduction,int16,10000000,,0.3066,0.4611,available,,not_measured,managed,0.4611,0.664932,close
np.min (int32),Reduction,int32,1000,,0.0016,0.0007,available,,not_measured,managed,0.0007,2.285714,negligible
np.min (int32),Reduction,int32,100000,,0.0042,0.0024,available,,not_measured,managed,0.0024,1.75,faster
np.min (int32),Reduction,int32,10000000,,1.2064,1.9056,available,,not_measured,managed,1.9056,0.633081,close
np.min (int64),Reduction,int64,1000,,0.0016,0.0008,available,,not_measured,managed,0.0008,2.0,negligible
np.min (int64),Reduction,int64,100000,,0.0095,0.0173,available,,not_measured,managed,0.0173,0.549133,close
np.min (int64),Reduction,int64,10000000,,5.2905,4.0159,available,,not_measured,managed,4.0159,1.317388,faster
np.min (int8),Reduction,int8,1000,,0.0016,0.0007,available,,not_measured,managed,0.0007,2.285714,negligible
np.min (int8),Reduction,int8,100000,,0.0023,0.001,available,,not_measured,managed,0.001,2.3,faster
np.min (int8),Reduction,int8,10000000,,0.1479,0.1623,available,,not_measured,managed,0.1623,0.911275,close
np.min (uint16),Reduction,uint16,1000,,0.0022,0.0008,available,,not_measured,managed,0.0008,2.75,negligible
np.min (uint16),Reduction,uint16,100000,,0.0047,0.0016,available,,not_measured,managed,0.0016,2.9375,faster
np.min (uint16),Reduction,uint16,10000000,,0.3043,0.7057,available,,not_measured,managed,0.7057,0.431203,slower
np.min (uint32),Reduction,uint32,1000,,0.0016,0.0008,available,,not_measured,managed,0.0008,2.0,negligible
np.min (uint32),Reduction,uint32,100000,,0.0043,0.0033,available,,not_measured,managed,0.0033,1.30303,faster
np.min (uint32),Reduction,uint32,10000000,,1.0513,1.7844,available,,not_measured,managed,1.7844,0.589162,close
np.min (uint64),Reduction,uint64,1000,,0.0017,0.001,available,,not_measured,managed,0.001,1.7,faster
np.min (uint64),Reduction,uint64,100000,,0.0121,0.0112,available,,not_measured,managed,0.0112,1.080357,faster
np.min (uint64),Reduction,uint64,10000000,,3.771,4.7782,available,,not_measured,managed,4.7782,0.789209,close
np.min (uint8),Reduction,uint8,1000,,0.0016,0.0011,available,,not_measured,managed,0.0011,1.454545,faster
np.min (uint8),Reduction,uint8,100000,,0.0023,0.001,available,,not_measured,managed,0.001,2.3,faster
np.min (uint8),Reduction,uint8,10000000,,0.138,0.1577,available,,not_measured,managed,0.1577,0.875079,close
np.nanargmax(a) (float16),Reduction,float16,1000,,0.0089,0.0033,available,,not_measured,managed,0.0033,2.69697,faster
np.nanargmax(a) (float16),Reduction,float16,100000,,0.5098,0.17,available,,not_measured,managed,0.17,2.998824,faster
np.nanargmax(a) (float16),Reduction,float16,10000000,,58.5326,17.4884,available,,not_measured,managed,17.4884,3.346939,faster
np.nanargmax(a) (float32),Reduction,float32,1000,,0.0067,0.0024,available,,not_measured,managed,0.0024,2.791667,faster
np.nanargmax(a) (float32),Reduction,float32,100000,,0.0283,0.119,available,,not_measured,managed,0.119,0.237815,slower
np.nanargmax(a) (float32),Reduction,float32,10000000,,24.5345,11.3861,available,,not_measured,managed,11.3861,2.154776,faster
np.nanargmax(a) (float64),Reduction,float64,1000,,0.0065,0.0033,available,,not_measured,managed,0.0033,1.969697,faster
np.nanargmax(a) (float64),Reduction,float64,100000,,0.0468,0.1096,available,,not_measured,managed,0.1096,0.427007,slower
np.nanargmax(a) (float64),Reduction,float64,10000000,,23.61,13.085,available,,not_measured,managed,13.085,1.804356,faster
np.nanargmin(a) (float16),Reduction,float16,1000,,0.0089,0.0033,available,,not_measured,managed,0.0033,2.69697,faster
np.nanargmin(a) (float16),Reduction,float16,100000,,0.4886,0.2175,available,,not_measured,managed,0.2175,2.246437,faster
np.nanargmin(a) (float16),Reduction,float16,10000000,,88.6509,17.5234,available,,not_measured,managed,17.5234,5.059001,faster
np.nanargmin(a) (float32),Reduction,float32,1000,,0.0062,0.003,available,,not_measured,managed,0.003,2.066667,faster
np.nanargmin(a) (float32),Reduction,float32,100000,,0.0287,0.118,available,,not_measured,managed,0.118,0.24322,slower
np.nanargmin(a) (float32),Reduction,float32,10000000,,24.4784,11.0258,available,,not_measured,managed,11.0258,2.220102,faster
np.nanargmin(a) (float64),Reduction,float64,1000,,0.0062,0.0036,available,,not_measured,managed,0.0036,1.722222,faster
np.nanargmin(a) (float64),Reduction,float64,100000,,0.0474,0.1084,available,,not_measured,managed,0.1084,0.437269,slower
np.nanargmin(a) (float64),Reduction,float64,10000000,,23.6146,13.1649,available,,not_measured,managed,13.1649,1.793755,faster
np.nanmax(a) (float16),Reduction,float16,1000,,0.0055,0.0012,available,,not_measured,managed,0.0012,4.583333,faster
np.nanmax(a) (float16),Reduction,float16,100000,,0.507,0.3207,available,,not_measured,managed,0.3207,1.580917,faster
np.nanmax(a) (float16),Reduction,float16,10000000,,50.2098,32.7279,available,,not_measured,managed,32.7279,1.534159,faster
np.nanmax(a) (float32),Reduction,float32,1000,,0.0029,0.0013,available,,not_measured,managed,0.0013,2.230769,faster
np.nanmax(a) (float32),Reduction,float32,100000,,0.0076,0.0289,available,,not_measured,managed,0.0289,0.262976,slower
np.nanmax(a) (float32),Reduction,float32,10000000,,1.5434,3.5759,available,,not_measured,managed,3.5759,0.431612,slower
np.nanmax(a) (float64),Reduction,float64,1000,,0.003,0.0012,available,,not_measured,managed,0.0012,2.5,faster
np.nanmax(a) (float64),Reduction,float64,100000,,0.0114,0.1037,available,,not_measured,managed,0.1037,0.109932,much_slower
np.nanmax(a) (float64),Reduction,float64,10000000,,10.6203,7.3201,available,,not_measured,managed,7.3201,1.450841,faster
np.nanmean(a) (float16),Reduction,float16,1000,,0.0126,0.0018,available,,not_measured,managed,0.0018,7.0,faster
np.nanmean(a) (float16),Reduction,float16,100000,,0.3273,0.107,available,,not_measured,managed,0.107,3.058879,faster
np.nanmean(a) (float16),Reduction,float16,10000000,,36.3568,10.7347,available,,not_measured,managed,10.7347,3.386848,faster
np.nanmean(a) (float32),Reduction,float32,1000,,0.0099,0.0014,available,,not_measured,managed,0.0014,7.071429,faster
np.nanmean(a) (float32),Reduction,float32,100000,,0.0761,0.0386,available,,not_measured,managed,0.0386,1.971503,faster
np.nanmean(a) (float32),Reduction,float32,10000000,,18.9621,4.6376,available,,not_measured,managed,4.6376,4.088774,faster
np.nanmean(a) (float64),Reduction,float64,1000,,0.0085,0.0013,available,,not_measured,managed,0.0013,6.538462,faster
np.nanmean(a) (float64),Reduction,float64,100000,,0.0873,0.0758,available,,not_measured,managed,0.0758,1.151715,faster
np.nanmean(a) (float64),Reduction,float64,10000000,,58.559,6.0739,available,,not_measured,managed,6.0739,9.641087,faster
np.nanmedian(a) (float16),Reduction,float16,1000,,0.0175,0.0044,available,,not_measured,managed,0.0044,3.977273,faster
np.nanmedian(a) (float16),Reduction,float16,100000,,0.9625,1.2997,available,,not_measured,managed,1.2997,0.740556,close
np.nanmedian(a) (float16),Reduction,float16,10000000,,120.5858,93.0858,available,,not_measured,managed,93.0858,1.295426,faster
np.nanmedian(a) (float32),Reduction,float32,1000,,0.0129,0.0023,available,,not_measured,managed,0.0023,5.608696,faster
np.nanmedian(a) (float32),Reduction,float32,100000,,0.4601,1.0728,available,,not_measured,managed,1.0728,0.428878,slower
np.nanmedian(a) (float32),Reduction,float32,10000000,,77.6371,84.9262,available,,not_measured,managed,84.9262,0.914171,close
np.nanmedian(a) (float64),Reduction,float64,1000,,0.0118,0.0023,available,,not_measured,managed,0.0023,5.130435,faster
np.nanmedian(a) (float64),Reduction,float64,100000,,0.4851,0.8777,available,,not_measured,managed,0.8777,0.552695,close
np.nanmedian(a) (float64),Reduction,float64,10000000,,91.6282,91.2608,available,,not_measured,managed,91.2608,1.004026,close
np.nanmin(a) (float16),Reduction,float16,1000,,0.0054,0.0012,available,,not_measured,managed,0.0012,4.5,faster
np.nanmin(a) (float16),Reduction,float16,100000,,0.4967,0.304,available,,not_measured,managed,0.304,1.633882,faster
np.nanmin(a) (float16),Reduction,float16,10000000,,50.8863,32.7687,available,,not_measured,managed,32.7687,1.552893,faster
np.nanmin(a) (float32),Reduction,float32,1000,,0.0029,0.001,available,,not_measured,managed,0.001,2.9,faster
np.nanmin(a) (float32),Reduction,float32,100000,,0.0073,0.0296,available,,not_measured,managed,0.0296,0.246622,slower
np.nanmin(a) (float32),Reduction,float32,10000000,,1.3776,3.5204,available,,not_measured,managed,3.5204,0.391319,slower
np.nanmin(a) (float64),Reduction,float64,1000,,0.0031,0.0013,available,,not_measured,managed,0.0013,2.384615,faster
np.nanmin(a) (float64),Reduction,float64,100000,,0.0115,0.0762,available,,not_measured,managed,0.0762,0.150919,much_slower
np.nanmin(a) (float64),Reduction,float64,10000000,,11.2655,7.2328,available,,not_measured,managed,7.2328,1.557557,faster
"np.nanpercentile(a, 50) (float16)",Reduction,float16,1000,,0.0333,0.0044,available,,not_measured,managed,0.0044,7.568182,faster
"np.nanpercentile(a, 50) (float16)",Reduction,float16,100000,,1.8157,1.2995,available,,not_measured,managed,1.2995,1.39723,faster
"np.nanpercentile(a, 50) (float16)",Reduction,float16,10000000,,122.8138,94.7482,available,,not_measured,managed,94.7482,1.296212,faster
"np.nanpercentile(a, 50) (float32)",Reduction,float32,1000,,0.0263,0.0023,available,,not_measured,managed,0.0023,11.434783,faster
"np.nanpercentile(a, 50) (float32)",Reduction,float32,100000,,0.711,0.9976,available,,not_measured,managed,0.9976,0.712711,close
"np.nanpercentile(a, 50) (float32)",Reduction,float32,10000000,,78.8055,87.6764,available,,not_measured,managed,87.6764,0.898822,close
"np.nanpercentile(a, 50) (float64)",Reduction,float64,1000,,0.0261,0.0023,available,,not_measured,managed,0.0023,11.347826,faster
"np.nanpercentile(a, 50) (float64)",Reduction,float64,100000,,0.7309,0.7197,available,,not_measured,managed,0.7197,1.015562,close
"np.nanpercentile(a, 50) (float64)",Reduction,float64,10000000,,64.7052,94.0169,available,,not_measured,managed,94.0169,0.688229,close
np.nanprod(a) (float16),Reduction,float16,1000,,0.0058,0.0014,available,,not_measured,managed,0.0014,4.142857,faster
np.nanprod(a) (float16),Reduction,float16,100000,,0.1627,0.09,available,,not_measured,managed,0.09,1.807778,faster
np.nanprod(a) (float16),Reduction,float16,10000000,,22.853,9.3987,available,,not_measured,managed,9.3987,2.431506,faster
np.nanprod(a) (float32),Reduction,float32,1000,,0.0051,0.0011,available,,not_measured,managed,0.0011,4.636364,faster
np.nanprod(a) (float32),Reduction,float32,100000,,0.0913,0.0172,available,,not_measured,managed,0.0172,5.30814,faster
np.nanprod(a) (float32),Reduction,float32,10000000,,18.1108,2.0839,available,,not_measured,managed,2.0839,8.69082,faster
np.nanprod(a) (float64),Reduction,float64,1000,,0.005,0.0009,available,,not_measured,managed,0.0009,5.555556,negligible
np.nanprod(a) (float64),Reduction,float64,100000,,0.1034,0.029,available,,not_measured,managed,0.029,3.565517,faster
np.nanprod(a) (float64),Reduction,float64,10000000,,27.9264,4.2175,available,,not_measured,managed,4.2175,6.621553,faster
"np.nanquantile(a, 0.5) (float16)",Reduction,float16,1000,,0.0314,0.0044,available,,not_measured,managed,0.0044,7.136364,faster
"np.nanquantile(a, 0.5) (float16)",Reduction,float16,100000,,1.8228,1.2987,available,,not_measured,managed,1.2987,1.403557,faster
"np.nanquantile(a, 0.5) (float16)",Reduction,float16,10000000,,122.7346,94.4987,available,,not_measured,managed,94.4987,1.298797,faster
"np.nanquantile(a, 0.5) (float32)",Reduction,float32,1000,,0.0255,0.0023,available,,not_measured,managed,0.0023,11.086957,faster
"np.nanquantile(a, 0.5) (float32)",Reduction,float32,100000,,0.7182,0.9838,available,,not_measured,managed,0.9838,0.730026,close
"np.nanquantile(a, 0.5) (float32)",Reduction,float32,10000000,,81.7491,92.953,available,,not_measured,managed,92.953,0.879467,close
"np.nanquantile(a, 0.5) (float64)",Reduction,float64,1000,,0.0253,0.0023,available,,not_measured,managed,0.0023,11.0,faster
"np.nanquantile(a, 0.5) (float64)",Reduction,float64,100000,,0.7216,0.7137,available,,not_measured,managed,0.7137,1.011069,close
"np.nanquantile(a, 0.5) (float64)",Reduction,float64,10000000,,64.1751,96.9676,available,,not_measured,managed,96.9676,0.66182,close
np.nanstd(a) (float16),Reduction,float16,1000,,0.0321,0.0028,available,,not_measured,managed,0.0028,11.464286,faster
np.nanstd(a) (float16),Reduction,float16,100000,,1.1435,0.2168,available,,not_measured,managed,0.2168,5.274446,faster
np.nanstd(a) (float16),Reduction,float16,10000000,,119.7504,22.1098,available,,not_measured,managed,22.1098,5.416168,faster
np.nanstd(a) (float32),Reduction,float32,1000,,0.0198,0.0018,available,,not_measured,managed,0.0018,11.0,faster
np.nanstd(a) (float32),Reduction,float32,100000,,0.163,0.0909,available,,not_measured,managed,0.0909,1.793179,faster
np.nanstd(a) (float32),Reduction,float32,10000000,,31.8659,9.504,available,,not_measured,managed,9.504,3.352894,faster
np.nanstd(a) (float64),Reduction,float64,1000,,0.0185,0.0016,available,,not_measured,managed,0.0016,11.5625,faster
np.nanstd(a) (float64),Reduction,float64,100000,,0.1864,0.0877,available,,not_measured,managed,0.0877,2.125428,faster
np.nanstd(a) (float64),Reduction,float64,10000000,,109.6026,11.6153,available,,not_measured,managed,11.6153,9.436054,faster
np.nansum(a) (float16),Reduction,float16,1000,,0.0062,0.0014,available,,not_measured,managed,0.0014,4.428571,faster
np.nansum(a) (float16),Reduction,float16,100000,,0.2796,0.0921,available,,not_measured,managed,0.0921,3.035831,faster
np.nansum(a) (float16),Reduction,float16,10000000,,31.0526,9.0413,available,,not_measured,managed,9.0413,3.434528,faster
np.nansum(a) (float32),Reduction,float32,1000,,0.0037,0.0009,available,,not_measured,managed,0.0009,4.111111,negligible
np.nansum(a) (float32),Reduction,float32,100000,,0.0315,0.005,available,,not_measured,managed,0.005,6.3,faster
np.nansum(a) (float32),Reduction,float32,10000000,,13.4342,2.4539,available,,not_measured,managed,2.4539,5.474632,faster
np.nansum(a) (float64),Reduction,float64,1000,,0.0037,0.0007,available,,not_measured,managed,0.0007,5.285714,negligible
np.nansum(a) (float64),Reduction,float64,100000,,0.0444,0.0152,available,,not_measured,managed,0.0152,2.921053,faster
np.nansum(a) (float64),Reduction,float64,10000000,,49.7013,3.9053,available,,not_measured,managed,3.9053,12.726628,faster
np.nanvar(a) (float16),Reduction,float16,1000,,0.0302,0.0028,available,,not_measured,managed,0.0028,10.785714,faster
np.nanvar(a) (float16),Reduction,float16,100000,,1.1657,0.2171,available,,not_measured,managed,0.2171,5.369415,faster
np.nanvar(a) (float16),Reduction,float16,10000000,,119.9911,22.9876,available,,not_measured,managed,22.9876,5.219819,faster
np.nanvar(a) (float32),Reduction,float32,1000,,0.0191,0.0022,available,,not_measured,managed,0.0022,8.681818,faster
np.nanvar(a) (float32),Reduction,float32,100000,,0.1607,0.1335,available,,not_measured,managed,0.1335,1.203745,faster
np.nanvar(a) (float32),Reduction,float32,10000000,,31.8231,9.6098,available,,not_measured,managed,9.6098,3.311526,faster
np.nanvar(a) (float64),Reduction,float64,1000,,0.0175,0.0016,available,,not_measured,managed,0.0016,10.9375,faster
np.nanvar(a) (float64),Reduction,float64,100000,,0.1887,0.0889,available,,not_measured,managed,0.0889,2.12261,faster
np.nanvar(a) (float64),Reduction,float64,10000000,,69.0735,13.7866,available,,not_measured,managed,13.7866,5.010191,faster
np.prod (float64),Reduction,float64,1000,,0.0024,0.0008,available,,not_measured,managed,0.0008,3.0,negligible
np.prod (float64),Reduction,float64,100000,,2.3125,0.1756,available,,not_measured,managed,0.1756,13.169134,faster
np.prod (float64),Reduction,float64,10000000,,236.7705,65.569,available,,not_measured,managed,65.569,3.611013,faster
np.prod (int64),Reduction,int64,1000,,0.002,0.0008,available,,not_measured,managed,0.0008,2.5,negligible
np.prod (int64),Reduction,int64,100000,,0.058,0.0147,available,,not_measured,managed,0.0147,3.945578,faster
np.prod (int64),Reduction,int64,10000000,,6.3035,4.103,available,,not_measured,managed,4.103,1.536315,faster
np.prod axis=0 (float64),Reduction,float64,1000,,0.0019,0.001,available,,not_measured,managed,0.001,1.9,faster
np.prod axis=0 (float64),Reduction,float64,100000,,0.0118,0.0102,available,,not_measured,managed,0.0102,1.156863,faster
np.prod axis=0 (float64),Reduction,float64,10000000,,19.719,20.1355,available,,not_measured,managed,20.1355,0.979315,close
np.prod axis=0 (int64),Reduction,int64,1000,,0.0019,0.001,available,,not_measured,managed,0.001,1.9,faster
np.prod axis=0 (int64),Reduction,int64,100000,,0.0319,0.0175,available,,not_measured,managed,0.0175,1.822857,faster
np.prod axis=0 (int64),Reduction,int64,10000000,,5.2235,4.607,available,,not_measured,managed,4.607,1.133818,faster
np.prod axis=1 (float64),Reduction,float64,1000,,0.0019,0.001,available,,not_measured,managed,0.001,1.9,faster
np.prod axis=1 (float64),Reduction,float64,100000,,0.0585,0.0074,available,,not_measured,managed,0.0074,7.905405,faster
np.prod axis=1 (float64),Reduction,float64,10000000,,70.2229,3.6647,available,,not_measured,managed,3.6647,19.161978,faster
np.prod axis=1 (int64),Reduction,int64,1000,,0.0019,0.0011,available,,not_measured,managed,0.0011,1.727273,faster
np.prod axis=1 (int64),Reduction,int64,100000,,0.0518,0.018,available,,not_measured,managed,0.018,2.877778,faster
np.prod axis=1 (int64),Reduction,int64,10000000,,6.2283,4.5146,available,,not_measured,managed,4.5146,1.379591,faster
np.std (float16),Reduction,float16,1000,,0.0187,0.0021,available,,not_measured,managed,0.0021,8.904762,faster
np.std (float16),Reduction,float16,100000,,0.8937,0.1837,available,,not_measured,managed,0.1837,4.864997,faster
np.std (float16),Reduction,float16,10000000,,89.7866,18.2044,available,,not_measured,managed,18.2044,4.932137,faster
np.std (float32),Reduction,float32,1000,,0.0088,0.0008,available,,not_measured,managed,0.0008,11.0,negligible
np.std (float32),Reduction,float32,100000,,0.0461,0.0098,available,,not_measured,managed,0.0098,4.704082,faster
np.std (float32),Reduction,float32,10000000,,20.8252,3.3145,available,,not_measured,managed,3.3145,6.283059,faster
np.std (float64),Reduction,float64,1000,,0.0067,0.0009,available,,not_measured,managed,0.0009,7.444444,negligible
np.std (float64),Reduction,float64,100000,,0.0606,0.0196,available,,not_measured,managed,0.0196,3.091837,faster
np.std (float64),Reduction,float64,10000000,,37.8272,7.0738,available,,not_measured,managed,7.0738,5.347508,faster
np.std axis=0 (float16),Reduction,float16,1000,,0.0198,0.0046,available,,not_measured,managed,0.0046,4.304348,faster
np.std axis=0 (float16),Reduction,float16,100000,,1.0705,0.3645,available,,not_measured,managed,0.3645,2.9369,faster
np.std axis=0 (float16),Reduction,float16,10000000,,109.1732,93.3237,available,,not_measured,managed,93.3237,1.169834,faster
np.std axis=0 (float32),Reduction,float32,1000,,0.0087,0.0017,available,,not_measured,managed,0.0017,5.117647,faster
np.std axis=0 (float32),Reduction,float32,100000,,0.0391,0.0227,available,,not_measured,managed,0.0227,1.722467,faster
np.std axis=0 (float32),Reduction,float32,10000000,,18.9119,5.0479,available,,not_measured,managed,5.0479,3.746489,faster
np.std axis=0 (float64),Reduction,float64,1000,,0.0076,0.001,available,,not_measured,managed,0.001,7.6,faster
np.std axis=0 (float64),Reduction,float64,100000,,0.0648,0.0262,available,,not_measured,managed,0.0262,2.473282,faster
np.std axis=0 (float64),Reduction,float64,10000000,,37.6164,8.0044,available,,not_measured,managed,8.0044,4.699465,faster
np.sum (complex128),Reduction,complex128,1000,,0.0018,0.0011,available,,not_measured,managed,0.0011,1.636364,faster
np.sum (complex128),Reduction,complex128,100000,,0.0309,0.0108,available,,not_measured,managed,0.0108,2.861111,faster
np.sum (complex128),Reduction,complex128,10000000,,8.6567,7.3665,available,,not_measured,managed,7.3665,1.175144,faster
np.sum (float16),Reduction,float16,1000,,0.0043,0.0015,available,,not_measured,managed,0.0015,2.866667,faster
np.sum (float16),Reduction,float16,100000,,0.2057,0.0853,available,,not_measured,managed,0.0853,2.411489,faster
np.sum (float16),Reduction,float16,10000000,,19.7966,8.2718,available,,not_measured,managed,8.2718,2.393264,faster
np.sum (float32),Reduction,float32,1000,,0.0021,0.0008,available,,not_measured,managed,0.0008,2.625,negligible
np.sum (float32),Reduction,float32,100000,,0.0172,0.0033,available,,not_measured,managed,0.0033,5.212121,faster
np.sum (float32),Reduction,float32,10000000,,3.127,1.2714,available,,not_measured,managed,1.2714,2.459493,faster
np.sum (float64),Reduction,float64,1000,,0.0017,0.0055,available,,not_measured,managed,0.0055,0.309091,slower
np.sum (float64),Reduction,float64,100000,,0.0182,0.2114,available,,not_measured,managed,0.2114,0.086093,much_slower
np.sum (float64),Reduction,float64,10000000,,5.0858,3.5982,available,,not_measured,managed,3.5982,1.413429,faster
np.sum (int16),Reduction,int16,1000,,0.0021,0.0008,available,,not_measured,managed,0.0008,2.625,negligible
np.sum (int16),Reduction,int16,100000,,0.0339,0.0192,available,,not_measured,managed,0.0192,1.765625,faster
np.sum (int16),Reduction,int16,10000000,,3.3105,2.0714,available,,not_measured,managed,2.0714,1.598194,faster
np.sum (int32),Reduction,int32,1000,,0.0022,0.0009,available,,not_measured,managed,0.0009,2.444444,negligible
np.sum (int32),Reduction,int32,100000,,0.0348,0.0195,available,,not_measured,managed,0.0195,1.784615,faster
np.sum (int32),Reduction,int32,10000000,,4.0066,2.8203,available,,not_measured,managed,2.8203,1.420629,faster
np.sum (int64),Reduction,int64,1000,,0.0017,0.0009,available,,not_measured,managed,0.0009,1.888889,negligible
np.sum (int64),Reduction,int64,100000,,0.0182,0.0065,available,,not_measured,managed,0.0065,2.8,faster
np.sum (int64),Reduction,int64,10000000,,4.251,3.0656,available,,not_measured,managed,3.0656,1.386678,faster
np.sum (int8),Reduction,int8,1000,,0.0021,0.001,available,,not_measured,managed,0.001,2.1,faster
np.sum (int8),Reduction,int8,100000,,0.0336,0.019,available,,not_measured,managed,0.019,1.768421,faster
np.sum (int8),Reduction,int8,10000000,,3.1539,1.8994,available,,not_measured,managed,1.8994,1.660472,faster
np.sum (uint16),Reduction,uint16,1000,,0.0021,0.0009,available,,not_measured,managed,0.0009,2.333333,negligible
np.sum (uint16),Reduction,uint16,100000,,0.0336,0.0193,available,,not_measured,managed,0.0193,1.740933,faster
np.sum (uint16),Reduction,uint16,10000000,,3.2286,2.0862,available,,not_measured,managed,2.0862,1.547599,faster
np.sum (uint32),Reduction,uint32,1000,,0.0021,0.001,available,,not_measured,managed,0.001,2.1,faster
np.sum (uint32),Reduction,uint32,100000,,0.0327,0.0196,available,,not_measured,managed,0.0196,1.668367,faster
np.sum (uint32),Reduction,uint32,10000000,,3.9688,2.8613,available,,not_measured,managed,2.8613,1.387062,faster
np.sum (uint64),Reduction,uint64,1000,,0.0017,0.001,available,,not_measured,managed,0.001,1.7,faster
np.sum (uint64),Reduction,uint64,100000,,0.0193,0.0066,available,,not_measured,managed,0.0066,2.924242,faster
np.sum (uint64),Reduction,uint64,10000000,,4.5362,3.2217,available,,not_measured,managed,3.2217,1.408014,faster
np.sum (uint8),Reduction,uint8,1000,,0.0023,0.0009,available,,not_measured,managed,0.0009,2.555556,negligible
np.sum (uint8),Reduction,uint8,100000,,0.035,0.0189,available,,not_measured,managed,0.0189,1.851852,faster
np.sum (uint8),Reduction,uint8,10000000,,3.1505,1.8715,available,,not_measured,managed,1.8715,1.683409,faster
np.sum axis=0 (complex128),Reduction,complex128,1000,,0.002,0.0024,available,,not_measured,managed,0.0024,0.833333,close
np.sum axis=0 (complex128),Reduction,complex128,100000,,0.0156,0.0263,available,,not_measured,managed,0.0263,0.593156,close
np.sum axis=0 (complex128),Reduction,complex128,10000000,,7.3595,20.1702,available,,not_measured,managed,20.1702,0.36487,slower
np.sum axis=0 (float16),Reduction,float16,1000,,0.0049,0.005,available,,not_measured,managed,0.005,0.98,close
np.sum axis=0 (float16),Reduction,float16,100000,,0.282,0.1562,available,,not_measured,managed,0.1562,1.805378,faster
np.sum axis=0 (float16),Reduction,float16,10000000,,28.9171,28.3685,available,,not_measured,managed,28.3685,1.019338,close
np.sum axis=0 (float32),Reduction,float32,1000,,0.0019,0.0017,available,,not_measured,managed,0.0017,1.117647,faster
np.sum axis=0 (float32),Reduction,float32,100000,,0.0097,0.0096,available,,not_measured,managed,0.0096,1.010417,close
np.sum axis=0 (float32),Reduction,float32,10000000,,1.6621,4.8321,available,,not_measured,managed,4.8321,0.343971,slower
np.sum axis=0 (float64),Reduction,float64,1000,,0.0019,0.0017,available,,not_measured,managed,0.0017,1.117647,faster
np.sum axis=0 (float64),Reduction,float64,100000,,0.013,0.0143,available,,not_measured,managed,0.0143,0.909091,close
np.sum axis=0 (float64),Reduction,float64,10000000,,3.7198,11.6976,available,,not_measured,managed,11.6976,0.317997,slower
np.sum axis=0 (int16),Reduction,int16,1000,,0.0024,0.0011,available,,not_measured,managed,0.0011,2.181818,faster
np.sum axis=0 (int16),Reduction,int16,100000,,0.0465,0.0049,available,,not_measured,managed,0.0049,9.489796,faster
np.sum axis=0 (int16),Reduction,int16,10000000,,4.6078,1.1118,available,,not_measured,managed,1.1118,4.14445,faster
np.sum axis=0 (int32),Reduction,int32,1000,,0.0025,0.0008,available,,not_measured,managed,0.0008,3.125,negligible
np.sum axis=0 (int32),Reduction,int32,100000,,0.0482,0.0108,available,,not_measured,managed,0.0108,4.462963,faster
np.sum axis=0 (int32),Reduction,int32,10000000,,5.3705,2.301,available,,not_measured,managed,2.301,2.333985,faster
np.sum axis=0 (int64),Reduction,int64,1000,,0.002,0.001,available,,not_measured,managed,0.001,2.0,faster
np.sum axis=0 (int64),Reduction,int64,100000,,0.0273,0.0112,available,,not_measured,managed,0.0112,2.4375,faster
np.sum axis=0 (int64),Reduction,int64,10000000,,5.3546,9.497,available,,not_measured,managed,9.497,0.56382,close
np.sum axis=0 (int8),Reduction,int8,1000,,0.0024,0.0013,available,,not_measured,managed,0.0013,1.846154,faster
np.sum axis=0 (int8),Reduction,int8,100000,,0.0465,0.0053,available,,not_measured,managed,0.0053,8.773585,faster
np.sum axis=0 (int8),Reduction,int8,10000000,,4.4564,0.38,available,,not_measured,managed,0.38,11.727368,faster
np.sum axis=0 (uint16),Reduction,uint16,1000,,0.0024,0.0011,available,,not_measured,managed,0.0011,2.181818,faster
np.sum axis=0 (uint16),Reduction,uint16,100000,,0.0465,0.0057,available,,not_measured,managed,0.0057,8.157895,faster
np.sum axis=0 (uint16),Reduction,uint16,10000000,,4.5806,1.3825,available,,not_measured,managed,1.3825,3.313273,faster
np.sum axis=0 (uint32),Reduction,uint32,1000,,0.0024,0.0009,available,,not_measured,managed,0.0009,2.666667,negligible
np.sum axis=0 (uint32),Reduction,uint32,100000,,0.0465,0.0091,available,,not_measured,managed,0.0091,5.10989,faster
np.sum axis=0 (uint32),Reduction,uint32,10000000,,5.3322,5.733,available,,not_measured,managed,5.733,0.930089,close
np.sum axis=0 (uint64),Reduction,uint64,1000,,0.002,0.0009,available,,not_measured,managed,0.0009,2.222222,negligible
np.sum axis=0 (uint64),Reduction,uint64,100000,,0.029,0.0127,available,,not_measured,managed,0.0127,2.283465,faster
np.sum axis=0 (uint64),Reduction,uint64,10000000,,5.3389,10.4738,available,,not_measured,managed,10.4738,0.509739,close
np.sum axis=0 (uint8),Reduction,uint8,1000,,0.0026,0.0012,available,,not_measured,managed,0.0012,2.166667,faster
np.sum axis=0 (uint8),Reduction,uint8,100000,,0.0485,0.0054,available,,not_measured,managed,0.0054,8.981481,faster
np.sum axis=0 (uint8),Reduction,uint8,10000000,,4.4211,0.5415,available,,not_measured,managed,0.5415,8.164543,faster
np.sum axis=1 (complex128),Reduction,complex128,1000,,0.002,0.0024,available,,not_measured,managed,0.0024,0.833333,close
np.sum axis=1 (complex128),Reduction,complex128,100000,,0.0343,0.035,available,,not_measured,managed,0.035,0.98,close
np.sum axis=1 (complex128),Reduction,complex128,10000000,,8.6084,21.1146,available,,not_measured,managed,21.1146,0.407699,slower
np.sum axis=1 (float16),Reduction,float16,1000,,0.0038,0.0047,available,,not_measured,managed,0.0047,0.808511,close
np.sum axis=1 (float16),Reduction,float16,100000,,0.1991,0.1392,available,,not_measured,managed,0.1392,1.430316,faster
np.sum axis=1 (float16),Reduction,float16,10000000,,19.2666,27.0763,available,,not_measured,managed,27.0763,0.711567,close
np.sum axis=1 (float32),Reduction,float32,1000,,0.0019,0.0021,available,,not_measured,managed,0.0021,0.904762,close
np.sum axis=1 (float32),Reduction,float32,100000,,0.0164,0.0129,available,,not_measured,managed,0.0129,1.271318,faster
np.sum axis=1 (float32),Reduction,float32,10000000,,3.1652,4.8726,available,,not_measured,managed,4.8726,0.649592,close
np.sum axis=1 (float64),Reduction,float64,1000,,0.0019,0.0017,available,,not_measured,managed,0.0017,1.117647,faster
np.sum axis=1 (float64),Reduction,float64,100000,,0.0191,0.0142,available,,not_measured,managed,0.0142,1.34507,faster
np.sum axis=1 (float64),Reduction,float64,10000000,,5.4934,9.6967,available,,not_measured,managed,9.6967,0.566523,close
np.sum axis=1 (int16),Reduction,int16,1000,,0.0023,0.0009,available,,not_measured,managed,0.0009,2.555556,negligible
np.sum axis=1 (int16),Reduction,int16,100000,,0.0365,0.0039,available,,not_measured,managed,0.0039,9.358974,faster
np.sum axis=1 (int16),Reduction,int16,10000000,,3.3053,1.5556,available,,not_measured,managed,1.5556,2.124775,faster
np.sum axis=1 (int32),Reduction,int32,1000,,0.0025,0.0009,available,,not_measured,managed,0.0009,2.777778,negligible
np.sum axis=1 (int32),Reduction,int32,100000,,0.0372,0.0065,available,,not_measured,managed,0.0065,5.723077,faster
np.sum axis=1 (int32),Reduction,int32,10000000,,4.2574,4.9789,available,,not_measured,managed,4.9789,0.855088,close
np.sum axis=1 (int64),Reduction,int64,1000,,0.0019,0.0009,available,,not_measured,managed,0.0009,2.111111,negligible
np.sum axis=1 (int64),Reduction,int64,100000,,0.0165,0.0079,available,,not_measured,managed,0.0079,2.088608,faster
np.sum axis=1 (int64),Reduction,int64,10000000,,4.792,10.6399,available,,not_measured,managed,10.6399,0.45038,slower
np.sum axis=1 (int8),Reduction,int8,1000,,0.0023,0.0009,available,,not_measured,managed,0.0009,2.555556,negligible
np.sum axis=1 (int8),Reduction,int8,100000,,0.0372,0.004,available,,not_measured,managed,0.004,9.3,faster
np.sum axis=1 (int8),Reduction,int8,10000000,,3.1575,0.4189,available,,not_measured,managed,0.4189,7.537598,faster
np.sum axis=1 (uint16),Reduction,uint16,1000,,0.0023,0.001,available,,not_measured,managed,0.001,2.3,faster
np.sum axis=1 (uint16),Reduction,uint16,100000,,0.0377,0.0048,available,,not_measured,managed,0.0048,7.854167,faster
np.sum axis=1 (uint16),Reduction,uint16,10000000,,3.2964,1.1473,available,,not_measured,managed,1.1473,2.873181,faster
np.sum axis=1 (uint32),Reduction,uint32,1000,,0.0023,0.0009,available,,not_measured,managed,0.0009,2.555556,negligible
np.sum axis=1 (uint32),Reduction,uint32,100000,,0.0369,0.0054,available,,not_measured,managed,0.0054,6.833333,faster
np.sum axis=1 (uint32),Reduction,uint32,10000000,,4.0621,5.7427,available,,not_measured,managed,5.7427,0.70735,close
np.sum axis=1 (uint64),Reduction,uint64,1000,,0.0019,0.0008,available,,not_measured,managed,0.0008,2.375,negligible
np.sum axis=1 (uint64),Reduction,uint64,100000,,0.0186,0.0086,available,,not_measured,managed,0.0086,2.162791,faster
np.sum axis=1 (uint64),Reduction,uint64,10000000,,4.6921,9.2382,available,,not_measured,managed,9.2382,0.507902,close
np.sum axis=1 (uint8),Reduction,uint8,1000,,0.0024,0.0009,available,,not_measured,managed,0.0009,2.666667,negligible
np.sum axis=1 (uint8),Reduction,uint8,100000,,0.0374,0.0039,available,,not_measured,managed,0.0039,9.589744,faster
np.sum axis=1 (uint8),Reduction,uint8,10000000,,3.109,0.3096,available,,not_measured,managed,0.3096,10.04199,faster
np.var (float16),Reduction,float16,1000,,0.0188,0.0042,available,,not_measured,managed,0.0042,4.47619,faster
np.var (float16),Reduction,float16,100000,,0.8853,0.1841,available,,not_measured,managed,0.1841,4.8088,faster
np.var (float16),Reduction,float16,10000000,,90.2353,18.571,available,,not_measured,managed,18.571,4.858936,faster
np.var (float32),Reduction,float32,1000,,0.0092,0.0008,available,,not_measured,managed,0.0008,11.5,negligible
np.var (float32),Reduction,float32,100000,,0.0479,0.0189,available,,not_measured,managed,0.0189,2.534392,faster
np.var (float32),Reduction,float32,10000000,,16.8218,3.6398,available,,not_measured,managed,3.6398,4.621628,faster
np.var (float64),Reduction,float64,1000,,0.0064,0.0009,available,,not_measured,managed,0.0009,7.111111,negligible
np.var (float64),Reduction,float64,100000,,0.0609,0.0379,available,,not_measured,managed,0.0379,1.60686,faster
np.var (float64),Reduction,float64,10000000,,43.8041,8.2599,available,,not_measured,managed,8.2599,5.303224,faster
np.var axis=0 (float16),Reduction,float16,1000,,0.0202,0.011,available,,not_measured,managed,0.011,1.836364,faster
np.var axis=0 (float16),Reduction,float16,100000,,1.0653,0.376,available,,not_measured,managed,0.376,2.833245,faster
np.var axis=0 (float16),Reduction,float16,10000000,,109.3818,85.9102,available,,not_measured,managed,85.9102,1.273211,faster
np.var axis=0 (float32),Reduction,float32,1000,,0.0085,0.0019,available,,not_measured,managed,0.0019,4.473684,faster
np.var axis=0 (float32),Reduction,float32,100000,,0.0392,0.0617,available,,not_measured,managed,0.0617,0.635332,close
np.var axis=0 (float32),Reduction,float32,10000000,,18.9165,5.9343,available,,not_measured,managed,5.9343,3.187655,faster
np.var axis=0 (float64),Reduction,float64,1000,,0.0073,0.001,available,,not_measured,managed,0.001,7.3,faster
np.var axis=0 (float64),Reduction,float64,100000,,0.0657,0.0474,available,,not_measured,managed,0.0474,1.386076,faster
np.var axis=0 (float64),Reduction,float64,10000000,,37.6747,9.5502,available,,not_measured,managed,9.5502,3.944912,faster
"np.choose(selector, choices) (float64)",Selection,float64,1000,,0.0059,0.0091,available,,not_measured,managed,0.0091,0.648352,close
"np.choose(selector, choices) (float64)",Selection,float64,100000,,0.5804,0.1882,available,,not_measured,managed,0.1882,3.083953,faster
"np.compress(mask, a) (float64)",Selection,float64,1000,,0.0026,0.0015,available,,not_measured,managed,0.0015,1.733333,faster
"np.compress(mask, a) (float64)",Selection,float64,100000,,0.0947,0.0833,available,,not_measured,managed,0.0833,1.136855,faster
np.diag_indices(n) (float64),Selection,float64,1000,,0.0004,0.0016,available,,not_measured,managed,0.0016,0.25,negligible
np.diag_indices(n) (float64),Selection,float64,100000,,0.0007,0.0018,available,,not_measured,managed,0.0018,0.388889,negligible
np.diag_indices_from(a) (float64),Selection,float64,1000,,0.0047,0.002,available,,not_measured,managed,0.002,2.35,faster
np.diag_indices_from(a) (float64),Selection,float64,100000,,0.0046,0.0019,available,,not_measured,managed,0.0019,2.421053,faster
"np.extract(mask, a) (float64)",Selection,float64,1000,,0.0031,0.0015,available,,not_measured,managed,0.0015,2.066667,faster
"np.extract(mask, a) (float64)",Selection,float64,100000,,0.0883,0.0866,available,,not_measured,managed,0.0866,1.01963,close
np.indices(shape) (float64),Selection,float64,1000,,0.0032,0.0032,available,,not_measured,managed,0.0032,1.0,close
np.indices(shape) (float64),Selection,float64,100000,,0.328,0.2774,available,,not_measured,managed,0.2774,1.182408,faster
"np.mask_indices(n, triu) (float64)",Selection,float64,1000,,0.0096,0.0094,available,,not_measured,managed,0.0094,1.021277,close
"np.mask_indices(n, triu) (float64)",Selection,float64,100000,,0.6823,0.4534,available,,not_measured,managed,0.4534,1.504852,faster
"np.place(a, mask, values) (float64)",Selection,float64,1000,,0.0013,0.0004,available,,not_measured,managed,0.0004,3.25,negligible
"np.place(a, mask, values) (float64)",Selection,float64,100000,,0.3159,0.2729,available,,not_measured,managed,0.2729,1.157567,faster
"np.put(a, indices, values) (float64)",Selection,float64,1000,,0.0022,0.0036,available,,not_measured,managed,0.0036,0.611111,close
"np.put(a, indices, values) (float64)",Selection,float64,100000,,0.1094,0.1065,available,,not_measured,managed,0.1065,1.02723,close
"np.ravel_multi_index(coords, dims) (float64)",Selection,float64,1000,,0.0027,0.0023,available,,not_measured,managed,0.0023,1.173913,faster
"np.ravel_multi_index(coords, dims) (float64)",Selection,float64,100000,,0.0749,0.1212,available,,not_measured,managed,0.1212,0.617987,close
"np.select(condlist, choicelist) (float64)",Selection,float64,1000,,0.0122,0.0034,available,,not_measured,managed,0.0034,3.588235,faster
"np.select(condlist, choicelist) (float64)",Selection,float64,100000,,0.7093,0.1371,available,,not_measured,managed,0.1371,5.173596,faster
"np.take(a, indices) (float64)",Selection,float64,1000,,0.0015,0.0016,available,,not_measured,managed,0.0016,0.9375,close
"np.take(a, indices) (float64)",Selection,float64,100000,,0.0606,0.0977,available,,not_measured,managed,0.0977,0.620266,close
"np.take_along_axis(a, indices) (float64)",Selection,float64,1000,,0.0019,0.0014,available,,not_measured,managed,0.0014,1.357143,faster
"np.take_along_axis(a, indices) (float64)",Selection,float64,100000,,0.029,0.0764,available,,not_measured,managed,0.0764,0.379581,slower
np.tril_indices_from(a) (float64),Selection,float64,1000,,0.0109,0.0049,available,,not_measured,managed,0.0049,2.22449,faster
np.tril_indices_from(a) (float64),Selection,float64,100000,,0.0742,0.0609,available,,not_measured,managed,0.0609,1.218391,faster
np.triu_indices_from(a) (float64),Selection,float64,1000,,0.012,0.0053,available,,not_measured,managed,0.0053,2.264151,faster
np.triu_indices_from(a) (float64),Selection,float64,100000,,0.0701,0.0686,available,,not_measured,managed,0.0686,1.021866,close
"np.unravel_index(indices, shape) (float64)",Selection,float64,1000,,0.0016,0.0015,available,,not_measured,managed,0.0015,1.066667,faster
"np.unravel_index(indices, shape) (float64)",Selection,float64,100000,,0.095,0.1116,available,,not_measured,managed,0.1116,0.851254,close
np.where(cond) (float64),Selection,float64,1000,,0.0009,0.0019,available,,not_measured,managed,0.0019,0.473684,negligible
np.where(cond) (float64),Selection,float64,100000,,0.0292,0.0842,available,,not_measured,managed,0.0842,0.346793,slower
np.where(cond) (float64),Selection,float64,10000000,,9.6667,5.7192,available,,not_measured,managed,5.7192,1.690219,faster
"np.where(cond, a, b) (float64)",Selection,float64,1000,,0.0017,0.002,available,,not_measured,managed,0.002,0.85,close
"np.where(cond, a, b) (float64)",Selection,float64,100000,,0.0425,0.1181,available,,not_measured,managed,0.1181,0.359865,slower
"np.where(cond, a, b) (float64)",Selection,float64,10000000,,18.3488,18.4614,available,,not_measured,managed,18.4614,0.993901,close
a[100:1000] (contiguous slice),Slicing,float64,1000,,0.0002,0.0017,available,,not_measured,managed,0.0017,0.117647,negligible
a[100:1000] (contiguous slice),Slicing,float64,100000,,0.0002,0.0016,available,,not_measured,managed,0.0016,0.125,negligible
a[100:1000] (contiguous slice),Slicing,float64,10000000,,0.0002,0.0014,available,,not_measured,managed,0.0014,0.142857,negligible
a[100:1000] * 2,Slicing,float64,1000,,0.0009,0.0052,available,,not_measured,managed,0.0052,0.173077,negligible
a[100:1000] * 2,Slicing,float64,100000,,0.0011,0.0047,available,,not_measured,managed,0.0047,0.234043,slower
a[100:1000] * 2,Slicing,float64,10000000,,0.0011,0.0058,available,,not_measured,managed,0.0058,0.189655,much_slower
a[100:1000].copy(),Slicing,float64,1000,,0.0005,0.0064,available,,not_measured,managed,0.0064,0.078125,negligible
a[100:1000].copy(),Slicing,float64,100000,,0.0004,0.0045,available,,not_measured,managed,0.0045,0.088889,negligible
a[100:1000].copy(),Slicing,float64,10000000,,0.0005,0.0039,available,,not_measured,managed,0.0039,0.128205,negligible
"a[10:100, :] (row slice 2D)",Slicing,float64,1000,,0.0002,0.0021,available,,not_measured,managed,0.0021,0.095238,negligible
"a[10:100, :] (row slice 2D)",Slicing,float64,100000,,0.0002,0.0021,available,,not_measured,managed,0.0021,0.095238,negligible
"a[10:100, :] (row slice 2D)",Slicing,float64,10000000,,0.0002,0.0022,available,,not_measured,managed,0.0022,0.090909,negligible
"a[:, 10:100] (col slice 2D)",Slicing,float64,1000,,0.0002,0.0019,available,,not_measured,managed,0.0019,0.105263,negligible
"a[:, 10:100] (col slice 2D)",Slicing,float64,100000,,0.0002,0.0019,available,,not_measured,managed,0.0019,0.105263,negligible
"a[:, 10:100] (col slice 2D)",Slicing,float64,10000000,,0.0002,0.0027,available,,not_measured,managed,0.0027,0.074074,negligible
a[::-1] (reversed),Slicing,float64,1000,,0.0001,0.0014,available,,not_measured,managed,0.0014,0.071429,negligible
a[::-1] (reversed),Slicing,float64,100000,,0.0002,0.0013,available,,not_measured,managed,0.0013,0.153846,negligible
a[::-1] (reversed),Slicing,float64,10000000,,0.0002,0.0016,available,,not_measured,managed,0.0016,0.125,negligible
a[::2] (strided slice),Slicing,float64,1000,,0.0002,0.0013,available,,not_measured,managed,0.0013,0.153846,negligible
a[::2] (strided slice),Slicing,float64,100000,,0.0001,0.0013,available,,not_measured,managed,0.0013,0.076923,negligible
a[::2] (strided slice),Slicing,float64,10000000,,0.0002,0.0014,available,,not_measured,managed,0.0014,0.142857,negligible
a[::2] * 2,Slicing,float64,1000,,0.001,0.0069,available,,not_measured,managed,0.0069,0.144928,much_slower
a[::2] * 2,Slicing,float64,100000,,0.015,0.041,available,,not_measured,managed,0.041,0.365854,slower
a[::2] * 2,Slicing,float64,10000000,,11.4382,8.2016,available,,not_measured,managed,8.2016,1.39463,faster
np.copy(a[100:1000]),Slicing,float64,1000,,0.0007,0.0043,available,,not_measured,managed,0.0043,0.162791,negligible
np.copy(a[100:1000]),Slicing,float64,100000,,0.0007,0.0042,available,,not_measured,managed,0.0042,0.166667,negligible
np.copy(a[100:1000]),Slicing,float64,10000000,,0.0007,0.0037,available,,not_measured,managed,0.0037,0.189189,negligible
"np.argpartition(a, kth) (float32)",Sorting,float32,1000,,0.0046,0.009,available,,not_measured,managed,0.009,0.511111,close
"np.argpartition(a, kth) (float32)",Sorting,float32,100000,,0.1407,0.9097,available,,not_measured,managed,0.9097,0.154666,much_slower
"np.argpartition(a, kth) (float64)",Sorting,float64,1000,,0.0042,0.0125,available,,not_measured,managed,0.0125,0.336,slower
"np.argpartition(a, kth) (float64)",Sorting,float64,100000,,0.147,0.9968,available,,not_measured,managed,0.9968,0.147472,much_slower
"np.argpartition(a, kth) (int32)",Sorting,int32,1000,,0.0034,0.0134,available,,not_measured,managed,0.0134,0.253731,slower
"np.argpartition(a, kth) (int32)",Sorting,int32,100000,,0.1178,0.8762,available,,not_measured,managed,0.8762,0.134444,much_slower
"np.argpartition(a, kth) (int64)",Sorting,int64,1000,,0.0038,0.0116,available,,not_measured,managed,0.0116,0.327586,slower
"np.argpartition(a, kth) (int64)",Sorting,int64,100000,,0.1406,0.8482,available,,not_measured,managed,0.8482,0.165763,much_slower
np.argsort(a) (float32),Sorting,float32,1000,,0.0117,0.0273,available,,not_measured,managed,0.0273,0.428571,slower
np.argsort(a) (float32),Sorting,float32,100000,,1.5567,1.1759,available,,not_measured,managed,1.1759,1.323837,faster
np.argsort(a) (float32),Sorting,float32,10000000,,684.6272,314.1613,available,,not_measured,managed,314.1613,2.179222,faster
np.argsort(a) (float64),Sorting,float64,1000,,0.0109,0.0297,available,,not_measured,managed,0.0297,0.367003,slower
np.argsort(a) (float64),Sorting,float64,100000,,1.425,2.183,available,,not_measured,managed,2.183,0.652771,close
np.argsort(a) (float64),Sorting,float64,10000000,,731.5651,553.2263,available,,not_measured,managed,553.2263,1.322361,faster
np.argsort(a) (int32),Sorting,int32,1000,,0.012,0.0256,available,,not_measured,managed,0.0256,0.46875,slower
np.argsort(a) (int32),Sorting,int32,100000,,0.4125,0.9977,available,,not_measured,managed,0.9977,0.413451,slower
np.argsort(a) (int32),Sorting,int32,10000000,,207.499,265.7193,available,,not_measured,managed,265.7193,0.780895,close
np.argsort(a) (int64),Sorting,int64,1000,,0.0132,0.025,available,,not_measured,managed,0.025,0.528,close
np.argsort(a) (int64),Sorting,int64,100000,,0.4781,1.821,available,,not_measured,managed,1.821,0.262548,slower
np.argsort(a) (int64),Sorting,int64,10000000,,328.3352,504.5494,available,,not_measured,managed,504.5494,0.650749,close
np.argwhere(a) (float32),Sorting,float32,1000,,0.0044,0.0021,available,,not_measured,managed,0.0021,2.095238,faster
np.argwhere(a) (float32),Sorting,float32,100000,,0.4782,0.133,available,,not_measured,managed,0.133,3.595489,faster
np.argwhere(a) (float64),Sorting,float64,1000,,0.0044,0.0018,available,,not_measured,managed,0.0018,2.444444,faster
np.argwhere(a) (float64),Sorting,float64,100000,,0.2906,0.0749,available,,not_measured,managed,0.0749,3.87984,faster
np.argwhere(a) (int32),Sorting,int32,1000,,0.0033,0.0044,available,,not_measured,managed,0.0044,0.75,close
np.argwhere(a) (int32),Sorting,int32,100000,,0.3915,0.1188,available,,not_measured,managed,0.1188,3.295455,faster
np.argwhere(a) (int64),Sorting,int64,1000,,0.0033,0.0027,available,,not_measured,managed,0.0027,1.222222,faster
np.argwhere(a) (int64),Sorting,int64,100000,,0.3953,0.1217,available,,not_measured,managed,0.1217,3.248151,faster
np.flatnonzero(a) (float32),Sorting,float32,1000,,0.0033,0.0019,available,,not_measured,managed,0.0019,1.736842,faster
np.flatnonzero(a) (float32),Sorting,float32,100000,,0.2037,0.1934,available,,not_measured,managed,0.1934,1.053257,faster
np.flatnonzero(a) (float64),Sorting,float64,1000,,0.0033,0.0021,available,,not_measured,managed,0.0021,1.571429,faster
np.flatnonzero(a) (float64),Sorting,float64,100000,,0.1897,0.181,available,,not_measured,managed,0.181,1.048066,close
np.flatnonzero(a) (int32),Sorting,int32,1000,,0.0024,0.0057,available,,not_measured,managed,0.0057,0.421053,slower
np.flatnonzero(a) (int32),Sorting,int32,100000,,0.102,0.2369,available,,not_measured,managed,0.2369,0.430561,slower
np.flatnonzero(a) (int64),Sorting,int64,1000,,0.0022,0.0027,available,,not_measured,managed,0.0027,0.814815,close
np.flatnonzero(a) (int64),Sorting,int64,100000,,0.1108,0.2412,available,,not_measured,managed,0.2412,0.45937,slower
"np.lexsort((b, a)) (float32)",Sorting,float32,1000,,0.0465,0.0334,available,,not_measured,managed,0.0334,1.392216,faster
"np.lexsort((b, a)) (float32)",Sorting,float32,100000,,13.4298,2.8782,available,,not_measured,managed,2.8782,4.666041,faster
"np.lexsort((b, a)) (float64)",Sorting,float64,1000,,0.041,0.0562,available,,not_measured,managed,0.0562,0.729537,close
"np.lexsort((b, a)) (float64)",Sorting,float64,100000,,13.4828,4.6279,available,,not_measured,managed,4.6279,2.913373,faster
"np.lexsort((b, a)) (int32)",Sorting,int32,1000,,0.0418,0.0548,available,,not_measured,managed,0.0548,0.762774,close
"np.lexsort((b, a)) (int32)",Sorting,int32,100000,,10.267,2.2401,available,,not_measured,managed,2.2401,4.583278,faster
"np.lexsort((b, a)) (int64)",Sorting,int64,1000,,0.0398,0.0404,available,,not_measured,managed,0.0404,0.985149,close
"np.lexsort((b, a)) (int64)",Sorting,int64,100000,,10.9992,3.8592,available,,not_measured,managed,3.8592,2.850124,faster
np.nonzero(a) (float32),Sorting,float32,1000,,0.0027,0.0083,available,,not_measured,managed,0.0083,0.325301,slower
np.nonzero(a) (float32),Sorting,float32,100000,,0.1875,0.067,available,,not_measured,managed,0.067,2.798507,faster
np.nonzero(a) (float32),Sorting,float32,10000000,,26.363,37.8406,available,,not_measured,managed,37.8406,0.696686,close
np.nonzero(a) (float64),Sorting,float64,1000,,0.0028,0.0045,available,,not_measured,managed,0.0045,0.622222,close
np.nonzero(a) (float64),Sorting,float64,100000,,0.1744,0.0871,available,,not_measured,managed,0.0871,2.002296,faster
np.nonzero(a) (float64),Sorting,float64,10000000,,27.7672,35.4112,available,,not_measured,managed,35.4112,0.784136,close
np.nonzero(a) (int32),Sorting,int32,1000,,0.0017,0.0056,available,,not_measured,managed,0.0056,0.303571,slower
np.nonzero(a) (int32),Sorting,int32,100000,,0.0996,0.0627,available,,not_measured,managed,0.0627,1.588517,faster
np.nonzero(a) (int32),Sorting,int32,10000000,,27.1587,26.7773,available,,not_measured,managed,26.7773,1.014243,close
np.nonzero(a) (int64),Sorting,int64,1000,,0.0018,0.0117,available,,not_measured,managed,0.0117,0.153846,much_slower
np.nonzero(a) (int64),Sorting,int64,100000,,0.1058,0.0893,available,,not_measured,managed,0.0893,1.18477,faster
np.nonzero(a) (int64),Sorting,int64,10000000,,28.6088,34.3408,available,,not_measured,managed,34.3408,0.833085,close
"np.partition(a, kth) (float32)",Sorting,float32,1000,,0.0025,0.0108,available,,not_measured,managed,0.0108,0.231481,slower
"np.partition(a, kth) (float32)",Sorting,float32,100000,,0.0984,0.8077,available,,not_measured,managed,0.8077,0.121827,much_slower
"np.partition(a, kth) (float64)",Sorting,float64,1000,,0.0032,0.0076,available,,not_measured,managed,0.0076,0.421053,slower
"np.partition(a, kth) (float64)",Sorting,float64,100000,,0.14,0.8903,available,,not_measured,managed,0.8903,0.15725,much_slower
"np.partition(a, kth) (int32)",Sorting,int32,1000,,0.0023,0.0063,available,,not_measured,managed,0.0063,0.365079,slower
"np.partition(a, kth) (int32)",Sorting,int32,100000,,0.0262,0.6836,available,,not_measured,managed,0.6836,0.038327,much_slower
"np.partition(a, kth) (int64)",Sorting,int64,1000,,0.0023,0.0108,available,,not_measured,managed,0.0108,0.212963,slower
"np.partition(a, kth) (int64)",Sorting,int64,100000,,0.0916,0.6718,available,,not_measured,managed,0.6718,0.13635,much_slower
"np.searchsorted(a, v) (float32)",Sorting,float32,1000,,0.008,0.0111,available,,not_measured,managed,0.0111,0.720721,close
"np.searchsorted(a, v) (float32)",Sorting,float32,100000,,2.0084,2.7686,available,,not_measured,managed,2.7686,0.725421,close
"np.searchsorted(a, v) (float32)",Sorting,float32,10000000,,253.3312,356.6051,available,,not_measured,managed,356.6051,0.710397,close
"np.searchsorted(a, v) (float64)",Sorting,float64,1000,,0.0076,0.011,available,,not_measured,managed,0.011,0.690909,close
"np.searchsorted(a, v) (float64)",Sorting,float64,100000,,2.0697,2.7222,available,,not_measured,managed,2.7222,0.760304,close
"np.searchsorted(a, v) (float64)",Sorting,float64,10000000,,246.6668,347.4465,available,,not_measured,managed,347.4465,0.709942,close
"np.searchsorted(a, v) (int32)",Sorting,int32,1000,,0.0186,0.0055,available,,not_measured,managed,0.0055,3.381818,faster
"np.searchsorted(a, v) (int32)",Sorting,int32,100000,,2.8518,2.3337,available,,not_measured,managed,2.3337,1.222008,faster
"np.searchsorted(a, v) (int32)",Sorting,int32,10000000,,397.8058,348.3851,available,,not_measured,managed,348.3851,1.141857,faster
"np.searchsorted(a, v) (int64)",Sorting,int64,1000,,0.0188,0.0072,available,,not_measured,managed,0.0072,2.611111,faster
"np.searchsorted(a, v) (int64)",Sorting,int64,100000,,2.8563,2.3386,available,,not_measured,managed,2.3386,1.221372,faster
"np.searchsorted(a, v) (int64)",Sorting,int64,10000000,,408.4761,352.0518,available,,not_measured,managed,352.0518,1.160273,faster
np.sort(a) (float32),Sorting,float32,1000,,0.0024,0.0127,available,,not_measured,managed,0.0127,0.188976,much_slower
np.sort(a) (float32),Sorting,float32,100000,,0.223,0.6355,available,,not_measured,managed,0.6355,0.350905,slower
np.sort(a) (float64),Sorting,float64,1000,,0.0038,0.0151,available,,not_measured,managed,0.0151,0.251656,slower
np.sort(a) (float64),Sorting,float64,100000,,0.5009,1.4116,available,,not_measured,managed,1.4116,0.354846,slower
np.sort(a) (int32),Sorting,int32,1000,,0.0024,0.0119,available,,not_measured,managed,0.0119,0.201681,slower
np.sort(a) (int32),Sorting,int32,100000,,0.0897,0.678,available,,not_measured,managed,0.678,0.132301,much_slower
np.sort(a) (int64),Sorting,int64,1000,,0.0074,0.027,available,,not_measured,managed,0.027,0.274074,slower
np.sort(a) (int64),Sorting,int64,100000,,0.2737,1.1565,available,,not_measured,managed,1.1565,0.236662,slower
np.sort_complex(a) (float32),Sorting,float32,1000,,0.003,0.015,available,,not_measured,managed,0.015,0.2,slower
np.sort_complex(a) (float32),Sorting,float32,100000,,0.5146,1.0617,available,,not_measured,managed,1.0617,0.484694,slower
np.sort_complex(a) (float64),Sorting,float64,1000,,0.0044,0.0206,available,,not_measured,managed,0.0206,0.213592,slower
np.sort_complex(a) (float64),Sorting,float64,100000,,0.7593,1.451,available,,not_measured,managed,1.451,0.523294,close
np.sort_complex(a) (int32),Sorting,int32,1000,,0.0033,0.0325,available,,not_measured,managed,0.0325,0.101538,much_slower
np.sort_complex(a) (int32),Sorting,int32,100000,,0.3769,1.149,available,,not_measured,managed,1.149,0.328024,slower
np.sort_complex(a) (int64),Sorting,int64,1000,,0.0068,0.0412,available,,not_measured,managed,0.0412,0.165049,much_slower
np.sort_complex(a) (int64),Sorting,int64,100000,,0.5434,1.5443,available,,not_measured,managed,1.5443,0.351875,slower
np.average(a) (float16),Statistics,float16,1000,,0.0053,,not_measured,,not_measured,,,,no_data
np.average(a) (float16),Statistics,float16,100000,,0.1061,,not_measured,,not_measured,,,,no_data
np.average(a) (float16),Statistics,float16,10000000,,10.039,,not_measured,,not_measured,,,,no_data
np.average(a) (float32),Statistics,float32,1000,,0.0042,,not_measured,,not_measured,,,,no_data
np.average(a) (float32),Statistics,float32,100000,,0.0177,,not_measured,,not_measured,,,,no_data
np.average(a) (float32),Statistics,float32,10000000,,2.8302,,not_measured,,not_measured,,,,no_data
np.average(a) (float64),Statistics,float64,1000,,0.0029,,not_measured,,not_measured,,,,no_data
np.average(a) (float64),Statistics,float64,100000,,0.0177,,not_measured,,not_measured,,,,no_data
np.average(a) (float64),Statistics,float64,10000000,,4.8702,,not_measured,,not_measured,,,,no_data
np.bincount(a) (int32),Statistics,int32,1000,,0.0015,0.0053,available,,not_measured,managed,0.0053,0.283019,slower
np.bincount(a) (int32),Statistics,int32,100000,,0.0986,0.2905,available,,not_measured,managed,0.2905,0.339415,slower
"np.convolve(a, kernel) (float64)",Statistics,float64,1000,,0.0112,,not_measured,,not_measured,,,,no_data
"np.convolve(a, kernel) (float64)",Statistics,float64,100000,,1.0083,,not_measured,,not_measured,,,,no_data
"np.convolve(a, v, mode='same')",Statistics,float64,100000,"mode=same,kernel=31",1.2044,0.1367,available,2.8086,available,managed,0.1367,8.810534,faster
"np.corrcoef(a, b) (float64)",Statistics,float64,1000,,0.019,,not_measured,,not_measured,,,,no_data
"np.corrcoef(a, b) (float64)",Statistics,float64,100000,,0.5821,,not_measured,,not_measured,,,,no_data
"np.correlate(a, kernel) (float64)",Statistics,float64,1000,,0.0107,,not_measured,,not_measured,,,,no_data
"np.correlate(a, kernel) (float64)",Statistics,float64,100000,,1.0097,,not_measured,,not_measured,,,,no_data
"np.correlate(a, v, mode='same')",Statistics,float64,100000,"mode=same,kernel=31",1.0705,0.1287,available,2.677,available,managed,0.1287,8.317793,faster
np.count_nonzero(a) (float16),Statistics,float16,1000,,0.0017,,not_measured,,not_measured,,,,no_data
np.count_nonzero(a) (float16),Statistics,float16,100000,,0.1517,,not_measured,,not_measured,,,,no_data
np.count_nonzero(a) (float16),Statistics,float16,10000000,,16.2733,,not_measured,,not_measured,,,,no_data
np.count_nonzero(a) (float32),Statistics,float32,1000,,0.0008,,not_measured,,not_measured,,,,no_data
np.count_nonzero(a) (float32),Statistics,float32,100000,,0.0378,,not_measured,,not_measured,,,,no_data
np.count_nonzero(a) (float32),Statistics,float32,10000000,,4.1687,,not_measured,,not_measured,,,,no_data
np.count_nonzero(a) (float64),Statistics,float64,1000,,0.0006,,not_measured,,not_measured,,,,no_data
np.count_nonzero(a) (float64),Statistics,float64,100000,,0.0368,,not_measured,,not_measured,,,,no_data
np.count_nonzero(a) (float64),Statistics,float64,10000000,,5.6123,,not_measured,,not_measured,,,,no_data
"np.cov(a, b) (float64)",Statistics,float64,1000,,0.0141,,not_measured,,not_measured,,,,no_data
"np.cov(a, b) (float64)",Statistics,float64,100000,,0.5967,,not_measured,,not_measured,,,,no_data
"np.cross(a, b) (float64)",Statistics,float64,1000,,0.0136,,not_measured,,not_measured,,,,no_data
"np.cross(a, b) (float64)",Statistics,float64,100000,,0.8592,,not_measured,,not_measured,,,,no_data
np.diff(a) (float64),Statistics,float64,1000,,0.0018,,not_measured,,not_measured,,,,no_data
np.diff(a) (float64),Statistics,float64,100000,,0.0131,,not_measured,,not_measured,,,,no_data
"np.digitize(a, bins) (float64)",Statistics,float64,1000,,0.0196,,not_measured,,not_measured,,,,no_data
"np.digitize(a, bins) (float64)",Statistics,float64,100000,,3.2776,,not_measured,,not_measured,,,,no_data
np.ediff1d(a) (float64),Statistics,float64,1000,,0.0012,,not_measured,,not_measured,,,,no_data
np.ediff1d(a) (float64),Statistics,float64,100000,,0.0122,,not_measured,,not_measured,,,,no_data
"np.inner(a, b) (float64)",Statistics,float64,1000,,0.0007,,not_measured,,not_measured,,,,no_data
"np.kron(a, b) (float64)",Statistics,float64,1000,,0.0105,,not_measured,,not_measured,,,,no_data
"np.kron(a, b) (float64)",Statistics,float64,100000,,0.0446,,not_measured,,not_measured,,,,no_data
np.median(a) (float16),Statistics,float16,1000,,0.0136,,not_measured,,not_measured,,,,no_data
np.median(a) (float16),Statistics,float16,100000,,0.8966,,not_measured,,not_measured,,,,no_data
np.median(a) (float16),Statistics,float16,10000000,,105.4491,,not_measured,,not_measured,,,,no_data
np.median(a) (float32),Statistics,float32,1000,,0.0109,,not_measured,,not_measured,,,,no_data
np.median(a) (float32),Statistics,float32,100000,,0.4808,,not_measured,,not_measured,,,,no_data
np.median(a) (float32),Statistics,float32,10000000,,82.6073,,not_measured,,not_measured,,,,no_data
np.median(a) (float64),Statistics,float64,1000,,0.0095,,not_measured,,not_measured,,,,no_data
np.median(a) (float64),Statistics,float64,100000,,0.4849,,not_measured,,not_measured,,,,no_data
np.median(a) (float64),Statistics,float64,10000000,,84.7444,,not_measured,,not_measured,,,,no_data
"np.percentile(a, 50) (float16)",Statistics,float16,1000,,0.0315,,not_measured,,not_measured,,,,no_data
"np.percentile(a, 50) (float16)",Statistics,float16,100000,,1.7711,,not_measured,,not_measured,,,,no_data
"np.percentile(a, 50) (float16)",Statistics,float16,10000000,,111.3185,,not_measured,,not_measured,,,,no_data
"np.percentile(a, 50) (float32)",Statistics,float32,1000,,0.0245,,not_measured,,not_measured,,,,no_data
"np.percentile(a, 50) (float32)",Statistics,float32,100000,,0.7215,,not_measured,,not_measured,,,,no_data
"np.percentile(a, 50) (float32)",Statistics,float32,10000000,,49.4465,,not_measured,,not_measured,,,,no_data
"np.percentile(a, 50) (float64)",Statistics,float64,1000,,0.0236,,not_measured,,not_measured,,,,no_data
"np.percentile(a, 50) (float64)",Statistics,float64,100000,,0.7316,,not_measured,,not_measured,,,,no_data
"np.percentile(a, 50) (float64)",Statistics,float64,10000000,,57.6365,,not_measured,,not_measured,,,,no_data
np.ptp(a) (float16),Statistics,float16,1000,,0.0074,,not_measured,,not_measured,,,,no_data
np.ptp(a) (float16),Statistics,float16,100000,,1.0269,,not_measured,,not_measured,,,,no_data
np.ptp(a) (float16),Statistics,float16,10000000,,101.5288,,not_measured,,not_measured,,,,no_data
np.ptp(a) (float32),Statistics,float32,1000,,0.0025,,not_measured,,not_measured,,,,no_data
np.ptp(a) (float32),Statistics,float32,100000,,0.0112,,not_measured,,not_measured,,,,no_data
np.ptp(a) (float32),Statistics,float32,10000000,,2.8534,,not_measured,,not_measured,,,,no_data
np.ptp(a) (float64),Statistics,float64,1000,,0.0031,,not_measured,,not_measured,,,,no_data
np.ptp(a) (float64),Statistics,float64,100000,,0.0192,,not_measured,,not_measured,,,,no_data
np.ptp(a) (float64),Statistics,float64,10000000,,6.882,,not_measured,,not_measured,,,,no_data
"np.quantile(a, 0.5) (float16)",Statistics,float16,1000,,0.0279,,not_measured,,not_measured,,,,no_data
"np.quantile(a, 0.5) (float16)",Statistics,float16,100000,,1.7868,,not_measured,,not_measured,,,,no_data
"np.quantile(a, 0.5) (float16)",Statistics,float16,10000000,,111.3907,,not_measured,,not_measured,,,,no_data
"np.quantile(a, 0.5) (float32)",Statistics,float32,1000,,0.0229,,not_measured,,not_measured,,,,no_data
"np.quantile(a, 0.5) (float32)",Statistics,float32,100000,,0.6943,,not_measured,,not_measured,,,,no_data
"np.quantile(a, 0.5) (float32)",Statistics,float32,10000000,,47.404,,not_measured,,not_measured,,,,no_data
"np.quantile(a, 0.5) (float64)",Statistics,float64,1000,,0.0229,,not_measured,,not_measured,,,,no_data
"np.quantile(a, 0.5) (float64)",Statistics,float64,100000,,0.7168,,not_measured,,not_measured,,,,no_data
"np.quantile(a, 0.5) (float64)",Statistics,float64,10000000,,58.0012,,not_measured,,not_measured,,,,no_data
np.trace(a) (float64),Statistics,float64,1000,,0.0013,,not_measured,,not_measured,,,,no_data
np.trace(a) (float64),Statistics,float64,100000,,0.0014,,not_measured,,not_measured,,,,no_data
a * a (square via multiply) (float16),Unary,float16,1000,,0.0032,0.0051,available,,not_measured,managed,0.0051,0.627451,close
a * a (square via multiply) (float16),Unary,float16,100000,,0.2771,0.4761,available,,not_measured,managed,0.4761,0.582021,close
a * a (square via multiply) (float16),Unary,float16,10000000,,32.192,48.9641,available,,not_measured,managed,48.9641,0.657461,close
a * a (square via multiply) (float32),Unary,float32,1000,,0.0005,0.0014,available,,not_measured,managed,0.0014,0.357143,negligible
a * a (square via multiply) (float32),Unary,float32,100000,,0.0075,0.0291,available,,not_measured,managed,0.0291,0.257732,slower
a * a (square via multiply) (float32),Unary,float32,10000000,,19.8608,5.9319,available,,not_measured,managed,5.9319,3.348135,faster
a * a (square via multiply) (float64),Unary,float64,1000,,0.0006,0.0019,available,,not_measured,managed,0.0019,0.315789,negligible
a * a (square via multiply) (float64),Unary,float64,100000,,0.0131,0.0651,available,,not_measured,managed,0.0651,0.201229,slower
a * a (square via multiply) (float64),Unary,float64,10000000,,42.8528,13.9056,available,,not_measured,managed,13.9056,3.081694,faster
a * a * a (cube via multiply) (float16),Unary,float16,1000,,0.0102,0.0103,available,,not_measured,managed,0.0103,0.990291,close
a * a * a (cube via multiply) (float16),Unary,float16,100000,,0.8886,1.4264,available,,not_measured,managed,1.4264,0.622967,close
a * a * a (cube via multiply) (float16),Unary,float16,10000000,,98.3296,133.336,available,,not_measured,managed,133.336,0.737457,close
a * a * a (cube via multiply) (float32),Unary,float32,1000,,0.0011,0.0032,available,,not_measured,managed,0.0032,0.34375,slower
a * a * a (cube via multiply) (float32),Unary,float32,100000,,0.0175,0.0565,available,,not_measured,managed,0.0565,0.309735,slower
a * a * a (cube via multiply) (float32),Unary,float32,10000000,,33.2688,11.2398,available,,not_measured,managed,11.2398,2.95991,faster
a * a * a (cube via multiply) (float64),Unary,float64,1000,,0.0014,0.0036,available,,not_measured,managed,0.0036,0.388889,slower
a * a * a (cube via multiply) (float64),Unary,float64,100000,,0.336,0.129,available,,not_measured,managed,0.129,2.604651,faster
a * a * a (cube via multiply) (float64),Unary,float64,10000000,,91.5704,31.1959,available,,not_measured,managed,31.1959,2.935334,faster
np.abs (float16),Unary,float16,1000,,0.0008,0.0016,available,,not_measured,managed,0.0016,0.5,negligible
np.abs (float16),Unary,float16,100000,,0.0284,0.0233,available,,not_measured,managed,0.0233,1.218884,faster
np.abs (float16),Unary,float16,10000000,,4.7215,3.1708,available,,not_measured,managed,3.1708,1.489056,faster
np.abs (float32),Unary,float32,1000,,0.0005,0.0013,available,,not_measured,managed,0.0013,0.384615,negligible
np.abs (float32),Unary,float32,100000,,0.0069,0.0399,available,,not_measured,managed,0.0399,0.172932,much_slower
np.abs (float32),Unary,float32,10000000,,14.8836,5.4299,available,,not_measured,managed,5.4299,2.741045,faster
np.abs (float64),Unary,float64,1000,,0.0006,0.0016,available,,not_measured,managed,0.0016,0.375,negligible
np.abs (float64),Unary,float64,100000,,0.0121,0.0765,available,,not_measured,managed,0.0765,0.15817,much_slower
np.abs (float64),Unary,float64,10000000,,37.7911,14.0634,available,,not_measured,managed,14.0634,2.687195,faster
np.absolute(a) (float16),Unary,float16,1000,,0.0008,0.0011,available,,not_measured,managed,0.0011,0.727273,negligible
np.absolute(a) (float16),Unary,float16,100000,,0.0276,0.022,available,,not_measured,managed,0.022,1.254545,faster
np.absolute(a) (float16),Unary,float16,10000000,,6.8518,3.0176,available,,not_measured,managed,3.0176,2.270612,faster
np.absolute(a) (float32),Unary,float32,1000,,0.0005,0.0014,available,,not_measured,managed,0.0014,0.357143,negligible
np.absolute(a) (float32),Unary,float32,100000,,0.0069,0.0267,available,,not_measured,managed,0.0267,0.258427,slower
np.absolute(a) (float32),Unary,float32,10000000,,16.6845,5.2011,available,,not_measured,managed,5.2011,3.207879,faster
np.absolute(a) (float64),Unary,float64,1000,,0.0006,0.0016,available,,not_measured,managed,0.0016,0.375,negligible
np.absolute(a) (float64),Unary,float64,100000,,0.0112,0.0591,available,,not_measured,managed,0.0591,0.189509,much_slower
np.absolute(a) (float64),Unary,float64,10000000,,43.3844,14.1981,available,,not_measured,managed,14.1981,3.055648,faster
np.acosh(a) (float16),Unary,float16,1000,,0.0087,0.011,available,,not_measured,managed,0.011,0.790909,close
np.acosh(a) (float16),Unary,float16,100000,,0.8357,1.0623,available,,not_measured,managed,1.0623,0.786689,close
np.acosh(a) (float16),Unary,float16,10000000,,175.7623,106.3626,available,,not_measured,managed,106.3626,1.652482,faster
np.acosh(a) (float32),Unary,float32,1000,,0.0056,0.0061,available,,not_measured,managed,0.0061,0.918033,close
np.acosh(a) (float32),Unary,float32,100000,,0.5225,0.5542,available,,not_measured,managed,0.5542,0.9428,close
np.acosh(a) (float32),Unary,float32,10000000,,122.6432,54.7233,available,,not_measured,managed,54.7233,2.241151,faster
np.acosh(a) (float64),Unary,float64,1000,,0.0067,0.0073,available,,not_measured,managed,0.0073,0.917808,close
np.acosh(a) (float64),Unary,float64,100000,,0.6273,0.6723,available,,not_measured,managed,0.6723,0.933066,close
np.acosh(a) (float64),Unary,float64,10000000,,70.5485,70.8437,available,,not_measured,managed,70.8437,0.995833,close
np.angle(a) (float16),Unary,float16,1000,,0.0115,0.012,available,,not_measured,managed,0.012,0.958333,close
np.angle(a) (float16),Unary,float16,100000,,1.0705,0.8519,available,,not_measured,managed,0.8519,1.256603,faster
np.angle(a) (float16),Unary,float16,10000000,,176.9113,95.4108,available,,not_measured,managed,95.4108,1.854206,faster
np.angle(a) (float32),Unary,float32,1000,,0.004,0.0114,available,,not_measured,managed,0.0114,0.350877,slower
np.angle(a) (float32),Unary,float32,100000,,0.646,0.7114,available,,not_measured,managed,0.7114,0.908069,close
np.angle(a) (float32),Unary,float32,10000000,,125.1781,84.1726,available,,not_measured,managed,84.1726,1.48716,faster
np.angle(a) (float64),Unary,float64,1000,,0.0044,0.0085,available,,not_measured,managed,0.0085,0.517647,close
np.angle(a) (float64),Unary,float64,100000,,0.583,0.6797,available,,not_measured,managed,0.6797,0.857731,close
np.angle(a) (float64),Unary,float64,10000000,,67.1382,78.2705,available,,not_measured,managed,78.2705,0.857771,close
np.arccos(a) (float16),Unary,float16,1000,,0.0069,0.0079,available,,not_measured,managed,0.0079,0.873418,close
np.arccos(a) (float16),Unary,float16,100000,,1.0856,1.2351,available,,not_measured,managed,1.2351,0.878957,close
np.arccos(a) (float16),Unary,float16,10000000,,201.7358,124.2961,available,,not_measured,managed,124.2961,1.623026,faster
np.arccos(a) (float32),Unary,float32,1000,,0.0035,0.006,available,,not_measured,managed,0.006,0.583333,close
np.arccos(a) (float32),Unary,float32,100000,,0.7555,0.8056,available,,not_measured,managed,0.8056,0.93781,close
np.arccos(a) (float32),Unary,float32,10000000,,146.3195,79.1855,available,,not_measured,managed,79.1855,1.847807,faster
np.arccos(a) (float64),Unary,float64,1000,,0.004,0.0066,available,,not_measured,managed,0.0066,0.606061,close
np.arccos(a) (float64),Unary,float64,100000,,0.7928,0.8706,available,,not_measured,managed,0.8706,0.910636,close
np.arccos(a) (float64),Unary,float64,10000000,,158.3249,92.399,available,,not_measured,managed,92.399,1.713491,faster
np.arccosh(a) (float16),Unary,float16,1000,,0.0087,0.011,available,,not_measured,managed,0.011,0.790909,close
np.arccosh(a) (float16),Unary,float16,100000,,0.8368,1.0638,available,,not_measured,managed,1.0638,0.786614,close
np.arccosh(a) (float16),Unary,float16,10000000,,174.1895,106.8178,available,,not_measured,managed,106.8178,1.630716,faster
np.arccosh(a) (float32),Unary,float32,1000,,0.0057,0.0061,available,,not_measured,managed,0.0061,0.934426,close
np.arccosh(a) (float32),Unary,float32,100000,,0.5289,0.5684,available,,not_measured,managed,0.5684,0.930507,close
np.arccosh(a) (float32),Unary,float32,10000000,,120.0413,54.7337,available,,not_measured,managed,54.7337,2.193188,faster
np.arccosh(a) (float64),Unary,float64,1000,,0.0067,0.0073,available,,not_measured,managed,0.0073,0.917808,close
np.arccosh(a) (float64),Unary,float64,100000,,0.6341,0.6718,available,,not_measured,managed,0.6718,0.943882,close
np.arccosh(a) (float64),Unary,float64,10000000,,70.5384,70.9531,available,,not_measured,managed,70.9531,0.994155,close
np.arcsin(a) (float16),Unary,float16,1000,,0.008,0.0082,available,,not_measured,managed,0.0082,0.97561,close
np.arcsin(a) (float16),Unary,float16,100000,,1.0885,1.2283,available,,not_measured,managed,1.2283,0.886184,close
np.arcsin(a) (float16),Unary,float16,10000000,,161.6909,123.7359,available,,not_measured,managed,123.7359,1.306742,faster
np.arcsin(a) (float32),Unary,float32,1000,,0.0049,0.0067,available,,not_measured,managed,0.0067,0.731343,close
np.arcsin(a) (float32),Unary,float32,100000,,0.7974,0.8377,available,,not_measured,managed,0.8377,0.951892,close
np.arcsin(a) (float32),Unary,float32,10000000,,154.7749,83.4208,available,,not_measured,managed,83.4208,1.855351,faster
np.arcsin(a) (float64),Unary,float64,1000,,0.0039,0.0067,available,,not_measured,managed,0.0067,0.58209,close
np.arcsin(a) (float64),Unary,float64,100000,,0.808,0.8655,available,,not_measured,managed,0.8655,0.933564,close
np.arcsin(a) (float64),Unary,float64,10000000,,180.7692,91.812,available,,not_measured,managed,91.812,1.968906,faster
np.arcsinh(a) (float16),Unary,float16,1000,,0.0108,0.0124,available,,not_measured,managed,0.0124,0.870968,close
np.arcsinh(a) (float16),Unary,float16,100000,,1.1686,1.4248,available,,not_measured,managed,1.4248,0.820185,close
np.arcsinh(a) (float16),Unary,float16,10000000,,233.9553,143.7835,available,,not_measured,managed,143.7835,1.627136,faster
np.arcsinh(a) (float32),Unary,float32,1000,,0.007,0.0073,available,,not_measured,managed,0.0073,0.958904,close
np.arcsinh(a) (float32),Unary,float32,100000,,0.9275,0.8964,available,,not_measured,managed,0.8964,1.034694,close
np.arcsinh(a) (float32),Unary,float32,10000000,,180.6054,88.964,available,,not_measured,managed,88.964,2.030095,faster
np.arcsinh(a) (float64),Unary,float64,1000,,0.0091,0.0088,available,,not_measured,managed,0.0088,1.034091,close
np.arcsinh(a) (float64),Unary,float64,100000,,0.942,0.9854,available,,not_measured,managed,0.9854,0.955957,close
np.arcsinh(a) (float64),Unary,float64,10000000,,103.3921,101.9965,available,,not_measured,managed,101.9965,1.013683,close
np.arctan(a) (float16),Unary,float16,1000,,0.0078,0.0085,available,,not_measured,managed,0.0085,0.917647,close
np.arctan(a) (float16),Unary,float16,100000,,1.2497,1.4223,available,,not_measured,managed,1.4223,0.878647,close
np.arctan(a) (float16),Unary,float16,10000000,,219.5798,143.3053,available,,not_measured,managed,143.3053,1.532252,faster
np.arctan(a) (float32),Unary,float32,1000,,0.0041,0.0065,available,,not_measured,managed,0.0065,0.630769,close
np.arctan(a) (float32),Unary,float32,100000,,0.9274,1.0006,available,,not_measured,managed,1.0006,0.926844,close
np.arctan(a) (float32),Unary,float32,10000000,,156.039,98.1614,available,,not_measured,managed,98.1614,1.589617,faster
np.arctan(a) (float64),Unary,float64,1000,,0.0039,0.0059,available,,not_measured,managed,0.0059,0.661017,close
np.arctan(a) (float64),Unary,float64,100000,,0.951,0.999,available,,not_measured,managed,0.999,0.951952,close
np.arctan(a) (float64),Unary,float64,10000000,,196.1692,105.276,available,,not_measured,managed,105.276,1.86338,faster
"np.arctan2(a, b) (float16)",Unary,float16,1000,,0.0103,0.0126,available,,not_measured,managed,0.0126,0.81746,close
"np.arctan2(a, b) (float16)",Unary,float16,100000,,1.6587,1.8228,available,,not_measured,managed,1.8228,0.909974,close
"np.arctan2(a, b) (float16)",Unary,float16,10000000,,302.2407,183.3922,available,,not_measured,managed,183.3922,1.648056,faster
"np.arctan2(a, b) (float32)",Unary,float32,1000,,0.0044,0.0174,available,,not_measured,managed,0.0174,0.252874,slower
"np.arctan2(a, b) (float32)",Unary,float32,100000,,1.3405,2.2456,available,,not_measured,managed,2.2456,0.596945,close
"np.arctan2(a, b) (float32)",Unary,float32,10000000,,235.8167,222.1751,available,,not_measured,managed,222.1751,1.0614,faster
"np.arctan2(a, b) (float64)",Unary,float64,1000,,0.0059,0.0069,available,,not_measured,managed,0.0069,0.855072,close
"np.arctan2(a, b) (float64)",Unary,float64,100000,,1.3951,1.4286,available,,not_measured,managed,1.4286,0.97655,close
"np.arctan2(a, b) (float64)",Unary,float64,10000000,,303.1599,146.517,available,,not_measured,managed,146.517,2.069111,faster
np.arctanh(a) (float16),Unary,float16,1000,,0.0092,0.0105,available,,not_measured,managed,0.0105,0.87619,close
np.arctanh(a) (float16),Unary,float16,100000,,1.0397,1.2408,available,,not_measured,managed,1.2408,0.837927,close
np.arctanh(a) (float16),Unary,float16,10000000,,204.2175,124.4793,available,,not_measured,managed,124.4793,1.640574,faster
np.arctanh(a) (float32),Unary,float32,1000,,0.0054,0.0056,available,,not_measured,managed,0.0056,0.964286,close
np.arctanh(a) (float32),Unary,float32,100000,,0.7694,0.8511,available,,not_measured,managed,0.8511,0.904007,close
np.arctanh(a) (float32),Unary,float32,10000000,,171.1039,81.298,available,,not_measured,managed,81.298,2.104651,faster
np.arctanh(a) (float64),Unary,float64,1000,,0.006,0.0065,available,,not_measured,managed,0.0065,0.923077,close
np.arctanh(a) (float64),Unary,float64,100000,,0.8127,0.8613,available,,not_measured,managed,0.8613,0.943574,close
np.arctanh(a) (float64),Unary,float64,10000000,,91.1798,91.1225,available,,not_measured,managed,91.1225,1.000629,close
np.around (float16),Unary,float16,1000,,0.0055,0.0045,available,,not_measured,managed,0.0045,1.222222,faster
np.around (float16),Unary,float16,100000,,0.4273,0.4026,available,,not_measured,managed,0.4026,1.061351,faster
np.around (float16),Unary,float16,10000000,,40.1621,39.4776,available,,not_measured,managed,39.4776,1.017339,close
np.around (float32),Unary,float32,1000,,0.0011,0.0015,available,,not_measured,managed,0.0015,0.733333,close
np.around (float32),Unary,float32,100000,,0.0067,0.0329,available,,not_measured,managed,0.0329,0.203647,slower
np.around (float32),Unary,float32,10000000,,21.1095,5.2993,available,,not_measured,managed,5.2993,3.983451,faster
np.around (float64),Unary,float64,1000,,0.0012,0.0015,available,,not_measured,managed,0.0015,0.8,close
np.around (float64),Unary,float64,100000,,0.0131,0.0896,available,,not_measured,managed,0.0896,0.146205,much_slower
np.around (float64),Unary,float64,10000000,,37.6376,14.9037,available,,not_measured,managed,14.9037,2.525386,faster
np.asinh(a) (float16),Unary,float16,1000,,0.0107,0.0126,available,,not_measured,managed,0.0126,0.849206,close
np.asinh(a) (float16),Unary,float16,100000,,1.1705,1.4276,available,,not_measured,managed,1.4276,0.819908,close
np.asinh(a) (float16),Unary,float16,10000000,,236.7801,143.5365,available,,not_measured,managed,143.5365,1.649616,faster
np.asinh(a) (float32),Unary,float32,1000,,0.0069,0.0073,available,,not_measured,managed,0.0073,0.945205,close
np.asinh(a) (float32),Unary,float32,100000,,0.9037,0.8962,available,,not_measured,managed,0.8962,1.008369,close
np.asinh(a) (float32),Unary,float32,10000000,,181.1358,88.8929,available,,not_measured,managed,88.8929,2.037686,faster
np.asinh(a) (float64),Unary,float64,1000,,0.0087,0.0087,available,,not_measured,managed,0.0087,1.0,close
np.asinh(a) (float64),Unary,float64,100000,,0.94,0.9813,available,,not_measured,managed,0.9813,0.957913,close
np.asinh(a) (float64),Unary,float64,10000000,,109.2611,101.8759,available,,not_measured,managed,101.8759,1.072492,faster
np.atanh(a) (float16),Unary,float16,1000,,0.0092,0.0105,available,,not_measured,managed,0.0105,0.87619,close
np.atanh(a) (float16),Unary,float16,100000,,1.0363,1.2402,available,,not_measured,managed,1.2402,0.835591,close
np.atanh(a) (float16),Unary,float16,10000000,,204.949,124.6002,available,,not_measured,managed,124.6002,1.644853,faster
np.atanh(a) (float32),Unary,float32,1000,,0.0053,0.0065,available,,not_measured,managed,0.0065,0.815385,close
np.atanh(a) (float32),Unary,float32,100000,,0.7673,0.8256,available,,not_measured,managed,0.8256,0.929385,close
np.atanh(a) (float32),Unary,float32,10000000,,164.4985,81.274,available,,not_measured,managed,81.274,2.023999,faster
np.atanh(a) (float64),Unary,float64,1000,,0.006,0.0064,available,,not_measured,managed,0.0064,0.9375,close
np.atanh(a) (float64),Unary,float64,100000,,0.8212,0.8631,available,,not_measured,managed,0.8631,0.951454,close
np.atanh(a) (float64),Unary,float64,10000000,,91.8729,91.7413,available,,not_measured,managed,91.7413,1.001434,close
np.cbrt(a) (float16),Unary,float16,1000,,0.0096,0.0245,available,,not_measured,managed,0.0245,0.391837,slower
np.cbrt(a) (float16),Unary,float16,100000,,1.1466,1.3497,available,,not_measured,managed,1.3497,0.849522,close
np.cbrt(a) (float16),Unary,float16,10000000,,118.5016,135.8927,available,,not_measured,managed,135.8927,0.872023,close
np.cbrt(a) (float32),Unary,float32,1000,,0.0061,0.0065,available,,not_measured,managed,0.0065,0.938462,close
np.cbrt(a) (float32),Unary,float32,100000,,0.8624,0.9005,available,,not_measured,managed,0.9005,0.95769,close
np.cbrt(a) (float32),Unary,float32,10000000,,90.5706,86.0522,available,,not_measured,managed,86.0522,1.052508,faster
np.cbrt(a) (float64),Unary,float64,1000,,0.0096,0.0103,available,,not_measured,managed,0.0103,0.932039,close
np.cbrt(a) (float64),Unary,float64,100000,,1.0832,1.085,available,,not_measured,managed,1.085,0.998341,close
np.cbrt(a) (float64),Unary,float64,10000000,,112.4066,109.8133,available,,not_measured,managed,109.8133,1.023616,close
np.ceil (float16),Unary,float16,1000,,0.0048,0.0058,available,,not_measured,managed,0.0058,0.827586,close
np.ceil (float16),Unary,float16,100000,,0.3887,0.338,available,,not_measured,managed,0.338,1.15,faster
np.ceil (float16),Unary,float16,10000000,,40.7962,33.1625,available,,not_measured,managed,33.1625,1.230191,faster
np.ceil (float32),Unary,float32,1000,,0.0005,0.0011,available,,not_measured,managed,0.0011,0.454545,negligible
np.ceil (float32),Unary,float32,100000,,0.0059,0.0353,available,,not_measured,managed,0.0353,0.167139,much_slower
np.ceil (float32),Unary,float32,10000000,,20.7342,5.3526,available,,not_measured,managed,5.3526,3.873669,faster
np.ceil (float64),Unary,float64,1000,,0.0006,0.0016,available,,not_measured,managed,0.0016,0.375,negligible
np.ceil (float64),Unary,float64,100000,,0.0124,0.1106,available,,not_measured,managed,0.1106,0.112116,much_slower
np.ceil (float64),Unary,float64,10000000,,31.9896,15.7422,available,,not_measured,managed,15.7422,2.032092,faster
"np.clip(a, -10, 10) (float16)",Unary,float16,1000,,0.0084,0.0064,available,,not_measured,managed,0.0064,1.3125,faster
"np.clip(a, -10, 10) (float16)",Unary,float16,100000,,0.9254,0.7297,available,,not_measured,managed,0.7297,1.268192,faster
"np.clip(a, -10, 10) (float16)",Unary,float16,10000000,,104.2538,72.0016,available,,not_measured,managed,72.0016,1.447937,faster
"np.clip(a, -10, 10) (float32)",Unary,float32,1000,,0.0021,0.0059,available,,not_measured,managed,0.0059,0.355932,slower
"np.clip(a, -10, 10) (float32)",Unary,float32,100000,,0.0084,0.0434,available,,not_measured,managed,0.0434,0.193548,much_slower
"np.clip(a, -10, 10) (float32)",Unary,float32,10000000,,20.6052,5.3964,available,,not_measured,managed,5.3964,3.818323,faster
"np.clip(a, -10, 10) (float64)",Unary,float64,1000,,0.0019,0.0041,available,,not_measured,managed,0.0041,0.463415,slower
"np.clip(a, -10, 10) (float64)",Unary,float64,100000,,0.016,0.0993,available,,not_measured,managed,0.0993,0.161128,much_slower
"np.clip(a, -10, 10) (float64)",Unary,float64,10000000,,26.6055,13.9517,available,,not_measured,managed,13.9517,1.906972,faster
np.conj(a) (float16),Unary,float16,1000,,0.0006,0.0014,available,,not_measured,managed,0.0014,0.428571,negligible
np.conj(a) (float16),Unary,float16,100000,,0.0211,0.022,available,,not_measured,managed,0.022,0.959091,close
np.conj(a) (float16),Unary,float16,10000000,,7.1788,3.1266,available,,not_measured,managed,3.1266,2.29604,faster
np.conj(a) (float32),Unary,float32,1000,,0.0006,0.0014,available,,not_measured,managed,0.0014,0.428571,negligible
np.conj(a) (float32),Unary,float32,100000,,0.0192,0.0322,available,,not_measured,managed,0.0322,0.596273,close
np.conj(a) (float32),Unary,float32,10000000,,21.0383,5.2949,available,,not_measured,managed,5.2949,3.973314,faster
np.conj(a) (float64),Unary,float64,1000,,0.0006,0.0016,available,,not_measured,managed,0.0016,0.375,negligible
np.conj(a) (float64),Unary,float64,100000,,0.0216,0.0588,available,,not_measured,managed,0.0588,0.367347,slower
np.conj(a) (float64),Unary,float64,10000000,,15.5092,13.128,available,,not_measured,managed,13.128,1.181383,faster
np.conjugate(a) (float16),Unary,float16,1000,,0.0006,0.0014,available,,not_measured,managed,0.0014,0.428571,negligible
np.conjugate(a) (float16),Unary,float16,100000,,0.0218,0.0222,available,,not_measured,managed,0.0222,0.981982,close
np.conjugate(a) (float16),Unary,float16,10000000,,9.6874,3.1348,available,,not_measured,managed,3.1348,3.090277,faster
np.conjugate(a) (float32),Unary,float32,1000,,0.0006,0.0013,available,,not_measured,managed,0.0013,0.461538,negligible
np.conjugate(a) (float32),Unary,float32,100000,,0.019,0.0314,available,,not_measured,managed,0.0314,0.605096,close
np.conjugate(a) (float32),Unary,float32,10000000,,20.5708,5.4299,available,,not_measured,managed,5.4299,3.788431,faster
np.conjugate(a) (float64),Unary,float64,1000,,0.0006,0.0014,available,,not_measured,managed,0.0014,0.428571,negligible
np.conjugate(a) (float64),Unary,float64,100000,,0.0203,0.058,available,,not_measured,managed,0.058,0.35,slower
np.conjugate(a) (float64),Unary,float64,10000000,,15.2638,13.3721,available,,not_measured,managed,13.3721,1.141466,faster
np.cos (float16),Unary,float16,1000,,0.007,0.0174,available,,not_measured,managed,0.0174,0.402299,slower
np.cos (float16),Unary,float16,100000,,0.9646,2.0334,available,,not_measured,managed,2.0334,0.474378,slower
np.cos (float16),Unary,float16,10000000,,110.5488,113.853,available,,not_measured,managed,113.853,0.970978,close
np.cos (float32),Unary,float32,1000,,0.0012,0.0021,available,,not_measured,managed,0.0021,0.571429,close
np.cos (float32),Unary,float32,100000,,0.0726,0.2851,available,,not_measured,managed,0.2851,0.254647,slower
np.cos (float32),Unary,float32,10000000,,42.432,28.555,available,,not_measured,managed,28.555,1.485974,faster
np.cos (float64),Unary,float64,1000,,0.0052,0.0069,available,,not_measured,managed,0.0069,0.753623,close
np.cos (float64),Unary,float64,100000,,0.8013,1.2828,available,,not_measured,managed,1.2828,0.624649,close
np.cos (float64),Unary,float64,10000000,,150.3759,100.8689,available,,not_measured,managed,100.8689,1.490805,faster
np.cosh(a) (float16),Unary,float16,1000,,0.0081,0.0117,available,,not_measured,managed,0.0117,0.692308,close
np.cosh(a) (float16),Unary,float16,100000,,0.9049,1.1512,available,,not_measured,managed,1.1512,0.786049,close
np.cosh(a) (float16),Unary,float16,10000000,,170.7346,116.3568,available,,not_measured,managed,116.3568,1.467337,faster
np.cosh(a) (float32),Unary,float32,1000,,0.0042,0.0059,available,,not_measured,managed,0.0059,0.711864,close
np.cosh(a) (float32),Unary,float32,100000,,0.6217,0.6401,available,,not_measured,managed,0.6401,0.971254,close
np.cosh(a) (float32),Unary,float32,10000000,,125.2671,62.8572,available,,not_measured,managed,62.8572,1.992884,faster
np.cosh(a) (float64),Unary,float64,1000,,0.0039,0.0054,available,,not_measured,managed,0.0054,0.722222,close
np.cosh(a) (float64),Unary,float64,100000,,0.5678,0.6034,available,,not_measured,managed,0.6034,0.941001,close
np.cosh(a) (float64),Unary,float64,10000000,,131.3116,65.2325,available,,not_measured,managed,65.2325,2.012978,faster
np.deg2rad(a) (float16),Unary,float16,1000,,0.004,0.0044,available,,not_measured,managed,0.0044,0.909091,close
np.deg2rad(a) (float16),Unary,float16,100000,,0.402,0.3702,available,,not_measured,managed,0.3702,1.0859,faster
np.deg2rad(a) (float16),Unary,float16,10000000,,54.5109,36.9885,available,,not_measured,managed,36.9885,1.473726,faster
np.deg2rad(a) (float32),Unary,float32,1000,,0.0011,0.0013,available,,not_measured,managed,0.0013,0.846154,close
np.deg2rad(a) (float32),Unary,float32,100000,,0.0739,0.0266,available,,not_measured,managed,0.0266,2.778195,faster
np.deg2rad(a) (float32),Unary,float32,10000000,,23.7983,5.274,available,,not_measured,managed,5.274,4.512381,faster
np.deg2rad(a) (float64),Unary,float64,1000,,0.0014,0.0015,available,,not_measured,managed,0.0015,0.933333,close
np.deg2rad(a) (float64),Unary,float64,100000,,0.0934,0.0565,available,,not_measured,managed,0.0565,1.653097,faster
np.deg2rad(a) (float64),Unary,float64,10000000,,18.2995,14.4804,available,,not_measured,managed,14.4804,1.263743,faster
np.degrees(a) (float16),Unary,float16,1000,,0.0044,0.0043,available,,not_measured,managed,0.0043,1.023256,close
np.degrees(a) (float16),Unary,float16,100000,,0.3947,0.3705,available,,not_measured,managed,0.3705,1.065317,faster
np.degrees(a) (float16),Unary,float16,10000000,,56.5187,36.7713,available,,not_measured,managed,36.7713,1.537033,faster
np.degrees(a) (float32),Unary,float32,1000,,0.0011,0.0012,available,,not_measured,managed,0.0012,0.916667,close
np.degrees(a) (float32),Unary,float32,100000,,0.0739,0.0263,available,,not_measured,managed,0.0263,2.809886,faster
np.degrees(a) (float32),Unary,float32,10000000,,19.3519,5.2403,available,,not_measured,managed,5.2403,3.692899,faster
np.degrees(a) (float64),Unary,float64,1000,,0.0013,0.0017,available,,not_measured,managed,0.0017,0.764706,close
np.degrees(a) (float64),Unary,float64,100000,,0.092,0.0577,available,,not_measured,managed,0.0577,1.594454,faster
np.degrees(a) (float64),Unary,float64,10000000,,18.1787,14.3475,available,,not_measured,managed,14.3475,1.267029,faster
np.exp (float16),Unary,float16,1000,,0.0047,0.0064,available,,not_measured,managed,0.0064,0.734375,close
np.exp (float16),Unary,float16,100000,,0.4124,0.5945,available,,not_measured,managed,0.5945,0.693692,close
np.exp (float16),Unary,float16,10000000,,43.5591,58.2744,available,,not_measured,managed,58.2744,0.747483,close
np.exp (float32),Unary,float32,1000,,0.0013,0.0024,available,,not_measured,managed,0.0024,0.541667,close
np.exp (float32),Unary,float32,100000,,0.0582,0.0736,available,,not_measured,managed,0.0736,0.790761,close
np.exp (float32),Unary,float32,10000000,,42.1735,5.9886,available,,not_measured,managed,5.9886,7.042297,faster
np.exp (float64),Unary,float64,1000,,0.003,0.0056,available,,not_measured,managed,0.0056,0.535714,close
np.exp (float64),Unary,float64,100000,,0.2524,0.2817,available,,not_measured,managed,0.2817,0.895989,close
np.exp (float64),Unary,float64,10000000,,71.9425,30.9391,available,,not_measured,managed,30.9391,2.325294,faster
np.exp2 (float16),Unary,float16,1000,,0.0049,0.0105,available,,not_measured,managed,0.0105,0.466667,slower
np.exp2 (float16),Unary,float16,100000,,0.4147,0.9956,available,,not_measured,managed,0.9956,0.416533,slower
np.exp2 (float16),Unary,float16,10000000,,43.849,96.1563,available,,not_measured,managed,96.1563,0.456018,slower
np.exp2 (float32),Unary,float32,1000,,0.0021,0.0097,available,,not_measured,managed,0.0097,0.216495,slower
np.exp2 (float32),Unary,float32,100000,,0.161,0.9104,available,,not_measured,managed,0.9104,0.176845,much_slower
np.exp2 (float32),Unary,float32,10000000,,50.1531,87.4687,available,,not_measured,managed,87.4687,0.573383,close
np.exp2 (float64),Unary,float64,1000,,0.0024,0.0095,available,,not_measured,managed,0.0095,0.252632,slower
np.exp2 (float64),Unary,float64,100000,,0.2564,0.8473,available,,not_measured,managed,0.8473,0.302608,slower
np.exp2 (float64),Unary,float64,10000000,,66.2802,91.5751,available,,not_measured,managed,91.5751,0.72378,close
np.expm1 (float16),Unary,float16,1000,,0.0055,0.0097,available,,not_measured,managed,0.0097,0.56701,close
np.expm1 (float16),Unary,float16,100000,,0.508,0.862,available,,not_measured,managed,0.862,0.589327,close
np.expm1 (float16),Unary,float16,10000000,,52.5164,85.7992,available,,not_measured,managed,85.7992,0.612085,close
np.expm1 (float32),Unary,float32,1000,,0.0029,0.0042,available,,not_measured,managed,0.0042,0.690476,close
np.expm1 (float32),Unary,float32,100000,,0.2467,0.1892,available,,not_measured,managed,0.1892,1.303911,faster
np.expm1 (float32),Unary,float32,10000000,,59.6829,17.4985,available,,not_measured,managed,17.4985,3.410744,faster
np.expm1 (float64),Unary,float64,1000,,0.0038,0.0064,available,,not_measured,managed,0.0064,0.59375,close
np.expm1 (float64),Unary,float64,100000,,0.384,0.2736,available,,not_measured,managed,0.2736,1.403509,faster
np.expm1 (float64),Unary,float64,10000000,,88.0699,32.2897,available,,not_measured,managed,32.2897,2.727492,faster
np.floor (float16),Unary,float16,1000,,0.0048,0.0046,available,,not_measured,managed,0.0046,1.043478,close
np.floor (float16),Unary,float16,100000,,0.3827,0.3521,available,,not_measured,managed,0.3521,1.086907,faster
np.floor (float16),Unary,float16,10000000,,39.6624,35.2976,available,,not_measured,managed,35.2976,1.123657,faster
np.floor (float32),Unary,float32,1000,,0.0005,0.0015,available,,not_measured,managed,0.0015,0.333333,negligible
np.floor (float32),Unary,float32,100000,,0.0065,0.0313,available,,not_measured,managed,0.0313,0.207668,slower
np.floor (float32),Unary,float32,10000000,,20.7206,5.0679,available,,not_measured,managed,5.0679,4.088597,faster
np.floor (float64),Unary,float64,1000,,0.0006,0.0015,available,,not_measured,managed,0.0015,0.4,negligible
np.floor (float64),Unary,float64,100000,,0.0132,0.0683,available,,not_measured,managed,0.0683,0.193265,much_slower
np.floor (float64),Unary,float64,10000000,,34.4818,14.8149,available,,not_measured,managed,14.8149,2.327508,faster
np.imag(a) (float16),Unary,float16,1000,,0.0004,0.0013,available,,not_measured,managed,0.0013,0.307692,negligible
np.imag(a) (float16),Unary,float16,100000,,0.0027,0.002,available,,not_measured,managed,0.002,1.35,faster
np.imag(a) (float16),Unary,float16,10000000,,0.0139,,not_measured,,not_measured,,,,no_data
np.imag(a) (float32),Unary,float32,1000,,0.0004,0.0015,available,,not_measured,managed,0.0015,0.266667,negligible
np.imag(a) (float32),Unary,float32,100000,,0.0049,0.0021,available,,not_measured,managed,0.0021,2.333333,faster
np.imag(a) (float32),Unary,float32,10000000,,0.0283,,not_measured,,not_measured,,,,no_data
np.imag(a) (float64),Unary,float64,1000,,0.0004,0.0018,available,,not_measured,managed,0.0018,0.222222,negligible
np.imag(a) (float64),Unary,float64,100000,,0.0094,0.0017,available,,not_measured,managed,0.0017,5.529412,faster
np.imag(a) (float64),Unary,float64,10000000,,0.0061,,not_measured,,not_measured,,,,no_data
np.log (float16),Unary,float16,1000,,0.0049,0.0064,available,,not_measured,managed,0.0064,0.765625,close
np.log (float16),Unary,float16,100000,,0.4189,0.6657,available,,not_measured,managed,0.6657,0.629262,close
np.log (float16),Unary,float16,10000000,,45.8963,62.1328,available,,not_measured,managed,62.1328,0.738681,close
np.log (float32),Unary,float32,1000,,0.0014,0.0021,available,,not_measured,managed,0.0021,0.666667,close
np.log (float32),Unary,float32,100000,,0.089,0.0727,available,,not_measured,managed,0.0727,1.224209,faster
np.log (float32),Unary,float32,10000000,,55.0537,7.0109,available,,not_measured,managed,7.0109,7.852587,faster
np.log (float64),Unary,float64,1000,,0.0028,0.0032,available,,not_measured,managed,0.0032,0.875,close
np.log (float64),Unary,float64,100000,,0.2364,0.2596,available,,not_measured,managed,0.2596,0.910632,close
np.log (float64),Unary,float64,10000000,,68.8236,35.0972,available,,not_measured,managed,35.0972,1.960943,faster
np.log10 (float16),Unary,float16,1000,,0.0048,0.0066,available,,not_measured,managed,0.0066,0.727273,close
np.log10 (float16),Unary,float16,100000,,0.4414,0.6578,available,,not_measured,managed,0.6578,0.671025,close
np.log10 (float16),Unary,float16,10000000,,49.0591,63.7823,available,,not_measured,managed,63.7823,0.769165,close
np.log10 (float32),Unary,float32,1000,,0.0024,0.0038,available,,not_measured,managed,0.0038,0.631579,close
np.log10 (float32),Unary,float32,100000,,0.2009,0.2111,available,,not_measured,managed,0.2111,0.951682,close
np.log10 (float32),Unary,float32,10000000,,48.1771,21.266,available,,not_measured,managed,21.266,2.265452,faster
np.log10 (float64),Unary,float64,1000,,0.0029,0.0047,available,,not_measured,managed,0.0047,0.617021,close
np.log10 (float64),Unary,float64,100000,,0.2488,0.2704,available,,not_measured,managed,0.2704,0.920118,close
np.log10 (float64),Unary,float64,10000000,,70.4374,31.1273,available,,not_measured,managed,31.1273,2.262882,faster
np.log1p (float16),Unary,float16,1000,,0.0066,0.008,available,,not_measured,managed,0.008,0.825,close
np.log1p (float16),Unary,float16,100000,,0.5808,0.8619,available,,not_measured,managed,0.8619,0.67386,close
np.log1p (float16),Unary,float16,10000000,,59.4736,78.2089,available,,not_measured,managed,78.2089,0.760445,close
np.log1p (float32),Unary,float32,1000,,0.0033,0.0042,available,,not_measured,managed,0.0042,0.785714,close
np.log1p (float32),Unary,float32,100000,,0.2907,0.2449,available,,not_measured,managed,0.2449,1.187015,faster
np.log1p (float32),Unary,float32,10000000,,80.1454,23.0794,available,,not_measured,managed,23.0794,3.472595,faster
np.log1p (float64),Unary,float64,1000,,0.0037,0.0045,available,,not_measured,managed,0.0045,0.822222,close
np.log1p (float64),Unary,float64,100000,,0.3362,0.2744,available,,not_measured,managed,0.2744,1.225219,faster
np.log1p (float64),Unary,float64,10000000,,87.7709,42.1826,available,,not_measured,managed,42.1826,2.080737,faster
np.log2 (float16),Unary,float16,1000,,0.005,0.0065,available,,not_measured,managed,0.0065,0.769231,close
np.log2 (float16),Unary,float16,100000,,0.4523,0.6743,available,,not_measured,managed,0.6743,0.67077,close
np.log2 (float16),Unary,float16,10000000,,48.3051,63.0828,available,,not_measured,managed,63.0828,0.765741,close
np.log2 (float32),Unary,float32,1000,,0.0024,0.0038,available,,not_measured,managed,0.0038,0.631579,close
np.log2 (float32),Unary,float32,100000,,0.1966,0.1987,available,,not_measured,managed,0.1987,0.989431,close
np.log2 (float32),Unary,float32,10000000,,53.0259,19.7195,available,,not_measured,managed,19.7195,2.689008,faster
np.log2 (float64),Unary,float64,1000,,0.0044,0.0064,available,,not_measured,managed,0.0064,0.6875,close
np.log2 (float64),Unary,float64,100000,,0.4257,0.3908,available,,not_measured,managed,0.3908,1.089304,faster
np.log2 (float64),Unary,float64,10000000,,101.8331,44.969,available,,not_measured,managed,44.969,2.264518,faster
np.modf(a) (float32),Unary,float32,1000,,0.0022,0.0023,available,,not_measured,managed,0.0023,0.956522,close
np.modf(a) (float32),Unary,float32,100000,,0.2539,0.0954,available,,not_measured,managed,0.0954,2.661426,faster
np.modf(a) (float32),Unary,float32,10000000,,51.9071,14.7267,available,,not_measured,managed,14.7267,3.524693,faster
np.modf(a) (float64),Unary,float64,1000,,0.0023,0.0054,available,,not_measured,managed,0.0054,0.425926,slower
np.modf(a) (float64),Unary,float64,100000,,0.2684,0.1908,available,,not_measured,managed,0.1908,1.406709,faster
np.modf(a) (float64),Unary,float64,10000000,,44.9979,31.9956,available,,not_measured,managed,31.9956,1.406378,faster
np.negative(a) (float16),Unary,float16,1000,,0.0009,0.0013,available,,not_measured,managed,0.0013,0.692308,negligible
np.negative(a) (float16),Unary,float16,100000,,0.0352,0.0237,available,,not_measured,managed,0.0237,1.485232,faster
np.negative(a) (float16),Unary,float16,10000000,,4.6621,3.2889,available,,not_measured,managed,3.2889,1.417526,faster
np.negative(a) (float32),Unary,float32,1000,,0.0005,0.0015,available,,not_measured,managed,0.0015,0.333333,negligible
np.negative(a) (float32),Unary,float32,100000,,0.0065,0.0287,available,,not_measured,managed,0.0287,0.226481,slower
np.negative(a) (float32),Unary,float32,10000000,,7.6172,5.3502,available,,not_measured,managed,5.3502,1.423722,faster
np.negative(a) (float64),Unary,float64,1000,,0.0005,0.0026,available,,not_measured,managed,0.0026,0.192308,negligible
np.negative(a) (float64),Unary,float64,100000,,0.012,0.0558,available,,not_measured,managed,0.0558,0.215054,slower
np.negative(a) (float64),Unary,float64,10000000,,16.3779,17.3354,available,,not_measured,managed,17.3354,0.944766,close
np.positive(a) (float16),Unary,float16,1000,,0.0006,0.0015,available,,not_measured,managed,0.0015,0.4,negligible
np.positive(a) (float16),Unary,float16,100000,,0.0212,0.0133,available,,not_measured,managed,0.0133,1.593985,faster
np.positive(a) (float16),Unary,float16,10000000,,4.1854,3.2699,available,,not_measured,managed,3.2699,1.279978,faster
np.positive(a) (float32),Unary,float32,1000,,0.0007,0.0014,available,,not_measured,managed,0.0014,0.5,negligible
np.positive(a) (float32),Unary,float32,100000,,0.0217,0.0297,available,,not_measured,managed,0.0297,0.73064,close
np.positive(a) (float32),Unary,float32,10000000,,7.5691,4.1695,available,,not_measured,managed,4.1695,1.81535,faster
np.positive(a) (float64),Unary,float64,1000,,0.0006,0.0017,available,,not_measured,managed,0.0017,0.352941,negligible
np.positive(a) (float64),Unary,float64,100000,,0.0195,0.0541,available,,not_measured,managed,0.0541,0.360444,slower
np.positive(a) (float64),Unary,float64,10000000,,14.9512,11.1425,available,,not_measured,managed,11.1425,1.341817,faster
"np.power(a, 0.5) (float16)",Unary,float16,1000,,0.0088,0.004,available,,not_measured,managed,0.004,2.2,faster
"np.power(a, 0.5) (float16)",Unary,float16,100000,,0.8251,0.359,available,,not_measured,managed,0.359,2.298329,faster
"np.power(a, 0.5) (float16)",Unary,float16,10000000,,90.3297,34.0882,available,,not_measured,managed,34.0882,2.649882,faster
"np.power(a, 0.5) (float32)",Unary,float32,1000,,0.002,0.0023,available,,not_measured,managed,0.0023,0.869565,close
"np.power(a, 0.5) (float32)",Unary,float32,100000,,0.1325,0.0297,available,,not_measured,managed,0.0297,4.461279,faster
"np.power(a, 0.5) (float32)",Unary,float32,10000000,,21.8295,5.5082,available,,not_measured,managed,5.5082,3.963091,faster
"np.power(a, 0.5) (float64)",Unary,float64,1000,,0.0018,0.0031,available,,not_measured,managed,0.0031,0.580645,close
"np.power(a, 0.5) (float64)",Unary,float64,100000,,0.1208,0.0954,available,,not_measured,managed,0.0954,1.266247,faster
"np.power(a, 0.5) (float64)",Unary,float64,10000000,,89.4596,14.2105,available,,not_measured,managed,14.2105,6.295317,faster
"np.power(a, 2) (float16)",Unary,float16,1000,,0.0102,0.0053,available,,not_measured,managed,0.0053,1.924528,faster
"np.power(a, 2) (float16)",Unary,float16,100000,,1.0367,0.5145,available,,not_measured,managed,0.5145,2.014966,faster
"np.power(a, 2) (float16)",Unary,float16,10000000,,109.0391,48.55,available,,not_measured,managed,48.55,2.245913,faster
"np.power(a, 2) (float32)",Unary,float32,1000,,0.0023,0.0026,available,,not_measured,managed,0.0026,0.884615,close
"np.power(a, 2) (float32)",Unary,float32,100000,,0.1535,0.0284,available,,not_measured,managed,0.0284,5.40493,faster
"np.power(a, 2) (float32)",Unary,float32,10000000,,32.2488,5.4999,available,,not_measured,managed,5.4999,5.863525,faster
"np.power(a, 2) (float64)",Unary,float64,1000,,0.0023,0.0027,available,,not_measured,managed,0.0027,0.851852,close
"np.power(a, 2) (float64)",Unary,float64,100000,,0.1558,0.0593,available,,not_measured,managed,0.0593,2.627319,faster
"np.power(a, 2) (float64)",Unary,float64,10000000,,32.3554,14.3203,available,,not_measured,managed,14.3203,2.259408,faster
"np.power(a, 3) (float16)",Unary,float16,1000,,0.0118,0.0183,available,,not_measured,managed,0.0183,0.644809,close
"np.power(a, 3) (float16)",Unary,float16,100000,,1.4774,2.5142,available,,not_measured,managed,2.5142,0.587622,close
"np.power(a, 3) (float16)",Unary,float16,10000000,,156.986,278.2987,available,,not_measured,managed,278.2987,0.564092,close
"np.power(a, 3) (float32)",Unary,float32,1000,,0.0057,0.0085,available,,not_measured,managed,0.0085,0.670588,close
"np.power(a, 3) (float32)",Unary,float32,100000,,0.6786,0.6672,available,,not_measured,managed,0.6672,1.017086,close
"np.power(a, 3) (float32)",Unary,float32,10000000,,154.7174,68.4348,available,,not_measured,managed,68.4348,2.2608,faster
"np.power(a, 3) (float64)",Unary,float64,1000,,0.0098,0.0142,available,,not_measured,managed,0.0142,0.690141,close
"np.power(a, 3) (float64)",Unary,float64,100000,,1.0614,1.261,available,,not_measured,managed,1.261,0.841713,close
"np.power(a, 3) (float64)",Unary,float64,10000000,,244.4935,111.4562,available,,not_measured,managed,111.4562,2.193629,faster
np.rad2deg(a) (float16),Unary,float16,1000,,0.0042,0.0042,available,,not_measured,managed,0.0042,1.0,close
np.rad2deg(a) (float16),Unary,float16,100000,,0.3614,0.3719,available,,not_measured,managed,0.3719,0.971767,close
np.rad2deg(a) (float16),Unary,float16,10000000,,56.7892,36.8199,available,,not_measured,managed,36.8199,1.542351,faster
np.rad2deg(a) (float32),Unary,float32,1000,,0.0011,0.0013,available,,not_measured,managed,0.0013,0.846154,close
np.rad2deg(a) (float32),Unary,float32,100000,,0.0738,0.0265,available,,not_measured,managed,0.0265,2.784906,faster
np.rad2deg(a) (float32),Unary,float32,10000000,,24.5453,5.3829,available,,not_measured,managed,5.3829,4.559866,faster
np.rad2deg(a) (float64),Unary,float64,1000,,0.0014,0.0016,available,,not_measured,managed,0.0016,0.875,close
np.rad2deg(a) (float64),Unary,float64,100000,,0.0938,0.0567,available,,not_measured,managed,0.0567,1.654321,faster
np.rad2deg(a) (float64),Unary,float64,10000000,,18.2955,14.1734,available,,not_measured,managed,14.1734,1.290834,faster
np.radians(a) (float16),Unary,float16,1000,,0.0045,0.0044,available,,not_measured,managed,0.0044,1.022727,close
np.radians(a) (float16),Unary,float16,100000,,0.3762,0.3715,available,,not_measured,managed,0.3715,1.012651,close
np.radians(a) (float16),Unary,float16,10000000,,55.8469,36.8833,available,,not_measured,managed,36.8833,1.514151,faster
np.radians(a) (float32),Unary,float32,1000,,0.0011,0.0014,available,,not_measured,managed,0.0014,0.785714,close
np.radians(a) (float32),Unary,float32,100000,,0.0741,0.0274,available,,not_measured,managed,0.0274,2.70438,faster
np.radians(a) (float32),Unary,float32,10000000,,23.2327,5.7892,available,,not_measured,managed,5.7892,4.013111,faster
np.radians(a) (float64),Unary,float64,1000,,0.0013,0.0015,available,,not_measured,managed,0.0015,0.866667,close
np.radians(a) (float64),Unary,float64,100000,,0.0926,0.0545,available,,not_measured,managed,0.0545,1.699083,faster
np.radians(a) (float64),Unary,float64,10000000,,18.4366,14.4599,available,,not_measured,managed,14.4599,1.275016,faster
np.real(a) (float16),Unary,float16,1000,,0.0002,0.0,available,,not_measured,managed,0.0,,no_data
np.real(a) (float16),Unary,float16,100000,,0.0002,0.0,available,,not_measured,managed,0.0,,no_data
np.real(a) (float16),Unary,float16,10000000,,0.0003,0.0,available,,not_measured,managed,0.0,,no_data
np.real(a) (float32),Unary,float32,1000,,0.0002,0.0,available,,not_measured,managed,0.0,,no_data
np.real(a) (float32),Unary,float32,100000,,0.0002,0.0,available,,not_measured,managed,0.0,,no_data
np.real(a) (float32),Unary,float32,10000000,,0.0003,0.0,available,,not_measured,managed,0.0,,no_data
np.real(a) (float64),Unary,float64,1000,,0.0002,0.0,available,,not_measured,managed,0.0,,no_data
np.real(a) (float64),Unary,float64,100000,,0.0002,0.0,available,,not_measured,managed,0.0,,no_data
np.real(a) (float64),Unary,float64,10000000,,0.0002,0.0,available,,not_measured,managed,0.0,,no_data
np.reciprocal(a) (float16),Unary,float16,1000,,0.0024,0.0082,available,,not_measured,managed,0.0082,0.292683,slower
np.reciprocal(a) (float16),Unary,float16,100000,,0.2041,0.4075,available,,not_measured,managed,0.4075,0.500859,close
np.reciprocal(a) (float16),Unary,float16,10000000,,22.4385,40.3766,available,,not_measured,managed,40.3766,0.55573,close
np.reciprocal(a) (float32),Unary,float32,1000,,0.0005,0.001,available,,not_measured,managed,0.001,0.5,negligible
np.reciprocal(a) (float32),Unary,float32,100000,,0.0164,0.0275,available,,not_measured,managed,0.0275,0.596364,close
np.reciprocal(a) (float32),Unary,float32,10000000,,7.2843,5.5016,available,,not_measured,managed,5.5016,1.324033,faster
np.reciprocal(a) (float64),Unary,float64,1000,,0.0007,0.0045,available,,not_measured,managed,0.0045,0.155556,negligible
np.reciprocal(a) (float64),Unary,float64,100000,,0.0375,0.061,available,,not_measured,managed,0.061,0.614754,close
np.reciprocal(a) (float64),Unary,float64,10000000,,14.9422,14.3531,available,,not_measured,managed,14.3531,1.041043,close
np.rint(a) (float16),Unary,float16,1000,,0.0046,0.0044,available,,not_measured,managed,0.0044,1.045455,close
np.rint(a) (float16),Unary,float16,100000,,0.4785,0.4994,available,,not_measured,managed,0.4994,0.95815,close
np.rint(a) (float16),Unary,float16,10000000,,67.5442,49.619,available,,not_measured,managed,49.619,1.361257,faster
np.rint(a) (float32),Unary,float32,1000,,0.0005,0.0012,available,,not_measured,managed,0.0012,0.416667,negligible
np.rint(a) (float32),Unary,float32,100000,,0.0057,0.026,available,,not_measured,managed,0.026,0.219231,slower
np.rint(a) (float32),Unary,float32,10000000,,14.1304,5.2482,available,,not_measured,managed,5.2482,2.692428,faster
np.rint(a) (float64),Unary,float64,1000,,0.0005,0.001,available,,not_measured,managed,0.001,0.5,negligible
np.rint(a) (float64),Unary,float64,100000,,0.0113,0.0556,available,,not_measured,managed,0.0556,0.203237,slower
np.rint(a) (float64),Unary,float64,10000000,,15.3709,13.7375,available,,not_measured,managed,13.7375,1.118901,faster
np.round(a) (float16),Unary,float16,1000,,0.0058,0.0043,available,,not_measured,managed,0.0043,1.348837,faster
np.round(a) (float16),Unary,float16,100000,,0.5129,0.5019,available,,not_measured,managed,0.5019,1.021917,close
np.round(a) (float16),Unary,float16,10000000,,69.0431,49.746,available,,not_measured,managed,49.746,1.387913,faster
np.round(a) (float32),Unary,float32,1000,,0.001,0.0014,available,,not_measured,managed,0.0014,0.714286,close
np.round(a) (float32),Unary,float32,100000,,0.0065,0.0278,available,,not_measured,managed,0.0278,0.233813,slower
np.round(a) (float32),Unary,float32,10000000,,13.9363,5.1736,available,,not_measured,managed,5.1736,2.693734,faster
np.round(a) (float64),Unary,float64,1000,,0.0011,0.0018,available,,not_measured,managed,0.0018,0.611111,close
np.round(a) (float64),Unary,float64,100000,,0.0128,0.0533,available,,not_measured,managed,0.0533,0.24015,slower
np.round(a) (float64),Unary,float64,10000000,,15.4119,13.8444,available,,not_measured,managed,13.8444,1.113223,faster
np.sign (float16),Unary,float16,1000,,0.0014,0.0052,available,,not_measured,managed,0.0052,0.269231,slower
np.sign (float16),Unary,float16,100000,,0.0842,0.688,available,,not_measured,managed,0.688,0.122384,much_slower
np.sign (float16),Unary,float16,10000000,,10.4233,65.1572,available,,not_measured,managed,65.1572,0.159972,much_slower
np.sign (float32),Unary,float32,1000,,0.0011,0.003,available,,not_measured,managed,0.003,0.366667,slower
np.sign (float32),Unary,float32,100000,,0.2999,0.4072,available,,not_measured,managed,0.4072,0.736493,close
np.sign (float32),Unary,float32,10000000,,55.8917,38.0703,available,,not_measured,managed,38.0703,1.468118,faster
np.sign (float64),Unary,float64,1000,,0.0011,0.0033,available,,not_measured,managed,0.0033,0.333333,slower
np.sign (float64),Unary,float64,100000,,0.2956,0.407,available,,not_measured,managed,0.407,0.72629,close
np.sign (float64),Unary,float64,10000000,,68.6648,47.0745,available,,not_measured,managed,47.0745,1.458641,faster
np.sin (float16),Unary,float16,1000,,0.0077,0.0174,available,,not_measured,managed,0.0174,0.442529,slower
np.sin (float16),Unary,float16,100000,,0.9637,2.0354,available,,not_measured,managed,2.0354,0.47347,slower
np.sin (float16),Unary,float16,10000000,,99.7767,125.7852,available,,not_measured,managed,125.7852,0.793231,close
np.sin (float32),Unary,float32,1000,,0.0012,0.002,available,,not_measured,managed,0.002,0.6,close
np.sin (float32),Unary,float32,100000,,0.0785,0.2824,available,,not_measured,managed,0.2824,0.277975,slower
np.sin (float32),Unary,float32,10000000,,42.9744,28.2802,available,,not_measured,managed,28.2802,1.519593,faster
np.sin (float64),Unary,float64,1000,,0.0056,0.0066,available,,not_measured,managed,0.0066,0.848485,close
np.sin (float64),Unary,float64,100000,,0.7015,1.3318,available,,not_measured,managed,1.3318,0.526731,close
np.sin (float64),Unary,float64,10000000,,143.2359,124.9465,available,,not_measured,managed,124.9465,1.146378,faster
np.sinh(a) (float16),Unary,float16,1000,,0.0078,0.0111,available,,not_measured,managed,0.0111,0.702703,close
np.sinh(a) (float16),Unary,float16,100000,,0.9443,1.1787,available,,not_measured,managed,1.1787,0.801137,close
np.sinh(a) (float16),Unary,float16,10000000,,177.7305,118.8931,available,,not_measured,managed,118.8931,1.494876,faster
np.sinh(a) (float32),Unary,float32,1000,,0.0039,0.0057,available,,not_measured,managed,0.0057,0.684211,close
np.sinh(a) (float32),Unary,float32,100000,,0.6271,0.6588,available,,not_measured,managed,0.6588,0.951882,close
np.sinh(a) (float32),Unary,float32,10000000,,135.3522,64.6743,available,,not_measured,managed,64.6743,2.092828,faster
np.sinh(a) (float64),Unary,float64,1000,,0.0045,0.0069,available,,not_measured,managed,0.0069,0.652174,close
np.sinh(a) (float64),Unary,float64,100000,,0.6131,0.6485,available,,not_measured,managed,0.6485,0.945412,close
np.sinh(a) (float64),Unary,float64,10000000,,176.8075,69.2488,available,,not_measured,managed,69.2488,2.553221,faster
np.sqrt (float16),Unary,float16,1000,,0.0049,0.0061,available,,not_measured,managed,0.0061,0.803279,close
np.sqrt (float16),Unary,float16,100000,,0.416,0.3366,available,,not_measured,managed,0.3366,1.235888,faster
np.sqrt (float16),Unary,float16,10000000,,40.5873,38.5199,available,,not_measured,managed,38.5199,1.053671,faster
np.sqrt (float32),Unary,float32,1000,,0.0006,0.0014,available,,not_measured,managed,0.0014,0.428571,negligible
np.sqrt (float32),Unary,float32,100000,,0.0147,0.0304,available,,not_measured,managed,0.0304,0.483553,slower
np.sqrt (float32),Unary,float32,10000000,,19.7598,5.3493,available,,not_measured,managed,5.3493,3.693904,faster
np.sqrt (float64),Unary,float64,1000,,0.0013,0.0018,available,,not_measured,managed,0.0018,0.722222,close
np.sqrt (float64),Unary,float64,100000,,0.0559,0.0671,available,,not_measured,managed,0.0671,0.833085,close
np.sqrt (float64),Unary,float64,10000000,,40.4342,13.8325,available,,not_measured,managed,13.8325,2.92313,faster
np.square(a) (float16),Unary,float16,1000,,0.0024,0.0062,available,,not_measured,managed,0.0062,0.387097,slower
np.square(a) (float16),Unary,float16,100000,,0.2049,0.4423,available,,not_measured,managed,0.4423,0.46326,slower
np.square(a) (float16),Unary,float16,10000000,,22.3867,44.204,available,,not_measured,managed,44.204,0.506441,close
np.square(a) (float32),Unary,float32,1000,,0.0004,0.0013,available,,not_measured,managed,0.0013,0.307692,negligible
np.square(a) (float32),Unary,float32,100000,,0.0066,0.0272,available,,not_measured,managed,0.0272,0.242647,slower
np.square(a) (float32),Unary,float32,10000000,,7.1401,5.3751,available,,not_measured,managed,5.3751,1.328366,faster
np.square(a) (float64),Unary,float64,1000,,0.0005,0.0024,available,,not_measured,managed,0.0024,0.208333,negligible
np.square(a) (float64),Unary,float64,100000,,0.0113,0.0577,available,,not_measured,managed,0.0577,0.195841,much_slower
np.square(a) (float64),Unary,float64,10000000,,15.4182,14.3966,available,,not_measured,managed,14.3966,1.070961,faster
np.tan (float16),Unary,float16,1000,,0.0073,0.0176,available,,not_measured,managed,0.0176,0.414773,slower
np.tan (float16),Unary,float16,100000,,0.9523,2.0505,available,,not_measured,managed,2.0505,0.464423,slower
np.tan (float16),Unary,float16,10000000,,100.0286,118.1311,available,,not_measured,managed,118.1311,0.846759,close
np.tan (float32),Unary,float32,1000,,0.0041,0.0048,available,,not_measured,managed,0.0048,0.854167,close
np.tan (float32),Unary,float32,100000,,0.6619,1.2388,available,,not_measured,managed,1.2388,0.534307,close
np.tan (float32),Unary,float32,10000000,,135.2125,119.0199,available,,not_measured,managed,119.0199,1.13605,faster
np.tan (float64),Unary,float64,1000,,0.0047,0.0072,available,,not_measured,managed,0.0072,0.652778,close
np.tan (float64),Unary,float64,100000,,1.0444,1.6336,available,,not_measured,managed,1.6336,0.639324,close
np.tan (float64),Unary,float64,10000000,,188.5379,101.9934,available,,not_measured,managed,101.9934,1.84853,faster
np.tanh(a) (float16),Unary,float16,1000,,0.0099,0.0109,available,,not_measured,managed,0.0109,0.908257,close
np.tanh(a) (float16),Unary,float16,100000,,0.9975,1.0647,available,,not_measured,managed,1.0647,0.936884,close
np.tanh(a) (float16),Unary,float16,10000000,,193.491,107.7083,available,,not_measured,managed,107.7083,1.796435,faster
np.tanh(a) (float32),Unary,float32,1000,,0.0017,0.0016,available,,not_measured,managed,0.0016,1.0625,faster
np.tanh(a) (float32),Unary,float32,100000,,0.1288,0.0723,available,,not_measured,managed,0.0723,1.781466,faster
np.tanh(a) (float32),Unary,float32,10000000,,71.7453,7.5772,available,,not_measured,managed,7.5772,9.468577,faster
np.tanh(a) (float64),Unary,float64,1000,,0.0064,0.0036,available,,not_measured,managed,0.0036,1.777778,faster
np.tanh(a) (float64),Unary,float64,100000,,0.5863,0.3387,available,,not_measured,managed,0.3387,1.73103,faster
np.tanh(a) (float64),Unary,float64,10000000,,71.1581,35.7917,available,,not_measured,managed,35.7917,1.988117,faster
np.trunc(a) (float16),Unary,float16,1000,,0.0046,0.0052,available,,not_measured,managed,0.0052,0.884615,close
np.trunc(a) (float16),Unary,float16,100000,,0.4269,0.3315,available,,not_measured,managed,0.3315,1.287783,faster
np.trunc(a) (float16),Unary,float16,10000000,,41.4919,34.3889,available,,not_measured,managed,34.3889,1.206549,faster
np.trunc(a) (float32),Unary,float32,1000,,0.0004,0.0013,available,,not_measured,managed,0.0013,0.307692,negligible
np.trunc(a) (float32),Unary,float32,100000,,0.0065,0.0279,available,,not_measured,managed,0.0279,0.232975,slower
np.trunc(a) (float32),Unary,float32,10000000,,7.336,5.2639,available,,not_measured,managed,5.2639,1.393643,faster
np.trunc(a) (float64),Unary,float64,1000,,0.0006,0.0028,available,,not_measured,managed,0.0028,0.214286,negligible
np.trunc(a) (float64),Unary,float64,100000,,0.0119,0.0594,available,,not_measured,managed,0.0594,0.200337,slower
np.trunc(a) (float64),Unary,float64,10000000,,14.4575,13.8114,available,,not_measured,managed,13.8114,1.04678,close
