bench	key	ns_ms	np_ms
reduce_layout_bench	100K|f64|C|sum|ax0	0.019938	0.013088
reduce_layout_bench	100K|f64|C|sum|ax1	0.0194895	0.018754
reduce_layout_bench	100K|f64|C|min|ax0	0.018297	0.014392
reduce_layout_bench	100K|f64|C|min|ax1	0.024126500000000002	0.018096
reduce_layout_bench	100K|f64|C|max|ax0	0.018309	0.014703
reduce_layout_bench	100K|f64|C|max|ax1	0.0240245	0.0201135
reduce_layout_bench	100K|f64|C|prod|ax0	0.0096975	0.0128275
reduce_layout_bench	100K|f64|C|prod|ax1	0.0059	0.0585955
reduce_layout_bench	100K|f64|F|sum|ax0	0.0207205	0.0179295
reduce_layout_bench	100K|f64|F|sum|ax1	0.0173945	0.0126355
reduce_layout_bench	100K|f64|F|min|ax0	0.024703	0.0174865
reduce_layout_bench	100K|f64|F|min|ax1	0.017928	0.0147625
reduce_layout_bench	100K|f64|F|max|ax0	0.023737499999999998	0.0174975
reduce_layout_bench	100K|f64|F|max|ax1	0.017641	0.0144
reduce_layout_bench	100K|f64|F|prod|ax0	0.005659	0.058704
reduce_layout_bench	100K|f64|F|prod|ax1	0.009566	0.0127755
reduce_layout_bench	100K|f64|T|sum|ax0	0.0199255	0.018755
reduce_layout_bench	100K|f64|T|sum|ax1	0.017596	0.0128685
reduce_layout_bench	100K|f64|T|min|ax0	0.0240425	0.0173925
reduce_layout_bench	100K|f64|T|min|ax1	0.017207	0.0153195
reduce_layout_bench	100K|f64|T|max|ax0	0.025055499999999998	0.017468
reduce_layout_bench	100K|f64|T|max|ax1	0.0182165	0.0144035
reduce_layout_bench	100K|f64|T|prod|ax0	0.007122000000000001	0.057924
reduce_layout_bench	100K|f64|T|prod|ax1	0.0101715	0.012492
reduce_layout_bench	100K|f64|strided|sum|ax0	0.0302225	0.0179005
reduce_layout_bench	100K|f64|strided|sum|ax1	0.021625000000000002	0.0103625
reduce_layout_bench	100K|f64|strided|min|ax0	0.041645	0.015296
reduce_layout_bench	100K|f64|strided|min|ax1	0.06847400000000001	0.023926
reduce_layout_bench	100K|f64|strided|max|ax0	0.043509	0.0154595
reduce_layout_bench	100K|f64|strided|max|ax1	0.06832150000000001	0.0237145
reduce_layout_bench	100K|f64|strided|prod|ax0	0.024375499999999998	0.018242
reduce_layout_bench	100K|f64|strided|prod|ax1	0.016128	0.0251865
reduce_layout_bench	100K|f64|negrow|sum|ax0	0.0174945	0.012806
reduce_layout_bench	100K|f64|negrow|sum|ax1	0.015784	0.0210905
reduce_layout_bench	100K|f64|negrow|min|ax0	0.021974999999999998	0.014596
reduce_layout_bench	100K|f64|negrow|min|ax1	0.012201	0.0174425
reduce_layout_bench	100K|f64|negrow|max|ax0	0.021897000000000003	0.0146545
reduce_layout_bench	100K|f64|negrow|max|ax1	0.0123545	0.0175885
reduce_layout_bench	100K|f64|negrow|prod|ax0	0.00685	0.0127325
reduce_layout_bench	100K|f64|negrow|prod|ax1	0.09635149999999999	0.059418
reduce_layout_bench	100K|f64|negcol|sum|ax0	0.046491	0.0313145
reduce_layout_bench	100K|f64|negcol|sum|ax1	0.015758499999999998	0.019002
reduce_layout_bench	100K|f64|negcol|min|ax0	0.1157125	0.027023
reduce_layout_bench	100K|f64|negcol|min|ax1	0.01118	0.0402205
reduce_layout_bench	100K|f64|negcol|max|ax0	0.112065	0.026013
reduce_layout_bench	100K|f64|negcol|max|ax1	0.010096	0.0419735
reduce_layout_bench	100K|f64|negcol|prod|ax0	0.041707	0.03236
reduce_layout_bench	100K|f64|negcol|prod|ax1	0.026031	0.0580025
reduce_layout_bench	100K|f64|sliced|sum|ax0	0.013758999999999999	0.0131485
reduce_layout_bench	100K|f64|sliced|sum|ax1	0.012988999999999999	0.018067
reduce_layout_bench	100K|f64|sliced|min|ax0	0.023396	0.016305
reduce_layout_bench	100K|f64|sliced|min|ax1	0.1063905	0.016195
reduce_layout_bench	100K|f64|sliced|max|ax0	0.023873500000000002	0.0158325
reduce_layout_bench	100K|f64|sliced|max|ax1	0.107451	0.016315
reduce_layout_bench	100K|f64|sliced|prod|ax0	0.009245999999999999	0.0130085
reduce_layout_bench	100K|f64|sliced|prod|ax1	0.0212835	0.0596345
reduce_layout_bench	100K|f64|bcast|sum|ax0	0.009625	0.011144
reduce_layout_bench	100K|f64|bcast|sum|ax1	0.012980499999999999	0.015203
reduce_layout_bench	100K|f64|bcast|min|ax0	0.0197985	0.013535
reduce_layout_bench	100K|f64|bcast|min|ax1	0.0096025	0.0175715
reduce_layout_bench	100K|f64|bcast|max|ax0	0.020166	0.0136925
reduce_layout_bench	100K|f64|bcast|max|ax1	0.009431	0.0170325
reduce_layout_bench	100K|f64|bcast|prod|ax0	0.005454	0.011807
reduce_layout_bench	100K|f64|bcast|prod|ax1	0.04133	0.061679
reduce_layout_bench	100K|f32|C|sum|ax0	0.0085805	0.0086205
reduce_layout_bench	100K|f32|C|sum|ax1	0.0142435	0.017148
reduce_layout_bench	100K|f32|C|min|ax0	0.010217	0.0098125
reduce_layout_bench	100K|f32|C|min|ax1	0.0191085	0.0130665
reduce_layout_bench	100K|f32|C|max|ax0	0.0101445	0.0099895
reduce_layout_bench	100K|f32|C|max|ax1	0.018063	0.01299
reduce_layout_bench	100K|f32|C|prod|ax0	0.005003499999999999	0.008989
reduce_layout_bench	100K|f32|C|prod|ax1	0.0034725	0.06186
reduce_layout_bench	100K|f32|F|sum|ax0	0.015024500000000001	0.0171745
reduce_layout_bench	100K|f32|F|sum|ax1	0.0085265	0.008004
reduce_layout_bench	100K|f32|F|min|ax0	0.018299	0.012933
reduce_layout_bench	100K|f32|F|min|ax1	0.0106075	0.0099795
reduce_layout_bench	100K|f32|F|max|ax0	0.01861	0.013092
reduce_layout_bench	100K|f32|F|max|ax1	0.0107055	0.0099715
reduce_layout_bench	100K|f32|F|prod|ax0	0.0034820000000000003	0.0642775
reduce_layout_bench	100K|f32|F|prod|ax1	0.0053355	0.009884
reduce_layout_bench	100K|f32|T|sum|ax0	0.013637	0.0181105
reduce_layout_bench	100K|f32|T|sum|ax1	0.008302	0.0080765
reduce_layout_bench	100K|f32|T|min|ax0	0.018222000000000002	0.013155
reduce_layout_bench	100K|f32|T|min|ax1	0.0105095	0.0099775
reduce_layout_bench	100K|f32|T|max|ax0	0.018388	0.012933
reduce_layout_bench	100K|f32|T|max|ax1	0.009923999999999999	0.009922
reduce_layout_bench	100K|f32|T|prod|ax0	0.003457	0.059706
reduce_layout_bench	100K|f32|T|prod|ax1	0.005032	0.00862
reduce_layout_bench	100K|f32|strided|sum|ax0	0.0246205	0.0182835
reduce_layout_bench	100K|f32|strided|sum|ax1	0.01498	0.009749
reduce_layout_bench	100K|f32|strided|min|ax0	0.042305	0.012577
reduce_layout_bench	100K|f32|strided|min|ax1	0.0441135	0.024595
reduce_layout_bench	100K|f32|strided|max|ax0	0.043074	0.012399
reduce_layout_bench	100K|f32|strided|max|ax1	0.044339500000000004	0.0242275
reduce_layout_bench	100K|f32|strided|prod|ax0	0.022865000000000003	0.018946
reduce_layout_bench	100K|f32|strided|prod|ax1	0.035166	0.0272825
reduce_layout_bench	100K|f32|negrow|sum|ax0	0.0084085	0.009122
reduce_layout_bench	100K|f32|negrow|sum|ax1	0.013836	0.018057
reduce_layout_bench	100K|f32|negrow|min|ax0	0.013872	0.009898
reduce_layout_bench	100K|f32|negrow|min|ax1	0.011871	0.0127905
reduce_layout_bench	100K|f32|negrow|max|ax0	0.014336	0.0100965
reduce_layout_bench	100K|f32|negrow|max|ax1	0.012565	0.012801
reduce_layout_bench	100K|f32|negrow|prod|ax0	0.004981	0.00904
reduce_layout_bench	100K|f32|negrow|prod|ax1	0.060835999999999994	0.060765
reduce_layout_bench	100K|f32|negcol|sum|ax0	0.04561	0.0326005
reduce_layout_bench	100K|f32|negcol|sum|ax1	0.0138445	0.0178915
reduce_layout_bench	100K|f32|negcol|min|ax0	0.11367250000000001	0.0418655
reduce_layout_bench	100K|f32|negcol|min|ax1	0.013022	0.041797
reduce_layout_bench	100K|f32|negcol|max|ax0	0.1140105	0.0429545
reduce_layout_bench	100K|f32|negcol|max|ax1	0.0114845	0.0418055
reduce_layout_bench	100K|f32|negcol|prod|ax0	0.041157000000000006	0.032521
reduce_layout_bench	100K|f32|negcol|prod|ax1	0.05683099999999999	0.0611865
reduce_layout_bench	100K|f32|sliced|sum|ax0	0.009270500000000001	0.0078475
reduce_layout_bench	100K|f32|sliced|sum|ax1	0.013776	0.017285
reduce_layout_bench	100K|f32|sliced|min|ax0	0.013290999999999999	0.0104095
reduce_layout_bench	100K|f32|sliced|min|ax1	0.06367300000000001	0.0122845
reduce_layout_bench	100K|f32|sliced|max|ax0	0.013468500000000001	0.00989
reduce_layout_bench	100K|f32|sliced|max|ax1	0.065781	0.0117315
reduce_layout_bench	100K|f32|sliced|prod|ax0	0.005257500000000001	0.0093085
reduce_layout_bench	100K|f32|sliced|prod|ax1	0.0671785	0.0594025
reduce_layout_bench	100K|f32|bcast|sum|ax0	0.007268	0.007201
reduce_layout_bench	100K|f32|bcast|sum|ax1	0.013995500000000001	0.0154395
reduce_layout_bench	100K|f32|bcast|min|ax0	0.013502	0.010035
reduce_layout_bench	100K|f32|bcast|min|ax1	0.0104445	0.017091
reduce_layout_bench	100K|f32|bcast|max|ax0	0.0151435	0.00966
reduce_layout_bench	100K|f32|bcast|max|ax1	0.01039	0.0171835
reduce_layout_bench	100K|f32|bcast|prod|ax0	0.0037774999999999996	0.008233
reduce_layout_bench	100K|f32|bcast|prod|ax1	0.0407655	0.060519
reduce_layout_bench	100K|c128|C|sum|ax0	0.0227805	0.0252315
reduce_layout_bench	100K|c128|C|sum|ax1	0.0335605	0.0332685
reduce_layout_bench	100K|c128|C|min|ax0	0.1816855	0.143631
reduce_layout_bench	100K|c128|C|min|ax1	0.152302	0.155432
reduce_layout_bench	100K|c128|C|max|ax0	0.1461885	0.14461
reduce_layout_bench	100K|c128|C|max|ax1	0.118108	0.160087
reduce_layout_bench	100K|c128|C|prod|ax0	0.0802105	0.0336925
reduce_layout_bench	100K|c128|C|prod|ax1	0.1546985	0.239177
reduce_layout_bench	100K|c128|F|sum|ax0	0.032126	0.0344035
reduce_layout_bench	100K|c128|F|sum|ax1	0.0228865	0.021241
reduce_layout_bench	100K|c128|F|min|ax0	0.1463495	0.156524
reduce_layout_bench	100K|c128|F|min|ax1	0.148279	0.146194
reduce_layout_bench	100K|c128|F|max|ax0	0.118699	0.156745
reduce_layout_bench	100K|c128|F|max|ax1	0.12418649999999999	0.141463
reduce_layout_bench	100K|c128|F|prod|ax0	0.1520655	0.233648
reduce_layout_bench	100K|c128|F|prod|ax1	0.0769565	0.034119
reduce_layout_bench	100K|c128|T|sum|ax0	0.0332555	0.0321225
reduce_layout_bench	100K|c128|T|sum|ax1	0.020525500000000002	0.0202625
reduce_layout_bench	100K|c128|T|min|ax0	0.141848	0.153896
reduce_layout_bench	100K|c128|T|min|ax1	0.1463275	0.142445
reduce_layout_bench	100K|c128|T|max|ax0	0.1279345	0.158658
reduce_layout_bench	100K|c128|T|max|ax1	0.1222695	0.142358
reduce_layout_bench	100K|c128|T|prod|ax0	0.154579	0.233331
reduce_layout_bench	100K|c128|T|prod|ax1	0.075582	0.03113
reduce_layout_bench	100K|c128|strided|sum|ax0	0.0259875	0.0252155
reduce_layout_bench	100K|c128|strided|sum|ax1	0.023524	0.0219465
reduce_layout_bench	100K|c128|strided|min|ax0	0.075001	0.075146
reduce_layout_bench	100K|c128|strided|min|ax1	0.08071350000000001	0.0796045
reduce_layout_bench	100K|c128|strided|max|ax0	0.059432	0.072077
reduce_layout_bench	100K|c128|strided|max|ax1	0.0609385	0.079672
reduce_layout_bench	100K|c128|strided|prod|ax0	0.040088	0.0201715
reduce_layout_bench	100K|c128|strided|prod|ax1	0.0793485	0.112183
reduce_layout_bench	100K|c128|negrow|sum|ax0	0.024197000000000003	0.021083
reduce_layout_bench	100K|c128|negrow|sum|ax1	0.037622	0.0339735
reduce_layout_bench	100K|c128|negrow|min|ax0	0.1544275	0.142688
reduce_layout_bench	100K|c128|negrow|min|ax1	0.1567135	0.156013
reduce_layout_bench	100K|c128|negrow|max|ax0	0.129817	0.142666
reduce_layout_bench	100K|c128|negrow|max|ax1	0.133871	0.154649
reduce_layout_bench	100K|c128|negrow|prod|ax0	0.084285	0.030968
reduce_layout_bench	100K|c128|negrow|prod|ax1	0.17722000000000002	0.237895
reduce_layout_bench	100K|c128|negcol|sum|ax0	0.0539275	0.042014
reduce_layout_bench	100K|c128|negcol|sum|ax1	0.034748	0.034401
reduce_layout_bench	100K|c128|negcol|min|ax0	0.1638375	0.141362
reduce_layout_bench	100K|c128|negcol|min|ax1	0.16020600000000002	0.155634
reduce_layout_bench	100K|c128|negcol|max|ax0	0.12696949999999999	0.153518
reduce_layout_bench	100K|c128|negcol|max|ax1	0.1222155	0.17941
reduce_layout_bench	100K|c128|negcol|prod|ax0	0.0790995	0.034357
reduce_layout_bench	100K|c128|negcol|prod|ax1	0.159796	0.244498
reduce_layout_bench	100K|c128|sliced|sum|ax0	0.0286265	0.024524
reduce_layout_bench	100K|c128|sliced|sum|ax1	0.037421	0.0333975
reduce_layout_bench	100K|c128|sliced|min|ax0	0.1623605	0.141922
reduce_layout_bench	100K|c128|sliced|min|ax1	0.1545585	0.156804
reduce_layout_bench	100K|c128|sliced|max|ax0	0.12615600000000002	0.14344
reduce_layout_bench	100K|c128|sliced|max|ax1	0.1254895	0.157163
reduce_layout_bench	100K|c128|sliced|prod|ax0	0.08746999999999999	0.032753
reduce_layout_bench	100K|c128|sliced|prod|ax1	0.16184300000000001	0.235067
reduce_layout_bench	100K|c128|bcast|sum|ax0	0.021364499999999998	0.017643
reduce_layout_bench	100K|c128|bcast|sum|ax1	0.031547	0.0322085
reduce_layout_bench	100K|c128|bcast|min|ax0	0.188011	0.141307
reduce_layout_bench	100K|c128|bcast|min|ax1	0.14886749999999999	0.155466
reduce_layout_bench	100K|c128|bcast|max|ax0	0.16672599999999999	0.140789
reduce_layout_bench	100K|c128|bcast|max|ax1	0.1187185	0.152467
reduce_layout_bench	100K|c128|bcast|prod|ax0	0.0771285	0.032043
reduce_layout_bench	100K|c128|bcast|prod|ax1	0.1540235	0.234665
reduce_layout_bench	100K|dec|C|sum|ax0	0.5645095	0.013738
reduce_layout_bench	100K|dec|C|sum|ax1	0.232968	0.018132
reduce_layout_bench	100K|dec|C|min|ax0	0.3278255	0.016386
reduce_layout_bench	100K|dec|C|min|ax1	0.1307855	0.019204
reduce_layout_bench	100K|dec|C|max|ax0	0.24340250000000002	0.0156785
reduce_layout_bench	100K|dec|C|max|ax1	0.16202850000000002	0.0180535
reduce_layout_bench	100K|dec|F|sum|ax0	0.2287595	0.0186195
reduce_layout_bench	100K|dec|F|sum|ax1	0.542002	0.01287
reduce_layout_bench	100K|dec|F|min|ax0	0.1354825	0.0187685
reduce_layout_bench	100K|dec|F|min|ax1	0.173137	0.0144825
reduce_layout_bench	100K|dec|F|max|ax0	0.171146	0.0175055
reduce_layout_bench	100K|dec|F|max|ax1	0.22590900000000003	0.01439
reduce_layout_bench	100K|dec|T|sum|ax0	0.225806	0.0183575
reduce_layout_bench	100K|dec|T|sum|ax1	0.5533045	0.0138425
reduce_layout_bench	100K|dec|T|min|ax0	0.129931	0.018207
reduce_layout_bench	100K|dec|T|min|ax1	0.1802495	0.015765
reduce_layout_bench	100K|dec|T|max|ax0	0.169455	0.018689
reduce_layout_bench	100K|dec|T|max|ax1	0.238715	0.0154355
reduce_layout_bench	100K|dec|strided|sum|ax0	0.2779205	0.020399
reduce_layout_bench	100K|dec|strided|sum|ax1	0.11606299999999999	0.0107075
reduce_layout_bench	100K|dec|strided|min|ax0	0.090935	0.016025
reduce_layout_bench	100K|dec|strided|min|ax1	0.065321	0.024604
reduce_layout_bench	100K|dec|strided|max|ax0	0.11742150000000001	0.016199
reduce_layout_bench	100K|dec|strided|max|ax1	0.08931850000000001	0.0240545
reduce_layout_bench	100K|dec|negrow|sum|ax0	0.546068	0.0134875
reduce_layout_bench	100K|dec|negrow|sum|ax1	0.23170400000000002	0.0191415
reduce_layout_bench	100K|dec|negrow|min|ax0	0.179894	0.015639
reduce_layout_bench	100K|dec|negrow|min|ax1	0.1338655	0.0186995
reduce_layout_bench	100K|dec|negrow|max|ax0	0.2279335	0.0158695
reduce_layout_bench	100K|dec|negrow|max|ax1	0.1705	0.018453
reduce_layout_bench	100K|dec|negcol|sum|ax0	0.559772	0.03103
reduce_layout_bench	100K|dec|negcol|sum|ax1	0.23084700000000002	0.0189205
reduce_layout_bench	100K|dec|negcol|min|ax0	0.19153199999999998	0.0268405
reduce_layout_bench	100K|dec|negcol|min|ax1	0.1382955	0.0422045
reduce_layout_bench	100K|dec|negcol|max|ax0	0.2577405	0.027341
reduce_layout_bench	100K|dec|negcol|max|ax1	0.171443	0.042502
reduce_layout_bench	100K|dec|sliced|sum|ax0	0.557612	0.013598
reduce_layout_bench	100K|dec|sliced|sum|ax1	0.2306615	0.0177235
reduce_layout_bench	100K|dec|sliced|min|ax0	0.180298	0.0157735
reduce_layout_bench	100K|dec|sliced|min|ax1	0.132959	0.0162385
reduce_layout_bench	100K|dec|sliced|max|ax0	0.2329215	0.015925
reduce_layout_bench	100K|dec|sliced|max|ax1	0.17298850000000002	0.0162905
reduce_layout_bench	100K|dec|bcast|sum|ax0	0.577738	0.011082
reduce_layout_bench	100K|dec|bcast|sum|ax1	0.23157350000000002	0.014944
reduce_layout_bench	100K|dec|bcast|min|ax0	0.1820295	0.0137965
reduce_layout_bench	100K|dec|bcast|min|ax1	0.1245125	0.016826
reduce_layout_bench	100K|dec|bcast|max|ax0	0.176006	0.013706
reduce_layout_bench	100K|dec|bcast|max|ax1	0.16671	0.017044
reduce_layout_bench	100K|f16|C|sum|ax0	0.1567895	0.294652
reduce_layout_bench	100K|f16|C|sum|ax1	0.143709	0.203344
reduce_layout_bench	100K|f16|C|min|ax0	0.161711	0.216114
reduce_layout_bench	100K|f16|C|min|ax1	0.158689	0.234472
reduce_layout_bench	100K|f16|C|max|ax0	0.1703365	0.221818
reduce_layout_bench	100K|f16|C|max|ax1	0.1655575	0.22974
reduce_layout_bench	100K|f16|C|prod|ax0	0.414591	0.282713
reduce_layout_bench	100K|f16|C|prod|ax1	0.39602649999999995	0.102055
reduce_layout_bench	100K|f16|F|sum|ax0	0.1378825	0.215705
reduce_layout_bench	100K|f16|F|sum|ax1	0.1538185	0.313757
reduce_layout_bench	100K|f16|F|min|ax0	0.1618365	0.240899
reduce_layout_bench	100K|f16|F|min|ax1	0.1735835	0.229977
reduce_layout_bench	100K|f16|F|max|ax0	0.1605095	0.238109
reduce_layout_bench	100K|f16|F|max|ax1	0.166337	0.318461
reduce_layout_bench	100K|f16|F|prod|ax0	0.3967905	0.12525
reduce_layout_bench	100K|f16|F|prod|ax1	0.4040785	0.373318
reduce_layout_bench	100K|f16|T|sum|ax0	0.1435785	0.244009
reduce_layout_bench	100K|f16|T|sum|ax1	0.153474	0.35356
reduce_layout_bench	100K|f16|T|min|ax0	0.164492	0.253033
reduce_layout_bench	100K|f16|T|min|ax1	0.165607	0.230559
reduce_layout_bench	100K|f16|T|max|ax0	0.16225799999999999	0.222655
reduce_layout_bench	100K|f16|T|max|ax1	0.1641125	0.213412
reduce_layout_bench	100K|f16|T|prod|ax0	0.394299	0.0982715
reduce_layout_bench	100K|f16|T|prod|ax1	0.3969475	0.275695
reduce_layout_bench	100K|f16|strided|sum|ax0	0.080688	0.158144
reduce_layout_bench	100K|f16|strided|sum|ax1	0.0715355	0.104394
reduce_layout_bench	100K|f16|strided|min|ax0	0.08697300000000001	0.114385
reduce_layout_bench	100K|f16|strided|min|ax1	0.08773550000000001	0.11433
reduce_layout_bench	100K|f16|strided|max|ax0	0.0869125	0.109638
reduce_layout_bench	100K|f16|strided|max|ax1	0.0871335	0.113315
reduce_layout_bench	100K|f16|strided|prod|ax0	0.205861	0.14214
reduce_layout_bench	100K|f16|strided|prod|ax1	0.2113015	0.052163
reduce_layout_bench	100K|f16|negrow|sum|ax0	0.151077	0.307857
reduce_layout_bench	100K|f16|negrow|sum|ax1	0.141928	0.207764
reduce_layout_bench	100K|f16|negrow|min|ax0	0.1665605	0.216948
reduce_layout_bench	100K|f16|negrow|min|ax1	0.164745	0.230295
reduce_layout_bench	100K|f16|negrow|max|ax0	0.166966	0.209633
reduce_layout_bench	100K|f16|negrow|max|ax1	0.16405	0.218729
reduce_layout_bench	100K|f16|negrow|prod|ax0	0.40316450000000004	0.272392
reduce_layout_bench	100K|f16|negrow|prod|ax1	0.4100105	0.09777
reduce_layout_bench	100K|f16|negcol|sum|ax0	0.1575555	0.300359
reduce_layout_bench	100K|f16|negcol|sum|ax1	0.140542	0.205912
reduce_layout_bench	100K|f16|negcol|min|ax0	0.16937449999999998	0.219132
reduce_layout_bench	100K|f16|negcol|min|ax1	0.16918	0.253299
reduce_layout_bench	100K|f16|negcol|max|ax0	0.16916599999999998	0.219074
reduce_layout_bench	100K|f16|negcol|max|ax1	0.17555900000000002	0.226672
reduce_layout_bench	100K|f16|negcol|prod|ax0	0.3955015	0.293183
reduce_layout_bench	100K|f16|negcol|prod|ax1	0.389723	0.102293
reduce_layout_bench	100K|f16|sliced|sum|ax0	0.152581	0.309085
reduce_layout_bench	100K|f16|sliced|sum|ax1	0.1402335	0.208552
reduce_layout_bench	100K|f16|sliced|min|ax0	0.170656	0.225642
reduce_layout_bench	100K|f16|sliced|min|ax1	0.167389	0.243706
reduce_layout_bench	100K|f16|sliced|max|ax0	0.17158400000000001	0.21666
reduce_layout_bench	100K|f16|sliced|max|ax1	0.167327	0.224487
reduce_layout_bench	100K|f16|sliced|prod|ax0	0.38843150000000004	0.283475
reduce_layout_bench	100K|f16|sliced|prod|ax1	0.3973345	0.09753
reduce_layout_bench	100K|f16|bcast|sum|ax0	0.14944000000000002	0.309089
reduce_layout_bench	100K|f16|bcast|sum|ax1	0.141912	0.215588
reduce_layout_bench	100K|f16|bcast|min|ax0	0.147258	0.169807
reduce_layout_bench	100K|f16|bcast|min|ax1	0.1614575	0.243293
reduce_layout_bench	100K|f16|bcast|max|ax0	0.1698065	0.163141
reduce_layout_bench	100K|f16|bcast|max|ax1	0.1610705	0.221119
reduce_layout_bench	100K|f16|bcast|prod|ax0	0.430493	0.442396
reduce_layout_bench	100K|f16|bcast|prod|ax1	0.406644	0.101242
reduce_layout_bench	100K|i32|C|sum|ax0	0.0086865	0.05197
reduce_layout_bench	100K|i32|C|sum|ax1	0.0055130000000000005	0.041853
reduce_layout_bench	100K|i32|C|min|ax0	0.0054139999999999995	0.009584
reduce_layout_bench	100K|i32|C|min|ax1	0.0037665	0.0074205
reduce_layout_bench	100K|i32|C|max|ax0	0.0053265	0.0110785
reduce_layout_bench	100K|i32|C|max|ax1	0.0040435	0.0077205
reduce_layout_bench	100K|i32|C|prod|ax0	0.0155095	0.0558245
reduce_layout_bench	100K|i32|C|prod|ax1	0.018054	0.075188
reduce_layout_bench	100K|i32|F|sum|ax0	0.0054855	0.04284
reduce_layout_bench	100K|i32|F|sum|ax1	0.008765	0.0533795
reduce_layout_bench	100K|i32|F|min|ax0	0.0039545000000000005	0.0078545
reduce_layout_bench	100K|i32|F|min|ax1	0.005374	0.009873
reduce_layout_bench	100K|i32|F|max|ax0	0.0042435	0.007727
reduce_layout_bench	100K|i32|F|max|ax1	0.0056155	0.0096645
reduce_layout_bench	100K|i32|F|prod|ax0	0.01882	0.0777575
reduce_layout_bench	100K|i32|F|prod|ax1	0.015420499999999998	0.0568415
reduce_layout_bench	100K|i32|T|sum|ax0	0.006102499999999999	0.0414365
reduce_layout_bench	100K|i32|T|sum|ax1	0.008622	0.0556565
reduce_layout_bench	100K|i32|T|min|ax0	0.0037990000000000003	0.008046
reduce_layout_bench	100K|i32|T|min|ax1	0.005409000000000001	0.0101125
reduce_layout_bench	100K|i32|T|max|ax0	0.003939	0.0084305
reduce_layout_bench	100K|i32|T|max|ax1	0.005487	0.0107025
reduce_layout_bench	100K|i32|T|prod|ax0	0.0191275	0.0745445
reduce_layout_bench	100K|i32|T|prod|ax1	0.0163215	0.0554265
reduce_layout_bench	100K|i32|strided|sum|ax0	0.02943	0.032597
reduce_layout_bench	100K|i32|strided|sum|ax1	0.0305635	0.0284445
reduce_layout_bench	100K|i32|strided|min|ax0	0.021707999999999998	0.024306
reduce_layout_bench	100K|i32|strided|min|ax1	0.1057975	0.0173985
reduce_layout_bench	100K|i32|strided|max|ax0	0.024021	0.022475
reduce_layout_bench	100K|i32|strided|max|ax1	0.086945	0.0179245
reduce_layout_bench	100K|i32|strided|prod|ax0	0.0390865	0.0324115
reduce_layout_bench	100K|i32|strided|prod|ax1	0.0384255	0.0412065
reduce_layout_bench	100K|i32|negrow|sum|ax0	0.0091035	0.0583685
reduce_layout_bench	100K|i32|negrow|sum|ax1	0.0576885	0.0490345
reduce_layout_bench	100K|i32|negrow|min|ax0	0.0036320000000000002	0.0115685
reduce_layout_bench	100K|i32|negrow|min|ax1	0.058145499999999996	0.0088125
reduce_layout_bench	100K|i32|negrow|max|ax0	0.0036815	0.0107095
reduce_layout_bench	100K|i32|negrow|max|ax1	0.0573645	0.0087345
reduce_layout_bench	100K|i32|negrow|prod|ax0	0.016557	0.0669415
reduce_layout_bench	100K|i32|negrow|prod|ax1	0.076284	0.0782245
reduce_layout_bench	100K|i32|negcol|sum|ax0	0.058836000000000006	0.0592405
reduce_layout_bench	100K|i32|negcol|sum|ax1	0.0589065	0.050247
reduce_layout_bench	100K|i32|negcol|min|ax0	0.0410285	0.049234
reduce_layout_bench	100K|i32|negcol|min|ax1	0.0639525	0.032032
reduce_layout_bench	100K|i32|negcol|max|ax0	0.044493	0.0431985
reduce_layout_bench	100K|i32|negcol|max|ax1	0.0633345	0.031632
reduce_layout_bench	100K|i32|negcol|prod|ax0	0.07960099999999999	0.058808
reduce_layout_bench	100K|i32|negcol|prod|ax1	0.0806685	0.0773415
reduce_layout_bench	100K|i32|sliced|sum|ax0	0.0103245	0.0573235
reduce_layout_bench	100K|i32|sliced|sum|ax1	0.060274999999999995	0.045125
reduce_layout_bench	100K|i32|sliced|min|ax0	0.004664	0.010949
reduce_layout_bench	100K|i32|sliced|min|ax1	0.015429	0.009098
reduce_layout_bench	100K|i32|sliced|max|ax0	0.0048335	0.0107565
reduce_layout_bench	100K|i32|sliced|max|ax1	0.0148895	0.0090785
reduce_layout_bench	100K|i32|sliced|prod|ax0	0.0164805	0.0608175
reduce_layout_bench	100K|i32|sliced|prod|ax1	0.0789565	0.077382
reduce_layout_bench	100K|i32|bcast|sum|ax0	0.0084485	0.031176
reduce_layout_bench	100K|i32|bcast|sum|ax1	0.06145	0.0191635
reduce_layout_bench	100K|i32|bcast|min|ax0	0.0027145000000000003	0.0091425
reduce_layout_bench	100K|i32|bcast|min|ax1	0.0412955	0.007001
reduce_layout_bench	100K|i32|bcast|max|ax0	0.0027484999999999996	0.008884
reduce_layout_bench	100K|i32|bcast|max|ax1	0.0455305	0.0065685
reduce_layout_bench	100K|i32|bcast|prod|ax0	0.016005000000000002	0.0315035
reduce_layout_bench	100K|i32|bcast|prod|ax1	0.077348	0.0550315
reduce_layout_bench	100K|i64|C|sum|ax0	0.010585500000000001	0.031019
reduce_layout_bench	100K|i64|C|sum|ax1	0.007572499999999999	0.018796
reduce_layout_bench	100K|i64|C|min|ax0	0.0133455	0.018247
reduce_layout_bench	100K|i64|C|min|ax1	0.01176	0.0170115
reduce_layout_bench	100K|i64|C|max|ax0	0.0141825	0.016894
reduce_layout_bench	100K|i64|C|max|ax1	0.0105275	0.0188435
reduce_layout_bench	100K|i64|C|prod|ax0	0.0156125	0.0346885
reduce_layout_bench	100K|i64|C|prod|ax1	0.0179625	0.053722
reduce_layout_bench	100K|i64|F|sum|ax0	0.00523	0.0212235
reduce_layout_bench	100K|i64|F|sum|ax1	0.009772	0.034842
reduce_layout_bench	100K|i64|F|min|ax0	0.010321	0.0190075
reduce_layout_bench	100K|i64|F|min|ax1	0.0130765	0.0311385
reduce_layout_bench	100K|i64|F|max|ax0	0.0096855	0.016829
reduce_layout_bench	100K|i64|F|max|ax1	0.012302500000000001	0.0167625
reduce_layout_bench	100K|i64|F|prod|ax0	0.0167805	0.0513525
reduce_layout_bench	100K|i64|F|prod|ax1	0.014798	0.0351635
reduce_layout_bench	100K|i64|T|sum|ax0	0.007195	0.023772
reduce_layout_bench	100K|i64|T|sum|ax1	0.010511	0.0345655
reduce_layout_bench	100K|i64|T|min|ax0	0.010249999999999999	0.020722
reduce_layout_bench	100K|i64|T|min|ax1	0.0113485	0.0196155
reduce_layout_bench	100K|i64|T|max|ax0	0.0105805	0.0191915
reduce_layout_bench	100K|i64|T|max|ax1	0.012802000000000001	0.020587
reduce_layout_bench	100K|i64|T|prod|ax0	0.0170135	0.0523305
reduce_layout_bench	100K|i64|T|prod|ax1	0.01565	0.030183
reduce_layout_bench	100K|i64|strided|sum|ax0	0.0209495	0.0209015
reduce_layout_bench	100K|i64|strided|sum|ax1	0.098659	0.015234
reduce_layout_bench	100K|i64|strided|min|ax0	0.023466499999999998	0.0242115
reduce_layout_bench	100K|i64|strided|min|ax1	0.107561	0.020986
reduce_layout_bench	100K|i64|strided|max|ax0	0.0261225	0.0273505
reduce_layout_bench	100K|i64|strided|max|ax1	0.1044315	0.0184455
reduce_layout_bench	100K|i64|strided|prod|ax0	0.027462	0.021314
reduce_layout_bench	100K|i64|strided|prod|ax1	0.0398865	0.0310255
reduce_layout_bench	100K|i64|negrow|sum|ax0	0.008671	0.036595
reduce_layout_bench	100K|i64|negrow|sum|ax1	0.111348	0.0191995
reduce_layout_bench	100K|i64|negrow|min|ax0	0.0113055	0.022942
reduce_layout_bench	100K|i64|negrow|min|ax1	0.019457	0.0174925
reduce_layout_bench	100K|i64|negrow|max|ax0	0.011246	0.02184
reduce_layout_bench	100K|i64|negrow|max|ax1	0.020358499999999998	0.0161325
reduce_layout_bench	100K|i64|negrow|prod|ax0	0.0206925	0.0335865
reduce_layout_bench	100K|i64|negrow|prod|ax1	0.0249075	0.0570645
reduce_layout_bench	100K|i64|negcol|sum|ax0	0.0391775	0.0403995
reduce_layout_bench	100K|i64|negcol|sum|ax1	0.0595585	0.0359965
reduce_layout_bench	100K|i64|negcol|min|ax0	0.047362	0.0427695
reduce_layout_bench	100K|i64|negcol|min|ax1	0.0724995	0.0303695
reduce_layout_bench	100K|i64|negcol|max|ax0	0.048605499999999996	0.061466
reduce_layout_bench	100K|i64|negcol|max|ax1	0.092768	0.0384305
reduce_layout_bench	100K|i64|negcol|prod|ax0	0.0445225	0.0471255
reduce_layout_bench	100K|i64|negcol|prod|ax1	0.0798735	0.0536185
reduce_layout_bench	100K|i64|sliced|sum|ax0	0.0090835	0.0385335
reduce_layout_bench	100K|i64|sliced|sum|ax1	0.0175965	0.025456
reduce_layout_bench	100K|i64|sliced|min|ax0	0.011144000000000001	0.0270895
reduce_layout_bench	100K|i64|sliced|min|ax1	0.020555	0.021198
reduce_layout_bench	100K|i64|sliced|max|ax0	0.01091	0.0223115
reduce_layout_bench	100K|i64|sliced|max|ax1	0.0217685	0.0164435
reduce_layout_bench	100K|i64|sliced|prod|ax0	0.018651	0.037166
reduce_layout_bench	100K|i64|sliced|prod|ax1	0.024024	0.056707
reduce_layout_bench	100K|i64|bcast|sum|ax0	0.0037164999999999998	0.0302055
reduce_layout_bench	100K|i64|bcast|sum|ax1	0.038463	0.01773
reduce_layout_bench	100K|i64|bcast|min|ax0	0.0103505	0.01543
reduce_layout_bench	100K|i64|bcast|min|ax1	0.0464545	0.0149865
reduce_layout_bench	100K|i64|bcast|max|ax0	0.011023	0.014867
reduce_layout_bench	100K|i64|bcast|max|ax1	0.048532	0.013861
reduce_layout_bench	100K|i64|bcast|prod|ax0	0.018688	0.0311495
reduce_layout_bench	100K|i64|bcast|prod|ax1	0.042111499999999996	0.0537305
reduce_layout_bench	1M|f64|C|sum|ax0	0.15124666666666667	0.220567
reduce_layout_bench	1M|f64|C|sum|ax1	0.13078666666666666	0.281513
reduce_layout_bench	1M|f64|C|min|ax0	0.17441333333333334	0.238673
reduce_layout_bench	1M|f64|C|min|ax1	0.17765999999999998	0.15478
reduce_layout_bench	1M|f64|C|max|ax0	0.16518	0.27458
reduce_layout_bench	1M|f64|C|max|ax1	0.17465999999999998	0.166913
reduce_layout_bench	1M|f64|C|prod|ax0	0.1408	0.193753
reduce_layout_bench	1M|f64|C|prod|ax1	0.12237333333333332	0.797233
reduce_layout_bench	1M|f64|F|sum|ax0	0.13083333333333333	0.288453
reduce_layout_bench	1M|f64|F|sum|ax1	0.13052666666666665	0.179333
reduce_layout_bench	1M|f64|F|min|ax0	0.1746	0.24234
reduce_layout_bench	1M|f64|F|min|ax1	0.16982666666666668	0.202327
reduce_layout_bench	1M|f64|F|max|ax0	0.17696666666666666	0.17568
reduce_layout_bench	1M|f64|F|max|ax1	0.16792	0.201887
reduce_layout_bench	1M|f64|F|prod|ax0	0.11710666666666666	0.921313
reduce_layout_bench	1M|f64|F|prod|ax1	0.12811333333333333	0.186013
reduce_layout_bench	1M|f64|T|sum|ax0	0.13354666666666667	0.435447
reduce_layout_bench	1M|f64|T|sum|ax1	0.14041333333333333	0.18026
reduce_layout_bench	1M|f64|T|min|ax0	0.17909333333333333	0.15136
reduce_layout_bench	1M|f64|T|min|ax1	0.16740666666666665	0.239233
reduce_layout_bench	1M|f64|T|max|ax0	0.17567333333333332	0.149133
reduce_layout_bench	1M|f64|T|max|ax1	0.16528666666666667	0.19378
reduce_layout_bench	1M|f64|T|prod|ax0	0.12246666666666667	0.84026
reduce_layout_bench	1M|f64|T|prod|ax1	0.13218666666666665	0.2565
reduce_layout_bench	1M|f64|strided|sum|ax0	0.21344	0.295167
reduce_layout_bench	1M|f64|strided|sum|ax1	0.13100666666666666	0.226947
reduce_layout_bench	1M|f64|strided|min|ax0	0.40702	0.230613
reduce_layout_bench	1M|f64|strided|min|ax1	0.3142133333333333	0.294933
reduce_layout_bench	1M|f64|strided|max|ax0	0.39011333333333337	0.249367
reduce_layout_bench	1M|f64|strided|max|ax1	0.3174466666666667	0.38536
reduce_layout_bench	1M|f64|strided|prod|ax0	0.20365333333333335	0.497593
reduce_layout_bench	1M|f64|strided|prod|ax1	0.12807333333333334	0.532027
reduce_layout_bench	1M|f64|negrow|sum|ax0	0.12906	0.24216
reduce_layout_bench	1M|f64|negrow|sum|ax1	0.13534666666666664	0.3029
reduce_layout_bench	1M|f64|negrow|min|ax0	0.17522	0.336427
reduce_layout_bench	1M|f64|negrow|min|ax1	0.13314666666666666	0.30026
reduce_layout_bench	1M|f64|negrow|max|ax0	0.17090666666666668	0.23546
reduce_layout_bench	1M|f64|negrow|max|ax1	0.12678666666666666	0.29144
reduce_layout_bench	1M|f64|negrow|prod|ax0	0.10888	0.256833
reduce_layout_bench	1M|f64|negrow|prod|ax1	0.13762666666666667	0.998273
reduce_layout_bench	1M|f64|negcol|sum|ax0	0.4105666666666667	0.558787
reduce_layout_bench	1M|f64|negcol|sum|ax1	0.12094	0.42002
reduce_layout_bench	1M|f64|negcol|min|ax0	1.1032266666666668	0.449613
reduce_layout_bench	1M|f64|negcol|min|ax1	0.12002666666666667	0.772953
reduce_layout_bench	1M|f64|negcol|max|ax0	1.0973466666666667	0.49848
reduce_layout_bench	1M|f64|negcol|max|ax1	0.13210666666666668	0.91936
reduce_layout_bench	1M|f64|negcol|prod|ax0	0.39669333333333334	0.86904
reduce_layout_bench	1M|f64|negcol|prod|ax1	0.24672	1.03331
reduce_layout_bench	1M|f64|sliced|sum|ax0	0.13464	0.453647
reduce_layout_bench	1M|f64|sliced|sum|ax1	0.1408	1.56235
reduce_layout_bench	1M|f64|sliced|min|ax0	0.32604666666666665	0.93394
reduce_layout_bench	1M|f64|sliced|min|ax1	0.23019333333333333	0.388353
reduce_layout_bench	1M|f64|sliced|max|ax0	0.33353333333333335	0.678233
reduce_layout_bench	1M|f64|sliced|max|ax1	0.23470000000000002	0.5024
reduce_layout_bench	1M|f64|sliced|prod|ax0	0.14198666666666665	0.55982
reduce_layout_bench	1M|f64|sliced|prod|ax1	0.13128	0.92014
reduce_layout_bench	1M|f64|bcast|sum|ax0	0.07238000000000001	0.108333
reduce_layout_bench	1M|f64|bcast|sum|ax1	0.09194666666666666	0.16822
reduce_layout_bench	1M|f64|bcast|min|ax0	0.16989333333333334	0.129887
reduce_layout_bench	1M|f64|bcast|min|ax1	0.06460666666666666	0.11834
reduce_layout_bench	1M|f64|bcast|max|ax0	0.16256	0.138287
reduce_layout_bench	1M|f64|bcast|max|ax1	0.06532666666666667	0.163227
reduce_layout_bench	1M|f64|bcast|prod|ax0	0.05236	0.1288
reduce_layout_bench	1M|f64|bcast|prod|ax1	0.3921533333333333	0.835327
reduce_layout_bench	1M|f32|C|sum|ax0	0.07365333333333333	0.106407
reduce_layout_bench	1M|f32|C|sum|ax1	0.08698	0.256
reduce_layout_bench	1M|f32|C|min|ax0	0.08579333333333333	0.0934933
reduce_layout_bench	1M|f32|C|min|ax1	0.10721333333333334	0.0989267
reduce_layout_bench	1M|f32|C|max|ax0	0.08467333333333334	0.102027
reduce_layout_bench	1M|f32|C|max|ax1	0.10177333333333333	0.123407
reduce_layout_bench	1M|f32|C|prod|ax0	0.06760000000000001	0.0966667
reduce_layout_bench	1M|f32|C|prod|ax1	0.06254666666666667	0.849387
reduce_layout_bench	1M|f32|F|sum|ax0	0.08777333333333333	0.193027
reduce_layout_bench	1M|f32|F|sum|ax1	0.07118666666666668	0.0867333
reduce_layout_bench	1M|f32|F|min|ax0	0.10303333333333334	0.110607
reduce_layout_bench	1M|f32|F|min|ax1	0.08724	0.0884333
reduce_layout_bench	1M|f32|F|max|ax0	0.10821333333333333	0.104967
reduce_layout_bench	1M|f32|F|max|ax1	0.08812	0.0871267
reduce_layout_bench	1M|f32|F|prod|ax0	0.06025333333333334	0.770967
reduce_layout_bench	1M|f32|F|prod|ax1	0.06708666666666667	0.08712
reduce_layout_bench	1M|f32|T|sum|ax0	0.08371333333333333	0.23106
reduce_layout_bench	1M|f32|T|sum|ax1	0.07028	0.0898667
reduce_layout_bench	1M|f32|T|min|ax0	0.10357333333333334	0.137233
reduce_layout_bench	1M|f32|T|min|ax1	0.08599333333333334	0.0881533
reduce_layout_bench	1M|f32|T|max|ax0	0.10156000000000001	0.10266
reduce_layout_bench	1M|f32|T|max|ax1	0.08565333333333333	0.0777667
reduce_layout_bench	1M|f32|T|prod|ax0	0.05928666666666667	0.78142
reduce_layout_bench	1M|f32|T|prod|ax1	0.06470666666666666	0.0882333
reduce_layout_bench	1M|f32|strided|sum|ax0	0.20266666666666666	0.158
reduce_layout_bench	1M|f32|strided|sum|ax1	0.12157333333333334	0.119613
reduce_layout_bench	1M|f32|strided|min|ax0	0.42338666666666663	0.10346
reduce_layout_bench	1M|f32|strided|min|ax1	0.16879333333333332	0.210013
reduce_layout_bench	1M|f32|strided|max|ax0	0.4109	0.10112
reduce_layout_bench	1M|f32|strided|max|ax1	0.16914	0.214673
reduce_layout_bench	1M|f32|strided|prod|ax0	0.2047	0.160887
reduce_layout_bench	1M|f32|strided|prod|ax1	0.08916666666666666	0.37044
reduce_layout_bench	1M|f32|negrow|sum|ax0	0.06708666666666667	0.0851267
reduce_layout_bench	1M|f32|negrow|sum|ax1	0.0882	0.232473
reduce_layout_bench	1M|f32|negrow|min|ax0	0.09040666666666668	0.13102
reduce_layout_bench	1M|f32|negrow|min|ax1	0.08237333333333334	0.137167
reduce_layout_bench	1M|f32|negrow|max|ax0	0.09071333333333334	0.106127
reduce_layout_bench	1M|f32|negrow|max|ax1	0.07372	0.18446
reduce_layout_bench	1M|f32|negrow|prod|ax0	0.05453333333333333	0.112547
reduce_layout_bench	1M|f32|negrow|prod|ax1	0.5799133333333334	1.01531
reduce_layout_bench	1M|f32|negcol|sum|ax0	0.40852	0.48426
reduce_layout_bench	1M|f32|negcol|sum|ax1	0.09059333333333333	0.19952
reduce_layout_bench	1M|f32|negcol|min|ax0	1.0885399999999998	0.566447
reduce_layout_bench	1M|f32|negcol|min|ax1	0.06623333333333334	0.586133
reduce_layout_bench	1M|f32|negcol|max|ax0	1.0840533333333333	0.55882
reduce_layout_bench	1M|f32|negcol|max|ax1	0.06750666666666666	0.46392
reduce_layout_bench	1M|f32|negcol|prod|ax0	0.3946266666666667	0.323027
reduce_layout_bench	1M|f32|negcol|prod|ax1	0.15980666666666668	0.90844
reduce_layout_bench	1M|f32|sliced|sum|ax0	0.07203333333333334	0.0895867
reduce_layout_bench	1M|f32|sliced|sum|ax1	0.09467333333333333	0.247447
reduce_layout_bench	1M|f32|sliced|min|ax0	0.12908666666666666	0.0942933
reduce_layout_bench	1M|f32|sliced|min|ax1	0.12482666666666667	0.101667
reduce_layout_bench	1M|f32|sliced|max|ax0	0.13268666666666667	0.118887
reduce_layout_bench	1M|f32|sliced|max|ax1	0.12914	0.0909733
reduce_layout_bench	1M|f32|sliced|prod|ax0	0.06576	0.07266
reduce_layout_bench	1M|f32|sliced|prod|ax1	0.08039333333333333	0.780613
reduce_layout_bench	1M|f32|bcast|sum|ax0	0.04378	0.0514533
reduce_layout_bench	1M|f32|bcast|sum|ax1	0.09237999999999999	0.127447
reduce_layout_bench	1M|f32|bcast|min|ax0	0.09138666666666667	0.0579867
reduce_layout_bench	1M|f32|bcast|min|ax1	0.04599333333333333	0.0789933
reduce_layout_bench	1M|f32|bcast|max|ax0	0.08812	0.0779067
reduce_layout_bench	1M|f32|bcast|max|ax1	0.04599333333333333	0.0925067
reduce_layout_bench	1M|f32|bcast|prod|ax0	0.023966666666666667	0.06432
reduce_layout_bench	1M|f32|bcast|prod|ax1	0.3926266666666667	0.790873
reduce_layout_bench	1M|c128|C|sum|ax0	0.2818	0.8174
reduce_layout_bench	1M|c128|C|sum|ax1	0.4680733333333333	0.994013
reduce_layout_bench	1M|c128|C|min|ax0	1.53836	1.92563
reduce_layout_bench	1M|c128|C|min|ax1	1.5348266666666668	2.18465
reduce_layout_bench	1M|c128|C|max|ax0	1.1839733333333333	1.97273
reduce_layout_bench	1M|c128|C|max|ax1	1.1737333333333335	2.12433
reduce_layout_bench	1M|c128|C|prod|ax0	0.7835666666666667	1.30137
reduce_layout_bench	1M|c128|C|prod|ax1	1.5879800000000002	3.05735
reduce_layout_bench	1M|c128|F|sum|ax0	0.4185	1.17359
reduce_layout_bench	1M|c128|F|sum|ax1	0.35850000000000004	1.22159
reduce_layout_bench	1M|c128|F|min|ax0	1.4347066666666668	2.04519
reduce_layout_bench	1M|c128|F|min|ax1	1.46474	1.95873
reduce_layout_bench	1M|c128|F|max|ax0	1.1893333333333334	2.09163
reduce_layout_bench	1M|c128|F|max|ax1	1.2599333333333333	1.92185
reduce_layout_bench	1M|c128|F|prod|ax0	1.6172533333333334	2.93215
reduce_layout_bench	1M|c128|F|prod|ax1	0.8473533333333333	1.13246
reduce_layout_bench	1M|c128|T|sum|ax0	0.41481999999999997	1.26726
reduce_layout_bench	1M|c128|T|sum|ax1	0.28051333333333334	1.27751
reduce_layout_bench	1M|c128|T|min|ax0	1.5198399999999999	2.11588
reduce_layout_bench	1M|c128|T|min|ax1	1.5404799999999998	2.05364
reduce_layout_bench	1M|c128|T|max|ax0	1.2484199999999999	2.06934
reduce_layout_bench	1M|c128|T|max|ax1	1.2030866666666666	1.99464
reduce_layout_bench	1M|c128|T|prod|ax0	1.59634	2.87491
reduce_layout_bench	1M|c128|T|prod|ax1	0.7828066666666668	1.18605
reduce_layout_bench	1M|c128|strided|sum|ax0	0.4350333333333333	1.32263
reduce_layout_bench	1M|c128|strided|sum|ax1	0.25656666666666667	1.07455
reduce_layout_bench	1M|c128|strided|min|ax0	0.7884133333333333	1.53403
reduce_layout_bench	1M|c128|strided|min|ax1	0.83554	1.58395
reduce_layout_bench	1M|c128|strided|max|ax0	0.7125133333333333	1.39027
reduce_layout_bench	1M|c128|strided|max|ax1	0.60748	1.37947
reduce_layout_bench	1M|c128|strided|prod|ax0	0.42275333333333337	1.25711
reduce_layout_bench	1M|c128|strided|prod|ax1	0.8830666666666667	1.59803
reduce_layout_bench	1M|c128|negrow|sum|ax0	0.31046666666666667	0.9186
reduce_layout_bench	1M|c128|negrow|sum|ax1	0.5597466666666667	1.50475
reduce_layout_bench	1M|c128|negrow|min|ax0	1.4857	2.1037
reduce_layout_bench	1M|c128|negrow|min|ax1	1.5451933333333334	2.24527
reduce_layout_bench	1M|c128|negrow|max|ax0	1.2356200000000002	2.14681
reduce_layout_bench	1M|c128|negrow|max|ax1	1.31454	2.38201
reduce_layout_bench	1M|c128|negrow|prod|ax0	0.9427533333333333	1.55269
reduce_layout_bench	1M|c128|negrow|prod|ax1	1.8676733333333333	3.18345
reduce_layout_bench	1M|c128|negcol|sum|ax0	0.6789799999999999	1.62702
reduce_layout_bench	1M|c128|negcol|sum|ax1	0.40558666666666665	1.44141
reduce_layout_bench	1M|c128|negcol|min|ax0	1.6581466666666667	2.15639
reduce_layout_bench	1M|c128|negcol|min|ax1	1.6077866666666667	2.24931
reduce_layout_bench	1M|c128|negcol|max|ax0	1.4164333333333334	2.2761
reduce_layout_bench	1M|c128|negcol|max|ax1	1.21262	2.22487
reduce_layout_bench	1M|c128|negcol|prod|ax0	0.9715	1.45145
reduce_layout_bench	1M|c128|negcol|prod|ax1	1.6270933333333335	3.12104
reduce_layout_bench	1M|c128|sliced|sum|ax0	0.38008666666666663	1.11854
reduce_layout_bench	1M|c128|sliced|sum|ax1	0.3427733333333334	1.35721
reduce_layout_bench	1M|c128|sliced|min|ax0	1.5125533333333334	2.06625
reduce_layout_bench	1M|c128|sliced|min|ax1	1.5223866666666666	2.10165
reduce_layout_bench	1M|c128|sliced|max|ax0	1.2876800000000002	1.96648
reduce_layout_bench	1M|c128|sliced|max|ax1	1.3033666666666666	2.08151
reduce_layout_bench	1M|c128|sliced|prod|ax0	0.90244	1.30949
reduce_layout_bench	1M|c128|sliced|prod|ax1	1.6104866666666666	2.96832
reduce_layout_bench	1M|c128|bcast|sum|ax0	0.13734	0.218993
reduce_layout_bench	1M|c128|bcast|sum|ax1	0.24233333333333332	0.290827
reduce_layout_bench	1M|c128|bcast|min|ax0	1.7809466666666667	1.70376
reduce_layout_bench	1M|c128|bcast|min|ax1	1.4222533333333334	1.7725
reduce_layout_bench	1M|c128|bcast|max|ax0	1.5772466666666667	1.52678
reduce_layout_bench	1M|c128|bcast|max|ax1	1.1272066666666667	1.80624
reduce_layout_bench	1M|c128|bcast|prod|ax0	0.7273266666666667	0.330673
reduce_layout_bench	1M|c128|bcast|prod|ax1	1.5407866666666665	3.29983
reduce_layout_bench	1M|dec|C|sum|ax0	5.551886666666666	0.196753
reduce_layout_bench	1M|dec|C|sum|ax1	2.3061533333333335	1.01443
reduce_layout_bench	1M|dec|C|min|ax0	1.9475466666666668	0.397093
reduce_layout_bench	1M|dec|C|min|ax1	1.3631199999999999	0.166393
reduce_layout_bench	1M|dec|C|max|ax0	2.4735133333333335	0.178993
reduce_layout_bench	1M|dec|C|max|ax1	1.7253333333333332	0.232053
reduce_layout_bench	1M|dec|F|sum|ax0	2.27828	0.749633
reduce_layout_bench	1M|dec|F|sum|ax1	5.476486666666667	0.21986
reduce_layout_bench	1M|dec|F|min|ax0	1.4140266666666668	0.245953
reduce_layout_bench	1M|dec|F|min|ax1	1.9848466666666666	0.210433
reduce_layout_bench	1M|dec|F|max|ax0	1.83802	0.213787
reduce_layout_bench	1M|dec|F|max|ax1	2.4904533333333334	0.241547
reduce_layout_bench	1M|dec|T|sum|ax0	2.2792666666666666	0.51116
reduce_layout_bench	1M|dec|T|sum|ax1	5.5946	0.17094
reduce_layout_bench	1M|dec|T|min|ax0	1.4813666666666667	0.191893
reduce_layout_bench	1M|dec|T|min|ax1	1.9754800000000001	0.307987
reduce_layout_bench	1M|dec|T|max|ax0	1.7458466666666665	0.247773
reduce_layout_bench	1M|dec|T|max|ax1	2.5132333333333334	0.420013
reduce_layout_bench	1M|dec|strided|sum|ax0	2.8649	0.24096
reduce_layout_bench	1M|dec|strided|sum|ax1	1.3353666666666666	0.223287
reduce_layout_bench	1M|dec|strided|min|ax0	1.2424733333333333	0.31636
reduce_layout_bench	1M|dec|strided|min|ax1	0.9234133333333333	0.379647
reduce_layout_bench	1M|dec|strided|max|ax0	1.5259466666666666	0.309327
reduce_layout_bench	1M|dec|strided|max|ax1	1.1320466666666666	0.3672
reduce_layout_bench	1M|dec|negrow|sum|ax0	5.5506	0.1982
reduce_layout_bench	1M|dec|negrow|sum|ax1	2.35752	0.240007
reduce_layout_bench	1M|dec|negrow|min|ax0	1.9541666666666666	0.190153
reduce_layout_bench	1M|dec|negrow|min|ax1	1.3518866666666667	0.266973
reduce_layout_bench	1M|dec|negrow|max|ax0	2.3996866666666667	0.266633
reduce_layout_bench	1M|dec|negrow|max|ax1	1.8379533333333333	0.265493
reduce_layout_bench	1M|dec|negcol|sum|ax0	5.5808333333333335	0.716
reduce_layout_bench	1M|dec|negcol|sum|ax1	2.3609133333333334	0.31856
reduce_layout_bench	1M|dec|negcol|min|ax0	2.0848466666666665	0.362747
reduce_layout_bench	1M|dec|negcol|min|ax1	1.4257733333333333	0.788753
reduce_layout_bench	1M|dec|negcol|max|ax0	2.51564	0.728933
reduce_layout_bench	1M|dec|negcol|max|ax1	1.6875866666666668	0.903813
reduce_layout_bench	1M|dec|sliced|sum|ax0	5.44912	0.204047
reduce_layout_bench	1M|dec|sliced|sum|ax1	2.2258533333333332	0.346147
reduce_layout_bench	1M|dec|sliced|min|ax0	1.85708	0.257613
reduce_layout_bench	1M|dec|sliced|min|ax1	1.2974133333333335	0.175913
reduce_layout_bench	1M|dec|sliced|max|ax0	2.415286666666667	0.25104
reduce_layout_bench	1M|dec|sliced|max|ax1	1.7070466666666666	0.17116
reduce_layout_bench	1M|dec|bcast|sum|ax0	5.396693333333333	0.11214
reduce_layout_bench	1M|dec|bcast|sum|ax1	2.104886666666667	0.209807
reduce_layout_bench	1M|dec|bcast|min|ax0	1.7287333333333335	0.121427
reduce_layout_bench	1M|dec|bcast|min|ax1	1.1983400000000002	0.112913
reduce_layout_bench	1M|dec|bcast|max|ax0	1.75274	0.128127
reduce_layout_bench	1M|dec|bcast|max|ax1	1.6567066666666668	0.113847
reduce_layout_bench	1M|f16|C|sum|ax0	1.5580733333333332	3.70131
reduce_layout_bench	1M|f16|C|sum|ax1	1.3944333333333332	2.31363
reduce_layout_bench	1M|f16|C|min|ax0	1.8078866666666669	2.6102
reduce_layout_bench	1M|f16|C|min|ax1	1.7211733333333332	2.88839
reduce_layout_bench	1M|f16|C|max|ax0	1.77664	2.30095
reduce_layout_bench	1M|f16|C|max|ax1	1.6522133333333333	2.78731
reduce_layout_bench	1M|f16|C|prod|ax0	3.9810866666666667	3.01137
reduce_layout_bench	1M|f16|C|prod|ax1	3.9319333333333333	1.60943
reduce_layout_bench	1M|f16|F|sum|ax0	1.3515666666666666	2.44546
reduce_layout_bench	1M|f16|F|sum|ax1	1.5225533333333334	3.46718
reduce_layout_bench	1M|f16|F|min|ax0	1.6831133333333335	2.67075
reduce_layout_bench	1M|f16|F|min|ax1	1.7665533333333334	2.63053
reduce_layout_bench	1M|f16|F|max|ax0	1.6056199999999998	2.99567
reduce_layout_bench	1M|f16|F|max|ax1	1.72622	2.98264
reduce_layout_bench	1M|f16|F|prod|ax0	4.046353333333333	1.18081
reduce_layout_bench	1M|f16|F|prod|ax1	4.050373333333334	3.70193
reduce_layout_bench	1M|f16|T|sum|ax0	1.3761666666666665	2.37073
reduce_layout_bench	1M|f16|T|sum|ax1	1.5698800000000002	4.45365
reduce_layout_bench	1M|f16|T|min|ax0	1.68158	3.18599
reduce_layout_bench	1M|f16|T|min|ax1	1.7583066666666667	3.07002
reduce_layout_bench	1M|f16|T|max|ax0	1.6149266666666666	3.10919
reduce_layout_bench	1M|f16|T|max|ax1	1.7491999999999999	2.49704
reduce_layout_bench	1M|f16|T|prod|ax0	4.0570466666666665	0.9687
reduce_layout_bench	1M|f16|T|prod|ax1	4.02932	3.34392
reduce_layout_bench	1M|f16|strided|sum|ax0	0.7642933333333333	2.65087
reduce_layout_bench	1M|f16|strided|sum|ax1	0.6782533333333334	1.33217
reduce_layout_bench	1M|f16|strided|min|ax0	0.8829733333333334	1.61886
reduce_layout_bench	1M|f16|strided|min|ax1	0.8253666666666667	1.57201
reduce_layout_bench	1M|f16|strided|max|ax0	0.9441333333333334	1.66099
reduce_layout_bench	1M|f16|strided|max|ax1	0.8353333333333333	1.74295
reduce_layout_bench	1M|f16|strided|prod|ax0	1.95448	2.41242
reduce_layout_bench	1M|f16|strided|prod|ax1	1.9948733333333335	0.742447
reduce_layout_bench	1M|f16|negrow|sum|ax0	1.5251333333333332	5.50654
reduce_layout_bench	1M|f16|negrow|sum|ax1	1.3960733333333333	2.57347
reduce_layout_bench	1M|f16|negrow|min|ax0	1.7751266666666665	2.65613
reduce_layout_bench	1M|f16|negrow|min|ax1	1.6184666666666667	2.90389
reduce_layout_bench	1M|f16|negrow|max|ax0	1.7217066666666667	2.66144
reduce_layout_bench	1M|f16|negrow|max|ax1	1.63164	2.54815
reduce_layout_bench	1M|f16|negrow|prod|ax0	3.9972266666666667	4.2098
reduce_layout_bench	1M|f16|negrow|prod|ax1	3.8973066666666667	1.86495
reduce_layout_bench	1M|f16|negcol|sum|ax0	1.5132733333333335	5.91025
reduce_layout_bench	1M|f16|negcol|sum|ax1	1.30632	2.28339
reduce_layout_bench	1M|f16|negcol|min|ax0	1.72068	2.40478
reduce_layout_bench	1M|f16|negcol|min|ax1	1.6844533333333334	2.71426
reduce_layout_bench	1M|f16|negcol|max|ax0	1.7147933333333334	2.50824
reduce_layout_bench	1M|f16|negcol|max|ax1	1.7154200000000002	2.41797
reduce_layout_bench	1M|f16|negcol|prod|ax0	4.170486666666666	4.32029
reduce_layout_bench	1M|f16|negcol|prod|ax1	3.904933333333333	1.25092
reduce_layout_bench	1M|f16|sliced|sum|ax0	1.4986	3.5127
reduce_layout_bench	1M|f16|sliced|sum|ax1	1.33998	2.39304
reduce_layout_bench	1M|f16|sliced|min|ax0	1.7345	2.73009
reduce_layout_bench	1M|f16|sliced|min|ax1	1.6192600000000001	3.12699
reduce_layout_bench	1M|f16|sliced|max|ax0	1.70406	2.93779
reduce_layout_bench	1M|f16|sliced|max|ax1	1.621	3.07018
reduce_layout_bench	1M|f16|sliced|prod|ax0	3.8958999999999997	5.25884
reduce_layout_bench	1M|f16|sliced|prod|ax1	3.8628533333333333	1.08471
reduce_layout_bench	1M|f16|bcast|sum|ax0	1.5067333333333333	5.252
reduce_layout_bench	1M|f16|bcast|sum|ax1	1.3506533333333333	2.33589
reduce_layout_bench	1M|f16|bcast|min|ax0	1.4657666666666667	2.09108
reduce_layout_bench	1M|f16|bcast|min|ax1	1.6262866666666667	2.9885
reduce_layout_bench	1M|f16|bcast|max|ax0	1.54494	2.14986
reduce_layout_bench	1M|f16|bcast|max|ax1	1.5805	2.62583
reduce_layout_bench	1M|f16|bcast|prod|ax0	4.161113333333334	4.95795
reduce_layout_bench	1M|f16|bcast|prod|ax1	3.859173333333333	1.28984
reduce_layout_bench	1M|i32|C|sum|ax0	0.09805333333333334	0.560553
reduce_layout_bench	1M|i32|C|sum|ax1	0.06621333333333333	0.447233
reduce_layout_bench	1M|i32|C|min|ax0	0.06896666666666666	0.146547
reduce_layout_bench	1M|i32|C|min|ax1	0.06422666666666667	0.0952133
reduce_layout_bench	1M|i32|C|max|ax0	0.06827333333333334	0.0723267
reduce_layout_bench	1M|i32|C|max|ax1	0.06695333333333334	0.0662267
reduce_layout_bench	1M|i32|C|prod|ax0	0.15348	0.63648
reduce_layout_bench	1M|i32|C|prod|ax1	0.15495333333333333	0.939473
reduce_layout_bench	1M|i32|F|sum|ax0	0.061726666666666666	0.444147
reduce_layout_bench	1M|i32|F|sum|ax1	0.09251333333333332	0.639907
reduce_layout_bench	1M|i32|F|min|ax0	0.06084666666666667	0.072
reduce_layout_bench	1M|i32|F|min|ax1	0.06591333333333334	0.0849
reduce_layout_bench	1M|i32|F|max|ax0	0.060673333333333336	0.0804533
reduce_layout_bench	1M|i32|F|max|ax1	0.06682666666666666	0.0787533
reduce_layout_bench	1M|i32|F|prod|ax0	0.1551266666666667	0.92186
reduce_layout_bench	1M|i32|F|prod|ax1	0.15440666666666666	0.678993
reduce_layout_bench	1M|i32|T|sum|ax0	0.06402666666666666	0.417007
reduce_layout_bench	1M|i32|T|sum|ax1	0.09924	0.61118
reduce_layout_bench	1M|i32|T|min|ax0	0.05296	0.0656467
reduce_layout_bench	1M|i32|T|min|ax1	0.05707333333333333	0.0751333
reduce_layout_bench	1M|i32|T|max|ax0	0.051873333333333334	0.06474
reduce_layout_bench	1M|i32|T|max|ax1	0.055573333333333336	0.0753
reduce_layout_bench	1M|i32|T|prod|ax0	0.15484	0.901053
reduce_layout_bench	1M|i32|T|prod|ax1	0.15366666666666667	0.562887
reduce_layout_bench	1M|i32|strided|sum|ax0	0.3463733333333333	0.31782
reduce_layout_bench	1M|i32|strided|sum|ax1	0.29406666666666664	0.21894
reduce_layout_bench	1M|i32|strided|min|ax0	0.19862666666666667	0.22042
reduce_layout_bench	1M|i32|strided|min|ax1	0.2996066666666667	0.139707
reduce_layout_bench	1M|i32|strided|max|ax0	0.21648666666666666	0.22598
reduce_layout_bench	1M|i32|strided|max|ax1	0.3045666666666667	0.167953
reduce_layout_bench	1M|i32|strided|prod|ax0	0.41616666666666663	0.324653
reduce_layout_bench	1M|i32|strided|prod|ax1	0.3809866666666667	0.518947
reduce_layout_bench	1M|i32|negrow|sum|ax0	0.10070666666666667	0.86372
reduce_layout_bench	1M|i32|negrow|sum|ax1	0.5892333333333333	0.449127
reduce_layout_bench	1M|i32|negrow|min|ax0	0.048819999999999995	0.102867
reduce_layout_bench	1M|i32|negrow|min|ax1	0.07607333333333334	0.0797333
reduce_layout_bench	1M|i32|negrow|max|ax0	0.047573333333333336	0.103647
reduce_layout_bench	1M|i32|negrow|max|ax1	0.07996	0.100427
reduce_layout_bench	1M|i32|negrow|prod|ax0	0.16565333333333332	0.974187
reduce_layout_bench	1M|i32|negrow|prod|ax1	0.7727266666666667	1.08109
reduce_layout_bench	1M|i32|negcol|sum|ax0	0.6542133333333333	0.74382
reduce_layout_bench	1M|i32|negcol|sum|ax1	0.59778	0.726053
reduce_layout_bench	1M|i32|negcol|min|ax0	0.4045066666666666	0.43894
reduce_layout_bench	1M|i32|negcol|min|ax1	0.61784	0.268173
reduce_layout_bench	1M|i32|negcol|max|ax0	0.4473066666666667	0.424453
reduce_layout_bench	1M|i32|negcol|max|ax1	0.66086	0.298927
reduce_layout_bench	1M|i32|negcol|prod|ax0	0.9042466666666668	0.624673
reduce_layout_bench	1M|i32|negcol|prod|ax1	0.79406	0.98684
reduce_layout_bench	1M|i32|sliced|sum|ax0	0.09650666666666667	0.503113
reduce_layout_bench	1M|i32|sliced|sum|ax1	0.6017666666666667	0.382207
reduce_layout_bench	1M|i32|sliced|min|ax0	0.07012	0.0852733
reduce_layout_bench	1M|i32|sliced|min|ax1	0.11560666666666666	0.0631467
reduce_layout_bench	1M|i32|sliced|max|ax0	0.06342	0.100073
reduce_layout_bench	1M|i32|sliced|max|ax1	0.08319333333333333	0.0632333
reduce_layout_bench	1M|i32|sliced|prod|ax0	0.15528	0.56206
reduce_layout_bench	1M|i32|sliced|prod|ax1	0.7901333333333334	0.946707
reduce_layout_bench	1M|i32|bcast|sum|ax0	0.08861999999999999	0.260913
reduce_layout_bench	1M|i32|bcast|sum|ax1	0.5923133333333334	0.129107
reduce_layout_bench	1M|i32|bcast|min|ax0	0.018913333333333334	0.0448267
reduce_layout_bench	1M|i32|bcast|min|ax1	0.40376	0.0327333
reduce_layout_bench	1M|i32|bcast|max|ax0	0.019513333333333334	0.0447733
reduce_layout_bench	1M|i32|bcast|max|ax1	0.4400133333333333	0.0335933
reduce_layout_bench	1M|i32|bcast|prod|ax0	0.15310666666666667	0.34182
reduce_layout_bench	1M|i32|bcast|prod|ax1	0.7914333333333333	0.635593
reduce_layout_bench	1M|i64|C|sum|ax0	0.13326666666666667	0.38918
reduce_layout_bench	1M|i64|C|sum|ax1	0.11236666666666667	0.193887
reduce_layout_bench	1M|i64|C|min|ax0	0.13394	0.321667
reduce_layout_bench	1M|i64|C|min|ax1	0.11331333333333334	0.13912
reduce_layout_bench	1M|i64|C|max|ax0	0.13602666666666666	0.164127
reduce_layout_bench	1M|i64|C|max|ax1	0.11234000000000001	0.142453
reduce_layout_bench	1M|i64|C|prod|ax0	0.15918000000000002	0.303953
reduce_layout_bench	1M|i64|C|prod|ax1	0.15306	0.695973
reduce_layout_bench	1M|i64|F|sum|ax0	0.12996666666666667	0.205587
reduce_layout_bench	1M|i64|F|sum|ax1	0.12758	0.405613
reduce_layout_bench	1M|i64|F|min|ax0	0.11585333333333334	0.169467
reduce_layout_bench	1M|i64|F|min|ax1	0.14093333333333333	0.232147
reduce_layout_bench	1M|i64|F|max|ax0	0.11751333333333333	0.222247
reduce_layout_bench	1M|i64|F|max|ax1	0.13815333333333332	0.335533
reduce_layout_bench	1M|i64|F|prod|ax0	0.15414666666666665	0.756367
reduce_layout_bench	1M|i64|F|prod|ax1	0.15436	0.540187
reduce_layout_bench	1M|i64|T|sum|ax0	0.12633333333333333	0.27418
reduce_layout_bench	1M|i64|T|sum|ax1	0.13715333333333335	0.635713
reduce_layout_bench	1M|i64|T|min|ax0	0.12474	0.159247
reduce_layout_bench	1M|i64|T|min|ax1	0.1356133333333333	0.277173
reduce_layout_bench	1M|i64|T|max|ax0	0.10752666666666667	0.155907
reduce_layout_bench	1M|i64|T|max|ax1	0.14800000000000002	0.27508
reduce_layout_bench	1M|i64|T|prod|ax0	0.15088	0.695733
reduce_layout_bench	1M|i64|T|prod|ax1	0.15039999999999998	0.373247
reduce_layout_bench	1M|i64|strided|sum|ax0	0.20981333333333335	0.333967
reduce_layout_bench	1M|i64|strided|sum|ax1	0.30718	0.20946
reduce_layout_bench	1M|i64|strided|min|ax0	0.2297	0.32156
reduce_layout_bench	1M|i64|strided|min|ax1	0.31322	0.190893
reduce_layout_bench	1M|i64|strided|max|ax0	0.24361333333333332	0.31642
reduce_layout_bench	1M|i64|strided|max|ax1	0.42621333333333333	0.174127
reduce_layout_bench	1M|i64|strided|prod|ax0	0.2108533333333333	0.23774
reduce_layout_bench	1M|i64|strided|prod|ax1	0.3988933333333333	0.32126
reduce_layout_bench	1M|i64|negrow|sum|ax0	0.1024	0.65032
reduce_layout_bench	1M|i64|negrow|sum|ax1	0.13785333333333333	0.326907
reduce_layout_bench	1M|i64|negrow|min|ax0	0.19882666666666668	0.292
reduce_layout_bench	1M|i64|negrow|min|ax1	0.16358	0.1835
reduce_layout_bench	1M|i64|negrow|max|ax0	0.18220666666666666	0.2464
reduce_layout_bench	1M|i64|negrow|max|ax1	0.16701333333333332	0.171927
reduce_layout_bench	1M|i64|negrow|prod|ax0	0.27914666666666665	0.57074
reduce_layout_bench	1M|i64|negrow|prod|ax1	0.23377333333333333	0.8339
reduce_layout_bench	1M|i64|negcol|sum|ax0	0.41570666666666667	0.785693
reduce_layout_bench	1M|i64|negcol|sum|ax1	0.7184866666666667	0.307387
reduce_layout_bench	1M|i64|negcol|min|ax0	0.4755266666666667	0.729487
reduce_layout_bench	1M|i64|negcol|min|ax1	0.7762133333333333	0.83576
reduce_layout_bench	1M|i64|negcol|max|ax0	0.5295733333333333	0.95818
reduce_layout_bench	1M|i64|negcol|max|ax1	0.8375466666666667	0.57156
reduce_layout_bench	1M|i64|negcol|prod|ax0	0.42263333333333336	0.964627
reduce_layout_bench	1M|i64|negcol|prod|ax1	0.8331733333333333	0.876327
reduce_layout_bench	1M|i64|sliced|sum|ax0	0.13276666666666667	0.521013
reduce_layout_bench	1M|i64|sliced|sum|ax1	0.13002666666666665	0.257193
reduce_layout_bench	1M|i64|sliced|min|ax0	0.19101333333333334	0.224927
reduce_layout_bench	1M|i64|sliced|min|ax1	0.15174	0.209587
reduce_layout_bench	1M|i64|sliced|max|ax0	0.18231333333333336	0.321893
reduce_layout_bench	1M|i64|sliced|max|ax1	0.15178	0.168713
reduce_layout_bench	1M|i64|sliced|prod|ax0	0.29532	0.566087
reduce_layout_bench	1M|i64|sliced|prod|ax1	0.21080666666666667	0.76502
reduce_layout_bench	1M|i64|bcast|sum|ax0	0.03372666666666667	0.362147
reduce_layout_bench	1M|i64|bcast|sum|ax1	0.364	0.130613
reduce_layout_bench	1M|i64|bcast|min|ax0	0.09689333333333333	0.131613
reduce_layout_bench	1M|i64|bcast|min|ax1	0.43495333333333336	0.11322
reduce_layout_bench	1M|i64|bcast|max|ax0	0.09923333333333333	0.148293
reduce_layout_bench	1M|i64|bcast|max|ax1	0.47228	0.09688
reduce_layout_bench	1M|i64|bcast|prod|ax0	0.17218	0.29762
reduce_layout_bench	1M|i64|bcast|prod|ax1	0.3893133333333333	0.5759
copy_path_bench	100K|u8|C|pos	0.0258005	0.024638
copy_path_bench	100K|u8|F|pos	0.028262	0.02511
copy_path_bench	100K|u8|T|pos	0.0265335	0.024049
copy_path_bench	100K|u8|strided|pos	0.021404999999999997	0.013804
copy_path_bench	100K|u8|sliced|pos	0.0522965	0.0309895
copy_path_bench	100K|u8|negrow|pos	0.052718499999999995	0.0338195
copy_path_bench	100K|u8|negcol|pos	0.030251	0.04967
copy_path_bench	100K|u8|bcast|pos	0.035317	0.0340385
copy_path_bench	100K|i8|C|pos	0.0266695	0.0232705
copy_path_bench	100K|i8|F|pos	0.028496	0.024498
copy_path_bench	100K|i8|T|pos	0.022855	0.024143
copy_path_bench	100K|i8|strided|pos	0.0221005	0.013959
copy_path_bench	100K|i8|sliced|pos	0.0208135	0.0265875
copy_path_bench	100K|i8|negrow|pos	0.016122	0.0299575
copy_path_bench	100K|i8|negcol|pos	0.0250955	0.0497675
copy_path_bench	100K|i8|bcast|pos	0.0186715	0.0286605
copy_path_bench	100K|i16|C|pos	0.026046	0.024638
copy_path_bench	100K|i16|F|pos	0.0211325	0.026761
copy_path_bench	100K|i16|T|pos	0.020523	0.0240295
copy_path_bench	100K|i16|strided|pos	0.0196065	0.0125055
copy_path_bench	100K|i16|sliced|pos	0.025571	0.0329605
copy_path_bench	100K|i16|negrow|pos	0.028286500000000003	0.0315825
copy_path_bench	100K|i16|negcol|pos	0.019758500000000002	0.0572145
copy_path_bench	100K|i16|bcast|pos	0.017055	0.027542
copy_path_bench	100K|u16|C|pos	0.018389	0.0266945
copy_path_bench	100K|u16|F|pos	0.0176135	0.0259495
copy_path_bench	100K|u16|T|pos	0.020654	0.0285695
copy_path_bench	100K|u16|strided|pos	0.013125	0.013669
copy_path_bench	100K|u16|sliced|pos	0.021158	0.0277165
copy_path_bench	100K|u16|negrow|pos	0.0207895	0.027831
copy_path_bench	100K|u16|negcol|pos	0.019575	0.0586665
copy_path_bench	100K|u16|bcast|pos	0.017467999999999997	0.028481
copy_path_bench	100K|i32|C|pos	0.039272999999999995	0.03422
copy_path_bench	100K|i32|F|pos	0.035448	0.023626
copy_path_bench	100K|i32|T|pos	0.036896	0.036682
copy_path_bench	100K|i32|strided|pos	0.0479765	0.021922
copy_path_bench	100K|i32|sliced|pos	0.072613	0.032499
copy_path_bench	100K|i32|negrow|pos	0.05273	0.036306
copy_path_bench	100K|i32|negcol|pos	0.10554500000000001	0.057451
copy_path_bench	100K|i32|bcast|pos	0.0532515	0.0303585
copy_path_bench	100K|u32|C|pos	0.056420000000000005	0.025198
copy_path_bench	100K|u32|F|pos	0.057635500000000006	0.0338705
copy_path_bench	100K|u32|T|pos	0.045436500000000005	0.0243215
copy_path_bench	100K|u32|strided|pos	0.0450875	0.0130605
copy_path_bench	100K|u32|sliced|pos	0.060304	0.0363245
copy_path_bench	100K|u32|negrow|pos	0.053639	0.033478
copy_path_bench	100K|u32|negcol|pos	0.0908855	0.065032
copy_path_bench	100K|u32|bcast|pos	0.045418	0.030936
copy_path_bench	100K|i64|C|pos	0.0912515	0.214878
copy_path_bench	100K|i64|F|pos	0.074336	0.0972065
copy_path_bench	100K|i64|T|pos	0.0787385	0.107341
copy_path_bench	100K|i64|strided|pos	0.068325	0.013708
copy_path_bench	100K|i64|sliced|pos	0.09447599999999999	0.190518
copy_path_bench	100K|i64|negrow|pos	0.0950085	0.16144
copy_path_bench	100K|i64|negcol|pos	0.096551	0.145621
copy_path_bench	100K|i64|bcast|pos	0.10402950000000001	0.086195
copy_path_bench	100K|u64|C|pos	0.08040800000000001	0.0605025
copy_path_bench	100K|u64|F|pos	0.062736	0.046086
copy_path_bench	100K|u64|T|pos	0.0666085	0.045748
copy_path_bench	100K|u64|strided|pos	0.039761000000000005	0.01812
copy_path_bench	100K|u64|sliced|pos	0.08069549999999999	0.100382
copy_path_bench	100K|u64|negrow|pos	0.0732205	0.107252
copy_path_bench	100K|u64|negcol|pos	0.075139	0.102815
copy_path_bench	100K|u64|bcast|pos	0.0676935	0.061487
copy_path_bench	100K|char|C|pos	0.016164	0.0235685
copy_path_bench	100K|char|F|pos	0.016197	0.0239865
copy_path_bench	100K|char|T|pos	0.015377	0.0278365
copy_path_bench	100K|char|strided|pos	0.014696	0.0125155
copy_path_bench	100K|char|sliced|pos	0.026532	0.029694
copy_path_bench	100K|char|negrow|pos	0.017582	0.030532
copy_path_bench	100K|char|negcol|pos	0.024835	0.0544765
copy_path_bench	100K|char|bcast|pos	0.016106	0.0295545
copy_path_bench	100K|f16|C|pos	0.015106	0.023515
copy_path_bench	100K|f16|F|pos	0.0140425	0.0245935
copy_path_bench	100K|f16|T|pos	0.013630999999999999	0.023696
copy_path_bench	100K|f16|strided|pos	0.0105095	0.014879
copy_path_bench	100K|f16|sliced|pos	0.0194185	0.0331175
copy_path_bench	100K|f16|negrow|pos	0.0160545	0.03306
copy_path_bench	100K|f16|negcol|pos	0.015469	0.057495
copy_path_bench	100K|f16|bcast|pos	0.016046499999999998	0.0270955
copy_path_bench	100K|f32|C|pos	0.0304515	0.022934
copy_path_bench	100K|f32|F|pos	0.031038999999999997	0.0220145
copy_path_bench	100K|f32|T|pos	0.030661	0.022634
copy_path_bench	100K|f32|strided|pos	0.028003	0.014725
copy_path_bench	100K|f32|sliced|pos	0.0367045	0.0332365
copy_path_bench	100K|f32|negrow|pos	0.0313125	0.0351675
copy_path_bench	100K|f32|negcol|pos	0.045375500000000006	0.050427
copy_path_bench	100K|f32|bcast|pos	0.033177	0.0293475
copy_path_bench	100K|f64|C|pos	0.075497	0.0308785
copy_path_bench	100K|f64|F|pos	0.091422	0.035099
copy_path_bench	100K|f64|T|pos	0.086655	0.032075
copy_path_bench	100K|f64|strided|pos	0.069492	0.020099
copy_path_bench	100K|f64|sliced|pos	0.0695505	0.0741705
copy_path_bench	100K|f64|negrow|pos	0.0783455	0.066072
copy_path_bench	100K|f64|negcol|pos	0.0842065	0.0936215
copy_path_bench	100K|f64|bcast|pos	0.0705085	0.0535785
copy_path_bench	100K|c128|C|pos	0.201669	0.602843
copy_path_bench	100K|c128|F|pos	0.2769905	0.606986
copy_path_bench	100K|c128|T|pos	0.2536335	0.593938
copy_path_bench	100K|c128|strided|pos	0.137604	0.161674
copy_path_bench	100K|c128|sliced|pos	0.3744175	0.733769
copy_path_bench	100K|c128|negrow|pos	0.4407125	0.719444
copy_path_bench	100K|c128|negcol|pos	0.5702805	0.857268
copy_path_bench	100K|c128|bcast|pos	0.4085945	0.625018
copy_path_bench	1M|u8|C|pos	0.11071500000000001	0.244982
copy_path_bench	1M|u8|F|pos	0.104125	0.240907
copy_path_bench	1M|u8|T|pos	0.08244	0.246847
copy_path_bench	1M|u8|strided|pos	0.08112	0.129472
copy_path_bench	1M|u8|sliced|pos	0.144535	0.290363
copy_path_bench	1M|u8|negrow|pos	0.1212325	0.279723
copy_path_bench	1M|u8|negcol|pos	0.17481	0.503448
copy_path_bench	1M|u8|bcast|pos	0.11435500000000001	0.368233
copy_path_bench	1M|i8|C|pos	0.09908249999999999	0.244027
copy_path_bench	1M|i8|F|pos	0.12234750000000001	0.278873
copy_path_bench	1M|i8|T|pos	0.1182325	0.244758
copy_path_bench	1M|i8|strided|pos	0.1049475	0.123625
copy_path_bench	1M|i8|sliced|pos	0.1909225	0.328167
copy_path_bench	1M|i8|negrow|pos	0.1654475	0.29121
copy_path_bench	1M|i8|negcol|pos	0.2089725	0.51192
copy_path_bench	1M|i8|bcast|pos	0.1398825	0.274938
copy_path_bench	1M|i16|C|pos	0.4459925	0.60609
copy_path_bench	1M|i16|F|pos	0.3517325	0.626297
copy_path_bench	1M|i16|T|pos	0.3897275	0.62403
copy_path_bench	1M|i16|strided|pos	0.2089375	0.125345
copy_path_bench	1M|i16|sliced|pos	0.5250425	0.646855
copy_path_bench	1M|i16|negrow|pos	0.55645	0.672328
copy_path_bench	1M|i16|negcol|pos	0.6290549999999999	0.878502
copy_path_bench	1M|i16|bcast|pos	0.47128500000000006	0.601493
copy_path_bench	1M|u16|C|pos	0.3435225	0.522915
copy_path_bench	1M|u16|F|pos	0.395065	0.536027
copy_path_bench	1M|u16|T|pos	0.41174999999999995	0.583432
copy_path_bench	1M|u16|strided|pos	0.208895	0.12799
copy_path_bench	1M|u16|sliced|pos	0.5002275	0.616005
copy_path_bench	1M|u16|negrow|pos	0.530435	0.646527
copy_path_bench	1M|u16|negcol|pos	0.60775	0.87924
copy_path_bench	1M|u16|bcast|pos	0.43138750000000003	0.6325
copy_path_bench	1M|i32|C|pos	0.53703	1.22678
copy_path_bench	1M|i32|F|pos	0.5267324999999999	1.3636
copy_path_bench	1M|i32|T|pos	0.4413875	1.24121
copy_path_bench	1M|i32|strided|pos	0.7539275	0.60725
copy_path_bench	1M|i32|sliced|pos	0.7261925	1.51246
copy_path_bench	1M|i32|negrow|pos	0.6839649999999999	1.53018
copy_path_bench	1M|i32|negcol|pos	1.4535975	1.81699
copy_path_bench	1M|i32|bcast|pos	0.703805	1.0801
copy_path_bench	1M|u32|C|pos	0.5273225	1.16107
copy_path_bench	1M|u32|F|pos	0.5197475	1.2712
copy_path_bench	1M|u32|T|pos	0.5307875	1.25484
copy_path_bench	1M|u32|strided|pos	1.0190275	0.66598
copy_path_bench	1M|u32|sliced|pos	0.8368774999999999	1.39653
copy_path_bench	1M|u32|negrow|pos	0.8679675	1.28481
copy_path_bench	1M|u32|negcol|pos	1.9353874999999998	1.84291
copy_path_bench	1M|u32|bcast|pos	0.5515325	1.00936
copy_path_bench	1M|i64|C|pos	1.54498	2.78261
copy_path_bench	1M|i64|F|pos	1.11166	2.76111
copy_path_bench	1M|i64|T|pos	0.9674699999999999	2.53792
copy_path_bench	1M|i64|strided|pos	1.1996275	1.67812
copy_path_bench	1M|i64|sliced|pos	1.7941150000000001	2.71274
copy_path_bench	1M|i64|negrow|pos	1.6318425	2.89914
copy_path_bench	1M|i64|negcol|pos	2.7326924999999997	3.01813
copy_path_bench	1M|i64|bcast|pos	1.1233275	1.69658
copy_path_bench	1M|u64|C|pos	0.9955175	2.56129
copy_path_bench	1M|u64|F|pos	1.5172425	2.94921
copy_path_bench	1M|u64|T|pos	1.1573475	2.46064
copy_path_bench	1M|u64|strided|pos	1.6632974999999999	1.72118
copy_path_bench	1M|u64|sliced|pos	2.12483	2.88082
copy_path_bench	1M|u64|negrow|pos	2.3866725	3.06981
copy_path_bench	1M|u64|negcol|pos	3.092255	3.67595
copy_path_bench	1M|u64|bcast|pos	0.8947625	3.1385
copy_path_bench	1M|char|C|pos	0.35298250000000003	0.787993
copy_path_bench	1M|char|F|pos	0.3802675	0.696803
copy_path_bench	1M|char|T|pos	0.47363	0.67449
copy_path_bench	1M|char|strided|pos	0.18745499999999998	0.11944
copy_path_bench	1M|char|sliced|pos	0.437625	0.729607
copy_path_bench	1M|char|negrow|pos	0.64126	0.847468
copy_path_bench	1M|char|negcol|pos	0.65959	1.12689
copy_path_bench	1M|char|bcast|pos	0.336075	0.61667
copy_path_bench	1M|f16|C|pos	0.3252775	0.652698
copy_path_bench	1M|f16|F|pos	0.3427675	0.671895
copy_path_bench	1M|f16|T|pos	0.35744750000000003	0.811792
copy_path_bench	1M|f16|strided|pos	0.1684475	0.186375
copy_path_bench	1M|f16|sliced|pos	0.41762750000000004	0.957665
copy_path_bench	1M|f16|negrow|pos	0.3967175	0.926797
copy_path_bench	1M|f16|negcol|pos	0.43951250000000003	1.3601
copy_path_bench	1M|f16|bcast|pos	0.3857175	0.772378
copy_path_bench	1M|f32|C|pos	0.4809825	1.94969
copy_path_bench	1M|f32|F|pos	0.5148349999999999	1.90989
copy_path_bench	1M|f32|T|pos	0.50126	1.46009
copy_path_bench	1M|f32|strided|pos	0.565815	1.04028
copy_path_bench	1M|f32|sliced|pos	0.81903	1.99983
copy_path_bench	1M|f32|negrow|pos	0.588505	2.21239
copy_path_bench	1M|f32|negcol|pos	1.0065300000000001	2.09858
copy_path_bench	1M|f32|bcast|pos	0.4651325	1.01849
copy_path_bench	1M|f64|C|pos	1.0766075000000002	2.94883
copy_path_bench	1M|f64|F|pos	1.3394925	2.90302
copy_path_bench	1M|f64|T|pos	1.9999099999999999	3.23581
copy_path_bench	1M|f64|strided|pos	2.113725	2.15549
copy_path_bench	1M|f64|sliced|pos	2.2636175	2.90951
copy_path_bench	1M|f64|negrow|pos	2.0586375	3.21538
copy_path_bench	1M|f64|negcol|pos	2.8861499999999998	3.50293
copy_path_bench	1M|f64|bcast|pos	1.59234	2.11932
copy_path_bench	1M|c128|C|pos	2.972505	6.0292
copy_path_bench	1M|c128|F|pos	2.6855599999999997	6.23912
copy_path_bench	1M|c128|T|pos	2.58629	7.7605
copy_path_bench	1M|c128|strided|pos	2.641155	4.31565
copy_path_bench	1M|c128|sliced|pos	2.971425	7.98679
copy_path_bench	1M|c128|negrow|pos	2.8132475	10.3427
copy_path_bench	1M|c128|negcol|pos	3.04763	10.6637
copy_path_bench	1M|c128|bcast|pos	1.03763	7.36385
elementwise_layout_bench	100K|f64|C|add	0.09714650000000001	0.214841
elementwise_layout_bench	100K|f64|C|mul	0.08836499999999999	0.21325
elementwise_layout_bench	100K|f64|C|neg	0.09858650000000001	0.0933195
elementwise_layout_bench	100K|f64|C|abs	0.09170450000000001	0.0823745
elementwise_layout_bench	100K|f64|C|sqrt	0.103947	0.119076
elementwise_layout_bench	100K|f64|C|less	0.039078499999999995	0.0108935
elementwise_layout_bench	100K|f64|C|copy	0.090092	0.0568505
elementwise_layout_bench	100K|f64|F|add	0.08992499999999999	0.056109
elementwise_layout_bench	100K|f64|F|mul	0.0893755	0.060697
elementwise_layout_bench	100K|f64|F|neg	0.090669	0.0391195
elementwise_layout_bench	100K|f64|F|abs	0.09333949999999999	0.0359495
elementwise_layout_bench	100K|f64|F|sqrt	0.10447050000000001	0.0776415
elementwise_layout_bench	100K|f64|F|less	0.040662000000000004	0.008757
elementwise_layout_bench	100K|f64|F|copy	0.1061225	0.0609915
elementwise_layout_bench	100K|f64|T|add	0.091836	0.0366925
elementwise_layout_bench	100K|f64|T|mul	0.0905665	0.0354485
elementwise_layout_bench	100K|f64|T|neg	0.08924149999999999	0.033724
elementwise_layout_bench	100K|f64|T|abs	0.091388	0.031041
elementwise_layout_bench	100K|f64|T|sqrt	0.10293250000000001	0.0746195
elementwise_layout_bench	100K|f64|T|less	0.026099	0.009996
elementwise_layout_bench	100K|f64|T|copy	0.1082025	0.0571605
elementwise_layout_bench	100K|f64|strided|add	0.0784565	0.0184545
elementwise_layout_bench	100K|f64|strided|mul	0.0771415	0.01766
elementwise_layout_bench	100K|f64|strided|neg	0.0725865	0.0087495
elementwise_layout_bench	100K|f64|strided|abs	0.07174649999999999	0.0098715
elementwise_layout_bench	100K|f64|strided|sqrt	0.074574	0.03132
elementwise_layout_bench	100K|f64|strided|less	0.0700535	0.020116
elementwise_layout_bench	100K|f64|strided|copy	0.0690815	0.010972
elementwise_layout_bench	100K|f64|sliced|add	0.1041745	0.120631
elementwise_layout_bench	100K|f64|sliced|mul	0.0999195	0.118007
elementwise_layout_bench	100K|f64|sliced|neg	0.091312	0.054573
elementwise_layout_bench	100K|f64|sliced|abs	0.0922005	0.0536135
elementwise_layout_bench	100K|f64|sliced|sqrt	0.10269500000000001	0.0934435
elementwise_layout_bench	100K|f64|sliced|less	0.09708299999999999	0.042166
elementwise_layout_bench	100K|f64|sliced|copy	0.0868535	0.023138
elementwise_layout_bench	100K|f64|negrow|add	0.09040150000000001	0.089687
elementwise_layout_bench	100K|f64|negrow|mul	0.09393750000000001	0.089732
elementwise_layout_bench	100K|f64|negrow|neg	0.088197	0.048153
elementwise_layout_bench	100K|f64|negrow|abs	0.0819375	0.0470755
elementwise_layout_bench	100K|f64|negrow|sqrt	0.0935025	0.0916915
elementwise_layout_bench	100K|f64|negrow|less	0.088682	0.0408185
elementwise_layout_bench	100K|f64|negrow|copy	0.084235	0.020431
elementwise_layout_bench	100K|f64|negcol|add	0.250007	0.132302
elementwise_layout_bench	100K|f64|negcol|mul	0.5022215	0.12861
elementwise_layout_bench	100K|f64|negcol|neg	0.31384049999999997	0.0688435
elementwise_layout_bench	100K|f64|negcol|abs	0.29264	0.0699885
elementwise_layout_bench	100K|f64|negcol|sqrt	0.40173450000000005	0.114446
elementwise_layout_bench	100K|f64|negcol|less	0.17336600000000002	0.0846375
elementwise_layout_bench	100K|f64|negcol|copy	0.147892	0.0376035
elementwise_layout_bench	100K|f64|bcast|add	0.1245475	0.056716
elementwise_layout_bench	100K|f64|bcast|mul	0.11450250000000001	0.0611525
elementwise_layout_bench	100K|f64|bcast|neg	0.1160955	0.0447975
elementwise_layout_bench	100K|f64|bcast|abs	0.106381	0.042802
elementwise_layout_bench	100K|f64|bcast|sqrt	0.393202	0.0865755
elementwise_layout_bench	100K|f64|bcast|less	0.116962	0.036824
elementwise_layout_bench	100K|f64|bcast|copy	0.10691250000000001	0.0165665
elementwise_layout_bench	100K|f32|C|add	0.069015	0.0074625
elementwise_layout_bench	100K|f32|C|mul	0.070283	0.008377
elementwise_layout_bench	100K|f32|C|neg	0.064078	0.0071995
elementwise_layout_bench	100K|f32|C|abs	0.0570935	0.007433
elementwise_layout_bench	100K|f32|C|sqrt	0.11847350000000001	0.0163205
elementwise_layout_bench	100K|f32|C|less	0.040247000000000005	0.00447
elementwise_layout_bench	100K|f32|C|copy	0.0737725	0.006641
elementwise_layout_bench	100K|f32|F|add	0.051208000000000004	0.0074575
elementwise_layout_bench	100K|f32|F|mul	0.059650999999999996	0.0076135
elementwise_layout_bench	100K|f32|F|neg	0.0574355	0.0088415
elementwise_layout_bench	100K|f32|F|abs	0.06406150000000001	0.0078265
elementwise_layout_bench	100K|f32|F|sqrt	0.12223250000000001	0.0163965
elementwise_layout_bench	100K|f32|F|less	0.028739499999999998	0.0058235
elementwise_layout_bench	100K|f32|F|copy	0.11028	0.0230855
elementwise_layout_bench	100K|f32|T|add	0.078501	0.0081475
elementwise_layout_bench	100K|f32|T|mul	0.059067	0.0089395
elementwise_layout_bench	100K|f32|T|neg	0.0628555	0.008392
elementwise_layout_bench	100K|f32|T|abs	0.0533275	0.007283
elementwise_layout_bench	100K|f32|T|sqrt	0.11104050000000001	0.0159735
elementwise_layout_bench	100K|f32|T|less	0.0208575	0.004415
elementwise_layout_bench	100K|f32|T|copy	0.096167	0.0226095
elementwise_layout_bench	100K|f32|strided|add	0.125582	0.015325
elementwise_layout_bench	100K|f32|strided|mul	0.139806	0.0158235
elementwise_layout_bench	100K|f32|strided|neg	0.0793925	0.0074115
elementwise_layout_bench	100K|f32|strided|abs	0.08025	0.0066895
elementwise_layout_bench	100K|f32|strided|sqrt	0.08489000000000001	0.0090185
elementwise_layout_bench	100K|f32|strided|less	0.0708645	0.0189
elementwise_layout_bench	100K|f32|strided|copy	0.056195	0.010895
elementwise_layout_bench	100K|f32|sliced|add	0.069337	0.023969
elementwise_layout_bench	100K|f32|sliced|mul	0.0658455	0.0243745
elementwise_layout_bench	100K|f32|sliced|neg	0.0752655	0.0144195
elementwise_layout_bench	100K|f32|sliced|abs	0.071071	0.014056
elementwise_layout_bench	100K|f32|sliced|sqrt	0.136106	0.0238345
elementwise_layout_bench	100K|f32|sliced|less	0.095938	0.0207285
elementwise_layout_bench	100K|f32|sliced|copy	0.0773375	0.0068685
elementwise_layout_bench	100K|f32|negrow|add	0.075923	0.0236365
elementwise_layout_bench	100K|f32|negrow|mul	0.0749155	0.0224285
elementwise_layout_bench	100K|f32|negrow|neg	0.07043300000000001	0.0147645
elementwise_layout_bench	100K|f32|negrow|abs	0.07602	0.01469
elementwise_layout_bench	100K|f32|negrow|sqrt	0.1316305	0.022921
elementwise_layout_bench	100K|f32|negrow|less	0.10578150000000001	0.0221705
elementwise_layout_bench	100K|f32|negrow|copy	0.070104	0.0069175
elementwise_layout_bench	100K|f32|negcol|add	0.2592675	0.059061
elementwise_layout_bench	100K|f32|negcol|mul	0.2533875	0.059243
elementwise_layout_bench	100K|f32|negcol|neg	0.1557805	0.031105
elementwise_layout_bench	100K|f32|negcol|abs	0.1413355	0.032697
elementwise_layout_bench	100K|f32|negcol|sqrt	0.157621	0.0405005
elementwise_layout_bench	100K|f32|negcol|less	0.146851	0.058178
elementwise_layout_bench	100K|f32|negcol|copy	0.094818	0.023198
elementwise_layout_bench	100K|f32|bcast|add	0.0549425	0.020393
elementwise_layout_bench	100K|f32|bcast|mul	0.058174000000000003	0.021168
elementwise_layout_bench	100K|f32|bcast|neg	0.058869	0.013751
elementwise_layout_bench	100K|f32|bcast|abs	0.0543695	0.0131575
elementwise_layout_bench	100K|f32|bcast|sqrt	0.1304735	0.0217495
elementwise_layout_bench	100K|f32|bcast|less	0.0969235	0.0182455
elementwise_layout_bench	100K|f32|bcast|copy	0.055171	0.005662
elementwise_layout_bench	100K|c128|C|add	0.4591685	0.342789
elementwise_layout_bench	100K|c128|C|mul	0.491592	0.333455
elementwise_layout_bench	100K|c128|C|neg	0.45185749999999997	0.439869
elementwise_layout_bench	100K|c128|C|abs	0.5392685	0.100282
elementwise_layout_bench	100K|c128|C|sqrt	2.1862690000000002	0.982383
elementwise_layout_bench	100K|c128|C|less	0.320071	0.09128
elementwise_layout_bench	100K|c128|C|copy	0.37553800000000004	0.331396
elementwise_layout_bench	100K|c128|F|add	0.575411	0.435291
elementwise_layout_bench	100K|c128|F|mul	0.708515	0.416277
elementwise_layout_bench	100K|c128|F|neg	0.48235300000000003	0.58158
elementwise_layout_bench	100K|c128|F|abs	0.4601635	0.106764
elementwise_layout_bench	100K|c128|F|sqrt	1.3753325	1.12111
elementwise_layout_bench	100K|c128|F|less	0.253353	0.086292
elementwise_layout_bench	100K|c128|F|copy	0.5370729999999999	0.441793
elementwise_layout_bench	100K|c128|T|add	0.508912	0.440986
elementwise_layout_bench	100K|c128|T|mul	0.579959	0.510944
elementwise_layout_bench	100K|c128|T|neg	0.4758365	0.520838
elementwise_layout_bench	100K|c128|T|abs	0.4678265	0.108376
elementwise_layout_bench	100K|c128|T|sqrt	1.395567	1.05973
elementwise_layout_bench	100K|c128|T|less	0.251299	0.088709
elementwise_layout_bench	100K|c128|T|copy	0.6050635	0.428279
elementwise_layout_bench	100K|c128|strided|add	0.1743035	0.0416005
elementwise_layout_bench	100K|c128|strided|mul	0.332691	0.036401
elementwise_layout_bench	100K|c128|strided|neg	0.181159	0.161856
elementwise_layout_bench	100K|c128|strided|abs	0.2723145	0.0600625
elementwise_layout_bench	100K|c128|strided|sqrt	0.6736279999999999	0.404101
elementwise_layout_bench	100K|c128|strided|less	0.18293600000000002	0.0459425
elementwise_layout_bench	100K|c128|strided|copy	0.157737	0.055948
elementwise_layout_bench	100K|c128|sliced|add	0.4937355	0.419195
elementwise_layout_bench	100K|c128|sliced|mul	0.6403095000000001	0.409004
elementwise_layout_bench	100K|c128|sliced|neg	0.634707	0.504487
elementwise_layout_bench	100K|c128|sliced|abs	0.5372665	0.155756
elementwise_layout_bench	100K|c128|sliced|sqrt	1.4192930000000001	1.02508
elementwise_layout_bench	100K|c128|sliced|less	0.37461500000000003	0.130862
elementwise_layout_bench	100K|c128|sliced|copy	0.669602	0.331671
elementwise_layout_bench	100K|c128|negrow|add	0.7885639999999999	0.400345
elementwise_layout_bench	100K|c128|negrow|mul	0.8286140000000001	0.389749
elementwise_layout_bench	100K|c128|negrow|neg	0.7282609999999999	0.499675
elementwise_layout_bench	100K|c128|negrow|abs	0.5477995	0.15186
elementwise_layout_bench	100K|c128|negrow|sqrt	1.751227	1.03211
elementwise_layout_bench	100K|c128|negrow|less	0.3294115	0.144425
elementwise_layout_bench	100K|c128|negrow|copy	0.672179	0.343567
elementwise_layout_bench	100K|c128|negcol|add	0.6965264999999999	0.519095
elementwise_layout_bench	100K|c128|negcol|mul	0.7977675000000001	0.525866
elementwise_layout_bench	100K|c128|negcol|neg	0.627884	0.572678
elementwise_layout_bench	100K|c128|negcol|abs	0.56758	0.222029
elementwise_layout_bench	100K|c128|negcol|sqrt	1.6637155000000001	1.18305
elementwise_layout_bench	100K|c128|negcol|less	0.38427700000000004	0.265402
elementwise_layout_bench	100K|c128|negcol|copy	0.7005089999999999	0.458998
elementwise_layout_bench	100K|c128|bcast|add	0.527065	0.468853
elementwise_layout_bench	100K|c128|bcast|mul	0.5548195	0.511778
elementwise_layout_bench	100K|c128|bcast|neg	0.620244	0.585808
elementwise_layout_bench	100K|c128|bcast|abs	0.542889	0.321466
elementwise_layout_bench	100K|c128|bcast|sqrt	1.4626815	1.45009
elementwise_layout_bench	100K|c128|bcast|less	0.30003	0.186967
elementwise_layout_bench	100K|c128|bcast|copy	0.6245505	0.457749
elementwise_layout_bench	100K|f16|C|add	1.0695685	0.630836
elementwise_layout_bench	100K|f16|C|mul	1.1259839999999999	0.673602
elementwise_layout_bench	100K|f16|C|neg	0.105793	0.0495215
elementwise_layout_bench	100K|f16|C|abs	0.10806800000000001	0.058284
elementwise_layout_bench	100K|f16|C|sqrt	0.6108455	0.535999
elementwise_layout_bench	100K|f16|C|less	0.1848745	0.263666
elementwise_layout_bench	100K|f16|C|copy	0.029079999999999998	0.0075315
elementwise_layout_bench	100K|f16|F|add	0.803884	0.743261
elementwise_layout_bench	100K|f16|F|mul	0.845235	0.766692
elementwise_layout_bench	100K|f16|F|neg	0.058293	0.060611
elementwise_layout_bench	100K|f16|F|abs	0.051612	0.0587845
elementwise_layout_bench	100K|f16|F|sqrt	0.487485	0.525322
elementwise_layout_bench	100K|f16|F|less	0.1701105	0.293686
elementwise_layout_bench	100K|f16|F|copy	0.0669285	0.067154
elementwise_layout_bench	100K|f16|T|add	0.7654325	0.753711
elementwise_layout_bench	100K|f16|T|mul	0.7412955	0.791693
elementwise_layout_bench	100K|f16|T|neg	0.0559945	0.0596475
elementwise_layout_bench	100K|f16|T|abs	0.043206499999999995	0.0627915
elementwise_layout_bench	100K|f16|T|sqrt	0.44272550000000005	0.532837
elementwise_layout_bench	100K|f16|T|less	0.143379	0.26503
elementwise_layout_bench	100K|f16|T|copy	0.0661065	0.064287
elementwise_layout_bench	100K|f16|strided|add	0.3273925	0.394628
elementwise_layout_bench	100K|f16|strided|mul	0.35288800000000003	0.400166
elementwise_layout_bench	100K|f16|strided|neg	0.0433445	0.032472
elementwise_layout_bench	100K|f16|strided|abs	0.0495385	0.031892
elementwise_layout_bench	100K|f16|strided|sqrt	0.254318	0.279208
elementwise_layout_bench	100K|f16|strided|less	0.1047685	0.139902
elementwise_layout_bench	100K|f16|strided|copy	0.0194555	0.0308655
elementwise_layout_bench	100K|f16|sliced|add	0.7159154999999999	0.785962
elementwise_layout_bench	100K|f16|sliced|mul	0.7222395	0.817074
elementwise_layout_bench	100K|f16|sliced|neg	0.0675195	0.084348
elementwise_layout_bench	100K|f16|sliced|abs	0.068062	0.0770465
elementwise_layout_bench	100K|f16|sliced|sqrt	0.47558300000000003	0.740999
elementwise_layout_bench	100K|f16|sliced|less	0.151477	0.376273
elementwise_layout_bench	100K|f16|sliced|copy	0.0340915	0.010105
elementwise_layout_bench	100K|f16|negrow|add	0.8003060000000001	0.998618
elementwise_layout_bench	100K|f16|negrow|mul	0.7343470000000001	0.968077
elementwise_layout_bench	100K|f16|negrow|neg	0.066507	0.102114
elementwise_layout_bench	100K|f16|negrow|abs	0.0616335	0.101266
elementwise_layout_bench	100K|f16|negrow|sqrt	0.448421	0.69648
elementwise_layout_bench	100K|f16|negrow|less	0.190758	0.313474
elementwise_layout_bench	100K|f16|negrow|copy	0.0378325	0.00959
elementwise_layout_bench	100K|f16|negcol|add	0.8408125	0.905118
elementwise_layout_bench	100K|f16|negcol|mul	0.7355735	1.04442
elementwise_layout_bench	100K|f16|negcol|neg	0.0865045	0.130669
elementwise_layout_bench	100K|f16|negcol|abs	0.090618	0.130986
elementwise_layout_bench	100K|f16|negcol|sqrt	0.4989825	0.695591
elementwise_layout_bench	100K|f16|negcol|less	0.18370699999999998	0.454113
elementwise_layout_bench	100K|f16|negcol|copy	0.036653	0.0622055
elementwise_layout_bench	100K|f16|bcast|add	0.6051965	0.793478
elementwise_layout_bench	100K|f16|bcast|mul	0.6743129999999999	0.8191
elementwise_layout_bench	100K|f16|bcast|neg	0.061325000000000005	0.0656545
elementwise_layout_bench	100K|f16|bcast|abs	0.0690685	0.066342
elementwise_layout_bench	100K|f16|bcast|sqrt	0.487899	0.546871
elementwise_layout_bench	100K|f16|bcast|less	0.18245	0.299969
elementwise_layout_bench	100K|f16|bcast|copy	0.0293705	0.007202
elementwise_layout_bench	100K|i32|C|add	0.0393895	0.0571815
elementwise_layout_bench	100K|i32|C|mul	0.030918	0.063788
elementwise_layout_bench	100K|i32|C|neg	0.0370155	0.014796
elementwise_layout_bench	100K|i32|C|abs	0.04797	0.0608115
elementwise_layout_bench	100K|i32|C|sqrt	0.2119445	0.420723
elementwise_layout_bench	100K|i32|C|less	0.0250895	0.0138975
elementwise_layout_bench	100K|i32|C|copy	0.035996	0.0157185
elementwise_layout_bench	100K|i32|F|add	0.038816	0.055398
elementwise_layout_bench	100K|i32|F|mul	0.033129	0.0668435
elementwise_layout_bench	100K|i32|F|neg	0.047915	0.0203755
elementwise_layout_bench	100K|i32|F|abs	0.035213999999999995	0.0570445
elementwise_layout_bench	100K|i32|F|sqrt	0.2123415	0.416654
elementwise_layout_bench	100K|i32|F|less	0.0199855	0.013005
elementwise_layout_bench	100K|i32|F|copy	0.095309	0.0535815
elementwise_layout_bench	100K|i32|T|add	0.0389875	0.0558535
elementwise_layout_bench	100K|i32|T|mul	0.045673500000000006	0.062226
elementwise_layout_bench	100K|i32|T|neg	0.0355455	0.013653
elementwise_layout_bench	100K|i32|T|abs	0.035554	0.0565155
elementwise_layout_bench	100K|i32|T|sqrt	0.21187799999999998	0.420914
elementwise_layout_bench	100K|i32|T|less	0.026222	0.0172235
elementwise_layout_bench	100K|i32|T|copy	0.08373950000000001	0.070591
elementwise_layout_bench	100K|i32|strided|add	0.0648705	0.037056
elementwise_layout_bench	100K|i32|strided|mul	0.056521499999999995	0.0359995
elementwise_layout_bench	100K|i32|strided|neg	0.0634855	0.0546325
elementwise_layout_bench	100K|i32|strided|abs	0.0585205	0.0400195
elementwise_layout_bench	100K|i32|strided|sqrt	0.1244795	0.207501
elementwise_layout_bench	100K|i32|strided|less	0.06332499999999999	0.0337405
elementwise_layout_bench	100K|i32|strided|copy	0.059405	0.0255105
elementwise_layout_bench	100K|i32|sliced|add	0.0751905	0.088289
elementwise_layout_bench	100K|i32|sliced|mul	0.08361750000000001	0.105949
elementwise_layout_bench	100K|i32|sliced|neg	0.0815155	0.032108
elementwise_layout_bench	100K|i32|sliced|abs	0.095604	0.0752065
elementwise_layout_bench	100K|i32|sliced|sqrt	0.2138	0.417162
elementwise_layout_bench	100K|i32|sliced|less	0.0835205	0.0517905
elementwise_layout_bench	100K|i32|sliced|copy	0.064264	0.018947
elementwise_layout_bench	100K|i32|negrow|add	0.0865085	0.100543
elementwise_layout_bench	100K|i32|negrow|mul	0.0790285	0.106979
elementwise_layout_bench	100K|i32|negrow|neg	0.1011625	0.0351255
elementwise_layout_bench	100K|i32|negrow|abs	0.0905455	0.0948545
elementwise_layout_bench	100K|i32|negrow|sqrt	0.202846	0.457013
elementwise_layout_bench	100K|i32|negrow|less	0.0632225	0.0609665
elementwise_layout_bench	100K|i32|negrow|copy	0.08509349999999999	0.018019
elementwise_layout_bench	100K|i32|negcol|add	0.08885	0.188776
elementwise_layout_bench	100K|i32|negcol|mul	0.0703735	0.18923
elementwise_layout_bench	100K|i32|negcol|neg	0.0618135	0.081542
elementwise_layout_bench	100K|i32|negcol|abs	0.07122200000000001	0.122586
elementwise_layout_bench	100K|i32|negcol|sqrt	0.2111355	0.546815
elementwise_layout_bench	100K|i32|negcol|less	0.117835	0.128437
elementwise_layout_bench	100K|i32|negcol|copy	0.115068	0.15952
elementwise_layout_bench	100K|i32|bcast|add	0.053664500000000004	0.0790525
elementwise_layout_bench	100K|i32|bcast|mul	0.0760065	0.0913935
elementwise_layout_bench	100K|i32|bcast|neg	0.10842	0.032499
elementwise_layout_bench	100K|i32|bcast|abs	0.0607125	0.069555
elementwise_layout_bench	100K|i32|bcast|sqrt	0.1838765	0.415802
elementwise_layout_bench	100K|i32|bcast|less	0.10391199999999999	0.0429445
elementwise_layout_bench	100K|i32|bcast|copy	0.072141	0.014755
elementwise_layout_bench	100K|i64|C|add	0.101179	0.0732575
elementwise_layout_bench	100K|i64|C|mul	0.096677	0.0885615
elementwise_layout_bench	100K|i64|C|neg	0.1007305	0.076752
elementwise_layout_bench	100K|i64|C|abs	0.11845750000000001	0.322818
elementwise_layout_bench	100K|i64|C|sqrt	0.1878835	0.418276
elementwise_layout_bench	100K|i64|C|less	0.0232625	0.033224
elementwise_layout_bench	100K|i64|C|copy	0.0699645	0.121919
elementwise_layout_bench	100K|i64|F|add	0.07601	0.069305
elementwise_layout_bench	100K|i64|F|mul	0.075529	0.073682
elementwise_layout_bench	100K|i64|F|neg	0.094846	0.035679
elementwise_layout_bench	100K|i64|F|abs	0.1201455	0.0743955
elementwise_layout_bench	100K|i64|F|sqrt	0.20987100000000003	0.420509
elementwise_layout_bench	100K|i64|F|less	0.0273695	0.0181275
elementwise_layout_bench	100K|i64|F|copy	0.1352055	0.08309
elementwise_layout_bench	100K|i64|T|add	0.07953	0.153032
elementwise_layout_bench	100K|i64|T|mul	0.09995150000000001	0.250062
elementwise_layout_bench	100K|i64|T|neg	0.0795035	0.094696
elementwise_layout_bench	100K|i64|T|abs	0.112729	0.0748825
elementwise_layout_bench	100K|i64|T|sqrt	0.195862	0.389996
elementwise_layout_bench	100K|i64|T|less	0.034731	0.024174
elementwise_layout_bench	100K|i64|T|copy	0.163571	0.082732
elementwise_layout_bench	100K|i64|strided|add	0.08371650000000001	0.031344
elementwise_layout_bench	100K|i64|strided|mul	0.0876455	0.039625
elementwise_layout_bench	100K|i64|strided|neg	0.0796945	0.020834
elementwise_layout_bench	100K|i64|strided|abs	0.0896515	0.0333545
elementwise_layout_bench	100K|i64|strided|sqrt	0.109164	0.203298
elementwise_layout_bench	100K|i64|strided|less	0.0610625	0.0383465
elementwise_layout_bench	100K|i64|strided|copy	0.0768615	0.042363
elementwise_layout_bench	100K|i64|sliced|add	0.115405	0.163074
elementwise_layout_bench	100K|i64|sliced|mul	0.11923249999999999	0.233154
elementwise_layout_bench	100K|i64|sliced|neg	0.141124	0.399556
elementwise_layout_bench	100K|i64|sliced|abs	0.1483905	0.170411
elementwise_layout_bench	100K|i64|sliced|sqrt	0.2151035	0.589884
elementwise_layout_bench	100K|i64|sliced|less	0.09088850000000001	0.252255
elementwise_layout_bench	100K|i64|sliced|copy	0.1081395	0.081547
elementwise_layout_bench	100K|i64|negrow|add	0.130887	0.505901
elementwise_layout_bench	100K|i64|negrow|mul	0.133455	0.317834
elementwise_layout_bench	100K|i64|negrow|neg	0.147071	0.155544
elementwise_layout_bench	100K|i64|negrow|abs	0.1457455	0.165945
elementwise_layout_bench	100K|i64|negrow|sqrt	0.199959	0.473706
elementwise_layout_bench	100K|i64|negrow|less	0.0688125	0.104661
elementwise_layout_bench	100K|i64|negrow|copy	0.11848900000000001	0.0518005
elementwise_layout_bench	100K|i64|negcol|add	0.12408899999999999	0.278259
elementwise_layout_bench	100K|i64|negcol|mul	0.1392245	0.301509
elementwise_layout_bench	100K|i64|negcol|neg	0.130621	0.16516
elementwise_layout_bench	100K|i64|negcol|abs	0.176768	0.196779
elementwise_layout_bench	100K|i64|negcol|sqrt	0.2290285	0.576742
elementwise_layout_bench	100K|i64|negcol|less	0.0993125	0.528073
elementwise_layout_bench	100K|i64|negcol|copy	0.178801	0.512476
elementwise_layout_bench	100K|i64|bcast|add	0.11661250000000001	0.0969345
elementwise_layout_bench	100K|i64|bcast|mul	0.1035805	0.0987175
elementwise_layout_bench	100K|i64|bcast|neg	0.1063635	0.060545
elementwise_layout_bench	100K|i64|bcast|abs	0.0994825	0.079151
elementwise_layout_bench	100K|i64|bcast|sqrt	0.18465050000000002	0.120204
elementwise_layout_bench	100K|i64|bcast|less	0.0770275	0.0428845
elementwise_layout_bench	100K|i64|bcast|copy	0.096476	0.018129
elementwise_layout_bench	1M|f64|C|add	1.86178	2.56007
elementwise_layout_bench	1M|f64|C|mul	1.9197766666666667	2.72858
elementwise_layout_bench	1M|f64|C|neg	1.53683	2.54502
elementwise_layout_bench	1M|f64|C|abs	1.52966	2.61782
elementwise_layout_bench	1M|f64|C|sqrt	1.6065633333333333	2.75739
elementwise_layout_bench	1M|f64|C|less	0.5251266666666666	0.386547
elementwise_layout_bench	1M|f64|C|copy	1.5303833333333332	2.16312
elementwise_layout_bench	1M|f64|F|add	1.8279466666666666	2.69145
elementwise_layout_bench	1M|f64|F|mul	2.142063333333333	3.04836
elementwise_layout_bench	1M|f64|F|neg	2.1620733333333333	2.86653
elementwise_layout_bench	1M|f64|F|abs	1.98181	2.25394
elementwise_layout_bench	1M|f64|F|sqrt	1.8850433333333332	2.28556
elementwise_layout_bench	1M|f64|F|less	0.7097166666666667	0.179617
elementwise_layout_bench	1M|f64|F|copy	2.9136666666666664	3.2375
elementwise_layout_bench	1M|f64|T|add	1.742	3.20022
elementwise_layout_bench	1M|f64|T|mul	1.8477266666666667	2.9598
elementwise_layout_bench	1M|f64|T|neg	1.4618666666666666	2.9679
elementwise_layout_bench	1M|f64|T|abs	1.5015633333333334	2.51714
elementwise_layout_bench	1M|f64|T|sqrt	1.5339066666666668	2.43213
elementwise_layout_bench	1M|f64|T|less	0.44798	0.158
elementwise_layout_bench	1M|f64|T|copy	2.7806833333333336	3.43453
elementwise_layout_bench	1M|f64|strided|add	1.0456666666666667	1.66647
elementwise_layout_bench	1M|f64|strided|mul	1.0069033333333333	1.43259
elementwise_layout_bench	1M|f64|strided|neg	1.0742033333333334	1.59581
elementwise_layout_bench	1M|f64|strided|abs	0.8908366666666667	1.3896
elementwise_layout_bench	1M|f64|strided|sqrt	0.8840433333333333	1.4906
elementwise_layout_bench	1M|f64|strided|less	0.69626	0.351443
elementwise_layout_bench	1M|f64|strided|copy	0.9187466666666667	1.68741
elementwise_layout_bench	1M|f64|sliced|add	1.4293	2.62334
elementwise_layout_bench	1M|f64|sliced|mul	1.3833866666666668	3.26639
elementwise_layout_bench	1M|f64|sliced|neg	1.5193933333333334	3.17254
elementwise_layout_bench	1M|f64|sliced|abs	1.65633	3.01271
elementwise_layout_bench	1M|f64|sliced|sqrt	1.8273566666666667	3.58738
elementwise_layout_bench	1M|f64|sliced|less	1.6084	0.871487
elementwise_layout_bench	1M|f64|sliced|copy	1.96246	2.57406
elementwise_layout_bench	1M|f64|negrow|add	1.7840466666666666	2.84216
elementwise_layout_bench	1M|f64|negrow|mul	1.9299433333333333	2.67149
elementwise_layout_bench	1M|f64|negrow|neg	1.9099966666666668	3.74018
elementwise_layout_bench	1M|f64|negrow|abs	1.7105566666666665	3.20441
elementwise_layout_bench	1M|f64|negrow|sqrt	1.96906	3.07957
elementwise_layout_bench	1M|f64|negrow|less	1.5403966666666666	0.931517
elementwise_layout_bench	1M|f64|negrow|copy	1.8895466666666667	2.77794
elementwise_layout_bench	1M|f64|negcol|add	2.24726	3.49163
elementwise_layout_bench	1M|f64|negcol|mul	1.91529	3.6087
elementwise_layout_bench	1M|f64|negcol|neg	1.9717833333333334	3.26754
elementwise_layout_bench	1M|f64|negcol|abs	1.8853933333333333	2.91477
elementwise_layout_bench	1M|f64|negcol|sqrt	1.9897566666666668	3.30483
elementwise_layout_bench	1M|f64|negcol|less	1.5057133333333332	1.40067
elementwise_layout_bench	1M|f64|negcol|copy	2.075616666666667	3.49155
elementwise_layout_bench	1M|f64|bcast|add	0.9305433333333333	3.08001
elementwise_layout_bench	1M|f64|bcast|mul	0.8220633333333333	3.02342
elementwise_layout_bench	1M|f64|bcast|neg	0.86197	2.7333
elementwise_layout_bench	1M|f64|bcast|abs	0.8076466666666666	2.40058
elementwise_layout_bench	1M|f64|bcast|sqrt	1.1574933333333335	2.45895
elementwise_layout_bench	1M|f64|bcast|less	0.76698	0.397953
elementwise_layout_bench	1M|f64|bcast|copy	0.73736	2.43736
elementwise_layout_bench	1M|f32|C|add	0.4823266666666666	1.41256
elementwise_layout_bench	1M|f32|C|mul	0.5485733333333334	1.30281
elementwise_layout_bench	1M|f32|C|neg	0.5421066666666667	1.17044
elementwise_layout_bench	1M|f32|C|abs	0.61563	1.11881
elementwise_layout_bench	1M|f32|C|sqrt	0.5998300000000001	1.24455
elementwise_layout_bench	1M|f32|C|less	0.19470666666666667	0.106507
elementwise_layout_bench	1M|f32|C|copy	0.49815	1.04059
elementwise_layout_bench	1M|f32|F|add	0.6674033333333332	1.37344
elementwise_layout_bench	1M|f32|F|mul	0.5335566666666666	1.43233
elementwise_layout_bench	1M|f32|F|neg	0.5337833333333334	1.13646
elementwise_layout_bench	1M|f32|F|abs	0.6309400000000001	0.969587
elementwise_layout_bench	1M|f32|F|sqrt	0.6012033333333334	0.95313
elementwise_layout_bench	1M|f32|F|less	0.3095866666666666	0.10627
elementwise_layout_bench	1M|f32|F|copy	1.8221866666666666	1.60015
elementwise_layout_bench	1M|f32|T|add	0.7660066666666666	0.987993
elementwise_layout_bench	1M|f32|T|mul	0.61971	1.04177
elementwise_layout_bench	1M|f32|T|neg	0.7279300000000001	1.04718
elementwise_layout_bench	1M|f32|T|abs	0.5793733333333333	0.93437
elementwise_layout_bench	1M|f32|T|sqrt	0.51786	1.11152
elementwise_layout_bench	1M|f32|T|less	0.2163	0.110583
elementwise_layout_bench	1M|f32|T|copy	1.2989666666666666	2.07947
elementwise_layout_bench	1M|f32|strided|add	0.6509833333333332	0.757243
elementwise_layout_bench	1M|f32|strided|mul	0.6681566666666666	0.807983
elementwise_layout_bench	1M|f32|strided|neg	0.6488866666666666	0.887823
elementwise_layout_bench	1M|f32|strided|abs	0.7920433333333333	1.11247
elementwise_layout_bench	1M|f32|strided|sqrt	0.7048466666666666	1.02051
elementwise_layout_bench	1M|f32|strided|less	0.62602	0.341007
elementwise_layout_bench	1M|f32|strided|copy	0.7709133333333333	0.968887
elementwise_layout_bench	1M|f32|sliced|add	0.7149766666666667	1.85727
elementwise_layout_bench	1M|f32|sliced|mul	0.73378	2.12325
elementwise_layout_bench	1M|f32|sliced|neg	0.90608	1.87702
elementwise_layout_bench	1M|f32|sliced|abs	1.0060966666666666	1.42346
elementwise_layout_bench	1M|f32|sliced|sqrt	0.60182	1.16627
elementwise_layout_bench	1M|f32|sliced|less	0.7500666666666667	0.41123
elementwise_layout_bench	1M|f32|sliced|copy	0.6913	1.20058
elementwise_layout_bench	1M|f32|negrow|add	0.7017666666666666	1.41697
elementwise_layout_bench	1M|f32|negrow|mul	0.7170766666666667	1.5902
elementwise_layout_bench	1M|f32|negrow|neg	0.6126266666666667	1.31357
elementwise_layout_bench	1M|f32|negrow|abs	0.5486733333333333	1.30952
elementwise_layout_bench	1M|f32|negrow|sqrt	0.61655	1.47691
elementwise_layout_bench	1M|f32|negrow|less	0.97889	0.392023
elementwise_layout_bench	1M|f32|negrow|copy	0.55936	1.11153
elementwise_layout_bench	1M|f32|negcol|add	1.1138133333333333	1.84469
elementwise_layout_bench	1M|f32|negcol|mul	1.2396433333333334	1.96384
elementwise_layout_bench	1M|f32|negcol|neg	0.98498	1.7798
elementwise_layout_bench	1M|f32|negcol|abs	0.8524999999999999	2.06181
elementwise_layout_bench	1M|f32|negcol|sqrt	0.8912366666666667	1.8291
elementwise_layout_bench	1M|f32|negcol|less	1.1453666666666666	0.963413
elementwise_layout_bench	1M|f32|negcol|copy	1.07884	1.61831
elementwise_layout_bench	1M|f32|bcast|add	0.49123	1.51118
elementwise_layout_bench	1M|f32|bcast|mul	0.5133566666666667	1.48292
elementwise_layout_bench	1M|f32|bcast|neg	0.5301233333333334	1.45577
elementwise_layout_bench	1M|f32|bcast|abs	0.4889466666666667	1.34547
elementwise_layout_bench	1M|f32|bcast|sqrt	0.5507033333333333	1.41845
elementwise_layout_bench	1M|f32|bcast|less	0.6784166666666667	0.293763
elementwise_layout_bench	1M|f32|bcast|copy	0.4735533333333333	1.37118
elementwise_layout_bench	1M|c128|C|add	3.1058033333333332	7.97178
elementwise_layout_bench	1M|c128|C|mul	2.9494	7.58405
elementwise_layout_bench	1M|c128|C|neg	3.463576666666667	7.15103
elementwise_layout_bench	1M|c128|C|abs	3.2564233333333332	4.05608
elementwise_layout_bench	1M|c128|C|sqrt	7.464576666666667	12.6789
elementwise_layout_bench	1M|c128|C|less	2.784673333333333	1.58231
elementwise_layout_bench	1M|c128|C|copy	2.60943	6.31527
elementwise_layout_bench	1M|c128|F|add	3.7245766666666666	6.91636
elementwise_layout_bench	1M|c128|F|mul	3.380456666666667	6.90768
elementwise_layout_bench	1M|c128|F|neg	2.8786666666666667	6.39225
elementwise_layout_bench	1M|c128|F|abs	3.9898266666666666	5.56696
elementwise_layout_bench	1M|c128|F|sqrt	7.828453333333333	13.9757
elementwise_layout_bench	1M|c128|F|less	2.4870666666666663	1.75143
elementwise_layout_bench	1M|c128|F|copy	5.84176	8.58114
elementwise_layout_bench	1M|c128|T|add	3.041886666666667	6.35117
elementwise_layout_bench	1M|c128|T|mul	2.815116666666667	5.97407
elementwise_layout_bench	1M|c128|T|neg	2.8723566666666667	7.79306
elementwise_layout_bench	1M|c128|T|abs	3.1937233333333332	4.65296
elementwise_layout_bench	1M|c128|T|sqrt	7.152793333333333	22.5176
elementwise_layout_bench	1M|c128|T|less	2.7106266666666667	3.22352
elementwise_layout_bench	1M|c128|T|copy	6.2399466666666665	13.2116
elementwise_layout_bench	1M|c128|strided|add	2.7070133333333337	5.59689
elementwise_layout_bench	1M|c128|strided|mul	2.4629633333333336	5.65747
elementwise_layout_bench	1M|c128|strided|neg	2.30897	6.73637
elementwise_layout_bench	1M|c128|strided|abs	2.4030733333333334	3.91144
elementwise_layout_bench	1M|c128|strided|sqrt	4.40468	8.26976
elementwise_layout_bench	1M|c128|strided|less	2.256226666666667	1.88204
elementwise_layout_bench	1M|c128|strided|copy	3.1792266666666666	4.97191
elementwise_layout_bench	1M|c128|sliced|add	3.37386	7.78701
elementwise_layout_bench	1M|c128|sliced|mul	3.4302433333333338	7.73587
elementwise_layout_bench	1M|c128|sliced|neg	3.2429433333333337	9.03385
elementwise_layout_bench	1M|c128|sliced|abs	3.6345633333333334	5.511
elementwise_layout_bench	1M|c128|sliced|sqrt	7.919666666666667	16.1321
elementwise_layout_bench	1M|c128|sliced|less	3.0111399999999997	2.90146
elementwise_layout_bench	1M|c128|sliced|copy	2.5970633333333333	7.98139
elementwise_layout_bench	1M|c128|negrow|add	3.3565033333333334	7.82011
elementwise_layout_bench	1M|c128|negrow|mul	3.430093333333333	7.72262
elementwise_layout_bench	1M|c128|negrow|neg	3.12074	9.6888
elementwise_layout_bench	1M|c128|negrow|abs	3.637916666666667	5.29158
elementwise_layout_bench	1M|c128|negrow|sqrt	7.579986666666667	15.0283
elementwise_layout_bench	1M|c128|negrow|less	2.8806266666666667	3.46264
elementwise_layout_bench	1M|c128|negrow|copy	2.4926433333333335	5.73074
elementwise_layout_bench	1M|c128|negcol|add	3.305956666666667	7.94196
elementwise_layout_bench	1M|c128|negcol|mul	3.3020966666666665	7.97408
elementwise_layout_bench	1M|c128|negcol|neg	3.4168333333333334	8.53023
elementwise_layout_bench	1M|c128|negcol|abs	3.8002200000000004	5.27346
elementwise_layout_bench	1M|c128|negcol|sqrt	7.1460799999999995	16.1238
elementwise_layout_bench	1M|c128|negcol|less	2.996766666666667	4.17599
elementwise_layout_bench	1M|c128|negcol|copy	3.4345833333333333	5.99299
elementwise_layout_bench	1M|c128|bcast|add	1.52559	5.09863
elementwise_layout_bench	1M|c128|bcast|mul	1.8993566666666666	5.67354
elementwise_layout_bench	1M|c128|bcast|neg	1.43292	7.31314
elementwise_layout_bench	1M|c128|bcast|abs	2.7605866666666667	3.23656
elementwise_layout_bench	1M|c128|bcast|sqrt	6.85387	11.4131
elementwise_layout_bench	1M|c128|bcast|less	2.2727	1.28379
elementwise_layout_bench	1M|c128|bcast|copy	1.31594	3.99793
elementwise_layout_bench	1M|f16|C|add	5.93428	3.67902
elementwise_layout_bench	1M|f16|C|mul	6.3033866666666665	3.64169
elementwise_layout_bench	1M|f16|C|neg	0.5146866666666666	0.652377
elementwise_layout_bench	1M|f16|C|abs	0.4719633333333333	0.60214
elementwise_layout_bench	1M|f16|C|sqrt	4.08455	4.65961
elementwise_layout_bench	1M|f16|C|less	1.5006966666666666	1.29909
elementwise_layout_bench	1M|f16|C|copy	0.34146	0.381933
elementwise_layout_bench	1M|f16|F|add	6.161936666666667	3.78778
elementwise_layout_bench	1M|f16|F|mul	6.040139999999999	3.79223
elementwise_layout_bench	1M|f16|F|neg	0.5240033333333334	0.667117
elementwise_layout_bench	1M|f16|F|abs	0.4882266666666667	0.659323
elementwise_layout_bench	1M|f16|F|sqrt	4.047993333333333	4.81454
elementwise_layout_bench	1M|f16|F|less	1.3923833333333335	1.37368
elementwise_layout_bench	1M|f16|F|copy	1.00226	0.778633
elementwise_layout_bench	1M|f16|T|add	5.894946666666667	4.09675
elementwise_layout_bench	1M|f16|T|mul	5.844883333333333	3.67293
elementwise_layout_bench	1M|f16|T|neg	0.5010133333333333	0.762773
elementwise_layout_bench	1M|f16|T|abs	0.4513433333333333	0.674947
elementwise_layout_bench	1M|f16|T|sqrt	3.9213633333333333	4.8454
elementwise_layout_bench	1M|f16|T|less	1.3312033333333335	1.39594
elementwise_layout_bench	1M|f16|T|copy	0.8781333333333333	0.882523
elementwise_layout_bench	1M|f16|strided|add	3.5614433333333335	2.14287
elementwise_layout_bench	1M|f16|strided|mul	3.104093333333333	1.76962
elementwise_layout_bench	1M|f16|strided|neg	0.31731	0.15423
elementwise_layout_bench	1M|f16|strided|abs	0.3137166666666667	0.152823
elementwise_layout_bench	1M|f16|strided|sqrt	2.181363333333333	2.15733
elementwise_layout_bench	1M|f16|strided|less	0.83461	0.631677
elementwise_layout_bench	1M|f16|strided|copy	0.16582333333333335	0.105107
elementwise_layout_bench	1M|f16|sliced|add	5.96415	3.83513
elementwise_layout_bench	1M|f16|sliced|mul	5.706383333333333	4.30442
elementwise_layout_bench	1M|f16|sliced|neg	0.5894100000000001	0.896627
elementwise_layout_bench	1M|f16|sliced|abs	0.6112433333333332	0.962497
elementwise_layout_bench	1M|f16|sliced|sqrt	4.108486666666667	4.97668
elementwise_layout_bench	1M|f16|sliced|less	1.6876733333333334	1.43633
elementwise_layout_bench	1M|f16|sliced|copy	0.48141	0.491933
elementwise_layout_bench	1M|f16|negrow|add	5.95353	4.22577
elementwise_layout_bench	1M|f16|negrow|mul	5.813973333333333	4.40591
elementwise_layout_bench	1M|f16|negrow|neg	0.6205266666666667	0.737347
elementwise_layout_bench	1M|f16|negrow|abs	0.61403	0.799107
elementwise_layout_bench	1M|f16|negrow|sqrt	4.1708	4.98709
elementwise_layout_bench	1M|f16|negrow|less	1.6276666666666666	1.80542
elementwise_layout_bench	1M|f16|negrow|copy	0.3425	0.54004
elementwise_layout_bench	1M|f16|negcol|add	6.581133333333333	4.67354
elementwise_layout_bench	1M|f16|negcol|mul	6.71517	4.76246
elementwise_layout_bench	1M|f16|negcol|neg	0.80584	1.1112
elementwise_layout_bench	1M|f16|negcol|abs	0.7581133333333334	1.20239
elementwise_layout_bench	1M|f16|negcol|sqrt	4.591503333333334	5.76782
elementwise_layout_bench	1M|f16|negcol|less	1.9025166666666666	2.63626
elementwise_layout_bench	1M|f16|negcol|copy	0.3780366666666667	0.83656
elementwise_layout_bench	1M|f16|bcast|add	5.605733333333333	4.2053
elementwise_layout_bench	1M|f16|bcast|mul	5.7321333333333335	4.07002
elementwise_layout_bench	1M|f16|bcast|neg	0.5135766666666667	0.80014
elementwise_layout_bench	1M|f16|bcast|abs	0.5040266666666666	0.75962
elementwise_layout_bench	1M|f16|bcast|sqrt	4.027386666666667	4.74486
elementwise_layout_bench	1M|f16|bcast|less	1.4883899999999999	1.35571
elementwise_layout_bench	1M|f16|bcast|copy	0.3050466666666667	0.53826
elementwise_layout_bench	1M|i32|C|add	0.47822333333333333	1.18772
elementwise_layout_bench	1M|i32|C|mul	0.4450866666666667	1.25095
elementwise_layout_bench	1M|i32|C|neg	0.48658666666666667	1.14495
elementwise_layout_bench	1M|i32|C|abs	0.4662366666666667	1.19689
elementwise_layout_bench	1M|i32|C|sqrt	1.6402666666666665	2.8172
elementwise_layout_bench	1M|i32|C|less	0.15558666666666668	0.107403
elementwise_layout_bench	1M|i32|C|copy	0.3365433333333333	0.841867
elementwise_layout_bench	1M|i32|F|add	0.4401533333333333	1.3595
elementwise_layout_bench	1M|i32|F|mul	0.4115766666666667	1.3391
elementwise_layout_bench	1M|i32|F|neg	0.39588	1.19061
elementwise_layout_bench	1M|i32|F|abs	0.40293666666666667	1.40012
elementwise_layout_bench	1M|i32|F|sqrt	1.5932833333333332	3.28334
elementwise_layout_bench	1M|i32|F|less	0.20361666666666667	0.113173
elementwise_layout_bench	1M|i32|F|copy	1.6190566666666666	1.87381
elementwise_layout_bench	1M|i32|T|add	0.5310733333333333	1.34925
elementwise_layout_bench	1M|i32|T|mul	0.5358066666666667	1.30138
elementwise_layout_bench	1M|i32|T|neg	0.5070033333333334	1.09098
elementwise_layout_bench	1M|i32|T|abs	0.49019666666666667	1.28455
elementwise_layout_bench	1M|i32|T|sqrt	1.7003233333333334	2.69218
elementwise_layout_bench	1M|i32|T|less	0.1861833333333333	0.105467
elementwise_layout_bench	1M|i32|T|copy	1.2704266666666666	1.84207
elementwise_layout_bench	1M|i32|strided|add	0.4756266666666667	0.583373
elementwise_layout_bench	1M|i32|strided|mul	0.49478666666666665	0.745877
elementwise_layout_bench	1M|i32|strided|neg	0.4393066666666667	0.57024
elementwise_layout_bench	1M|i32|strided|abs	0.4710266666666667	0.805347
elementwise_layout_bench	1M|i32|strided|sqrt	0.8492533333333333	1.70409
elementwise_layout_bench	1M|i32|strided|less	0.45808333333333334	0.214247
elementwise_layout_bench	1M|i32|strided|copy	0.44111999999999996	0.62193
elementwise_layout_bench	1M|i32|sliced|add	0.5707933333333333	1.25178
elementwise_layout_bench	1M|i32|sliced|mul	0.5350133333333333	1.47409
elementwise_layout_bench	1M|i32|sliced|neg	0.5165266666666667	1.1514
elementwise_layout_bench	1M|i32|sliced|abs	0.5541699999999999	1.79193
elementwise_layout_bench	1M|i32|sliced|sqrt	1.6814933333333333	2.6714
elementwise_layout_bench	1M|i32|sliced|less	0.6221533333333333	0.300783
elementwise_layout_bench	1M|i32|sliced|copy	0.5495933333333334	0.948267
elementwise_layout_bench	1M|i32|negrow|add	0.7879799999999999	1.49024
elementwise_layout_bench	1M|i32|negrow|mul	0.8030533333333333	1.68056
elementwise_layout_bench	1M|i32|negrow|neg	0.71468	1.41497
elementwise_layout_bench	1M|i32|negrow|abs	0.7654166666666666	1.72908
elementwise_layout_bench	1M|i32|negrow|sqrt	1.8961466666666666	3.37177
elementwise_layout_bench	1M|i32|negrow|less	0.9798899999999999	0.309657
elementwise_layout_bench	1M|i32|negrow|copy	0.643	1.22865
elementwise_layout_bench	1M|i32|negcol|add	0.8728333333333332	2.69341
elementwise_layout_bench	1M|i32|negcol|mul	0.80313	2.7069
elementwise_layout_bench	1M|i32|negcol|neg	0.9100266666666667	1.90624
elementwise_layout_bench	1M|i32|negcol|abs	0.8327966666666666	2.02285
elementwise_layout_bench	1M|i32|negcol|sqrt	1.7932833333333333	2.62536
elementwise_layout_bench	1M|i32|negcol|less	0.97237	0.788293
elementwise_layout_bench	1M|i32|negcol|copy	0.8181466666666667	1.37372
elementwise_layout_bench	1M|i32|bcast|add	0.48574333333333336	1.2604
elementwise_layout_bench	1M|i32|bcast|mul	0.48651999999999995	1.39221
elementwise_layout_bench	1M|i32|bcast|neg	0.4523933333333333	1.10695
elementwise_layout_bench	1M|i32|bcast|abs	0.4904266666666667	1.25736
elementwise_layout_bench	1M|i32|bcast|sqrt	1.4137766666666667	2.74137
elementwise_layout_bench	1M|i32|bcast|less	0.6229433333333334	0.312953
elementwise_layout_bench	1M|i32|bcast|copy	0.48980333333333337	1.02657
elementwise_layout_bench	1M|i64|C|add	1.30911	2.85697
elementwise_layout_bench	1M|i64|C|mul	1.3846866666666666	2.92555
elementwise_layout_bench	1M|i64|C|neg	1.6096733333333333	3.03443
elementwise_layout_bench	1M|i64|C|abs	1.8182366666666667	3.10932
elementwise_layout_bench	1M|i64|C|sqrt	1.8693633333333333	3.2884
elementwise_layout_bench	1M|i64|C|less	0.5574899999999999	0.3369
elementwise_layout_bench	1M|i64|C|copy	1.2773633333333334	2.33442
elementwise_layout_bench	1M|i64|F|add	1.50701	2.75148
elementwise_layout_bench	1M|i64|F|mul	1.5689199999999999	2.67719
elementwise_layout_bench	1M|i64|F|neg	1.56401	4.07502
elementwise_layout_bench	1M|i64|F|abs	1.6277966666666666	3.99717
elementwise_layout_bench	1M|i64|F|sqrt	1.7932533333333334	5.47891
elementwise_layout_bench	1M|i64|F|less	0.45610666666666666	0.636843
elementwise_layout_bench	1M|i64|F|copy	2.2353333333333336	6.23811
elementwise_layout_bench	1M|i64|T|add	1.3878933333333334	5.06066
elementwise_layout_bench	1M|i64|T|mul	1.5981366666666665	5.05043
elementwise_layout_bench	1M|i64|T|neg	1.6548900000000002	5.24074
elementwise_layout_bench	1M|i64|T|abs	1.6772733333333332	5.33268
elementwise_layout_bench	1M|i64|T|sqrt	1.9611266666666665	6.21069
elementwise_layout_bench	1M|i64|T|less	0.47851	1.75932
elementwise_layout_bench	1M|i64|T|copy	2.5041599999999997	5.30451
elementwise_layout_bench	1M|i64|strided|add	0.8845333333333334	2.92238
elementwise_layout_bench	1M|i64|strided|mul	1.0190233333333334	2.62302
elementwise_layout_bench	1M|i64|strided|neg	1.2197466666666665	2.42959
elementwise_layout_bench	1M|i64|strided|abs	1.1570066666666667	2.46987
elementwise_layout_bench	1M|i64|strided|sqrt	1.2905066666666667	3.4271
elementwise_layout_bench	1M|i64|strided|less	0.8340333333333334	1.06685
elementwise_layout_bench	1M|i64|strided|copy	0.9576866666666667	2.70257
elementwise_layout_bench	1M|i64|sliced|add	1.2384433333333333	4.56019
elementwise_layout_bench	1M|i64|sliced|mul	1.3533133333333334	5.72968
elementwise_layout_bench	1M|i64|sliced|neg	1.4956533333333333	4.16839
elementwise_layout_bench	1M|i64|sliced|abs	1.51804	4.50664
elementwise_layout_bench	1M|i64|sliced|sqrt	1.8367933333333333	5.06049
elementwise_layout_bench	1M|i64|sliced|less	0.8559233333333334	1.81837
elementwise_layout_bench	1M|i64|sliced|copy	1.1161233333333334	4.43758
elementwise_layout_bench	1M|i64|negrow|add	1.2122366666666666	5.73087
elementwise_layout_bench	1M|i64|negrow|mul	1.47189	4.42121
elementwise_layout_bench	1M|i64|negrow|neg	1.7188933333333334	3.62176
elementwise_layout_bench	1M|i64|negrow|abs	1.8061033333333334	4.77106
elementwise_layout_bench	1M|i64|negrow|sqrt	2.2650966666666665	5.29744
elementwise_layout_bench	1M|i64|negrow|less	1.04342	1.8604
elementwise_layout_bench	1M|i64|negrow|copy	1.3369199999999999	3.95796
elementwise_layout_bench	1M|i64|negcol|add	1.7473966666666667	5.52274
elementwise_layout_bench	1M|i64|negcol|mul	1.5871366666666666	5.40735
elementwise_layout_bench	1M|i64|negcol|neg	1.5594033333333333	5.09523
elementwise_layout_bench	1M|i64|negcol|abs	1.5694066666666666	5.21836
elementwise_layout_bench	1M|i64|negcol|sqrt	2.0264533333333334	5.49397
elementwise_layout_bench	1M|i64|negcol|less	1.21511	2.43909
elementwise_layout_bench	1M|i64|negcol|copy	1.4378966666666666	4.90596
elementwise_layout_bench	1M|i64|bcast|add	0.9146533333333333	3.58182
elementwise_layout_bench	1M|i64|bcast|mul	0.83718	3.35362
elementwise_layout_bench	1M|i64|bcast|neg	0.9815900000000001	2.48213
elementwise_layout_bench	1M|i64|bcast|abs	0.9952233333333333	3.90107
elementwise_layout_bench	1M|i64|bcast|sqrt	1.3365033333333334	3.95414
elementwise_layout_bench	1M|i64|bcast|less	0.57597	0.517903
elementwise_layout_bench	1M|i64|bcast|copy	0.8939533333333334	2.74478
