Operation,Suite,DType,N,Scenario,NumPy ms,Managed ms,Managed availability,OpenBLAS ms,OpenBLAS availability,Effective backend,Effective NumSharp ms,NPY/NS,Status
"np.polyfit(x, y, 3)",Api,float64,1000,,0.0451,,missing_backend,0.0655,available,openblas,0.0655,0.68855,slower
"np.polyfit(x, y, 3)",Api,float64,100000,,0.5296,,missing_backend,0.6064,available,openblas,0.6064,0.873351,close
"np.polyfit(x, y, 3)",Api,float64,10000000,,5.2731,,missing_backend,4.2946,available,openblas,4.2946,1.227844,faster
np.roots(p),Api,float64,1000,,0.0366,,missing_backend,0.0344,available,openblas,0.0344,1.063953,faster
np.roots(p),Api,float64,100000,,0.0977,,missing_backend,0.0953,available,openblas,0.0953,1.025184,close
np.roots(p),Api,float64,10000000,,0.411,,missing_backend,0.4132,available,openblas,0.4132,0.994676,close
np.array2string(a) (float64),ApiSurface,float64,1,,0.016868,0.000502,available,,not_measured,managed,0.000502,33.601594,negligible
np.array2string(a) (float64),ApiSurface,float64,1000,,4.687,0.949909,available,,not_measured,managed,0.949909,4.934157,faster
np.array_repr(a) (float64),ApiSurface,float64,1,,0.018595,0.000546,available,,not_measured,managed,0.000546,34.056777,negligible
np.array_repr(a) (float64),ApiSurface,float64,1000,,4.7708,0.906462,available,,not_measured,managed,0.906462,5.2631,faster
np.array_str(a) (float64),ApiSurface,float64,1,,0.017336,0.000501,available,,not_measured,managed,0.000501,34.602794,negligible
np.array_str(a) (float64),ApiSurface,float64,1000,,1.9838,0.941244,available,,not_measured,managed,0.941244,2.107636,faster
"np.can_cast(from, to) (float64)",ApiSurface,float64,1,,0.000211,1.3e-05,available,,not_measured,managed,1.3e-05,16.230769,negligible
"np.can_cast(from, to) (float64)",ApiSurface,float64,1000,,0.000322,2.5e-05,available,,not_measured,managed,2.5e-05,12.88,negligible
"np.common_type(a, b) (float64)",ApiSurface,float64,1,,0.000814,1.5e-05,available,,not_measured,managed,1.5e-05,54.266667,negligible
"np.common_type(a, b) (float64)",ApiSurface,float64,1000,,0.000799,2.5e-05,available,,not_measured,managed,2.5e-05,31.96,negligible
"np.copyto(dst, src) (float64)",ApiSurface,float64,1,,0.000287,0.000169,available,,not_measured,managed,0.000169,1.698225,negligible
"np.copyto(dst, src) (float64)",ApiSurface,float64,1000,,0.0013,0.000743,available,,not_measured,managed,0.000743,1.749664,negligible
np.format_float_positional(x) (float64),ApiSurface,float64,1,,0.000486,0.000401,available,,not_measured,managed,0.000401,1.21197,negligible
np.format_float_positional(x) (float64),ApiSurface,float64,1000,,0.00075,0.000419,available,,not_measured,managed,0.000419,1.789976,negligible
np.format_float_scientific(x) (float64),ApiSurface,float64,1,,0.000744,0.000354,available,,not_measured,managed,0.000354,2.101695,negligible
np.format_float_scientific(x) (float64),ApiSurface,float64,1000,,0.000743,0.000384,available,,not_measured,managed,0.000384,1.934896,negligible
np.fromfile(path) (float64),ApiSurface,float64,1000,,0.076433,0.039846,available,,not_measured,managed,0.039846,1.91821,faster
np.get_printoptions() (float64),ApiSurface,float64,1,,0.000465,0.000224,available,,not_measured,managed,0.000224,2.075893,negligible
np.get_printoptions() (float64),ApiSurface,float64,1000,,0.000465,0.000224,available,,not_measured,managed,0.000224,2.075893,negligible
"np.isdtype(dtype, kind) (float64)",ApiSurface,float64,1,,0.000672,2.8e-05,available,,not_measured,managed,2.8e-05,24.0,negligible
"np.isdtype(dtype, kind) (float64)",ApiSurface,float64,1000,,0.000944,2.8e-05,available,,not_measured,managed,2.8e-05,33.714286,negligible
"np.issubdtype(dtype, kind) (float64)",ApiSurface,float64,1,,0.000172,2.2e-05,available,,not_measured,managed,2.2e-05,7.818182,negligible
"np.issubdtype(dtype, kind) (float64)",ApiSurface,float64,1000,,0.000284,2.2e-05,available,,not_measured,managed,2.2e-05,12.909091,negligible
np.iterable(a) (float64),ApiSurface,float64,1,,9.3e-05,0.0,available,,not_measured,managed,0.0,,negligible
np.iterable(a) (float64),ApiSurface,float64,1000,,0.000134,0.0,available,,not_measured,managed,0.0,,negligible
np.load(path) (float64),ApiSurface,float64,1000,,0.148,0.047403,available,,not_measured,managed,0.047403,3.122165,faster
np.loadtxt(path) (float64),ApiSurface,float64,1000,,0.499,0.53575,available,,not_measured,managed,0.53575,0.931405,close
np.min_scalar_type(value) (float64),ApiSurface,float64,1,,0.000264,2e-06,available,,not_measured,managed,2e-06,132.0,negligible
np.min_scalar_type(value) (float64),ApiSurface,float64,1000,,0.000763,2e-06,available,,not_measured,managed,2e-06,381.5,negligible
np.mintypecode(typechars) (float64),ApiSurface,float64,1,,0.000708,0.000155,available,,not_measured,managed,0.000155,4.567742,negligible
np.mintypecode(typechars) (float64),ApiSurface,float64,1000,,0.001475,0.000148,available,,not_measured,managed,0.000148,9.966216,negligible
"np.nested_iters(a, axes) (float64)",ApiSurface,float64,1,,0.000472,0.001581,available,,not_measured,managed,0.001581,0.298545,negligible
"np.nested_iters(a, axes) (float64)",ApiSurface,float64,1000,,0.000828,0.001632,available,,not_measured,managed,0.001632,0.507353,negligible
np.poly(roots) (float64),ApiSurface,float64,1000,,0.064822,0.129573,available,,not_measured,managed,0.129573,0.500274,slower
"np.polyadd(p, q) (float64)",ApiSurface,float64,1000,,0.004788,0.001901,available,,not_measured,managed,0.001901,2.518674,faster
np.polyder(p) (float64),ApiSurface,float64,1000,,0.007181,0.004845,available,,not_measured,managed,0.004845,1.482147,faster
"np.polydiv(p, q) (float64)",ApiSurface,float64,1000,,0.32405,0.155586,available,,not_measured,managed,0.155586,2.082771,faster
np.polyint(p) (float64),ApiSurface,float64,1000,,0.008629,0.007719,available,,not_measured,managed,0.007719,1.117891,faster
"np.polymul(p, q) (float64)",ApiSurface,float64,1000,,0.014728,0.010047,available,,not_measured,managed,0.010047,1.46591,faster
"np.polysub(p, q) (float64)",ApiSurface,float64,1000,,0.004807,0.002032,available,,not_measured,managed,0.002032,2.36565,faster
"np.polyval(p, x) (float64)",ApiSurface,float64,1000,,0.056967,0.101858,available,,not_measured,managed,0.101858,0.559279,slower
np.printoptions() (float64),ApiSurface,float64,1,,0.006349,0.000104,available,,not_measured,managed,0.000104,61.048077,negligible
np.printoptions() (float64),ApiSurface,float64,1000,,0.006502,0.000114,available,,not_measured,managed,0.000114,57.035088,negligible
"np.promote_types(a, b) (float64)",ApiSurface,float64,1,,0.000124,1.2e-05,available,,not_measured,managed,1.2e-05,10.333333,negligible
"np.promote_types(a, b) (float64)",ApiSurface,float64,1000,,0.0002,1.2e-05,available,,not_measured,managed,1.2e-05,16.666667,negligible
"np.result_type(a, b) (float64)",ApiSurface,float64,1,,0.000146,5e-06,available,,not_measured,managed,5e-06,29.2,negligible
"np.result_type(a, b) (float64)",ApiSurface,float64,1000,,0.00021,2e-06,available,,not_measured,managed,2e-06,105.0,negligible
"np.save(path, a) (float64)",ApiSurface,float64,1000,,0.16355,0.207684,available,,not_measured,managed,0.207684,0.787494,slower
"np.savetxt(path, a) (float64)",ApiSurface,float64,1000,,3.5425,0.959381,available,,not_measured,managed,0.959381,3.692485,faster
"np.savez(path, a) (float64)",ApiSurface,float64,1000,,0.385267,1.907725,available,,not_measured,managed,1.907725,0.201951,much_slower
"np.savez_compressed(path, a) (float64)",ApiSurface,float64,1000,,0.3177,0.450153,available,,not_measured,managed,0.450153,0.70576,slower
np.set_printoptions() (float64),ApiSurface,float64,1,,0.003311,5.6e-05,available,,not_measured,managed,5.6e-05,59.125,negligible
np.set_printoptions() (float64),ApiSurface,float64,1000,,0.003362,4.2e-05,available,,not_measured,managed,4.2e-05,80.047619,negligible
a % 7 (literal) (float32),Arithmetic,float32,1000,,0.013899,0.017652,available,,not_measured,managed,0.017652,0.78739,slower
a % 7 (literal) (float32),Arithmetic,float32,100000,,1.6183,1.825971,available,,not_measured,managed,1.825971,0.886268,close
a % 7 (literal) (float32),Arithmetic,float32,10000000,,168.7992,177.0321,available,,not_measured,managed,177.0321,0.953495,close
a % 7 (literal) (float64),Arithmetic,float64,1000,,0.011377,0.010453,available,,not_measured,managed,0.010453,1.088396,faster
a % 7 (literal) (float64),Arithmetic,float64,100000,,1.3918,1.612029,available,,not_measured,managed,1.612029,0.863384,close
a % 7 (literal) (float64),Arithmetic,float64,10000000,,150.4652,140.7377,available,,not_measured,managed,140.7377,1.069118,faster
a % 7 (literal) (int32),Arithmetic,int32,1000,,0.001772,0.00235,available,,not_measured,managed,0.00235,0.754043,slower
a % 7 (literal) (int32),Arithmetic,int32,100000,,0.3875,0.640173,available,,not_measured,managed,0.640173,0.605305,slower
a % 7 (literal) (int32),Arithmetic,int32,10000000,,44.3216,50.8428,available,,not_measured,managed,50.8428,0.871738,close
a % 7 (literal) (int64),Arithmetic,int64,1000,,0.003526,0.004154,available,,not_measured,managed,0.004154,0.84882,close
a % 7 (literal) (int64),Arithmetic,int64,100000,,0.389633,0.646296,available,,not_measured,managed,0.646296,0.602871,slower
a % 7 (literal) (int64),Arithmetic,int64,10000000,,49.0123,69.8825,available,,not_measured,managed,69.8825,0.701353,slower
a % b (element-wise) (float32),Arithmetic,float32,1000,,0.011398,0.011135,available,,not_measured,managed,0.011135,1.023619,close
a % b (element-wise) (float32),Arithmetic,float32,100000,,1.4695,0.9699,available,,not_measured,managed,0.9699,1.515105,faster
a % b (element-wise) (float32),Arithmetic,float32,10000000,,156.3748,152.4525,available,,not_measured,managed,152.4525,1.025728,close
a % b (element-wise) (float64),Arithmetic,float64,1000,,0.010001,0.008821,available,,not_measured,managed,0.008821,1.133772,faster
a % b (element-wise) (float64),Arithmetic,float64,100000,,1.2479,1.392624,available,,not_measured,managed,1.392624,0.896078,close
a % b (element-wise) (float64),Arithmetic,float64,10000000,,136.7816,146.7164,available,,not_measured,managed,146.7164,0.932286,close
a % b (element-wise) (int32),Arithmetic,int32,1000,,0.001504,0.001501,available,,not_measured,managed,0.001501,1.001999,close
a % b (element-wise) (int32),Arithmetic,int32,100000,,0.3581,0.523148,available,,not_measured,managed,0.523148,0.68451,slower
a % b (element-wise) (int32),Arithmetic,int32,10000000,,42.0214,59.8805,available,,not_measured,managed,59.8805,0.701754,slower
a % b (element-wise) (int64),Arithmetic,int64,1000,,0.003083,0.0026,available,,not_measured,managed,0.0026,1.185769,faster
a % b (element-wise) (int64),Arithmetic,int64,100000,,0.360333,0.58847,available,,not_measured,managed,0.58847,0.612322,slower
a % b (element-wise) (int64),Arithmetic,int64,10000000,,47.0868,65.1822,available,,not_measured,managed,65.1822,0.722387,slower
a * 2 (literal) (complex128),Arithmetic,complex128,1000,,0.000893,0.004107,available,,not_measured,managed,0.004107,0.217434,negligible
a * 2 (literal) (complex128),Arithmetic,complex128,100000,,0.272175,0.080729,available,,not_measured,managed,0.080729,3.371465,faster
a * 2 (literal) (complex128),Arithmetic,complex128,10000000,,30.7901,33.4829,available,,not_measured,managed,33.4829,0.919577,close
a * 2 (literal) (float16),Arithmetic,float16,1000,,0.003411,0.009243,available,,not_measured,managed,0.009243,0.369036,slower
a * 2 (literal) (float16),Arithmetic,float16,100000,,0.27435,0.892359,available,,not_measured,managed,0.892359,0.307444,much_slower
a * 2 (literal) (float16),Arithmetic,float16,10000000,,30.0166,47.711,available,,not_measured,managed,47.711,0.629134,slower
a * 2 (literal) (float32),Arithmetic,float32,1000,,0.000669,0.002313,available,,not_measured,managed,0.002313,0.289235,negligible
a * 2 (literal) (float32),Arithmetic,float32,100000,,0.006137,0.024476,available,,not_measured,managed,0.024476,0.250735,much_slower
a * 2 (literal) (float32),Arithmetic,float32,10000000,,7.4176,7.807075,available,,not_measured,managed,7.807075,0.950113,close
a * 2 (literal) (float64),Arithmetic,float64,1000,,0.000755,0.002793,available,,not_measured,managed,0.002793,0.270319,negligible
a * 2 (literal) (float64),Arithmetic,float64,100000,,0.011194,0.044592,available,,not_measured,managed,0.044592,0.251032,much_slower
a * 2 (literal) (float64),Arithmetic,float64,10000000,,16.5334,16.0587,available,,not_measured,managed,16.0587,1.02956,close
a * 2 (literal) (int16),Arithmetic,int16,1000,,0.000841,0.001797,available,,not_measured,managed,0.001797,0.468002,negligible
a * 2 (literal) (int16),Arithmetic,int16,100000,,0.021515,0.013183,available,,not_measured,managed,0.013183,1.632026,faster
a * 2 (literal) (int16),Arithmetic,int16,10000000,,4.1234,4.00015,available,,not_measured,managed,4.00015,1.030811,close
a * 2 (literal) (int32),Arithmetic,int32,1000,,0.000846,0.001655,available,,not_measured,managed,0.001655,0.511178,negligible
a * 2 (literal) (int32),Arithmetic,int32,100000,,0.021561,0.014578,available,,not_measured,managed,0.014578,1.479009,faster
a * 2 (literal) (int32),Arithmetic,int32,10000000,,7.3286,8.2981,available,,not_measured,managed,8.2981,0.883166,close
a * 2 (literal) (int64),Arithmetic,int64,1000,,0.00082,0.003085,available,,not_measured,managed,0.003085,0.265802,negligible
a * 2 (literal) (int64),Arithmetic,int64,100000,,0.021574,0.050615,available,,not_measured,managed,0.050615,0.426237,slower
a * 2 (literal) (int64),Arithmetic,int64,10000000,,14.8237,20.2444,available,,not_measured,managed,20.2444,0.732237,slower
a * 2 (literal) (int8),Arithmetic,int8,1000,,0.000791,0.001538,available,,not_measured,managed,0.001538,0.514304,negligible
a * 2 (literal) (int8),Arithmetic,int8,100000,,0.021477,0.007389,available,,not_measured,managed,0.007389,2.906618,faster
a * 2 (literal) (int8),Arithmetic,int8,10000000,,2.9534,1.467756,available,,not_measured,managed,1.467756,2.012187,faster
a * 2 (literal) (uint16),Arithmetic,uint16,1000,,0.000845,0.001934,available,,not_measured,managed,0.001934,0.436918,negligible
a * 2 (literal) (uint16),Arithmetic,uint16,100000,,0.021542,0.012744,available,,not_measured,managed,0.012744,1.690364,faster
a * 2 (literal) (uint16),Arithmetic,uint16,10000000,,4.2251,4.03705,available,,not_measured,managed,4.03705,1.046581,close
a * 2 (literal) (uint32),Arithmetic,uint32,1000,,0.000846,0.002518,available,,not_measured,managed,0.002518,0.335981,negligible
a * 2 (literal) (uint32),Arithmetic,uint32,100000,,0.021609,0.023783,available,,not_measured,managed,0.023783,0.90859,close
a * 2 (literal) (uint32),Arithmetic,uint32,10000000,,7.2679,5.161,available,,not_measured,managed,5.161,1.408235,faster
a * 2 (literal) (uint64),Arithmetic,uint64,1000,,0.00084,0.003041,available,,not_measured,managed,0.003041,0.276225,negligible
a * 2 (literal) (uint64),Arithmetic,uint64,100000,,0.021557,0.053153,available,,not_measured,managed,0.053153,0.405565,slower
a * 2 (literal) (uint64),Arithmetic,uint64,10000000,,14.311,12.7058,available,,not_measured,managed,12.7058,1.126336,faster
a * 2 (literal) (uint8),Arithmetic,uint8,1000,,0.000795,0.001713,available,,not_measured,managed,0.001713,0.464098,negligible
a * 2 (literal) (uint8),Arithmetic,uint8,100000,,0.021511,0.011658,available,,not_measured,managed,0.011658,1.845171,faster
a * 2 (literal) (uint8),Arithmetic,uint8,10000000,,3.0799,1.4531,available,,not_measured,managed,1.4531,2.119538,faster
a * a (square) (complex128),Arithmetic,complex128,1000,,0.000654,0.00207,available,,not_measured,managed,0.00207,0.315942,negligible
a * a (square) (complex128),Arithmetic,complex128,100000,,0.267025,0.142902,available,,not_measured,managed,0.142902,1.868588,faster
a * a (square) (complex128),Arithmetic,complex128,10000000,,46.0897,25.339,available,,not_measured,managed,25.339,1.818923,faster
a * a (square) (float16),Arithmetic,float16,1000,,0.003116,0.009321,available,,not_measured,managed,0.009321,0.334299,slower
a * a (square) (float16),Arithmetic,float16,100000,,0.274875,0.698428,available,,not_measured,managed,0.698428,0.393562,slower
a * a (square) (float16),Arithmetic,float16,10000000,,30.0372,46.9751,available,,not_measured,managed,46.9751,0.639428,slower
a * a (square) (float32),Arithmetic,float32,1000,,0.000395,0.000965,available,,not_measured,managed,0.000965,0.409326,negligible
a * a (square) (float32),Arithmetic,float32,100000,,0.005893,0.019756,available,,not_measured,managed,0.019756,0.298289,much_slower
a * a (square) (float32),Arithmetic,float32,10000000,,7.4788,9.067875,available,,not_measured,managed,9.067875,0.824758,close
a * a (square) (float64),Arithmetic,float64,1000,,0.000459,0.001147,available,,not_measured,managed,0.001147,0.400174,negligible
a * a (square) (float64),Arithmetic,float64,100000,,0.011045,0.039695,available,,not_measured,managed,0.039695,0.278247,much_slower
a * a (square) (float64),Arithmetic,float64,10000000,,15.6709,19.7716,available,,not_measured,managed,19.7716,0.792596,slower
a * a (square) (int16),Arithmetic,int16,1000,,0.000632,0.000799,available,,not_measured,managed,0.000799,0.790989,negligible
a * a (square) (int16),Arithmetic,int16,100000,,0.027208,0.010194,available,,not_measured,managed,0.010194,2.669021,faster
a * a (square) (int16),Arithmetic,int16,10000000,,4.7057,4.1413,available,,not_measured,managed,4.1413,1.136286,faster
a * a (square) (int32),Arithmetic,int32,1000,,0.000635,0.000649,available,,not_measured,managed,0.000649,0.978428,negligible
a * a (square) (int32),Arithmetic,int32,100000,,0.0276,0.020928,available,,not_measured,managed,0.020928,1.318807,faster
a * a (square) (int32),Arithmetic,int32,10000000,,7.7391,9.0931,available,,not_measured,managed,9.0931,0.851096,close
a * a (square) (int64),Arithmetic,int64,1000,,0.000637,0.001283,available,,not_measured,managed,0.001283,0.496493,negligible
a * a (square) (int64),Arithmetic,int64,100000,,0.027432,0.051317,available,,not_measured,managed,0.051317,0.53456,slower
a * a (square) (int64),Arithmetic,int64,10000000,,14.301,20.5913,available,,not_measured,managed,20.5913,0.694517,slower
a * a (square) (int8),Arithmetic,int8,1000,,0.000594,0.000672,available,,not_measured,managed,0.000672,0.883929,negligible
a * a (square) (int8),Arithmetic,int8,100000,,0.02717,0.011988,available,,not_measured,managed,0.011988,2.266433,faster
a * a (square) (int8),Arithmetic,int8,10000000,,3.6078,0.948454,available,,not_measured,managed,0.948454,3.803875,faster
a * a (square) (uint16),Arithmetic,uint16,1000,,0.00063,0.000574,available,,not_measured,managed,0.000574,1.097561,negligible
a * a (square) (uint16),Arithmetic,uint16,100000,,0.027222,0.007907,available,,not_measured,managed,0.007907,3.442772,faster
a * a (square) (uint16),Arithmetic,uint16,10000000,,4.5483,4.129025,available,,not_measured,managed,4.129025,1.101543,faster
a * a (square) (uint32),Arithmetic,uint32,1000,,0.000634,0.000995,available,,not_measured,managed,0.000995,0.637186,negligible
a * a (square) (uint32),Arithmetic,uint32,100000,,0.027489,0.020153,available,,not_measured,managed,0.020153,1.364015,faster
a * a (square) (uint32),Arithmetic,uint32,10000000,,7.4412,8.03645,available,,not_measured,managed,8.03645,0.925931,close
a * a (square) (uint64),Arithmetic,uint64,1000,,0.000642,0.001277,available,,not_measured,managed,0.001277,0.502741,negligible
a * a (square) (uint64),Arithmetic,uint64,100000,,0.027606,0.050532,available,,not_measured,managed,0.050532,0.546307,slower
a * a (square) (uint64),Arithmetic,uint64,10000000,,14.5119,19.965,available,,not_measured,managed,19.965,0.726867,slower
a * a (square) (uint8),Arithmetic,uint8,1000,,0.000592,0.000588,available,,not_measured,managed,0.000588,1.006803,negligible
a * a (square) (uint8),Arithmetic,uint8,100000,,0.027157,0.012073,available,,not_measured,managed,0.012073,2.249399,faster
a * a (square) (uint8),Arithmetic,uint8,10000000,,3.5794,0.875227,available,,not_measured,managed,0.875227,4.089682,faster
a * b (element-wise) (complex128),Arithmetic,complex128,1000,,0.000711,0.001316,available,,not_measured,managed,0.001316,0.540274,negligible
a * b (element-wise) (complex128),Arithmetic,complex128,100000,,0.275575,0.162542,available,,not_measured,managed,0.162542,1.695408,faster
a * b (element-wise) (complex128),Arithmetic,complex128,10000000,,32.5901,54.6724,available,,not_measured,managed,54.6724,0.596098,slower
a * b (element-wise) (float16),Arithmetic,float16,1000,,0.003121,0.00934,available,,not_measured,managed,0.00934,0.334154,slower
a * b (element-wise) (float16),Arithmetic,float16,100000,,0.2739,0.898653,available,,not_measured,managed,0.898653,0.30479,much_slower
a * b (element-wise) (float16),Arithmetic,float16,10000000,,30.0833,47.4989,available,,not_measured,managed,47.4989,0.633347,slower
a * b (element-wise) (float32),Arithmetic,float32,1000,,0.000393,0.000975,available,,not_measured,managed,0.000975,0.403077,negligible
a * b (element-wise) (float32),Arithmetic,float32,100000,,0.006707,0.021816,available,,not_measured,managed,0.021816,0.307435,much_slower
a * b (element-wise) (float32),Arithmetic,float32,10000000,,8.0562,3.8564,available,,not_measured,managed,3.8564,2.089047,faster
a * b (element-wise) (float64),Arithmetic,float64,1000,,0.000481,0.001304,available,,not_measured,managed,0.001304,0.368865,negligible
a * b (element-wise) (float64),Arithmetic,float64,100000,,0.022605,0.050362,available,,not_measured,managed,0.050362,0.44885,slower
a * b (element-wise) (float64),Arithmetic,float64,10000000,,16.7214,24.7745,available,,not_measured,managed,24.7745,0.674944,slower
a * b (element-wise) (int16),Arithmetic,int16,1000,,0.000633,0.000815,available,,not_measured,managed,0.000815,0.776687,negligible
a * b (element-wise) (int16),Arithmetic,int16,100000,,0.027216,0.011909,available,,not_measured,managed,0.011909,2.28533,faster
a * b (element-wise) (int16),Arithmetic,int16,10000000,,4.8048,5.835225,available,,not_measured,managed,5.835225,0.823413,close
a * b (element-wise) (int32),Arithmetic,int32,1000,,0.000639,0.001,available,,not_measured,managed,0.001,0.639,negligible
a * b (element-wise) (int32),Arithmetic,int32,100000,,0.027678,0.022612,available,,not_measured,managed,0.022612,1.22404,faster
a * b (element-wise) (int32),Arithmetic,int32,10000000,,8.4197,10.6306,available,,not_measured,managed,10.6306,0.792025,slower
a * b (element-wise) (int64),Arithmetic,int64,1000,,0.000643,0.00134,available,,not_measured,managed,0.00134,0.479851,negligible
a * b (element-wise) (int64),Arithmetic,int64,100000,,0.029958,0.0525,available,,not_measured,managed,0.0525,0.570629,slower
a * b (element-wise) (int64),Arithmetic,int64,10000000,,16.2119,28.043,available,,not_measured,managed,28.043,0.578109,slower
a * b (element-wise) (int8),Arithmetic,int8,1000,,0.000598,0.000633,available,,not_measured,managed,0.000633,0.944708,negligible
a * b (element-wise) (int8),Arithmetic,int8,100000,,0.027208,0.012029,available,,not_measured,managed,0.012029,2.261867,faster
a * b (element-wise) (int8),Arithmetic,int8,10000000,,3.6148,2.110311,available,,not_measured,managed,2.110311,1.712923,faster
a * b (element-wise) (uint16),Arithmetic,uint16,1000,,0.000637,0.000578,available,,not_measured,managed,0.000578,1.102076,negligible
a * b (element-wise) (uint16),Arithmetic,uint16,100000,,0.027216,0.014759,available,,not_measured,managed,0.014759,1.844027,faster
a * b (element-wise) (uint16),Arithmetic,uint16,10000000,,4.8583,2.7882,available,,not_measured,managed,2.7882,1.74245,faster
a * b (element-wise) (uint32),Arithmetic,uint32,1000,,0.00064,0.000836,available,,not_measured,managed,0.000836,0.76555,negligible
a * b (element-wise) (uint32),Arithmetic,uint32,100000,,0.027508,0.024863,available,,not_measured,managed,0.024863,1.106383,faster
a * b (element-wise) (uint32),Arithmetic,uint32,10000000,,8.288,10.57505,available,,not_measured,managed,10.57505,0.783732,slower
a * b (element-wise) (uint64),Arithmetic,uint64,1000,,0.000645,0.001053,available,,not_measured,managed,0.001053,0.612536,negligible
a * b (element-wise) (uint64),Arithmetic,uint64,100000,,0.031034,0.036531,available,,not_measured,managed,0.036531,0.849525,close
a * b (element-wise) (uint64),Arithmetic,uint64,10000000,,15.9989,26.6576,available,,not_measured,managed,26.6576,0.600163,slower
a * b (element-wise) (uint8),Arithmetic,uint8,1000,,0.000596,0.000669,available,,not_measured,managed,0.000669,0.890882,negligible
a * b (element-wise) (uint8),Arithmetic,uint8,100000,,0.027189,0.01201,available,,not_measured,managed,0.01201,2.263863,faster
a * b (element-wise) (uint8),Arithmetic,uint8,10000000,,3.6191,2.224175,available,,not_measured,managed,2.224175,1.627165,faster
a * scalar (complex128),Arithmetic,complex128,1000,,0.000738,0.001152,available,,not_measured,managed,0.001152,0.640625,negligible
a * scalar (complex128),Arithmetic,complex128,100000,,0.27105,0.093571,available,,not_measured,managed,0.093571,2.896731,faster
a * scalar (complex128),Arithmetic,complex128,10000000,,37.8135,40.4289,available,,not_measured,managed,40.4289,0.935309,close
a * scalar (float16),Arithmetic,float16,1000,,0.003265,0.007872,available,,not_measured,managed,0.007872,0.414761,slower
a * scalar (float16),Arithmetic,float16,100000,,0.27425,0.688989,available,,not_measured,managed,0.688989,0.398047,slower
a * scalar (float16),Arithmetic,float16,10000000,,30.1839,86.5691,available,,not_measured,managed,86.5691,0.348668,slower
a * scalar (float32),Arithmetic,float32,1000,,0.000523,0.000998,available,,not_measured,managed,0.000998,0.524048,negligible
a * scalar (float32),Arithmetic,float32,100000,,0.005786,0.01912,available,,not_measured,managed,0.01912,0.302615,much_slower
a * scalar (float32),Arithmetic,float32,10000000,,7.432,8.59385,available,,not_measured,managed,8.59385,0.864804,close
a * scalar (float64),Arithmetic,float64,1000,,0.00061,0.000745,available,,not_measured,managed,0.000745,0.818792,negligible
a * scalar (float64),Arithmetic,float64,100000,,0.011372,0.039125,available,,not_measured,managed,0.039125,0.290658,much_slower
a * scalar (float64),Arithmetic,float64,10000000,,15.5409,13.0329,available,,not_measured,managed,13.0329,1.192436,faster
a * scalar (int16),Arithmetic,int16,1000,,0.000717,0.000841,available,,not_measured,managed,0.000841,0.852556,negligible
a * scalar (int16),Arithmetic,int16,100000,,0.02137,0.010648,available,,not_measured,managed,0.010648,2.00695,faster
a * scalar (int16),Arithmetic,int16,10000000,,4.1462,4.154217,available,,not_measured,managed,4.154217,0.99807,close
a * scalar (int32),Arithmetic,int32,1000,,0.000728,0.000974,available,,not_measured,managed,0.000974,0.747433,negligible
a * scalar (int32),Arithmetic,int32,100000,,0.02145,0.020777,available,,not_measured,managed,0.020777,1.032392,close
a * scalar (int32),Arithmetic,int32,10000000,,7.4025,8.582375,available,,not_measured,managed,8.582375,0.862523,close
a * scalar (int64),Arithmetic,int64,1000,,0.00073,0.000957,available,,not_measured,managed,0.000957,0.7628,negligible
a * scalar (int64),Arithmetic,int64,100000,,0.021487,0.050282,available,,not_measured,managed,0.050282,0.42733,slower
a * scalar (int64),Arithmetic,int64,10000000,,14.8198,20.1884,available,,not_measured,managed,20.1884,0.734075,slower
a * scalar (int8),Arithmetic,int8,1000,,0.000696,0.000394,available,,not_measured,managed,0.000394,1.766497,negligible
a * scalar (int8),Arithmetic,int8,100000,,0.021345,0.006144,available,,not_measured,managed,0.006144,3.474121,faster
a * scalar (int8),Arithmetic,int8,10000000,,2.9705,1.458027,available,,not_measured,managed,1.458027,2.037342,faster
a * scalar (uint16),Arithmetic,uint16,1000,,0.000742,0.000795,available,,not_measured,managed,0.000795,0.933333,negligible
a * scalar (uint16),Arithmetic,uint16,100000,,0.021407,0.007104,available,,not_measured,managed,0.007104,3.013373,faster
a * scalar (uint16),Arithmetic,uint16,10000000,,4.1116,2.6109,available,,not_measured,managed,2.6109,1.574783,faster
a * scalar (uint32),Arithmetic,uint32,1000,,0.000727,0.000998,available,,not_measured,managed,0.000998,0.728457,negligible
a * scalar (uint32),Arithmetic,uint32,100000,,0.02146,0.018969,available,,not_measured,managed,0.018969,1.13132,faster
a * scalar (uint32),Arithmetic,uint32,10000000,,7.3274,7.54195,available,,not_measured,managed,7.54195,0.971552,close
a * scalar (uint64),Arithmetic,uint64,1000,,0.000738,0.001131,available,,not_measured,managed,0.001131,0.65252,negligible
a * scalar (uint64),Arithmetic,uint64,100000,,0.021437,0.046554,available,,not_measured,managed,0.046554,0.460476,slower
a * scalar (uint64),Arithmetic,uint64,10000000,,14.6807,15.70075,available,,not_measured,managed,15.70075,0.935032,close
a * scalar (uint8),Arithmetic,uint8,1000,,0.000687,0.000586,available,,not_measured,managed,0.000586,1.172355,negligible
a * scalar (uint8),Arithmetic,uint8,100000,,0.021374,0.00978,available,,not_measured,managed,0.00978,2.185481,faster
a * scalar (uint8),Arithmetic,uint8,10000000,,3.1108,0.874081,available,,not_measured,managed,0.874081,3.558938,faster
a + 5 (literal) (complex128),Arithmetic,complex128,1000,,0.000879,0.003945,available,,not_measured,managed,0.003945,0.222814,negligible
a + 5 (literal) (complex128),Arithmetic,complex128,100000,,0.273475,0.076694,available,,not_measured,managed,0.076694,3.565794,faster
a + 5 (literal) (complex128),Arithmetic,complex128,10000000,,34.428,33.7302,available,,not_measured,managed,33.7302,1.020688,close
a + 5 (literal) (float16),Arithmetic,float16,1000,,0.003403,0.007214,available,,not_measured,managed,0.007214,0.471722,slower
a + 5 (literal) (float16),Arithmetic,float16,100000,,0.27435,0.893547,available,,not_measured,managed,0.893547,0.307035,much_slower
a + 5 (literal) (float16),Arithmetic,float16,10000000,,29.9799,89.0967,available,,not_measured,managed,89.0967,0.336487,slower
a + 5 (literal) (float32),Arithmetic,float32,1000,,0.000666,0.002034,available,,not_measured,managed,0.002034,0.327434,negligible
a + 5 (literal) (float32),Arithmetic,float32,100000,,0.006288,0.022871,available,,not_measured,managed,0.022871,0.274933,much_slower
a + 5 (literal) (float32),Arithmetic,float32,10000000,,7.5323,8.723875,available,,not_measured,managed,8.723875,0.863412,close
a + 5 (literal) (float64),Arithmetic,float64,1000,,0.000749,0.002988,available,,not_measured,managed,0.002988,0.250669,negligible
a + 5 (literal) (float64),Arithmetic,float64,100000,,0.011234,0.053313,available,,not_measured,managed,0.053313,0.210718,much_slower
a + 5 (literal) (float64),Arithmetic,float64,10000000,,15.4873,18.0864,available,,not_measured,managed,18.0864,0.856295,close
a + 5 (literal) (int16),Arithmetic,int16,1000,,0.000863,0.001489,available,,not_measured,managed,0.001489,0.579584,negligible
a + 5 (literal) (int16),Arithmetic,int16,100000,,0.023802,0.013633,available,,not_measured,managed,0.013633,1.745911,faster
a + 5 (literal) (int16),Arithmetic,int16,10000000,,4.3355,4.058825,available,,not_measured,managed,4.058825,1.068166,faster
a + 5 (literal) (int32),Arithmetic,int32,1000,,0.000866,0.001545,available,,not_measured,managed,0.001545,0.560518,negligible
a + 5 (literal) (int32),Arithmetic,int32,100000,,0.023695,0.021959,available,,not_measured,managed,0.021959,1.079056,faster
a + 5 (literal) (int32),Arithmetic,int32,10000000,,7.5788,8.5751,available,,not_measured,managed,8.5751,0.883815,close
a + 5 (literal) (int64),Arithmetic,int64,1000,,0.000838,0.003081,available,,not_measured,managed,0.003081,0.27199,negligible
a + 5 (literal) (int64),Arithmetic,int64,100000,,0.023302,0.02935,available,,not_measured,managed,0.02935,0.793935,slower
a + 5 (literal) (int64),Arithmetic,int64,10000000,,14.4035,18.9702,available,,not_measured,managed,18.9702,0.75927,slower
a + 5 (literal) (int8),Arithmetic,int8,1000,,0.00082,0.001538,available,,not_measured,managed,0.001538,0.53316,negligible
a + 5 (literal) (int8),Arithmetic,int8,100000,,0.023622,0.008068,available,,not_measured,managed,0.008068,2.927863,faster
a + 5 (literal) (int8),Arithmetic,int8,10000000,,3.2862,1.291076,available,,not_measured,managed,1.291076,2.545319,faster
a + 5 (literal) (uint16),Arithmetic,uint16,1000,,0.000875,0.001151,available,,not_measured,managed,0.001151,0.760209,negligible
a + 5 (literal) (uint16),Arithmetic,uint16,100000,,0.023819,0.012958,available,,not_measured,managed,0.012958,1.838169,faster
a + 5 (literal) (uint16),Arithmetic,uint16,10000000,,4.4853,3.9975,available,,not_measured,managed,3.9975,1.122026,faster
a + 5 (literal) (uint32),Arithmetic,uint32,1000,,0.00087,0.001604,available,,not_measured,managed,0.001604,0.542394,negligible
a + 5 (literal) (uint32),Arithmetic,uint32,100000,,0.023233,0.023127,available,,not_measured,managed,0.023127,1.004583,close
a + 5 (literal) (uint32),Arithmetic,uint32,10000000,,7.3681,7.57885,available,,not_measured,managed,7.57885,0.972192,close
a + 5 (literal) (uint64),Arithmetic,uint64,1000,,0.000866,0.003095,available,,not_measured,managed,0.003095,0.279806,negligible
a + 5 (literal) (uint64),Arithmetic,uint64,100000,,0.02329,0.047059,available,,not_measured,managed,0.047059,0.494911,slower
a + 5 (literal) (uint64),Arithmetic,uint64,10000000,,14.3487,19.4564,available,,not_measured,managed,19.4564,0.73748,slower
a + 5 (literal) (uint8),Arithmetic,uint8,1000,,0.00082,0.001649,available,,not_measured,managed,0.001649,0.497271,negligible
a + 5 (literal) (uint8),Arithmetic,uint8,100000,,0.02364,0.00496,available,,not_measured,managed,0.00496,4.766129,faster
a + 5 (literal) (uint8),Arithmetic,uint8,10000000,,3.2483,0.943447,available,,not_measured,managed,0.943447,3.443013,faster
a + b (element-wise) (complex128),Arithmetic,complex128,1000,,0.000647,0.001206,available,,not_measured,managed,0.001206,0.536484,negligible
a + b (element-wise) (complex128),Arithmetic,complex128,100000,,0.279325,0.097721,available,,not_measured,managed,0.097721,2.858393,faster
a + b (element-wise) (complex128),Arithmetic,complex128,10000000,,33.5944,55.7208,available,,not_measured,managed,55.7208,0.602906,slower
a + b (element-wise) (float16),Arithmetic,float16,1000,,0.003117,0.004773,available,,not_measured,managed,0.004773,0.653048,slower
a + b (element-wise) (float16),Arithmetic,float16,100000,,0.274575,0.898403,available,,not_measured,managed,0.898403,0.305626,much_slower
a + b (element-wise) (float16),Arithmetic,float16,10000000,,29.9171,79.7439,available,,not_measured,managed,79.7439,0.375165,slower
a + b (element-wise) (float32),Arithmetic,float32,1000,,0.000398,0.000816,available,,not_measured,managed,0.000816,0.487745,negligible
a + b (element-wise) (float32),Arithmetic,float32,100000,,0.006675,0.020866,available,,not_measured,managed,0.020866,0.319898,much_slower
a + b (element-wise) (float32),Arithmetic,float32,10000000,,8.1352,10.73355,available,,not_measured,managed,10.73355,0.757923,slower
a + b (element-wise) (float64),Arithmetic,float64,1000,,0.000476,0.001351,available,,not_measured,managed,0.001351,0.352332,negligible
a + b (element-wise) (float64),Arithmetic,float64,100000,,0.022839,0.043322,available,,not_measured,managed,0.043322,0.527192,slower
a + b (element-wise) (float64),Arithmetic,float64,10000000,,16.0717,14.0488,available,,not_measured,managed,14.0488,1.143991,faster
a + b (element-wise) (int16),Arithmetic,int16,1000,,0.000643,0.00081,available,,not_measured,managed,0.00081,0.793827,negligible
a + b (element-wise) (int16),Arithmetic,int16,100000,,0.028286,0.011351,available,,not_measured,managed,0.011351,2.491939,faster
a + b (element-wise) (int16),Arithmetic,int16,10000000,,4.8807,5.779,available,,not_measured,managed,5.779,0.844558,close
a + b (element-wise) (int32),Arithmetic,int32,1000,,0.000646,0.00101,available,,not_measured,managed,0.00101,0.639604,negligible
a + b (element-wise) (int32),Arithmetic,int32,100000,,0.0284,0.021502,available,,not_measured,managed,0.021502,1.320807,faster
a + b (element-wise) (int32),Arithmetic,int32,10000000,,7.9646,3.9639,available,,not_measured,managed,3.9639,2.009284,faster
a + b (element-wise) (int64),Arithmetic,int64,1000,,0.000656,0.001413,available,,not_measured,managed,0.001413,0.46426,negligible
a + b (element-wise) (int64),Arithmetic,int64,100000,,0.030458,0.044295,available,,not_measured,managed,0.044295,0.687617,slower
a + b (element-wise) (int64),Arithmetic,int64,10000000,,16.1413,25.1668,available,,not_measured,managed,25.1668,0.641373,slower
a + b (element-wise) (int8),Arithmetic,int8,1000,,0.000608,0.000659,available,,not_measured,managed,0.000659,0.92261,negligible
a + b (element-wise) (int8),Arithmetic,int8,100000,,0.028378,0.003925,available,,not_measured,managed,0.003925,7.230064,faster
a + b (element-wise) (int8),Arithmetic,int8,10000000,,3.7571,1.881133,available,,not_measured,managed,1.881133,1.997254,faster
a + b (element-wise) (uint16),Arithmetic,uint16,1000,,0.000662,0.000729,available,,not_measured,managed,0.000729,0.908093,negligible
a + b (element-wise) (uint16),Arithmetic,uint16,100000,,0.028331,0.012887,available,,not_measured,managed,0.012887,2.198417,faster
a + b (element-wise) (uint16),Arithmetic,uint16,10000000,,4.8859,2.753725,available,,not_measured,managed,2.753725,1.774288,faster
a + b (element-wise) (uint32),Arithmetic,uint32,1000,,0.000648,0.000952,available,,not_measured,managed,0.000952,0.680672,negligible
a + b (element-wise) (uint32),Arithmetic,uint32,100000,,0.028328,0.021542,available,,not_measured,managed,0.021542,1.315013,faster
a + b (element-wise) (uint32),Arithmetic,uint32,10000000,,8.1254,10.6328,available,,not_measured,managed,10.6328,0.764183,slower
a + b (element-wise) (uint64),Arithmetic,uint64,1000,,0.000654,0.000791,available,,not_measured,managed,0.000791,0.826802,negligible
a + b (element-wise) (uint64),Arithmetic,uint64,100000,,0.032243,0.044716,available,,not_measured,managed,0.044716,0.721062,slower
a + b (element-wise) (uint64),Arithmetic,uint64,10000000,,16.4116,13.6523,available,,not_measured,managed,13.6523,1.202112,faster
a + b (element-wise) (uint8),Arithmetic,uint8,1000,,0.00061,0.000664,available,,not_measured,managed,0.000664,0.918675,negligible
a + b (element-wise) (uint8),Arithmetic,uint8,100000,,0.028344,0.006239,available,,not_measured,managed,0.006239,4.543036,faster
a + b (element-wise) (uint8),Arithmetic,uint8,10000000,,3.7356,1.993292,available,,not_measured,managed,1.993292,1.874086,faster
a + scalar (complex128),Arithmetic,complex128,1000,,0.000725,0.001282,available,,not_measured,managed,0.001282,0.565523,negligible
a + scalar (complex128),Arithmetic,complex128,100000,,0.276075,0.123062,available,,not_measured,managed,0.123062,2.243381,faster
a + scalar (complex128),Arithmetic,complex128,10000000,,31.2995,38.5555,available,,not_measured,managed,38.5555,0.811804,close
a + scalar (float16),Arithmetic,float16,1000,,0.003261,0.00928,available,,not_measured,managed,0.00928,0.351401,slower
a + scalar (float16),Arithmetic,float16,100000,,0.2742,0.890041,available,,not_measured,managed,0.890041,0.308076,much_slower
a + scalar (float16),Arithmetic,float16,10000000,,29.9497,79.7548,available,,not_measured,managed,79.7548,0.375522,slower
a + scalar (float32),Arithmetic,float32,1000,,0.000521,0.000961,available,,not_measured,managed,0.000961,0.542144,negligible
a + scalar (float32),Arithmetic,float32,100000,,0.006132,0.012947,available,,not_measured,managed,0.012947,0.473623,slower
a + scalar (float32),Arithmetic,float32,10000000,,7.386,8.482875,available,,not_measured,managed,8.482875,0.870695,close
a + scalar (float64),Arithmetic,float64,1000,,0.000603,0.000811,available,,not_measured,managed,0.000811,0.743527,negligible
a + scalar (float64),Arithmetic,float64,100000,,0.011341,0.041053,available,,not_measured,managed,0.041053,0.276253,much_slower
a + scalar (float64),Arithmetic,float64,10000000,,15.4185,18.9922,available,,not_measured,managed,18.9922,0.811833,close
a + scalar (int16),Arithmetic,int16,1000,,0.000741,0.000845,available,,not_measured,managed,0.000845,0.876923,negligible
a + scalar (int16),Arithmetic,int16,100000,,0.023707,0.01058,available,,not_measured,managed,0.01058,2.240737,faster
a + scalar (int16),Arithmetic,int16,10000000,,4.2727,3.30195,available,,not_measured,managed,3.30195,1.293993,faster
a + scalar (int32),Arithmetic,int32,1000,,0.000753,0.000966,available,,not_measured,managed,0.000966,0.779503,negligible
a + scalar (int32),Arithmetic,int32,100000,,0.023352,0.020194,available,,not_measured,managed,0.020194,1.156383,faster
a + scalar (int32),Arithmetic,int32,10000000,,7.5045,8.568925,available,,not_measured,managed,8.568925,0.875781,close
a + scalar (int64),Arithmetic,int64,1000,,0.000751,0.001347,available,,not_measured,managed,0.001347,0.557535,negligible
a + scalar (int64),Arithmetic,int64,100000,,0.023295,0.025917,available,,not_measured,managed,0.025917,0.898831,close
a + scalar (int64),Arithmetic,int64,10000000,,14.6313,18.962,available,,not_measured,managed,18.962,0.771612,slower
a + scalar (int8),Arithmetic,int8,1000,,0.000719,0.000555,available,,not_measured,managed,0.000555,1.295495,negligible
a + scalar (int8),Arithmetic,int8,100000,,0.023495,0.003759,available,,not_measured,managed,0.003759,6.250333,faster
a + scalar (int8),Arithmetic,int8,10000000,,3.3001,1.301953,available,,not_measured,managed,1.301953,2.534731,faster
a + scalar (uint16),Arithmetic,uint16,1000,,0.000758,0.000813,available,,not_measured,managed,0.000813,0.932349,negligible
a + scalar (uint16),Arithmetic,uint16,100000,,0.0237,0.011064,available,,not_measured,managed,0.011064,2.142082,faster
a + scalar (uint16),Arithmetic,uint16,10000000,,4.4406,3.945575,available,,not_measured,managed,3.945575,1.125463,faster
a + scalar (uint32),Arithmetic,uint32,1000,,0.000749,0.000629,available,,not_measured,managed,0.000629,1.190779,negligible
a + scalar (uint32),Arithmetic,uint32,100000,,0.023102,0.013455,available,,not_measured,managed,0.013455,1.716983,faster
a + scalar (uint32),Arithmetic,uint32,10000000,,7.3636,7.5251,available,,not_measured,managed,7.5251,0.978538,close
a + scalar (uint64),Arithmetic,uint64,1000,,0.000759,0.001306,available,,not_measured,managed,0.001306,0.581164,negligible
a + scalar (uint64),Arithmetic,uint64,100000,,0.023131,0.040234,available,,not_measured,managed,0.040234,0.574912,slower
a + scalar (uint64),Arithmetic,uint64,10000000,,14.6728,19.0081,available,,not_measured,managed,19.0081,0.771924,slower
a + scalar (uint8),Arithmetic,uint8,1000,,0.00073,0.000412,available,,not_measured,managed,0.000412,1.771845,negligible
a + scalar (uint8),Arithmetic,uint8,100000,,0.023507,0.005684,available,,not_measured,managed,0.005684,4.135644,faster
a + scalar (uint8),Arithmetic,uint8,10000000,,3.2304,1.324588,available,,not_measured,managed,1.324588,2.438796,faster
a - b (element-wise) (complex128),Arithmetic,complex128,1000,,0.000653,0.001713,available,,not_measured,managed,0.001713,0.381203,negligible
a - b (element-wise) (complex128),Arithmetic,complex128,100000,,0.2779,0.099945,available,,not_measured,managed,0.099945,2.780529,faster
a - b (element-wise) (complex128),Arithmetic,complex128,10000000,,35.082,55.4683,available,,not_measured,managed,55.4683,0.632469,slower
a - b (element-wise) (float16),Arithmetic,float16,1000,,0.003241,0.006877,available,,not_measured,managed,0.006877,0.471281,slower
a - b (element-wise) (float16),Arithmetic,float16,100000,,0.274375,0.8616,available,,not_measured,managed,0.8616,0.318448,much_slower
a - b (element-wise) (float16),Arithmetic,float16,10000000,,29.8934,90.4369,available,,not_measured,managed,90.4369,0.330544,slower
a - b (element-wise) (float32),Arithmetic,float32,1000,,0.000396,0.001048,available,,not_measured,managed,0.001048,0.377863,negligible
a - b (element-wise) (float32),Arithmetic,float32,100000,,0.006682,0.022747,available,,not_measured,managed,0.022747,0.293753,much_slower
a - b (element-wise) (float32),Arithmetic,float32,10000000,,7.9695,5.511875,available,,not_measured,managed,5.511875,1.445878,faster
a - b (element-wise) (float64),Arithmetic,float64,1000,,0.000478,0.001473,available,,not_measured,managed,0.001473,0.324508,negligible
a - b (element-wise) (float64),Arithmetic,float64,100000,,0.022831,0.042698,available,,not_measured,managed,0.042698,0.534709,slower
a - b (element-wise) (float64),Arithmetic,float64,10000000,,16.1156,13.7704,available,,not_measured,managed,13.7704,1.170307,faster
a - b (element-wise) (int16),Arithmetic,int16,1000,,0.000645,0.000698,available,,not_measured,managed,0.000698,0.924069,negligible
a - b (element-wise) (int16),Arithmetic,int16,100000,,0.0283,0.008062,available,,not_measured,managed,0.008062,3.510295,faster
a - b (element-wise) (int16),Arithmetic,int16,10000000,,4.9222,3.0036,available,,not_measured,managed,3.0036,1.638767,faster
a - b (element-wise) (int32),Arithmetic,int32,1000,,0.00064,0.000838,available,,not_measured,managed,0.000838,0.763723,negligible
a - b (element-wise) (int32),Arithmetic,int32,100000,,0.028514,0.022636,available,,not_measured,managed,0.022636,1.259675,faster
a - b (element-wise) (int32),Arithmetic,int32,10000000,,8.2324,7.005,available,,not_measured,managed,7.005,1.175218,faster
a - b (element-wise) (int64),Arithmetic,int64,1000,,0.000655,0.001493,available,,not_measured,managed,0.001493,0.438714,negligible
a - b (element-wise) (int64),Arithmetic,int64,100000,,0.030484,0.047704,available,,not_measured,managed,0.047704,0.639024,slower
a - b (element-wise) (int64),Arithmetic,int64,10000000,,15.8253,14.6999,available,,not_measured,managed,14.6999,1.076558,faster
a - b (element-wise) (int8),Arithmetic,int8,1000,,0.000606,0.000647,available,,not_measured,managed,0.000647,0.936631,negligible
a - b (element-wise) (int8),Arithmetic,int8,100000,,0.028387,0.006365,available,,not_measured,managed,0.006365,4.459859,faster
a - b (element-wise) (int8),Arithmetic,int8,10000000,,3.7318,1.575189,available,,not_measured,managed,1.575189,2.369113,faster
a - b (element-wise) (uint16),Arithmetic,uint16,1000,,0.00064,0.000608,available,,not_measured,managed,0.000608,1.052632,negligible
a - b (element-wise) (uint16),Arithmetic,uint16,100000,,0.028369,0.01196,available,,not_measured,managed,0.01196,2.37199,faster
a - b (element-wise) (uint16),Arithmetic,uint16,10000000,,5.0671,3.746675,available,,not_measured,managed,3.746675,1.352426,faster
a - b (element-wise) (uint32),Arithmetic,uint32,1000,,0.000643,0.000845,available,,not_measured,managed,0.000845,0.760947,negligible
a - b (element-wise) (uint32),Arithmetic,uint32,100000,,0.028406,0.022205,available,,not_measured,managed,0.022205,1.279261,faster
a - b (element-wise) (uint32),Arithmetic,uint32,10000000,,8.3615,10.6071,available,,not_measured,managed,10.6071,0.788293,slower
a - b (element-wise) (uint64),Arithmetic,uint64,1000,,0.000643,0.001353,available,,not_measured,managed,0.001353,0.47524,negligible
a - b (element-wise) (uint64),Arithmetic,uint64,100000,,0.032424,0.045623,available,,not_measured,managed,0.045623,0.710694,slower
a - b (element-wise) (uint64),Arithmetic,uint64,10000000,,15.8277,13.9404,available,,not_measured,managed,13.9404,1.135383,faster
a - b (element-wise) (uint8),Arithmetic,uint8,1000,,0.000607,0.00069,available,,not_measured,managed,0.00069,0.87971,negligible
a - b (element-wise) (uint8),Arithmetic,uint8,100000,,0.028361,0.005771,available,,not_measured,managed,0.005771,4.9144,faster
a - b (element-wise) (uint8),Arithmetic,uint8,10000000,,3.7259,1.25179,available,,not_measured,managed,1.25179,2.976458,faster
a - scalar (complex128),Arithmetic,complex128,1000,,0.00072,0.00184,available,,not_measured,managed,0.00184,0.391304,negligible
a - scalar (complex128),Arithmetic,complex128,100000,,0.2761,0.075805,available,,not_measured,managed,0.075805,3.64224,faster
a - scalar (complex128),Arithmetic,complex128,10000000,,31.1243,26.7889,available,,not_measured,managed,26.7889,1.161836,faster
a - scalar (float16),Arithmetic,float16,1000,,0.003261,0.009349,available,,not_measured,managed,0.009349,0.348807,slower
a - scalar (float16),Arithmetic,float16,100000,,0.274675,0.469156,available,,not_measured,managed,0.469156,0.585466,slower
a - scalar (float16),Arithmetic,float16,10000000,,29.9119,45.9254,available,,not_measured,managed,45.9254,0.651315,slower
a - scalar (float32),Arithmetic,float32,1000,,0.000524,0.000958,available,,not_measured,managed,0.000958,0.546973,negligible
a - scalar (float32),Arithmetic,float32,100000,,0.00583,0.02267,available,,not_measured,managed,0.02267,0.257168,much_slower
a - scalar (float32),Arithmetic,float32,10000000,,7.6415,5.0963,available,,not_measured,managed,5.0963,1.499421,faster
a - scalar (float64),Arithmetic,float64,1000,,0.000599,0.001308,available,,not_measured,managed,0.001308,0.457951,negligible
a - scalar (float64),Arithmetic,float64,100000,,0.011335,0.0269,available,,not_measured,managed,0.0269,0.421375,slower
a - scalar (float64),Arithmetic,float64,10000000,,15.6946,12.9035,available,,not_measured,managed,12.9035,1.216306,faster
a - scalar (int16),Arithmetic,int16,1000,,0.000742,0.00085,available,,not_measured,managed,0.00085,0.872941,negligible
a - scalar (int16),Arithmetic,int16,100000,,0.023075,0.011496,available,,not_measured,managed,0.011496,2.00722,faster
a - scalar (int16),Arithmetic,int16,10000000,,4.296,2.53155,available,,not_measured,managed,2.53155,1.696984,faster
a - scalar (int32),Arithmetic,int32,1000,,0.00075,0.001055,available,,not_measured,managed,0.001055,0.7109,negligible
a - scalar (int32),Arithmetic,int32,100000,,0.023274,0.012824,available,,not_measured,managed,0.012824,1.814878,faster
a - scalar (int32),Arithmetic,int32,10000000,,7.598,5.130525,available,,not_measured,managed,5.130525,1.48094,faster
a - scalar (int64),Arithmetic,int64,1000,,0.000746,0.000843,available,,not_measured,managed,0.000843,0.884935,negligible
a - scalar (int64),Arithmetic,int64,100000,,0.024172,0.026431,available,,not_measured,managed,0.026431,0.914532,close
a - scalar (int64),Arithmetic,int64,10000000,,14.4712,13.01595,available,,not_measured,managed,13.01595,1.111805,faster
a - scalar (int8),Arithmetic,int8,1000,,0.000715,0.000583,available,,not_measured,managed,0.000583,1.226415,negligible
a - scalar (int8),Arithmetic,int8,100000,,0.023093,0.003869,available,,not_measured,managed,0.003869,5.968726,faster
a - scalar (int8),Arithmetic,int8,10000000,,3.2625,1.060023,available,,not_measured,managed,1.060023,3.077763,faster
a - scalar (uint16),Arithmetic,uint16,1000,,0.000758,0.000697,available,,not_measured,managed,0.000697,1.087518,negligible
a - scalar (uint16),Arithmetic,uint16,100000,,0.0231,0.006946,available,,not_measured,managed,0.006946,3.325655,faster
a - scalar (uint16),Arithmetic,uint16,10000000,,4.3158,4.40185,available,,not_measured,managed,4.40185,0.980451,close
a - scalar (uint32),Arithmetic,uint32,1000,,0.00075,0.001019,available,,not_measured,managed,0.001019,0.736016,negligible
a - scalar (uint32),Arithmetic,uint32,100000,,0.023233,0.013968,available,,not_measured,managed,0.013968,1.663302,faster
a - scalar (uint32),Arithmetic,uint32,10000000,,7.3339,3.3087,available,,not_measured,managed,3.3087,2.21655,faster
a - scalar (uint64),Arithmetic,uint64,1000,,0.000752,0.001006,available,,not_measured,managed,0.001006,0.747515,negligible
a - scalar (uint64),Arithmetic,uint64,100000,,0.02386,0.043196,available,,not_measured,managed,0.043196,0.552366,slower
a - scalar (uint64),Arithmetic,uint64,10000000,,14.5382,12.9254,available,,not_measured,managed,12.9254,1.124778,faster
a - scalar (uint8),Arithmetic,uint8,1000,,0.000713,0.000677,available,,not_measured,managed,0.000677,1.053176,negligible
a - scalar (uint8),Arithmetic,uint8,100000,,0.0231,0.006571,available,,not_measured,managed,0.006571,3.515447,faster
a - scalar (uint8),Arithmetic,uint8,10000000,,3.2982,0.948307,available,,not_measured,managed,0.948307,3.477988,faster
a / b (element-wise) (float32),Arithmetic,float32,1000,,0.000456,0.001315,available,,not_measured,managed,0.001315,0.346768,negligible
a / b (element-wise) (float32),Arithmetic,float32,100000,,0.012033,0.061861,available,,not_measured,managed,0.061861,0.194517,much_slower
a / b (element-wise) (float32),Arithmetic,float32,10000000,,7.9616,3.9044,available,,not_measured,managed,3.9044,2.039135,faster
a / b (element-wise) (float64),Arithmetic,float64,1000,,0.000716,0.002714,available,,not_measured,managed,0.002714,0.263817,negligible
a / b (element-wise) (float64),Arithmetic,float64,100000,,0.0374,0.19472,available,,not_measured,managed,0.19472,0.192071,much_slower
a / b (element-wise) (float64),Arithmetic,float64,10000000,,15.8749,14.3026,available,,not_measured,managed,14.3026,1.109931,faster
a / b (element-wise) (int32),Arithmetic,int32,1000,,0.001641,0.004034,available,,not_measured,managed,0.004034,0.406792,slower
a / b (element-wise) (int32),Arithmetic,int32,100000,,0.082092,0.080982,available,,not_measured,managed,0.080982,1.013707,close
a / b (element-wise) (int32),Arithmetic,int32,10000000,,19.4294,13.5025,available,,not_measured,managed,13.5025,1.438948,faster
a / b (element-wise) (int64),Arithmetic,int64,1000,,0.001583,0.004104,available,,not_measured,managed,0.004104,0.385721,slower
a / b (element-wise) (int64),Arithmetic,int64,100000,,0.075727,0.080824,available,,not_measured,managed,0.080824,0.936937,close
a / b (element-wise) (int64),Arithmetic,int64,10000000,,22.2971,15.6059,available,,not_measured,managed,15.6059,1.428761,faster
a / scalar (float32),Arithmetic,float32,1000,,0.000588,0.001312,available,,not_measured,managed,0.001312,0.448171,negligible
a / scalar (float32),Arithmetic,float32,100000,,0.01197,0.062066,available,,not_measured,managed,0.062066,0.192859,much_slower
a / scalar (float32),Arithmetic,float32,10000000,,7.6739,8.733125,available,,not_measured,managed,8.733125,0.878712,close
a / scalar (float64),Arithmetic,float64,1000,,0.000839,0.002639,available,,not_measured,managed,0.002639,0.317923,negligible
a / scalar (float64),Arithmetic,float64,100000,,0.037033,0.194378,available,,not_measured,managed,0.194378,0.190521,much_slower
a / scalar (float64),Arithmetic,float64,10000000,,15.2754,23.6382,available,,not_measured,managed,23.6382,0.646217,slower
a / scalar (int32),Arithmetic,int32,1000,,0.001497,0.004392,available,,not_measured,managed,0.004392,0.340847,slower
a / scalar (int32),Arithmetic,int32,100000,,0.060576,0.199005,available,,not_measured,managed,0.199005,0.304394,much_slower
a / scalar (int32),Arithmetic,int32,10000000,,16.2334,23.6747,available,,not_measured,managed,23.6747,0.685686,slower
a / scalar (int64),Arithmetic,int64,1000,,0.001504,0.004105,available,,not_measured,managed,0.004105,0.366382,slower
a / scalar (int64),Arithmetic,int64,100000,,0.056828,0.199677,available,,not_measured,managed,0.199677,0.2846,much_slower
a / scalar (int64),Arithmetic,int64,10000000,,17.8797,14.2049,available,,not_measured,managed,14.2049,1.258699,faster
"np.add(a, b) (complex128)",Arithmetic,complex128,1000,,0.000655,0.001528,available,,not_measured,managed,0.001528,0.428665,negligible
"np.add(a, b) (complex128)",Arithmetic,complex128,100000,,0.2811,0.147995,available,,not_measured,managed,0.147995,1.899388,faster
"np.add(a, b) (complex128)",Arithmetic,complex128,10000000,,34.236,56.1526,available,,not_measured,managed,56.1526,0.609696,slower
"np.add(a, b) (float16)",Arithmetic,float16,1000,,0.003124,0.009344,available,,not_measured,managed,0.009344,0.334332,slower
"np.add(a, b) (float16)",Arithmetic,float16,100000,,0.274925,0.896416,available,,not_measured,managed,0.896416,0.306694,much_slower
"np.add(a, b) (float16)",Arithmetic,float16,10000000,,29.9342,89.9405,available,,not_measured,managed,89.9405,0.332822,slower
"np.add(a, b) (float32)",Arithmetic,float32,1000,,0.000403,0.000586,available,,not_measured,managed,0.000586,0.687713,negligible
"np.add(a, b) (float32)",Arithmetic,float32,100000,,0.006664,0.024206,available,,not_measured,managed,0.024206,0.275304,much_slower
"np.add(a, b) (float32)",Arithmetic,float32,10000000,,8.1339,10.6598,available,,not_measured,managed,10.6598,0.763044,slower
"np.add(a, b) (float64)",Arithmetic,float64,1000,,0.000481,0.001343,available,,not_measured,managed,0.001343,0.358153,negligible
"np.add(a, b) (float64)",Arithmetic,float64,100000,,0.022833,0.0425,available,,not_measured,managed,0.0425,0.537247,slower
"np.add(a, b) (float64)",Arithmetic,float64,10000000,,16.1307,13.7121,available,,not_measured,managed,13.7121,1.176384,faster
"np.add(a, b) (int16)",Arithmetic,int16,1000,,0.000653,0.000822,available,,not_measured,managed,0.000822,0.794404,negligible
"np.add(a, b) (int16)",Arithmetic,int16,100000,,0.028282,0.007501,available,,not_measured,managed,0.007501,3.770431,faster
"np.add(a, b) (int16)",Arithmetic,int16,10000000,,4.8297,3.87135,available,,not_measured,managed,3.87135,1.247549,faster
"np.add(a, b) (int32)",Arithmetic,int32,1000,,0.000655,0.000974,available,,not_measured,managed,0.000974,0.672485,negligible
"np.add(a, b) (int32)",Arithmetic,int32,100000,,0.028429,0.022618,available,,not_measured,managed,0.022618,1.256919,faster
"np.add(a, b) (int32)",Arithmetic,int32,10000000,,8.0979,4.6542,available,,not_measured,managed,4.6542,1.739912,faster
"np.add(a, b) (int64)",Arithmetic,int64,1000,,0.000659,0.001348,available,,not_measured,managed,0.001348,0.488872,negligible
"np.add(a, b) (int64)",Arithmetic,int64,100000,,0.0306,0.044778,available,,not_measured,managed,0.044778,0.683371,slower
"np.add(a, b) (int64)",Arithmetic,int64,10000000,,15.9754,24.6353,available,,not_measured,managed,24.6353,0.648476,slower
"np.add(a, b) (int8)",Arithmetic,int8,1000,,0.000625,0.000609,available,,not_measured,managed,0.000609,1.026273,negligible
"np.add(a, b) (int8)",Arithmetic,int8,100000,,0.028361,0.006089,available,,not_measured,managed,0.006089,4.657743,faster
"np.add(a, b) (int8)",Arithmetic,int8,10000000,,3.7863,1.852544,available,,not_measured,managed,1.852544,2.043838,faster
"np.add(a, b) (uint16)",Arithmetic,uint16,1000,,0.00066,0.000799,available,,not_measured,managed,0.000799,0.826033,negligible
"np.add(a, b) (uint16)",Arithmetic,uint16,100000,,0.028352,0.011831,available,,not_measured,managed,0.011831,2.396416,faster
"np.add(a, b) (uint16)",Arithmetic,uint16,10000000,,4.9186,4.91075,available,,not_measured,managed,4.91075,1.001599,close
"np.add(a, b) (uint32)",Arithmetic,uint32,1000,,0.000655,0.001,available,,not_measured,managed,0.001,0.655,negligible
"np.add(a, b) (uint32)",Arithmetic,uint32,100000,,0.028403,0.014423,available,,not_measured,managed,0.014423,1.969285,faster
"np.add(a, b) (uint32)",Arithmetic,uint32,10000000,,8.0423,3.84905,available,,not_measured,managed,3.84905,2.089425,faster
"np.add(a, b) (uint64)",Arithmetic,uint64,1000,,0.00066,0.001365,available,,not_measured,managed,0.001365,0.483516,negligible
"np.add(a, b) (uint64)",Arithmetic,uint64,100000,,0.032412,0.043626,available,,not_measured,managed,0.043626,0.742951,slower
"np.add(a, b) (uint64)",Arithmetic,uint64,10000000,,16.7579,13.9017,available,,not_measured,managed,13.9017,1.205457,faster
"np.add(a, b) (uint8)",Arithmetic,uint8,1000,,0.000632,0.00065,available,,not_measured,managed,0.00065,0.972308,negligible
"np.add(a, b) (uint8)",Arithmetic,uint8,100000,,0.028381,0.004035,available,,not_measured,managed,0.004035,7.033705,faster
"np.add(a, b) (uint8)",Arithmetic,uint8,10000000,,3.7294,1.981925,available,,not_measured,managed,1.981925,1.881706,faster
"np.divide(a, b) (float32)",Arithmetic,float32,1000,,0.000464,0.001309,available,,not_measured,managed,0.001309,0.354469,negligible
"np.divide(a, b) (float32)",Arithmetic,float32,100000,,0.011844,0.062054,available,,not_measured,managed,0.062054,0.190866,much_slower
"np.divide(a, b) (float32)",Arithmetic,float32,10000000,,8.0623,3.9773,available,,not_measured,managed,3.9773,2.027079,faster
"np.divide(a, b) (float64)",Arithmetic,float64,1000,,0.000718,0.002759,available,,not_measured,managed,0.002759,0.260239,negligible
"np.divide(a, b) (float64)",Arithmetic,float64,100000,,0.037433,0.194414,available,,not_measured,managed,0.194414,0.192543,much_slower
"np.divide(a, b) (float64)",Arithmetic,float64,10000000,,15.878,13.9937,available,,not_measured,managed,13.9937,1.134653,faster
"np.divide(a, b) (int32)",Arithmetic,int32,1000,,0.001638,0.003927,available,,not_measured,managed,0.003927,0.417112,slower
"np.divide(a, b) (int32)",Arithmetic,int32,100000,,0.082123,0.196686,available,,not_measured,managed,0.196686,0.417534,slower
"np.divide(a, b) (int32)",Arithmetic,int32,10000000,,19.49,23.9032,available,,not_measured,managed,23.9032,0.815372,close
"np.divide(a, b) (int64)",Arithmetic,int64,1000,,0.001576,0.004057,available,,not_measured,managed,0.004057,0.388464,slower
"np.divide(a, b) (int64)",Arithmetic,int64,100000,,0.075714,0.198286,available,,not_measured,managed,0.198286,0.381842,slower
"np.divide(a, b) (int64)",Arithmetic,int64,10000000,,22.2819,18.8953,available,,not_measured,managed,18.8953,1.17923,faster
"np.floor_divide(a, b) (float32)",Arithmetic,float32,1000,,0.011786,0.010955,available,,not_measured,managed,0.010955,1.075856,faster
"np.floor_divide(a, b) (float32)",Arithmetic,float32,100000,,1.4797,1.537333,available,,not_measured,managed,1.537333,0.962511,close
"np.floor_divide(a, b) (float32)",Arithmetic,float32,10000000,,157.9307,115.4708,available,,not_measured,managed,115.4708,1.367711,faster
"np.floor_divide(a, b) (float64)",Arithmetic,float64,1000,,0.009882,0.006175,available,,not_measured,managed,0.006175,1.600324,faster
"np.floor_divide(a, b) (float64)",Arithmetic,float64,100000,,1.2448,1.054906,available,,not_measured,managed,1.054906,1.18001,faster
"np.floor_divide(a, b) (float64)",Arithmetic,float64,10000000,,137.4346,141.2398,available,,not_measured,managed,141.2398,0.973059,close
"np.floor_divide(a, b) (int32)",Arithmetic,int32,1000,,0.001471,0.002299,available,,not_measured,managed,0.002299,0.639843,slower
"np.floor_divide(a, b) (int32)",Arithmetic,int32,100000,,0.3606,0.603679,available,,not_measured,managed,0.603679,0.597337,slower
"np.floor_divide(a, b) (int32)",Arithmetic,int32,10000000,,41.6509,61.4808,available,,not_measured,managed,61.4808,0.677462,slower
"np.floor_divide(a, b) (int64)",Arithmetic,int64,1000,,0.002177,0.002313,available,,not_measured,managed,0.002313,0.941202,close
"np.floor_divide(a, b) (int64)",Arithmetic,int64,100000,,0.356,0.600781,available,,not_measured,managed,0.600781,0.592562,slower
"np.floor_divide(a, b) (int64)",Arithmetic,int64,10000000,,46.8048,67.3333,available,,not_measured,managed,67.3333,0.695121,slower
"np.mod(a, b) (float32)",Arithmetic,float32,1000,,0.011599,0.005694,available,,not_measured,managed,0.005694,2.037057,faster
"np.mod(a, b) (float32)",Arithmetic,float32,100000,,1.4714,1.548463,available,,not_measured,managed,1.548463,0.950233,close
"np.mod(a, b) (float32)",Arithmetic,float32,10000000,,155.9583,130.1594,available,,not_measured,managed,130.1594,1.19821,faster
"np.mod(a, b) (float64)",Arithmetic,float64,1000,,0.01005,0.009078,available,,not_measured,managed,0.009078,1.107072,faster
"np.mod(a, b) (float64)",Arithmetic,float64,100000,,1.2448,0.903272,available,,not_measured,managed,0.903272,1.378101,faster
"np.mod(a, b) (float64)",Arithmetic,float64,10000000,,137.1044,127.0469,available,,not_measured,managed,127.0469,1.079164,faster
"np.mod(a, b) (int32)",Arithmetic,int32,1000,,0.001585,0.002286,available,,not_measured,managed,0.002286,0.693351,slower
"np.mod(a, b) (int32)",Arithmetic,int32,100000,,0.358533,0.581744,available,,not_measured,managed,0.581744,0.616307,slower
"np.mod(a, b) (int32)",Arithmetic,int32,10000000,,42.0055,51.7219,available,,not_measured,managed,51.7219,0.812141,close
"np.mod(a, b) (int64)",Arithmetic,int64,1000,,0.003115,0.002341,available,,not_measured,managed,0.002341,1.330628,faster
"np.mod(a, b) (int64)",Arithmetic,int64,100000,,0.359,0.50369,available,,not_measured,managed,0.50369,0.71274,slower
"np.mod(a, b) (int64)",Arithmetic,int64,10000000,,47.1488,65.6287,available,,not_measured,managed,65.6287,0.718417,slower
"np.multiply(a, b) (complex128)",Arithmetic,complex128,1000,,0.00072,0.002118,available,,not_measured,managed,0.002118,0.339943,negligible
"np.multiply(a, b) (complex128)",Arithmetic,complex128,100000,,0.275675,0.149636,available,,not_measured,managed,0.149636,1.842304,faster
"np.multiply(a, b) (complex128)",Arithmetic,complex128,10000000,,33.3082,54.4428,available,,not_measured,managed,54.4428,0.611802,slower
"np.multiply(a, b) (float16)",Arithmetic,float16,1000,,0.003122,0.009345,available,,not_measured,managed,0.009345,0.334082,slower
"np.multiply(a, b) (float16)",Arithmetic,float16,100000,,0.2739,0.896403,available,,not_measured,managed,0.896403,0.305555,much_slower
"np.multiply(a, b) (float16)",Arithmetic,float16,10000000,,30.0996,79.3706,available,,not_measured,managed,79.3706,0.379229,slower
"np.multiply(a, b) (float32)",Arithmetic,float32,1000,,0.000401,0.000625,available,,not_measured,managed,0.000625,0.6416,negligible
"np.multiply(a, b) (float32)",Arithmetic,float32,100000,,0.006711,0.021377,available,,not_measured,managed,0.021377,0.313936,much_slower
"np.multiply(a, b) (float32)",Arithmetic,float32,10000000,,8.3962,10.61555,available,,not_measured,managed,10.61555,0.790934,slower
"np.multiply(a, b) (float64)",Arithmetic,float64,1000,,0.000486,0.001263,available,,not_measured,managed,0.001263,0.384798,negligible
"np.multiply(a, b) (float64)",Arithmetic,float64,100000,,0.022663,0.047035,available,,not_measured,managed,0.047035,0.481833,slower
"np.multiply(a, b) (float64)",Arithmetic,float64,10000000,,16.2183,16.6765,available,,not_measured,managed,16.6765,0.972524,close
"np.multiply(a, b) (int16)",Arithmetic,int16,1000,,0.000641,0.000569,available,,not_measured,managed,0.000569,1.126538,negligible
"np.multiply(a, b) (int16)",Arithmetic,int16,100000,,0.027216,0.011958,available,,not_measured,managed,0.011958,2.275966,faster
"np.multiply(a, b) (int16)",Arithmetic,int16,10000000,,4.7847,5.818975,available,,not_measured,managed,5.818975,0.822258,close
"np.multiply(a, b) (int32)",Arithmetic,int32,1000,,0.000647,0.000977,available,,not_measured,managed,0.000977,0.662231,negligible
"np.multiply(a, b) (int32)",Arithmetic,int32,100000,,0.027809,0.022856,available,,not_measured,managed,0.022856,1.216705,faster
"np.multiply(a, b) (int32)",Arithmetic,int32,10000000,,8.4451,3.9227,available,,not_measured,managed,3.9227,2.152879,faster
"np.multiply(a, b) (int64)",Arithmetic,int64,1000,,0.000648,0.001106,available,,not_measured,managed,0.001106,0.585895,negligible
"np.multiply(a, b) (int64)",Arithmetic,int64,100000,,0.030003,0.054612,available,,not_measured,managed,0.054612,0.549385,slower
"np.multiply(a, b) (int64)",Arithmetic,int64,10000000,,16.2328,28.0939,available,,not_measured,managed,28.0939,0.577805,slower
"np.multiply(a, b) (int8)",Arithmetic,int8,1000,,0.000618,0.000648,available,,not_measured,managed,0.000648,0.953704,negligible
"np.multiply(a, b) (int8)",Arithmetic,int8,100000,,0.0272,0.005637,available,,not_measured,managed,0.005637,4.825262,faster
"np.multiply(a, b) (int8)",Arithmetic,int8,10000000,,3.6125,1.975789,available,,not_measured,managed,1.975789,1.828383,faster
"np.multiply(a, b) (uint16)",Arithmetic,uint16,1000,,0.000652,0.000617,available,,not_measured,managed,0.000617,1.056726,negligible
"np.multiply(a, b) (uint16)",Arithmetic,uint16,100000,,0.027208,0.013571,available,,not_measured,managed,0.013571,2.004863,faster
"np.multiply(a, b) (uint16)",Arithmetic,uint16,10000000,,4.8271,5.799825,available,,not_measured,managed,5.799825,0.832284,close
"np.multiply(a, b) (uint32)",Arithmetic,uint32,1000,,0.000649,0.000654,available,,not_measured,managed,0.000654,0.992355,negligible
"np.multiply(a, b) (uint32)",Arithmetic,uint32,100000,,0.027606,0.023958,available,,not_measured,managed,0.023958,1.152266,faster
"np.multiply(a, b) (uint32)",Arithmetic,uint32,10000000,,8.0789,10.70895,available,,not_measured,managed,10.70895,0.754406,slower
"np.multiply(a, b) (uint64)",Arithmetic,uint64,1000,,0.000654,0.001314,available,,not_measured,managed,0.001314,0.497717,negligible
"np.multiply(a, b) (uint64)",Arithmetic,uint64,100000,,0.030963,0.058641,available,,not_measured,managed,0.058641,0.528009,slower
"np.multiply(a, b) (uint64)",Arithmetic,uint64,10000000,,16.796,26.7197,available,,not_measured,managed,26.7197,0.6286,slower
"np.multiply(a, b) (uint8)",Arithmetic,uint8,1000,,0.000616,0.000515,available,,not_measured,managed,0.000515,1.196117,negligible
"np.multiply(a, b) (uint8)",Arithmetic,uint8,100000,,0.027189,0.012045,available,,not_measured,managed,0.012045,2.257285,faster
"np.multiply(a, b) (uint8)",Arithmetic,uint8,10000000,,3.6196,2.1741,available,,not_measured,managed,2.1741,1.664873,faster
"np.subtract(a, b) (complex128)",Arithmetic,complex128,1000,,0.000649,0.002031,available,,not_measured,managed,0.002031,0.319547,negligible
"np.subtract(a, b) (complex128)",Arithmetic,complex128,100000,,0.278075,0.14703,available,,not_measured,managed,0.14703,1.891281,faster
"np.subtract(a, b) (complex128)",Arithmetic,complex128,10000000,,32.1951,56.676,available,,not_measured,managed,56.676,0.568055,slower
"np.subtract(a, b) (float16)",Arithmetic,float16,1000,,0.003219,0.009404,available,,not_measured,managed,0.009404,0.342301,slower
"np.subtract(a, b) (float16)",Arithmetic,float16,100000,,0.27445,0.784761,available,,not_measured,managed,0.784761,0.349724,slower
"np.subtract(a, b) (float16)",Arithmetic,float16,10000000,,30.0513,84.7039,available,,not_measured,managed,84.7039,0.354781,slower
"np.subtract(a, b) (float32)",Arithmetic,float32,1000,,0.000401,0.00102,available,,not_measured,managed,0.00102,0.393137,negligible
"np.subtract(a, b) (float32)",Arithmetic,float32,100000,,0.006681,0.025282,available,,not_measured,managed,0.025282,0.264259,much_slower
"np.subtract(a, b) (float32)",Arithmetic,float32,10000000,,8.2004,5.84295,available,,not_measured,managed,5.84295,1.403469,faster
"np.subtract(a, b) (float64)",Arithmetic,float64,1000,,0.000481,0.001292,available,,not_measured,managed,0.001292,0.372291,negligible
"np.subtract(a, b) (float64)",Arithmetic,float64,100000,,0.022763,0.047463,available,,not_measured,managed,0.047463,0.479595,slower
"np.subtract(a, b) (float64)",Arithmetic,float64,10000000,,15.9524,20.7675,available,,not_measured,managed,20.7675,0.768143,slower
"np.subtract(a, b) (int16)",Arithmetic,int16,1000,,0.000648,0.000838,available,,not_measured,managed,0.000838,0.77327,negligible
"np.subtract(a, b) (int16)",Arithmetic,int16,100000,,0.028306,0.007296,available,,not_measured,managed,0.007296,3.87966,faster
"np.subtract(a, b) (int16)",Arithmetic,int16,10000000,,4.9372,5.170125,available,,not_measured,managed,5.170125,0.954948,close
"np.subtract(a, b) (int32)",Arithmetic,int32,1000,,0.000662,0.001004,available,,not_measured,managed,0.001004,0.659363,negligible
"np.subtract(a, b) (int32)",Arithmetic,int32,100000,,0.028486,0.024082,available,,not_measured,managed,0.024082,1.182875,faster
"np.subtract(a, b) (int32)",Arithmetic,int32,10000000,,8.0121,9.56175,available,,not_measured,managed,9.56175,0.837932,close
"np.subtract(a, b) (int64)",Arithmetic,int64,1000,,0.000659,0.000923,available,,not_measured,managed,0.000923,0.713976,negligible
"np.subtract(a, b) (int64)",Arithmetic,int64,100000,,0.0306,0.044879,available,,not_measured,managed,0.044879,0.681833,slower
"np.subtract(a, b) (int64)",Arithmetic,int64,10000000,,15.7805,24.7261,available,,not_measured,managed,24.7261,0.638212,slower
"np.subtract(a, b) (int8)",Arithmetic,int8,1000,,0.000628,0.000563,available,,not_measured,managed,0.000563,1.115453,negligible
"np.subtract(a, b) (int8)",Arithmetic,int8,100000,,0.028378,0.006426,available,,not_measured,managed,0.006426,4.416122,faster
"np.subtract(a, b) (int8)",Arithmetic,int8,10000000,,3.7364,2.044062,available,,not_measured,managed,2.044062,1.827929,faster
"np.subtract(a, b) (uint16)",Arithmetic,uint16,1000,,0.000648,0.000807,available,,not_measured,managed,0.000807,0.802974,negligible
"np.subtract(a, b) (uint16)",Arithmetic,uint16,100000,,0.028372,0.012956,available,,not_measured,managed,0.012956,2.189873,faster
"np.subtract(a, b) (uint16)",Arithmetic,uint16,10000000,,4.985,4.90135,available,,not_measured,managed,4.90135,1.017067,close
"np.subtract(a, b) (uint32)",Arithmetic,uint32,1000,,0.000655,0.001009,available,,not_measured,managed,0.001009,0.649158,negligible
"np.subtract(a, b) (uint32)",Arithmetic,uint32,100000,,0.028385,0.022665,available,,not_measured,managed,0.022665,1.252371,faster
"np.subtract(a, b) (uint32)",Arithmetic,uint32,10000000,,8.464,8.86175,available,,not_measured,managed,8.86175,0.955116,close
"np.subtract(a, b) (uint64)",Arithmetic,uint64,1000,,0.000657,0.001253,available,,not_measured,managed,0.001253,0.524342,negligible
"np.subtract(a, b) (uint64)",Arithmetic,uint64,100000,,0.032416,0.04788,available,,not_measured,managed,0.04788,0.677026,slower
"np.subtract(a, b) (uint64)",Arithmetic,uint64,10000000,,16.4088,14.6532,available,,not_measured,managed,14.6532,1.11981,faster
"np.subtract(a, b) (uint8)",Arithmetic,uint8,1000,,0.000628,0.000603,available,,not_measured,managed,0.000603,1.041459,negligible
"np.subtract(a, b) (uint8)",Arithmetic,uint8,100000,,0.028406,0.006722,available,,not_measured,managed,0.006722,4.225826,faster
"np.subtract(a, b) (uint8)",Arithmetic,uint8,10000000,,3.7473,2.070382,available,,not_measured,managed,2.070382,1.809956,faster
"np.true_divide(a, b) (float32)",Arithmetic,float32,1000,,0.000463,0.001321,available,,not_measured,managed,0.001321,0.350492,negligible
"np.true_divide(a, b) (float32)",Arithmetic,float32,100000,,0.011852,0.061851,available,,not_measured,managed,0.061851,0.191622,much_slower
"np.true_divide(a, b) (float32)",Arithmetic,float32,10000000,,8.0963,10.71285,available,,not_measured,managed,10.71285,0.755756,slower
"np.true_divide(a, b) (float64)",Arithmetic,float64,1000,,0.000719,0.002736,available,,not_measured,managed,0.002736,0.262792,negligible
"np.true_divide(a, b) (float64)",Arithmetic,float64,100000,,0.03747,0.194738,available,,not_measured,managed,0.194738,0.192412,much_slower
"np.true_divide(a, b) (float64)",Arithmetic,float64,10000000,,15.9851,25.5065,available,,not_measured,managed,25.5065,0.626707,slower
"np.true_divide(a, b) (int32)",Arithmetic,int32,1000,,0.001638,0.003927,available,,not_measured,managed,0.003927,0.417112,slower
"np.true_divide(a, b) (int32)",Arithmetic,int32,100000,,0.081975,0.19783,available,,not_measured,managed,0.19783,0.414371,slower
"np.true_divide(a, b) (int32)",Arithmetic,int32,10000000,,19.3405,14.3391,available,,not_measured,managed,14.3391,1.348795,faster
"np.true_divide(a, b) (int64)",Arithmetic,int64,1000,,0.001577,0.002702,available,,not_measured,managed,0.002702,0.583642,slower
"np.true_divide(a, b) (int64)",Arithmetic,int64,100000,,0.075714,0.198156,available,,not_measured,managed,0.198156,0.382093,slower
"np.true_divide(a, b) (int64)",Arithmetic,int64,10000000,,22.6504,28.5705,available,,not_measured,managed,28.5705,0.79279,slower
scalar - a (complex128),Arithmetic,complex128,1000,,0.000732,0.001821,available,,not_measured,managed,0.001821,0.401977,negligible
scalar - a (complex128),Arithmetic,complex128,100000,,0.269867,0.07766,available,,not_measured,managed,0.07766,3.474981,faster
scalar - a (complex128),Arithmetic,complex128,10000000,,41.8722,26.1033,available,,not_measured,managed,26.1033,1.604096,faster
scalar - a (float16),Arithmetic,float16,1000,,0.003276,0.006203,available,,not_measured,managed,0.006203,0.528132,slower
scalar - a (float16),Arithmetic,float16,100000,,0.27475,0.452922,available,,not_measured,managed,0.452922,0.606617,slower
scalar - a (float16),Arithmetic,float16,10000000,,30.1018,46.2916,available,,not_measured,managed,46.2916,0.650265,slower
scalar - a (float32),Arithmetic,float32,1000,,0.00054,0.001126,available,,not_measured,managed,0.001126,0.479574,negligible
scalar - a (float32),Arithmetic,float32,100000,,0.005876,0.013073,available,,not_measured,managed,0.013073,0.449476,slower
scalar - a (float32),Arithmetic,float32,10000000,,7.4511,5.14675,available,,not_measured,managed,5.14675,1.447729,faster
scalar - a (float64),Arithmetic,float64,1000,,0.000622,0.00132,available,,not_measured,managed,0.00132,0.471212,negligible
scalar - a (float64),Arithmetic,float64,100000,,0.011385,0.02656,available,,not_measured,managed,0.02656,0.428652,slower
scalar - a (float64),Arithmetic,float64,10000000,,15.4807,12.8703,available,,not_measured,managed,12.8703,1.202824,faster
scalar - a (int16),Arithmetic,int16,1000,,0.000772,0.000824,available,,not_measured,managed,0.000824,0.936893,negligible
scalar - a (int16),Arithmetic,int16,100000,,0.023705,0.00676,available,,not_measured,managed,0.00676,3.506657,faster
scalar - a (int16),Arithmetic,int16,10000000,,4.3634,3.02865,available,,not_measured,managed,3.02865,1.440708,faster
scalar - a (int32),Arithmetic,int32,1000,,0.00077,0.001003,available,,not_measured,managed,0.001003,0.767697,negligible
scalar - a (int32),Arithmetic,int32,100000,,0.023546,0.012995,available,,not_measured,managed,0.012995,1.811928,faster
scalar - a (int32),Arithmetic,int32,10000000,,7.2234,4.989475,available,,not_measured,managed,4.989475,1.447727,faster
scalar - a (int64),Arithmetic,int64,1000,,0.000774,0.000768,available,,not_measured,managed,0.000768,1.007812,negligible
scalar - a (int64),Arithmetic,int64,100000,,0.02363,0.026652,available,,not_measured,managed,0.026652,0.886613,close
scalar - a (int64),Arithmetic,int64,10000000,,14.7318,12.952,available,,not_measured,managed,12.952,1.137415,faster
scalar - a (int8),Arithmetic,int8,1000,,0.000732,0.000655,available,,not_measured,managed,0.000655,1.117557,negligible
scalar - a (int8),Arithmetic,int8,100000,,0.023491,0.00713,available,,not_measured,managed,0.00713,3.29467,faster
scalar - a (int8),Arithmetic,int8,10000000,,3.1936,0.941157,available,,not_measured,managed,0.941157,3.39327,faster
scalar - a (uint16),Arithmetic,uint16,1000,,0.000763,0.000682,available,,not_measured,managed,0.000682,1.118768,negligible
scalar - a (uint16),Arithmetic,uint16,100000,,0.023757,0.006966,available,,not_measured,managed,0.006966,3.410422,faster
scalar - a (uint16),Arithmetic,uint16,10000000,,4.3631,3.0552,available,,not_measured,managed,3.0552,1.42809,faster
scalar - a (uint32),Arithmetic,uint32,1000,,0.000764,0.000694,available,,not_measured,managed,0.000694,1.100865,negligible
scalar - a (uint32),Arithmetic,uint32,100000,,0.023498,0.013514,available,,not_measured,managed,0.013514,1.738789,faster
scalar - a (uint32),Arithmetic,uint32,10000000,,7.3995,3.76985,available,,not_measured,managed,3.76985,1.96281,faster
scalar - a (uint64),Arithmetic,uint64,1000,,0.000775,0.001035,available,,not_measured,managed,0.001035,0.748792,negligible
scalar - a (uint64),Arithmetic,uint64,100000,,0.023528,0.040532,available,,not_measured,managed,0.040532,0.58048,slower
scalar - a (uint64),Arithmetic,uint64,10000000,,14.3546,13.65675,available,,not_measured,managed,13.65675,1.051099,faster
scalar - a (uint8),Arithmetic,uint8,1000,,0.000728,0.000592,available,,not_measured,managed,0.000592,1.22973,negligible
scalar - a (uint8),Arithmetic,uint8,100000,,0.023512,0.004946,available,,not_measured,managed,0.004946,4.75374,faster
scalar - a (uint8),Arithmetic,uint8,10000000,,3.1983,0.967959,available,,not_measured,managed,0.967959,3.304169,faster
scalar / a (float32),Arithmetic,float32,1000,,0.000596,0.000654,available,,not_measured,managed,0.000654,0.911315,negligible
scalar / a (float32),Arithmetic,float32,100000,,0.011988,0.015907,available,,not_measured,managed,0.015907,0.75363,slower
scalar / a (float32),Arithmetic,float32,10000000,,7.569,4.7438,available,,not_measured,managed,4.7438,1.595556,faster
scalar / a (float64),Arithmetic,float64,1000,,0.000846,0.002725,available,,not_measured,managed,0.002725,0.310459,negligible
scalar / a (float64),Arithmetic,float64,100000,,0.03705,0.13617,available,,not_measured,managed,0.13617,0.272086,much_slower
scalar / a (float64),Arithmetic,float64,10000000,,15.0469,23.6845,available,,not_measured,managed,23.6845,0.635306,slower
scalar / a (int32),Arithmetic,int32,1000,,0.001514,0.00288,available,,not_measured,managed,0.00288,0.525694,slower
scalar / a (int32),Arithmetic,int32,100000,,0.060744,0.160172,available,,not_measured,managed,0.160172,0.379242,slower
scalar / a (int32),Arithmetic,int32,10000000,,16.505,23.7133,available,,not_measured,managed,23.7133,0.696023,slower
scalar / a (int64),Arithmetic,int64,1000,,0.001521,0.004429,available,,not_measured,managed,0.004429,0.343418,slower
scalar / a (int64),Arithmetic,int64,100000,,0.056817,0.199608,available,,not_measured,managed,0.199608,0.284643,much_slower
scalar / a (int64),Arithmetic,int64,10000000,,17.7985,24.1785,available,,not_measured,managed,24.1785,0.736129,slower
a & b (bool),Bitwise,bool,1000,,0.000331,0.000413,available,,not_measured,managed,0.000413,0.801453,negligible
a & b (bool),Bitwise,bool,100000,,0.005181,0.003975,available,,not_measured,managed,0.003975,1.303396,faster
a & b (bool),Bitwise,bool,10000000,,2.4123,1.92545,available,,not_measured,managed,1.92545,1.25285,faster
a & b (int16),Bitwise,int16,1000,,0.001483,0.000833,available,,not_measured,managed,0.000833,1.780312,negligible
a & b (int16),Bitwise,int16,100000,,0.05022,0.012984,available,,not_measured,managed,0.012984,3.867837,faster
a & b (int16),Bitwise,int16,10000000,,7.8775,5.677525,available,,not_measured,managed,5.677525,1.387488,faster
a & b (int32),Bitwise,int32,1000,,0.001536,0.001,available,,not_measured,managed,0.001,1.536,faster
a & b (int32),Bitwise,int32,100000,,0.052395,0.022782,available,,not_measured,managed,0.022782,2.299842,faster
a & b (int32),Bitwise,int32,10000000,,15.5651,10.6458,available,,not_measured,managed,10.6458,1.462088,faster
a & b (int64),Bitwise,int64,1000,,0.001562,0.001271,available,,not_measured,managed,0.001271,1.228954,faster
a & b (int64),Bitwise,int64,100000,,0.056883,0.034401,available,,not_measured,managed,0.034401,1.653528,faster
a & b (int64),Bitwise,int64,10000000,,22.8449,24.7785,available,,not_measured,managed,24.7785,0.921965,close
a & b (int8),Bitwise,int8,1000,,0.001205,0.000674,available,,not_measured,managed,0.000674,1.787834,negligible
a & b (int8),Bitwise,int8,100000,,0.049074,0.006821,available,,not_measured,managed,0.006821,7.194546,faster
a & b (int8),Bitwise,int8,10000000,,5.9416,1.93282,available,,not_measured,managed,1.93282,3.074058,faster
a & b (uint16),Bitwise,uint16,1000,,0.000642,0.000829,available,,not_measured,managed,0.000829,0.774427,negligible
a & b (uint16),Bitwise,uint16,100000,,0.050255,0.013589,available,,not_measured,managed,0.013589,3.698212,faster
a & b (uint16),Bitwise,uint16,10000000,,7.6321,4.28925,available,,not_measured,managed,4.28925,1.779355,faster
a & b (uint32),Bitwise,uint32,1000,,0.001503,0.000964,available,,not_measured,managed,0.000964,1.559129,negligible
a & b (uint32),Bitwise,uint32,100000,,0.052415,0.013568,available,,not_measured,managed,0.013568,3.863134,faster
a & b (uint32),Bitwise,uint32,10000000,,15.7189,10.6741,available,,not_measured,managed,10.6741,1.472621,faster
a & b (uint64),Bitwise,uint64,1000,,0.001578,0.001279,available,,not_measured,managed,0.001279,1.233776,faster
a & b (uint64),Bitwise,uint64,100000,,0.056928,0.036637,available,,not_measured,managed,0.036637,1.553839,faster
a & b (uint64),Bitwise,uint64,10000000,,24.5659,22.476,available,,not_measured,managed,22.476,1.092984,faster
a & b (uint8),Bitwise,uint8,1000,,0.000609,0.000691,available,,not_measured,managed,0.000691,0.881331,negligible
a & b (uint8),Bitwise,uint8,100000,,0.049081,0.006459,available,,not_measured,managed,0.006459,7.598854,faster
a & b (uint8),Bitwise,uint8,10000000,,5.8539,1.939878,available,,not_measured,managed,1.939878,3.017664,faster
a ^ b (bool),Bitwise,bool,1000,,0.000331,0.000629,available,,not_measured,managed,0.000629,0.526232,negligible
a ^ b (bool),Bitwise,bool,100000,,0.002664,0.006246,available,,not_measured,managed,0.006246,0.426513,slower
a ^ b (bool),Bitwise,bool,10000000,,2.4453,1.124867,available,,not_measured,managed,1.124867,2.173857,faster
a ^ b (int16),Bitwise,int16,1000,,0.001507,0.000549,available,,not_measured,managed,0.000549,2.744991,negligible
a ^ b (int16),Bitwise,int16,100000,,0.050185,0.013336,available,,not_measured,managed,0.013336,3.763122,faster
a ^ b (int16),Bitwise,int16,10000000,,8.3768,2.730825,available,,not_measured,managed,2.730825,3.067498,faster
a ^ b (int32),Bitwise,int32,1000,,0.001508,0.000877,available,,not_measured,managed,0.000877,1.719498,negligible
a ^ b (int32),Bitwise,int32,100000,,0.052417,0.022113,available,,not_measured,managed,0.022113,2.370416,faster
a ^ b (int32),Bitwise,int32,10000000,,15.6709,3.8716,available,,not_measured,managed,3.8716,4.047655,faster
a ^ b (int64),Bitwise,int64,1000,,0.001573,0.001236,available,,not_measured,managed,0.001236,1.272654,faster
a ^ b (int64),Bitwise,int64,100000,,0.056871,0.034309,available,,not_measured,managed,0.034309,1.657612,faster
a ^ b (int64),Bitwise,int64,10000000,,31.0319,25.126,available,,not_measured,managed,25.126,1.235051,faster
a ^ b (int8),Bitwise,int8,1000,,0.00119,0.000659,available,,not_measured,managed,0.000659,1.805766,negligible
a ^ b (int8),Bitwise,int8,100000,,0.049081,0.005728,available,,not_measured,managed,0.005728,8.56861,faster
a ^ b (int8),Bitwise,int8,10000000,,5.8507,1.980438,available,,not_measured,managed,1.980438,2.954245,faster
a ^ b (uint16),Bitwise,uint16,1000,,0.001484,0.000554,available,,not_measured,managed,0.000554,2.6787,negligible
a ^ b (uint16),Bitwise,uint16,100000,,0.050185,0.013382,available,,not_measured,managed,0.013382,3.750187,faster
a ^ b (uint16),Bitwise,uint16,10000000,,8.3517,5.79935,available,,not_measured,managed,5.79935,1.44011,faster
a ^ b (uint32),Bitwise,uint32,1000,,0.001513,0.000797,available,,not_measured,managed,0.000797,1.898369,negligible
a ^ b (uint32),Bitwise,uint32,100000,,0.052411,0.021727,available,,not_measured,managed,0.021727,2.412252,faster
a ^ b (uint32),Bitwise,uint32,10000000,,15.9488,10.6233,available,,not_measured,managed,10.6233,1.501304,faster
a ^ b (uint64),Bitwise,uint64,1000,,0.001562,0.001273,available,,not_measured,managed,0.001273,1.227023,faster
a ^ b (uint64),Bitwise,uint64,100000,,0.056865,0.046122,available,,not_measured,managed,0.046122,1.232926,faster
a ^ b (uint64),Bitwise,uint64,10000000,,16.455,24.6831,available,,not_measured,managed,24.6831,0.66665,slower
a ^ b (uint8),Bitwise,uint8,1000,,0.000613,0.000679,available,,not_measured,managed,0.000679,0.902798,negligible
a ^ b (uint8),Bitwise,uint8,100000,,0.049075,0.006263,available,,not_measured,managed,0.006263,7.835702,faster
a ^ b (uint8),Bitwise,uint8,10000000,,5.9186,0.985673,available,,not_measured,managed,0.985673,6.004628,faster
a | b (bool),Bitwise,bool,1000,,0.00033,0.000625,available,,not_measured,managed,0.000625,0.528,negligible
a | b (bool),Bitwise,bool,100000,,0.005416,0.006351,available,,not_measured,managed,0.006351,0.852779,close
a | b (bool),Bitwise,bool,10000000,,2.465,1.925322,available,,not_measured,managed,1.925322,1.280305,faster
a | b (int16),Bitwise,int16,1000,,0.000624,0.000681,available,,not_measured,managed,0.000681,0.9163,negligible
a | b (int16),Bitwise,int16,100000,,0.047986,0.012383,available,,not_measured,managed,0.012383,3.875151,faster
a | b (int16),Bitwise,int16,10000000,,8.0543,5.7536,available,,not_measured,managed,5.7536,1.399871,faster
a | b (int32),Bitwise,int32,1000,,0.001527,0.000667,available,,not_measured,managed,0.000667,2.289355,negligible
a | b (int32),Bitwise,int32,100000,,0.04806,0.024995,available,,not_measured,managed,0.024995,1.922785,faster
a | b (int32),Bitwise,int32,10000000,,15.2549,10.6608,available,,not_measured,managed,10.6608,1.430934,faster
a | b (int64),Bitwise,int64,1000,,0.001572,0.001253,available,,not_measured,managed,0.001253,1.254589,faster
a | b (int64),Bitwise,int64,100000,,0.05688,0.043416,available,,not_measured,managed,0.043416,1.310116,faster
a | b (int64),Bitwise,int64,10000000,,30.5762,25.0184,available,,not_measured,managed,25.0184,1.222148,faster
a | b (int8),Bitwise,int8,1000,,0.001226,0.000457,available,,not_measured,managed,0.000457,2.682713,negligible
a | b (int8),Bitwise,int8,100000,,0.049114,0.00687,available,,not_measured,managed,0.00687,7.149054,faster
a | b (int8),Bitwise,int8,10000000,,5.8527,1.01871,available,,not_measured,managed,1.01871,5.745207,faster
a | b (uint16),Bitwise,uint16,1000,,0.001469,0.000719,available,,not_measured,managed,0.000719,2.043115,negligible
a | b (uint16),Bitwise,uint16,100000,,0.047995,0.013493,available,,not_measured,managed,0.013493,3.55703,faster
a | b (uint16),Bitwise,uint16,10000000,,8.3243,5.794,available,,not_measured,managed,5.794,1.43671,faster
a | b (uint32),Bitwise,uint32,1000,,0.001505,0.000962,available,,not_measured,managed,0.000962,1.564449,negligible
a | b (uint32),Bitwise,uint32,100000,,0.048045,0.013894,available,,not_measured,managed,0.013894,3.457967,faster
a | b (uint32),Bitwise,uint32,10000000,,15.9268,10.61375,available,,not_measured,managed,10.61375,1.500582,faster
a | b (uint64),Bitwise,uint64,1000,,0.00156,0.001366,available,,not_measured,managed,0.001366,1.14202,faster
a | b (uint64),Bitwise,uint64,100000,,0.056911,0.047072,available,,not_measured,managed,0.047072,1.20902,faster
a | b (uint64),Bitwise,uint64,10000000,,30.3925,24.8189,available,,not_measured,managed,24.8189,1.224571,faster
a | b (uint8),Bitwise,uint8,1000,,0.000611,0.000636,available,,not_measured,managed,0.000636,0.960692,negligible
a | b (uint8),Bitwise,uint8,100000,,0.049159,0.006493,available,,not_measured,managed,0.006493,7.571077,faster
a | b (uint8),Bitwise,uint8,10000000,,5.8974,1.93325,available,,not_measured,managed,1.93325,3.050511,faster
"np.bitwise_and(a, b) (bool)",Bitwise,bool,1000,,0.000351,0.000603,available,,not_measured,managed,0.000603,0.58209,negligible
"np.bitwise_and(a, b) (bool)",Bitwise,bool,100000,,0.005414,0.006567,available,,not_measured,managed,0.006567,0.824425,close
"np.bitwise_and(a, b) (bool)",Bitwise,bool,10000000,,2.441,1.836133,available,,not_measured,managed,1.836133,1.329424,faster
"np.bitwise_and(a, b) (int16)",Bitwise,int16,1000,,0.000658,0.000534,available,,not_measured,managed,0.000534,1.23221,negligible
"np.bitwise_and(a, b) (int16)",Bitwise,int16,100000,,0.05042,0.007776,available,,not_measured,managed,0.007776,6.484053,faster
"np.bitwise_and(a, b) (int16)",Bitwise,int16,10000000,,8.2218,2.718425,available,,not_measured,managed,2.718425,3.024472,faster
"np.bitwise_and(a, b) (int32)",Bitwise,int32,1000,,0.001678,0.000979,available,,not_measured,managed,0.000979,1.713994,negligible
"np.bitwise_and(a, b) (int32)",Bitwise,int32,100000,,0.0526,0.015968,available,,not_measured,managed,0.015968,3.294088,faster
"np.bitwise_and(a, b) (int32)",Bitwise,int32,10000000,,15.4903,10.64085,available,,not_measured,managed,10.64085,1.455739,faster
"np.bitwise_and(a, b) (int64)",Bitwise,int64,1000,,0.001732,0.000757,available,,not_measured,managed,0.000757,2.287979,negligible
"np.bitwise_and(a, b) (int64)",Bitwise,int64,100000,,0.05709,0.039854,available,,not_measured,managed,0.039854,1.432479,faster
"np.bitwise_and(a, b) (int64)",Bitwise,int64,10000000,,30.9595,13.9786,available,,not_measured,managed,13.9786,2.214778,faster
"np.bitwise_and(a, b) (int8)",Bitwise,int8,1000,,0.001373,0.000647,available,,not_measured,managed,0.000647,2.122102,negligible
"np.bitwise_and(a, b) (int8)",Bitwise,int8,100000,,0.049267,0.007076,available,,not_measured,managed,0.007076,6.962549,faster
"np.bitwise_and(a, b) (int8)",Bitwise,int8,10000000,,5.9719,1.68127,available,,not_measured,managed,1.68127,3.552017,faster
"np.bitwise_and(a, b) (uint16)",Bitwise,uint16,1000,,0.001601,0.000802,available,,not_measured,managed,0.000802,1.996259,negligible
"np.bitwise_and(a, b) (uint16)",Bitwise,uint16,100000,,0.05033,0.007399,available,,not_measured,managed,0.007399,6.802271,faster
"np.bitwise_and(a, b) (uint16)",Bitwise,uint16,10000000,,8.1002,5.8995,available,,not_measured,managed,5.8995,1.373032,faster
"np.bitwise_and(a, b) (uint32)",Bitwise,uint32,1000,,0.001669,0.000675,available,,not_measured,managed,0.000675,2.472593,negligible
"np.bitwise_and(a, b) (uint32)",Bitwise,uint32,100000,,0.052558,0.022209,available,,not_measured,managed,0.022209,2.366518,faster
"np.bitwise_and(a, b) (uint32)",Bitwise,uint32,10000000,,16.0841,10.3606,available,,not_measured,managed,10.3606,1.552429,faster
"np.bitwise_and(a, b) (uint64)",Bitwise,uint64,1000,,0.001717,0.001287,available,,not_measured,managed,0.001287,1.33411,faster
"np.bitwise_and(a, b) (uint64)",Bitwise,uint64,100000,,0.057059,0.049546,available,,not_measured,managed,0.049546,1.151637,faster
"np.bitwise_and(a, b) (uint64)",Bitwise,uint64,10000000,,30.303,25.1602,available,,not_measured,managed,25.1602,1.204402,faster
"np.bitwise_and(a, b) (uint8)",Bitwise,uint8,1000,,0.001364,0.000545,available,,not_measured,managed,0.000545,2.502752,negligible
"np.bitwise_and(a, b) (uint8)",Bitwise,uint8,100000,,0.049271,0.007365,available,,not_measured,managed,0.007365,6.689885,faster
"np.bitwise_and(a, b) (uint8)",Bitwise,uint8,10000000,,5.904,1.934808,available,,not_measured,managed,1.934808,3.051466,faster
np.bitwise_not(a) (bool),Bitwise,bool,1000,,0.000326,0.000562,available,,not_measured,managed,0.000562,0.580071,negligible
np.bitwise_not(a) (bool),Bitwise,bool,100000,,0.004553,0.003427,available,,not_measured,managed,0.003427,1.328567,faster
np.bitwise_not(a) (bool),Bitwise,bool,10000000,,2.0795,1.328428,available,,not_measured,managed,1.328428,1.565384,faster
np.bitwise_not(a) (int16),Bitwise,int16,1000,,0.001462,0.000766,available,,not_measured,managed,0.000766,1.908616,negligible
np.bitwise_not(a) (int16),Bitwise,int16,100000,,0.042273,0.011648,available,,not_measured,managed,0.011648,3.629207,faster
np.bitwise_not(a) (int16),Bitwise,int16,10000000,,6.2934,2.481775,available,,not_measured,managed,2.481775,2.535846,faster
np.bitwise_not(a) (int32),Bitwise,int32,1000,,0.001563,0.000944,available,,not_measured,managed,0.000944,1.65572,negligible
np.bitwise_not(a) (int32),Bitwise,int32,100000,,0.051045,0.020042,available,,not_measured,managed,0.020042,2.546902,faster
np.bitwise_not(a) (int32),Bitwise,int32,10000000,,12.6017,8.5698,available,,not_measured,managed,8.5698,1.470478,faster
np.bitwise_not(a) (int64),Bitwise,int64,1000,,0.001462,0.000746,available,,not_measured,managed,0.000746,1.959786,negligible
np.bitwise_not(a) (int64),Bitwise,int64,100000,,0.042321,0.043912,available,,not_measured,managed,0.043912,0.963768,close
np.bitwise_not(a) (int64),Bitwise,int64,10000000,,22.6638,18.7996,available,,not_measured,managed,18.7996,1.205547,faster
np.bitwise_not(a) (int8),Bitwise,int8,1000,,0.001243,0.000638,available,,not_measured,managed,0.000638,1.948276,negligible
np.bitwise_not(a) (int8),Bitwise,int8,100000,,0.042235,0.00428,available,,not_measured,managed,0.00428,9.867991,faster
np.bitwise_not(a) (int8),Bitwise,int8,10000000,,5.0419,0.881725,available,,not_measured,managed,0.881725,5.718223,faster
np.bitwise_not(a) (uint16),Bitwise,uint16,1000,,0.00146,0.000821,available,,not_measured,managed,0.000821,1.778319,negligible
np.bitwise_not(a) (uint16),Bitwise,uint16,100000,,0.042238,0.011714,available,,not_measured,managed,0.011714,3.605771,faster
np.bitwise_not(a) (uint16),Bitwise,uint16,10000000,,6.1768,4.154533,available,,not_measured,managed,4.154533,1.486762,faster
np.bitwise_not(a) (uint32),Bitwise,uint32,1000,,0.001561,0.000621,available,,not_measured,managed,0.000621,2.513688,negligible
np.bitwise_not(a) (uint32),Bitwise,uint32,100000,,0.050965,0.012156,available,,not_measured,managed,0.012156,4.19258,faster
np.bitwise_not(a) (uint32),Bitwise,uint32,10000000,,11.8857,3.12285,available,,not_measured,managed,3.12285,3.806043,faster
np.bitwise_not(a) (uint64),Bitwise,uint64,1000,,0.001485,0.001162,available,,not_measured,managed,0.001162,1.277969,faster
np.bitwise_not(a) (uint64),Bitwise,uint64,100000,,0.042279,0.026428,available,,not_measured,managed,0.026428,1.599781,faster
np.bitwise_not(a) (uint64),Bitwise,uint64,10000000,,22.6717,18.3554,available,,not_measured,managed,18.3554,1.235152,faster
np.bitwise_not(a) (uint8),Bitwise,uint8,1000,,0.001239,0.000637,available,,not_measured,managed,0.000637,1.945055,negligible
np.bitwise_not(a) (uint8),Bitwise,uint8,100000,,0.042238,0.00632,available,,not_measured,managed,0.00632,6.683228,faster
np.bitwise_not(a) (uint8),Bitwise,uint8,10000000,,3.442,1.313662,available,,not_measured,managed,1.313662,2.620156,faster
"np.bitwise_or(a, b) (bool)",Bitwise,bool,1000,,0.000349,0.000484,available,,not_measured,managed,0.000484,0.721074,negligible
"np.bitwise_or(a, b) (bool)",Bitwise,bool,100000,,0.005572,0.005977,available,,not_measured,managed,0.005977,0.93224,close
"np.bitwise_or(a, b) (bool)",Bitwise,bool,10000000,,2.3889,1.94705,available,,not_measured,managed,1.94705,1.226933,faster
"np.bitwise_or(a, b) (int16)",Bitwise,int16,1000,,0.001633,0.000812,available,,not_measured,managed,0.000812,2.011084,negligible
"np.bitwise_or(a, b) (int16)",Bitwise,int16,100000,,0.048167,0.00758,available,,not_measured,managed,0.00758,6.354485,faster
"np.bitwise_or(a, b) (int16)",Bitwise,int16,10000000,,8.2948,5.8062,available,,not_measured,managed,5.8062,1.428611,faster
"np.bitwise_or(a, b) (int32)",Bitwise,int32,1000,,0.001664,0.000977,available,,not_measured,managed,0.000977,1.703173,negligible
"np.bitwise_or(a, b) (int32)",Bitwise,int32,100000,,0.048229,0.028741,available,,not_measured,managed,0.028741,1.678056,faster
"np.bitwise_or(a, b) (int32)",Bitwise,int32,10000000,,15.6703,7.4478,available,,not_measured,managed,7.4478,2.104017,faster
"np.bitwise_or(a, b) (int64)",Bitwise,int64,1000,,0.001722,0.001301,available,,not_measured,managed,0.001301,1.323597,faster
"np.bitwise_or(a, b) (int64)",Bitwise,int64,100000,,0.057089,0.035884,available,,not_measured,managed,0.035884,1.590932,faster
"np.bitwise_or(a, b) (int64)",Bitwise,int64,10000000,,27.5969,13.8036,available,,not_measured,managed,13.8036,1.999254,faster
"np.bitwise_or(a, b) (int8)",Bitwise,int8,1000,,0.001413,0.000414,available,,not_measured,managed,0.000414,3.413043,negligible
"np.bitwise_or(a, b) (int8)",Bitwise,int8,100000,,0.049267,0.004288,available,,not_measured,managed,0.004288,11.489506,faster
"np.bitwise_or(a, b) (int8)",Bitwise,int8,10000000,,5.8801,1.905617,available,,not_measured,managed,1.905617,3.085667,faster
"np.bitwise_or(a, b) (uint16)",Bitwise,uint16,1000,,0.001613,0.000849,available,,not_measured,managed,0.000849,1.899882,negligible
"np.bitwise_or(a, b) (uint16)",Bitwise,uint16,100000,,0.048157,0.012065,available,,not_measured,managed,0.012065,3.991463,faster
"np.bitwise_or(a, b) (uint16)",Bitwise,uint16,10000000,,8.3126,5.851,available,,not_measured,managed,5.851,1.420714,faster
"np.bitwise_or(a, b) (uint32)",Bitwise,uint32,1000,,0.001651,0.00099,available,,not_measured,managed,0.00099,1.667677,negligible
"np.bitwise_or(a, b) (uint32)",Bitwise,uint32,100000,,0.048125,0.019234,available,,not_measured,managed,0.019234,2.50208,faster
"np.bitwise_or(a, b) (uint32)",Bitwise,uint32,10000000,,15.4852,3.9058,available,,not_measured,managed,3.9058,3.964668,faster
"np.bitwise_or(a, b) (uint64)",Bitwise,uint64,1000,,0.001726,0.001277,available,,not_measured,managed,0.001277,1.351605,faster
"np.bitwise_or(a, b) (uint64)",Bitwise,uint64,100000,,0.0571,0.033556,available,,not_measured,managed,0.033556,1.701633,faster
"np.bitwise_or(a, b) (uint64)",Bitwise,uint64,10000000,,20.8174,22.9391,available,,not_measured,managed,22.9391,0.907507,close
"np.bitwise_or(a, b) (uint8)",Bitwise,uint8,1000,,0.00138,0.000627,available,,not_measured,managed,0.000627,2.200957,negligible
"np.bitwise_or(a, b) (uint8)",Bitwise,uint8,100000,,0.049271,0.004236,available,,not_measured,managed,0.004236,11.631492,faster
"np.bitwise_or(a, b) (uint8)",Bitwise,uint8,10000000,,5.9408,0.968978,available,,not_measured,managed,0.968978,6.130996,faster
"np.bitwise_xor(a, b) (bool)",Bitwise,bool,1000,,0.00035,0.000605,available,,not_measured,managed,0.000605,0.578512,negligible
"np.bitwise_xor(a, b) (bool)",Bitwise,bool,100000,,0.005326,0.003949,available,,not_measured,managed,0.003949,1.348696,faster
"np.bitwise_xor(a, b) (bool)",Bitwise,bool,10000000,,2.437,1.959808,available,,not_measured,managed,1.959808,1.243489,faster
"np.bitwise_xor(a, b) (int16)",Bitwise,int16,1000,,0.001651,0.000837,available,,not_measured,managed,0.000837,1.972521,negligible
"np.bitwise_xor(a, b) (int16)",Bitwise,int16,100000,,0.05045,0.012656,available,,not_measured,managed,0.012656,3.986252,faster
"np.bitwise_xor(a, b) (int16)",Bitwise,int16,10000000,,8.3015,2.9465,available,,not_measured,managed,2.9465,2.81741,faster
"np.bitwise_xor(a, b) (int32)",Bitwise,int32,1000,,0.001666,0.000995,available,,not_measured,managed,0.000995,1.674372,negligible
"np.bitwise_xor(a, b) (int32)",Bitwise,int32,100000,,0.028479,0.021893,available,,not_measured,managed,0.021893,1.300827,faster
"np.bitwise_xor(a, b) (int32)",Bitwise,int32,10000000,,15.6396,10.744,available,,not_measured,managed,10.744,1.455659,faster
"np.bitwise_xor(a, b) (int64)",Bitwise,int64,1000,,0.001719,0.001304,available,,not_measured,managed,0.001304,1.318252,faster
"np.bitwise_xor(a, b) (int64)",Bitwise,int64,100000,,0.057067,0.036611,available,,not_measured,managed,0.036611,1.558739,faster
"np.bitwise_xor(a, b) (int64)",Bitwise,int64,10000000,,30.5581,24.9531,available,,not_measured,managed,24.9531,1.224621,faster
"np.bitwise_xor(a, b) (int8)",Bitwise,int8,1000,,0.001393,0.000421,available,,not_measured,managed,0.000421,3.308789,negligible
"np.bitwise_xor(a, b) (int8)",Bitwise,int8,100000,,0.049237,0.006982,available,,not_measured,managed,0.006982,7.051991,faster
"np.bitwise_xor(a, b) (int8)",Bitwise,int8,10000000,,5.8775,1.858042,available,,not_measured,managed,1.858042,3.163276,faster
"np.bitwise_xor(a, b) (uint16)",Bitwise,uint16,1000,,0.001635,0.000854,available,,not_measured,managed,0.000854,1.91452,negligible
"np.bitwise_xor(a, b) (uint16)",Bitwise,uint16,100000,,0.05034,0.014615,available,,not_measured,managed,0.014615,3.444406,faster
"np.bitwise_xor(a, b) (uint16)",Bitwise,uint16,10000000,,7.7488,5.801375,available,,not_measured,managed,5.801375,1.335683,faster
"np.bitwise_xor(a, b) (uint32)",Bitwise,uint32,1000,,0.001656,0.000963,available,,not_measured,managed,0.000963,1.719626,negligible
"np.bitwise_xor(a, b) (uint32)",Bitwise,uint32,100000,,0.052511,0.022309,available,,not_measured,managed,0.022309,2.353803,faster
"np.bitwise_xor(a, b) (uint32)",Bitwise,uint32,10000000,,15.9454,3.78955,available,,not_measured,managed,3.78955,4.207729,faster
"np.bitwise_xor(a, b) (uint64)",Bitwise,uint64,1000,,0.001711,0.001306,available,,not_measured,managed,0.001306,1.310107,faster
"np.bitwise_xor(a, b) (uint64)",Bitwise,uint64,100000,,0.057067,0.034803,available,,not_measured,managed,0.034803,1.639715,faster
"np.bitwise_xor(a, b) (uint64)",Bitwise,uint64,10000000,,29.153,14.047,available,,not_measured,managed,14.047,2.07539,faster
"np.bitwise_xor(a, b) (uint8)",Bitwise,uint8,1000,,0.001384,0.000626,available,,not_measured,managed,0.000626,2.210863,negligible
"np.bitwise_xor(a, b) (uint8)",Bitwise,uint8,100000,,0.049262,0.00738,available,,not_measured,managed,0.00738,6.675068,faster
"np.bitwise_xor(a, b) (uint8)",Bitwise,uint8,10000000,,5.932,1.9117,available,,not_measured,managed,1.9117,3.102997,faster
np.invert(a) (bool),Bitwise,bool,1000,,0.000327,0.000454,available,,not_measured,managed,0.000454,0.720264,negligible
np.invert(a) (bool),Bitwise,bool,100000,,0.004651,0.00382,available,,not_measured,managed,0.00382,1.217539,faster
np.invert(a) (bool),Bitwise,bool,10000000,,2.0913,1.338094,available,,not_measured,managed,1.338094,1.562895,faster
np.invert(a) (int16),Bitwise,int16,1000,,0.001463,0.000699,available,,not_measured,managed,0.000699,2.09299,negligible
np.invert(a) (int16),Bitwise,int16,100000,,0.042258,0.011114,available,,not_measured,managed,0.011114,3.802231,faster
np.invert(a) (int16),Bitwise,int16,10000000,,4.4739,2.56255,available,,not_measured,managed,2.56255,1.745878,faster
np.invert(a) (int32),Bitwise,int32,1000,,0.001572,0.000951,available,,not_measured,managed,0.000951,1.652997,negligible
np.invert(a) (int32),Bitwise,int32,100000,,0.05104,0.020486,available,,not_measured,managed,0.020486,2.491458,faster
np.invert(a) (int32),Bitwise,int32,10000000,,12.2996,5.2777,available,,not_measured,managed,5.2777,2.330485,faster
np.invert(a) (int64),Bitwise,int64,1000,,0.001499,0.000718,available,,not_measured,managed,0.000718,2.087744,negligible
np.invert(a) (int64),Bitwise,int64,100000,,0.042337,0.025513,available,,not_measured,managed,0.025513,1.659429,faster
np.invert(a) (int64),Bitwise,int64,10000000,,23.5923,18.8412,available,,not_measured,managed,18.8412,1.252165,faster
np.invert(a) (int8),Bitwise,int8,1000,,0.001254,0.000631,available,,not_measured,managed,0.000631,1.987322,negligible
np.invert(a) (int8),Bitwise,int8,100000,,0.042242,0.005997,available,,not_measured,managed,0.005997,7.043855,faster
np.invert(a) (int8),Bitwise,int8,10000000,,5.0181,1.33294,available,,not_measured,managed,1.33294,3.764686,faster
np.invert(a) (uint16),Bitwise,uint16,1000,,0.001463,0.000792,available,,not_measured,managed,0.000792,1.847222,negligible
np.invert(a) (uint16),Bitwise,uint16,100000,,0.042213,0.006792,available,,not_measured,managed,0.006792,6.215106,faster
np.invert(a) (uint16),Bitwise,uint16,10000000,,6.2396,4.0295,available,,not_measured,managed,4.0295,1.54848,faster
np.invert(a) (uint32),Bitwise,uint32,1000,,0.001573,0.000627,available,,not_measured,managed,0.000627,2.508772,negligible
np.invert(a) (uint32),Bitwise,uint32,100000,,0.05098,0.021037,available,,not_measured,managed,0.021037,2.423349,faster
np.invert(a) (uint32),Bitwise,uint32,10000000,,12.221,7.61015,available,,not_measured,managed,7.61015,1.605882,faster
np.invert(a) (uint64),Bitwise,uint64,1000,,0.001485,0.0008,available,,not_measured,managed,0.0008,1.85625,negligible
np.invert(a) (uint64),Bitwise,uint64,100000,,0.042305,0.039732,available,,not_measured,managed,0.039732,1.064759,faster
np.invert(a) (uint64),Bitwise,uint64,10000000,,22.8437,18.9245,available,,not_measured,managed,18.9245,1.207097,faster
np.invert(a) (uint8),Bitwise,uint8,1000,,0.000583,0.000625,available,,not_measured,managed,0.000625,0.9328,negligible
np.invert(a) (uint8),Bitwise,uint8,100000,,0.042279,0.005841,available,,not_measured,managed,0.005841,7.238315,faster
np.invert(a) (uint8),Bitwise,uint8,10000000,,5.0202,1.300347,available,,not_measured,managed,1.300347,3.860662,faster
"np.left_shift(a, 2) (bool)",Bitwise,bool,1000,,0.001261,0.003272,available,,not_measured,managed,0.003272,0.385391,slower
"np.left_shift(a, 2) (bool)",Bitwise,bool,100000,,0.088517,0.04022,available,,not_measured,managed,0.04022,2.20082,faster
"np.left_shift(a, 2) (bool)",Bitwise,bool,10000000,,21.721,15.704,available,,not_measured,managed,15.704,1.383151,faster
"np.left_shift(a, 2) (int16)",Bitwise,int16,1000,,0.002223,0.000896,available,,not_measured,managed,0.000896,2.481027,negligible
"np.left_shift(a, 2) (int16)",Bitwise,int16,100000,,0.043723,0.012737,available,,not_measured,managed,0.012737,3.432755,faster
"np.left_shift(a, 2) (int16)",Bitwise,int16,10000000,,6.3733,2.619783,available,,not_measured,managed,2.619783,2.432759,faster
"np.left_shift(a, 2) (int32)",Bitwise,int32,1000,,0.002366,0.001562,available,,not_measured,managed,0.001562,1.514725,faster
"np.left_shift(a, 2) (int32)",Bitwise,int32,100000,,0.051935,0.013909,available,,not_measured,managed,0.013909,3.733913,faster
"np.left_shift(a, 2) (int32)",Bitwise,int32,10000000,,11.5833,8.5126,available,,not_measured,managed,8.5126,1.360724,faster
"np.left_shift(a, 2) (int64)",Bitwise,int64,1000,,0.000783,0.001374,available,,not_measured,managed,0.001374,0.569869,negligible
"np.left_shift(a, 2) (int64)",Bitwise,int64,100000,,0.037178,0.050052,available,,not_measured,managed,0.050052,0.742788,slower
"np.left_shift(a, 2) (int64)",Bitwise,int64,10000000,,21.427,18.9785,available,,not_measured,managed,18.9785,1.129014,faster
"np.left_shift(a, 2) (int8)",Bitwise,int8,1000,,0.002082,0.001165,available,,not_measured,managed,0.001165,1.787124,faster
"np.left_shift(a, 2) (int8)",Bitwise,int8,100000,,0.043665,0.004403,available,,not_measured,managed,0.004403,9.917102,faster
"np.left_shift(a, 2) (int8)",Bitwise,int8,10000000,,5.352,1.30804,available,,not_measured,managed,1.30804,4.091618,faster
"np.left_shift(a, 2) (uint16)",Bitwise,uint16,1000,,0.002279,0.000886,available,,not_measured,managed,0.000886,2.572235,negligible
"np.left_shift(a, 2) (uint16)",Bitwise,uint16,100000,,0.028125,0.013262,available,,not_measured,managed,0.013262,2.120721,faster
"np.left_shift(a, 2) (uint16)",Bitwise,uint16,10000000,,7.0486,2.927725,available,,not_measured,managed,2.927725,2.407535,faster
"np.left_shift(a, 2) (uint32)",Bitwise,uint32,1000,,0.002363,0.00171,available,,not_measured,managed,0.00171,1.381871,faster
"np.left_shift(a, 2) (uint32)",Bitwise,uint32,100000,,0.0519,0.020343,available,,not_measured,managed,0.020343,2.551246,faster
"np.left_shift(a, 2) (uint32)",Bitwise,uint32,10000000,,8.474,4.8205,available,,not_measured,managed,4.8205,1.757909,faster
"np.left_shift(a, 2) (uint64)",Bitwise,uint64,1000,,0.002189,0.002015,available,,not_measured,managed,0.002015,1.086352,faster
"np.left_shift(a, 2) (uint64)",Bitwise,uint64,100000,,0.03733,0.027533,available,,not_measured,managed,0.027533,1.355828,faster
"np.left_shift(a, 2) (uint64)",Bitwise,uint64,10000000,,23.4974,18.484,available,,not_measured,managed,18.484,1.271229,faster
"np.left_shift(a, 2) (uint8)",Bitwise,uint8,1000,,0.000866,0.000769,available,,not_measured,managed,0.000769,1.126138,negligible
"np.left_shift(a, 2) (uint8)",Bitwise,uint8,100000,,0.043739,0.007661,available,,not_measured,managed,0.007661,5.709307,faster
"np.left_shift(a, 2) (uint8)",Bitwise,uint8,10000000,,5.4017,0.889,available,,not_measured,managed,0.889,6.076153,faster
"np.right_shift(a, 2) (bool)",Bitwise,bool,1000,,0.001364,0.001612,available,,not_measured,managed,0.001612,0.846154,close
"np.right_shift(a, 2) (bool)",Bitwise,bool,100000,,0.111678,0.001645,available,,not_measured,managed,0.001645,67.889362,negligible
"np.right_shift(a, 2) (bool)",Bitwise,bool,10000000,,21.0415,,not_measured,,not_measured,,,,no_data
"np.right_shift(a, 2) (int16)",Bitwise,int16,1000,,0.002464,0.001354,available,,not_measured,managed,0.001354,1.819793,faster
"np.right_shift(a, 2) (int16)",Bitwise,int16,100000,,0.066375,0.008053,available,,not_measured,managed,0.008053,8.24227,faster
"np.right_shift(a, 2) (int16)",Bitwise,int16,10000000,,8.3257,4.132283,available,,not_measured,managed,4.132283,2.014794,faster
"np.right_shift(a, 2) (int32)",Bitwise,int32,1000,,0.002456,0.001641,available,,not_measured,managed,0.001641,1.496648,faster
"np.right_shift(a, 2) (int32)",Bitwise,int32,100000,,0.060675,0.021256,available,,not_measured,managed,0.021256,2.854488,faster
"np.right_shift(a, 2) (int32)",Bitwise,int32,10000000,,12.5845,8.5065,available,,not_measured,managed,8.5065,1.479398,faster
"np.right_shift(a, 2) (int64)",Bitwise,int64,1000,,0.00219,0.001394,available,,not_measured,managed,0.001394,1.571019,faster
"np.right_shift(a, 2) (int64)",Bitwise,int64,100000,,0.060425,0.049939,available,,not_measured,managed,0.049939,1.209976,faster
"np.right_shift(a, 2) (int64)",Bitwise,int64,10000000,,23.1125,18.9699,available,,not_measured,managed,18.9699,1.218378,faster
"np.right_shift(a, 2) (int8)",Bitwise,int8,1000,,0.000972,0.001043,available,,not_measured,managed,0.001043,0.931927,negligible
"np.right_shift(a, 2) (int8)",Bitwise,int8,100000,,0.072967,0.004469,available,,not_measured,managed,0.004469,16.327366,faster
"np.right_shift(a, 2) (int8)",Bitwise,int8,10000000,,8.244,1.146031,available,,not_measured,managed,1.146031,7.193523,faster
"np.right_shift(a, 2) (uint16)",Bitwise,uint16,1000,,0.002296,0.001356,available,,not_measured,managed,0.001356,1.693215,faster
"np.right_shift(a, 2) (uint16)",Bitwise,uint16,100000,,0.04892,0.007273,available,,not_measured,managed,0.007273,6.726248,faster
"np.right_shift(a, 2) (uint16)",Bitwise,uint16,10000000,,6.6968,2.486075,available,,not_measured,managed,2.486075,2.693724,faster
"np.right_shift(a, 2) (uint32)",Bitwise,uint32,1000,,0.002226,0.001404,available,,not_measured,managed,0.001404,1.58547,faster
"np.right_shift(a, 2) (uint32)",Bitwise,uint32,100000,,0.03744,0.021717,available,,not_measured,managed,0.021717,1.723995,faster
"np.right_shift(a, 2) (uint32)",Bitwise,uint32,10000000,,11.9684,8.493575,available,,not_measured,managed,8.493575,1.409112,faster
"np.right_shift(a, 2) (uint64)",Bitwise,uint64,1000,,0.002299,0.002085,available,,not_measured,managed,0.002085,1.102638,faster
"np.right_shift(a, 2) (uint64)",Bitwise,uint64,100000,,0.019079,0.043046,available,,not_measured,managed,0.043046,0.443224,slower
"np.right_shift(a, 2) (uint64)",Bitwise,uint64,10000000,,22.1592,18.9321,available,,not_measured,managed,18.9321,1.170457,faster
"np.right_shift(a, 2) (uint8)",Bitwise,uint8,1000,,0.002087,0.001006,available,,not_measured,managed,0.001006,2.074553,faster
"np.right_shift(a, 2) (uint8)",Bitwise,uint8,100000,,0.04891,0.004375,available,,not_measured,managed,0.004375,11.179429,faster
"np.right_shift(a, 2) (uint8)",Bitwise,uint8,10000000,,5.6674,1.277324,available,,not_measured,managed,1.277324,4.436932,faster
matrix * 2.0,Broadcasting,float64,1000,,0.000604,0.001751,available,,not_measured,managed,0.001751,0.344946,negligible
matrix * 2.0,Broadcasting,float64,100000,,0.01257,0.038799,available,,not_measured,managed,0.038799,0.323977,much_slower
matrix * 2.0,Broadcasting,float64,10000000,,22.5081,12.9252,available,,not_measured,managed,12.9252,1.741412,faster
"matrix * col_vector (N,M)*(N,1)",Broadcasting,float64,1000,,0.001049,0.000906,available,,not_measured,managed,0.000906,1.157837,negligible
"matrix * col_vector (N,M)*(N,1)",Broadcasting,float64,100000,,0.028082,0.04787,available,,not_measured,managed,0.04787,0.58663,slower
"matrix * col_vector (N,M)*(N,1)",Broadcasting,float64,10000000,,24.6903,18.7964,available,,not_measured,managed,18.7964,1.313565,faster
"matrix * row_vector (N,M)*(M,)",Broadcasting,float64,1000,,0.00097,0.001632,available,,not_measured,managed,0.001632,0.594363,negligible
"matrix * row_vector (N,M)*(M,)",Broadcasting,float64,100000,,0.026492,0.046191,available,,not_measured,managed,0.046191,0.573532,slower
"matrix * row_vector (N,M)*(M,)",Broadcasting,float64,10000000,,24.8316,19.5444,available,,not_measured,managed,19.5444,1.270523,faster
"matrix + col_vector (N,M)+(N,1)",Broadcasting,float64,1000,,0.001019,0.001561,available,,not_measured,managed,0.001561,0.652787,slower
"matrix + col_vector (N,M)+(N,1)",Broadcasting,float64,100000,,0.028103,0.038234,available,,not_measured,managed,0.038234,0.735026,slower
"matrix + col_vector (N,M)+(N,1)",Broadcasting,float64,10000000,,15.7039,19.3167,available,,not_measured,managed,19.3167,0.81297,close
"matrix + row_vector (N,M)+(M,)",Broadcasting,float64,1000,,0.000973,0.001475,available,,not_measured,managed,0.001475,0.659661,negligible
"matrix + row_vector (N,M)+(M,)",Broadcasting,float64,100000,,0.026481,0.029307,available,,not_measured,managed,0.029307,0.903573,close
"matrix + row_vector (N,M)+(M,)",Broadcasting,float64,10000000,,22.9057,12.6137,available,,not_measured,managed,12.6137,1.815938,faster
matrix + scalar,Broadcasting,float64,1000,,0.00046,0.001166,available,,not_measured,managed,0.001166,0.394511,negligible
matrix + scalar,Broadcasting,float64,100000,,0.012349,0.039968,available,,not_measured,managed,0.039968,0.308972,much_slower
matrix + scalar,Broadcasting,float64,10000000,,15.1356,18.9265,available,,not_measured,managed,18.9265,0.799704,slower
"np.broadcast_to(col, (N,M))",Broadcasting,float64,1000,,0.001746,0.000315,available,,not_measured,managed,0.000315,5.542857,negligible
"np.broadcast_to(col, (N,M))",Broadcasting,float64,100000,,0.004224,0.000561,available,,not_measured,managed,0.000561,7.529412,negligible
"np.broadcast_to(col, (N,M))",Broadcasting,float64,10000000,,0.004204,0.000358,available,,not_measured,managed,0.000358,11.743017,negligible
"np.broadcast_to(row, (N,M))",Broadcasting,float64,1000,,0.001727,0.000225,available,,not_measured,managed,0.000225,7.675556,negligible
"np.broadcast_to(row, (N,M))",Broadcasting,float64,100000,,0.004215,0.000533,available,,not_measured,managed,0.000533,7.908068,negligible
"np.broadcast_to(row, (N,M))",Broadcasting,float64,10000000,,0.004203,0.000539,available,,not_measured,managed,0.000539,7.797774,negligible
"tensor3D + matrix2D (D,D,D)+(D,D)",Broadcasting,float64,1000,,0.000865,0.000949,available,,not_measured,managed,0.000949,0.911486,negligible
"tensor3D + matrix2D (D,D,D)+(D,D)",Broadcasting,float64,100000,,0.025824,0.056867,available,,not_measured,managed,0.056867,0.454112,slower
"tensor3D + matrix2D (D,D,D)+(D,D)",Broadcasting,float64,10000000,,22.8205,20.3377,available,,not_measured,managed,20.3377,1.122079,faster
a != b (float32),Comparison,float32,1000,,0.000916,0.000522,available,,not_measured,managed,0.000522,1.754789,negligible
a != b (float32),Comparison,float32,100000,,0.004382,0.011232,available,,not_measured,managed,0.011232,0.390135,slower
a != b (float32),Comparison,float32,10000000,,8.7686,8.4489,available,,not_measured,managed,8.4489,1.037839,close
a != b (float64),Comparison,float64,1000,,0.000398,0.000473,available,,not_measured,managed,0.000473,0.841438,negligible
a != b (float64),Comparison,float64,100000,,0.021352,0.020075,available,,not_measured,managed,0.020075,1.063611,faster
a != b (float64),Comparison,float64,10000000,,6.3795,16.21605,available,,not_measured,managed,16.21605,0.393407,slower
a != b (int32),Comparison,int32,1000,,0.000392,0.000675,available,,not_measured,managed,0.000675,0.580741,negligible
a != b (int32),Comparison,int32,100000,,0.010952,0.00705,available,,not_measured,managed,0.00705,1.553475,faster
a != b (int32),Comparison,int32,10000000,,9.8058,2.8502,available,,not_measured,managed,2.8502,3.44039,faster
a != b (int64),Comparison,int64,1000,,0.000427,0.000418,available,,not_measured,managed,0.000418,1.021531,negligible
a != b (int64),Comparison,int64,100000,,0.019259,0.018764,available,,not_measured,managed,0.018764,1.02638,close
a != b (int64),Comparison,int64,10000000,,17.2346,5.2865,available,,not_measured,managed,5.2865,3.260115,faster
a < b (float32),Comparison,float32,1000,,0.000871,0.000645,available,,not_measured,managed,0.000645,1.350388,negligible
a < b (float32),Comparison,float32,100000,,0.013127,0.011927,available,,not_measured,managed,0.011927,1.100612,faster
a < b (float32),Comparison,float32,10000000,,9.4554,8.4235,available,,not_measured,managed,8.4235,1.122503,faster
a < b (float64),Comparison,float64,1000,,0.000995,0.000689,available,,not_measured,managed,0.000689,1.444122,negligible
a < b (float64),Comparison,float64,100000,,0.021676,0.020657,available,,not_measured,managed,0.020657,1.04933,close
a < b (float64),Comparison,float64,10000000,,18.0057,5.2302,available,,not_measured,managed,5.2302,3.442641,faster
a < b (int32),Comparison,int32,1000,,0.000379,0.000636,available,,not_measured,managed,0.000636,0.595912,negligible
a < b (int32),Comparison,int32,100000,,0.00692,0.012197,available,,not_measured,managed,0.012197,0.567353,slower
a < b (int32),Comparison,int32,10000000,,9.7095,8.433625,available,,not_measured,managed,8.433625,1.151284,faster
a < b (int64),Comparison,int64,1000,,0.000486,0.000438,available,,not_measured,managed,0.000438,1.109589,negligible
a < b (int64),Comparison,int64,100000,,0.017571,0.010513,available,,not_measured,managed,0.010513,1.671359,faster
a < b (int64),Comparison,int64,10000000,,14.831,5.1222,available,,not_measured,managed,5.1222,2.895436,faster
a <= b (float32),Comparison,float32,1000,,0.000857,0.000626,available,,not_measured,managed,0.000626,1.36901,negligible
a <= b (float32),Comparison,float32,100000,,0.012046,0.011779,available,,not_measured,managed,0.011779,1.022667,close
a <= b (float32),Comparison,float32,10000000,,9.2891,7.482175,available,,not_measured,managed,7.482175,1.241497,faster
a <= b (float64),Comparison,float64,1000,,0.000993,0.000549,available,,not_measured,managed,0.000549,1.808743,negligible
a <= b (float64),Comparison,float64,100000,,0.022434,0.018048,available,,not_measured,managed,0.018048,1.243019,faster
a <= b (float64),Comparison,float64,10000000,,6.4554,16.1714,available,,not_measured,managed,16.1714,0.399186,slower
a <= b (int32),Comparison,int32,1000,,0.000384,0.000725,available,,not_measured,managed,0.000725,0.529655,negligible
a <= b (int32),Comparison,int32,100000,,0.011953,0.012161,available,,not_measured,managed,0.012161,0.982896,close
a <= b (int32),Comparison,int32,10000000,,9.7757,6.05325,available,,not_measured,managed,6.05325,1.614951,faster
a <= b (int64),Comparison,int64,1000,,0.001062,0.000784,available,,not_measured,managed,0.000784,1.354592,negligible
a <= b (int64),Comparison,int64,100000,,0.020714,0.023919,available,,not_measured,managed,0.023919,0.866006,close
a <= b (int64),Comparison,int64,10000000,,17.5073,15.7667,available,,not_measured,managed,15.7667,1.110397,faster
a == b (float32),Comparison,float32,1000,,0.000895,0.000419,available,,not_measured,managed,0.000419,2.136038,negligible
a == b (float32),Comparison,float32,100000,,0.012562,0.011745,available,,not_measured,managed,0.011745,1.069562,faster
a == b (float32),Comparison,float32,10000000,,9.3251,8.203725,available,,not_measured,managed,8.203725,1.136691,faster
a == b (float64),Comparison,float64,1000,,0.000392,0.000695,available,,not_measured,managed,0.000695,0.564029,negligible
a == b (float64),Comparison,float64,100000,,0.009699,0.014591,available,,not_measured,managed,0.014591,0.664725,slower
a == b (float64),Comparison,float64,10000000,,12.1879,16.1012,available,,not_measured,managed,16.1012,0.756956,slower
a == b (int32),Comparison,int32,1000,,0.000374,0.000412,available,,not_measured,managed,0.000412,0.907767,negligible
a == b (int32),Comparison,int32,100000,,0.010529,0.011358,available,,not_measured,managed,0.011358,0.927012,close
a == b (int32),Comparison,int32,10000000,,9.6497,2.595375,available,,not_measured,managed,2.595375,3.718037,faster
a == b (int64),Comparison,int64,1000,,0.000407,0.000713,available,,not_measured,managed,0.000713,0.570827,negligible
a == b (int64),Comparison,int64,100000,,0.017767,0.019184,available,,not_measured,managed,0.019184,0.926136,close
a == b (int64),Comparison,int64,10000000,,16.6315,15.60215,available,,not_measured,managed,15.60215,1.065975,faster
a > b (float32),Comparison,float32,1000,,0.000881,0.000662,available,,not_measured,managed,0.000662,1.330816,negligible
a > b (float32),Comparison,float32,100000,,0.012511,0.011795,available,,not_measured,managed,0.011795,1.060704,faster
a > b (float32),Comparison,float32,10000000,,8.8682,3.014675,available,,not_measured,managed,3.014675,2.941677,faster
a > b (float64),Comparison,float64,1000,,0.000995,0.000439,available,,not_measured,managed,0.000439,2.266515,negligible
a > b (float64),Comparison,float64,100000,,0.021832,0.014185,available,,not_measured,managed,0.014185,1.539091,faster
a > b (float64),Comparison,float64,10000000,,16.8335,5.1564,available,,not_measured,managed,5.1564,3.264584,faster
a > b (int32),Comparison,int32,1000,,0.00038,0.000487,available,,not_measured,managed,0.000487,0.780287,negligible
a > b (int32),Comparison,int32,100000,,0.011975,0.011199,available,,not_measured,managed,0.011199,1.069292,faster
a > b (int32),Comparison,int32,10000000,,9.7053,8.335525,available,,not_measured,managed,8.335525,1.16433,faster
a > b (int64),Comparison,int64,1000,,0.000998,0.000545,available,,not_measured,managed,0.000545,1.831193,negligible
a > b (int64),Comparison,int64,100000,,0.017823,0.019592,available,,not_measured,managed,0.019592,0.909708,close
a > b (int64),Comparison,int64,10000000,,16.292,15.981,available,,not_measured,managed,15.981,1.019461,close
a >= b (float32),Comparison,float32,1000,,0.000888,0.000612,available,,not_measured,managed,0.000612,1.45098,negligible
a >= b (float32),Comparison,float32,100000,,0.012298,0.012006,available,,not_measured,managed,0.012006,1.024321,close
a >= b (float32),Comparison,float32,10000000,,9.368,8.436475,available,,not_measured,managed,8.436475,1.110416,faster
a >= b (float64),Comparison,float64,1000,,0.000964,0.00041,available,,not_measured,managed,0.00041,2.35122,negligible
a >= b (float64),Comparison,float64,100000,,0.021707,0.012272,available,,not_measured,managed,0.012272,1.768823,faster
a >= b (float64),Comparison,float64,10000000,,17.2001,16.1283,available,,not_measured,managed,16.1283,1.066455,faster
a >= b (int32),Comparison,int32,1000,,0.000384,0.000633,available,,not_measured,managed,0.000633,0.606635,negligible
a >= b (int32),Comparison,int32,100000,,0.006749,0.008403,available,,not_measured,managed,0.008403,0.803166,close
a >= b (int32),Comparison,int32,10000000,,9.7402,8.5959,available,,not_measured,managed,8.5959,1.133122,faster
a >= b (int64),Comparison,int64,1000,,0.001069,0.000441,available,,not_measured,managed,0.000441,2.424036,negligible
a >= b (int64),Comparison,int64,100000,,0.020732,0.012734,available,,not_measured,managed,0.012734,1.628082,faster
a >= b (int64),Comparison,int64,10000000,,17.5355,5.3828,available,,not_measured,managed,5.3828,3.257691,faster
"np.equal(a, b) (float32)",Comparison,float32,1000,,0.000391,0.000463,available,,not_measured,managed,0.000463,0.844492,negligible
"np.equal(a, b) (float32)",Comparison,float32,100000,,0.004471,0.011295,available,,not_measured,managed,0.011295,0.395839,slower
"np.equal(a, b) (float32)",Comparison,float32,10000000,,9.3374,8.075175,available,,not_measured,managed,8.075175,1.156309,faster
"np.equal(a, b) (float64)",Comparison,float64,1000,,0.001152,0.00042,available,,not_measured,managed,0.00042,2.742857,negligible
"np.equal(a, b) (float64)",Comparison,float64,100000,,0.021673,0.020393,available,,not_measured,managed,0.020393,1.062767,faster
"np.equal(a, b) (float64)",Comparison,float64,10000000,,6.8359,5.2503,available,,not_measured,managed,5.2503,1.302002,faster
"np.equal(a, b) (int32)",Comparison,int32,1000,,0.000389,0.000661,available,,not_measured,managed,0.000661,0.588502,negligible
"np.equal(a, b) (int32)",Comparison,int32,100000,,0.010695,0.011301,available,,not_measured,managed,0.011301,0.946376,close
"np.equal(a, b) (int32)",Comparison,int32,10000000,,8.5783,8.11375,available,,not_measured,managed,8.11375,1.057255,faster
"np.equal(a, b) (int64)",Comparison,int64,1000,,0.001153,0.000682,available,,not_measured,managed,0.000682,1.690616,negligible
"np.equal(a, b) (int64)",Comparison,int64,100000,,0.017952,0.010657,available,,not_measured,managed,0.010657,1.684527,faster
"np.equal(a, b) (int64)",Comparison,int64,10000000,,17.5558,14.7915,available,,not_measured,managed,14.7915,1.186884,faster
"np.greater(a, b) (float32)",Comparison,float32,1000,,0.000396,0.000422,available,,not_measured,managed,0.000422,0.938389,negligible
"np.greater(a, b) (float32)",Comparison,float32,100000,,0.012669,0.011783,available,,not_measured,managed,0.011783,1.075193,faster
"np.greater(a, b) (float32)",Comparison,float32,10000000,,4.0905,2.583475,available,,not_measured,managed,2.583475,1.583333,faster
"np.greater(a, b) (float64)",Comparison,float64,1000,,0.001142,0.000695,available,,not_measured,managed,0.000695,1.643165,negligible
"np.greater(a, b) (float64)",Comparison,float64,100000,,0.022058,0.020612,available,,not_measured,managed,0.020612,1.070153,faster
"np.greater(a, b) (float64)",Comparison,float64,10000000,,16.941,15.961,available,,not_measured,managed,15.961,1.0614,faster
"np.greater(a, b) (int32)",Comparison,int32,1000,,0.000388,0.000448,available,,not_measured,managed,0.000448,0.866071,negligible
"np.greater(a, b) (int32)",Comparison,int32,100000,,0.006842,0.006499,available,,not_measured,managed,0.006499,1.052777,faster
"np.greater(a, b) (int32)",Comparison,int32,10000000,,9.0271,8.5534,available,,not_measured,managed,8.5534,1.055381,faster
"np.greater(a, b) (int64)",Comparison,int64,1000,,0.001147,0.000732,available,,not_measured,managed,0.000732,1.56694,negligible
"np.greater(a, b) (int64)",Comparison,int64,100000,,0.017978,0.019853,available,,not_measured,managed,0.019853,0.905556,close
"np.greater(a, b) (int64)",Comparison,int64,10000000,,17.3551,13.56365,available,,not_measured,managed,13.56365,1.27953,faster
"np.greater_equal(a, b) (float32)",Comparison,float32,1000,,0.001041,0.000593,available,,not_measured,managed,0.000593,1.755481,negligible
"np.greater_equal(a, b) (float32)",Comparison,float32,100000,,0.004395,0.011475,available,,not_measured,managed,0.011475,0.383007,slower
"np.greater_equal(a, b) (float32)",Comparison,float32,10000000,,8.7973,2.838275,available,,not_measured,managed,2.838275,3.099523,faster
"np.greater_equal(a, b) (float64)",Comparison,float64,1000,,0.000405,0.000668,available,,not_measured,managed,0.000668,0.606287,negligible
"np.greater_equal(a, b) (float64)",Comparison,float64,100000,,0.021753,0.020214,available,,not_measured,managed,0.020214,1.076135,faster
"np.greater_equal(a, b) (float64)",Comparison,float64,10000000,,17.3431,15.8188,available,,not_measured,managed,15.8188,1.09636,faster
"np.greater_equal(a, b) (int32)",Comparison,int32,1000,,0.000404,0.000601,available,,not_measured,managed,0.000601,0.672213,negligible
"np.greater_equal(a, b) (int32)",Comparison,int32,100000,,0.012092,0.012089,available,,not_measured,managed,0.012089,1.000248,close
"np.greater_equal(a, b) (int32)",Comparison,int32,10000000,,9.931,8.768267,available,,not_measured,managed,8.768267,1.132607,faster
"np.greater_equal(a, b) (int64)",Comparison,int64,1000,,0.001191,0.000763,available,,not_measured,managed,0.000763,1.560944,negligible
"np.greater_equal(a, b) (int64)",Comparison,int64,100000,,0.020874,0.023852,available,,not_measured,managed,0.023852,0.875147,close
"np.greater_equal(a, b) (int64)",Comparison,int64,10000000,,17.3259,15.94185,available,,not_measured,managed,15.94185,1.086819,faster
"np.less(a, b) (float32)",Comparison,float32,1000,,0.001041,0.000425,available,,not_measured,managed,0.000425,2.449412,negligible
"np.less(a, b) (float32)",Comparison,float32,100000,,0.013148,0.011729,available,,not_measured,managed,0.011729,1.120982,faster
"np.less(a, b) (float32)",Comparison,float32,10000000,,9.329,8.4709,available,,not_measured,managed,8.4709,1.1013,faster
"np.less(a, b) (float64)",Comparison,float64,1000,,0.001109,0.000452,available,,not_measured,managed,0.000452,2.45354,negligible
"np.less(a, b) (float64)",Comparison,float64,100000,,0.021843,0.012568,available,,not_measured,managed,0.012568,1.737985,faster
"np.less(a, b) (float64)",Comparison,float64,10000000,,18.0362,16.224,available,,not_measured,managed,16.224,1.111699,faster
"np.less(a, b) (int32)",Comparison,int32,1000,,0.000389,0.000647,available,,not_measured,managed,0.000647,0.601236,negligible
"np.less(a, b) (int32)",Comparison,int32,100000,,0.012102,0.005943,available,,not_measured,managed,0.005943,2.036345,faster
"np.less(a, b) (int32)",Comparison,int32,10000000,,9.4675,2.91875,available,,not_measured,managed,2.91875,3.243683,faster
"np.less(a, b) (int64)",Comparison,int64,1000,,0.001133,0.000638,available,,not_measured,managed,0.000638,1.775862,negligible
"np.less(a, b) (int64)",Comparison,int64,100000,,0.017965,0.02009,available,,not_measured,managed,0.02009,0.894226,close
"np.less(a, b) (int64)",Comparison,int64,10000000,,7.0741,5.17,available,,not_measured,managed,5.17,1.368298,faster
"np.less_equal(a, b) (float32)",Comparison,float32,1000,,0.001033,0.00061,available,,not_measured,managed,0.00061,1.693443,negligible
"np.less_equal(a, b) (float32)",Comparison,float32,100000,,0.012393,0.011745,available,,not_measured,managed,0.011745,1.055172,faster
"np.less_equal(a, b) (float32)",Comparison,float32,10000000,,8.6108,8.5259,available,,not_measured,managed,8.5259,1.009958,close
"np.less_equal(a, b) (float64)",Comparison,float64,1000,,0.001134,0.000485,available,,not_measured,managed,0.000485,2.338144,negligible
"np.less_equal(a, b) (float64)",Comparison,float64,100000,,0.022424,0.014893,available,,not_measured,managed,0.014893,1.505674,faster
"np.less_equal(a, b) (float64)",Comparison,float64,10000000,,17.1206,16.2097,available,,not_measured,managed,16.2097,1.056195,faster
"np.less_equal(a, b) (int32)",Comparison,int32,1000,,0.0004,0.000539,available,,not_measured,managed,0.000539,0.742115,negligible
"np.less_equal(a, b) (int32)",Comparison,int32,100000,,0.012134,0.006057,available,,not_measured,managed,0.006057,2.003302,faster
"np.less_equal(a, b) (int32)",Comparison,int32,10000000,,9.6883,8.292025,available,,not_measured,managed,8.292025,1.168388,faster
"np.less_equal(a, b) (int64)",Comparison,int64,1000,,0.001193,0.000768,available,,not_measured,managed,0.000768,1.553385,negligible
"np.less_equal(a, b) (int64)",Comparison,int64,100000,,0.020856,0.023628,available,,not_measured,managed,0.023628,0.882682,close
"np.less_equal(a, b) (int64)",Comparison,int64,10000000,,17.2938,15.53585,available,,not_measured,managed,15.53585,1.113154,faster
"np.not_equal(a, b) (float32)",Comparison,float32,1000,,0.000393,0.000601,available,,not_measured,managed,0.000601,0.65391,negligible
"np.not_equal(a, b) (float32)",Comparison,float32,100000,,0.013672,0.008616,available,,not_measured,managed,0.008616,1.586815,faster
"np.not_equal(a, b) (float32)",Comparison,float32,10000000,,9.3861,7.79405,available,,not_measured,managed,7.79405,1.204265,faster
"np.not_equal(a, b) (float64)",Comparison,float64,1000,,0.001161,0.000739,available,,not_measured,managed,0.000739,1.571042,negligible
"np.not_equal(a, b) (float64)",Comparison,float64,100000,,0.021583,0.020043,available,,not_measured,managed,0.020043,1.076835,faster
"np.not_equal(a, b) (float64)",Comparison,float64,10000000,,6.6558,5.56495,available,,not_measured,managed,5.56495,1.196022,faster
"np.not_equal(a, b) (int32)",Comparison,int32,1000,,0.000408,0.000506,available,,not_measured,managed,0.000506,0.806324,negligible
"np.not_equal(a, b) (int32)",Comparison,int32,100000,,0.011102,0.007221,available,,not_measured,managed,0.007221,1.53746,faster
"np.not_equal(a, b) (int32)",Comparison,int32,10000000,,9.4971,8.397075,available,,not_measured,managed,8.397075,1.131001,faster
"np.not_equal(a, b) (int64)",Comparison,int64,1000,,0.001171,0.00069,available,,not_measured,managed,0.00069,1.697101,negligible
"np.not_equal(a, b) (int64)",Comparison,int64,100000,,0.019448,0.020883,available,,not_measured,managed,0.020883,0.931284,close
"np.not_equal(a, b) (int64)",Comparison,int64,10000000,,17.4428,5.39155,available,,not_measured,managed,5.39155,3.235211,faster
a.copy() (float32),Creation,float32,1000,,0.000553,0.000505,available,,not_measured,managed,0.000505,1.09505,negligible
a.copy() (float32),Creation,float32,100000,,0.010306,0.010101,available,,not_measured,managed,0.010101,1.020295,close
a.copy() (float32),Creation,float32,10000000,,7.6905,1.854517,available,,not_measured,managed,1.854517,4.146902,faster
a.copy() (float64),Creation,float64,1000,,0.000619,0.000518,available,,not_measured,managed,0.000518,1.194981,negligible
a.copy() (float64),Creation,float64,100000,,0.036786,0.019017,available,,not_measured,managed,0.019017,1.934375,faster
a.copy() (float64),Creation,float64,10000000,,15.9474,16.1315,available,,not_measured,managed,16.1315,0.988588,close
a.copy() (int32),Creation,int32,1000,,0.000262,0.000497,available,,not_measured,managed,0.000497,0.527163,negligible
a.copy() (int32),Creation,int32,100000,,0.010282,0.006041,available,,not_measured,managed,0.006041,1.702036,faster
a.copy() (int32),Creation,int32,10000000,,7.7561,4.166,available,,not_measured,managed,4.166,1.861762,faster
a.copy() (int64),Creation,int64,1000,,0.000629,0.000577,available,,not_measured,managed,0.000577,1.090121,negligible
a.copy() (int64),Creation,int64,100000,,0.020257,0.016575,available,,not_measured,managed,0.016575,1.222142,faster
a.copy() (int64),Creation,int64,10000000,,17.5711,12.1888,available,,not_measured,managed,12.1888,1.441578,faster
np.arange(N) (float32),Creation,float32,1000,,0.001558,0.000613,available,,not_measured,managed,0.000613,2.541599,negligible
np.arange(N) (float32),Creation,float32,100000,,0.04969,0.04604,available,,not_measured,managed,0.04604,1.079279,faster
np.arange(N) (float32),Creation,float32,10000000,,9.2423,5.59195,available,,not_measured,managed,5.59195,1.652787,faster
np.arange(N) (float64),Creation,float64,1000,,0.001577,0.000475,available,,not_measured,managed,0.000475,3.32,negligible
np.arange(N) (float64),Creation,float64,100000,,0.051,0.047202,available,,not_measured,managed,0.047202,1.080463,faster
np.arange(N) (float64),Creation,float64,10000000,,15.9786,15.89675,available,,not_measured,managed,15.89675,1.005149,close
np.arange(N) (int32),Creation,int32,1000,,0.000608,0.000532,available,,not_measured,managed,0.000532,1.142857,negligible
np.arange(N) (int32),Creation,int32,100000,,0.043557,0.022129,available,,not_measured,managed,0.022129,1.968322,faster
np.arange(N) (int32),Creation,int32,10000000,,8.7595,5.53005,available,,not_measured,managed,5.53005,1.583982,faster
np.arange(N) (int64),Creation,int64,1000,,0.001425,0.000913,available,,not_measured,managed,0.000913,1.560789,negligible
np.arange(N) (int64),Creation,int64,100000,,0.037111,0.04925,available,,not_measured,managed,0.04925,0.753523,slower
np.arange(N) (int64),Creation,int64,10000000,,17.9486,16.18915,available,,not_measured,managed,16.18915,1.108681,faster
np.array(a) (float64),Creation,float64,1000,,0.000778,0.000692,available,,not_measured,managed,0.000692,1.124277,negligible
np.array(a) (float64),Creation,float64,100000,,0.019768,0.041435,available,,not_measured,managed,0.041435,0.477085,slower
np.array(a) (float64),Creation,float64,10000000,,1.1908,0.429577,available,,not_measured,managed,0.429577,2.772029,faster
np.asanyarray(a) (float64),Creation,float64,1000,,9.3e-05,3e-06,available,,not_measured,managed,3e-06,31.0,negligible
np.asanyarray(a) (float64),Creation,float64,100000,,8.9e-05,5e-06,available,,not_measured,managed,5e-06,17.8,negligible
np.asanyarray(a) (float64),Creation,float64,10000000,,8.8e-05,3e-06,available,,not_measured,managed,3e-06,29.333333,negligible
np.asarray(a) (float64),Creation,float64,1000,,8.9e-05,1e-06,available,,not_measured,managed,1e-06,89.0,negligible
np.asarray(a) (float64),Creation,float64,100000,,8.8e-05,1e-06,available,,not_measured,managed,1e-06,88.0,negligible
np.asarray(a) (float64),Creation,float64,10000000,,8.9e-05,1e-06,available,,not_measured,managed,1e-06,89.0,negligible
np.asarray_chkfinite(a) (float64),Creation,float64,1000,,0.00417,5.2e-05,available,,not_measured,managed,5.2e-05,80.192308,negligible
np.asarray_chkfinite(a) (float64),Creation,float64,100000,,0.021334,0.006525,available,,not_measured,managed,0.006525,3.269579,faster
np.asarray_chkfinite(a) (float64),Creation,float64,10000000,,0.25605,0.167862,available,,not_measured,managed,0.167862,1.52536,faster
np.ascontiguousarray(a) (float64),Creation,float64,1000,,0.000667,0.001306,available,,not_measured,managed,0.001306,0.51072,negligible
np.ascontiguousarray(a) (float64),Creation,float64,100000,,0.028709,0.018797,available,,not_measured,managed,0.018797,1.527318,faster
np.ascontiguousarray(a) (float64),Creation,float64,10000000,,0.8814,0.275039,available,,not_measured,managed,0.275039,3.204636,faster
np.asfortranarray(a) (float64),Creation,float64,1000,,0.001389,0.001823,available,,not_measured,managed,0.001823,0.761931,slower
np.asfortranarray(a) (float64),Creation,float64,100000,,0.05694,0.143668,available,,not_measured,managed,0.143668,0.39633,slower
np.asfortranarray(a) (float64),Creation,float64,10000000,,1.9133,1.289988,available,,not_measured,managed,1.289988,1.483192,faster
np.asmatrix(a) (float64),Creation,float64,1000,,0.001871,0.000239,available,,not_measured,managed,0.000239,7.828452,negligible
np.asmatrix(a) (float64),Creation,float64,100000,,0.00426,0.000244,available,,not_measured,managed,0.000244,17.459016,negligible
np.asmatrix(a) (float64),Creation,float64,10000000,,0.004252,0.000335,available,,not_measured,managed,0.000335,12.692537,negligible
np.copy (float32),Creation,float32,1000,,0.001224,0.00053,available,,not_measured,managed,0.00053,2.309434,negligible
np.copy (float32),Creation,float32,100000,,0.011118,0.010158,available,,not_measured,managed,0.010158,1.094507,faster
np.copy (float32),Creation,float32,10000000,,8.0401,2.381375,available,,not_measured,managed,2.381375,3.376243,faster
np.copy (float64),Creation,float64,1000,,0.001404,0.000552,available,,not_measured,managed,0.000552,2.543478,negligible
np.copy (float64),Creation,float64,100000,,0.037842,0.021323,available,,not_measured,managed,0.021323,1.774703,faster
np.copy (float64),Creation,float64,10000000,,17.2955,15.95025,available,,not_measured,managed,15.95025,1.08434,faster
np.copy (int32),Creation,int32,1000,,0.000463,0.000525,available,,not_measured,managed,0.000525,0.881905,negligible
np.copy (int32),Creation,int32,100000,,0.011123,0.009023,available,,not_measured,managed,0.009023,1.232739,faster
np.copy (int32),Creation,int32,10000000,,8.1424,4.18615,available,,not_measured,managed,4.18615,1.945081,faster
np.copy (int64),Creation,int64,1000,,0.001396,0.000594,available,,not_measured,managed,0.000594,2.350168,negligible
np.copy (int64),Creation,int64,100000,,0.02117,0.021399,available,,not_measured,managed,0.021399,0.989299,close
np.copy (int64),Creation,int64,10000000,,17.4749,12.449,available,,not_measured,managed,12.449,1.403719,faster
np.empty (float32),Creation,float32,1000,,0.000416,0.000372,available,,not_measured,managed,0.000372,1.11828,negligible
np.empty (float32),Creation,float32,100000,,0.000757,0.00024,available,,not_measured,managed,0.00024,3.154167,negligible
np.empty (float32),Creation,float32,10000000,,0.019359,0.031693,available,,not_measured,managed,0.031693,0.610829,slower
np.empty (float64),Creation,float64,1000,,0.000415,0.00034,available,,not_measured,managed,0.00034,1.220588,negligible
np.empty (float64),Creation,float64,100000,,0.000758,0.000343,available,,not_measured,managed,0.000343,2.209913,negligible
np.empty (float64),Creation,float64,10000000,,0.01483,0.069479,available,,not_measured,managed,0.069479,0.213446,much_slower
np.empty (int32),Creation,int32,1000,,0.000206,0.000225,available,,not_measured,managed,0.000225,0.915556,negligible
np.empty (int32),Creation,int32,100000,,0.000724,0.000311,available,,not_measured,managed,0.000311,2.327974,negligible
np.empty (int32),Creation,int32,10000000,,0.019561,0.035781,available,,not_measured,managed,0.035781,0.546687,slower
np.empty (int64),Creation,int64,1000,,0.000411,0.000228,available,,not_measured,managed,0.000228,1.802632,negligible
np.empty (int64),Creation,int64,100000,,0.000693,0.000366,available,,not_measured,managed,0.000366,1.893443,negligible
np.empty (int64),Creation,int64,10000000,,0.020106,0.07305,available,,not_measured,managed,0.07305,0.275236,much_slower
np.empty_like(a) (float32),Creation,float32,1000,,0.000508,0.000422,available,,not_measured,managed,0.000422,1.203791,negligible
np.empty_like(a) (float32),Creation,float32,100000,,0.000848,0.000446,available,,not_measured,managed,0.000446,1.901345,negligible
np.empty_like(a) (float32),Creation,float32,10000000,,0.019498,0.054112,available,,not_measured,managed,0.054112,0.360327,slower
np.empty_like(a) (float64),Creation,float64,1000,,0.000518,0.000252,available,,not_measured,managed,0.000252,2.055556,negligible
np.empty_like(a) (float64),Creation,float64,100000,,0.000838,0.000397,available,,not_measured,managed,0.000397,2.110831,negligible
np.empty_like(a) (float64),Creation,float64,10000000,,0.015208,0.067655,available,,not_measured,managed,0.067655,0.224788,much_slower
np.empty_like(a) (int32),Creation,int32,1000,,0.000248,0.000435,available,,not_measured,managed,0.000435,0.570115,negligible
np.empty_like(a) (int32),Creation,int32,100000,,0.000851,0.000333,available,,not_measured,managed,0.000333,2.555556,negligible
np.empty_like(a) (int32),Creation,int32,10000000,,0.0197,0.036384,available,,not_measured,managed,0.036384,0.541447,slower
np.empty_like(a) (int64),Creation,int64,1000,,0.000498,0.000452,available,,not_measured,managed,0.000452,1.10177,negligible
np.empty_like(a) (int64),Creation,int64,100000,,0.000852,0.000266,available,,not_measured,managed,0.000266,3.203008,negligible
np.empty_like(a) (int64),Creation,int64,10000000,,0.020173,0.03932,available,,not_measured,managed,0.03932,0.513047,slower
np.eye(n) (float64),Creation,float64,1000,,0.003078,0.001038,available,,not_measured,managed,0.001038,2.965318,faster
np.eye(n) (float64),Creation,float64,100000,,0.026661,0.07446,available,,not_measured,managed,0.07446,0.358058,slower
np.eye(n) (float64),Creation,float64,10000000,,1.0799,1.239488,available,,not_measured,managed,1.239488,0.871247,close
np.frombuffer(buffer) (float64),Creation,float64,1000,,0.000711,0.000399,available,,not_measured,managed,0.000399,1.781955,negligible
np.frombuffer(buffer) (float64),Creation,float64,100000,,0.000709,0.000466,available,,not_measured,managed,0.000466,1.521459,negligible
np.frombuffer(buffer) (float64),Creation,float64,10000000,,0.000706,0.000804,available,,not_measured,managed,0.000804,0.878109,negligible
np.fromstring(text) (float64),Creation,float64,1000,,0.16842,0.032418,available,,not_measured,managed,0.032418,5.195262,faster
np.fromstring(text) (float64),Creation,float64,100000,,18.2843,5.840375,available,,not_measured,managed,5.840375,3.130672,faster
np.fromstring(text) (float64),Creation,float64,10000000,,402.0147,55.9657,available,,not_measured,managed,55.9657,7.183234,faster
np.full (float32),Creation,float32,1000,,0.002435,0.000429,available,,not_measured,managed,0.000429,5.675991,negligible
np.full (float32),Creation,float32,100000,,0.013019,0.015966,available,,not_measured,managed,0.015966,0.81542,close
np.full (float32),Creation,float32,10000000,,7.6474,3.529321,available,,not_measured,managed,3.529321,2.166819,faster
np.full (float64),Creation,float64,1000,,0.002534,0.000477,available,,not_measured,managed,0.000477,5.312369,negligible
np.full (float64),Creation,float64,100000,,0.02357,0.019877,available,,not_measured,managed,0.019877,1.185793,faster
np.full (float64),Creation,float64,10000000,,15.8947,16.13955,available,,not_measured,managed,16.13955,0.984829,close
np.full (int32),Creation,int32,1000,,0.000755,0.00051,available,,not_measured,managed,0.00051,1.480392,negligible
np.full (int32),Creation,int32,100000,,0.012809,0.010664,available,,not_measured,managed,0.010664,1.201144,faster
np.full (int32),Creation,int32,10000000,,8.4267,3.513667,available,,not_measured,managed,3.513667,2.398264,faster
np.full (int64),Creation,int64,1000,,0.000735,0.000539,available,,not_measured,managed,0.000539,1.363636,negligible
np.full (int64),Creation,int64,100000,,0.023352,0.019926,available,,not_measured,managed,0.019926,1.171936,faster
np.full (int64),Creation,int64,10000000,,15.8076,11.921,available,,not_measured,managed,11.921,1.32603,faster
"np.full_like(a, 42) (float32)",Creation,float32,1000,,0.002721,0.000397,available,,not_measured,managed,0.000397,6.853904,negligible
"np.full_like(a, 42) (float32)",Creation,float32,100000,,0.013364,0.017976,available,,not_measured,managed,0.017976,0.743436,slower
"np.full_like(a, 42) (float32)",Creation,float32,10000000,,8.1417,4.07525,available,,not_measured,managed,4.07525,1.997841,faster
"np.full_like(a, 42) (float64)",Creation,float64,1000,,0.00274,0.000386,available,,not_measured,managed,0.000386,7.098446,negligible
"np.full_like(a, 42) (float64)",Creation,float64,100000,,0.023852,0.019863,available,,not_measured,managed,0.019863,1.200826,faster
"np.full_like(a, 42) (float64)",Creation,float64,10000000,,16.061,13.4129,available,,not_measured,managed,13.4129,1.197429,faster
"np.full_like(a, 42) (int32)",Creation,int32,1000,,0.000934,0.000389,available,,not_measured,managed,0.000389,2.401028,negligible
"np.full_like(a, 42) (int32)",Creation,int32,100000,,0.013099,0.013486,available,,not_measured,managed,0.013486,0.971304,close
"np.full_like(a, 42) (int32)",Creation,int32,10000000,,8.385,3.30975,available,,not_measured,managed,3.30975,2.533424,faster
"np.full_like(a, 42) (int64)",Creation,int64,1000,,0.002475,0.000511,available,,not_measured,managed,0.000511,4.843444,negligible
"np.full_like(a, 42) (int64)",Creation,int64,100000,,0.02347,0.011836,available,,not_measured,managed,0.011836,1.982933,faster
"np.full_like(a, 42) (int64)",Creation,int64,10000000,,15.1936,13.48485,available,,not_measured,managed,13.48485,1.126716,faster
np.identity(n) (float64),Creation,float64,1000,,0.003941,0.001602,available,,not_measured,managed,0.001602,2.46005,faster
np.identity(n) (float64),Creation,float64,100000,,0.027768,0.073794,available,,not_measured,managed,0.073794,0.376291,slower
np.identity(n) (float64),Creation,float64,10000000,,1.1414,0.961688,available,,not_measured,managed,0.961688,1.186871,faster
"np.linspace(0, N, N) (float32)",Creation,float32,1000,,0.013969,0.001622,available,,not_measured,managed,0.001622,8.612207,faster
"np.linspace(0, N, N) (float32)",Creation,float32,100000,,0.237733,0.175918,available,,not_measured,managed,0.175918,1.351385,faster
"np.linspace(0, N, N) (float32)",Creation,float32,10000000,,50.2582,17.7189,available,,not_measured,managed,17.7189,2.836418,faster
"np.linspace(0, N, N) (float64)",Creation,float64,1000,,0.012374,0.002136,available,,not_measured,managed,0.002136,5.793071,faster
"np.linspace(0, N, N) (float64)",Creation,float64,100000,,0.10329,0.121401,available,,not_measured,managed,0.121401,0.850817,close
"np.linspace(0, N, N) (float64)",Creation,float64,10000000,,33.8032,24.2478,available,,not_measured,managed,24.2478,1.394073,faster
"np.linspace(0, N, N) (int32)",Creation,int32,1000,,0.004869,0.003354,available,,not_measured,managed,0.003354,1.451699,faster
"np.linspace(0, N, N) (int32)",Creation,int32,100000,,0.254333,0.174105,available,,not_measured,managed,0.174105,1.460802,faster
"np.linspace(0, N, N) (int32)",Creation,int32,10000000,,33.34,30.3487,available,,not_measured,managed,30.3487,1.098564,faster
"np.linspace(0, N, N) (int64)",Creation,int64,1000,,0.01494,0.001862,available,,not_measured,managed,0.001862,8.023631,faster
"np.linspace(0, N, N) (int64)",Creation,int64,100000,,0.263575,0.163559,available,,not_measured,managed,0.163559,1.611498,faster
"np.linspace(0, N, N) (int64)",Creation,int64,10000000,,66.6786,37.3758,available,,not_measured,managed,37.3758,1.784005,faster
"np.meshgrid(x, y) (float64)",Creation,float64,1000,,0.022089,0.005201,available,,not_measured,managed,0.005201,4.247068,faster
"np.meshgrid(x, y) (float64)",Creation,float64,100000,,0.429933,0.112094,available,,not_measured,managed,0.112094,3.835468,faster
"np.meshgrid(x, y) (float64)",Creation,float64,10000000,,3.0946,1.80102,available,,not_measured,managed,1.80102,1.718249,faster
np.ones (float32),Creation,float32,1000,,0.002411,0.000508,available,,not_measured,managed,0.000508,4.746063,negligible
np.ones (float32),Creation,float32,100000,,0.012991,0.017894,available,,not_measured,managed,0.017894,0.725998,slower
np.ones (float32),Creation,float32,10000000,,8.3614,3.6022,available,,not_measured,managed,3.6022,2.321193,faster
np.ones (float64),Creation,float64,1000,,0.002539,0.000473,available,,not_measured,managed,0.000473,5.367865,negligible
np.ones (float64),Creation,float64,100000,,0.023552,0.019813,available,,not_measured,managed,0.019813,1.188714,faster
np.ones (float64),Creation,float64,10000000,,16.9466,15.8904,available,,not_measured,managed,15.8904,1.066468,faster
np.ones (int32),Creation,int32,1000,,0.000753,0.000345,available,,not_measured,managed,0.000345,2.182609,negligible
np.ones (int32),Creation,int32,100000,,0.01283,0.017897,available,,not_measured,managed,0.017897,0.71688,slower
np.ones (int32),Creation,int32,10000000,,8.2107,3.461629,available,,not_measured,managed,3.461629,2.371918,faster
np.ones (int64),Creation,int64,1000,,0.000731,0.000538,available,,not_measured,managed,0.000538,1.358736,negligible
np.ones (int64),Creation,int64,100000,,0.023314,0.01971,available,,not_measured,managed,0.01971,1.182851,faster
np.ones (int64),Creation,int64,10000000,,17.0817,14.6201,available,,not_measured,managed,14.6201,1.168371,faster
np.ones_like(a) (float32),Creation,float32,1000,,0.002689,0.000497,available,,not_measured,managed,0.000497,5.410463,negligible
np.ones_like(a) (float32),Creation,float32,100000,,0.013325,0.016929,available,,not_measured,managed,0.016929,0.787111,slower
np.ones_like(a) (float32),Creation,float32,10000000,,7.6601,1.84515,available,,not_measured,managed,1.84515,4.151478,faster
np.ones_like(a) (float64),Creation,float64,1000,,0.002778,0.000339,available,,not_measured,managed,0.000339,8.19469,negligible
np.ones_like(a) (float64),Creation,float64,100000,,0.023929,0.011916,available,,not_measured,managed,0.011916,2.00814,faster
np.ones_like(a) (float64),Creation,float64,10000000,,15.9679,16.0328,available,,not_measured,managed,16.0328,0.995952,close
np.ones_like(a) (int32),Creation,int32,1000,,0.0009,0.000564,available,,not_measured,managed,0.000564,1.595745,negligible
np.ones_like(a) (int32),Creation,int32,100000,,0.013107,0.010875,available,,not_measured,managed,0.010875,1.205241,faster
np.ones_like(a) (int32),Creation,int32,10000000,,8.3457,4.105717,available,,not_measured,managed,4.105717,2.032702,faster
np.ones_like(a) (int64),Creation,int64,1000,,0.002453,0.000585,available,,not_measured,managed,0.000585,4.193162,negligible
np.ones_like(a) (int64),Creation,int64,100000,,0.023505,0.011947,available,,not_measured,managed,0.011947,1.96744,faster
np.ones_like(a) (int64),Creation,int64,10000000,,15.3967,16.266,available,,not_measured,managed,16.266,0.946557,close
"np.require(a, requirements=C) (float64)",Creation,float64,1000,,0.001883,0.001441,available,,not_measured,managed,0.001441,1.306731,faster
"np.require(a, requirements=C) (float64)",Creation,float64,100000,,0.030064,0.033696,available,,not_measured,managed,0.033696,0.892213,close
"np.require(a, requirements=C) (float64)",Creation,float64,10000000,,0.8912,0.319581,available,,not_measured,managed,0.319581,2.788651,faster
np.vander(x) (float64),Creation,float64,1000,,0.009332,0.006029,available,,not_measured,managed,0.006029,1.547852,faster
np.vander(x) (float64),Creation,float64,100000,,0.16104,0.127941,available,,not_measured,managed,0.127941,1.258705,faster
np.vander(x) (float64),Creation,float64,10000000,,6.1951,2.6654,available,,not_measured,managed,2.6654,2.324267,faster
np.zeros (float32),Creation,float32,1000,,0.000273,0.000468,available,,not_measured,managed,0.000468,0.583333,negligible
np.zeros (float32),Creation,float32,100000,,0.011231,0.003353,available,,not_measured,managed,0.003353,3.349538,faster
np.zeros (float32),Creation,float32,10000000,,0.019649,0.006446,available,,not_measured,managed,0.006446,3.048247,faster
np.zeros (float64),Creation,float64,1000,,0.000904,0.000532,available,,not_measured,managed,0.000532,1.699248,negligible
np.zeros (float64),Creation,float64,100000,,0.021641,0.00535,available,,not_measured,managed,0.00535,4.045047,faster
np.zeros (float64),Creation,float64,10000000,,0.015036,0.005789,available,,not_measured,managed,0.005789,2.59734,faster
np.zeros (int32),Creation,int32,1000,,0.000274,0.000249,available,,not_measured,managed,0.000249,1.100402,negligible
np.zeros (int32),Creation,int32,100000,,0.011185,0.001551,available,,not_measured,managed,0.001551,7.211476,faster
np.zeros (int32),Creation,int32,10000000,,0.019744,0.007302,available,,not_measured,managed,0.007302,2.703917,faster
np.zeros (int64),Creation,int64,1000,,0.000284,0.000565,available,,not_measured,managed,0.000565,0.502655,negligible
np.zeros (int64),Creation,int64,100000,,0.02177,0.003041,available,,not_measured,managed,0.003041,7.158829,faster
np.zeros (int64),Creation,int64,10000000,,0.020123,0.006221,available,,not_measured,managed,0.006221,3.234689,faster
np.zeros_like (float32),Creation,float32,1000,,0.002355,0.000282,available,,not_measured,managed,0.000282,8.351064,negligible
np.zeros_like (float32),Creation,float32,100000,,0.012983,0.001809,available,,not_measured,managed,0.001809,7.176893,faster
np.zeros_like (float32),Creation,float32,10000000,,7.9742,0.010966,available,,not_measured,managed,0.010966,727.174904,negligible
np.zeros_like (float64),Creation,float64,1000,,0.002511,0.000425,available,,not_measured,managed,0.000425,5.908235,negligible
np.zeros_like (float64),Creation,float64,100000,,0.023533,0.003826,available,,not_measured,managed,0.003826,6.15081,faster
np.zeros_like (float64),Creation,float64,10000000,,17.1833,0.011362,available,,not_measured,managed,0.011362,1512.348178,negligible
np.zeros_like (int32),Creation,int32,1000,,0.000861,0.000509,available,,not_measured,managed,0.000509,1.691552,negligible
np.zeros_like (int32),Creation,int32,100000,,0.012883,0.002553,available,,not_measured,managed,0.002553,5.04622,faster
np.zeros_like (int32),Creation,int32,10000000,,8.592,0.010024,available,,not_measured,managed,0.010024,857.142857,negligible
np.zeros_like (int64),Creation,int64,1000,,0.00244,0.000306,available,,not_measured,managed,0.000306,7.973856,negligible
np.zeros_like (int64),Creation,int64,100000,,0.023428,0.003893,available,,not_measured,managed,0.003893,6.017981,faster
np.zeros_like (int64),Creation,int64,10000000,,15.9339,0.008357,available,,not_measured,managed,0.008357,1906.653105,negligible
np.fft.fft(a) (complex128),Fourier,complex128,1000,,0.007926,0.008326,available,,not_measured,managed,0.008326,0.951958,close
np.fft.fft(a) (complex128),Fourier,complex128,100000,,2.3717,1.253227,available,,not_measured,managed,1.253227,1.892474,faster
np.fft.fft(a) (complex128),Fourier,complex128,10000000,,22.1222,23.3213,available,,not_measured,managed,23.3213,0.948583,close
np.fft.fft2(a) (complex128),Fourier,complex128,1000,,0.037185,0.066293,available,,not_measured,managed,0.066293,0.560919,slower
np.fft.fft2(a) (complex128),Fourier,complex128,100000,,7.8625,10.48935,available,,not_measured,managed,10.48935,0.74957,slower
np.fft.fft2(a) (complex128),Fourier,complex128,10000000,,31.5331,39.0573,available,,not_measured,managed,39.0573,0.807355,close
np.fft.fftfreq(n) (float64),Fourier,float64,1000,,0.007915,0.004146,available,,not_measured,managed,0.004146,1.909069,faster
np.fft.fftfreq(n) (float64),Fourier,float64,100000,,0.484467,0.173201,available,,not_measured,managed,0.173201,2.797137,faster
np.fft.fftfreq(n) (float64),Fourier,float64,10000000,,5.4209,1.694707,available,,not_measured,managed,1.694707,3.198724,faster
np.fft.fftn(a) (complex128),Fourier,complex128,1000,,0.034918,0.032785,available,,not_measured,managed,0.032785,1.06506,faster
np.fft.fftn(a) (complex128),Fourier,complex128,100000,,7.8323,10.0989,available,,not_measured,managed,10.0989,0.77556,slower
np.fft.fftn(a) (complex128),Fourier,complex128,10000000,,28.7988,36.5321,available,,not_measured,managed,36.5321,0.788315,slower
np.fft.fftshift(a) (complex128),Fourier,complex128,1000,,0.004133,0.002759,available,,not_measured,managed,0.002759,1.498007,faster
np.fft.fftshift(a) (complex128),Fourier,complex128,100000,,0.392133,0.10112,available,,not_measured,managed,0.10112,3.877898,faster
np.fft.fftshift(a) (complex128),Fourier,complex128,10000000,,2.4643,1.314344,available,,not_measured,managed,1.314344,1.874928,faster
np.fft.hfft(a) (float64),Fourier,float64,1000,,0.006386,0.005554,available,,not_measured,managed,0.005554,1.149802,faster
np.fft.hfft(a) (float64),Fourier,float64,100000,,1.4667,1.02115,available,,not_measured,managed,1.02115,1.436322,faster
np.fft.hfft(a) (float64),Fourier,float64,10000000,,16.5588,14.30105,available,,not_measured,managed,14.30105,1.157873,faster
np.fft.ifft(a) (complex128),Fourier,complex128,1000,,0.008679,0.008636,available,,not_measured,managed,0.008636,1.004979,close
np.fft.ifft(a) (complex128),Fourier,complex128,100000,,2.3093,1.254,available,,not_measured,managed,1.254,1.841547,faster
np.fft.ifft(a) (complex128),Fourier,complex128,10000000,,30.0881,30.3592,available,,not_measured,managed,30.3592,0.99107,close
np.fft.ifft2(a) (complex128),Fourier,complex128,1000,,0.0387,0.060341,available,,not_measured,managed,0.060341,0.641355,slower
np.fft.ifft2(a) (complex128),Fourier,complex128,100000,,7.9246,10.4815,available,,not_measured,managed,10.4815,0.756056,slower
np.fft.ifft2(a) (complex128),Fourier,complex128,10000000,,22.6869,20.3703,available,,not_measured,managed,20.3703,1.113724,faster
np.fft.ifftn(a) (complex128),Fourier,complex128,1000,,0.036346,0.060666,available,,not_measured,managed,0.060666,0.599116,slower
np.fft.ifftn(a) (complex128),Fourier,complex128,100000,,7.9039,9.970125,available,,not_measured,managed,9.970125,0.792758,slower
np.fft.ifftn(a) (complex128),Fourier,complex128,10000000,,32.516,29.9061,available,,not_measured,managed,29.9061,1.08727,faster
np.fft.ifftshift(a) (complex128),Fourier,complex128,1000,,0.004101,0.00363,available,,not_measured,managed,0.00363,1.129752,faster
np.fft.ifftshift(a) (complex128),Fourier,complex128,100000,,0.3954,0.071925,available,,not_measured,managed,0.071925,5.497393,faster
np.fft.ifftshift(a) (complex128),Fourier,complex128,10000000,,2.5045,1.196258,available,,not_measured,managed,1.196258,2.093612,faster
np.fft.ihfft(a) (float64),Fourier,float64,1000,,0.007326,0.005444,available,,not_measured,managed,0.005444,1.345702,faster
np.fft.ihfft(a) (float64),Fourier,float64,100000,,1.1062,0.972578,available,,not_measured,managed,0.972578,1.137389,faster
np.fft.ihfft(a) (float64),Fourier,float64,10000000,,14.7906,8.32535,available,,not_measured,managed,8.32535,1.776574,faster
np.fft.irfft(a) (float64),Fourier,float64,1000,,0.006357,0.005009,available,,not_measured,managed,0.005009,1.269116,faster
np.fft.irfft(a) (float64),Fourier,float64,100000,,1.1277,1.043905,available,,not_measured,managed,1.043905,1.080271,faster
np.fft.irfft(a) (float64),Fourier,float64,10000000,,8.8524,13.15415,available,,not_measured,managed,13.15415,0.672974,slower
np.fft.irfft2(a) (float64),Fourier,float64,1000,,0.024965,0.032937,available,,not_measured,managed,0.032937,0.757962,slower
np.fft.irfft2(a) (float64),Fourier,float64,100000,,4.1245,2.879987,available,,not_measured,managed,2.879987,1.432125,faster
np.fft.irfft2(a) (float64),Fourier,float64,10000000,,17.2098,16.9274,available,,not_measured,managed,16.9274,1.016683,close
np.fft.irfftn(a) (float64),Fourier,float64,1000,,0.058542,0.019203,available,,not_measured,managed,0.019203,3.048586,faster
np.fft.irfftn(a) (float64),Fourier,float64,100000,,3.9087,5.004725,available,,not_measured,managed,5.004725,0.781002,slower
np.fft.irfftn(a) (float64),Fourier,float64,10000000,,14.9828,16.4659,available,,not_measured,managed,16.4659,0.909929,close
np.fft.rfft(a) (float64),Fourier,float64,1000,,0.005988,0.006687,available,,not_measured,managed,0.006687,0.895469,close
np.fft.rfft(a) (float64),Fourier,float64,100000,,1.0358,0.907541,available,,not_measured,managed,0.907541,1.141326,faster
np.fft.rfft(a) (float64),Fourier,float64,10000000,,14.467,10.88715,available,,not_measured,managed,10.88715,1.328814,faster
np.fft.rfft2(a) (float64),Fourier,float64,1000,,0.026245,0.031885,available,,not_measured,managed,0.031885,0.823114,close
np.fft.rfft2(a) (float64),Fourier,float64,100000,,4.0303,4.939975,available,,not_measured,managed,4.939975,0.815854,close
np.fft.rfft2(a) (float64),Fourier,float64,10000000,,16.217,14.9178,available,,not_measured,managed,14.9178,1.087091,faster
np.fft.rfftfreq(n) (float64),Fourier,float64,1000,,0.004256,0.002247,available,,not_measured,managed,0.002247,1.894081,faster
np.fft.rfftfreq(n) (float64),Fourier,float64,100000,,0.059788,0.073632,available,,not_measured,managed,0.073632,0.811984,close
np.fft.rfftfreq(n) (float64),Fourier,float64,10000000,,1.8869,0.459753,available,,not_measured,managed,0.459753,4.10416,faster
np.fft.rfftn(a) (float64),Fourier,float64,1000,,0.023605,0.032168,available,,not_measured,managed,0.032168,0.733804,slower
np.fft.rfftn(a) (float64),Fourier,float64,100000,,3.8114,4.9466,available,,not_measured,managed,4.9466,0.770509,slower
np.fft.rfftn(a) (float64),Fourier,float64,10000000,,15.7092,14.3878,available,,not_measured,managed,14.3878,1.091842,faster
np.diagonal(a) (float64),LinearAlgebra,float64,1000,,0.000492,0.000201,available,0.000157,available,managed,0.000157,3.133758,negligible
np.diagonal(a) (float64),LinearAlgebra,float64,100000,,0.001022,0.000156,available,0.000198,available,managed,0.000156,6.551282,negligible
np.diagonal(a) (float64),LinearAlgebra,float64,10000000,,0.000981,0.00016,available,0.000137,available,managed,0.000137,7.160584,negligible
"np.dot(a, b) (float64)",LinearAlgebra,float64,1000,,0.000515,0.000759,available,0.000636,available,openblas,0.000636,0.809748,negligible
"np.dot(a, b) (float64)",LinearAlgebra,float64,100000,,0.0135,0.022055,available,0.006825,available,openblas,0.006825,1.978022,faster
"np.dot(a, b) (float64)",LinearAlgebra,float64,10000000,,8.4643,7.602575,available,7.658225,available,managed,7.602575,1.113346,faster
"np.einsum('ij,jk->ik', a, b)",LinearAlgebra,float64,1000,"ij,jk->ik",0.0062,0.0041,available,0.0028,available,openblas,0.0028,2.214286,faster
"np.einsum('ij,jk->ik', a, b)",LinearAlgebra,float64,100000,"ij,jk->ik",3.5304,1.4043,available,0.7998,available,openblas,0.7998,4.414104,faster
"np.einsum('ij,jk->ik', a, b)",LinearAlgebra,float64,10000000,"ij,jk->ik",6.5147,3.135,available,1.412,available,openblas,1.412,4.61381,faster
"np.einsum(subscripts, operands) (float64)",LinearAlgebra,float64,1000,,0.001362,0.002742,available,0.001818,available,openblas,0.001818,0.749175,slower
"np.einsum(subscripts, operands) (float64)",LinearAlgebra,float64,100000,,0.039238,0.011957,available,0.014941,available,managed,0.011957,3.281592,faster
"np.einsum(subscripts, operands) (float64)",LinearAlgebra,float64,10000000,,9.0596,6.611225,available,8.05825,available,managed,6.611225,1.370336,faster
"np.einsum_path(subscripts, operands) (float64)",LinearAlgebra,float64,1000,,0.008738,0.002871,available,0.002727,available,managed,0.002727,3.204254,faster
"np.einsum_path(subscripts, operands) (float64)",LinearAlgebra,float64,100000,,0.021702,0.002588,available,0.002567,available,managed,0.002567,8.454227,faster
"np.einsum_path(subscripts, operands) (float64)",LinearAlgebra,float64,10000000,,0.02152,0.002623,available,0.001845,available,managed,0.001845,11.663957,faster
np.linalg.cholesky(a),LinearAlgebra,float64,1000,,0.0044,,missing_backend,0.0017,available,openblas,0.0017,2.588235,faster
np.linalg.cholesky(a),LinearAlgebra,float64,100000,,0.0183,,missing_backend,0.0147,available,openblas,0.0147,1.244898,faster
np.linalg.cholesky(a),LinearAlgebra,float64,10000000,,0.0568,,missing_backend,0.031,available,openblas,0.031,1.832258,faster
np.linalg.cond(a),LinearAlgebra,float64,1000,,0.0351,,missing_backend,0.0317,available,openblas,0.0317,1.107256,faster
np.linalg.cond(a),LinearAlgebra,float64,100000,,0.2613,,missing_backend,0.2608,available,openblas,0.2608,1.001917,close
np.linalg.cond(a),LinearAlgebra,float64,10000000,,0.5569,,missing_backend,0.5533,available,openblas,0.5533,1.006506,close
"np.linalg.cross(a, b) (float64)",LinearAlgebra,float64,1000,,0.012804,0.011578,available,0.01148,available,managed,0.01148,1.115331,faster
"np.linalg.cross(a, b) (float64)",LinearAlgebra,float64,100000,,0.71365,0.848296,available,0.856113,available,managed,0.848296,0.841275,close
"np.linalg.cross(a, b) (float64)",LinearAlgebra,float64,10000000,,189.6469,146.6854,available,155.855,available,managed,146.6854,1.292882,faster
np.linalg.det(a),LinearAlgebra,float64,1000,,0.0058,0.002,available,0.0045,available,managed,0.002,2.9,faster
np.linalg.det(a),LinearAlgebra,float64,100000,,0.0269,0.0301,available,0.0257,available,openblas,0.0257,1.046693,close
np.linalg.det(a),LinearAlgebra,float64,10000000,,0.0544,0.086,available,0.0534,available,openblas,0.0534,1.018727,close
np.linalg.diagonal(a) (float64),LinearAlgebra,float64,1000,,0.000611,0.000175,available,0.000232,available,managed,0.000175,3.491429,negligible
np.linalg.diagonal(a) (float64),LinearAlgebra,float64,100000,,0.001218,0.0002,available,0.000148,available,managed,0.000148,8.22973,negligible
np.linalg.diagonal(a) (float64),LinearAlgebra,float64,10000000,,0.001221,0.000169,available,0.000202,available,managed,0.000169,7.224852,negligible
np.linalg.eig(a),LinearAlgebra,float64,1000,,0.1007,,missing_backend,0.1017,available,openblas,0.1017,0.990167,close
np.linalg.eig(a),LinearAlgebra,float64,100000,,1.3923,,missing_backend,1.3708,available,openblas,1.3708,1.015684,close
np.linalg.eig(a),LinearAlgebra,float64,10000000,,2.9327,,missing_backend,2.8319,available,openblas,2.8319,1.035594,close
np.linalg.eigh(a),LinearAlgebra,float64,1000,,0.0479,,missing_backend,0.0449,available,openblas,0.0449,1.066815,faster
np.linalg.eigh(a),LinearAlgebra,float64,100000,,0.3943,,missing_backend,0.3893,available,openblas,0.3893,1.012844,close
np.linalg.eigh(a),LinearAlgebra,float64,10000000,,0.7346,,missing_backend,0.7102,available,openblas,0.7102,1.034357,close
np.linalg.eigvals(a),LinearAlgebra,float64,1000,,0.064,,missing_backend,0.0598,available,openblas,0.0598,1.070234,faster
np.linalg.eigvals(a),LinearAlgebra,float64,100000,,0.8132,,missing_backend,0.7965,available,openblas,0.7965,1.020967,close
np.linalg.eigvals(a),LinearAlgebra,float64,10000000,,1.5368,,missing_backend,1.552,available,openblas,1.552,0.990206,close
np.linalg.eigvalsh(a),LinearAlgebra,float64,1000,,0.0213,,missing_backend,0.0188,available,openblas,0.0188,1.132979,faster
np.linalg.eigvalsh(a),LinearAlgebra,float64,100000,,0.1598,,missing_backend,0.1593,available,openblas,0.1593,1.003139,close
np.linalg.eigvalsh(a),LinearAlgebra,float64,10000000,,0.2941,,missing_backend,0.2925,available,openblas,0.2925,1.00547,close
np.linalg.inv(a),LinearAlgebra,float64,1000,,0.0108,0.0051,available,0.0082,available,managed,0.0051,2.117647,faster
np.linalg.inv(a),LinearAlgebra,float64,100000,,0.0783,0.0947,available,0.0758,available,openblas,0.0758,1.032982,close
np.linalg.inv(a),LinearAlgebra,float64,10000000,,0.1819,0.2987,available,0.1602,available,openblas,0.1602,1.135456,faster
"np.linalg.lstsq(a, b)",LinearAlgebra,float64,1000,,0.0795,,missing_backend,0.077,available,openblas,0.077,1.032468,close
"np.linalg.lstsq(a, b)",LinearAlgebra,float64,100000,,0.7961,,missing_backend,0.8111,available,openblas,0.8111,0.981507,close
"np.linalg.lstsq(a, b)",LinearAlgebra,float64,10000000,,1.4468,,missing_backend,1.4309,available,openblas,1.4309,1.011112,close
"np.linalg.matmul(a, b) (float64)",LinearAlgebra,float64,1000,,0.00246,0.008618,available,0.003553,available,openblas,0.003553,0.692373,slower
"np.linalg.matmul(a, b) (float64)",LinearAlgebra,float64,100000,,2.2535,3.8018,available,2.28201,available,openblas,2.28201,0.987507,close
"np.linalg.matmul(a, b) (float64)",LinearAlgebra,float64,10000000,,4.2681,6.3805,available,3.236867,available,openblas,3.236867,1.31859,faster
np.linalg.matrix_norm(a) (float64),LinearAlgebra,float64,1000,,0.002297,0.004451,available,0.005593,available,managed,0.004451,0.516064,slower
np.linalg.matrix_norm(a) (float64),LinearAlgebra,float64,100000,,0.013935,0.011663,available,0.010249,available,managed,0.010249,1.359645,faster
np.linalg.matrix_norm(a) (float64),LinearAlgebra,float64,10000000,,0.014106,0.021425,available,0.018441,available,managed,0.018441,0.764926,slower
"np.linalg.matrix_norm(a, ord=2)",LinearAlgebra,float64,1000,ord=2,0.0367,,missing_backend,0.0315,available,openblas,0.0315,1.165079,faster
"np.linalg.matrix_norm(a, ord=2)",LinearAlgebra,float64,100000,ord=2,0.264,,missing_backend,0.2561,available,openblas,0.2561,1.030847,close
"np.linalg.matrix_norm(a, ord=2)",LinearAlgebra,float64,10000000,ord=2,0.5548,,missing_backend,0.5589,available,openblas,0.5589,0.992664,close
"np.linalg.matrix_power(a, -1)",LinearAlgebra,float64,1000,n=-1,0.0114,0.0053,available,0.0086,available,managed,0.0053,2.150943,faster
"np.linalg.matrix_power(a, -1)",LinearAlgebra,float64,100000,n=-1,0.0788,0.1194,available,0.0773,available,openblas,0.0773,1.019405,close
"np.linalg.matrix_power(a, -1)",LinearAlgebra,float64,10000000,n=-1,0.1829,0.2419,available,0.1629,available,openblas,0.1629,1.122775,faster
"np.linalg.matrix_power(a, 3) (float64)",LinearAlgebra,float64,1000,,0.014415,0.017093,available,0.009418,available,openblas,0.009418,1.53058,faster
"np.linalg.matrix_power(a, 3) (float64)",LinearAlgebra,float64,100000,,0.323725,0.726867,available,0.263536,available,openblas,0.263536,1.22839,faster
"np.linalg.matrix_power(a, 3) (float64)",LinearAlgebra,float64,10000000,,0.323967,0.725727,available,0.324241,available,openblas,0.324241,0.999155,close
np.linalg.matrix_rank(a),LinearAlgebra,float64,1000,,0.0366,,missing_backend,0.0325,available,openblas,0.0325,1.126154,faster
np.linalg.matrix_rank(a),LinearAlgebra,float64,100000,,0.2635,,missing_backend,0.2619,available,openblas,0.2619,1.006109,close
np.linalg.matrix_rank(a),LinearAlgebra,float64,10000000,,0.5537,,missing_backend,0.5586,available,openblas,0.5586,0.991228,close
np.linalg.matrix_transpose(a) (float64),LinearAlgebra,float64,1000,,0.000972,0.000246,available,0.000402,available,managed,0.000246,3.95122,negligible
np.linalg.matrix_transpose(a) (float64),LinearAlgebra,float64,100000,,0.00096,0.00036,available,0.000294,available,managed,0.000294,3.265306,negligible
np.linalg.matrix_transpose(a) (float64),LinearAlgebra,float64,10000000,,0.00097,0.00032,available,0.000302,available,managed,0.000302,3.211921,negligible
np.linalg.multi_dot(arrays) (float64),LinearAlgebra,float64,1000,,0.013625,0.008906,available,0.009747,available,managed,0.008906,1.529868,faster
np.linalg.multi_dot(arrays) (float64),LinearAlgebra,float64,100000,,0.329175,0.609738,available,0.326886,available,openblas,0.326886,1.007002,close
np.linalg.multi_dot(arrays) (float64),LinearAlgebra,float64,10000000,,0.329433,0.414373,available,0.163818,available,openblas,0.163818,2.010969,faster
np.linalg.norm(a) (float64),LinearAlgebra,float64,1000,,0.002659,0.000902,available,0.001617,available,managed,0.000902,2.947894,negligible
np.linalg.norm(a) (float64),LinearAlgebra,float64,100000,,0.014613,0.009651,available,0.020118,available,managed,0.009651,1.514144,faster
np.linalg.norm(a) (float64),LinearAlgebra,float64,10000000,,8.2371,8.205575,available,8.2493,available,managed,8.205575,1.003842,close
"np.linalg.norm(a, ord=2)",LinearAlgebra,float64,1000,ord=2,0.0366,,missing_backend,0.0303,available,openblas,0.0303,1.207921,faster
"np.linalg.norm(a, ord=2)",LinearAlgebra,float64,100000,ord=2,0.2639,,missing_backend,0.257,available,openblas,0.257,1.026848,close
"np.linalg.norm(a, ord=2)",LinearAlgebra,float64,10000000,ord=2,0.5526,,missing_backend,0.5601,available,openblas,0.5601,0.98661,close
"np.linalg.outer(a, b) (float64)",LinearAlgebra,float64,1000,,0.005308,0.004728,available,0.00486,available,managed,0.004728,1.122673,faster
"np.linalg.outer(a, b) (float64)",LinearAlgebra,float64,100000,,0.074764,0.029542,available,0.02911,available,managed,0.02911,2.568327,faster
"np.linalg.outer(a, b) (float64)",LinearAlgebra,float64,10000000,,16.7561,12.4446,available,11.35065,available,managed,11.35065,1.476224,faster
np.linalg.pinv(a),LinearAlgebra,float64,1000,,0.0852,,missing_backend,0.0809,available,openblas,0.0809,1.053152,faster
np.linalg.pinv(a),LinearAlgebra,float64,100000,,0.7352,,missing_backend,0.7224,available,openblas,0.7224,1.017719,close
np.linalg.pinv(a),LinearAlgebra,float64,10000000,,1.4216,,missing_backend,1.4111,available,openblas,1.4111,1.007441,close
np.linalg.qr(a),LinearAlgebra,float64,1000,,0.0228,,missing_backend,0.0186,available,openblas,0.0186,1.225806,faster
np.linalg.qr(a),LinearAlgebra,float64,100000,,0.1621,,missing_backend,0.1455,available,openblas,0.1455,1.114089,faster
np.linalg.qr(a),LinearAlgebra,float64,10000000,,0.403,,missing_backend,0.3389,available,openblas,0.3389,1.189141,faster
np.linalg.slogdet(a),LinearAlgebra,float64,1000,,0.0065,0.002,available,0.0045,available,managed,0.002,3.25,faster
np.linalg.slogdet(a),LinearAlgebra,float64,100000,,0.0277,0.0319,available,0.026,available,openblas,0.026,1.065385,faster
np.linalg.slogdet(a),LinearAlgebra,float64,10000000,,0.0557,0.0865,available,0.0533,available,openblas,0.0533,1.045028,close
"np.linalg.solve(a, b)",LinearAlgebra,float64,1000,,0.0073,0.0035,available,0.0047,available,managed,0.0035,2.085714,faster
"np.linalg.solve(a, b)",LinearAlgebra,float64,100000,,0.0295,0.0464,available,0.0271,available,openblas,0.0271,1.088561,faster
"np.linalg.solve(a, b)",LinearAlgebra,float64,10000000,,0.0582,0.1125,available,0.0554,available,openblas,0.0554,1.050542,faster
np.linalg.svd(a),LinearAlgebra,float64,1000,,0.0746,,missing_backend,0.0721,available,openblas,0.0721,1.034674,close
np.linalg.svd(a),LinearAlgebra,float64,100000,,0.6831,,missing_backend,0.6822,available,openblas,0.6822,1.001319,close
np.linalg.svd(a),LinearAlgebra,float64,10000000,,1.334,,missing_backend,1.2951,available,openblas,1.2951,1.030036,close
np.linalg.svdvals(a),LinearAlgebra,float64,1000,,0.0319,,missing_backend,0.0295,available,openblas,0.0295,1.081356,faster
np.linalg.svdvals(a),LinearAlgebra,float64,100000,,0.2579,,missing_backend,0.2589,available,openblas,0.2589,0.996138,close
np.linalg.svdvals(a),LinearAlgebra,float64,10000000,,0.5469,,missing_backend,0.5574,available,openblas,0.5574,0.981163,close
"np.linalg.tensordot(a, b) (float64)",LinearAlgebra,float64,1000,,0.014122,0.010669,available,0.007045,available,openblas,0.007045,2.004542,faster
"np.linalg.tensordot(a, b) (float64)",LinearAlgebra,float64,100000,,0.171983,0.368333,available,0.169306,available,openblas,0.169306,1.015812,close
"np.linalg.tensordot(a, b) (float64)",LinearAlgebra,float64,10000000,,0.17225,0.367918,available,0.167668,available,openblas,0.167668,1.027328,close
np.linalg.tensorinv(a),LinearAlgebra,float64,1000,,0.0115,0.0052,available,0.0086,available,managed,0.0052,2.211538,faster
np.linalg.tensorinv(a),LinearAlgebra,float64,100000,,0.0791,0.0949,available,0.0761,available,openblas,0.0761,1.039422,close
np.linalg.tensorinv(a),LinearAlgebra,float64,10000000,,0.1829,0.2988,available,0.1609,available,openblas,0.1609,1.136731,faster
"np.linalg.tensorsolve(a, b)",LinearAlgebra,float64,1000,,0.0083,0.0039,available,0.005,available,managed,0.0039,2.128205,faster
"np.linalg.tensorsolve(a, b)",LinearAlgebra,float64,100000,,0.0305,0.0467,available,0.0275,available,openblas,0.0275,1.109091,faster
"np.linalg.tensorsolve(a, b)",LinearAlgebra,float64,10000000,,0.0596,0.1126,available,0.0556,available,openblas,0.0556,1.071942,faster
np.linalg.trace(a) (float64),LinearAlgebra,float64,1000,,0.004002,0.000503,available,0.000541,available,managed,0.000503,7.956262,negligible
np.linalg.trace(a) (float64),LinearAlgebra,float64,100000,,0.004075,0.000632,available,0.000382,available,managed,0.000382,10.667539,negligible
np.linalg.trace(a) (float64),LinearAlgebra,float64,10000000,,0.004089,0.000639,available,0.000481,available,managed,0.000481,8.50104,negligible
"np.linalg.vecdot(a, b) (float64)",LinearAlgebra,float64,1000,,0.002383,0.002718,available,0.000654,available,openblas,0.000654,3.643731,negligible
"np.linalg.vecdot(a, b) (float64)",LinearAlgebra,float64,100000,,0.014312,0.051321,available,0.006861,available,openblas,0.006861,2.085993,faster
"np.linalg.vecdot(a, b) (float64)",LinearAlgebra,float64,10000000,,8.335,30.3331,available,8.255675,available,openblas,8.255675,1.009609,close
np.linalg.vector_norm(a) (float64),LinearAlgebra,float64,1000,,0.007618,0.002525,available,0.004523,available,managed,0.002525,3.01703,faster
np.linalg.vector_norm(a) (float64),LinearAlgebra,float64,100000,,0.049143,0.07105,available,0.051039,available,managed,0.051039,0.962852,close
np.linalg.vector_norm(a) (float64),LinearAlgebra,float64,10000000,,36.4971,32.7745,available,52.3547,available,managed,32.7745,1.113582,faster
"np.matmul(A, B) (float64)",LinearAlgebra,float64,1000,,0.002282,0.006081,available,0.005006,available,openblas,0.005006,0.455853,slower
"np.matmul(A, B) (float64)",LinearAlgebra,float64,100000,,2.2493,3.825986,available,1.110291,available,openblas,1.110291,2.025865,faster
"np.matmul(A, B) (float64)",LinearAlgebra,float64,10000000,,4.2848,2.498075,available,2.794567,available,managed,2.498075,1.715241,faster
"np.matvec(a, b) (float64)",LinearAlgebra,float64,1000,,0.000702,0.001284,available,0.000511,available,openblas,0.000511,1.373777,negligible
"np.matvec(a, b) (float64)",LinearAlgebra,float64,100000,,0.011495,0.016269,available,0.010159,available,openblas,0.010159,1.131509,faster
"np.matvec(a, b) (float64)",LinearAlgebra,float64,10000000,,0.016012,0.010829,available,0.014856,available,managed,0.010829,1.478622,faster
"np.outer(a, b) (float64)",LinearAlgebra,float64,1000,,0.001807,0.00481,available,0.004971,available,managed,0.00481,0.375676,slower
"np.outer(a, b) (float64)",LinearAlgebra,float64,100000,,0.073458,0.036026,available,0.038536,available,managed,0.036026,2.039027,faster
"np.outer(a, b) (float64)",LinearAlgebra,float64,10000000,,16.5933,11.48725,available,11.19985,available,managed,11.19985,1.481564,faster
"np.tensordot(a, b) (float64)",LinearAlgebra,float64,1000,,0.003665,0.002577,available,0.002674,available,managed,0.002577,1.422196,faster
"np.tensordot(a, b) (float64)",LinearAlgebra,float64,100000,,0.020677,0.015081,available,0.00857,available,openblas,0.00857,2.412719,faster
"np.tensordot(a, b) (float64)",LinearAlgebra,float64,10000000,,8.4454,3.269325,available,3.344225,available,managed,3.269325,2.583224,faster
"np.tensordot(a, b, axes=1)",LinearAlgebra,float64,1000,"axes=1,matrix",0.0054,0.0043,available,0.0023,available,openblas,0.0023,2.347826,faster
"np.tensordot(a, b, axes=1)",LinearAlgebra,float64,100000,"axes=1,matrix",0.8087,1.4011,available,0.7973,available,openblas,0.7973,1.014298,close
"np.tensordot(a, b, axes=1)",LinearAlgebra,float64,10000000,"axes=1,matrix",1.627,3.1346,available,1.4118,available,openblas,1.4118,1.15243,faster
"np.vdot(a, b) (float64)",LinearAlgebra,float64,1000,,0.000561,0.001033,available,0.000731,available,openblas,0.000731,0.767442,negligible
"np.vdot(a, b) (float64)",LinearAlgebra,float64,100000,,0.023049,0.013869,available,0.011428,available,openblas,0.011428,2.016888,faster
"np.vdot(a, b) (float64)",LinearAlgebra,float64,10000000,,8.2057,6.49335,available,3.035625,available,openblas,3.035625,2.703134,faster
"np.vecdot(a, b) (float64)",LinearAlgebra,float64,1000,,0.000609,0.002818,available,0.000857,available,openblas,0.000857,0.710618,negligible
"np.vecdot(a, b) (float64)",LinearAlgebra,float64,100000,,0.013702,0.041225,available,0.00913,available,openblas,0.00913,1.500767,faster
"np.vecdot(a, b) (float64)",LinearAlgebra,float64,10000000,,8.3633,19.6137,available,8.24405,available,openblas,8.24405,1.014465,close
"np.vecmat(a, b) (float64)",LinearAlgebra,float64,1000,,0.00072,0.001623,available,0.000869,available,openblas,0.000869,0.828539,negligible
"np.vecmat(a, b) (float64)",LinearAlgebra,float64,100000,,0.013428,0.015416,available,0.012053,available,openblas,0.012053,1.114079,faster
"np.vecmat(a, b) (float64)",LinearAlgebra,float64,10000000,,0.01938,0.019016,available,0.007287,available,openblas,0.007287,2.659531,faster
np.all(a) (bool),Logic,bool,1000,,0.003781,,not_measured,,not_measured,,,,no_data
np.all(a) (bool),Logic,bool,100000,,0.00372,,not_measured,,not_measured,,,,no_data
np.all(a) (bool),Logic,bool,10000000,,0.003733,,not_measured,,not_measured,,,,no_data
"np.allclose(a, b) (float16)",Logic,float16,1000,,0.029503,0.040042,available,,not_measured,managed,0.040042,0.736801,slower
"np.allclose(a, b) (float16)",Logic,float16,100000,,3.9887,3.155638,available,,not_measured,managed,3.155638,1.263992,faster
"np.allclose(a, b) (float16)",Logic,float16,10000000,,42.1841,31.9262,available,,not_measured,managed,31.9262,1.3213,faster
"np.allclose(a, b) (float32)",Logic,float32,1000,,0.036248,0.010719,available,,not_measured,managed,0.010719,3.381659,faster
"np.allclose(a, b) (float32)",Logic,float32,100000,,0.131725,0.124424,available,,not_measured,managed,0.124424,1.058678,faster
"np.allclose(a, b) (float32)",Logic,float32,10000000,,5.7551,3.5737,available,,not_measured,managed,3.5737,1.610404,faster
"np.allclose(a, b) (float64)",Logic,float64,1000,,0.036271,0.010266,available,,not_measured,managed,0.010266,3.533119,faster
"np.allclose(a, b) (float64)",Logic,float64,100000,,0.59845,0.275926,available,,not_measured,managed,0.275926,2.168879,faster
"np.allclose(a, b) (float64)",Logic,float64,10000000,,12.7166,10.8347,available,,not_measured,managed,10.8347,1.173692,faster
np.any(a) (bool),Logic,bool,1000,,0.003743,,not_measured,,not_measured,,,,no_data
np.any(a) (bool),Logic,bool,100000,,0.003711,,not_measured,,not_measured,,,,no_data
np.any(a) (bool),Logic,bool,10000000,,0.003703,,not_measured,,not_measured,,,,no_data
"np.array_equal(a, b) (float16)",Logic,float16,1000,,0.002421,0.00157,available,,not_measured,managed,0.00157,1.542038,faster
"np.array_equal(a, b) (float16)",Logic,float16,100000,,0.19374,0.123356,available,,not_measured,managed,0.123356,1.570576,faster
"np.array_equal(a, b) (float16)",Logic,float16,10000000,,20.2567,12.4039,available,,not_measured,managed,12.4039,1.633091,faster
"np.array_equal(a, b) (float32)",Logic,float32,1000,,0.004612,0.00031,available,,not_measured,managed,0.00031,14.877419,negligible
"np.array_equal(a, b) (float32)",Logic,float32,100000,,0.015317,0.010227,available,,not_measured,managed,0.010227,1.497702,faster
"np.array_equal(a, b) (float32)",Logic,float32,10000000,,9.346,8.552225,available,,not_measured,managed,8.552225,1.092815,faster
"np.array_equal(a, b) (float64)",Logic,float64,1000,,0.0048,0.000554,available,,not_measured,managed,0.000554,8.66426,negligible
"np.array_equal(a, b) (float64)",Logic,float64,100000,,0.025882,0.019195,available,,not_measured,managed,0.019195,1.348372,faster
"np.array_equal(a, b) (float64)",Logic,float64,10000000,,16.9991,5.1587,available,,not_measured,managed,5.1587,3.295229,faster
"np.fmax(a, b) (float16)",Logic,float16,1000,,0.002559,0.002404,available,,not_measured,managed,0.002404,1.064476,faster
"np.fmax(a, b) (float16)",Logic,float16,100000,,0.90165,0.713356,available,,not_measured,managed,0.713356,1.263955,faster
"np.fmax(a, b) (float16)",Logic,float16,10000000,,95.9007,79.3551,available,,not_measured,managed,79.3551,1.208501,faster
"np.fmax(a, b) (float32)",Logic,float32,1000,,0.001324,0.001075,available,,not_measured,managed,0.001075,1.231628,faster
"np.fmax(a, b) (float32)",Logic,float32,100000,,0.016685,0.034818,available,,not_measured,managed,0.034818,0.479206,slower
"np.fmax(a, b) (float32)",Logic,float32,10000000,,15.149,10.9939,available,,not_measured,managed,10.9939,1.377946,faster
"np.fmax(a, b) (float64)",Logic,float64,1000,,0.001502,0.000748,available,,not_measured,managed,0.000748,2.008021,negligible
"np.fmax(a, b) (float64)",Logic,float64,100000,,0.03191,0.069207,available,,not_measured,managed,0.069207,0.461081,slower
"np.fmax(a, b) (float64)",Logic,float64,10000000,,30.2724,15.217,available,,not_measured,managed,15.217,1.98938,faster
"np.fmin(a, b) (float16)",Logic,float16,1000,,0.00266,0.003495,available,,not_measured,managed,0.003495,0.761087,slower
"np.fmin(a, b) (float16)",Logic,float16,100000,,0.89165,0.649477,available,,not_measured,managed,0.649477,1.372874,faster
"np.fmin(a, b) (float16)",Logic,float16,10000000,,94.8872,80.8982,available,,not_measured,managed,80.8982,1.172921,faster
"np.fmin(a, b) (float32)",Logic,float32,1000,,0.001342,0.001042,available,,not_measured,managed,0.001042,1.287908,faster
"np.fmin(a, b) (float32)",Logic,float32,100000,,0.016693,0.013689,available,,not_measured,managed,0.013689,1.219446,faster
"np.fmin(a, b) (float32)",Logic,float32,10000000,,15.3731,11.3146,available,,not_measured,managed,11.3146,1.358696,faster
"np.fmin(a, b) (float64)",Logic,float64,1000,,0.001552,0.000747,available,,not_measured,managed,0.000747,2.077644,negligible
"np.fmin(a, b) (float64)",Logic,float64,100000,,0.03193,0.069312,available,,not_measured,managed,0.069312,0.460671,slower
"np.fmin(a, b) (float64)",Logic,float64,10000000,,29.6728,26.6829,available,,not_measured,managed,26.6829,1.112053,faster
"np.isclose(a, b) (float16)",Logic,float16,1000,,0.026697,0.0403,available,,not_measured,managed,0.0403,0.662457,slower
"np.isclose(a, b) (float16)",Logic,float16,100000,,3.9667,1.858413,available,,not_measured,managed,1.858413,2.134456,faster
"np.isclose(a, b) (float16)",Logic,float16,10000000,,39.2357,31.9391,available,,not_measured,managed,31.9391,1.228454,faster
"np.isclose(a, b) (float32)",Logic,float32,1000,,0.031342,0.011293,available,,not_measured,managed,0.011293,2.775348,faster
"np.isclose(a, b) (float32)",Logic,float32,100000,,0.12805,0.128963,available,,not_measured,managed,0.128963,0.99292,close
"np.isclose(a, b) (float32)",Logic,float32,10000000,,5.8945,2.872033,available,,not_measured,managed,2.872033,2.052379,faster
"np.isclose(a, b) (float64)",Logic,float64,1000,,0.031453,0.007241,available,,not_measured,managed,0.007241,4.343737,faster
"np.isclose(a, b) (float64)",Logic,float64,100000,,0.59385,0.260246,available,,not_measured,managed,0.260246,2.281879,faster
"np.isclose(a, b) (float64)",Logic,float64,10000000,,12.6489,11.0364,available,,not_measured,managed,11.0364,1.146107,faster
np.iscomplex(a) (float16),Logic,float16,1000,,0.000441,0.000234,available,,not_measured,managed,0.000234,1.884615,negligible
np.iscomplex(a) (float16),Logic,float16,100000,,0.00438,0.00415,available,,not_measured,managed,0.00415,1.055422,faster
np.iscomplex(a) (float16),Logic,float16,10000000,,0.021229,0.002213,available,,not_measured,managed,0.002213,9.59286,faster
np.iscomplex(a) (float32),Logic,float32,1000,,0.001105,0.000361,available,,not_measured,managed,0.000361,3.060942,negligible
np.iscomplex(a) (float32),Logic,float32,100000,,0.004421,0.004002,available,,not_measured,managed,0.004002,1.104698,faster
np.iscomplex(a) (float32),Logic,float32,10000000,,0.021154,0.004649,available,,not_measured,managed,0.004649,4.550226,faster
np.iscomplex(a) (float64),Logic,float64,1000,,0.001097,0.000358,available,,not_measured,managed,0.000358,3.064246,negligible
np.iscomplex(a) (float64),Logic,float64,100000,,0.004363,0.004075,available,,not_measured,managed,0.004075,1.070675,faster
np.iscomplex(a) (float64),Logic,float64,10000000,,0.021327,0.002751,available,,not_measured,managed,0.002751,7.752454,faster
np.iscomplexobj(a) (float16),Logic,float16,1000,,0.000184,0.0,available,,not_measured,managed,0.0,,negligible
np.iscomplexobj(a) (float16),Logic,float16,100000,,0.000288,0.0,available,,not_measured,managed,0.0,,negligible
np.iscomplexobj(a) (float16),Logic,float16,10000000,,0.000287,0.0,available,,not_measured,managed,0.0,,negligible
np.iscomplexobj(a) (float32),Logic,float32,1000,,0.000287,0.0,available,,not_measured,managed,0.0,,negligible
np.iscomplexobj(a) (float32),Logic,float32,100000,,0.000286,0.0,available,,not_measured,managed,0.0,,negligible
np.iscomplexobj(a) (float32),Logic,float32,10000000,,0.000286,0.0,available,,not_measured,managed,0.0,,negligible
np.iscomplexobj(a) (float64),Logic,float64,1000,,0.000285,0.0,available,,not_measured,managed,0.0,,negligible
np.iscomplexobj(a) (float64),Logic,float64,100000,,0.000287,0.0,available,,not_measured,managed,0.0,,negligible
np.iscomplexobj(a) (float64),Logic,float64,10000000,,0.000287,0.0,available,,not_measured,managed,0.0,,negligible
np.isfinite(a) (float16),Logic,float16,1000,,0.000807,0.000578,available,,not_measured,managed,0.000578,1.396194,negligible
np.isfinite(a) (float16),Logic,float16,100000,,0.088892,0.041417,available,,not_measured,managed,0.041417,2.146268,faster
np.isfinite(a) (float16),Logic,float16,10000000,,9.8739,5.018275,available,,not_measured,managed,5.018275,1.967588,faster
np.isfinite(a) (float32),Logic,float32,1000,,0.000972,0.000694,available,,not_measured,managed,0.000694,1.400576,negligible
np.isfinite(a) (float32),Logic,float32,100000,,0.009142,0.005461,available,,not_measured,managed,0.005461,1.674052,faster
np.isfinite(a) (float32),Logic,float32,10000000,,5.5301,4.431075,available,,not_measured,managed,4.431075,1.248027,faster
np.isfinite(a) (float64),Logic,float64,1000,,0.00107,0.000804,available,,not_measured,managed,0.000804,1.330846,negligible
np.isfinite(a) (float64),Logic,float64,100000,,0.01491,0.0182,available,,not_measured,managed,0.0182,0.819231,close
np.isfinite(a) (float64),Logic,float64,10000000,,9.0558,9.43735,available,,not_measured,managed,9.43735,0.95957,close
np.isfortran(a) (float16),Logic,float16,1000,,0.000105,0.0,available,,not_measured,managed,0.0,,negligible
np.isfortran(a) (float16),Logic,float16,100000,,0.00015,0.0,available,,not_measured,managed,0.0,,negligible
np.isfortran(a) (float16),Logic,float16,10000000,,0.000152,0.0,available,,not_measured,managed,0.0,,negligible
np.isfortran(a) (float32),Logic,float32,1000,,0.000151,0.0,available,,not_measured,managed,0.0,,negligible
np.isfortran(a) (float32),Logic,float32,100000,,0.000152,0.0,available,,not_measured,managed,0.0,,negligible
np.isfortran(a) (float32),Logic,float32,10000000,,0.00015,0.0,available,,not_measured,managed,0.0,,negligible
np.isfortran(a) (float64),Logic,float64,1000,,0.000151,0.0,available,,not_measured,managed,0.0,,negligible
np.isfortran(a) (float64),Logic,float64,100000,,0.00015,0.0,available,,not_measured,managed,0.0,,negligible
np.isfortran(a) (float64),Logic,float64,10000000,,0.000151,0.0,available,,not_measured,managed,0.0,,negligible
np.isinf(a) (float16),Logic,float16,1000,,0.000836,0.000777,available,,not_measured,managed,0.000777,1.075933,negligible
np.isinf(a) (float16),Logic,float16,100000,,0.095818,0.053387,available,,not_measured,managed,0.053387,1.794782,faster
np.isinf(a) (float16),Logic,float16,10000000,,10.8542,3.922,available,,not_measured,managed,3.922,2.767517,faster
np.isinf(a) (float32),Logic,float32,1000,,0.00098,0.000571,available,,not_measured,managed,0.000571,1.716287,negligible
np.isinf(a) (float32),Logic,float32,100000,,0.009177,0.008973,available,,not_measured,managed,0.008973,1.022735,close
np.isinf(a) (float32),Logic,float32,10000000,,5.5391,4.42114,available,,not_measured,managed,4.42114,1.252867,faster
np.isinf(a) (float64),Logic,float64,1000,,0.001052,0.000774,available,,not_measured,managed,0.000774,1.359173,negligible
np.isinf(a) (float64),Logic,float64,100000,,0.014941,0.008557,available,,not_measured,managed,0.008557,1.746056,faster
np.isinf(a) (float64),Logic,float64,10000000,,10.2008,9.2472,available,,not_measured,managed,9.2472,1.103123,faster
np.isnan(a) (float16),Logic,float16,1000,,0.001015,0.000569,available,,not_measured,managed,0.000569,1.783831,negligible
np.isnan(a) (float16),Logic,float16,100000,,0.123878,0.052424,available,,not_measured,managed,0.052424,2.363002,faster
np.isnan(a) (float16),Logic,float16,10000000,,13.4182,5.268,available,,not_measured,managed,5.268,2.547115,faster
np.isnan(a) (float32),Logic,float32,1000,,0.000946,0.000733,available,,not_measured,managed,0.000733,1.290587,negligible
np.isnan(a) (float32),Logic,float32,100000,,0.0079,0.009114,available,,not_measured,managed,0.009114,0.866798,close
np.isnan(a) (float32),Logic,float32,10000000,,5.1735,4.4796,available,,not_measured,managed,4.4796,1.154902,faster
np.isnan(a) (float64),Logic,float64,1000,,0.001036,0.000781,available,,not_measured,managed,0.000781,1.326504,negligible
np.isnan(a) (float64),Logic,float64,100000,,0.012353,0.015842,available,,not_measured,managed,0.015842,0.779763,slower
np.isnan(a) (float64),Logic,float64,10000000,,9.5345,9.0206,available,,not_measured,managed,9.0206,1.05697,faster
np.isreal(a) (float16),Logic,float16,1000,,0.001776,0.000351,available,,not_measured,managed,0.000351,5.059829,negligible
np.isreal(a) (float16),Logic,float16,100000,,0.17335,0.002294,available,,not_measured,managed,0.002294,75.566696,negligible
np.isreal(a) (float16),Logic,float16,10000000,,20.0589,0.208814,available,,not_measured,managed,0.208814,96.061088,negligible
np.isreal(a) (float32),Logic,float32,1000,,0.003158,0.000264,available,,not_measured,managed,0.000264,11.962121,negligible
np.isreal(a) (float32),Logic,float32,100000,,0.02142,0.002506,available,,not_measured,managed,0.002506,8.547486,faster
np.isreal(a) (float32),Logic,float32,10000000,,10.3093,0.34725,available,,not_measured,managed,0.34725,29.688409,negligible
np.isreal(a) (float64),Logic,float64,1000,,0.003388,0.000266,available,,not_measured,managed,0.000266,12.736842,negligible
np.isreal(a) (float64),Logic,float64,100000,,0.037015,0.00252,available,,not_measured,managed,0.00252,14.688492,faster
np.isreal(a) (float64),Logic,float64,10000000,,19.0174,0.3519,available,,not_measured,managed,0.3519,54.042057,negligible
np.isrealobj(a) (float16),Logic,float16,1000,,0.000281,0.0,available,,not_measured,managed,0.0,,negligible
np.isrealobj(a) (float16),Logic,float16,100000,,0.000439,0.0,available,,not_measured,managed,0.0,,negligible
np.isrealobj(a) (float16),Logic,float16,10000000,,0.00044,0.0,available,,not_measured,managed,0.0,,negligible
np.isrealobj(a) (float32),Logic,float32,1000,,0.000438,0.0,available,,not_measured,managed,0.0,,negligible
np.isrealobj(a) (float32),Logic,float32,100000,,0.000438,0.0,available,,not_measured,managed,0.0,,negligible
np.isrealobj(a) (float32),Logic,float32,10000000,,0.000439,0.0,available,,not_measured,managed,0.0,,negligible
np.isrealobj(a) (float64),Logic,float64,1000,,0.00044,0.0,available,,not_measured,managed,0.0,,negligible
np.isrealobj(a) (float64),Logic,float64,100000,,0.00044,0.0,available,,not_measured,managed,0.0,,negligible
np.isrealobj(a) (float64),Logic,float64,10000000,,0.00044,0.0,available,,not_measured,managed,0.0,,negligible
np.isscalar(a) (float16),Logic,float16,1000,,0.000475,1e-06,available,,not_measured,managed,1e-06,475.0,negligible
np.isscalar(a) (float16),Logic,float16,100000,,0.000606,0.0,available,,not_measured,managed,0.0,,negligible
np.isscalar(a) (float16),Logic,float16,10000000,,0.000603,0.0,available,,not_measured,managed,0.0,,negligible
np.isscalar(a) (float32),Logic,float32,1000,,0.000604,0.0,available,,not_measured,managed,0.0,,negligible
np.isscalar(a) (float32),Logic,float32,100000,,0.000603,1e-06,available,,not_measured,managed,1e-06,603.0,negligible
np.isscalar(a) (float32),Logic,float32,10000000,,0.000603,1e-06,available,,not_measured,managed,1e-06,603.0,negligible
np.isscalar(a) (float64),Logic,float64,1000,,0.000608,1e-06,available,,not_measured,managed,1e-06,608.0,negligible
np.isscalar(a) (float64),Logic,float64,100000,,0.000603,1e-06,available,,not_measured,managed,1e-06,603.0,negligible
np.isscalar(a) (float64),Logic,float64,10000000,,0.000602,1e-06,available,,not_measured,managed,1e-06,602.0,negligible
"np.logical_and(a, b) (bool)",Logic,bool,1000,,0.000978,,not_measured,,not_measured,,,,no_data
"np.logical_and(a, b) (bool)",Logic,bool,100000,,0.004428,,not_measured,,not_measured,,,,no_data
"np.logical_and(a, b) (bool)",Logic,bool,10000000,,2.3997,,not_measured,,not_measured,,,,no_data
np.logical_not(a) (bool),Logic,bool,1000,,0.000903,,not_measured,,not_measured,,,,no_data
np.logical_not(a) (bool),Logic,bool,100000,,0.003969,,not_measured,,not_measured,,,,no_data
np.logical_not(a) (bool),Logic,bool,10000000,,1.9012,,not_measured,,not_measured,,,,no_data
"np.logical_or(a, b) (bool)",Logic,bool,1000,,0.000941,,not_measured,,not_measured,,,,no_data
"np.logical_or(a, b) (bool)",Logic,bool,100000,,0.004435,,not_measured,,not_measured,,,,no_data
"np.logical_or(a, b) (bool)",Logic,bool,10000000,,2.4515,,not_measured,,not_measured,,,,no_data
"np.logical_xor(a, b) (bool)",Logic,bool,1000,,0.000978,,not_measured,,not_measured,,,,no_data
"np.logical_xor(a, b) (bool)",Logic,bool,100000,,0.004425,,not_measured,,not_measured,,,,no_data
"np.logical_xor(a, b) (bool)",Logic,bool,10000000,,2.4386,,not_measured,,not_measured,,,,no_data
"np.maximum(a, b) (float16)",Logic,float16,1000,,0.002733,0.003652,available,,not_measured,managed,0.003652,0.748357,slower
"np.maximum(a, b) (float16)",Logic,float16,100000,,0.9076,0.63699,available,,not_measured,managed,0.63699,1.424826,faster
"np.maximum(a, b) (float16)",Logic,float16,10000000,,96.1789,81.8608,available,,not_measured,managed,81.8608,1.174908,faster
"np.maximum(a, b) (float32)",Logic,float32,1000,,0.001338,0.001005,available,,not_measured,managed,0.001005,1.331343,faster
"np.maximum(a, b) (float32)",Logic,float32,100000,,0.016367,0.022723,available,,not_measured,managed,0.022723,0.720283,slower
"np.maximum(a, b) (float32)",Logic,float32,10000000,,15.0876,3.75085,available,,not_measured,managed,3.75085,4.022448,faster
"np.maximum(a, b) (float64)",Logic,float64,1000,,0.001555,0.001207,available,,not_measured,managed,0.001207,1.288318,faster
"np.maximum(a, b) (float64)",Logic,float64,100000,,0.031158,0.045622,available,,not_measured,managed,0.045622,0.68296,slower
"np.maximum(a, b) (float64)",Logic,float64,10000000,,23.2448,27.1062,available,,not_measured,managed,27.1062,0.857546,close
"np.minimum(a, b) (float16)",Logic,float16,1000,,0.002916,0.0034,available,,not_measured,managed,0.0034,0.857647,close
"np.minimum(a, b) (float16)",Logic,float16,100000,,0.908,0.638225,available,,not_measured,managed,0.638225,1.422696,faster
"np.minimum(a, b) (float16)",Logic,float16,10000000,,90.5114,88.3463,available,,not_measured,managed,88.3463,1.024507,close
"np.minimum(a, b) (float32)",Logic,float32,1000,,0.001332,0.000609,available,,not_measured,managed,0.000609,2.187192,negligible
"np.minimum(a, b) (float32)",Logic,float32,100000,,0.016337,0.014217,available,,not_measured,managed,0.014217,1.149117,faster
"np.minimum(a, b) (float32)",Logic,float32,10000000,,13.559,7.8511,available,,not_measured,managed,7.8511,1.727019,faster
"np.minimum(a, b) (float64)",Logic,float64,1000,,0.000469,0.000884,available,,not_measured,managed,0.000884,0.530543,negligible
"np.minimum(a, b) (float64)",Logic,float64,100000,,0.031197,0.050352,available,,not_measured,managed,0.050352,0.619578,slower
"np.minimum(a, b) (float64)",Logic,float64,10000000,,16.0566,19.6115,available,,not_measured,managed,19.6115,0.818734,close
a.T (transpose 2D),Manipulation,float64,1000,,8.6e-05,0.000355,available,,not_measured,managed,0.000355,0.242254,negligible
a.T (transpose 2D),Manipulation,float64,100000,,0.000132,0.000364,available,,not_measured,managed,0.000364,0.362637,negligible
a.T (transpose 2D),Manipulation,float64,10000000,,0.000134,0.000232,available,,not_measured,managed,0.000232,0.577586,negligible
a.flatten,Manipulation,float64,1000,,0.000441,0.00111,available,,not_measured,managed,0.00111,0.397297,negligible
a.flatten,Manipulation,float64,100000,,0.021623,0.021325,available,,not_measured,managed,0.021325,1.013974,close
a.flatten,Manipulation,float64,10000000,,16.968,12.456,available,,not_measured,managed,12.456,1.362235,faster
a.ravel() (view),Manipulation,float64,1000,,8.2e-05,0.000276,available,,not_measured,managed,0.000276,0.297101,negligible
a.ravel() (view),Manipulation,float64,100000,,0.000122,0.000408,available,,not_measured,managed,0.000408,0.29902,negligible
a.ravel() (view),Manipulation,float64,10000000,,0.000121,0.000353,available,,not_measured,managed,0.000353,0.342776,negligible
"np.append(a, b) (float64)",Manipulation,float64,1000,,0.003406,0.001971,available,,not_measured,managed,0.001971,1.728057,faster
"np.append(a, b) (float64)",Manipulation,float64,100000,,0.3088,0.099589,available,,not_measured,managed,0.099589,3.100744,faster
"np.append(a, b) (float64)",Manipulation,float64,10000000,,2.414,0.948176,available,,not_measured,managed,0.948176,2.545941,faster
"np.array_split(a, sections) (float64)",Manipulation,float64,1000,,0.015618,0.001169,available,,not_measured,managed,0.001169,13.360137,faster
"np.array_split(a, sections) (float64)",Manipulation,float64,100000,,0.015656,0.00141,available,,not_measured,managed,0.00141,11.103546,faster
"np.array_split(a, sections) (float64)",Manipulation,float64,10000000,,0.015693,0.001193,available,,not_measured,managed,0.001193,13.154233,faster
np.atleast_1d(a) (float64),Manipulation,float64,1000,,0.000297,1e-06,available,,not_measured,managed,1e-06,297.0,negligible
np.atleast_1d(a) (float64),Manipulation,float64,100000,,0.000297,1e-06,available,,not_measured,managed,1e-06,297.0,negligible
np.atleast_1d(a) (float64),Manipulation,float64,10000000,,0.000297,1e-06,available,,not_measured,managed,1e-06,297.0,negligible
np.atleast_2d(a) (float64),Manipulation,float64,1000,,0.000672,0.000296,available,,not_measured,managed,0.000296,2.27027,negligible
np.atleast_2d(a) (float64),Manipulation,float64,100000,,0.000683,0.000293,available,,not_measured,managed,0.000293,2.331058,negligible
np.atleast_2d(a) (float64),Manipulation,float64,10000000,,0.000685,0.000233,available,,not_measured,managed,0.000233,2.939914,negligible
np.atleast_3d(a) (float64),Manipulation,float64,1000,,0.000722,0.000701,available,,not_measured,managed,0.000701,1.029957,negligible
np.atleast_3d(a) (float64),Manipulation,float64,100000,,0.000722,0.0007,available,,not_measured,managed,0.0007,1.031429,negligible
np.atleast_3d(a) (float64),Manipulation,float64,10000000,,0.000725,0.000714,available,,not_measured,managed,0.000714,1.015406,negligible
"np.block([a, b]) (float64)",Manipulation,float64,1000,,0.007318,0.002165,available,,not_measured,managed,0.002165,3.380139,faster
"np.block([a, b]) (float64)",Manipulation,float64,100000,,0.384667,0.096519,available,,not_measured,managed,0.096519,3.985402,faster
"np.block([a, b]) (float64)",Manipulation,float64,10000000,,2.5682,1.432381,available,,not_measured,managed,1.432381,1.792959,faster
"np.broadcast_arrays(a, b) (float64)",Manipulation,float64,1000,,0.007992,0.000556,available,,not_measured,managed,0.000556,14.374101,negligible
"np.broadcast_arrays(a, b) (float64)",Manipulation,float64,100000,,0.002995,0.000521,available,,not_measured,managed,0.000521,5.74856,negligible
"np.broadcast_arrays(a, b) (float64)",Manipulation,float64,10000000,,0.008186,0.000368,available,,not_measured,managed,0.000368,22.244565,negligible
np.byteswap,Manipulation,float64,1000,,0.001564,0.000658,available,,not_measured,managed,0.000658,2.3769,negligible
np.byteswap,Manipulation,float64,100000,,0.071471,0.038054,available,,not_measured,managed,0.038054,1.878147,faster
np.byteswap,Manipulation,float64,10000000,,24.7502,13.3482,available,,not_measured,managed,13.3482,1.854198,faster
np.c_,Manipulation,float64,1000,,0.009752,0.003844,available,,not_measured,managed,0.003844,2.536941,faster
np.c_,Manipulation,float64,100000,,0.392867,0.177306,available,,not_measured,managed,0.177306,2.215757,faster
np.c_,Manipulation,float64,10000000,,61.9852,32.7765,available,,not_measured,managed,32.7765,1.891148,faster
"np.column_stack((a, b)) (float64)",Manipulation,float64,1000,,0.004916,0.001908,available,,not_measured,managed,0.001908,2.57652,faster
"np.column_stack((a, b)) (float64)",Manipulation,float64,100000,,0.413433,0.093545,available,,not_measured,managed,0.093545,4.419616,faster
"np.column_stack((a, b)) (float64)",Manipulation,float64,10000000,,4.882,2.89675,available,,not_measured,managed,2.89675,1.685337,faster
"np.concat((a, b)) (float64)",Manipulation,float64,1000,,0.002144,0.00143,available,,not_measured,managed,0.00143,1.499301,faster
"np.concat((a, b)) (float64)",Manipulation,float64,100000,,0.36975,0.103484,available,,not_measured,managed,0.103484,3.573016,faster
"np.concat((a, b)) (float64)",Manipulation,float64,10000000,,2.4801,0.978872,available,,not_measured,managed,0.978872,2.533631,faster
"np.concatenate([a, b, c]) (float64)",Manipulation,float64,1000,,0.002994,0.002017,available,,not_measured,managed,0.002017,1.484383,faster
"np.concatenate([a, b, c]) (float64)",Manipulation,float64,100000,,0.52665,0.178963,available,,not_measured,managed,0.178963,2.942787,faster
"np.concatenate([a, b, c]) (float64)",Manipulation,float64,10000000,,4.0269,3.702329,available,,not_measured,managed,3.702329,1.087667,faster
"np.concatenate([a, b]) (float64)",Manipulation,float64,1000,,0.002174,0.002061,available,,not_measured,managed,0.002061,1.054828,faster
"np.concatenate([a, b]) (float64)",Manipulation,float64,100000,,0.3719,0.095664,available,,not_measured,managed,0.095664,3.887565,faster
"np.concatenate([a, b]) (float64)",Manipulation,float64,10000000,,2.5518,1.2333,available,,not_measured,managed,1.2333,2.069083,faster
"np.concatenate([a, b], axis=0) (float64)",Manipulation,float64,1000,,0.002482,0.001522,available,,not_measured,managed,0.001522,1.630749,faster
"np.concatenate([a, b], axis=0) (float64)",Manipulation,float64,100000,,0.352667,0.102306,available,,not_measured,managed,0.102306,3.447178,faster
"np.concatenate([a, b], axis=0) (float64)",Manipulation,float64,10000000,,2.4093,1.209556,available,,not_measured,managed,1.209556,1.991888,faster
"np.concatenate([a, b], axis=1) (float64)",Manipulation,float64,1000,,0.002659,0.001945,available,,not_measured,managed,0.001945,1.367095,faster
"np.concatenate([a, b], axis=1) (float64)",Manipulation,float64,100000,,0.335833,0.090888,available,,not_measured,managed,0.090888,3.69502,faster
"np.concatenate([a, b], axis=1) (float64)",Manipulation,float64,10000000,,7.2534,2.7403,available,,not_measured,managed,2.7403,2.646936,faster
"np.delete(a, index) (float64)",Manipulation,float64,1000,,0.004796,0.00239,available,,not_measured,managed,0.00239,2.006695,faster
"np.delete(a, index) (float64)",Manipulation,float64,100000,,0.025495,0.045432,available,,not_measured,managed,0.045432,0.561168,slower
"np.delete(a, index) (float64)",Manipulation,float64,10000000,,1.2234,0.609608,available,,not_measured,managed,0.609608,2.006863,faster
np.diag,Manipulation,float64,1000,,0.001367,0.001321,available,,not_measured,managed,0.001321,1.034822,close
np.diag,Manipulation,float64,100000,,0.001403,0.067671,available,,not_measured,managed,0.067671,0.020733,much_slower
np.diag,Manipulation,float64,10000000,,0.001407,3.933467,available,,not_measured,managed,3.933467,0.000358,much_slower
np.diagflat,Manipulation,float64,1000,,0.007419,0.001558,available,,not_measured,managed,0.001558,4.761874,faster
np.diagflat,Manipulation,float64,100000,,0.03189,0.06934,available,,not_measured,managed,0.06934,0.459908,slower
np.diagflat,Manipulation,float64,10000000,,4.0747,2.566017,available,,not_measured,managed,2.566017,1.587947,faster
"np.dsplit(a, sections) (float64)",Manipulation,float64,1000,,0.021424,0.001737,available,,not_measured,managed,0.001737,12.333909,faster
"np.dsplit(a, sections) (float64)",Manipulation,float64,100000,,0.021613,0.001909,available,,not_measured,managed,0.001909,11.321634,faster
"np.dsplit(a, sections) (float64)",Manipulation,float64,10000000,,0.02178,0.001822,available,,not_measured,managed,0.001822,11.953897,faster
"np.dstack([a, b]) (float64)",Manipulation,float64,1000,,0.005351,0.003722,available,,not_measured,managed,0.003722,1.437668,faster
"np.dstack([a, b]) (float64)",Manipulation,float64,100000,,0.408867,0.187699,available,,not_measured,managed,0.187699,2.178312,faster
"np.dstack([a, b]) (float64)",Manipulation,float64,10000000,,4.1735,1.98955,available,,not_measured,managed,1.98955,2.097711,faster
"np.expand_dims(a, axis=-1) (float64)",Manipulation,float64,1000,,0.001185,0.000306,available,,not_measured,managed,0.000306,3.872549,negligible
"np.expand_dims(a, axis=-1) (float64)",Manipulation,float64,100000,,0.002603,0.000195,available,,not_measured,managed,0.000195,13.348718,negligible
"np.expand_dims(a, axis=-1) (float64)",Manipulation,float64,10000000,,0.002546,0.000257,available,,not_measured,managed,0.000257,9.906615,negligible
"np.expand_dims(a, axis=0) (float64)",Manipulation,float64,1000,,0.001162,0.000317,available,,not_measured,managed,0.000317,3.665615,negligible
"np.expand_dims(a, axis=0) (float64)",Manipulation,float64,100000,,0.002615,0.000226,available,,not_measured,managed,0.000226,11.570796,negligible
"np.expand_dims(a, axis=0) (float64)",Manipulation,float64,10000000,,0.002544,0.000266,available,,not_measured,managed,0.000266,9.56391,negligible
"np.expand_dims(a2D, axis=1) (float64)",Manipulation,float64,1000,,0.001189,0.00031,available,,not_measured,managed,0.00031,3.835484,negligible
"np.expand_dims(a2D, axis=1) (float64)",Manipulation,float64,100000,,0.002651,0.000236,available,,not_measured,managed,0.000236,11.233051,negligible
"np.expand_dims(a2D, axis=1) (float64)",Manipulation,float64,10000000,,0.002648,0.00031,available,,not_measured,managed,0.00031,8.541935,negligible
np.fill_diagonal,Manipulation,float64,1000,,0.000783,0.000607,available,,not_measured,managed,0.000607,1.289951,negligible
np.fill_diagonal,Manipulation,float64,100000,,0.004441,0.000897,available,,not_measured,managed,0.000897,4.950948,negligible
np.fill_diagonal,Manipulation,float64,10000000,,0.038719,0.036583,available,,not_measured,managed,0.036583,1.058388,faster
np.flip,Manipulation,float64,1000,,0.00057,0.000237,available,,not_measured,managed,0.000237,2.405063,negligible
np.flip,Manipulation,float64,100000,,0.000557,0.000199,available,,not_measured,managed,0.000199,2.798995,negligible
np.flip,Manipulation,float64,10000000,,0.000549,0.000189,available,,not_measured,managed,0.000189,2.904762,negligible
np.fliplr,Manipulation,float64,1000,,0.00049,0.000237,available,,not_measured,managed,0.000237,2.067511,negligible
np.fliplr,Manipulation,float64,100000,,0.000478,0.000254,available,,not_measured,managed,0.000254,1.88189,negligible
np.fliplr,Manipulation,float64,10000000,,0.000495,0.000196,available,,not_measured,managed,0.000196,2.52551,negligible
np.flipud,Manipulation,float64,1000,,0.000412,0.000204,available,,not_measured,managed,0.000204,2.019608,negligible
np.flipud,Manipulation,float64,100000,,0.000422,0.000201,available,,not_measured,managed,0.000201,2.099502,negligible
np.flipud,Manipulation,float64,10000000,,0.000283,0.000196,available,,not_measured,managed,0.000196,1.443878,negligible
"np.hsplit(a, sections) (float64)",Manipulation,float64,1000,,0.021321,0.001793,available,,not_measured,managed,0.001793,11.891244,faster
"np.hsplit(a, sections) (float64)",Manipulation,float64,100000,,0.021562,0.001828,available,,not_measured,managed,0.001828,11.795405,faster
"np.hsplit(a, sections) (float64)",Manipulation,float64,10000000,,0.021862,0.001804,available,,not_measured,managed,0.001804,12.118625,faster
"np.hstack([a, b]) (float64)",Manipulation,float64,1000,,0.003838,0.002124,available,,not_measured,managed,0.002124,1.806968,faster
"np.hstack([a, b]) (float64)",Manipulation,float64,100000,,0.35905,0.100679,available,,not_measured,managed,0.100679,3.566285,faster
"np.hstack([a, b]) (float64)",Manipulation,float64,10000000,,2.6667,1.326839,available,,not_measured,managed,1.326839,2.009814,faster
"np.insert(a, index, value) (float64)",Manipulation,float64,1000,,0.012486,0.003488,available,,not_measured,managed,0.003488,3.579702,faster
"np.insert(a, index, value) (float64)",Manipulation,float64,100000,,0.034769,0.042307,available,,not_measured,managed,0.042307,0.821826,close
"np.insert(a, index, value) (float64)",Manipulation,float64,10000000,,1.2202,0.471295,available,,not_measured,managed,0.471295,2.589037,faster
"np.intersect1d(a, b) (int32)",Manipulation,int32,1000,,0.080285,0.039596,available,,not_measured,managed,0.039596,2.027604,faster
"np.intersect1d(a, b) (int32)",Manipulation,int32,100000,,10.9067,9.7425,available,,not_measured,managed,9.7425,1.119497,faster
"np.intersect1d(a, b) (int32)",Manipulation,int32,10000000,,208.4037,43.9221,available,,not_measured,managed,43.9221,4.744848,faster
"np.isin(a, b) (int32)",Manipulation,int32,1000,,0.044686,0.02178,available,,not_measured,managed,0.02178,2.051699,faster
"np.isin(a, b) (int32)",Manipulation,int32,100000,,0.71325,0.955709,available,,not_measured,managed,0.955709,0.746305,slower
"np.isin(a, b) (int32)",Manipulation,int32,10000000,,11.8173,9.6958,available,,not_measured,managed,9.6958,1.218806,faster
np.ix_,Manipulation,float64,1000,,0.003678,0.001063,available,,not_measured,managed,0.001063,3.460019,faster
np.ix_,Manipulation,float64,100000,,0.003755,0.000799,available,,not_measured,managed,0.000799,4.699625,negligible
np.ix_,Manipulation,float64,10000000,,0.003713,0.000743,available,,not_measured,managed,0.000743,4.997308,negligible
np.matrix_transpose,Manipulation,float64,1000,,0.000804,0.000229,available,,not_measured,managed,0.000229,3.510917,negligible
np.matrix_transpose,Manipulation,float64,100000,,0.000798,0.000214,available,,not_measured,managed,0.000214,3.728972,negligible
np.matrix_transpose,Manipulation,float64,10000000,,0.000801,0.000303,available,,not_measured,managed,0.000303,2.643564,negligible
"np.moveaxis(a, 0, -1) (float64)",Manipulation,float64,1000,,0.003977,0.000912,available,,not_measured,managed,0.000912,4.360746,negligible
"np.moveaxis(a, 0, -1) (float64)",Manipulation,float64,100000,,0.003941,0.000853,available,,not_measured,managed,0.000853,4.620164,negligible
"np.moveaxis(a, 0, -1) (float64)",Manipulation,float64,10000000,,0.003986,0.000663,available,,not_measured,managed,0.000663,6.012066,negligible
"np.pad(a, width) (float64)",Manipulation,float64,1000,,0.023761,0.006686,available,,not_measured,managed,0.006686,3.553844,faster
"np.pad(a, width) (float64)",Manipulation,float64,100000,,0.04349,0.046932,available,,not_measured,managed,0.046932,0.92666,close
"np.pad(a, width) (float64)",Manipulation,float64,10000000,,1.252,0.624977,available,,not_measured,managed,0.624977,2.003274,faster
np.permute_dims,Manipulation,float64,1000,,0.000477,0.000334,available,,not_measured,managed,0.000334,1.428144,negligible
np.permute_dims,Manipulation,float64,100000,,0.000473,0.000295,available,,not_measured,managed,0.000295,1.60339,negligible
np.permute_dims,Manipulation,float64,10000000,,0.000465,0.00031,available,,not_measured,managed,0.00031,1.5,negligible
np.r_,Manipulation,float64,1000,,0.005966,0.002137,available,,not_measured,managed,0.002137,2.791764,faster
np.r_,Manipulation,float64,100000,,0.381567,0.074894,available,,not_measured,managed,0.074894,5.094761,faster
np.r_,Manipulation,float64,10000000,,32.5377,28.1185,available,,not_measured,managed,28.1185,1.157163,faster
np.r_(0:1:Nj),Manipulation,float64,1000,,0.017753,0.002829,available,,not_measured,managed,0.002829,6.275362,faster
np.r_(0:1:Nj),Manipulation,float64,100000,,0.459667,0.139073,available,,not_measured,managed,0.139073,3.305221,faster
np.r_(0:1:Nj),Manipulation,float64,10000000,,49.998,23.7767,available,,not_measured,managed,23.7767,2.102815,faster
np.r_(0:N),Manipulation,float64,1000,,0.005966,0.002734,available,,not_measured,managed,0.002734,2.182151,faster
np.r_(0:N),Manipulation,float64,100000,,0.39565,0.094955,available,,not_measured,managed,0.094955,4.166711,faster
np.r_(0:N),Manipulation,float64,10000000,,32.1391,25.8535,available,,not_measured,managed,25.8535,1.243124,faster
"np.r_(a, 0, 0, b)",Manipulation,float64,1000,,0.008585,0.003833,available,,not_measured,managed,0.003833,2.23976,faster
"np.r_(a, 0, 0, b)",Manipulation,float64,100000,,0.381933,0.091069,available,,not_measured,managed,0.091069,4.193886,faster
"np.r_(a, 0, 0, b)",Manipulation,float64,10000000,,32.0042,27.6757,available,,not_measured,managed,27.6757,1.156401,faster
np.ravel,Manipulation,float64,1000,,0.000306,0.000354,available,,not_measured,managed,0.000354,0.864407,negligible
np.ravel,Manipulation,float64,100000,,0.000411,0.000284,available,,not_measured,managed,0.000284,1.447183,negligible
np.ravel,Manipulation,float64,10000000,,0.000408,0.000545,available,,not_measured,managed,0.000545,0.748624,negligible
"np.repeat(a, repeats) (float64)",Manipulation,float64,1000,,0.010209,0.002607,available,,not_measured,managed,0.002607,3.915995,faster
"np.repeat(a, repeats) (float64)",Manipulation,float64,100000,,0.9527,0.31491,available,,not_measured,managed,0.31491,3.025309,faster
"np.repeat(a, repeats) (float64)",Manipulation,float64,10000000,,9.726,2.2971,available,,not_measured,managed,2.2971,4.234034,faster
"np.reshape(a, shape)",Manipulation,float64,1000,,0.000538,0.000544,available,,not_measured,managed,0.000544,0.988971,negligible
"np.reshape(a, shape)",Manipulation,float64,100000,,0.001328,0.0005,available,,not_measured,managed,0.0005,2.656,negligible
"np.reshape(a, shape)",Manipulation,float64,10000000,,0.001326,0.000489,available,,not_measured,managed,0.000489,2.711656,negligible
"np.resize(a, shape) (float64)",Manipulation,float64,1000,,0.005936,0.002102,available,,not_measured,managed,0.002102,2.823977,faster
"np.resize(a, shape) (float64)",Manipulation,float64,100000,,0.352067,0.101078,available,,not_measured,managed,0.101078,3.483122,faster
"np.resize(a, shape) (float64)",Manipulation,float64,10000000,,2.4268,1.923231,available,,not_measured,managed,1.923231,1.261835,faster
"np.roll(a, shift) (float64)",Manipulation,float64,1000,,0.011328,0.004895,available,,not_measured,managed,0.004895,2.314198,faster
"np.roll(a, shift) (float64)",Manipulation,float64,100000,,0.032487,0.04496,available,,not_measured,managed,0.04496,0.722576,slower
"np.roll(a, shift) (float64)",Manipulation,float64,10000000,,1.2533,0.577003,available,,not_measured,managed,0.577003,2.172086,faster
"np.rollaxis(a, 2) (float64)",Manipulation,float64,1000,,0.00104,0.000419,available,,not_measured,managed,0.000419,2.4821,negligible
"np.rollaxis(a, 2) (float64)",Manipulation,float64,100000,,0.001012,0.000364,available,,not_measured,managed,0.000364,2.78022,negligible
"np.rollaxis(a, 2) (float64)",Manipulation,float64,10000000,,0.001041,0.000222,available,,not_measured,managed,0.000222,4.689189,negligible
np.rot90,Manipulation,float64,1000,,0.008611,0.000535,available,,not_measured,managed,0.000535,16.095327,negligible
np.rot90,Manipulation,float64,100000,,0.008647,0.000583,available,,not_measured,managed,0.000583,14.831904,negligible
np.rot90,Manipulation,float64,10000000,,0.008695,0.000531,available,,not_measured,managed,0.000531,16.374765,negligible
"np.setdiff1d(a, b) (int32)",Manipulation,int32,1000,,0.112367,0.039883,available,,not_measured,managed,0.039883,2.817416,faster
"np.setdiff1d(a, b) (int32)",Manipulation,int32,100000,,10.8699,9.4613,available,,not_measured,managed,9.4613,1.14888,faster
"np.setdiff1d(a, b) (int32)",Manipulation,int32,10000000,,212.5119,40.2557,available,,not_measured,managed,40.2557,5.279051,faster
"np.setxor1d(a, b) (int32)",Manipulation,int32,1000,,0.083108,0.048532,available,,not_measured,managed,0.048532,1.712437,faster
"np.setxor1d(a, b) (int32)",Manipulation,int32,100000,,10.854,9.850375,available,,not_measured,managed,9.850375,1.101887,faster
"np.setxor1d(a, b) (int32)",Manipulation,int32,10000000,,203.2521,35.0097,available,,not_measured,managed,35.0097,5.805594,faster
np.size(a) (float64),Manipulation,float64,1000,,0.000179,0.0,available,,not_measured,managed,0.0,,negligible
np.size(a) (float64),Manipulation,float64,100000,,0.000275,0.0,available,,not_measured,managed,0.0,,negligible
np.size(a) (float64),Manipulation,float64,10000000,,0.000277,0.0,available,,not_measured,managed,0.0,,negligible
"np.split(a, sections) (float64)",Manipulation,float64,1000,,0.020555,0.001684,available,,not_measured,managed,0.001684,12.206057,faster
"np.split(a, sections) (float64)",Manipulation,float64,100000,,0.020826,0.001645,available,,not_measured,managed,0.001645,12.660182,faster
"np.split(a, sections) (float64)",Manipulation,float64,10000000,,0.020923,0.002719,available,,not_measured,managed,0.002719,7.695108,faster
np.squeeze(a) (float64),Manipulation,float64,1000,,0.000281,0.00023,available,,not_measured,managed,0.00023,1.221739,negligible
np.squeeze(a) (float64),Manipulation,float64,100000,,0.000464,0.000215,available,,not_measured,managed,0.000215,2.15814,negligible
np.squeeze(a) (float64),Manipulation,float64,10000000,,0.000468,0.000227,available,,not_measured,managed,0.000227,2.061674,negligible
"np.squeeze(a, axis=1) (float64)",Manipulation,float64,1000,,0.000306,0.000168,available,,not_measured,managed,0.000168,1.821429,negligible
"np.squeeze(a, axis=1) (float64)",Manipulation,float64,100000,,0.000589,0.0002,available,,not_measured,managed,0.0002,2.945,negligible
"np.squeeze(a, axis=1) (float64)",Manipulation,float64,10000000,,0.000582,0.000234,available,,not_measured,managed,0.000234,2.487179,negligible
"np.stack([a, b]) (float64)",Manipulation,float64,1000,,0.00536,0.003023,available,,not_measured,managed,0.003023,1.773073,faster
"np.stack([a, b]) (float64)",Manipulation,float64,100000,,0.315733,0.102074,available,,not_measured,managed,0.102074,3.093177,faster
"np.stack([a, b]) (float64)",Manipulation,float64,10000000,,2.5759,1.325517,available,,not_measured,managed,1.325517,1.943317,faster
"np.stack([a, b], axis=1) (float64)",Manipulation,float64,1000,,0.006055,0.003709,available,,not_measured,managed,0.003709,1.632516,faster
"np.stack([a, b], axis=1) (float64)",Manipulation,float64,100000,,0.415967,0.187947,available,,not_measured,managed,0.187947,2.213214,faster
"np.stack([a, b], axis=1) (float64)",Manipulation,float64,10000000,,5.3295,2.867611,available,,not_measured,managed,2.867611,1.858516,faster
"np.swapaxes(a, 0, 1) (float64)",Manipulation,float64,1000,,0.000518,0.000295,available,,not_measured,managed,0.000295,1.755932,negligible
"np.swapaxes(a, 0, 1) (float64)",Manipulation,float64,100000,,0.000522,0.000281,available,,not_measured,managed,0.000281,1.857651,negligible
"np.swapaxes(a, 0, 1) (float64)",Manipulation,float64,10000000,,0.000517,0.000283,available,,not_measured,managed,0.000283,1.826855,negligible
"np.swapaxes(a3D, 0, 2) (float64)",Manipulation,float64,1000,,0.000528,0.000302,available,,not_measured,managed,0.000302,1.748344,negligible
"np.swapaxes(a3D, 0, 2) (float64)",Manipulation,float64,100000,,0.000532,0.000451,available,,not_measured,managed,0.000451,1.179601,negligible
"np.swapaxes(a3D, 0, 2) (float64)",Manipulation,float64,10000000,,0.000535,0.000268,available,,not_measured,managed,0.000268,1.996269,negligible
"np.tile(a, reps) (float64)",Manipulation,float64,1000,,0.006374,0.004009,available,,not_measured,managed,0.004009,1.589923,faster
"np.tile(a, reps) (float64)",Manipulation,float64,100000,,0.364667,0.074261,available,,not_measured,managed,0.074261,4.910613,faster
"np.tile(a, reps) (float64)",Manipulation,float64,10000000,,2.3484,1.851721,available,,not_measured,managed,1.851721,1.268226,faster
np.transpose(a),Manipulation,float64,1000,,0.000323,0.000312,available,,not_measured,managed,0.000312,1.035256,negligible
np.transpose(a),Manipulation,float64,100000,,0.000468,0.000369,available,,not_measured,managed,0.000369,1.268293,negligible
np.transpose(a),Manipulation,float64,10000000,,0.000476,0.000373,available,,not_measured,managed,0.000373,1.276139,negligible
np.tri,Manipulation,float64,1000,,0.00828,0.00171,available,,not_measured,managed,0.00171,4.842105,faster
np.tri,Manipulation,float64,100000,,0.086108,0.025448,available,,not_measured,managed,0.025448,3.383684,faster
np.tri,Manipulation,float64,10000000,,17.9398,17.528,available,,not_measured,managed,17.528,1.023494,close
np.tril,Manipulation,float64,1000,,0.010771,0.001408,available,,not_measured,managed,0.001408,7.649858,faster
np.tril,Manipulation,float64,100000,,0.0957,0.034669,available,,not_measured,managed,0.034669,2.760391,faster
np.tril,Manipulation,float64,10000000,,22.5574,19.9772,available,,not_measured,managed,19.9772,1.129157,faster
np.tril_indices,Manipulation,float64,1000,,0.029527,0.003131,available,,not_measured,managed,0.003131,9.430533,faster
np.tril_indices,Manipulation,float64,100000,,0.145886,0.028843,available,,not_measured,managed,0.028843,5.057934,faster
np.tril_indices,Manipulation,float64,10000000,,24.8231,11.4232,available,,not_measured,managed,11.4232,2.173043,faster
np.trim_zeros,Manipulation,float64,1000,,0.028431,0.004137,available,,not_measured,managed,0.004137,6.872371,faster
np.trim_zeros,Manipulation,float64,100000,,1.349,0.014186,available,,not_measured,managed,0.014186,95.093754,negligible
np.trim_zeros,Manipulation,float64,10000000,,185.4046,0.032295,available,,not_measured,managed,0.032295,5740.96919,negligible
np.triu,Manipulation,float64,1000,,0.010743,0.000878,available,,not_measured,managed,0.000878,12.235763,negligible
np.triu,Manipulation,float64,100000,,0.095609,0.041528,available,,not_measured,managed,0.041528,2.302278,faster
np.triu,Manipulation,float64,10000000,,22.9588,19.8933,available,,not_measured,managed,19.8933,1.154097,faster
np.triu_indices,Manipulation,float64,1000,,0.030369,0.003497,available,,not_measured,managed,0.003497,8.684301,faster
np.triu_indices,Manipulation,float64,100000,,0.145343,0.042635,available,,not_measured,managed,0.042635,3.409007,faster
np.triu_indices,Manipulation,float64,10000000,,26.5674,11.3976,available,,not_measured,managed,11.3976,2.330964,faster
"np.union1d(a, b) (int32)",Manipulation,int32,1000,,0.044727,0.015877,available,,not_measured,managed,0.015877,2.817094,faster
"np.union1d(a, b) (int32)",Manipulation,int32,100000,,6.9952,5.0695,available,,not_measured,managed,5.0695,1.37986,faster
"np.union1d(a, b) (int32)",Manipulation,int32,10000000,,162.0149,30.3665,available,,not_measured,managed,30.3665,5.335317,faster
np.unique(a) (int32),Manipulation,int32,1000,,0.03361,0.009234,available,,not_measured,managed,0.009234,3.639809,faster
np.unique(a) (int32),Manipulation,int32,100000,,3.2213,4.46085,available,,not_measured,managed,4.46085,0.722127,slower
np.unique(a) (int32),Manipulation,int32,10000000,,86.7693,16.5467,available,,not_measured,managed,16.5467,5.243904,faster
np.unique_all(a) (int32),Manipulation,int32,1000,,0.067508,0.021101,available,,not_measured,managed,0.021101,3.19928,faster
np.unique_all(a) (int32),Manipulation,int32,100000,,9.036,3.316643,available,,not_measured,managed,3.316643,2.724442,faster
np.unique_all(a) (int32),Manipulation,int32,10000000,,137.1123,36.7695,available,,not_measured,managed,36.7695,3.728968,faster
np.unique_counts(a) (int32),Manipulation,int32,1000,,0.02457,0.008436,available,,not_measured,managed,0.008436,2.912518,faster
np.unique_counts(a) (int32),Manipulation,int32,100000,,1.123,4.8499,available,,not_measured,managed,4.8499,0.231551,much_slower
np.unique_counts(a) (int32),Manipulation,int32,10000000,,15.0289,14.4817,available,,not_measured,managed,14.4817,1.037786,close
np.unique_inverse(a) (int32),Manipulation,int32,1000,,0.058765,0.013966,available,,not_measured,managed,0.013966,4.207719,faster
np.unique_inverse(a) (int32),Manipulation,int32,100000,,5.4698,2.6334,available,,not_measured,managed,2.6334,2.077087,faster
np.unique_inverse(a) (int32),Manipulation,int32,10000000,,66.3773,29.9619,available,,not_measured,managed,29.9619,2.21539,faster
np.unique_values(a) (int32),Manipulation,int32,1000,,0.032,0.009397,available,,not_measured,managed,0.009397,3.405342,faster
np.unique_values(a) (int32),Manipulation,int32,100000,,4.5194,3.40275,available,,not_measured,managed,3.40275,1.328161,faster
np.unique_values(a) (int32),Manipulation,int32,10000000,,69.3224,18.6665,available,,not_measured,managed,18.6665,3.713733,faster
np.unstack(a) (float64),Manipulation,float64,1000,,0.006389,0.001683,available,,not_measured,managed,0.001683,3.796197,faster
np.unstack(a) (float64),Manipulation,float64,100000,,0.006395,0.001833,available,,not_measured,managed,0.001833,3.488816,faster
np.unstack(a) (float64),Manipulation,float64,10000000,,0.006398,0.001296,available,,not_measured,managed,0.001296,4.936728,faster
"np.vsplit(a, sections) (float64)",Manipulation,float64,1000,,0.021149,0.001711,available,,not_measured,managed,0.001711,12.360608,faster
"np.vsplit(a, sections) (float64)",Manipulation,float64,100000,,0.021268,0.001828,available,,not_measured,managed,0.001828,11.634573,faster
"np.vsplit(a, sections) (float64)",Manipulation,float64,10000000,,0.021211,0.001688,available,,not_measured,managed,0.001688,12.565758,faster
"np.vstack([a, b]) (float64)",Manipulation,float64,1000,,0.004709,0.00305,available,,not_measured,managed,0.00305,1.543934,faster
"np.vstack([a, b]) (float64)",Manipulation,float64,100000,,0.381,0.094937,available,,not_measured,managed,0.094937,4.013188,faster
"np.vstack([a, b]) (float64)",Manipulation,float64,10000000,,2.4222,1.329065,available,,not_measured,managed,1.329065,1.822484,faster
reshape 1D->2D,Manipulation,float64,1000,,0.000147,0.000487,available,,not_measured,managed,0.000487,0.301848,negligible
reshape 1D->2D,Manipulation,float64,100000,,0.000203,0.000521,available,,not_measured,managed,0.000521,0.389635,negligible
reshape 1D->2D,Manipulation,float64,10000000,,0.000204,0.000501,available,,not_measured,managed,0.000501,0.407186,negligible
reshape 1D->3D,Manipulation,float64,1000,,0.000157,0.000676,available,,not_measured,managed,0.000676,0.232249,negligible
reshape 1D->3D,Manipulation,float64,100000,,0.000243,0.000465,available,,not_measured,managed,0.000465,0.522581,negligible
reshape 1D->3D,Manipulation,float64,10000000,,0.000242,0.000372,available,,not_measured,managed,0.000372,0.650538,negligible
reshape 2D->1D,Manipulation,float64,1000,,0.00014,0.000535,available,,not_measured,managed,0.000535,0.261682,negligible
reshape 2D->1D,Manipulation,float64,100000,,0.000189,0.000327,available,,not_measured,managed,0.000327,0.577982,negligible
reshape 2D->1D,Manipulation,float64,10000000,,0.00019,0.000531,available,,not_measured,managed,0.000531,0.357815,negligible
a.all() [ndarray] (float64),NDArray,float64,1000,,0.001246,0.000734,available,,not_measured,managed,0.000734,1.697548,negligible
a.all() [ndarray] (float64),NDArray,float64,100000,,0.079957,0.00755,available,,not_measured,managed,0.00755,10.590331,faster
a.all() [ndarray] (float64),NDArray,float64,10000000,,0.7864,0.214846,available,,not_measured,managed,0.214846,3.660296,faster
a.any() [ndarray] (float64),NDArray,float64,1000,,0.00124,0.000842,available,,not_measured,managed,0.000842,1.472684,negligible
a.any() [ndarray] (float64),NDArray,float64,100000,,0.076923,0.001165,available,,not_measured,managed,0.001165,66.028326,negligible
a.any() [ndarray] (float64),NDArray,float64,10000000,,0.75295,0.001061,available,,not_measured,managed,0.001061,709.660697,negligible
a.argmax() [ndarray] (float64),NDArray,float64,1000,,0.000386,0.000754,available,,not_measured,managed,0.000754,0.511936,negligible
a.argmax() [ndarray] (float64),NDArray,float64,100000,,0.063944,0.01909,available,,not_measured,managed,0.01909,3.349607,faster
a.argmax() [ndarray] (float64),NDArray,float64,10000000,,0.63755,0.425356,available,,not_measured,managed,0.425356,1.498862,faster
a.argmin() [ndarray] (float64),NDArray,float64,1000,,0.00038,0.000967,available,,not_measured,managed,0.000967,0.392968,negligible
a.argmin() [ndarray] (float64),NDArray,float64,100000,,0.063936,0.048969,available,,not_measured,managed,0.048969,1.305642,faster
a.argmin() [ndarray] (float64),NDArray,float64,10000000,,0.6375,0.206245,available,,not_measured,managed,0.206245,3.090984,faster
a.argpartition(kth) [ndarray] (float64),NDArray,float64,1000,,0.012135,0.007089,available,,not_measured,managed,0.007089,1.711807,faster
a.argpartition(kth) [ndarray] (float64),NDArray,float64,100000,,0.3324,0.548808,available,,not_measured,managed,0.548808,0.605676,slower
a.argpartition(kth) [ndarray] (float64),NDArray,float64,10000000,,3.7932,8.7297,available,,not_measured,managed,8.7297,0.434517,slower
a.argsort() [ndarray] (float64),NDArray,float64,1000,,0.040324,0.024426,available,,not_measured,managed,0.024426,1.650864,faster
a.argsort() [ndarray] (float64),NDArray,float64,100000,,5.0054,3.2725,available,,not_measured,managed,3.2725,1.529534,faster
a.argsort() [ndarray] (float64),NDArray,float64,10000000,,59.9784,29.1289,available,,not_measured,managed,29.1289,2.059068,faster
a.choose(choices) [ndarray] (float64),NDArray,float64,1000,,0.004393,0.002902,available,,not_measured,managed,0.002902,1.513784,faster
a.choose(choices) [ndarray] (float64),NDArray,float64,100000,,1.1367,0.130747,available,,not_measured,managed,0.130747,8.69389,faster
a.choose(choices) [ndarray] (float64),NDArray,float64,10000000,,11.2032,3.698833,available,,not_measured,managed,3.698833,3.028847,faster
"a.clip(min, max) [ndarray] (float64)",NDArray,float64,1000,,0.000997,0.000809,available,,not_measured,managed,0.000809,1.232386,negligible
"a.clip(min, max) [ndarray] (float64)",NDArray,float64,100000,,0.024107,0.077243,available,,not_measured,managed,0.077243,0.312093,much_slower
"a.clip(min, max) [ndarray] (float64)",NDArray,float64,10000000,,1.6777,1.10762,available,,not_measured,managed,1.10762,1.514689,faster
a.compress(mask) [ndarray] (float64),NDArray,float64,1000,,0.001395,0.000804,available,,not_measured,managed,0.000804,1.735075,negligible
a.compress(mask) [ndarray] (float64),NDArray,float64,100000,,0.23772,0.06964,available,,not_measured,managed,0.06964,3.413555,faster
a.compress(mask) [ndarray] (float64),NDArray,float64,10000000,,3.333,0.698556,available,,not_measured,managed,0.698556,4.771271,faster
a.conj() [ndarray] (float64),NDArray,float64,1000,,6e-05,1e-06,available,,not_measured,managed,1e-06,60.0,negligible
a.conj() [ndarray] (float64),NDArray,float64,100000,,8.7e-05,1e-06,available,,not_measured,managed,1e-06,87.0,negligible
a.conj() [ndarray] (float64),NDArray,float64,10000000,,8.7e-05,1e-06,available,,not_measured,managed,1e-06,87.0,negligible
a.conjugate() [ndarray] (float64),NDArray,float64,1000,,6e-05,1e-06,available,,not_measured,managed,1e-06,60.0,negligible
a.conjugate() [ndarray] (float64),NDArray,float64,100000,,8.6e-05,1e-06,available,,not_measured,managed,1e-06,86.0,negligible
a.conjugate() [ndarray] (float64),NDArray,float64,10000000,,8.6e-05,1e-06,available,,not_measured,managed,1e-06,86.0,negligible
a.cumprod() [ndarray] (float64),NDArray,float64,1000,,0.0028,0.001882,available,,not_measured,managed,0.001882,1.487779,faster
a.cumprod() [ndarray] (float64),NDArray,float64,100000,,0.2841,0.175102,available,,not_measured,managed,0.175102,1.622483,faster
a.cumprod() [ndarray] (float64),NDArray,float64,10000000,,3.7097,1.61445,available,,not_measured,managed,1.61445,2.29781,faster
a.cumsum() [ndarray] (float64),NDArray,float64,1000,,0.002133,0.002603,available,,not_measured,managed,0.002603,0.819439,close
a.cumsum() [ndarray] (float64),NDArray,float64,100000,,0.2824,0.143158,available,,not_measured,managed,0.143158,1.972646,faster
a.cumsum() [ndarray] (float64),NDArray,float64,10000000,,3.7025,1.4411,available,,not_measured,managed,1.4411,2.569218,faster
a.diagonal() [ndarray] (float64),NDArray,float64,1000,,0.000103,0.000146,available,,not_measured,managed,0.000146,0.705479,negligible
a.diagonal() [ndarray] (float64),NDArray,float64,100000,,0.000151,0.000213,available,,not_measured,managed,0.000213,0.70892,negligible
a.diagonal() [ndarray] (float64),NDArray,float64,10000000,,0.000151,0.000194,available,,not_measured,managed,0.000194,0.778351,negligible
a.dot(b) [ndarray] (float64),NDArray,float64,1000,,0.001063,0.000394,available,0.0006,available,managed,0.000394,2.69797,negligible
a.dot(b) [ndarray] (float64),NDArray,float64,100000,,0.015654,0.017009,available,0.0097,available,openblas,0.0097,1.613814,faster
a.dot(b) [ndarray] (float64),NDArray,float64,10000000,,0.33305,0.397382,available,0.1731,available,openblas,0.1731,1.924032,faster
a.fill(value) [ndarray] (float64),NDArray,float64,1000,,0.000364,8.5e-05,available,,not_measured,managed,8.5e-05,4.282353,negligible
a.fill(value) [ndarray] (float64),NDArray,float64,100000,,0.020808,0.020463,available,,not_measured,managed,0.020463,1.01686,close
a.fill(value) [ndarray] (float64),NDArray,float64,10000000,,0.249967,0.250271,available,,not_measured,managed,0.250271,0.998785,close
a.getfield(dtype) [ndarray] (float64),NDArray,float64,1000,,0.000197,0.00038,available,,not_measured,managed,0.00038,0.518421,negligible
a.getfield(dtype) [ndarray] (float64),NDArray,float64,100000,,0.000151,0.000303,available,,not_measured,managed,0.000303,0.49835,negligible
a.getfield(dtype) [ndarray] (float64),NDArray,float64,10000000,,0.000197,0.000283,available,,not_measured,managed,0.000283,0.696113,negligible
a.item(index) [ndarray] (float64),NDArray,float64,1000,,0.000124,6e-06,available,,not_measured,managed,6e-06,20.666667,negligible
a.item(index) [ndarray] (float64),NDArray,float64,100000,,0.000124,7e-06,available,,not_measured,managed,7e-06,17.714286,negligible
a.item(index) [ndarray] (float64),NDArray,float64,10000000,,0.000124,7e-06,available,,not_measured,managed,7e-06,17.714286,negligible
a.max() [ndarray] (float64),NDArray,float64,1000,,0.000899,0.000542,available,,not_measured,managed,0.000542,1.658672,negligible
a.max() [ndarray] (float64),NDArray,float64,100000,,0.037422,0.016619,available,,not_measured,managed,0.016619,2.25176,faster
a.max() [ndarray] (float64),NDArray,float64,10000000,,0.359567,0.216414,available,,not_measured,managed,0.216414,1.661478,faster
a.min() [ndarray] (float64),NDArray,float64,1000,,0.000902,0.000431,available,,not_measured,managed,0.000431,2.092807,negligible
a.min() [ndarray] (float64),NDArray,float64,100000,,0.037331,0.017064,available,,not_measured,managed,0.017064,2.187705,faster
a.min() [ndarray] (float64),NDArray,float64,10000000,,0.359233,0.202627,available,,not_measured,managed,0.202627,1.772878,faster
a.nonzero() [ndarray] (float64),NDArray,float64,1000,,0.003414,0.002183,available,,not_measured,managed,0.002183,1.563903,faster
a.nonzero() [ndarray] (float64),NDArray,float64,100000,,0.28975,0.10281,available,,not_measured,managed,0.10281,2.818306,faster
a.nonzero() [ndarray] (float64),NDArray,float64,10000000,,3.6887,1.374637,available,,not_measured,managed,1.374637,2.683399,faster
a.partition(kth) [ndarray] (float64),NDArray,float64,1000,,0.006777,0.010388,available,,not_measured,managed,0.010388,0.652387,slower
a.partition(kth) [ndarray] (float64),NDArray,float64,100000,,0.383133,0.615596,available,,not_measured,managed,0.615596,0.622377,slower
a.partition(kth) [ndarray] (float64),NDArray,float64,10000000,,4.923,7.3366,available,,not_measured,managed,7.3366,0.671019,slower
a.prod() [ndarray] (float64),NDArray,float64,1000,,0.002053,0.000387,available,,not_measured,managed,0.000387,5.30491,negligible
a.prod() [ndarray] (float64),NDArray,float64,100000,,0.097482,0.007941,available,,not_measured,managed,0.007941,12.275784,faster
a.prod() [ndarray] (float64),NDArray,float64,10000000,,0.9434,0.17477,available,,not_measured,managed,0.17477,5.397952,faster
"a.put(indices, values) [ndarray] (float64)",NDArray,float64,1000,,0.001399,0.001976,available,,not_measured,managed,0.001976,0.707996,slower
"a.put(indices, values) [ndarray] (float64)",NDArray,float64,100000,,0.18535,0.099317,available,,not_measured,managed,0.099317,1.866246,faster
"a.put(indices, values) [ndarray] (float64)",NDArray,float64,10000000,,2.6653,1.305453,available,,not_measured,managed,1.305453,2.041667,faster
a.repeat(repeats) [ndarray] (float64),NDArray,float64,1000,,0.00223,0.003308,available,,not_measured,managed,0.003308,0.674123,slower
a.repeat(repeats) [ndarray] (float64),NDArray,float64,100000,,0.9455,0.263199,available,,not_measured,managed,0.263199,3.592339,faster
a.repeat(repeats) [ndarray] (float64),NDArray,float64,10000000,,9.6122,3.087414,available,,not_measured,managed,3.087414,3.11335,faster
a.reshape(shape) [ndarray] (float64),NDArray,float64,1000,,0.000213,0.000322,available,,not_measured,managed,0.000322,0.661491,negligible
a.reshape(shape) [ndarray] (float64),NDArray,float64,100000,,0.000223,0.000284,available,,not_measured,managed,0.000284,0.785211,negligible
a.reshape(shape) [ndarray] (float64),NDArray,float64,10000000,,0.000215,0.000516,available,,not_measured,managed,0.000516,0.416667,negligible
a.resize(shape) [ndarray] (float64),NDArray,float64,1000,,0.000652,0.002034,available,,not_measured,managed,0.002034,0.320551,negligible
a.resize(shape) [ndarray] (float64),NDArray,float64,100000,,0.023219,0.064539,available,,not_measured,managed,0.064539,0.359767,slower
a.resize(shape) [ndarray] (float64),NDArray,float64,10000000,,1.2062,1.55054,available,,not_measured,managed,1.55054,0.777923,slower
a.round() [ndarray] (float64),NDArray,float64,1000,,0.001309,0.001031,available,,not_measured,managed,0.001031,1.269641,faster
a.round() [ndarray] (float64),NDArray,float64,100000,,0.021861,0.029419,available,,not_measured,managed,0.029419,0.743091,slower
a.round() [ndarray] (float64),NDArray,float64,10000000,,1.6577,0.958991,available,,not_measured,managed,0.958991,1.728588,faster
a.searchsorted(v) [ndarray] (float64),NDArray,float64,1000,,0.011587,0.01129,available,,not_measured,managed,0.01129,1.026306,close
a.searchsorted(v) [ndarray] (float64),NDArray,float64,100000,,2.5516,2.7768,available,,not_measured,managed,2.7768,0.918899,close
a.searchsorted(v) [ndarray] (float64),NDArray,float64,10000000,,28.407,29.9858,available,,not_measured,managed,29.9858,0.947348,close
"a.setfield(value, dtype) [ndarray] (float64)",NDArray,float64,1000,,0.000375,0.002127,available,,not_measured,managed,0.002127,0.176305,negligible
"a.setfield(value, dtype) [ndarray] (float64)",NDArray,float64,100000,,0.02188,0.05097,available,,not_measured,managed,0.05097,0.429272,slower
"a.setfield(value, dtype) [ndarray] (float64)",NDArray,float64,10000000,,0.251675,0.532883,available,,not_measured,managed,0.532883,0.472289,slower
a.setflags(write=True) [ndarray] (float64),NDArray,float64,1000,,0.000134,1.6e-05,available,,not_measured,managed,1.6e-05,8.375,negligible
a.setflags(write=True) [ndarray] (float64),NDArray,float64,100000,,0.000188,1.4e-05,available,,not_measured,managed,1.4e-05,13.428571,negligible
a.setflags(write=True) [ndarray] (float64),NDArray,float64,10000000,,0.00019,1.2e-05,available,,not_measured,managed,1.2e-05,15.833333,negligible
a.sort() [ndarray] (float64),NDArray,float64,1000,,0.008429,0.020817,available,,not_measured,managed,0.020817,0.404909,slower
a.sort() [ndarray] (float64),NDArray,float64,100000,,1.1786,1.7291,available,,not_measured,managed,1.7291,0.681626,slower
a.sort() [ndarray] (float64),NDArray,float64,10000000,,15.9575,19.8318,available,,not_measured,managed,19.8318,0.804642,close
a.squeeze() [ndarray] (float64),NDArray,float64,1000,,0.000189,0.00017,available,,not_measured,managed,0.00017,1.111765,negligible
a.squeeze() [ndarray] (float64),NDArray,float64,100000,,0.00019,0.000201,available,,not_measured,managed,0.000201,0.945274,negligible
a.squeeze() [ndarray] (float64),NDArray,float64,10000000,,0.000189,0.000181,available,,not_measured,managed,0.000181,1.044199,negligible
"a.swapaxes(0, 1) [ndarray] (float64)",NDArray,float64,1000,,0.000191,0.000317,available,,not_measured,managed,0.000317,0.602524,negligible
"a.swapaxes(0, 1) [ndarray] (float64)",NDArray,float64,100000,,0.000192,0.000378,available,,not_measured,managed,0.000378,0.507937,negligible
"a.swapaxes(0, 1) [ndarray] (float64)",NDArray,float64,10000000,,0.000193,0.000313,available,,not_measured,managed,0.000313,0.616613,negligible
a.take(indices) [ndarray] (float64),NDArray,float64,1000,,0.002539,0.000825,available,,not_measured,managed,0.000825,3.077576,negligible
a.take(indices) [ndarray] (float64),NDArray,float64,100000,,0.18072,0.040848,available,,not_measured,managed,0.040848,4.424207,faster
a.take(indices) [ndarray] (float64),NDArray,float64,10000000,,2.2523,1.293567,available,,not_measured,managed,1.293567,1.741154,faster
a.to_device(cpu) [ndarray] (float64),NDArray,float64,1000,,0.000113,0.0,available,,not_measured,managed,0.0,,negligible
a.to_device(cpu) [ndarray] (float64),NDArray,float64,100000,,0.000113,0.0,available,,not_measured,managed,0.0,,negligible
a.to_device(cpu) [ndarray] (float64),NDArray,float64,10000000,,0.000118,0.0,available,,not_measured,managed,0.0,,negligible
a.tobytes() [ndarray] (float64),NDArray,float64,1000,,0.000273,0.000381,available,,not_measured,managed,0.000381,0.716535,negligible
a.tobytes() [ndarray] (float64),NDArray,float64,100000,,0.021634,0.075864,available,,not_measured,managed,0.075864,0.285168,much_slower
a.tobytes() [ndarray] (float64),NDArray,float64,10000000,,1.2111,0.637125,available,,not_measured,managed,0.637125,1.900883,faster
a.tofile(path) [ndarray] (float64),NDArray,float64,1000,,0.180567,0.135254,available,,not_measured,managed,0.135254,1.335022,faster
a.tofile(path) [ndarray] (float64),NDArray,float64,100000,,0.4717,1.642531,available,,not_measured,managed,1.642531,0.287179,much_slower
a.tofile(path) [ndarray] (float64),NDArray,float64,10000000,,1.3747,3.1015,available,,not_measured,managed,3.1015,0.443237,slower
a.tolist() [ndarray] (float64),NDArray,float64,1000,,0.007714,0.005648,available,,not_measured,managed,0.005648,1.365793,faster
a.tolist() [ndarray] (float64),NDArray,float64,100000,,1.4132,1.602838,available,,not_measured,managed,1.602838,0.881686,close
a.tolist() [ndarray] (float64),NDArray,float64,10000000,,16.142,34.3612,available,,not_measured,managed,34.3612,0.469774,slower
a.trace() [ndarray] (float64),NDArray,float64,1000,,0.00261,0.000484,available,,not_measured,managed,0.000484,5.392562,negligible
a.trace() [ndarray] (float64),NDArray,float64,100000,,0.002613,0.000482,available,,not_measured,managed,0.000482,5.421162,negligible
a.trace() [ndarray] (float64),NDArray,float64,10000000,,0.002623,0.000368,available,,not_measured,managed,0.000368,7.127717,negligible
a.transpose() [ndarray] (float64),NDArray,float64,1000,,0.000145,0.000294,available,,not_measured,managed,0.000294,0.493197,negligible
a.transpose() [ndarray] (float64),NDArray,float64,100000,,0.000144,0.000301,available,,not_measured,managed,0.000301,0.478405,negligible
a.transpose() [ndarray] (float64),NDArray,float64,10000000,,0.000143,0.000224,available,,not_measured,managed,0.000224,0.638393,negligible
a.view() [ndarray] (float64),NDArray,float64,1000,,0.000122,0.000184,available,,not_measured,managed,0.000184,0.663043,negligible
a.view() [ndarray] (float64),NDArray,float64,100000,,0.000118,0.000202,available,,not_measured,managed,0.000202,0.584158,negligible
a.view() [ndarray] (float64),NDArray,float64,10000000,,0.000118,0.0002,available,,not_measured,managed,0.0002,0.59,negligible
"np.random.beta(a, b) (float64)",Random,float64,1000,,0.039896,0.041005,available,,not_measured,managed,0.041005,0.972955,close
"np.random.beta(a, b) (float64)",Random,float64,100000,,7.1171,7.952425,available,,not_measured,managed,7.952425,0.89496,close
"np.random.beta(a, b) (float64)",Random,float64,10000000,,45.1509,66.1312,available,,not_measured,managed,66.1312,0.682747,slower
"np.random.binomial(n, p) (int64)",Random,int64,1000,,0.033929,0.10101,available,,not_measured,managed,0.10101,0.335897,slower
"np.random.binomial(n, p) (int64)",Random,int64,100000,,3.2714,13.03975,available,,not_measured,managed,13.03975,0.250879,much_slower
"np.random.binomial(n, p) (int64)",Random,int64,10000000,,33.1202,137.5616,available,,not_measured,managed,137.5616,0.240766,much_slower
np.random.chisquare(df) (float64),Random,float64,1000,,0.020312,0.021665,available,,not_measured,managed,0.021665,0.937549,close
np.random.chisquare(df) (float64),Random,float64,100000,,3.5301,4.159567,available,,not_measured,managed,4.159567,0.84867,close
np.random.chisquare(df) (float64),Random,float64,10000000,,20.9732,28.5676,available,,not_measured,managed,28.5676,0.73416,slower
"np.random.choice(a, size) (float64)",Random,float64,1000,,0.025032,0.006523,available,,not_measured,managed,0.006523,3.837498,faster
"np.random.choice(a, size) (float64)",Random,float64,100000,,1.1183,1.431491,available,,not_measured,managed,1.431491,0.781213,slower
"np.random.choice(a, size) (float64)",Random,float64,10000000,,8.2676,7.2102,available,,not_measured,managed,7.2102,1.146653,faster
"np.random.dirichlet(alpha, size) (float64)",Random,float64,1000,,0.0947,0.054196,available,,not_measured,managed,0.054196,1.747361,faster
"np.random.dirichlet(alpha, size) (float64)",Random,float64,100000,,9.134,5.57875,available,,not_measured,managed,5.57875,1.637284,faster
"np.random.dirichlet(alpha, size) (float64)",Random,float64,10000000,,91.2707,54.8261,available,,not_measured,managed,54.8261,1.664731,faster
np.random.exponential(scale) (float64),Random,float64,1000,,0.008814,0.020051,available,,not_measured,managed,0.020051,0.439579,slower
np.random.exponential(scale) (float64),Random,float64,100000,,1.3158,0.971264,available,,not_measured,managed,0.971264,1.35473,faster
np.random.exponential(scale) (float64),Random,float64,10000000,,14.2007,9.8346,available,,not_measured,managed,9.8346,1.443953,faster
"np.random.f(dfnum, dfden) (float64)",Random,float64,1000,,0.040036,0.044261,available,,not_measured,managed,0.044261,0.904544,close
"np.random.f(dfnum, dfden) (float64)",Random,float64,100000,,7.1246,8.14995,available,,not_measured,managed,8.14995,0.874189,close
"np.random.f(dfnum, dfden) (float64)",Random,float64,10000000,,73.6308,83.836,available,,not_measured,managed,83.836,0.878272,close
"np.random.gamma(shape, scale) (float64)",Random,float64,1000,,0.020492,0.021436,available,,not_measured,managed,0.021436,0.955962,close
"np.random.gamma(shape, scale) (float64)",Random,float64,100000,,3.5202,2.109683,available,,not_measured,managed,2.109683,1.668592,faster
"np.random.gamma(shape, scale) (float64)",Random,float64,10000000,,25.9885,38.6304,available,,not_measured,managed,38.6304,0.672747,slower
np.random.geometric(p) (int64),Random,int64,1000,,0.02551,0.021549,available,,not_measured,managed,0.021549,1.183814,faster
np.random.geometric(p) (int64),Random,int64,100000,,2.2956,2.181009,available,,not_measured,managed,2.181009,1.05254,faster
np.random.geometric(p) (int64),Random,int64,10000000,,22.398,21.93915,available,,not_measured,managed,21.93915,1.020915,close
"np.random.gumbel(loc, scale) (float64)",Random,float64,1000,,0.014256,0.028316,available,,not_measured,managed,0.028316,0.503461,slower
"np.random.gumbel(loc, scale) (float64)",Random,float64,100000,,2.4656,1.522611,available,,not_measured,managed,1.522611,1.619324,faster
"np.random.gumbel(loc, scale) (float64)",Random,float64,10000000,,25.9351,19.6637,available,,not_measured,managed,19.6637,1.318933,faster
"np.random.hypergeometric(ngood, nbad, nsample) (int64)",Random,int64,1000,,0.096082,0.15202,available,,not_measured,managed,0.15202,0.632035,slower
"np.random.hypergeometric(ngood, nbad, nsample) (int64)",Random,int64,100000,,9.3503,15.18645,available,,not_measured,managed,15.18645,0.6157,slower
"np.random.hypergeometric(ngood, nbad, nsample) (int64)",Random,int64,10000000,,94.8368,154.0227,available,,not_measured,managed,154.0227,0.615733,slower
"np.random.laplace(loc, scale) (float64)",Random,float64,1000,,0.013814,0.016287,available,,not_measured,managed,0.016287,0.848161,close
"np.random.laplace(loc, scale) (float64)",Random,float64,100000,,1.8869,1.545216,available,,not_measured,managed,1.545216,1.221124,faster
"np.random.laplace(loc, scale) (float64)",Random,float64,10000000,,19.8819,24.07055,available,,not_measured,managed,24.07055,0.825984,close
"np.random.logistic(loc, scale) (float64)",Random,float64,1000,,0.009206,0.011052,available,,not_measured,managed,0.011052,0.832971,close
"np.random.logistic(loc, scale) (float64)",Random,float64,100000,,1.4242,1.103792,available,,not_measured,managed,1.103792,1.290279,faster
"np.random.logistic(loc, scale) (float64)",Random,float64,10000000,,15.2621,10.73325,available,,not_measured,managed,10.73325,1.421946,faster
"np.random.lognormal(mean, sigma) (float64)",Random,float64,1000,,0.017936,0.014385,available,,not_measured,managed,0.014385,1.246854,faster
"np.random.lognormal(mean, sigma) (float64)",Random,float64,100000,,2.754,1.47605,available,,not_measured,managed,1.47605,1.86579,faster
"np.random.lognormal(mean, sigma) (float64)",Random,float64,10000000,,23.5931,18.2934,available,,not_measured,managed,18.2934,1.289706,faster
np.random.logseries(p) (int64),Random,int64,1000,,0.04038,0.02782,available,,not_measured,managed,0.02782,1.451474,faster
np.random.logseries(p) (int64),Random,int64,100000,,3.8227,2.574383,available,,not_measured,managed,2.574383,1.484899,faster
np.random.logseries(p) (int64),Random,int64,10000000,,38.2846,38.8331,available,,not_measured,managed,38.8331,0.985875,close
"np.random.multinomial(n, pvals, size) (int64)",Random,int64,1000,,0.111511,0.213821,available,,not_measured,managed,0.213821,0.521516,slower
"np.random.multinomial(n, pvals, size) (int64)",Random,int64,100000,,11.2298,21.6308,available,,not_measured,managed,21.6308,0.519158,slower
"np.random.multinomial(n, pvals, size) (int64)",Random,int64,10000000,,112.4637,216.0906,available,,not_measured,managed,216.0906,0.520447,slower
"np.random.multivariate_normal(mean, cov, size) (float64)",Random,float64,1000,,0.060282,0.08507,available,,not_measured,managed,0.08507,0.708616,slower
"np.random.multivariate_normal(mean, cov, size) (float64)",Random,float64,100000,,6.9212,4.335,available,,not_measured,managed,4.335,1.596586,faster
"np.random.multivariate_normal(mean, cov, size) (float64)",Random,float64,10000000,,52.0531,65.1665,available,,not_measured,managed,65.1665,0.798771,slower
"np.random.negative_binomial(n, p) (int64)",Random,int64,1000,,0.1073,0.135869,available,,not_measured,managed,0.135869,0.789731,slower
"np.random.negative_binomial(n, p) (int64)",Random,int64,100000,,10.7126,13.5743,available,,not_measured,managed,13.5743,0.789182,slower
"np.random.negative_binomial(n, p) (int64)",Random,int64,10000000,,106.0055,102.3849,available,,not_measured,managed,102.3849,1.035363,close
"np.random.noncentral_chisquare(df, nonc) (float64)",Random,float64,1000,,0.032755,0.064359,available,,not_measured,managed,0.064359,0.508942,slower
"np.random.noncentral_chisquare(df, nonc) (float64)",Random,float64,100000,,5.8942,6.4288,available,,not_measured,managed,6.4288,0.916843,close
"np.random.noncentral_chisquare(df, nonc) (float64)",Random,float64,10000000,,61.6888,41.6304,available,,not_measured,managed,41.6304,1.481821,faster
"np.random.noncentral_f(dfnum, dfden, nonc) (float64)",Random,float64,1000,,0.052426,0.098944,available,,not_measured,managed,0.098944,0.529855,slower
"np.random.noncentral_f(dfnum, dfden, nonc) (float64)",Random,float64,100000,,9.5199,9.8464,available,,not_measured,managed,9.8464,0.966841,close
"np.random.noncentral_f(dfnum, dfden, nonc) (float64)",Random,float64,10000000,,98.0034,98.5614,available,,not_measured,managed,98.5614,0.994339,close
"np.random.normal(loc, scale) (float64)",Random,float64,1000,,0.01127,0.021229,available,,not_measured,managed,0.021229,0.530878,slower
"np.random.normal(loc, scale) (float64)",Random,float64,100000,,1.8102,1.52792,available,,not_measured,managed,1.52792,1.184748,faster
"np.random.normal(loc, scale) (float64)",Random,float64,10000000,,19.3406,11.4726,available,,not_measured,managed,11.4726,1.685808,faster
np.random.pareto(a) (float64),Random,float64,1000,,0.014945,0.026391,available,,not_measured,managed,0.026391,0.566292,slower
np.random.pareto(a) (float64),Random,float64,100000,,2.3462,1.844422,available,,not_measured,managed,1.844422,1.272052,faster
np.random.pareto(a) (float64),Random,float64,10000000,,24.8164,26.0722,available,,not_measured,managed,26.0722,0.951834,close
np.random.permutation(a) (float64),Random,float64,1000,,0.01398,0.017053,available,,not_measured,managed,0.017053,0.819797,close
np.random.permutation(a) (float64),Random,float64,100000,,1.9173,1.809559,available,,not_measured,managed,1.809559,1.05954,faster
np.random.permutation(a) (float64),Random,float64,10000000,,25.9465,24.4646,available,,not_measured,managed,24.4646,1.060573,faster
np.random.poisson(lam) (int64),Random,int64,1000,,0.046455,0.052922,available,,not_measured,managed,0.052922,0.877801,close
np.random.poisson(lam) (int64),Random,int64,100000,,4.3959,5.2639,available,,not_measured,managed,5.2639,0.835103,close
np.random.poisson(lam) (int64),Random,int64,10000000,,44.3588,52.5315,available,,not_measured,managed,52.5315,0.844423,close
np.random.power(a) (float64),Random,float64,1000,,0.02852,0.014873,available,,not_measured,managed,0.014873,1.917569,faster
np.random.power(a) (float64),Random,float64,100000,,4.9481,1.523522,available,,not_measured,managed,1.523522,3.247803,faster
np.random.power(a) (float64),Random,float64,10000000,,51.4235,26.4957,available,,not_measured,managed,26.4957,1.940824,faster
np.random.rand(n) (float64),Random,float64,1000,,0.004059,0.006064,available,,not_measured,managed,0.006064,0.66936,slower
np.random.rand(n) (float64),Random,float64,100000,,0.5314,1.236267,available,,not_measured,managed,1.236267,0.429842,slower
np.random.rand(n) (float64),Random,float64,10000000,,6.0857,12.2685,available,,not_measured,managed,12.2685,0.496043,slower
"np.random.randint(low, high) (int64)",Random,int64,1000,,0.015778,0.008568,available,,not_measured,managed,0.008568,1.841503,faster
"np.random.randint(low, high) (int64)",Random,int64,100000,,0.5896,0.867347,available,,not_measured,managed,0.867347,0.679774,slower
"np.random.randint(low, high) (int64)",Random,int64,10000000,,7.0299,5.7044,available,,not_measured,managed,5.7044,1.232364,faster
np.random.randn(n) (float64),Random,float64,1000,,0.018561,0.021749,available,,not_measured,managed,0.021749,0.853419,close
np.random.randn(n) (float64),Random,float64,100000,,1.6913,1.245075,available,,not_measured,managed,1.245075,1.358392,faster
np.random.randn(n) (float64),Random,float64,10000000,,18.0003,21.2504,available,,not_measured,managed,21.2504,0.847057,close
np.random.random(n) (float64),Random,float64,1000,,0.006819,0.012552,available,,not_measured,managed,0.012552,0.54326,slower
np.random.random(n) (float64),Random,float64,100000,,0.53235,0.768953,available,,not_measured,managed,0.768953,0.692305,slower
np.random.random(n) (float64),Random,float64,10000000,,6.1012,5.87295,available,,not_measured,managed,5.87295,1.038865,close
np.random.random_sample(n) (float64),Random,float64,1000,,0.006674,0.013071,available,,not_measured,managed,0.013071,0.510596,slower
np.random.random_sample(n) (float64),Random,float64,100000,,0.53125,0.587675,available,,not_measured,managed,0.587675,0.903986,close
np.random.random_sample(n) (float64),Random,float64,10000000,,6.1005,12.25715,available,,not_measured,managed,12.25715,0.49771,slower
np.random.rayleigh(scale) (float64),Random,float64,1000,,0.018248,0.009852,available,,not_measured,managed,0.009852,1.852213,faster
np.random.rayleigh(scale) (float64),Random,float64,100000,,1.6387,1.586892,available,,not_measured,managed,1.586892,1.032647,close
np.random.rayleigh(scale) (float64),Random,float64,10000000,,17.7507,9.9726,available,,not_measured,managed,9.9726,1.779947,faster
np.random.shuffle(a) (float64),Random,float64,1000,,0.019342,0.011665,available,,not_measured,managed,0.011665,1.658123,faster
np.random.shuffle(a) (float64),Random,float64,100000,,1.8803,1.087957,available,,not_measured,managed,1.087957,1.728285,faster
np.random.shuffle(a) (float64),Random,float64,10000000,,13.6039,19.2075,available,,not_measured,managed,19.2075,0.70826,slower
np.random.standard_cauchy(n) (float64),Random,float64,1000,,0.036522,0.017086,available,,not_measured,managed,0.017086,2.13754,faster
np.random.standard_cauchy(n) (float64),Random,float64,100000,,3.5634,1.503138,available,,not_measured,managed,1.503138,2.370641,faster
np.random.standard_cauchy(n) (float64),Random,float64,10000000,,37.6464,25.022,available,,not_measured,managed,25.022,1.504532,faster
np.random.standard_exponential(n) (float64),Random,float64,1000,,0.01408,0.018487,available,,not_measured,managed,0.018487,0.761616,slower
np.random.standard_exponential(n) (float64),Random,float64,100000,,0.8169,1.041181,available,,not_measured,managed,1.041181,0.78459,slower
np.random.standard_exponential(n) (float64),Random,float64,10000000,,13.5842,18.0175,available,,not_measured,managed,18.0175,0.753945,slower
np.random.standard_gamma(shape) (float64),Random,float64,1000,,0.0363,0.020857,available,,not_measured,managed,0.020857,1.740423,faster
np.random.standard_gamma(shape) (float64),Random,float64,100000,,3.459,2.13425,available,,not_measured,managed,2.13425,1.62071,faster
np.random.standard_gamma(shape) (float64),Random,float64,10000000,,36.8304,20.9457,available,,not_measured,managed,20.9457,1.758375,faster
np.random.standard_normal(n) (float64),Random,float64,1000,,0.018306,0.012568,available,,not_measured,managed,0.012568,1.456556,faster
np.random.standard_normal(n) (float64),Random,float64,100000,,1.6837,1.239244,available,,not_measured,managed,1.239244,1.358651,faster
np.random.standard_normal(n) (float64),Random,float64,10000000,,18.4022,21.2515,available,,not_measured,managed,21.2515,0.865925,close
np.random.standard_t(df) (float64),Random,float64,1000,,0.05866,0.032865,available,,not_measured,managed,0.032865,1.784878,faster
np.random.standard_t(df) (float64),Random,float64,100000,,5.7424,6.012275,available,,not_measured,managed,6.012275,0.955113,close
np.random.standard_t(df) (float64),Random,float64,10000000,,60.0716,60.1078,available,,not_measured,managed,60.1078,0.999398,close
"np.random.triangular(left, mode, right) (float64)",Random,float64,1000,,0.014751,0.01227,available,,not_measured,managed,0.01227,1.2022,faster
"np.random.triangular(left, mode, right) (float64)",Random,float64,100000,,1.2143,0.916453,available,,not_measured,managed,0.916453,1.325,faster
"np.random.triangular(left, mode, right) (float64)",Random,float64,10000000,,13.4127,14.1186,available,,not_measured,managed,14.1186,0.950002,close
"np.random.uniform(low, high) (float64)",Random,float64,1000,,0.009921,0.010713,available,,not_measured,managed,0.010713,0.926071,close
"np.random.uniform(low, high) (float64)",Random,float64,100000,,0.63415,0.966494,available,,not_measured,managed,0.966494,0.656134,slower
"np.random.uniform(low, high) (float64)",Random,float64,10000000,,7.1013,5.111525,available,,not_measured,managed,5.111525,1.389272,faster
"np.random.vonmises(mu, kappa) (float64)",Random,float64,1000,,0.083142,0.048392,available,,not_measured,managed,0.048392,1.718094,faster
"np.random.vonmises(mu, kappa) (float64)",Random,float64,100000,,5.0847,8.49815,available,,not_measured,managed,8.49815,0.59833,slower
"np.random.vonmises(mu, kappa) (float64)",Random,float64,10000000,,84.9198,79.7199,available,,not_measured,managed,79.7199,1.065227,faster
"np.random.wald(mean, scale) (float64)",Random,float64,1000,,0.039261,0.046778,available,,not_measured,managed,0.046778,0.839305,close
"np.random.wald(mean, scale) (float64)",Random,float64,100000,,3.7576,4.688956,available,,not_measured,managed,4.688956,0.801372,close
"np.random.wald(mean, scale) (float64)",Random,float64,10000000,,37.0416,27.682,available,,not_measured,managed,27.682,1.338111,faster
np.random.weibull(a) (float64),Random,float64,1000,,0.036043,0.035961,available,,not_measured,managed,0.035961,1.00228,close
np.random.weibull(a) (float64),Random,float64,100000,,3.3893,2.159629,available,,not_measured,managed,2.159629,1.56939,faster
np.random.weibull(a) (float64),Random,float64,10000000,,35.5889,35.5585,available,,not_measured,managed,35.5585,1.000855,close
np.random.zipf(a) (int64),Random,int64,1000,,0.061081,0.081031,available,,not_measured,managed,0.081031,0.753798,slower
np.random.zipf(a) (int64),Random,int64,100000,,5.9221,4.790275,available,,not_measured,managed,4.790275,1.236276,faster
np.random.zipf(a) (int64),Random,int64,10000000,,59.9964,80.8535,available,,not_measured,managed,80.8535,0.742038,slower
a.amax() [method] (complex128),Reduction,complex128,1000,,0.00419,0.002145,available,,not_measured,managed,0.002145,1.95338,faster
a.amax() [method] (complex128),Reduction,complex128,100000,,0.166117,0.113005,available,,not_measured,managed,0.113005,1.469997,faster
a.amax() [method] (complex128),Reduction,complex128,10000000,,15.898,13.8809,available,,not_measured,managed,13.8809,1.145315,faster
a.amax() [method] (float16),Reduction,float16,1000,,0.005928,0.002097,available,,not_measured,managed,0.002097,2.826896,faster
a.amax() [method] (float16),Reduction,float16,100000,,0.6061,0.438931,available,,not_measured,managed,0.438931,1.380855,faster
a.amax() [method] (float16),Reduction,float16,10000000,,64.2042,32.5504,available,,not_measured,managed,32.5504,1.972455,faster
a.amax() [method] (float32),Reduction,float32,1000,,0.002611,0.000644,available,,not_measured,managed,0.000644,4.054348,negligible
a.amax() [method] (float32),Reduction,float32,100000,,0.020088,0.008642,available,,not_measured,managed,0.008642,2.324462,faster
a.amax() [method] (float32),Reduction,float32,10000000,,3.1094,3.368757,available,,not_measured,managed,3.368757,0.923011,close
a.amax() [method] (float64),Reduction,float64,1000,,0.002817,0.000432,available,,not_measured,managed,0.000432,6.520833,negligible
a.amax() [method] (float64),Reduction,float64,100000,,0.037852,0.016793,available,,not_measured,managed,0.016793,2.254034,faster
a.amax() [method] (float64),Reduction,float64,10000000,,7.4554,7.855475,available,,not_measured,managed,7.855475,0.949071,close
a.amax() [method] (int16),Reduction,int16,1000,,0.002455,0.00054,available,,not_measured,managed,0.00054,4.546296,negligible
a.amax() [method] (int16),Reduction,int16,100000,,0.005647,0.002508,available,,not_measured,managed,0.002508,2.251595,faster
a.amax() [method] (int16),Reduction,int16,10000000,,0.49445,0.544266,available,,not_measured,managed,0.544266,0.908471,close
a.amax() [method] (int32),Reduction,int32,1000,,0.00085,0.000588,available,,not_measured,managed,0.000588,1.445578,negligible
a.amax() [method] (int32),Reduction,int32,100000,,0.008995,0.004089,available,,not_measured,managed,0.004089,2.199804,faster
a.amax() [method] (int32),Reduction,int32,10000000,,2.5731,1.191775,available,,not_measured,managed,1.191775,2.159048,faster
a.amax() [method] (int64),Reduction,int64,1000,,0.002763,0.000597,available,,not_measured,managed,0.000597,4.628141,negligible
a.amax() [method] (int64),Reduction,int64,100000,,0.033137,0.02658,available,,not_measured,managed,0.02658,1.246689,faster
a.amax() [method] (int64),Reduction,int64,10000000,,7.9976,8.018375,available,,not_measured,managed,8.018375,0.997409,close
a.amax() [method] (int8),Reduction,int8,1000,,0.002487,0.000364,available,,not_measured,managed,0.000364,6.832418,negligible
a.amax() [method] (int8),Reduction,int8,100000,,0.004232,0.001601,available,,not_measured,managed,0.001601,2.643348,faster
a.amax() [method] (int8),Reduction,int8,10000000,,0.242025,0.163831,available,,not_measured,managed,0.163831,1.477285,faster
a.amax() [method] (uint16),Reduction,uint16,1000,,0.002445,0.000699,available,,not_measured,managed,0.000699,3.497854,negligible
a.amax() [method] (uint16),Reduction,uint16,100000,,0.005614,0.002511,available,,not_measured,managed,0.002511,2.235763,faster
a.amax() [method] (uint16),Reduction,uint16,10000000,,0.49195,0.328235,available,,not_measured,managed,0.328235,1.498774,faster
a.amax() [method] (uint32),Reduction,uint32,1000,,0.002493,0.000609,available,,not_measured,managed,0.000609,4.093596,negligible
a.amax() [method] (uint32),Reduction,uint32,100000,,0.009278,0.003259,available,,not_measured,managed,0.003259,2.846886,faster
a.amax() [method] (uint32),Reduction,uint32,10000000,,2.7322,1.135443,available,,not_measured,managed,1.135443,2.406285,faster
a.amax() [method] (uint64),Reduction,uint64,1000,,0.002857,0.000458,available,,not_measured,managed,0.000458,6.237991,negligible
a.amax() [method] (uint64),Reduction,uint64,100000,,0.043487,0.037121,available,,not_measured,managed,0.037121,1.171493,faster
a.amax() [method] (uint64),Reduction,uint64,10000000,,8.4381,7.107575,available,,not_measured,managed,7.107575,1.187198,faster
a.amax() [method] (uint8),Reduction,uint8,1000,,0.000824,0.000554,available,,not_measured,managed,0.000554,1.487365,negligible
a.amax() [method] (uint8),Reduction,uint8,100000,,0.004157,0.001606,available,,not_measured,managed,0.001606,2.588418,faster
a.amax() [method] (uint8),Reduction,uint8,10000000,,0.22796,0.145782,available,,not_measured,managed,0.145782,1.563705,faster
a.amin() [method] (complex128),Reduction,complex128,1000,,0.004129,0.00216,available,,not_measured,managed,0.00216,1.911574,faster
a.amin() [method] (complex128),Reduction,complex128,100000,,0.1661,0.143007,available,,not_measured,managed,0.143007,1.161482,faster
a.amin() [method] (complex128),Reduction,complex128,10000000,,18.6113,16.2822,available,,not_measured,managed,16.2822,1.143046,faster
a.amin() [method] (float16),Reduction,float16,1000,,0.005664,0.001776,available,,not_measured,managed,0.001776,3.189189,faster
a.amin() [method] (float16),Reduction,float16,100000,,0.59745,0.403119,available,,not_measured,managed,0.403119,1.482069,faster
a.amin() [method] (float16),Reduction,float16,10000000,,52.0186,38.8458,available,,not_measured,managed,38.8458,1.339105,faster
a.amin() [method] (float32),Reduction,float32,1000,,0.002596,0.000618,available,,not_measured,managed,0.000618,4.200647,negligible
a.amin() [method] (float32),Reduction,float32,100000,,0.020112,0.007175,available,,not_measured,managed,0.007175,2.803066,faster
a.amin() [method] (float32),Reduction,float32,10000000,,3.1402,1.3697,available,,not_measured,managed,1.3697,2.292619,faster
a.amin() [method] (float64),Reduction,float64,1000,,0.002784,0.000686,available,,not_measured,managed,0.000686,4.058309,negligible
a.amin() [method] (float64),Reduction,float64,100000,,0.037885,0.01718,available,,not_measured,managed,0.01718,2.20518,faster
a.amin() [method] (float64),Reduction,float64,10000000,,7.8026,7.9229,available,,not_measured,managed,7.9229,0.984816,close
a.amin() [method] (int16),Reduction,int16,1000,,0.002483,0.000785,available,,not_measured,managed,0.000785,3.163057,negligible
a.amin() [method] (int16),Reduction,int16,100000,,0.005658,0.002531,available,,not_measured,managed,0.002531,2.23548,faster
a.amin() [method] (int16),Reduction,int16,10000000,,0.4964,0.325102,available,,not_measured,managed,0.325102,1.526905,faster
a.amin() [method] (int32),Reduction,int32,1000,,0.00249,0.000401,available,,not_measured,managed,0.000401,6.209476,negligible
a.amin() [method] (int32),Reduction,int32,100000,,0.009245,0.004147,available,,not_measured,managed,0.004147,2.229322,faster
a.amin() [method] (int32),Reduction,int32,10000000,,2.5581,2.704475,available,,not_measured,managed,2.704475,0.945877,close
a.amin() [method] (int64),Reduction,int64,1000,,0.002752,0.000863,available,,not_measured,managed,0.000863,3.188876,negligible
a.amin() [method] (int64),Reduction,int64,100000,,0.0329,0.027173,available,,not_measured,managed,0.027173,1.210761,faster
a.amin() [method] (int64),Reduction,int64,10000000,,9.0763,8.2472,available,,not_measured,managed,8.2472,1.100531,faster
a.amin() [method] (int8),Reduction,int8,1000,,0.002457,0.000451,available,,not_measured,managed,0.000451,5.447894,negligible
a.amin() [method] (int8),Reduction,int8,100000,,0.004161,0.001559,available,,not_measured,managed,0.001559,2.669019,faster
a.amin() [method] (int8),Reduction,int8,10000000,,0.2395,0.226992,available,,not_measured,managed,0.226992,1.055103,faster
a.amin() [method] (uint16),Reduction,uint16,1000,,0.002451,0.000597,available,,not_measured,managed,0.000597,4.105528,negligible
a.amin() [method] (uint16),Reduction,uint16,100000,,0.005766,0.00243,available,,not_measured,managed,0.00243,2.37284,faster
a.amin() [method] (uint16),Reduction,uint16,10000000,,0.49615,0.340375,available,,not_measured,managed,0.340375,1.457657,faster
a.amin() [method] (uint32),Reduction,uint32,1000,,0.002486,0.000437,available,,not_measured,managed,0.000437,5.688787,negligible
a.amin() [method] (uint32),Reduction,uint32,100000,,0.008941,0.003666,available,,not_measured,managed,0.003666,2.438898,faster
a.amin() [method] (uint32),Reduction,uint32,10000000,,2.6017,2.903262,available,,not_measured,managed,2.903262,0.89613,close
a.amin() [method] (uint64),Reduction,uint64,1000,,0.002852,0.000963,available,,not_measured,managed,0.000963,2.961578,negligible
a.amin() [method] (uint64),Reduction,uint64,100000,,0.043539,0.03648,available,,not_measured,managed,0.03648,1.193503,faster
a.amin() [method] (uint64),Reduction,uint64,10000000,,8.039,7.72185,available,,not_measured,managed,7.72185,1.041072,close
a.amin() [method] (uint8),Reduction,uint8,1000,,0.000815,0.000604,available,,not_measured,managed,0.000604,1.349338,negligible
a.amin() [method] (uint8),Reduction,uint8,100000,,0.004165,0.000977,available,,not_measured,managed,0.000977,4.26305,negligible
a.amin() [method] (uint8),Reduction,uint8,10000000,,0.227575,0.225037,available,,not_measured,managed,0.225037,1.011278,close
a.mean() [method] (complex128),Reduction,complex128,1000,,0.006988,0.000501,available,,not_measured,managed,0.000501,13.948104,negligible
a.mean() [method] (complex128),Reduction,complex128,100000,,0.046671,0.012072,available,,not_measured,managed,0.012072,3.866054,faster
a.mean() [method] (complex128),Reduction,complex128,10000000,,17.4086,16.0023,available,,not_measured,managed,16.0023,1.087881,faster
a.mean() [method] (float16),Reduction,float16,1000,,0.012168,0.001237,available,,not_measured,managed,0.001237,9.836702,faster
a.mean() [method] (float16),Reduction,float16,100000,,0.16975,0.164298,available,,not_measured,managed,0.164298,1.033184,close
a.mean() [method] (float16),Reduction,float16,10000000,,16.6341,14.6068,available,,not_measured,managed,14.6068,1.138792,faster
a.mean() [method] (float32),Reduction,float32,1000,,0.009597,0.000622,available,,not_measured,managed,0.000622,15.42926,negligible
a.mean() [method] (float32),Reduction,float32,100000,,0.030906,0.003125,available,,not_measured,managed,0.003125,9.88992,faster
a.mean() [method] (float32),Reduction,float32,10000000,,8.257,1.2963,available,,not_measured,managed,1.2963,6.369668,faster
a.mean() [method] (float64),Reduction,float64,1000,,0.006162,0.000635,available,,not_measured,managed,0.000635,9.703937,negligible
a.mean() [method] (float64),Reduction,float64,100000,,0.028803,0.006021,available,,not_measured,managed,0.006021,4.783757,faster
a.mean() [method] (float64),Reduction,float64,10000000,,14.1436,2.9052,available,,not_measured,managed,2.9052,4.868374,faster
a.mean() [method] (int16),Reduction,int16,1000,,0.007868,0.000387,available,,not_measured,managed,0.000387,20.330749,negligible
a.mean() [method] (int16),Reduction,int16,100000,,0.085225,0.043977,available,,not_measured,managed,0.043977,1.937945,faster
a.mean() [method] (int16),Reduction,int16,10000000,,7.875,4.43805,available,,not_measured,managed,4.43805,1.774428,faster
a.mean() [method] (int32),Reduction,int32,1000,,0.007861,0.000385,available,,not_measured,managed,0.000385,20.418182,negligible
a.mean() [method] (int32),Reduction,int32,100000,,0.037591,0.043425,available,,not_measured,managed,0.043425,0.865653,close
a.mean() [method] (int32),Reduction,int32,10000000,,8.1815,2.85775,available,,not_measured,managed,2.85775,2.862917,faster
a.mean() [method] (int64),Reduction,int64,1000,,0.007848,0.00037,available,,not_measured,managed,0.00037,21.210811,negligible
a.mean() [method] (int64),Reduction,int64,100000,,0.082225,0.006272,available,,not_measured,managed,0.006272,13.109853,faster
a.mean() [method] (int64),Reduction,int64,10000000,,10.6779,6.57965,available,,not_measured,managed,6.57965,1.622867,faster
a.mean() [method] (int8),Reduction,int8,1000,,0.0078,0.000408,available,,not_measured,managed,0.000408,19.117647,negligible
a.mean() [method] (int8),Reduction,int8,100000,,0.08455,0.018567,available,,not_measured,managed,0.018567,4.553778,faster
a.mean() [method] (int8),Reduction,int8,10000000,,8.0054,1.844025,available,,not_measured,managed,1.844025,4.341264,faster
a.mean() [method] (uint16),Reduction,uint16,1000,,0.007813,0.000544,available,,not_measured,managed,0.000544,14.362132,negligible
a.mean() [method] (uint16),Reduction,uint16,100000,,0.085292,0.039048,available,,not_measured,managed,0.039048,2.184286,faster
a.mean() [method] (uint16),Reduction,uint16,10000000,,7.9914,4.191267,available,,not_measured,managed,4.191267,1.906679,faster
a.mean() [method] (uint32),Reduction,uint32,1000,,0.007839,0.000993,available,,not_measured,managed,0.000993,7.89426,negligible
a.mean() [method] (uint32),Reduction,uint32,100000,,0.077408,0.018995,available,,not_measured,managed,0.018995,4.075178,faster
a.mean() [method] (uint32),Reduction,uint32,10000000,,7.6381,5.024025,available,,not_measured,managed,5.024025,1.520315,faster
a.mean() [method] (uint64),Reduction,uint64,1000,,0.008069,0.0004,available,,not_measured,managed,0.0004,20.1725,negligible
a.mean() [method] (uint64),Reduction,uint64,100000,,0.10021,0.00963,available,,not_measured,managed,0.00963,10.406023,faster
a.mean() [method] (uint64),Reduction,uint64,10000000,,11.739,6.95135,available,,not_measured,managed,6.95135,1.688737,faster
a.mean() [method] (uint8),Reduction,uint8,1000,,0.002442,0.000575,available,,not_measured,managed,0.000575,4.246957,negligible
a.mean() [method] (uint8),Reduction,uint8,100000,,0.0845,0.039881,available,,not_measured,managed,0.039881,2.118803,faster
a.mean() [method] (uint8),Reduction,uint8,10000000,,7.8994,1.849186,available,,not_measured,managed,1.849186,4.271826,faster
a.std() [method] (float16),Reduction,float16,1000,,0.037892,0.004261,available,,not_measured,managed,0.004261,8.892748,faster
a.std() [method] (float16),Reduction,float16,100000,,1.5232,0.179397,available,,not_measured,managed,0.179397,8.490666,faster
a.std() [method] (float16),Reduction,float16,10000000,,157.9699,17.8496,available,,not_measured,managed,17.8496,8.850053,faster
a.std() [method] (float32),Reduction,float32,1000,,0.023005,0.000561,available,,not_measured,managed,0.000561,41.00713,negligible
a.std() [method] (float32),Reduction,float32,100000,,0.085867,0.018147,available,,not_measured,managed,0.018147,4.731746,faster
a.std() [method] (float32),Reduction,float32,10000000,,30.1885,2.8443,available,,not_measured,managed,2.8443,10.613684,faster
a.std() [method] (float64),Reduction,float64,1000,,0.018914,0.000956,available,,not_measured,managed,0.000956,19.784519,negligible
a.std() [method] (float64),Reduction,float64,100000,,0.106144,0.033853,available,,not_measured,managed,0.033853,3.135439,faster
a.std() [method] (float64),Reduction,float64,10000000,,44.396,14.652,available,,not_measured,managed,14.652,3.03003,faster
a.sum() [method] (complex128),Reduction,complex128,1000,,0.00276,0.000479,available,,not_measured,managed,0.000479,5.762004,negligible
a.sum() [method] (complex128),Reduction,complex128,100000,,0.042683,0.010858,available,,not_measured,managed,0.010858,3.931019,faster
a.sum() [method] (complex128),Reduction,complex128,10000000,,16.1014,6.4543,available,,not_measured,managed,6.4543,2.494678,faster
a.sum() [method] (float16),Reduction,float16,1000,,0.004582,0.000989,available,,not_measured,managed,0.000989,4.632963,negligible
a.sum() [method] (float16),Reduction,float16,100000,,0.19065,0.067172,available,,not_measured,managed,0.067172,2.838236,faster
a.sum() [method] (float16),Reduction,float16,10000000,,19.2052,6.8837,available,,not_measured,managed,6.8837,2.789953,faster
a.sum() [method] (float32),Reduction,float32,1000,,0.002481,0.000592,available,,not_measured,managed,0.000592,4.190878,negligible
a.sum() [method] (float32),Reduction,float32,100000,,0.023798,0.005724,available,,not_measured,managed,0.005724,4.157582,faster
a.sum() [method] (float32),Reduction,float32,10000000,,9.2661,2.759567,available,,not_measured,managed,2.759567,3.357809,faster
a.sum() [method] (float64),Reduction,float64,1000,,0.002479,0.000622,available,,not_measured,managed,0.000622,3.985531,negligible
a.sum() [method] (float64),Reduction,float64,100000,,0.025122,0.007715,available,,not_measured,managed,0.007715,3.256254,faster
a.sum() [method] (float64),Reduction,float64,10000000,,14.501,2.765825,available,,not_measured,managed,2.765825,5.24292,faster
a.sum() [method] (int16),Reduction,int16,1000,,0.003349,0.000456,available,,not_measured,managed,0.000456,7.344298,negligible
a.sum() [method] (int16),Reduction,int16,100000,,0.065643,0.025515,available,,not_measured,managed,0.025515,2.572722,faster
a.sum() [method] (int16),Reduction,int16,10000000,,6.3728,4.437033,available,,not_measured,managed,4.437033,1.436275,faster
a.sum() [method] (int32),Reduction,int32,1000,,0.003534,0.000794,available,,not_measured,managed,0.000794,4.450882,negligible
a.sum() [method] (int32),Reduction,int32,100000,,0.081525,0.044641,available,,not_measured,managed,0.044641,1.826236,faster
a.sum() [method] (int32),Reduction,int32,10000000,,8.6194,5.1351,available,,not_measured,managed,5.1351,1.678526,faster
a.sum() [method] (int64),Reduction,int64,1000,,0.002579,0.000406,available,,not_measured,managed,0.000406,6.352217,negligible
a.sum() [method] (int64),Reduction,int64,100000,,0.0289,0.006925,available,,not_measured,managed,0.006925,4.173285,faster
a.sum() [method] (int64),Reduction,int64,10000000,,8.8624,7.396475,available,,not_measured,managed,7.396475,1.198192,faster
a.sum() [method] (int8),Reduction,int8,1000,,0.003488,0.000804,available,,not_measured,managed,0.000804,4.338308,negligible
a.sum() [method] (int8),Reduction,int8,100000,,0.0795,0.044797,available,,not_measured,managed,0.044797,1.774672,faster
a.sum() [method] (int8),Reduction,int8,10000000,,7.6889,4.627875,available,,not_measured,managed,4.627875,1.661432,faster
a.sum() [method] (uint16),Reduction,uint16,1000,,0.00351,0.000561,available,,not_measured,managed,0.000561,6.256684,negligible
a.sum() [method] (uint16),Reduction,uint16,100000,,0.080185,0.039155,available,,not_measured,managed,0.039155,2.047887,faster
a.sum() [method] (uint16),Reduction,uint16,10000000,,7.9523,4.185833,available,,not_measured,managed,4.185833,1.899813,faster
a.sum() [method] (uint32),Reduction,uint32,1000,,0.001163,0.001,available,,not_measured,managed,0.001,1.163,faster
a.sum() [method] (uint32),Reduction,uint32,100000,,0.065863,0.039378,available,,not_measured,managed,0.039378,1.672584,faster
a.sum() [method] (uint32),Reduction,uint32,10000000,,3.7613,4.8706,available,,not_measured,managed,4.8706,0.772246,slower
a.sum() [method] (uint64),Reduction,uint64,1000,,0.00259,0.000532,available,,not_measured,managed,0.000532,4.868421,negligible
a.sum() [method] (uint64),Reduction,uint64,100000,,0.028768,0.007767,available,,not_measured,managed,0.007767,3.703875,faster
a.sum() [method] (uint64),Reduction,uint64,10000000,,3.6368,2.78105,available,,not_measured,managed,2.78105,1.307708,faster
a.sum() [method] (uint8),Reduction,uint8,1000,,0.001243,0.000996,available,,not_measured,managed,0.000996,1.247992,negligible
a.sum() [method] (uint8),Reduction,uint8,100000,,0.079438,0.040552,available,,not_measured,managed,0.040552,1.958917,faster
a.sum() [method] (uint8),Reduction,uint8,10000000,,7.7575,3.463314,available,,not_measured,managed,3.463314,2.239907,faster
a.var() [method] (float16),Reduction,float16,1000,,0.036376,0.002032,available,,not_measured,managed,0.002032,17.901575,faster
a.var() [method] (float16),Reduction,float16,100000,,1.5415,0.386223,available,,not_measured,managed,0.386223,3.991218,faster
a.var() [method] (float16),Reduction,float16,10000000,,147.6997,27.6389,available,,not_measured,managed,27.6389,5.343907,faster
a.var() [method] (float32),Reduction,float32,1000,,0.021652,0.000808,available,,not_measured,managed,0.000808,26.79703,negligible
a.var() [method] (float32),Reduction,float32,100000,,0.085042,0.013508,available,,not_measured,managed,0.013508,6.295677,faster
a.var() [method] (float32),Reduction,float32,10000000,,15.2245,6.40035,available,,not_measured,managed,6.40035,2.378698,faster
a.var() [method] (float64),Reduction,float64,1000,,0.017991,0.000745,available,,not_measured,managed,0.000745,24.148993,negligible
a.var() [method] (float64),Reduction,float64,100000,,0.10496,0.035771,available,,not_measured,managed,0.035771,2.93422,faster
a.var() [method] (float64),Reduction,float64,10000000,,32.045,15.5878,available,,not_measured,managed,15.5878,2.055774,faster
np.amax (complex128),Reduction,complex128,1000,,0.003006,0.002134,available,,not_measured,managed,0.002134,1.408622,faster
np.amax (complex128),Reduction,complex128,100000,,0.167817,0.14238,available,,not_measured,managed,0.14238,1.178656,faster
np.amax (complex128),Reduction,complex128,10000000,,20.4841,18.9426,available,,not_measured,managed,18.9426,1.081377,faster
np.amax (float16),Reduction,float16,1000,,0.007597,0.00208,available,,not_measured,managed,0.00208,3.652404,faster
np.amax (float16),Reduction,float16,100000,,0.62655,0.438686,available,,not_measured,managed,0.438686,1.428243,faster
np.amax (float16),Reduction,float16,10000000,,50.4091,46.4466,available,,not_measured,managed,46.4466,1.085313,faster
np.amax (float32),Reduction,float32,1000,,0.004244,0.000469,available,,not_measured,managed,0.000469,9.049041,negligible
np.amax (float32),Reduction,float32,100000,,0.021765,0.008627,available,,not_measured,managed,0.008627,2.522893,faster
np.amax (float32),Reduction,float32,10000000,,3.1004,3.378343,available,,not_measured,managed,3.378343,0.917728,close
np.amax (float64),Reduction,float64,1000,,0.004421,0.00039,available,,not_measured,managed,0.00039,11.335897,negligible
np.amax (float64),Reduction,float64,100000,,0.039454,0.006579,available,,not_measured,managed,0.006579,5.99696,faster
np.amax (float64),Reduction,float64,10000000,,7.7071,7.8927,available,,not_measured,managed,7.8927,0.976485,close
np.amax (int16),Reduction,int16,1000,,0.004053,0.000575,available,,not_measured,managed,0.000575,7.048696,negligible
np.amax (int16),Reduction,int16,100000,,0.007326,0.002525,available,,not_measured,managed,0.002525,2.901386,faster
np.amax (int16),Reduction,int16,10000000,,0.5011,0.405192,available,,not_measured,managed,0.405192,1.236698,faster
np.amax (int32),Reduction,int32,1000,,0.001498,0.000591,available,,not_measured,managed,0.000591,2.534687,negligible
np.amax (int32),Reduction,int32,100000,,0.010617,0.002687,available,,not_measured,managed,0.002687,3.951247,faster
np.amax (int32),Reduction,int32,10000000,,2.5967,2.72995,available,,not_measured,managed,2.72995,0.95119,close
np.amax (int64),Reduction,int64,1000,,0.004399,0.000862,available,,not_measured,managed,0.000862,5.103248,negligible
np.amax (int64),Reduction,int64,100000,,0.034828,0.007802,available,,not_measured,managed,0.007802,4.463984,faster
np.amax (int64),Reduction,int64,10000000,,7.9772,8.01975,available,,not_measured,managed,8.01975,0.994694,close
np.amax (int8),Reduction,int8,1000,,0.004023,0.000581,available,,not_measured,managed,0.000581,6.924269,negligible
np.amax (int8),Reduction,int8,100000,,0.00581,0.001468,available,,not_measured,managed,0.001468,3.957766,faster
np.amax (int8),Reduction,int8,10000000,,0.24545,0.223063,available,,not_measured,managed,0.223063,1.100362,faster
np.amax (uint16),Reduction,uint16,1000,,0.004043,0.000574,available,,not_measured,managed,0.000574,7.043554,negligible
np.amax (uint16),Reduction,uint16,100000,,0.007312,0.002449,available,,not_measured,managed,0.002449,2.985708,faster
np.amax (uint16),Reduction,uint16,10000000,,0.50235,0.515851,available,,not_measured,managed,0.515851,0.973828,close
np.amax (uint32),Reduction,uint32,1000,,0.004105,0.000367,available,,not_measured,managed,0.000367,11.185286,negligible
np.amax (uint32),Reduction,uint32,100000,,0.010937,0.004813,available,,not_measured,managed,0.004813,2.272387,faster
np.amax (uint32),Reduction,uint32,10000000,,2.6446,2.746212,available,,not_measured,managed,2.746212,0.962999,close
np.amax (uint64),Reduction,uint64,1000,,0.004475,0.000949,available,,not_measured,managed,0.000949,4.71549,negligible
np.amax (uint64),Reduction,uint64,100000,,0.045136,0.036567,available,,not_measured,managed,0.036567,1.234337,faster
np.amax (uint64),Reduction,uint64,10000000,,8.1288,7.97475,available,,not_measured,managed,7.97475,1.019317,close
np.amax (uint8),Reduction,uint8,1000,,0.001478,0.000759,available,,not_measured,managed,0.000759,1.947299,negligible
np.amax (uint8),Reduction,uint8,100000,,0.005812,0.001586,available,,not_measured,managed,0.001586,3.664565,faster
np.amax (uint8),Reduction,uint8,10000000,,0.241325,0.195869,available,,not_measured,managed,0.195869,1.232073,faster
np.amax axis=0 (complex128),Reduction,complex128,1000,,0.005949,0.002395,available,,not_measured,managed,0.002395,2.483925,faster
np.amax axis=0 (complex128),Reduction,complex128,100000,,0.1475,0.182451,available,,not_measured,managed,0.182451,0.808436,close
np.amax axis=0 (complex128),Reduction,complex128,10000000,,19.113,15.1289,available,,not_measured,managed,15.1289,1.263344,faster
np.amax axis=0 (float16),Reduction,float16,1000,,0.007504,0.001951,available,,not_measured,managed,0.001951,3.846233,faster
np.amax axis=0 (float16),Reduction,float16,100000,,0.6158,0.656062,available,,not_measured,managed,0.656062,0.938631,close
np.amax axis=0 (float16),Reduction,float16,10000000,,49.157,122.2388,available,,not_measured,managed,122.2388,0.402139,slower
np.amax axis=0 (float32),Reduction,float32,1000,,0.004741,0.000737,available,,not_measured,managed,0.000737,6.432836,negligible
np.amax axis=0 (float32),Reduction,float32,100000,,0.024517,0.028039,available,,not_measured,managed,0.028039,0.874389,close
np.amax axis=0 (float32),Reduction,float32,10000000,,3.3655,3.953717,available,,not_measured,managed,3.953717,0.851224,close
np.amax axis=0 (float64),Reduction,float64,1000,,0.004946,0.000594,available,,not_measured,managed,0.000594,8.326599,negligible
np.amax axis=0 (float64),Reduction,float64,100000,,0.038696,0.055125,available,,not_measured,managed,0.055125,0.701968,slower
np.amax axis=0 (float64),Reduction,float64,10000000,,8.5077,8.36985,available,,not_measured,managed,8.36985,1.01647,close
np.amax axis=0 (int16),Reduction,int16,1000,,0.004533,0.00061,available,,not_measured,managed,0.00061,7.431148,negligible
np.amax axis=0 (int16),Reduction,int16,100000,,0.013864,0.007488,available,,not_measured,managed,0.007488,1.851496,faster
np.amax axis=0 (int16),Reduction,int16,10000000,,0.6758,0.704693,available,,not_measured,managed,0.704693,0.958999,close
np.amax axis=0 (int32),Reduction,int32,1000,,0.004687,0.000682,available,,not_measured,managed,0.000682,6.872434,negligible
np.amax axis=0 (int32),Reduction,int32,100000,,0.016292,0.005281,available,,not_measured,managed,0.005281,3.085022,faster
np.amax axis=0 (int32),Reduction,int32,10000000,,3.2253,2.120114,available,,not_measured,managed,2.120114,1.521286,faster
np.amax axis=0 (int64),Reduction,int64,1000,,0.004855,0.000784,available,,not_measured,managed,0.000784,6.192602,negligible
np.amax axis=0 (int64),Reduction,int64,100000,,0.035875,0.027917,available,,not_measured,managed,0.027917,1.285059,faster
np.amax axis=0 (int64),Reduction,int64,10000000,,8.5622,7.93715,available,,not_measured,managed,7.93715,1.07875,faster
np.amax axis=0 (int8),Reduction,int8,1000,,0.004568,0.00066,available,,not_measured,managed,0.00066,6.921212,negligible
np.amax axis=0 (int8),Reduction,int8,100000,,0.014405,0.0076,available,,not_measured,managed,0.0076,1.895395,faster
np.amax axis=0 (int8),Reduction,int8,10000000,,0.3487,0.331874,available,,not_measured,managed,0.331874,1.0507,faster
np.amax axis=0 (uint16),Reduction,uint16,1000,,0.004598,0.000411,available,,not_measured,managed,0.000411,11.187348,negligible
np.amax axis=0 (uint16),Reduction,uint16,100000,,0.013896,0.007522,available,,not_measured,managed,0.007522,1.847381,faster
np.amax axis=0 (uint16),Reduction,uint16,10000000,,0.6879,0.767843,available,,not_measured,managed,0.767843,0.895886,close
np.amax axis=0 (uint32),Reduction,uint32,1000,,0.004646,0.000544,available,,not_measured,managed,0.000544,8.540441,negligible
np.amax axis=0 (uint32),Reduction,uint32,100000,,0.016135,0.010177,available,,not_measured,managed,0.010177,1.585438,faster
np.amax axis=0 (uint32),Reduction,uint32,10000000,,3.1274,3.414943,available,,not_measured,managed,3.414943,0.915799,close
np.amax axis=0 (uint64),Reduction,uint64,1000,,0.00491,0.000616,available,,not_measured,managed,0.000616,7.970779,negligible
np.amax axis=0 (uint64),Reduction,uint64,100000,,0.0414,0.015067,available,,not_measured,managed,0.015067,2.747727,faster
np.amax axis=0 (uint64),Reduction,uint64,10000000,,8.1281,4.6017,available,,not_measured,managed,4.6017,1.766325,faster
np.amax axis=0 (uint8),Reduction,uint8,1000,,0.004535,0.000669,available,,not_measured,managed,0.000669,6.778774,negligible
np.amax axis=0 (uint8),Reduction,uint8,100000,,0.014381,0.006913,available,,not_measured,managed,0.006913,2.080284,faster
np.amax axis=0 (uint8),Reduction,uint8,10000000,,0.347567,0.219917,available,,not_measured,managed,0.219917,1.580446,faster
np.amin (complex128),Reduction,complex128,1000,,0.005827,0.002153,available,,not_measured,managed,0.002153,2.706456,faster
np.amin (complex128),Reduction,complex128,100000,,0.1679,0.113117,available,,not_measured,managed,0.113117,1.484304,faster
np.amin (complex128),Reduction,complex128,10000000,,20.3372,18.7325,available,,not_measured,managed,18.7325,1.085664,faster
np.amin (float16),Reduction,float16,1000,,0.007338,0.00145,available,,not_measured,managed,0.00145,5.06069,faster
np.amin (float16),Reduction,float16,100000,,0.60615,0.300633,available,,not_measured,managed,0.300633,2.016246,faster
np.amin (float16),Reduction,float16,10000000,,63.6606,36.9135,available,,not_measured,managed,36.9135,1.724589,faster
np.amin (float32),Reduction,float32,1000,,0.004271,0.000398,available,,not_measured,managed,0.000398,10.731156,negligible
np.amin (float32),Reduction,float32,100000,,0.021836,0.004407,available,,not_measured,managed,0.004407,4.954845,faster
np.amin (float32),Reduction,float32,10000000,,3.2109,3.345657,available,,not_measured,managed,3.345657,0.959722,close
np.amin (float64),Reduction,float64,1000,,0.004388,0.000681,available,,not_measured,managed,0.000681,6.443465,negligible
np.amin (float64),Reduction,float64,100000,,0.039485,0.017565,available,,not_measured,managed,0.017565,2.247936,faster
np.amin (float64),Reduction,float64,10000000,,7.7629,3.352275,available,,not_measured,managed,3.352275,2.315711,faster
np.amin (int16),Reduction,int16,1000,,0.004071,0.000788,available,,not_measured,managed,0.000788,5.166244,negligible
np.amin (int16),Reduction,int16,100000,,0.007293,0.001985,available,,not_measured,managed,0.001985,3.674055,faster
np.amin (int16),Reduction,int16,10000000,,0.5076,0.518823,available,,not_measured,managed,0.518823,0.978368,close
np.amin (int32),Reduction,int32,1000,,0.004093,0.000564,available,,not_measured,managed,0.000564,7.257092,negligible
np.amin (int32),Reduction,int32,100000,,0.004054,0.004227,available,,not_measured,managed,0.004227,0.959073,close
np.amin (int32),Reduction,int32,10000000,,1.043,2.823857,available,,not_measured,managed,2.823857,0.369353,slower
np.amin (int64),Reduction,int64,1000,,0.004395,0.000571,available,,not_measured,managed,0.000571,7.697023,negligible
np.amin (int64),Reduction,int64,100000,,0.034562,0.027499,available,,not_measured,managed,0.027499,1.256846,faster
np.amin (int64),Reduction,int64,10000000,,9.144,5.338575,available,,not_measured,managed,5.338575,1.712817,faster
np.amin (int8),Reduction,int8,1000,,0.004035,0.000552,available,,not_measured,managed,0.000552,7.309783,negligible
np.amin (int8),Reduction,int8,100000,,0.005836,0.001595,available,,not_measured,managed,0.001595,3.658934,faster
np.amin (int8),Reduction,int8,10000000,,0.2436,0.224426,available,,not_measured,managed,0.224426,1.085436,faster
np.amin (uint16),Reduction,uint16,1000,,0.004013,0.000758,available,,not_measured,managed,0.000758,5.294195,negligible
np.amin (uint16),Reduction,uint16,100000,,0.007402,0.002568,available,,not_measured,managed,0.002568,2.882399,faster
np.amin (uint16),Reduction,uint16,10000000,,0.50675,0.529668,available,,not_measured,managed,0.529668,0.956731,close
np.amin (uint32),Reduction,uint32,1000,,0.004087,0.000775,available,,not_measured,managed,0.000775,5.273548,negligible
np.amin (uint32),Reduction,uint32,100000,,0.010659,0.004793,available,,not_measured,managed,0.004793,2.223868,faster
np.amin (uint32),Reduction,uint32,10000000,,2.697,2.951943,available,,not_measured,managed,2.951943,0.913636,close
np.amin (uint64),Reduction,uint64,1000,,0.0045,0.000427,available,,not_measured,managed,0.000427,10.538642,negligible
np.amin (uint64),Reduction,uint64,100000,,0.045187,0.010102,available,,not_measured,managed,0.010102,4.473075,faster
np.amin (uint64),Reduction,uint64,10000000,,8.1514,7.964675,available,,not_measured,managed,7.964675,1.023444,close
np.amin (uint8),Reduction,uint8,1000,,0.001514,0.000774,available,,not_measured,managed,0.000774,1.956072,negligible
np.amin (uint8),Reduction,uint8,100000,,0.005775,0.001637,available,,not_measured,managed,0.001637,3.527795,faster
np.amin (uint8),Reduction,uint8,10000000,,0.235275,0.224767,available,,not_measured,managed,0.224767,1.046751,close
np.amin axis=0 (complex128),Reduction,complex128,1000,,0.005935,0.004272,available,,not_measured,managed,0.004272,1.389279,faster
np.amin axis=0 (complex128),Reduction,complex128,100000,,0.147443,0.224911,available,,not_measured,managed,0.224911,0.655562,slower
np.amin axis=0 (complex128),Reduction,complex128,10000000,,18.8552,15.2225,available,,not_measured,managed,15.2225,1.23864,faster
np.amin axis=0 (float16),Reduction,float16,1000,,0.007417,0.003152,available,,not_measured,managed,0.003152,2.353109,faster
np.amin axis=0 (float16),Reduction,float16,100000,,0.6053,0.657452,available,,not_measured,managed,0.657452,0.920676,close
np.amin axis=0 (float16),Reduction,float16,10000000,,60.5762,139.2373,available,,not_measured,managed,139.2373,0.435057,slower
np.amin axis=0 (float32),Reduction,float32,1000,,0.00476,0.000723,available,,not_measured,managed,0.000723,6.583679,negligible
np.amin axis=0 (float32),Reduction,float32,100000,,0.024507,0.028065,available,,not_measured,managed,0.028065,0.873223,close
np.amin axis=0 (float32),Reduction,float32,10000000,,3.2799,3.949117,available,,not_measured,managed,3.949117,0.83054,close
np.amin axis=0 (float64),Reduction,float64,1000,,0.005038,0.001085,available,,not_measured,managed,0.001085,4.643318,faster
np.amin axis=0 (float64),Reduction,float64,100000,,0.038662,0.018549,available,,not_measured,managed,0.018549,2.084317,faster
np.amin axis=0 (float64),Reduction,float64,10000000,,8.3103,6.1868,available,,not_measured,managed,6.1868,1.343231,faster
np.amin axis=0 (int16),Reduction,int16,1000,,0.00462,0.00047,available,,not_measured,managed,0.00047,9.829787,negligible
np.amin axis=0 (int16),Reduction,int16,100000,,0.013937,0.004615,available,,not_measured,managed,0.004615,3.019935,faster
np.amin axis=0 (int16),Reduction,int16,10000000,,0.6723,0.743832,available,,not_measured,managed,0.743832,0.903833,close
np.amin axis=0 (int32),Reduction,int32,1000,,0.004612,0.000568,available,,not_measured,managed,0.000568,8.119718,negligible
np.amin axis=0 (int32),Reduction,int32,100000,,0.016178,0.010252,available,,not_measured,managed,0.010252,1.578034,faster
np.amin axis=0 (int32),Reduction,int32,10000000,,3.2296,3.2391,available,,not_measured,managed,3.2391,0.997067,close
np.amin axis=0 (int64),Reduction,int64,1000,,0.004862,0.000781,available,,not_measured,managed,0.000781,6.225352,negligible
np.amin axis=0 (int64),Reduction,int64,100000,,0.03437,0.012711,available,,not_measured,managed,0.012711,2.703957,faster
np.amin axis=0 (int64),Reduction,int64,10000000,,8.2765,7.978925,available,,not_measured,managed,7.978925,1.037295,close
np.amin axis=0 (int8),Reduction,int8,1000,,0.00457,0.000428,available,,not_measured,managed,0.000428,10.67757,negligible
np.amin axis=0 (int8),Reduction,int8,100000,,0.01436,0.007679,available,,not_measured,managed,0.007679,1.870035,faster
np.amin axis=0 (int8),Reduction,int8,10000000,,0.349133,0.297027,available,,not_measured,managed,0.297027,1.175425,faster
np.amin axis=0 (uint16),Reduction,uint16,1000,,0.004615,0.000482,available,,not_measured,managed,0.000482,9.574689,negligible
np.amin axis=0 (uint16),Reduction,uint16,100000,,0.01389,0.007429,available,,not_measured,managed,0.007429,1.8697,faster
np.amin axis=0 (uint16),Reduction,uint16,10000000,,0.6906,0.733855,available,,not_measured,managed,0.733855,0.941058,close
np.amin axis=0 (uint32),Reduction,uint32,1000,,0.004667,0.000714,available,,not_measured,managed,0.000714,6.536415,negligible
np.amin axis=0 (uint32),Reduction,uint32,100000,,0.016193,0.009705,available,,not_measured,managed,0.009705,1.668521,faster
np.amin axis=0 (uint32),Reduction,uint32,10000000,,3.0227,3.472686,available,,not_measured,managed,3.472686,0.870421,close
np.amin axis=0 (uint64),Reduction,uint64,1000,,0.004922,0.000836,available,,not_measured,managed,0.000836,5.88756,negligible
np.amin axis=0 (uint64),Reduction,uint64,100000,,0.041256,0.019433,available,,not_measured,managed,0.019433,2.122987,faster
np.amin axis=0 (uint64),Reduction,uint64,10000000,,8.2573,8.015825,available,,not_measured,managed,8.015825,1.030125,close
np.amin axis=0 (uint8),Reduction,uint8,1000,,0.004633,0.000666,available,,not_measured,managed,0.000666,6.956456,negligible
np.amin axis=0 (uint8),Reduction,uint8,100000,,0.014376,0.007684,available,,not_measured,managed,0.007684,1.870901,faster
np.amin axis=0 (uint8),Reduction,uint8,10000000,,0.347667,0.326649,available,,not_measured,managed,0.326649,1.064344,faster
np.argmax (complex128),Reduction,complex128,1000,,0.003125,0.001519,available,,not_measured,managed,0.001519,2.057275,faster
np.argmax (complex128),Reduction,complex128,100000,,0.10181,0.114518,available,,not_measured,managed,0.114518,0.889031,close
np.argmax (complex128),Reduction,complex128,10000000,,17.0287,18.6858,available,,not_measured,managed,18.6858,0.911318,close
np.argmax (float16),Reduction,float16,1000,,0.004953,0.002756,available,,not_measured,managed,0.002756,1.79717,faster
np.argmax (float16),Reduction,float16,100000,,0.5429,0.142618,available,,not_measured,managed,0.142618,3.806672,faster
np.argmax (float16),Reduction,float16,10000000,,55.1015,18.6102,available,,not_measured,managed,18.6102,2.960823,faster
np.argmax (float32),Reduction,float32,1000,,0.002303,0.000767,available,,not_measured,managed,0.000767,3.002608,negligible
np.argmax (float32),Reduction,float32,100000,,0.034407,0.024683,available,,not_measured,managed,0.024683,1.393955,faster
np.argmax (float32),Reduction,float32,10000000,,3.9923,3.877817,available,,not_measured,managed,3.877817,1.029523,close
np.argmax (float64),Reduction,float64,1000,,0.002684,0.000341,available,,not_measured,managed,0.000341,7.870968,negligible
np.argmax (float64),Reduction,float64,100000,,0.06589,0.049017,available,,not_measured,managed,0.049017,1.344228,faster
np.argmax (float64),Reduction,float64,10000000,,9.1986,6.373275,available,,not_measured,managed,6.373275,1.443308,faster
np.argmax (int16),Reduction,int16,1000,,0.002201,0.000361,available,,not_measured,managed,0.000361,6.096953,negligible
np.argmax (int16),Reduction,int16,100000,,0.012466,0.001905,available,,not_measured,managed,0.001905,6.543832,faster
np.argmax (int16),Reduction,int16,10000000,,1.0459,0.571471,available,,not_measured,managed,0.571471,1.830189,faster
np.argmax (int32),Reduction,int32,1000,,0.002188,0.000783,available,,not_measured,managed,0.000783,2.794381,negligible
np.argmax (int32),Reduction,int32,100000,,0.020461,0.004064,available,,not_measured,managed,0.004064,5.034695,faster
np.argmax (int32),Reduction,int32,10000000,,3.2114,2.977457,available,,not_measured,managed,2.977457,1.078571,faster
np.argmax (int64),Reduction,int64,1000,,0.002591,0.000801,available,,not_measured,managed,0.000801,3.234707,negligible
np.argmax (int64),Reduction,int64,100000,,0.059235,0.050873,available,,not_measured,managed,0.050873,1.16437,faster
np.argmax (int64),Reduction,int64,10000000,,8.3865,8.170575,available,,not_measured,managed,8.170575,1.026427,close
np.argmax (int8),Reduction,int8,1000,,0.002221,0.000638,available,,not_measured,managed,0.000638,3.481191,negligible
np.argmax (int8),Reduction,int8,100000,,0.007527,0.001779,available,,not_measured,managed,0.001779,4.231029,faster
np.argmax (int8),Reduction,int8,10000000,,0.5245,0.240341,available,,not_measured,managed,0.240341,2.182316,faster
np.argmax (uint16),Reduction,uint16,1000,,0.002216,0.000382,available,,not_measured,managed,0.000382,5.801047,negligible
np.argmax (uint16),Reduction,uint16,100000,,0.0193,0.001868,available,,not_measured,managed,0.001868,10.331906,faster
np.argmax (uint16),Reduction,uint16,10000000,,1.7324,0.562311,available,,not_measured,managed,0.562311,3.080857,faster
np.argmax (uint32),Reduction,uint32,1000,,0.002345,0.000504,available,,not_measured,managed,0.000504,4.652778,negligible
np.argmax (uint32),Reduction,uint32,100000,,0.034287,0.003551,available,,not_measured,managed,0.003551,9.65559,faster
np.argmax (uint32),Reduction,uint32,10000000,,3.9199,1.403629,available,,not_measured,managed,1.403629,2.79269,faster
np.argmax (uint64),Reduction,uint64,1000,,0.002689,0.000532,available,,not_measured,managed,0.000532,5.054511,negligible
np.argmax (uint64),Reduction,uint64,100000,,0.067607,0.059758,available,,not_measured,managed,0.059758,1.131346,faster
np.argmax (uint64),Reduction,uint64,10000000,,8.9286,8.5116,available,,not_measured,managed,8.5116,1.048992,close
np.argmax (uint8),Reduction,uint8,1000,,0.000862,0.000681,available,,not_measured,managed,0.000681,1.265786,negligible
np.argmax (uint8),Reduction,uint8,100000,,0.002953,0.001136,available,,not_measured,managed,0.001136,2.599472,faster
np.argmax (uint8),Reduction,uint8,10000000,,0.8672,0.238753,available,,not_measured,managed,0.238753,3.632206,faster
np.argmin (complex128),Reduction,complex128,1000,,0.003168,0.002081,available,,not_measured,managed,0.002081,1.522345,faster
np.argmin (complex128),Reduction,complex128,100000,,0.113286,0.142436,available,,not_measured,managed,0.142436,0.795347,slower
np.argmin (complex128),Reduction,complex128,10000000,,17.546,18.841,available,,not_measured,managed,18.841,0.931267,close
np.argmin (float16),Reduction,float16,1000,,0.004766,0.002753,available,,not_measured,managed,0.002753,1.731202,faster
np.argmin (float16),Reduction,float16,100000,,0.52445,0.209475,available,,not_measured,managed,0.209475,2.50364,faster
np.argmin (float16),Reduction,float16,10000000,,50.8161,21.4657,available,,not_measured,managed,21.4657,2.367316,faster
np.argmin (float32),Reduction,float32,1000,,0.002359,0.000789,available,,not_measured,managed,0.000789,2.989861,negligible
np.argmin (float32),Reduction,float32,100000,,0.034421,0.024696,available,,not_measured,managed,0.024696,1.393788,faster
np.argmin (float32),Reduction,float32,10000000,,4.0145,2.543367,available,,not_measured,managed,2.543367,1.578419,faster
np.argmin (float64),Reduction,float64,1000,,0.000921,0.000663,available,,not_measured,managed,0.000663,1.38914,negligible
np.argmin (float64),Reduction,float64,100000,,0.06578,0.049065,available,,not_measured,managed,0.049065,1.340671,faster
np.argmin (float64),Reduction,float64,10000000,,9.1087,8.743275,available,,not_measured,managed,8.743275,1.041795,close
np.argmin (int16),Reduction,int16,1000,,0.002183,0.000633,available,,not_measured,managed,0.000633,3.448657,negligible
np.argmin (int16),Reduction,int16,100000,,0.012477,0.00277,available,,not_measured,managed,0.00277,4.504332,faster
np.argmin (int16),Reduction,int16,10000000,,1.044,0.583208,available,,not_measured,managed,0.583208,1.790099,faster
np.argmin (int32),Reduction,int32,1000,,0.002251,0.000808,available,,not_measured,managed,0.000808,2.785891,negligible
np.argmin (int32),Reduction,int32,100000,,0.020486,0.002612,available,,not_measured,managed,0.002612,7.843032,faster
np.argmin (int32),Reduction,int32,10000000,,3.1511,2.915925,available,,not_measured,managed,2.915925,1.080652,faster
np.argmin (int64),Reduction,int64,1000,,0.002575,0.001044,available,,not_measured,managed,0.001044,2.466475,faster
np.argmin (int64),Reduction,int64,100000,,0.056939,0.041756,available,,not_measured,managed,0.041756,1.363612,faster
np.argmin (int64),Reduction,int64,10000000,,8.2771,4.57295,available,,not_measured,managed,4.57295,1.810013,faster
np.argmin (int8),Reduction,int8,1000,,0.002204,0.000642,available,,not_measured,managed,0.000642,3.433022,negligible
np.argmin (int8),Reduction,int8,100000,,0.00752,0.001155,available,,not_measured,managed,0.001155,6.510823,faster
np.argmin (int8),Reduction,int8,10000000,,0.52515,0.242444,available,,not_measured,managed,0.242444,2.166067,faster
np.argmin (uint16),Reduction,uint16,1000,,0.002233,0.000633,available,,not_measured,managed,0.000633,3.527646,negligible
np.argmin (uint16),Reduction,uint16,100000,,0.019375,0.002516,available,,not_measured,managed,0.002516,7.700715,faster
np.argmin (uint16),Reduction,uint16,10000000,,1.7261,0.560627,available,,not_measured,managed,0.560627,3.078874,faster
np.argmin (uint32),Reduction,uint32,1000,,0.002327,0.000846,available,,not_measured,managed,0.000846,2.750591,negligible
np.argmin (uint32),Reduction,uint32,100000,,0.0343,0.005522,available,,not_measured,managed,0.005522,6.211518,faster
np.argmin (uint32),Reduction,uint32,10000000,,3.9521,2.296429,available,,not_measured,managed,2.296429,1.720976,faster
np.argmin (uint64),Reduction,uint64,1000,,0.002686,0.00092,available,,not_measured,managed,0.00092,2.919565,negligible
np.argmin (uint64),Reduction,uint64,100000,,0.067607,0.059454,available,,not_measured,managed,0.059454,1.137131,faster
np.argmin (uint64),Reduction,uint64,10000000,,8.7036,5.426675,available,,not_measured,managed,5.426675,1.603855,faster
np.argmin (uint8),Reduction,uint8,1000,,0.000833,0.000664,available,,not_measured,managed,0.000664,1.254518,negligible
np.argmin (uint8),Reduction,uint8,100000,,0.010876,0.001785,available,,not_measured,managed,0.001785,6.092997,faster
np.argmin (uint8),Reduction,uint8,10000000,,0.867,0.242085,available,,not_measured,managed,0.242085,3.581387,faster
np.cumprod(a) (float16),Reduction,float16,1000,,0.01374,0.009591,available,,not_measured,managed,0.009591,1.432593,faster
np.cumprod(a) (float16),Reduction,float16,100000,,0.8897,0.966744,available,,not_measured,managed,0.966744,0.920306,close
np.cumprod(a) (float16),Reduction,float16,10000000,,72.3279,125.3013,available,,not_measured,managed,125.3013,0.577232,slower
np.cumprod(a) (float32),Reduction,float32,1000,,0.051842,0.017623,available,,not_measured,managed,0.017623,2.941724,faster
np.cumprod(a) (float32),Reduction,float32,100000,,6.7154,2.431375,available,,not_measured,managed,2.431375,2.761976,faster
np.cumprod(a) (float32),Reduction,float32,10000000,,632.0779,434.2098,available,,not_measured,managed,434.2098,1.455697,faster
np.cumprod(a) (float64),Reduction,float64,1000,,0.006193,0.001758,available,,not_measured,managed,0.001758,3.522753,faster
np.cumprod(a) (float64),Reduction,float64,100000,,6.7055,3.946725,available,,not_measured,managed,3.946725,1.699004,faster
np.cumprod(a) (float64),Reduction,float64,10000000,,370.5208,622.3045,available,,not_measured,managed,622.3045,0.595401,slower
np.cumsum (complex128),Reduction,complex128,1000,,0.006321,0.002455,available,,not_measured,managed,0.002455,2.574745,faster
np.cumsum (complex128),Reduction,complex128,100000,,0.50025,0.309716,available,,not_measured,managed,0.309716,1.615189,faster
np.cumsum (complex128),Reduction,complex128,10000000,,51.8691,31.2953,available,,not_measured,managed,31.2953,1.657409,faster
np.cumsum (float16),Reduction,float16,1000,,0.010896,0.016703,available,,not_measured,managed,0.016703,0.652338,slower
np.cumsum (float16),Reduction,float16,100000,,0.7671,1.641213,available,,not_measured,managed,1.641213,0.467398,slower
np.cumsum (float16),Reduction,float16,10000000,,48.8367,128.7429,available,,not_measured,managed,128.7429,0.379335,slower
np.cumsum (float32),Reduction,float32,1000,,0.00618,0.001626,available,,not_measured,managed,0.001626,3.800738,faster
np.cumsum (float32),Reduction,float32,100000,,0.283875,0.078318,available,,not_measured,managed,0.078318,3.624646,faster
np.cumsum (float32),Reduction,float32,10000000,,19.9622,7.6144,available,,not_measured,managed,7.6144,2.621638,faster
np.cumsum (float64),Reduction,float64,1000,,0.006183,0.001359,available,,not_measured,managed,0.001359,4.549669,faster
np.cumsum (float64),Reduction,float64,100000,,0.2838,0.123503,available,,not_measured,managed,0.123503,2.29792,faster
np.cumsum (float64),Reduction,float64,10000000,,38.7936,13.3994,available,,not_measured,managed,13.3994,2.895174,faster
np.cumsum (int16),Reduction,int16,1000,,0.005612,0.001742,available,,not_measured,managed,0.001742,3.221584,faster
np.cumsum (int16),Reduction,int16,100000,,0.445233,0.154881,available,,not_measured,managed,0.154881,2.874678,faster
np.cumsum (int16),Reduction,int16,10000000,,40.7439,14.3945,available,,not_measured,managed,14.3945,2.830519,faster
np.cumsum (int32),Reduction,int32,1000,,0.005779,0.00108,available,,not_measured,managed,0.00108,5.350926,faster
np.cumsum (int32),Reduction,int32,100000,,0.4376,0.118269,available,,not_measured,managed,0.118269,3.70004,faster
np.cumsum (int32),Reduction,int32,10000000,,43.9341,15.62175,available,,not_measured,managed,15.62175,2.812367,faster
np.cumsum (int64),Reduction,int64,1000,,0.003829,0.000999,available,,not_measured,managed,0.000999,3.832833,negligible
np.cumsum (int64),Reduction,int64,100000,,0.050605,0.162309,available,,not_measured,managed,0.162309,0.311782,much_slower
np.cumsum (int64),Reduction,int64,10000000,,23.915,19.6917,available,,not_measured,managed,19.6917,1.214471,faster
np.cumsum (int8),Reduction,int8,1000,,0.005743,0.001721,available,,not_measured,managed,0.001721,3.337013,faster
np.cumsum (int8),Reduction,int8,100000,,0.4428,0.155945,available,,not_measured,managed,0.155945,2.839463,faster
np.cumsum (int8),Reduction,int8,10000000,,26.9134,12.1314,available,,not_measured,managed,12.1314,2.218491,faster
np.cumsum (uint16),Reduction,uint16,1000,,0.005791,0.001712,available,,not_measured,managed,0.001712,3.382593,faster
np.cumsum (uint16),Reduction,uint16,100000,,0.4388,0.112775,available,,not_measured,managed,0.112775,3.890933,faster
np.cumsum (uint16),Reduction,uint16,10000000,,27.7719,14.3267,available,,not_measured,managed,14.3267,1.938472,faster
np.cumsum (uint32),Reduction,uint32,1000,,0.0058,0.001702,available,,not_measured,managed,0.001702,3.407756,faster
np.cumsum (uint32),Reduction,uint32,100000,,0.44695,0.160165,available,,not_measured,managed,0.160165,2.79056,faster
np.cumsum (uint32),Reduction,uint32,10000000,,42.9277,16.4033,available,,not_measured,managed,16.4033,2.617016,faster
np.cumsum (uint64),Reduction,uint64,1000,,0.003924,0.001683,available,,not_measured,managed,0.001683,2.331551,faster
np.cumsum (uint64),Reduction,uint64,100000,,0.050558,0.162912,available,,not_measured,managed,0.162912,0.310339,much_slower
np.cumsum (uint64),Reduction,uint64,10000000,,24.0685,16.7828,available,,not_measured,managed,16.7828,1.434117,faster
np.cumsum (uint8),Reduction,uint8,1000,,0.002224,0.001618,available,,not_measured,managed,0.001618,1.374536,faster
np.cumsum (uint8),Reduction,uint8,100000,,0.443467,0.154374,available,,not_measured,managed,0.154374,2.872679,faster
np.cumsum (uint8),Reduction,uint8,10000000,,41.0307,12.89635,available,,not_measured,managed,12.89635,3.181575,faster
np.max (complex128),Reduction,complex128,1000,,0.005808,0.002146,available,,not_measured,managed,0.002146,2.706431,faster
np.max (complex128),Reduction,complex128,100000,,0.168,0.142206,available,,not_measured,managed,0.142206,1.181385,faster
np.max (complex128),Reduction,complex128,10000000,,15.8207,17.8028,available,,not_measured,managed,17.8028,0.888664,close
np.max (float16),Reduction,float16,1000,,0.007607,0.001726,available,,not_measured,managed,0.001726,4.4073,faster
np.max (float16),Reduction,float16,100000,,0.6167,0.439352,available,,not_measured,managed,0.439352,1.403658,faster
np.max (float16),Reduction,float16,10000000,,60.5644,46.4132,available,,not_measured,managed,46.4132,1.304896,faster
np.max (float32),Reduction,float32,1000,,0.004242,0.000454,available,,not_measured,managed,0.000454,9.343612,negligible
np.max (float32),Reduction,float32,100000,,0.021765,0.003629,available,,not_measured,managed,0.003629,5.99752,faster
np.max (float32),Reduction,float32,10000000,,3.1255,3.3938,available,,not_measured,managed,3.3938,0.920944,close
np.max (float64),Reduction,float64,1000,,0.001597,0.000724,available,,not_measured,managed,0.000724,2.205801,negligible
np.max (float64),Reduction,float64,100000,,0.039592,0.01673,available,,not_measured,managed,0.01673,2.366527,faster
np.max (float64),Reduction,float64,10000000,,7.475,5.214175,available,,not_measured,managed,5.214175,1.433592,faster
np.max (int16),Reduction,int16,1000,,0.004101,0.000565,available,,not_measured,managed,0.000565,7.258407,negligible
np.max (int16),Reduction,int16,100000,,0.007326,0.002225,available,,not_measured,managed,0.002225,3.292584,faster
np.max (int16),Reduction,int16,10000000,,0.5019,0.32263,available,,not_measured,managed,0.32263,1.555652,faster
np.max (int32),Reduction,int32,1000,,0.004148,0.000626,available,,not_measured,managed,0.000626,6.626198,negligible
np.max (int32),Reduction,int32,100000,,0.010647,0.004096,available,,not_measured,managed,0.004096,2.599365,faster
np.max (int32),Reduction,int32,10000000,,2.6233,2.698157,available,,not_measured,managed,2.698157,0.972256,close
np.max (int64),Reduction,int64,1000,,0.004486,0.00068,available,,not_measured,managed,0.00068,6.597059,negligible
np.max (int64),Reduction,int64,100000,,0.034948,0.027005,available,,not_measured,managed,0.027005,1.294131,faster
np.max (int64),Reduction,int64,10000000,,7.9353,7.9635,available,,not_measured,managed,7.9635,0.996459,close
np.max (int8),Reduction,int8,1000,,0.004077,0.000649,available,,not_measured,managed,0.000649,6.281972,negligible
np.max (int8),Reduction,int8,100000,,0.005821,0.001663,available,,not_measured,managed,0.001663,3.500301,faster
np.max (int8),Reduction,int8,10000000,,0.244825,0.135747,available,,not_measured,managed,0.135747,1.803539,faster
np.max (uint16),Reduction,uint16,1000,,0.004093,0.000641,available,,not_measured,managed,0.000641,6.385335,negligible
np.max (uint16),Reduction,uint16,100000,,0.0073,0.002528,available,,not_measured,managed,0.002528,2.887658,faster
np.max (uint16),Reduction,uint16,10000000,,0.50025,0.333686,available,,not_measured,managed,0.333686,1.499164,faster
np.max (uint32),Reduction,uint32,1000,,0.004096,0.000611,available,,not_measured,managed,0.000611,6.703764,negligible
np.max (uint32),Reduction,uint32,100000,,0.010984,0.004816,available,,not_measured,managed,0.004816,2.280731,faster
np.max (uint32),Reduction,uint32,10000000,,2.6683,2.707257,available,,not_measured,managed,2.707257,0.98561,close
np.max (uint64),Reduction,uint64,1000,,0.004451,0.000977,available,,not_measured,managed,0.000977,4.555783,negligible
np.max (uint64),Reduction,uint64,100000,,0.045187,0.011757,available,,not_measured,managed,0.011757,3.843412,faster
np.max (uint64),Reduction,uint64,10000000,,3.3279,7.795933,available,,not_measured,managed,7.795933,0.426876,slower
np.max (uint8),Reduction,uint8,1000,,0.001513,0.000624,available,,not_measured,managed,0.000624,2.424679,negligible
np.max (uint8),Reduction,uint8,100000,,0.005795,0.001609,available,,not_measured,managed,0.001609,3.601616,faster
np.max (uint8),Reduction,uint8,10000000,,0.219525,0.224945,available,,not_measured,managed,0.224945,0.975905,close
np.mean (complex128),Reduction,complex128,1000,,0.008021,0.001027,available,,not_measured,managed,0.001027,7.810127,faster
np.mean (complex128),Reduction,complex128,100000,,0.046957,0.021021,available,,not_measured,managed,0.021021,2.233814,faster
np.mean (complex128),Reduction,complex128,10000000,,16.9251,15.082,available,,not_measured,managed,15.082,1.122205,faster
np.mean (float16),Reduction,float16,1000,,0.013279,0.00199,available,,not_measured,managed,0.00199,6.672864,faster
np.mean (float16),Reduction,float16,100000,,0.1709,0.080214,available,,not_measured,managed,0.080214,2.130551,faster
np.mean (float16),Reduction,float16,10000000,,16.6925,16.1319,available,,not_measured,managed,16.1319,1.034751,close
np.mean (float32),Reduction,float32,1000,,0.010733,0.000392,available,,not_measured,managed,0.000392,27.380102,negligible
np.mean (float32),Reduction,float32,100000,,0.031938,0.003169,available,,not_measured,managed,0.003169,10.078258,faster
np.mean (float32),Reduction,float32,10000000,,8.6918,2.996286,available,,not_measured,managed,2.996286,2.900858,faster
np.mean (float64),Reduction,float64,1000,,0.00724,0.000539,available,,not_measured,managed,0.000539,13.432282,negligible
np.mean (float64),Reduction,float64,100000,,0.029765,0.008827,available,,not_measured,managed,0.008827,3.37204,faster
np.mean (float64),Reduction,float64,10000000,,14.5003,4.354625,available,,not_measured,managed,4.354625,3.329862,faster
np.mean (int16),Reduction,int16,1000,,0.008962,0.000395,available,,not_measured,managed,0.000395,22.688608,negligible
np.mean (int16),Reduction,int16,100000,,0.08625,0.019224,available,,not_measured,managed,0.019224,4.486579,faster
np.mean (int16),Reduction,int16,10000000,,8.0502,1.985233,available,,not_measured,managed,1.985233,4.05504,faster
np.mean (int32),Reduction,int32,1000,,0.00902,0.000391,available,,not_measured,managed,0.000391,23.069054,negligible
np.mean (int32),Reduction,int32,100000,,0.0401,0.043472,available,,not_measured,managed,0.043472,0.922433,close
np.mean (int32),Reduction,int32,10000000,,4.0621,2.758225,available,,not_measured,managed,2.758225,1.472722,faster
np.mean (int64),Reduction,int64,1000,,0.00893,0.000394,available,,not_measured,managed,0.000394,22.664975,negligible
np.mean (int64),Reduction,int64,100000,,0.083742,0.009051,available,,not_measured,managed,0.009051,9.252237,faster
np.mean (int64),Reduction,int64,10000000,,10.8217,6.568575,available,,not_measured,managed,6.568575,1.647496,faster
np.mean (int8),Reduction,int8,1000,,0.00895,0.000386,available,,not_measured,managed,0.000386,23.186528,negligible
np.mean (int8),Reduction,int8,100000,,0.085825,0.044665,available,,not_measured,managed,0.044665,1.921527,faster
np.mean (int8),Reduction,int8,10000000,,7.8668,1.8474,available,,not_measured,managed,1.8474,4.258309,faster
np.mean (uint16),Reduction,uint16,1000,,0.008986,0.000543,available,,not_measured,managed,0.000543,16.548803,negligible
np.mean (uint16),Reduction,uint16,100000,,0.086382,0.018819,available,,not_measured,managed,0.018819,4.590148,faster
np.mean (uint16),Reduction,uint16,10000000,,7.9558,1.971533,available,,not_measured,managed,1.971533,4.035337,faster
np.mean (uint32),Reduction,uint32,1000,,0.008831,0.000986,available,,not_measured,managed,0.000986,8.956389,negligible
np.mean (uint32),Reduction,uint32,100000,,0.078515,0.039368,available,,not_measured,managed,0.039368,1.994386,faster
np.mean (uint32),Reduction,uint32,10000000,,7.6812,2.898525,available,,not_measured,managed,2.898525,2.650038,faster
np.mean (uint64),Reduction,uint64,1000,,0.009195,0.000652,available,,not_measured,managed,0.000652,14.102761,negligible
np.mean (uint64),Reduction,uint64,100000,,0.10181,0.007169,available,,not_measured,managed,0.007169,14.201423,faster
np.mean (uint64),Reduction,uint64,10000000,,11.6959,2.87935,available,,not_measured,managed,2.87935,4.061993,faster
np.mean (uint8),Reduction,uint8,1000,,0.002831,0.000718,available,,not_measured,managed,0.000718,3.942897,negligible
np.mean (uint8),Reduction,uint8,100000,,0.085592,0.040643,available,,not_measured,managed,0.040643,2.105947,faster
np.mean (uint8),Reduction,uint8,10000000,,7.9559,3.056775,available,,not_measured,managed,3.056775,2.60271,faster
np.mean axis=0 (complex128),Reduction,complex128,1000,,0.009089,0.0031,available,,not_measured,managed,0.0031,2.931935,faster
np.mean axis=0 (complex128),Reduction,complex128,100000,,0.045475,0.024113,available,,not_measured,managed,0.024113,1.885912,faster
np.mean axis=0 (complex128),Reduction,complex128,10000000,,17.2496,7.2161,available,,not_measured,managed,7.2161,2.390433,faster
np.mean axis=0 (float16),Reduction,float16,1000,,0.014029,0.006761,available,,not_measured,managed,0.006761,2.074989,faster
np.mean axis=0 (float16),Reduction,float16,100000,,0.16715,0.281734,available,,not_measured,managed,0.281734,0.59329,slower
np.mean axis=0 (float16),Reduction,float16,10000000,,15.6329,14.3275,available,,not_measured,managed,14.3275,1.091111,faster
np.mean axis=0 (float32),Reduction,float32,1000,,0.010082,0.00242,available,,not_measured,managed,0.00242,4.166116,faster
np.mean axis=0 (float32),Reduction,float32,100000,,0.022403,0.011482,available,,not_measured,managed,0.011482,1.951141,faster
np.mean axis=0 (float32),Reduction,float32,10000000,,3.2283,1.615214,available,,not_measured,managed,1.615214,1.998683,faster
np.mean axis=0 (float64),Reduction,float64,1000,,0.008688,0.002724,available,,not_measured,managed,0.002724,3.189427,faster
np.mean axis=0 (float64),Reduction,float64,100000,,0.027842,0.016634,available,,not_measured,managed,0.016634,1.673801,faster
np.mean axis=0 (float64),Reduction,float64,10000000,,8.1434,3.52175,available,,not_measured,managed,3.52175,2.312316,faster
np.mean axis=0 (int16),Reduction,int16,1000,,0.010414,0.000695,available,,not_measured,managed,0.000695,14.984173,negligible
np.mean axis=0 (int16),Reduction,int16,100000,,0.084918,0.008925,available,,not_measured,managed,0.008925,9.514622,faster
np.mean axis=0 (int16),Reduction,int16,10000000,,7.8906,1.988182,available,,not_measured,managed,1.988182,3.968751,faster
np.mean axis=0 (int32),Reduction,int32,1000,,0.01038,0.000692,available,,not_measured,managed,0.000692,15.0,negligible
np.mean axis=0 (int32),Reduction,int32,100000,,0.081862,0.018676,available,,not_measured,managed,0.018676,4.383273,faster
np.mean axis=0 (int32),Reduction,int32,10000000,,8.0315,3.6955,available,,not_measured,managed,3.6955,2.173319,faster
np.mean axis=0 (int64),Reduction,int64,1000,,0.010579,0.000802,available,,not_measured,managed,0.000802,13.190773,negligible
np.mean axis=0 (int64),Reduction,int64,100000,,0.082833,0.030451,available,,not_measured,managed,0.030451,2.720206,faster
np.mean axis=0 (int64),Reduction,int64,10000000,,11.4059,6.7579,available,,not_measured,managed,6.7579,1.687788,faster
np.mean axis=0 (int8),Reduction,int8,1000,,0.010426,0.00049,available,,not_measured,managed,0.00049,21.277551,negligible
np.mean axis=0 (int8),Reduction,int8,100000,,0.084908,0.014571,available,,not_measured,managed,0.014571,5.827191,faster
np.mean axis=0 (int8),Reduction,int8,10000000,,8.0819,0.824285,available,,not_measured,managed,0.824285,9.80474,faster
np.mean axis=0 (uint16),Reduction,uint16,1000,,0.010295,0.000698,available,,not_measured,managed,0.000698,14.749284,negligible
np.mean axis=0 (uint16),Reduction,uint16,100000,,0.0849,0.017643,available,,not_measured,managed,0.017643,4.812107,faster
np.mean axis=0 (uint16),Reduction,uint16,10000000,,8.1276,1.980073,available,,not_measured,managed,1.980073,4.104697,faster
np.mean axis=0 (uint32),Reduction,uint32,1000,,0.010196,0.000705,available,,not_measured,managed,0.000705,14.462411,negligible
np.mean axis=0 (uint32),Reduction,uint32,100000,,0.077323,0.016747,available,,not_measured,managed,0.016747,4.617125,faster
np.mean axis=0 (uint32),Reduction,uint32,10000000,,7.7615,4.141183,available,,not_measured,managed,4.141183,1.874223,faster
np.mean axis=0 (uint64),Reduction,uint64,1000,,0.01056,0.000644,available,,not_measured,managed,0.000644,16.397516,negligible
np.mean axis=0 (uint64),Reduction,uint64,100000,,0.10046,0.012474,available,,not_measured,managed,0.012474,8.053551,faster
np.mean axis=0 (uint64),Reduction,uint64,10000000,,11.6804,4.017825,available,,not_measured,managed,4.017825,2.907145,faster
np.mean axis=0 (uint8),Reduction,uint8,1000,,0.010255,0.000686,available,,not_measured,managed,0.000686,14.94898,negligible
np.mean axis=0 (uint8),Reduction,uint8,100000,,0.084475,0.016558,available,,not_measured,managed,0.016558,5.101763,faster
np.mean axis=0 (uint8),Reduction,uint8,10000000,,8.0597,1.632962,available,,not_measured,managed,1.632962,4.935632,faster
np.mean axis=1 (complex128),Reduction,complex128,1000,,0.0091,0.002732,available,,not_measured,managed,0.002732,3.330893,faster
np.mean axis=1 (complex128),Reduction,complex128,100000,,0.054687,0.033312,available,,not_measured,managed,0.033312,1.641661,faster
np.mean axis=1 (complex128),Reduction,complex128,10000000,,7.3109,8.4602,available,,not_measured,managed,8.4602,0.864152,close
np.mean axis=1 (float16),Reduction,float16,1000,,0.014016,0.004548,available,,not_measured,managed,0.004548,3.081794,faster
np.mean axis=1 (float16),Reduction,float16,100000,,0.178917,0.208828,available,,not_measured,managed,0.208828,0.856767,close
np.mean axis=1 (float16),Reduction,float16,10000000,,16.3491,12.533,available,,not_measured,managed,12.533,1.304484,faster
np.mean axis=1 (float32),Reduction,float32,1000,,0.010305,0.00259,available,,not_measured,managed,0.00259,3.978764,faster
np.mean axis=1 (float32),Reduction,float32,100000,,0.034476,0.022802,available,,not_measured,managed,0.022802,1.511973,faster
np.mean axis=1 (float32),Reduction,float32,10000000,,7.4588,3.2138,available,,not_measured,managed,3.2138,2.320866,faster
np.mean axis=1 (float64),Reduction,float64,1000,,0.008602,0.002934,available,,not_measured,managed,0.002934,2.931834,faster
np.mean axis=1 (float64),Reduction,float64,100000,,0.035052,0.014794,available,,not_measured,managed,0.014794,2.369339,faster
np.mean axis=1 (float64),Reduction,float64,10000000,,12.2234,5.0153,available,,not_measured,managed,5.0153,2.437222,faster
np.mean axis=1 (int16),Reduction,int16,1000,,0.010317,0.000569,available,,not_measured,managed,0.000569,18.13181,negligible
np.mean axis=1 (int16),Reduction,int16,100000,,0.091782,0.011518,available,,not_measured,managed,0.011518,7.968571,faster
np.mean axis=1 (int16),Reduction,int16,10000000,,8.3022,0.969225,available,,not_measured,managed,0.969225,8.565813,faster
np.mean axis=1 (int32),Reduction,int32,1000,,0.010374,0.000713,available,,not_measured,managed,0.000713,14.54979,negligible
np.mean axis=1 (int32),Reduction,int32,100000,,0.08936,0.019381,available,,not_measured,managed,0.019381,4.610701,faster
np.mean axis=1 (int32),Reduction,int32,10000000,,8.3636,3.863,available,,not_measured,managed,3.863,2.165053,faster
np.mean axis=1 (int64),Reduction,int64,1000,,0.010356,0.001289,available,,not_measured,managed,0.001289,8.034135,faster
np.mean axis=1 (int64),Reduction,int64,100000,,0.090364,0.068559,available,,not_measured,managed,0.068559,1.318047,faster
np.mean axis=1 (int64),Reduction,int64,10000000,,11.1583,7.24075,available,,not_measured,managed,7.24075,1.541042,faster
np.mean axis=1 (int8),Reduction,int8,1000,,0.010406,0.000725,available,,not_measured,managed,0.000725,14.353103,negligible
np.mean axis=1 (int8),Reduction,int8,100000,,0.092636,0.019351,available,,not_measured,managed,0.019351,4.787143,faster
np.mean axis=1 (int8),Reduction,int8,10000000,,8.0607,0.730214,available,,not_measured,managed,0.730214,11.038819,faster
np.mean axis=1 (uint16),Reduction,uint16,1000,,0.010278,0.000735,available,,not_measured,managed,0.000735,13.983673,negligible
np.mean axis=1 (uint16),Reduction,uint16,100000,,0.091633,0.008824,available,,not_measured,managed,0.008824,10.384519,faster
np.mean axis=1 (uint16),Reduction,uint16,10000000,,8.1728,0.982445,available,,not_measured,managed,0.982445,8.318837,faster
np.mean axis=1 (uint32),Reduction,uint32,1000,,0.010235,0.00076,available,,not_measured,managed,0.00076,13.467105,negligible
np.mean axis=1 (uint32),Reduction,uint32,100000,,0.085022,0.025236,available,,not_measured,managed,0.025236,3.369076,faster
np.mean axis=1 (uint32),Reduction,uint32,10000000,,8.0368,2.446975,available,,not_measured,managed,2.446975,3.284382,faster
np.mean axis=1 (uint64),Reduction,uint64,1000,,0.0107,0.002193,available,,not_measured,managed,0.002193,4.879161,faster
np.mean axis=1 (uint64),Reduction,uint64,100000,,0.10825,0.101052,available,,not_measured,managed,0.101052,1.071231,faster
np.mean axis=1 (uint64),Reduction,uint64,10000000,,12.0911,13.7692,available,,not_measured,managed,13.7692,0.878127,close
np.mean axis=1 (uint8),Reduction,uint8,1000,,0.010205,0.000688,available,,not_measured,managed,0.000688,14.832849,negligible
np.mean axis=1 (uint8),Reduction,uint8,100000,,0.092562,0.019345,available,,not_measured,managed,0.019345,4.784802,faster
np.mean axis=1 (uint8),Reduction,uint8,10000000,,8.0107,0.834764,available,,not_measured,managed,0.834764,9.596365,faster
np.min (complex128),Reduction,complex128,1000,,0.005811,0.001563,available,,not_measured,managed,0.001563,3.71785,faster
np.min (complex128),Reduction,complex128,100000,,0.16765,0.114318,available,,not_measured,managed,0.114318,1.466523,faster
np.min (complex128),Reduction,complex128,10000000,,20.435,18.2532,available,,not_measured,managed,18.2532,1.11953,faster
np.min (float16),Reduction,float16,1000,,0.007321,0.001638,available,,not_measured,managed,0.001638,4.469475,faster
np.min (float16),Reduction,float16,100000,,0.59995,0.361356,available,,not_measured,managed,0.361356,1.660274,faster
np.min (float16),Reduction,float16,10000000,,62.6077,31.7059,available,,not_measured,managed,31.7059,1.974639,faster
np.min (float32),Reduction,float32,1000,,0.001528,0.000614,available,,not_measured,managed,0.000614,2.488599,negligible
np.min (float32),Reduction,float32,100000,,0.021857,0.009005,available,,not_measured,managed,0.009005,2.427207,faster
np.min (float32),Reduction,float32,10000000,,3.1468,1.617786,available,,not_measured,managed,1.617786,1.945127,faster
np.min (float64),Reduction,float64,1000,,0.00441,0.000601,available,,not_measured,managed,0.000601,7.33777,negligible
np.min (float64),Reduction,float64,100000,,0.039458,0.017181,available,,not_measured,managed,0.017181,2.296607,faster
np.min (float64),Reduction,float64,10000000,,7.8287,7.947,available,,not_measured,managed,7.947,0.985114,close
np.min (int16),Reduction,int16,1000,,0.00403,0.00056,available,,not_measured,managed,0.00056,7.196429,negligible
np.min (int16),Reduction,int16,100000,,0.007319,0.002537,available,,not_measured,managed,0.002537,2.884903,faster
np.min (int16),Reduction,int16,10000000,,0.4999,0.523664,available,,not_measured,managed,0.523664,0.95462,close
np.min (int32),Reduction,int32,1000,,0.004047,0.000592,available,,not_measured,managed,0.000592,6.836149,negligible
np.min (int32),Reduction,int32,100000,,0.00406,0.003732,available,,not_measured,managed,0.003732,1.087889,faster
np.min (int32),Reduction,int32,10000000,,2.6676,2.778237,available,,not_measured,managed,2.778237,0.960177,close
np.min (int64),Reduction,int64,1000,,0.004457,0.000874,available,,not_measured,managed,0.000874,5.099542,negligible
np.min (int64),Reduction,int64,100000,,0.034641,0.027119,available,,not_measured,managed,0.027119,1.27737,faster
np.min (int64),Reduction,int64,10000000,,9.1467,8.17705,available,,not_measured,managed,8.17705,1.118582,faster
np.min (int8),Reduction,int8,1000,,0.004011,0.000593,available,,not_measured,managed,0.000593,6.763912,negligible
np.min (int8),Reduction,int8,100000,,0.00576,0.001408,available,,not_measured,managed,0.001408,4.090909,faster
np.min (int8),Reduction,int8,10000000,,0.2457,0.137347,available,,not_measured,managed,0.137347,1.7889,faster
np.min (uint16),Reduction,uint16,1000,,0.004009,0.000585,available,,not_measured,managed,0.000585,6.852991,negligible
np.min (uint16),Reduction,uint16,100000,,0.0074,0.002583,available,,not_measured,managed,0.002583,2.864886,faster
np.min (uint16),Reduction,uint16,10000000,,0.499,0.329255,available,,not_measured,managed,0.329255,1.515543,faster
np.min (uint32),Reduction,uint32,1000,,0.004033,0.000361,available,,not_measured,managed,0.000361,11.171745,negligible
np.min (uint32),Reduction,uint32,100000,,0.010633,0.004453,available,,not_measured,managed,0.004453,2.387828,faster
np.min (uint32),Reduction,uint32,10000000,,2.6378,2.973457,available,,not_measured,managed,2.973457,0.887116,close
np.min (uint64),Reduction,uint64,1000,,0.004462,0.000446,available,,not_measured,managed,0.000446,10.004484,negligible
np.min (uint64),Reduction,uint64,100000,,0.045155,0.010167,available,,not_measured,managed,0.010167,4.44133,faster
np.min (uint64),Reduction,uint64,10000000,,8.0135,7.993075,available,,not_measured,managed,7.993075,1.002555,close
np.min (uint8),Reduction,uint8,1000,,0.001464,0.000587,available,,not_measured,managed,0.000587,2.494037,negligible
np.min (uint8),Reduction,uint8,100000,,0.005764,0.001641,available,,not_measured,managed,0.001641,3.512492,faster
np.min (uint8),Reduction,uint8,10000000,,0.232125,0.136494,available,,not_measured,managed,0.136494,1.700624,faster
np.nanargmax(a) (float16),Reduction,float16,1000,,0.022336,0.003008,available,,not_measured,managed,0.003008,7.425532,faster
np.nanargmax(a) (float16),Reduction,float16,100000,,0.6971,0.270955,available,,not_measured,managed,0.270955,2.572752,faster
np.nanargmax(a) (float16),Reduction,float16,10000000,,75.8877,24.6352,available,,not_measured,managed,24.6352,3.080458,faster
np.nanargmax(a) (float32),Reduction,float32,1000,,0.018414,0.000981,available,,not_measured,managed,0.000981,18.770642,negligible
np.nanargmax(a) (float32),Reduction,float32,100000,,0.074915,0.036045,available,,not_measured,managed,0.036045,2.078374,faster
np.nanargmax(a) (float32),Reduction,float32,10000000,,19.987,9.17115,available,,not_measured,managed,9.17115,2.179334,faster
np.nanargmax(a) (float64),Reduction,float64,1000,,0.018326,0.001094,available,,not_measured,managed,0.001094,16.751371,faster
np.nanargmax(a) (float64),Reduction,float64,100000,,0.121322,0.0673,available,,not_measured,managed,0.0673,1.802704,faster
np.nanargmax(a) (float64),Reduction,float64,10000000,,26.6176,18.9885,available,,not_measured,managed,18.9885,1.401775,faster
np.nanargmin(a) (float16),Reduction,float16,1000,,0.022179,0.004853,available,,not_measured,managed,0.004853,4.570163,faster
np.nanargmin(a) (float16),Reduction,float16,100000,,0.4837,0.271022,available,,not_measured,managed,0.271022,1.784726,faster
np.nanargmin(a) (float16),Reduction,float16,10000000,,66.9779,18.2619,available,,not_measured,managed,18.2619,3.66763,faster
np.nanargmin(a) (float32),Reduction,float32,1000,,0.018192,0.002072,available,,not_measured,managed,0.002072,8.779923,faster
np.nanargmin(a) (float32),Reduction,float32,100000,,0.074914,0.031985,available,,not_measured,managed,0.031985,2.34216,faster
np.nanargmin(a) (float32),Reduction,float32,10000000,,20.2465,9.5082,available,,not_measured,managed,9.5082,2.129373,faster
np.nanargmin(a) (float64),Reduction,float64,1000,,0.018227,0.001148,available,,not_measured,managed,0.001148,15.877178,faster
np.nanargmin(a) (float64),Reduction,float64,100000,,0.121267,0.059793,available,,not_measured,managed,0.059793,2.028114,faster
np.nanargmin(a) (float64),Reduction,float64,10000000,,21.8318,18.9501,available,,not_measured,managed,18.9501,1.152068,faster
np.nanmax(a) (float16),Reduction,float16,1000,,0.011946,0.001459,available,,not_measured,managed,0.001459,8.1878,faster
np.nanmax(a) (float16),Reduction,float16,100000,,0.6122,0.414866,available,,not_measured,managed,0.414866,1.475657,faster
np.nanmax(a) (float16),Reduction,float16,10000000,,53.363,30.8654,available,,not_measured,managed,30.8654,1.728894,faster
np.nanmax(a) (float32),Reduction,float32,1000,,0.002853,0.000782,available,,not_measured,managed,0.000782,3.648338,negligible
np.nanmax(a) (float32),Reduction,float32,100000,,0.028159,0.004745,available,,not_measured,managed,0.004745,5.934457,faster
np.nanmax(a) (float32),Reduction,float32,10000000,,3.3808,1.092288,available,,not_measured,managed,1.092288,3.095154,faster
np.nanmax(a) (float64),Reduction,float64,1000,,0.009184,0.000747,available,,not_measured,managed,0.000747,12.294511,negligible
np.nanmax(a) (float64),Reduction,float64,100000,,0.047555,0.003884,available,,not_measured,managed,0.003884,12.243821,faster
np.nanmax(a) (float64),Reduction,float64,10000000,,7.8127,7.244875,available,,not_measured,managed,7.244875,1.078376,faster
np.nanmean(a) (float16),Reduction,float16,1000,,0.012164,0.002826,available,,not_measured,managed,0.002826,4.304317,faster
np.nanmean(a) (float16),Reduction,float16,100000,,0.4733,0.105219,available,,not_measured,managed,0.105219,4.498237,faster
np.nanmean(a) (float16),Reduction,float16,10000000,,50.5383,20.1585,available,,not_measured,managed,20.1585,2.507047,faster
np.nanmean(a) (float32),Reduction,float32,1000,,0.009242,0.001387,available,,not_measured,managed,0.001387,6.663302,faster
np.nanmean(a) (float32),Reduction,float32,100000,,0.155,0.071242,available,,not_measured,managed,0.071242,2.175683,faster
np.nanmean(a) (float32),Reduction,float32,10000000,,34.2036,7.296225,available,,not_measured,managed,7.296225,4.687849,faster
np.nanmean(a) (float64),Reduction,float64,1000,,0.025741,0.001351,available,,not_measured,managed,0.001351,19.053294,faster
np.nanmean(a) (float64),Reduction,float64,100000,,0.16875,0.071466,available,,not_measured,managed,0.071466,2.361263,faster
np.nanmean(a) (float64),Reduction,float64,10000000,,52.8266,6.43575,available,,not_measured,managed,6.43575,8.208305,faster
np.nanmedian(a) (float16),Reduction,float16,1000,,0.016393,0.007471,available,,not_measured,managed,0.007471,2.194218,faster
np.nanmedian(a) (float16),Reduction,float16,100000,,1.2466,1.291372,available,,not_measured,managed,1.291372,0.96533,close
np.nanmedian(a) (float16),Reduction,float16,10000000,,114.7367,125.6728,available,,not_measured,managed,125.6728,0.91298,close
np.nanmedian(a) (float32),Reduction,float32,1000,,0.037962,0.004518,available,,not_measured,managed,0.004518,8.40239,faster
np.nanmedian(a) (float32),Reduction,float32,100000,,0.65315,0.356526,available,,not_measured,managed,0.356526,1.831984,faster
np.nanmedian(a) (float32),Reduction,float32,10000000,,76.8975,40.3272,available,,not_measured,managed,40.3272,1.90684,faster
np.nanmedian(a) (float64),Reduction,float64,1000,,0.034131,0.002824,available,,not_measured,managed,0.002824,12.086048,faster
np.nanmedian(a) (float64),Reduction,float64,100000,,0.6824,0.35876,available,,not_measured,managed,0.35876,1.902107,faster
np.nanmedian(a) (float64),Reduction,float64,10000000,,111.2194,58.4312,available,,not_measured,managed,58.4312,1.903425,faster
np.nanmin(a) (float16),Reduction,float16,1000,,0.011725,0.001835,available,,not_measured,managed,0.001835,6.389646,faster
np.nanmin(a) (float16),Reduction,float16,100000,,0.58635,0.424253,available,,not_measured,managed,0.424253,1.382076,faster
np.nanmin(a) (float16),Reduction,float16,10000000,,52.7709,33.4489,available,,not_measured,managed,33.4489,1.577657,faster
np.nanmin(a) (float32),Reduction,float32,1000,,0.008833,0.000796,available,,not_measured,managed,0.000796,11.096734,negligible
np.nanmin(a) (float32),Reduction,float32,100000,,0.028139,0.004737,available,,not_measured,managed,0.004737,5.940258,faster
np.nanmin(a) (float32),Reduction,float32,10000000,,3.3078,2.982686,available,,not_measured,managed,2.982686,1.109,faster
np.nanmin(a) (float64),Reduction,float64,1000,,0.009112,0.000601,available,,not_measured,managed,0.000601,15.161398,negligible
np.nanmin(a) (float64),Reduction,float64,100000,,0.047143,0.010871,available,,not_measured,managed,0.010871,4.336584,faster
np.nanmin(a) (float64),Reduction,float64,10000000,,7.9542,7.3698,available,,not_measured,managed,7.3698,1.079297,faster
"np.nanpercentile(a, 50) (float16)",Reduction,float16,1000,,0.0881,0.011463,available,,not_measured,managed,0.011463,7.685597,faster
"np.nanpercentile(a, 50) (float16)",Reduction,float16,100000,,2.3964,1.683475,available,,not_measured,managed,1.683475,1.423484,faster
"np.nanpercentile(a, 50) (float16)",Reduction,float16,10000000,,120.9694,111.0336,available,,not_measured,managed,111.0336,1.089485,faster
"np.nanpercentile(a, 50) (float32)",Reduction,float32,1000,,0.077485,0.003618,available,,not_measured,managed,0.003618,21.416528,negligible
"np.nanpercentile(a, 50) (float32)",Reduction,float32,100000,,0.94155,0.348356,available,,not_measured,managed,0.348356,2.702838,faster
"np.nanpercentile(a, 50) (float32)",Reduction,float32,10000000,,50.3006,32.5439,available,,not_measured,managed,32.5439,1.545623,faster
"np.nanpercentile(a, 50) (float64)",Reduction,float64,1000,,0.077238,0.002698,available,,not_measured,managed,0.002698,28.627872,negligible
"np.nanpercentile(a, 50) (float64)",Reduction,float64,100000,,0.9938,0.233131,available,,not_measured,managed,0.233131,4.262839,faster
"np.nanpercentile(a, 50) (float64)",Reduction,float64,10000000,,72.0831,59.2902,available,,not_measured,managed,59.2902,1.215768,faster
np.nanprod(a) (float16),Reduction,float16,1000,,0.062694,0.002202,available,,not_measured,managed,0.002202,28.47139,negligible
np.nanprod(a) (float16),Reduction,float16,100000,,0.4936,0.208392,available,,not_measured,managed,0.208392,2.368613,faster
np.nanprod(a) (float16),Reduction,float16,10000000,,20.3973,9.4823,available,,not_measured,managed,9.4823,2.151092,faster
np.nanprod(a) (float32),Reduction,float32,1000,,0.020254,0.00051,available,,not_measured,managed,0.00051,39.713725,negligible
np.nanprod(a) (float32),Reduction,float32,100000,,6.6802,1.94315,available,,not_measured,managed,1.94315,3.43782,faster
np.nanprod(a) (float32),Reduction,float32,10000000,,589.1294,136.3894,available,,not_measured,managed,136.3894,4.319466,faster
np.nanprod(a) (float64),Reduction,float64,1000,,0.011368,0.000598,available,,not_measured,managed,0.000598,19.010033,negligible
np.nanprod(a) (float64),Reduction,float64,100000,,6.5773,3.052175,available,,not_measured,managed,3.052175,2.154955,faster
np.nanprod(a) (float64),Reduction,float64,10000000,,262.0915,281.8562,available,,not_measured,managed,281.8562,0.929877,close
"np.nanquantile(a, 0.5) (float16)",Reduction,float16,1000,,0.086442,0.006658,available,,not_measured,managed,0.006658,12.983178,faster
"np.nanquantile(a, 0.5) (float16)",Reduction,float16,100000,,2.3939,1.617987,available,,not_measured,managed,1.617987,1.479555,faster
"np.nanquantile(a, 0.5) (float16)",Reduction,float16,10000000,,146.7127,125.6704,available,,not_measured,managed,125.6704,1.16744,faster
"np.nanquantile(a, 0.5) (float32)",Reduction,float32,1000,,0.075114,0.004525,available,,not_measured,managed,0.004525,16.599779,faster
"np.nanquantile(a, 0.5) (float32)",Reduction,float32,100000,,0.93905,0.277207,available,,not_measured,managed,0.277207,3.387541,faster
"np.nanquantile(a, 0.5) (float32)",Reduction,float32,10000000,,60.2743,48.1602,available,,not_measured,managed,48.1602,1.251538,faster
"np.nanquantile(a, 0.5) (float64)",Reduction,float64,1000,,0.075043,0.002792,available,,not_measured,managed,0.002792,26.877865,negligible
"np.nanquantile(a, 0.5) (float64)",Reduction,float64,100000,,0.9896,0.281786,available,,not_measured,managed,0.281786,3.511885,faster
"np.nanquantile(a, 0.5) (float64)",Reduction,float64,10000000,,62.14,58.9489,available,,not_measured,managed,58.9489,1.054133,faster
np.nanstd(a) (float16),Reduction,float16,1000,,0.078538,0.005237,available,,not_measured,managed,0.005237,14.996754,faster
np.nanstd(a) (float16),Reduction,float16,100000,,2.1104,0.401738,available,,not_measured,managed,0.401738,5.253175,faster
np.nanstd(a) (float16),Reduction,float16,10000000,,137.0617,40.0969,available,,not_measured,managed,40.0969,3.418262,faster
np.nanstd(a) (float32),Reduction,float32,1000,,0.018937,0.002599,available,,not_measured,managed,0.002599,7.286264,faster
np.nanstd(a) (float32),Reduction,float32,100000,,0.313275,0.147895,available,,not_measured,managed,0.147895,2.118226,faster
np.nanstd(a) (float32),Reduction,float32,10000000,,59.1575,9.26915,available,,not_measured,managed,9.26915,6.382193,faster
np.nanstd(a) (float64),Reduction,float64,1000,,0.017179,0.00128,available,,not_measured,managed,0.00128,13.421094,faster
np.nanstd(a) (float64),Reduction,float64,100000,,0.3484,0.135334,available,,not_measured,managed,0.135334,2.574372,faster
np.nanstd(a) (float64),Reduction,float64,10000000,,94.7954,18.3646,available,,not_measured,managed,18.3646,5.161855,faster
np.nansum(a) (float16),Reduction,float16,1000,,0.00594,0.001097,available,,not_measured,managed,0.001097,5.414768,faster
np.nansum(a) (float16),Reduction,float16,100000,,0.3743,0.187699,available,,not_measured,managed,0.187699,1.99415,faster
np.nansum(a) (float16),Reduction,float16,10000000,,41.8484,18.7178,available,,not_measured,managed,18.7178,2.235754,faster
np.nansum(a) (float32),Reduction,float32,1000,,0.010593,0.000626,available,,not_measured,managed,0.000626,16.921725,negligible
np.nansum(a) (float32),Reduction,float32,100000,,0.056064,0.005868,available,,not_measured,managed,0.005868,9.554192,faster
np.nansum(a) (float32),Reduction,float32,10000000,,23.8724,1.73845,available,,not_measured,managed,1.73845,13.732003,faster
np.nansum(a) (float64),Reduction,float64,1000,,0.00341,0.000705,available,,not_measured,managed,0.000705,4.836879,negligible
np.nansum(a) (float64),Reduction,float64,100000,,0.074146,0.018093,available,,not_measured,managed,0.018093,4.098049,faster
np.nansum(a) (float64),Reduction,float64,10000000,,35.0455,8.40855,available,,not_measured,managed,8.40855,4.167841,faster
np.nanvar(a) (float16),Reduction,float16,1000,,0.075793,0.005241,available,,not_measured,managed,0.005241,14.461553,faster
np.nanvar(a) (float16),Reduction,float16,100000,,2.0893,0.215352,available,,not_measured,managed,0.215352,9.701791,faster
np.nanvar(a) (float16),Reduction,float16,10000000,,125.0562,40.1327,available,,not_measured,managed,40.1327,3.116067,faster
np.nanvar(a) (float32),Reduction,float32,1000,,0.057853,0.002681,available,,not_measured,managed,0.002681,21.578888,negligible
np.nanvar(a) (float32),Reduction,float32,100000,,0.3105,0.148273,available,,not_measured,managed,0.148273,2.09411,faster
np.nanvar(a) (float32),Reduction,float32,10000000,,30.312,10.58155,available,,not_measured,managed,10.58155,2.864609,faster
np.nanvar(a) (float64),Reduction,float64,1000,,0.05275,0.001281,available,,not_measured,managed,0.001281,41.178767,negligible
np.nanvar(a) (float64),Reduction,float64,100000,,0.3452,0.142472,available,,not_measured,managed,0.142472,2.422932,faster
np.nanvar(a) (float64),Reduction,float64,10000000,,46.7828,14.606,available,,not_measured,managed,14.606,3.202985,faster
np.prod (float64),Reduction,float64,1000,,0.004816,0.000627,available,,not_measured,managed,0.000627,7.681021,negligible
np.prod (float64),Reduction,float64,100000,,2.2935,1.116059,available,,not_measured,managed,1.116059,2.054999,faster
np.prod (float64),Reduction,float64,10000000,,297.3905,135.7276,available,,not_measured,managed,135.7276,2.191083,faster
np.prod (int64),Reduction,int64,1000,,0.001934,0.000995,available,,not_measured,managed,0.000995,1.943719,negligible
np.prod (int64),Reduction,int64,100000,,0.120889,0.01945,available,,not_measured,managed,0.01945,6.215373,faster
np.prod (int64),Reduction,int64,10000000,,12.621,3.915575,available,,not_measured,managed,3.915575,3.223281,faster
np.prod axis=0 (float64),Reduction,float64,1000,,0.004429,0.000648,available,,not_measured,managed,0.000648,6.834877,negligible
np.prod axis=0 (float64),Reduction,float64,100000,,0.010845,0.018513,available,,not_measured,managed,0.018513,0.585805,slower
np.prod axis=0 (float64),Reduction,float64,10000000,,19.4991,120.7512,available,,not_measured,managed,120.7512,0.161482,much_slower
np.prod axis=0 (int64),Reduction,int64,1000,,0.004846,0.000497,available,,not_measured,managed,0.000497,9.750503,negligible
np.prod axis=0 (int64),Reduction,int64,100000,,0.057878,0.04064,available,,not_measured,managed,0.04064,1.424163,faster
np.prod axis=0 (int64),Reduction,int64,10000000,,8.0804,4.77795,available,,not_measured,managed,4.77795,1.691186,faster
np.prod axis=1 (float64),Reduction,float64,1000,,0.004693,0.000674,available,,not_measured,managed,0.000674,6.962908,negligible
np.prod axis=1 (float64),Reduction,float64,100000,,0.056922,0.011727,available,,not_measured,managed,0.011727,4.853927,faster
np.prod axis=1 (float64),Reduction,float64,10000000,,176.5718,7.9933,available,,not_measured,managed,7.9933,22.089975,negligible
np.prod axis=1 (int64),Reduction,int64,1000,,0.004793,0.001306,available,,not_measured,managed,0.001306,3.669985,faster
np.prod axis=1 (int64),Reduction,int64,100000,,0.115267,0.043625,available,,not_measured,managed,0.043625,2.642223,faster
np.prod axis=1 (int64),Reduction,int64,10000000,,12.4447,7.925925,available,,not_measured,managed,7.925925,1.570126,faster
np.std (float16),Reduction,float16,1000,,0.039385,0.004265,available,,not_measured,managed,0.004265,9.234467,faster
np.std (float16),Reduction,float16,100000,,1.5186,0.180092,available,,not_measured,managed,0.180092,8.432357,faster
np.std (float16),Reduction,float16,10000000,,94.1381,38.6467,available,,not_measured,managed,38.6467,2.435864,faster
np.std (float32),Reduction,float32,1000,,0.024515,0.000813,available,,not_measured,managed,0.000813,30.153752,negligible
np.std (float32),Reduction,float32,100000,,0.087775,0.018195,available,,not_measured,managed,0.018195,4.824128,faster
np.std (float32),Reduction,float32,10000000,,30.6433,6.39835,available,,not_measured,managed,6.39835,4.78925,faster
np.std (float64),Reduction,float64,1000,,0.020489,0.000951,available,,not_measured,managed,0.000951,21.54469,negligible
np.std (float64),Reduction,float64,100000,,0.10763,0.0245,available,,not_measured,managed,0.0245,4.393061,faster
np.std (float64),Reduction,float64,10000000,,54.3821,16.2628,available,,not_measured,managed,16.2628,3.343957,faster
np.std axis=0 (float16),Reduction,float16,1000,,0.047367,0.010479,available,,not_measured,managed,0.010479,4.520183,faster
np.std axis=0 (float16),Reduction,float16,100000,,1.0524,0.365325,available,,not_measured,managed,0.365325,2.880723,faster
np.std axis=0 (float16),Reduction,float16,10000000,,108.905,82.9783,available,,not_measured,managed,82.9783,1.312452,faster
np.std axis=0 (float32),Reduction,float32,1000,,0.024587,0.000994,available,,not_measured,managed,0.000994,24.735412,negligible
np.std axis=0 (float32),Reduction,float32,100000,,0.0837,0.061272,available,,not_measured,managed,0.061272,1.36604,faster
np.std axis=0 (float32),Reduction,float32,10000000,,24.8431,4.550975,available,,not_measured,managed,4.550975,5.458852,faster
np.std axis=0 (float64),Reduction,float64,1000,,0.021853,0.000556,available,,not_measured,managed,0.000556,39.303957,negligible
np.std axis=0 (float64),Reduction,float64,100000,,0.1288,0.036537,available,,not_measured,managed,0.036537,3.525194,faster
np.std axis=0 (float64),Reduction,float64,10000000,,52.152,8.8838,available,,not_measured,managed,8.8838,5.870461,faster
np.sum (complex128),Reduction,complex128,1000,,0.004548,0.000905,available,,not_measured,managed,0.000905,5.025414,negligible
np.sum (complex128),Reduction,complex128,100000,,0.044638,0.021209,available,,not_measured,managed,0.021209,2.104673,faster
np.sum (complex128),Reduction,complex128,10000000,,17.5651,15.9346,available,,not_measured,managed,15.9346,1.102325,faster
np.sum (float16),Reduction,float16,1000,,0.006348,0.000982,available,,not_measured,managed,0.000982,6.464358,negligible
np.sum (float16),Reduction,float16,100000,,0.19934,0.057634,available,,not_measured,managed,0.057634,3.458722,faster
np.sum (float16),Reduction,float16,10000000,,23.554,6.886675,available,,not_measured,managed,6.886675,3.420228,faster
np.sum (float32),Reduction,float32,1000,,0.004264,0.00059,available,,not_measured,managed,0.00059,7.227119,negligible
np.sum (float32),Reduction,float32,100000,,0.025528,0.005803,available,,not_measured,managed,0.005803,4.399104,faster
np.sum (float32),Reduction,float32,10000000,,8.1855,2.833771,available,,not_measured,managed,2.833771,2.888554,faster
np.sum (float64),Reduction,float64,1000,,0.004341,0.004867,available,,not_measured,managed,0.004867,0.891925,close
np.sum (float64),Reduction,float64,100000,,0.026926,0.18731,available,,not_measured,managed,0.18731,0.143751,much_slower
np.sum (float64),Reduction,float64,10000000,,14.6187,10.45685,available,,not_measured,managed,10.45685,1.398002,faster
np.sum (int16),Reduction,int16,1000,,0.005243,0.000394,available,,not_measured,managed,0.000394,13.307107,negligible
np.sum (int16),Reduction,int16,100000,,0.067607,0.018969,available,,not_measured,managed,0.018969,3.564078,faster
np.sum (int16),Reduction,int16,10000000,,3.1109,4.442267,available,,not_measured,managed,4.442267,0.700296,slower
np.sum (int32),Reduction,int32,1000,,0.005351,0.000404,available,,not_measured,managed,0.000404,13.24505,negligible
np.sum (int32),Reduction,int32,100000,,0.083433,0.044484,available,,not_measured,managed,0.044484,1.875573,faster
np.sum (int32),Reduction,int32,10000000,,8.6032,5.101575,available,,not_measured,managed,5.101575,1.686381,faster
np.sum (int64),Reduction,int64,1000,,0.004378,0.00063,available,,not_measured,managed,0.00063,6.949206,negligible
np.sum (int64),Reduction,int64,100000,,0.030587,0.007759,available,,not_measured,managed,0.007759,3.942132,faster
np.sum (int64),Reduction,int64,10000000,,9.0839,7.405225,available,,not_measured,managed,7.405225,1.226688,faster
np.sum (int8),Reduction,int8,1000,,0.005312,0.001036,available,,not_measured,managed,0.001036,5.127413,faster
np.sum (int8),Reduction,int8,100000,,0.081358,0.018556,available,,not_measured,managed,0.018556,4.384458,faster
np.sum (int8),Reduction,int8,10000000,,7.7602,1.935867,available,,not_measured,managed,1.935867,4.008643,faster
np.sum (uint16),Reduction,uint16,1000,,0.005326,0.000716,available,,not_measured,managed,0.000716,7.438547,negligible
np.sum (uint16),Reduction,uint16,100000,,0.082033,0.03916,available,,not_measured,managed,0.03916,2.094816,faster
np.sum (uint16),Reduction,uint16,10000000,,3.1462,4.151583,available,,not_measured,managed,4.151583,0.757831,slower
np.sum (uint32),Reduction,uint32,1000,,0.005187,0.000971,available,,not_measured,managed,0.000971,5.341916,negligible
np.sum (uint32),Reduction,uint32,100000,,0.067747,0.039244,available,,not_measured,managed,0.039244,1.726302,faster
np.sum (uint32),Reduction,uint32,10000000,,7.6099,4.874625,available,,not_measured,managed,4.874625,1.561125,faster
np.sum (uint64),Reduction,uint64,1000,,0.004343,0.000638,available,,not_measured,managed,0.000638,6.80721,negligible
np.sum (uint64),Reduction,uint64,100000,,0.030536,0.004493,available,,not_measured,managed,0.004493,6.79635,faster
np.sum (uint64),Reduction,uint64,10000000,,8.9965,7.45415,available,,not_measured,managed,7.45415,1.206912,faster
np.sum (uint8),Reduction,uint8,1000,,0.001977,0.000761,available,,not_measured,managed,0.000761,2.597898,negligible
np.sum (uint8),Reduction,uint8,100000,,0.081315,0.033544,available,,not_measured,managed,0.033544,2.42413,faster
np.sum (uint8),Reduction,uint8,10000000,,7.7619,3.726543,available,,not_measured,managed,3.726543,2.082869,faster
np.sum axis=0 (complex128),Reduction,complex128,1000,,0.005003,0.00247,available,,not_measured,managed,0.00247,2.025506,faster
np.sum axis=0 (complex128),Reduction,complex128,100000,,0.039822,0.020205,available,,not_measured,managed,0.020205,1.970898,faster
np.sum axis=0 (complex128),Reduction,complex128,10000000,,16.5927,14.2991,available,,not_measured,managed,14.2991,1.160402,faster
np.sum axis=0 (float16),Reduction,float16,1000,,0.010825,0.004519,available,,not_measured,managed,0.004519,2.395441,faster
np.sum axis=0 (float16),Reduction,float16,100000,,0.62295,0.152356,available,,not_measured,managed,0.152356,4.088779,faster
np.sum axis=0 (float16),Reduction,float16,10000000,,66.6348,13.6077,available,,not_measured,managed,13.6077,4.896845,faster
np.sum axis=0 (float32),Reduction,float32,1000,,0.004627,0.001491,available,,not_measured,managed,0.001491,3.103286,faster
np.sum axis=0 (float32),Reduction,float32,100000,,0.015173,0.007767,available,,not_measured,managed,0.007767,1.953521,faster
np.sum axis=0 (float32),Reduction,float32,10000000,,3.0929,3.419,available,,not_measured,managed,3.419,0.904621,close
np.sum axis=0 (float64),Reduction,float64,1000,,0.004696,0.00125,available,,not_measured,managed,0.00125,3.7568,faster
np.sum axis=0 (float64),Reduction,float64,100000,,0.02307,0.013232,available,,not_measured,managed,0.013232,1.743501,faster
np.sum axis=0 (float64),Reduction,float64,10000000,,8.0834,8.305725,available,,not_measured,managed,8.305725,0.973232,close
np.sum axis=0 (int16),Reduction,int16,1000,,0.005938,0.000793,available,,not_measured,managed,0.000793,7.48802,negligible
np.sum axis=0 (int16),Reduction,int16,100000,,0.091045,0.009813,available,,not_measured,managed,0.009813,9.277999,faster
np.sum axis=0 (int16),Reduction,int16,10000000,,8.5833,0.923781,available,,not_measured,managed,0.923781,9.291488,faster
np.sum axis=0 (int32),Reduction,int32,1000,,0.00599,0.000682,available,,not_measured,managed,0.000682,8.782991,negligible
np.sum axis=0 (int32),Reduction,int32,100000,,0.107033,0.014156,available,,not_measured,managed,0.014156,7.560964,faster
np.sum axis=0 (int32),Reduction,int32,10000000,,11.0954,3.439471,available,,not_measured,managed,3.439471,3.225903,faster
np.sum axis=0 (int64),Reduction,int64,1000,,0.004939,0.000673,available,,not_measured,managed,0.000673,7.338782,negligible
np.sum axis=0 (int64),Reduction,int64,100000,,0.02726,0.018257,available,,not_measured,managed,0.018257,1.493126,faster
np.sum axis=0 (int64),Reduction,int64,10000000,,7.949,7.8093,available,,not_measured,managed,7.8093,1.017889,close
np.sum axis=0 (int8),Reduction,int8,1000,,0.006015,0.00117,available,,not_measured,managed,0.00117,5.141026,faster
np.sum axis=0 (int8),Reduction,int8,100000,,0.10507,0.009277,available,,not_measured,managed,0.009277,11.32586,faster
np.sum axis=0 (int8),Reduction,int8,10000000,,10.0383,0.740273,available,,not_measured,managed,0.740273,13.560268,faster
np.sum axis=0 (uint16),Reduction,uint16,1000,,0.00613,0.00118,available,,not_measured,managed,0.00118,5.194915,faster
np.sum axis=0 (uint16),Reduction,uint16,100000,,0.10559,0.009901,available,,not_measured,managed,0.009901,10.664579,faster
np.sum axis=0 (uint16),Reduction,uint16,10000000,,10.2652,0.963468,available,,not_measured,managed,0.963468,10.654428,faster
np.sum axis=0 (uint32),Reduction,uint32,1000,,0.002159,0.000388,available,,not_measured,managed,0.000388,5.564433,negligible
np.sum axis=0 (uint32),Reduction,uint32,100000,,0.09126,0.014198,available,,not_measured,managed,0.014198,6.427666,faster
np.sum axis=0 (uint32),Reduction,uint32,10000000,,5.0308,3.512686,available,,not_measured,managed,3.512686,1.43218,faster
np.sum axis=0 (uint64),Reduction,uint64,1000,,0.005036,0.000671,available,,not_measured,managed,0.000671,7.505216,negligible
np.sum axis=0 (uint64),Reduction,uint64,100000,,0.054083,0.018711,available,,not_measured,managed,0.018711,2.890439,faster
np.sum axis=0 (uint64),Reduction,uint64,10000000,,8.0847,7.852725,available,,not_measured,managed,7.852725,1.029541,close
np.sum axis=0 (uint8),Reduction,uint8,1000,,0.002266,0.001165,available,,not_measured,managed,0.001165,1.945064,faster
np.sum axis=0 (uint8),Reduction,uint8,100000,,0.10509,0.007911,available,,not_measured,managed,0.007911,13.284035,faster
np.sum axis=0 (uint8),Reduction,uint8,10000000,,9.9127,0.739627,available,,not_measured,managed,0.739627,13.402296,faster
np.sum axis=1 (complex128),Reduction,complex128,1000,,0.004985,0.002537,available,,not_measured,managed,0.002537,1.964919,faster
np.sum axis=1 (complex128),Reduction,complex128,100000,,0.048739,0.04466,available,,not_measured,managed,0.04466,1.091335,faster
np.sum axis=1 (complex128),Reduction,complex128,10000000,,17.5252,16.9045,available,,not_measured,managed,16.9045,1.036718,close
np.sum axis=1 (float16),Reduction,float16,1000,,0.006912,0.002085,available,,not_measured,managed,0.002085,3.315108,faster
np.sum axis=1 (float16),Reduction,float16,100000,,0.23706,0.070074,available,,not_measured,managed,0.070074,3.382995,faster
np.sum axis=1 (float16),Reduction,float16,10000000,,19.598,3.33565,available,,not_measured,managed,3.33565,5.875317,faster
np.sum axis=1 (float32),Reduction,float32,1000,,0.004589,0.001215,available,,not_measured,managed,0.001215,3.776955,faster
np.sum axis=1 (float32),Reduction,float32,100000,,0.027389,0.019354,available,,not_measured,managed,0.019354,1.41516,faster
np.sum axis=1 (float32),Reduction,float32,10000000,,7.026,3.419083,available,,not_measured,managed,3.419083,2.054937,faster
np.sum axis=1 (float64),Reduction,float64,1000,,0.004662,0.002095,available,,not_measured,managed,0.002095,2.225298,faster
np.sum axis=1 (float64),Reduction,float64,100000,,0.030355,0.021678,available,,not_measured,managed,0.021678,1.400268,faster
np.sum axis=1 (float64),Reduction,float64,10000000,,12.165,7.533275,available,,not_measured,managed,7.533275,1.614836,faster
np.sum axis=1 (int16),Reduction,int16,1000,,0.005622,0.000536,available,,not_measured,managed,0.000536,10.488806,negligible
np.sum axis=1 (int16),Reduction,int16,100000,,0.071164,0.003984,available,,not_measured,managed,0.003984,17.86245,faster
np.sum axis=1 (int16),Reduction,int16,10000000,,6.392,0.809438,available,,not_measured,managed,0.809438,7.896837,faster
np.sum axis=1 (int32),Reduction,int32,1000,,0.005761,0.000621,available,,not_measured,managed,0.000621,9.276973,negligible
np.sum axis=1 (int32),Reduction,int32,100000,,0.037392,0.005418,available,,not_measured,managed,0.005418,6.90144,faster
np.sum axis=1 (int32),Reduction,int32,10000000,,3.8025,3.532743,available,,not_measured,managed,3.532743,1.076359,faster
np.sum axis=1 (int64),Reduction,int64,1000,,0.004749,0.00045,available,,not_measured,managed,0.00045,10.553333,negligible
np.sum axis=1 (int64),Reduction,int64,100000,,0.034363,0.011389,available,,not_measured,managed,0.011389,3.01721,faster
np.sum axis=1 (int64),Reduction,int64,10000000,,8.6406,7.8497,available,,not_measured,managed,7.8497,1.100755,faster
np.sum axis=1 (int8),Reduction,int8,1000,,0.005752,0.000666,available,,not_measured,managed,0.000666,8.636637,negligible
np.sum axis=1 (int8),Reduction,int8,100000,,0.0853,0.00363,available,,not_measured,managed,0.00363,23.498623,negligible
np.sum axis=1 (int8),Reduction,int8,10000000,,7.9595,0.302402,available,,not_measured,managed,0.302402,26.320924,negligible
np.sum axis=1 (uint16),Reduction,uint16,1000,,0.005741,0.000677,available,,not_measured,managed,0.000677,8.480059,negligible
np.sum axis=1 (uint16),Reduction,uint16,100000,,0.085617,0.004074,available,,not_measured,managed,0.004074,21.015464,negligible
np.sum axis=1 (uint16),Reduction,uint16,10000000,,7.9196,0.805773,available,,not_measured,managed,0.805773,9.828575,faster
np.sum axis=1 (uint32),Reduction,uint32,1000,,0.005582,0.000427,available,,not_measured,managed,0.000427,13.0726,negligible
np.sum axis=1 (uint32),Reduction,uint32,100000,,0.071438,0.009527,available,,not_measured,managed,0.009527,7.498478,faster
np.sum axis=1 (uint32),Reduction,uint32,10000000,,7.522,2.065967,available,,not_measured,managed,2.065967,3.64091,faster
np.sum axis=1 (uint64),Reduction,uint64,1000,,0.004677,0.00073,available,,not_measured,managed,0.00073,6.406849,negligible
np.sum axis=1 (uint64),Reduction,uint64,100000,,0.034369,0.008564,available,,not_measured,managed,0.008564,4.013195,faster
np.sum axis=1 (uint64),Reduction,uint64,10000000,,9.0667,3.091975,available,,not_measured,managed,3.091975,2.932333,faster
np.sum axis=1 (uint8),Reduction,uint8,1000,,0.002194,0.000647,available,,not_measured,managed,0.000647,3.391036,negligible
np.sum axis=1 (uint8),Reduction,uint8,100000,,0.085033,0.006661,available,,not_measured,managed,0.006661,12.765801,faster
np.sum axis=1 (uint8),Reduction,uint8,10000000,,7.7735,0.306931,available,,not_measured,managed,0.306931,25.326539,negligible
np.var (float16),Reduction,float16,1000,,0.037881,0.00425,available,,not_measured,managed,0.00425,8.913176,faster
np.var (float16),Reduction,float16,100000,,1.5156,0.179468,available,,not_measured,managed,0.179468,8.44496,faster
np.var (float16),Reduction,float16,10000000,,113.2038,38.6628,available,,not_measured,managed,38.6628,2.927977,faster
np.var (float32),Reduction,float32,1000,,0.0229,0.000481,available,,not_measured,managed,0.000481,47.609148,negligible
np.var (float32),Reduction,float32,100000,,0.086592,0.017842,available,,not_measured,managed,0.017842,4.853268,faster
np.var (float32),Reduction,float32,10000000,,29.6237,6.50415,available,,not_measured,managed,6.50415,4.554584,faster
np.var (float64),Reduction,float64,1000,,0.019322,0.000586,available,,not_measured,managed,0.000586,32.972696,negligible
np.var (float64),Reduction,float64,100000,,0.05837,0.018906,available,,not_measured,managed,0.018906,3.08738,faster
np.var (float64),Reduction,float64,10000000,,48.2499,16.4923,available,,not_measured,managed,16.4923,2.925602,faster
np.var axis=0 (float16),Reduction,float16,1000,,0.046427,0.01052,available,,not_measured,managed,0.01052,4.413213,faster
np.var axis=0 (float16),Reduction,float16,100000,,2.4351,0.806028,available,,not_measured,managed,0.806028,3.021111,faster
np.var axis=0 (float16),Reduction,float16,10000000,,218.7866,136.9422,available,,not_measured,managed,136.9422,1.597657,faster
np.var axis=0 (float32),Reduction,float32,1000,,0.02351,0.001001,available,,not_measured,managed,0.001001,23.486513,negligible
np.var axis=0 (float32),Reduction,float32,100000,,0.081985,0.02116,available,,not_measured,managed,0.02116,3.874527,faster
np.var axis=0 (float32),Reduction,float32,10000000,,25.1447,5.53705,available,,not_measured,managed,5.53705,4.541173,faster
np.var axis=0 (float64),Reduction,float64,1000,,0.020992,0.000944,available,,not_measured,managed,0.000944,22.237288,negligible
np.var axis=0 (float64),Reduction,float64,100000,,0.126888,0.02211,available,,not_measured,managed,0.02211,5.738942,faster
np.var axis=0 (float64),Reduction,float64,10000000,,52.0486,15.3635,available,,not_measured,managed,15.3635,3.387809,faster
"np.choose(selector, choices) (float64)",Selection,float64,1000,,0.005178,0.002621,available,,not_measured,managed,0.002621,1.975582,faster
"np.choose(selector, choices) (float64)",Selection,float64,100000,,1.1431,0.144664,available,,not_measured,managed,0.144664,7.901759,faster
"np.choose(selector, choices) (float64)",Selection,float64,10000000,,11.5641,1.939017,available,,not_measured,managed,1.939017,5.963898,faster
"np.compress(mask, a) (float64)",Selection,float64,1000,,0.001887,0.000764,available,,not_measured,managed,0.000764,2.469895,negligible
"np.compress(mask, a) (float64)",Selection,float64,100000,,0.239225,0.084716,available,,not_measured,managed,0.084716,2.823847,faster
"np.compress(mask, a) (float64)",Selection,float64,10000000,,3.2526,0.930106,available,,not_measured,managed,0.930106,3.497021,faster
np.diag_indices(n) (float64),Selection,float64,1000,,0.000406,0.000861,available,,not_measured,managed,0.000861,0.471545,negligible
np.diag_indices(n) (float64),Selection,float64,100000,,0.001326,0.000923,available,,not_measured,managed,0.000923,1.43662,negligible
np.diag_indices(n) (float64),Selection,float64,10000000,,0.001561,0.001045,available,,not_measured,managed,0.001045,1.49378,faster
np.diag_indices_from(a) (float64),Selection,float64,1000,,0.003868,0.000981,available,,not_measured,managed,0.000981,3.942915,negligible
np.diag_indices_from(a) (float64),Selection,float64,100000,,0.0132,0.001336,available,,not_measured,managed,0.001336,9.88024,faster
np.diag_indices_from(a) (float64),Selection,float64,10000000,,0.013469,0.001699,available,,not_measured,managed,0.001699,7.927604,faster
"np.extract(mask, a) (float64)",Selection,float64,1000,,0.002841,0.000696,available,,not_measured,managed,0.000696,4.081897,negligible
"np.extract(mask, a) (float64)",Selection,float64,100000,,0.24175,0.085043,available,,not_measured,managed,0.085043,2.84268,faster
"np.extract(mask, a) (float64)",Selection,float64,10000000,,3.2588,0.669422,available,,not_measured,managed,0.669422,4.86808,faster
np.indices(shape) (float64),Selection,float64,1000,,0.007462,0.001387,available,,not_measured,managed,0.001387,5.379957,faster
np.indices(shape) (float64),Selection,float64,100000,,0.3571,0.154354,available,,not_measured,managed,0.154354,2.313513,faster
np.indices(shape) (float64),Selection,float64,10000000,,3.138,1.3308,available,,not_measured,managed,1.3308,2.35798,faster
"np.mask_indices(n, triu) (float64)",Selection,float64,1000,,0.008021,0.007256,available,,not_measured,managed,0.007256,1.10543,faster
"np.mask_indices(n, triu) (float64)",Selection,float64,100000,,0.7667,0.454661,available,,not_measured,managed,0.454661,1.686311,faster
"np.mask_indices(n, triu) (float64)",Selection,float64,10000000,,7.2309,3.293687,available,,not_measured,managed,3.293687,2.195382,faster
"np.place(a, mask, values) (float64)",Selection,float64,1000,,0.00125,0.000547,available,,not_measured,managed,0.000547,2.285192,negligible
"np.place(a, mask, values) (float64)",Selection,float64,100000,,0.390933,0.279281,available,,not_measured,managed,0.279281,1.399784,faster
"np.place(a, mask, values) (float64)",Selection,float64,10000000,,3.9396,3.365886,available,,not_measured,managed,3.365886,1.17045,faster
"np.put(a, indices, values) (float64)",Selection,float64,1000,,0.001801,0.003747,available,,not_measured,managed,0.003747,0.480651,slower
"np.put(a, indices, values) (float64)",Selection,float64,100000,,0.188167,0.062857,available,,not_measured,managed,0.062857,2.993573,faster
"np.put(a, indices, values) (float64)",Selection,float64,10000000,,2.6848,1.170619,available,,not_measured,managed,1.170619,2.293487,faster
"np.ravel_multi_index(coords, dims) (float64)",Selection,float64,1000,,0.00313,0.001928,available,,not_measured,managed,0.001928,1.623444,faster
"np.ravel_multi_index(coords, dims) (float64)",Selection,float64,100000,,0.0732,0.162731,available,,not_measured,managed,0.162731,0.449822,slower
"np.ravel_multi_index(coords, dims) (float64)",Selection,float64,10000000,,1.8037,1.442291,available,,not_measured,managed,1.442291,1.25058,faster
"np.select(condlist, choicelist) (float64)",Selection,float64,1000,,0.011352,0.001542,available,,not_measured,managed,0.001542,7.361868,faster
"np.select(condlist, choicelist) (float64)",Selection,float64,100000,,0.9341,0.081018,available,,not_measured,managed,0.081018,11.529537,faster
"np.select(condlist, choicelist) (float64)",Selection,float64,10000000,,11.1592,1.50305,available,,not_measured,managed,1.50305,7.42437,faster
"np.take(a, indices) (float64)",Selection,float64,1000,,0.001324,0.001195,available,,not_measured,managed,0.001195,1.10795,faster
"np.take(a, indices) (float64)",Selection,float64,100000,,0.183483,0.097155,available,,not_measured,managed,0.097155,1.88856,faster
"np.take(a, indices) (float64)",Selection,float64,10000000,,2.2477,1.346244,available,,not_measured,managed,1.346244,1.669608,faster
"np.take_along_axis(a, indices) (float64)",Selection,float64,1000,,0.001668,0.000712,available,,not_measured,managed,0.000712,2.342697,negligible
"np.take_along_axis(a, indices) (float64)",Selection,float64,100000,,0.052047,0.021682,available,,not_measured,managed,0.021682,2.40047,faster
"np.take_along_axis(a, indices) (float64)",Selection,float64,10000000,,0.9553,0.675827,available,,not_measured,managed,0.675827,1.413527,faster
np.tril_indices_from(a) (float64),Selection,float64,1000,,0.009908,0.003578,available,,not_measured,managed,0.003578,2.769145,faster
np.tril_indices_from(a) (float64),Selection,float64,100000,,0.146071,0.04081,available,,not_measured,managed,0.04081,3.579294,faster
np.tril_indices_from(a) (float64),Selection,float64,10000000,,2.2535,0.709852,available,,not_measured,managed,0.709852,3.174605,faster
np.triu_indices_from(a) (float64),Selection,float64,1000,,0.010346,0.003487,available,,not_measured,managed,0.003487,2.96702,faster
np.triu_indices_from(a) (float64),Selection,float64,100000,,0.145514,0.04122,available,,not_measured,managed,0.04122,3.53018,faster
np.triu_indices_from(a) (float64),Selection,float64,10000000,,2.71,0.519631,available,,not_measured,managed,0.519631,5.215239,faster
"np.unravel_index(indices, shape) (float64)",Selection,float64,1000,,0.002699,0.001517,available,,not_measured,managed,0.001517,1.779169,faster
"np.unravel_index(indices, shape) (float64)",Selection,float64,100000,,0.107678,0.112416,available,,not_measured,managed,0.112416,0.957853,close
"np.unravel_index(indices, shape) (float64)",Selection,float64,10000000,,1.3949,1.030134,available,,not_measured,managed,1.030134,1.354096,faster
np.where(cond) (float64),Selection,float64,1000,,0.000747,0.001138,available,,not_measured,managed,0.001138,0.656415,negligible
np.where(cond) (float64),Selection,float64,100000,,0.057356,0.050778,available,,not_measured,managed,0.050778,1.129544,faster
np.where(cond) (float64),Selection,float64,10000000,,10.3058,8.15625,available,,not_measured,managed,8.15625,1.263546,faster
"np.where(cond, a, b) (float64)",Selection,float64,1000,,0.001067,0.001455,available,,not_measured,managed,0.001455,0.733333,slower
"np.where(cond, a, b) (float64)",Selection,float64,100000,,0.067225,0.055082,available,,not_measured,managed,0.055082,1.220453,faster
"np.where(cond, a, b) (float64)",Selection,float64,10000000,,32.0807,28.3598,available,,not_measured,managed,28.3598,1.131203,faster
a[100:1000] (contiguous slice),Slicing,float64,1000,,0.000105,0.001783,available,,not_measured,managed,0.001783,0.05889,negligible
a[100:1000] (contiguous slice),Slicing,float64,100000,,0.000106,0.001811,available,,not_measured,managed,0.001811,0.058531,negligible
a[100:1000] (contiguous slice),Slicing,float64,10000000,,0.000153,0.001771,available,,not_measured,managed,0.001771,0.086392,negligible
"a[10:100, :] (row slice 2D)",Slicing,float64,1000,,0.000156,0.002783,available,,not_measured,managed,0.002783,0.056055,negligible
"a[10:100, :] (row slice 2D)",Slicing,float64,100000,,0.000222,0.002658,available,,not_measured,managed,0.002658,0.083521,negligible
"a[10:100, :] (row slice 2D)",Slicing,float64,10000000,,0.000222,0.00278,available,,not_measured,managed,0.00278,0.079856,negligible
"a[:, 10:100] (col slice 2D)",Slicing,float64,1000,,0.000155,0.002629,available,,not_measured,managed,0.002629,0.058958,negligible
"a[:, 10:100] (col slice 2D)",Slicing,float64,100000,,0.000222,0.002002,available,,not_measured,managed,0.002002,0.110889,negligible
"a[:, 10:100] (col slice 2D)",Slicing,float64,10000000,,0.000225,0.002585,available,,not_measured,managed,0.002585,0.087041,negligible
a[::-1] (reversed),Slicing,float64,1000,,0.000104,0.00164,available,,not_measured,managed,0.00164,0.063415,negligible
a[::-1] (reversed),Slicing,float64,100000,,0.000151,0.001639,available,,not_measured,managed,0.001639,0.092129,negligible
a[::-1] (reversed),Slicing,float64,10000000,,0.000152,0.001391,available,,not_measured,managed,0.001391,0.109274,negligible
a[::2] (strided slice),Slicing,float64,1000,,0.000104,0.001537,available,,not_measured,managed,0.001537,0.067664,negligible
a[::2] (strided slice),Slicing,float64,100000,,0.000105,0.001638,available,,not_measured,managed,0.001638,0.064103,negligible
a[::2] (strided slice),Slicing,float64,10000000,,0.00015,0.001632,available,,not_measured,managed,0.001632,0.091912,negligible
a[::2] * 2,Slicing,float64,1000,,0.000822,0.007435,available,,not_measured,managed,0.007435,0.110558,negligible
a[::2] * 2,Slicing,float64,100000,,0.030367,0.036953,available,,not_measured,managed,0.036953,0.821774,close
a[::2] * 2,Slicing,float64,10000000,,16.6271,18.8604,available,,not_measured,managed,18.8604,0.881588,close
a[N/10:9N/10] * 2,Slicing,float64,1000,,0.00082,0.004511,available,,not_measured,managed,0.004511,0.181778,negligible
a[N/10:9N/10] * 2,Slicing,float64,100000,,0.01806,0.039642,available,,not_measured,managed,0.039642,0.455577,slower
a[N/10:9N/10] * 2,Slicing,float64,10000000,,17.9399,12.16415,available,,not_measured,managed,12.16415,1.474817,faster
a[N/10:9N/10].copy(),Slicing,float64,1000,,0.000383,0.001961,available,,not_measured,managed,0.001961,0.195309,negligible
a[N/10:9N/10].copy(),Slicing,float64,100000,,0.016157,0.023301,available,,not_measured,managed,0.023301,0.693404,slower
a[N/10:9N/10].copy(),Slicing,float64,10000000,,13.6884,8.49795,available,,not_measured,managed,8.49795,1.610788,faster
np.copy(a[N/10:9N/10]),Slicing,float64,1000,,0.000585,0.003105,available,,not_measured,managed,0.003105,0.188406,negligible
np.copy(a[N/10:9N/10]),Slicing,float64,100000,,0.017056,0.035239,available,,not_measured,managed,0.035239,0.484009,slower
np.copy(a[N/10:9N/10]),Slicing,float64,10000000,,13.303,6.773125,available,,not_measured,managed,6.773125,1.964086,faster
"np.argpartition(a, kth) (float32)",Sorting,float32,1000,,0.01157,0.0097,available,,not_measured,managed,0.0097,1.192784,faster
"np.argpartition(a, kth) (float32)",Sorting,float32,100000,,0.29755,0.526264,available,,not_measured,managed,0.526264,0.565401,slower
"np.argpartition(a, kth) (float32)",Sorting,float32,10000000,,3.3684,6.271425,available,,not_measured,managed,6.271425,0.537103,slower
"np.argpartition(a, kth) (float64)",Sorting,float64,1000,,0.013893,0.010337,available,,not_measured,managed,0.010337,1.344007,faster
"np.argpartition(a, kth) (float64)",Sorting,float64,100000,,0.328275,0.477054,available,,not_measured,managed,0.477054,0.68813,slower
"np.argpartition(a, kth) (float64)",Sorting,float64,10000000,,3.7862,5.437775,available,,not_measured,managed,5.437775,0.696277,slower
"np.argpartition(a, kth) (int32)",Sorting,int32,1000,,0.002943,0.005319,available,,not_measured,managed,0.005319,0.553299,slower
"np.argpartition(a, kth) (int32)",Sorting,int32,100000,,0.241875,0.433581,available,,not_measured,managed,0.433581,0.557854,slower
"np.argpartition(a, kth) (int32)",Sorting,int32,10000000,,3.262,6.336125,available,,not_measured,managed,6.336125,0.514826,slower
"np.argpartition(a, kth) (int64)",Sorting,int64,1000,,0.010103,0.009365,available,,not_measured,managed,0.009365,1.078804,faster
"np.argpartition(a, kth) (int64)",Sorting,int64,100000,,0.338667,0.460117,available,,not_measured,managed,0.460117,0.736045,slower
"np.argpartition(a, kth) (int64)",Sorting,int64,10000000,,4.1366,7.302075,available,,not_measured,managed,7.302075,0.566497,slower
np.argsort(a) (float32),Sorting,float32,1000,,0.032004,0.015807,available,,not_measured,managed,0.015807,2.024673,faster
np.argsort(a) (float32),Sorting,float32,100000,,3.9074,1.430015,available,,not_measured,managed,1.430015,2.732419,faster
np.argsort(a) (float32),Sorting,float32,10000000,,1134.2817,230.1706,available,,not_measured,managed,230.1706,4.928004,faster
np.argsort(a) (float64),Sorting,float64,1000,,0.041937,0.024454,available,,not_measured,managed,0.024454,1.714934,faster
np.argsort(a) (float64),Sorting,float64,100000,,5.0089,2.295657,available,,not_measured,managed,2.295657,2.181903,faster
np.argsort(a) (float64),Sorting,float64,10000000,,1504.1255,415.538,available,,not_measured,managed,415.538,3.619706,faster
np.argsort(a) (int32),Sorting,int32,1000,,0.010847,0.01587,available,,not_measured,managed,0.01587,0.683491,slower
np.argsort(a) (int32),Sorting,int32,100000,,0.7849,0.87144,available,,not_measured,managed,0.87144,0.900693,close
np.argsort(a) (int32),Sorting,int32,10000000,,264.4886,196.0981,available,,not_measured,managed,196.0981,1.348757,faster
np.argsort(a) (int64),Sorting,int64,1000,,0.012778,0.026921,available,,not_measured,managed,0.026921,0.474648,slower
np.argsort(a) (int64),Sorting,int64,100000,,1.126,1.660333,available,,not_measured,managed,1.660333,0.678177,slower
np.argsort(a) (int64),Sorting,int64,10000000,,418.2655,329.0815,available,,not_measured,managed,329.0815,1.271009,faster
np.argwhere(a) (float32),Sorting,float32,1000,,0.008141,0.000904,available,,not_measured,managed,0.000904,9.005531,negligible
np.argwhere(a) (float32),Sorting,float32,100000,,0.62765,0.094213,available,,not_measured,managed,0.094213,6.662032,faster
np.argwhere(a) (float32),Sorting,float32,10000000,,4.8482,1.193356,available,,not_measured,managed,1.193356,4.06266,faster
np.argwhere(a) (float64),Sorting,float64,1000,,0.008126,0.001072,available,,not_measured,managed,0.001072,7.580224,faster
np.argwhere(a) (float64),Sorting,float64,100000,,0.3713,0.100401,available,,not_measured,managed,0.100401,3.69817,faster
np.argwhere(a) (float64),Sorting,float64,10000000,,4.92,0.945612,available,,not_measured,managed,0.945612,5.20298,faster
np.argwhere(a) (int32),Sorting,int32,1000,,0.002894,0.000856,available,,not_measured,managed,0.000856,3.380841,negligible
np.argwhere(a) (int32),Sorting,int32,100000,,0.5221,0.094275,available,,not_measured,managed,0.094275,5.538054,faster
np.argwhere(a) (int32),Sorting,int32,10000000,,3.6512,1.197313,available,,not_measured,managed,1.197313,3.049495,faster
np.argwhere(a) (int64),Sorting,int64,1000,,0.007207,0.001807,available,,not_measured,managed,0.001807,3.988379,faster
np.argwhere(a) (int64),Sorting,int64,100000,,0.496,0.050389,available,,not_measured,managed,0.050389,9.843418,faster
np.argwhere(a) (int64),Sorting,int64,10000000,,3.8702,1.332159,available,,not_measured,managed,1.332159,2.905209,faster
np.flatnonzero(a) (float32),Sorting,float32,1000,,0.005302,0.001979,available,,not_measured,managed,0.001979,2.679131,faster
np.flatnonzero(a) (float32),Sorting,float32,100000,,0.290125,0.160847,available,,not_measured,managed,0.160847,1.803733,faster
np.flatnonzero(a) (float32),Sorting,float32,10000000,,3.649,1.551593,available,,not_measured,managed,1.551593,2.351777,faster
np.flatnonzero(a) (float64),Sorting,float64,1000,,0.005347,0.002042,available,,not_measured,managed,0.002042,2.618511,faster
np.flatnonzero(a) (float64),Sorting,float64,100000,,0.29165,0.164848,available,,not_measured,managed,0.164848,1.769206,faster
np.flatnonzero(a) (float64),Sorting,float64,10000000,,3.6683,1.902725,available,,not_measured,managed,1.902725,1.927919,faster
np.flatnonzero(a) (int32),Sorting,int32,1000,,0.001979,0.002025,available,,not_measured,managed,0.002025,0.977284,close
np.flatnonzero(a) (int32),Sorting,int32,100000,,0.175083,0.18046,available,,not_measured,managed,0.18046,0.970204,close
np.flatnonzero(a) (int32),Sorting,int32,10000000,,2.4981,1.283947,available,,not_measured,managed,1.283947,1.945641,faster
np.flatnonzero(a) (int64),Sorting,int64,1000,,0.00431,0.001365,available,,not_measured,managed,0.001365,3.157509,faster
np.flatnonzero(a) (int64),Sorting,int64,100000,,0.179333,0.173009,available,,not_measured,managed,0.173009,1.036553,close
np.flatnonzero(a) (int64),Sorting,int64,10000000,,2.5674,1.86259,available,,not_measured,managed,1.86259,1.378403,faster
"np.lexsort((b, a)) (float32)",Sorting,float32,1000,,0.063978,0.035813,available,,not_measured,managed,0.035813,1.786446,faster
"np.lexsort((b, a)) (float32)",Sorting,float32,100000,,17.2472,2.2091,available,,not_measured,managed,2.2091,7.807342,faster
"np.lexsort((b, a)) (float32)",Sorting,float32,10000000,,240.5183,44.9611,available,,not_measured,managed,44.9611,5.349475,faster
"np.lexsort((b, a)) (float64)",Sorting,float64,1000,,0.0577,0.052824,available,,not_measured,managed,0.052824,1.092307,faster
"np.lexsort((b, a)) (float64)",Sorting,float64,100000,,17.9746,7.0893,available,,not_measured,managed,7.0893,2.535455,faster
"np.lexsort((b, a)) (float64)",Sorting,float64,10000000,,246.3074,82.2428,available,,not_measured,managed,82.2428,2.994881,faster
"np.lexsort((b, a)) (int32)",Sorting,int32,1000,,0.038632,0.035177,available,,not_measured,managed,0.035177,1.098218,faster
"np.lexsort((b, a)) (int32)",Sorting,int32,100000,,15.2479,1.841962,available,,not_measured,managed,1.841962,8.278075,faster
"np.lexsort((b, a)) (int32)",Sorting,int32,10000000,,252.1724,38.3356,available,,not_measured,managed,38.3356,6.578021,faster
"np.lexsort((b, a)) (int64)",Sorting,int64,1000,,0.047195,0.033692,available,,not_measured,managed,0.033692,1.400778,faster
"np.lexsort((b, a)) (int64)",Sorting,int64,100000,,16.7416,3.4952,available,,not_measured,managed,3.4952,4.789883,faster
"np.lexsort((b, a)) (int64)",Sorting,int64,10000000,,296.6721,68.6975,available,,not_measured,managed,68.6975,4.318528,faster
np.nonzero(a) (float32),Sorting,float32,1000,,0.004285,0.002114,available,,not_measured,managed,0.002114,2.026963,faster
np.nonzero(a) (float32),Sorting,float32,100000,,0.28925,0.094688,available,,not_measured,managed,0.094688,3.054769,faster
np.nonzero(a) (float32),Sorting,float32,10000000,,37.1062,15.58735,available,,not_measured,managed,15.58735,2.380533,faster
np.nonzero(a) (float64),Sorting,float64,1000,,0.004292,0.002196,available,,not_measured,managed,0.002196,1.954463,faster
np.nonzero(a) (float64),Sorting,float64,100000,,0.29065,0.103364,available,,not_measured,managed,0.103364,2.811907,faster
np.nonzero(a) (float64),Sorting,float64,10000000,,38.194,29.9693,available,,not_measured,managed,29.9693,1.274438,faster
np.nonzero(a) (int32),Sorting,int32,1000,,0.001525,0.002105,available,,not_measured,managed,0.002105,0.724466,slower
np.nonzero(a) (int32),Sorting,int32,100000,,0.174067,0.041782,available,,not_measured,managed,0.041782,4.166076,faster
np.nonzero(a) (int32),Sorting,int32,10000000,,20.098,20.2763,available,,not_measured,managed,20.2763,0.991206,close
np.nonzero(a) (int64),Sorting,int64,1000,,0.001566,0.002172,available,,not_measured,managed,0.002172,0.720994,slower
np.nonzero(a) (int64),Sorting,int64,100000,,0.1783,0.101139,available,,not_measured,managed,0.101139,1.76292,faster
np.nonzero(a) (int64),Sorting,int64,10000000,,22.8624,16.9931,available,,not_measured,managed,16.9931,1.345393,faster
"np.partition(a, kth) (float32)",Sorting,float32,1000,,0.002125,0.008285,available,,not_measured,managed,0.008285,0.256488,much_slower
"np.partition(a, kth) (float32)",Sorting,float32,100000,,0.334367,0.313142,available,,not_measured,managed,0.313142,1.067781,faster
"np.partition(a, kth) (float32)",Sorting,float32,10000000,,3.8846,5.1059,available,,not_measured,managed,5.1059,0.760806,slower
"np.partition(a, kth) (float64)",Sorting,float64,1000,,0.007903,0.009858,available,,not_measured,managed,0.009858,0.801684,close
"np.partition(a, kth) (float64)",Sorting,float64,100000,,0.38415,0.387131,available,,not_measured,managed,0.387131,0.9923,close
"np.partition(a, kth) (float64)",Sorting,float64,10000000,,2.8808,7.138033,available,,not_measured,managed,7.138033,0.403585,slower
"np.partition(a, kth) (int32)",Sorting,int32,1000,,0.001461,0.005428,available,,not_measured,managed,0.005428,0.26916,much_slower
"np.partition(a, kth) (int32)",Sorting,int32,100000,,0.0667,0.283178,available,,not_measured,managed,0.283178,0.235541,much_slower
"np.partition(a, kth) (int32)",Sorting,int32,10000000,,1.2318,2.199486,available,,not_measured,managed,2.199486,0.56004,slower
"np.partition(a, kth) (int64)",Sorting,int64,1000,,0.005796,0.006845,available,,not_measured,managed,0.006845,0.846749,close
"np.partition(a, kth) (int64)",Sorting,int64,100000,,0.19592,0.324046,available,,not_measured,managed,0.324046,0.604606,slower
"np.partition(a, kth) (int64)",Sorting,int64,10000000,,1.9594,4.1696,available,,not_measured,managed,4.1696,0.469925,slower
"np.searchsorted(a, v) (float32)",Sorting,float32,1000,,0.013296,0.01152,available,,not_measured,managed,0.01152,1.154167,faster
"np.searchsorted(a, v) (float32)",Sorting,float32,100000,,2.5432,2.871811,available,,not_measured,managed,2.871811,0.885574,close
"np.searchsorted(a, v) (float32)",Sorting,float32,10000000,,287.6772,320.1911,available,,not_measured,managed,320.1911,0.898455,close
"np.searchsorted(a, v) (float64)",Sorting,float64,1000,,0.013242,0.012055,available,,not_measured,managed,0.012055,1.098465,faster
"np.searchsorted(a, v) (float64)",Sorting,float64,100000,,2.5593,2.57525,available,,not_measured,managed,2.57525,0.993806,close
"np.searchsorted(a, v) (float64)",Sorting,float64,10000000,,297.3449,325.7368,available,,not_measured,managed,325.7368,0.912838,close
"np.searchsorted(a, v) (int32)",Sorting,int32,1000,,0.018319,0.009477,available,,not_measured,managed,0.009477,1.932996,faster
"np.searchsorted(a, v) (int32)",Sorting,int32,100000,,4.1044,2.32264,available,,not_measured,managed,2.32264,1.767127,faster
"np.searchsorted(a, v) (int32)",Sorting,int32,10000000,,553.6291,302.0983,available,,not_measured,managed,302.0983,1.832612,faster
"np.searchsorted(a, v) (int64)",Sorting,int64,1000,,0.018304,0.006012,available,,not_measured,managed,0.006012,3.044578,faster
"np.searchsorted(a, v) (int64)",Sorting,int64,100000,,3.9629,2.18425,available,,not_measured,managed,2.18425,1.814307,faster
"np.searchsorted(a, v) (int64)",Sorting,int64,10000000,,531.9204,286.0294,available,,not_measured,managed,286.0294,1.85967,faster
np.sort(a) (float32),Sorting,float32,1000,,0.005609,0.010773,available,,not_measured,managed,0.010773,0.520653,slower
np.sort(a) (float32),Sorting,float32,100000,,0.562,0.589303,available,,not_measured,managed,0.589303,0.953669,close
np.sort(a) (float32),Sorting,float32,10000000,,7.6022,8.927275,available,,not_measured,managed,8.927275,0.85157,close
np.sort(a) (float64),Sorting,float64,1000,,0.009348,0.021556,available,,not_measured,managed,0.021556,0.433661,slower
np.sort(a) (float64),Sorting,float64,100000,,1.1818,1.198823,available,,not_measured,managed,1.198823,0.9858,close
np.sort(a) (float64),Sorting,float64,10000000,,15.8414,19.7992,available,,not_measured,managed,19.7992,0.800103,close
np.sort(a) (int32),Sorting,int32,1000,,0.001997,0.007582,available,,not_measured,managed,0.007582,0.263387,much_slower
np.sort(a) (int32),Sorting,int32,100000,,0.217933,0.540573,available,,not_measured,managed,0.540573,0.403152,slower
np.sort(a) (int32),Sorting,int32,10000000,,2.7237,7.75985,available,,not_measured,managed,7.75985,0.350999,slower
np.sort(a) (int64),Sorting,int64,1000,,0.005372,0.025444,available,,not_measured,managed,0.025444,0.21113,much_slower
np.sort(a) (int64),Sorting,int64,100000,,0.6555,1.036594,available,,not_measured,managed,1.036594,0.632359,slower
np.sort(a) (int64),Sorting,int64,10000000,,7.736,18.3609,available,,not_measured,managed,18.3609,0.42133,slower
np.sort_complex(a) (float32),Sorting,float32,1000,,0.007448,0.015278,available,,not_measured,managed,0.015278,0.487498,slower
np.sort_complex(a) (float32),Sorting,float32,100000,,0.8936,0.675114,available,,not_measured,managed,0.675114,1.323628,faster
np.sort_complex(a) (float32),Sorting,float32,10000000,,10.9398,7.733,available,,not_measured,managed,7.733,1.41469,faster
np.sort_complex(a) (float64),Sorting,float64,1000,,0.011074,0.024491,available,,not_measured,managed,0.024491,0.452166,slower
np.sort_complex(a) (float64),Sorting,float64,100000,,1.5227,1.318319,available,,not_measured,managed,1.318319,1.155032,faster
np.sort_complex(a) (float64),Sorting,float64,10000000,,19.1218,22.1663,available,,not_measured,managed,22.1663,0.862652,close
np.sort_complex(a) (int32),Sorting,int32,1000,,0.002676,0.009599,available,,not_measured,managed,0.009599,0.278779,much_slower
np.sort_complex(a) (int32),Sorting,int32,100000,,0.52335,0.597884,available,,not_measured,managed,0.597884,0.875337,close
np.sort_complex(a) (int32),Sorting,int32,10000000,,5.9441,7.57155,available,,not_measured,managed,7.57155,0.785057,slower
np.sort_complex(a) (int64),Sorting,int64,1000,,0.006091,0.027934,available,,not_measured,managed,0.027934,0.21805,much_slower
np.sort_complex(a) (int64),Sorting,int64,100000,,0.9706,1.05955,available,,not_measured,managed,1.05955,0.916049,close
np.sort_complex(a) (int64),Sorting,int64,10000000,,11.2001,13.149,available,,not_measured,managed,13.149,0.851783,close
np.average(a) (float16),Statistics,float16,1000,,0.00486,0.001025,available,,not_measured,managed,0.001025,4.741463,faster
np.average(a) (float16),Statistics,float16,100000,,0.17495,0.164372,available,,not_measured,managed,0.164372,1.064354,faster
np.average(a) (float16),Statistics,float16,10000000,,16.5385,8.57685,available,,not_measured,managed,8.57685,1.928272,faster
np.average(a) (float32),Statistics,float32,1000,,0.00388,0.000856,available,,not_measured,managed,0.000856,4.53271,negligible
np.average(a) (float32),Statistics,float32,100000,,0.017467,0.003561,available,,not_measured,managed,0.003561,4.905083,faster
np.average(a) (float32),Statistics,float32,10000000,,8.0448,2.660686,available,,not_measured,managed,2.660686,3.023581,faster
np.average(a) (float64),Statistics,float64,1000,,0.008359,0.000938,available,,not_measured,managed,0.000938,8.911514,negligible
np.average(a) (float64),Statistics,float64,100000,,0.031177,0.004018,available,,not_measured,managed,0.004018,7.759333,faster
np.average(a) (float64),Statistics,float64,10000000,,13.831,2.623525,available,,not_measured,managed,2.623525,5.271915,faster
np.bincount(a) (int32),Statistics,int32,1000,,0.003245,0.001535,available,,not_measured,managed,0.001535,2.114007,faster
np.bincount(a) (int32),Statistics,int32,100000,,0.22214,0.090286,available,,not_measured,managed,0.090286,2.460404,faster
np.bincount(a) (int32),Statistics,int32,10000000,,3.8476,2.221867,available,,not_measured,managed,2.221867,1.731697,faster
"np.convolve(a, kernel) (float64)",Statistics,float64,1000,,0.023288,0.00934,available,0.0156,available,managed,0.00934,2.493362,faster
"np.convolve(a, kernel) (float64)",Statistics,float64,100000,,2.0782,0.12515,available,0.9208,available,managed,0.12515,16.605673,faster
"np.convolve(a, kernel) (float64)",Statistics,float64,10000000,,21.9919,1.23485,available,9.741,available,managed,1.23485,17.80937,faster
"np.corrcoef(a, b) (float64)",Statistics,float64,1000,,0.056913,0.023864,available,,not_measured,managed,0.023864,2.384889,faster
"np.corrcoef(a, b) (float64)",Statistics,float64,100000,,0.79305,0.34394,available,,not_measured,managed,0.34394,2.30578,faster
"np.corrcoef(a, b) (float64)",Statistics,float64,10000000,,10.7473,7.356475,available,,not_measured,managed,7.356475,1.460931,faster
"np.correlate(a, kernel) (float64)",Statistics,float64,1000,,0.022284,0.004895,available,0.0133,available,managed,0.004895,4.5524,faster
"np.correlate(a, kernel) (float64)",Statistics,float64,100000,,2.0718,0.382295,available,0.914,available,managed,0.382295,5.419375,faster
"np.correlate(a, kernel) (float64)",Statistics,float64,10000000,,18.9481,3.849983,available,9.2459,available,managed,3.849983,4.921606,faster
np.count_nonzero(a) (float16),Statistics,float16,1000,,0.001735,0.001014,available,,not_measured,managed,0.001014,1.711045,faster
np.count_nonzero(a) (float16),Statistics,float16,100000,,0.2345,0.078259,available,,not_measured,managed,0.078259,2.99646,faster
np.count_nonzero(a) (float16),Statistics,float16,10000000,,24.0684,8.20895,available,,not_measured,managed,8.20895,2.931971,faster
np.count_nonzero(a) (float32),Statistics,float32,1000,,0.000583,0.000306,available,,not_measured,managed,0.000306,1.905229,negligible
np.count_nonzero(a) (float32),Statistics,float32,100000,,0.071862,0.005051,available,,not_measured,managed,0.005051,14.227282,faster
np.count_nonzero(a) (float32),Statistics,float32,10000000,,7.4612,1.76095,available,,not_measured,managed,1.76095,4.237031,faster
np.count_nonzero(a) (float64),Statistics,float64,1000,,0.00103,0.000389,available,,not_measured,managed,0.000389,2.647815,negligible
np.count_nonzero(a) (float64),Statistics,float64,100000,,0.073318,0.008924,available,,not_measured,managed,0.008924,8.215823,faster
np.count_nonzero(a) (float64),Statistics,float64,10000000,,9.3073,6.986833,available,,not_measured,managed,6.986833,1.33212,faster
"np.cov(a, b) (float64)",Statistics,float64,1000,,0.042586,0.013411,available,,not_measured,managed,0.013411,3.175453,faster
"np.cov(a, b) (float64)",Statistics,float64,100000,,0.78185,0.327321,available,,not_measured,managed,0.327321,2.388634,faster
"np.cov(a, b) (float64)",Statistics,float64,10000000,,10.6061,9.44825,available,,not_measured,managed,9.44825,1.122547,faster
"np.cross(a, b) (float64)",Statistics,float64,1000,,0.028565,0.045211,available,,not_measured,managed,0.045211,0.631815,slower
"np.cross(a, b) (float64)",Statistics,float64,100000,,0.835,0.9692,available,,not_measured,managed,0.9692,0.861535,close
"np.cross(a, b) (float64)",Statistics,float64,10000000,,11.569,13.46615,available,,not_measured,managed,13.46615,0.859117,close
np.diff(a) (float64),Statistics,float64,1000,,0.004283,0.001186,available,,not_measured,managed,0.001186,3.611298,faster
np.diff(a) (float64),Statistics,float64,100000,,0.023393,0.042861,available,,not_measured,managed,0.042861,0.545788,slower
np.diff(a) (float64),Statistics,float64,10000000,,1.666,0.90617,available,,not_measured,managed,0.90617,1.838507,faster
"np.digitize(a, bins) (float64)",Statistics,float64,1000,,0.02797,0.012855,available,,not_measured,managed,0.012855,2.175807,faster
"np.digitize(a, bins) (float64)",Statistics,float64,100000,,4.6012,4.53218,available,,not_measured,managed,4.53218,1.015229,close
"np.digitize(a, bins) (float64)",Statistics,float64,10000000,,46.2726,34.627,available,,not_measured,managed,34.627,1.336316,faster
np.ediff1d(a) (float64),Statistics,float64,1000,,0.00271,0.000963,available,,not_measured,managed,0.000963,2.814123,negligible
np.ediff1d(a) (float64),Statistics,float64,100000,,0.021621,0.039761,available,,not_measured,managed,0.039761,0.543774,slower
np.ediff1d(a) (float64),Statistics,float64,10000000,,1.6165,0.97887,available,,not_measured,managed,0.97887,1.651394,faster
"np.inner(a, b) (float64)",Statistics,float64,1000,,0.001712,0.000752,available,0.0007,available,openblas,0.0007,2.445714,negligible
"np.inner(a, b) (float64)",Statistics,float64,100000,,0.018127,0.011552,available,0.0097,available,openblas,0.0097,1.868763,faster
"np.inner(a, b) (float64)",Statistics,float64,10000000,,0.3345,0.376492,available,0.1724,available,openblas,0.1724,1.940255,faster
"np.kron(a, b) (float64)",Statistics,float64,1000,,0.021919,0.004804,available,,not_measured,managed,0.004804,4.562656,faster
"np.kron(a, b) (float64)",Statistics,float64,100000,,0.088755,0.046451,available,,not_measured,managed,0.046451,1.910723,faster
"np.kron(a, b) (float64)",Statistics,float64,10000000,,1.9997,0.726562,available,,not_measured,managed,0.726562,2.752277,faster
np.median(a) (float16),Statistics,float16,1000,,0.013055,0.006363,available,,not_measured,managed,0.006363,2.051705,faster
np.median(a) (float16),Statistics,float16,100000,,1.1071,1.546875,available,,not_measured,managed,1.546875,0.715701,slower
np.median(a) (float16),Statistics,float16,10000000,,139.4299,117.4406,available,,not_measured,managed,117.4406,1.187238,faster
np.median(a) (float32),Statistics,float32,1000,,0.010077,0.003842,available,,not_measured,managed,0.003842,2.622853,faster
np.median(a) (float32),Statistics,float32,100000,,0.6324,0.287135,available,,not_measured,managed,0.287135,2.202448,faster
np.median(a) (float32),Statistics,float32,10000000,,91.1263,27.6873,available,,not_measured,managed,27.6873,3.291267,faster
np.median(a) (float64),Statistics,float64,1000,,0.008864,0.002466,available,,not_measured,managed,0.002466,3.594485,faster
np.median(a) (float64),Statistics,float64,100000,,0.6553,0.195991,available,,not_measured,managed,0.195991,3.343521,faster
np.median(a) (float64),Statistics,float64,10000000,,109.1423,58.6913,available,,not_measured,managed,58.6913,1.859599,faster
"np.percentile(a, 50) (float16)",Statistics,float16,1000,,0.027242,0.011416,available,,not_measured,managed,0.011416,2.3863,faster
"np.percentile(a, 50) (float16)",Statistics,float16,100000,,2.2789,1.522094,available,,not_measured,managed,1.522094,1.497214,faster
"np.percentile(a, 50) (float16)",Statistics,float16,10000000,,144.9704,122.2218,available,,not_measured,managed,122.2218,1.186126,faster
"np.percentile(a, 50) (float32)",Statistics,float32,1000,,0.022991,0.003767,available,,not_measured,managed,0.003767,6.103265,faster
"np.percentile(a, 50) (float32)",Statistics,float32,100000,,0.9192,0.287273,available,,not_measured,managed,0.287273,3.199744,faster
"np.percentile(a, 50) (float32)",Statistics,float32,10000000,,62.2112,47.0458,available,,not_measured,managed,47.0458,1.322354,faster
"np.percentile(a, 50) (float64)",Statistics,float64,1000,,0.0223,0.003957,available,,not_measured,managed,0.003957,5.635583,faster
"np.percentile(a, 50) (float64)",Statistics,float64,100000,,0.96595,0.307404,available,,not_measured,managed,0.307404,3.142282,faster
"np.percentile(a, 50) (float64)",Statistics,float64,10000000,,78.0811,58.4421,available,,not_measured,managed,58.4421,1.336042,faster
np.ptp(a) (float16),Statistics,float16,1000,,0.006416,0.002484,available,,not_measured,managed,0.002484,2.582931,faster
np.ptp(a) (float16),Statistics,float16,100000,,1.2137,0.851943,available,,not_measured,managed,0.851943,1.424626,faster
np.ptp(a) (float16),Statistics,float16,10000000,,126.4617,90.091,available,,not_measured,managed,90.091,1.403711,faster
np.ptp(a) (float32),Statistics,float32,1000,,0.00247,0.001783,available,,not_measured,managed,0.001783,1.385306,faster
np.ptp(a) (float32),Statistics,float32,100000,,0.042125,0.008054,available,,not_measured,managed,0.008054,5.23032,faster
np.ptp(a) (float32),Statistics,float32,10000000,,6.4209,6.348675,available,,not_measured,managed,6.348675,1.011376,close
np.ptp(a) (float64),Statistics,float64,1000,,0.007532,0.002005,available,,not_measured,managed,0.002005,3.756608,faster
np.ptp(a) (float64),Statistics,float64,100000,,0.077231,0.034352,available,,not_measured,managed,0.034352,2.248224,faster
np.ptp(a) (float64),Statistics,float64,10000000,,15.578,15.9196,available,,not_measured,managed,15.9196,0.978542,close
"np.quantile(a, 0.5) (float16)",Statistics,float16,1000,,0.026476,0.006374,available,,not_measured,managed,0.006374,4.15375,faster
"np.quantile(a, 0.5) (float16)",Statistics,float16,100000,,2.2689,1.651825,available,,not_measured,managed,1.651825,1.373572,faster
"np.quantile(a, 0.5) (float16)",Statistics,float16,10000000,,148.2998,122.9661,available,,not_measured,managed,122.9661,1.206022,faster
"np.quantile(a, 0.5) (float32)",Statistics,float32,1000,,0.022173,0.003873,available,,not_measured,managed,0.003873,5.725019,faster
"np.quantile(a, 0.5) (float32)",Statistics,float32,100000,,0.92095,0.287509,available,,not_measured,managed,0.287509,3.203204,faster
"np.quantile(a, 0.5) (float32)",Statistics,float32,10000000,,61.7512,46.7303,available,,not_measured,managed,46.7303,1.321438,faster
"np.quantile(a, 0.5) (float64)",Statistics,float64,1000,,0.021836,0.003965,available,,not_measured,managed,0.003965,5.507188,faster
"np.quantile(a, 0.5) (float64)",Statistics,float64,100000,,0.9614,0.29749,available,,not_measured,managed,0.29749,3.231705,faster
"np.quantile(a, 0.5) (float64)",Statistics,float64,10000000,,77.7531,58.0829,available,,not_measured,managed,58.0829,1.338657,faster
np.trace(a) (float64),Statistics,float64,1000,,0.003575,0.000393,available,,not_measured,managed,0.000393,9.096692,negligible
np.trace(a) (float64),Statistics,float64,100000,,0.004028,0.000824,available,,not_measured,managed,0.000824,4.88835,negligible
np.trace(a) (float64),Statistics,float64,10000000,,0.006527,0.001215,available,,not_measured,managed,0.001215,5.372016,faster
a * a (square via multiply) (float16),Unary,float16,1000,,0.007513,0.004873,available,,not_measured,managed,0.004873,1.541761,faster
a * a (square via multiply) (float16),Unary,float16,100000,,0.275275,0.586741,available,,not_measured,managed,0.586741,0.469159,slower
a * a (square via multiply) (float16),Unary,float16,10000000,,52.0961,67.0815,available,,not_measured,managed,67.0815,0.776609,slower
a * a (square via multiply) (float32),Unary,float32,1000,,0.000406,0.000644,available,,not_measured,managed,0.000644,0.630435,negligible
a * a (square via multiply) (float32),Unary,float32,100000,,0.005704,0.013607,available,,not_measured,managed,0.013607,0.419196,slower
a * a (square via multiply) (float32),Unary,float32,10000000,,7.3775,5.01245,available,,not_measured,managed,5.01245,1.471835,faster
a * a (square via multiply) (float64),Unary,float64,1000,,0.000463,0.000902,available,,not_measured,managed,0.000902,0.513304,negligible
a * a (square via multiply) (float64),Unary,float64,100000,,0.012677,0.041761,available,,not_measured,managed,0.041761,0.303561,much_slower
a * a (square via multiply) (float64),Unary,float64,10000000,,23.9555,12.9198,available,,not_measured,managed,12.9198,1.85417,faster
a * a * a (cube via multiply) (float16),Unary,float16,1000,,0.010094,0.009999,available,,not_measured,managed,0.009999,1.009501,close
a * a * a (cube via multiply) (float16),Unary,float16,100000,,0.8652,1.295818,available,,not_measured,managed,1.295818,0.667686,slower
a * a * a (cube via multiply) (float16),Unary,float16,10000000,,165.4796,187.0538,available,,not_measured,managed,187.0538,0.884663,close
a * a * a (cube via multiply) (float32),Unary,float32,1000,,0.000766,0.001337,available,,not_measured,managed,0.001337,0.572924,negligible
a * a * a (cube via multiply) (float32),Unary,float32,100000,,0.012319,0.028437,available,,not_measured,managed,0.028437,0.433203,slower
a * a * a (cube via multiply) (float32),Unary,float32,10000000,,27.4036,7.4648,available,,not_measured,managed,7.4648,3.671043,faster
a * a * a (cube via multiply) (float64),Unary,float64,1000,,0.000894,0.002764,available,,not_measured,managed,0.002764,0.323444,negligible
a * a * a (cube via multiply) (float64),Unary,float64,100000,,0.3102,0.076394,available,,not_measured,managed,0.076394,4.060528,faster
a * a * a (cube via multiply) (float64),Unary,float64,10000000,,52.2997,34.2241,available,,not_measured,managed,34.2241,1.528154,faster
np.abs (float16),Unary,float16,1000,,0.000608,0.000634,available,,not_measured,managed,0.000634,0.958991,negligible
np.abs (float16),Unary,float16,100000,,0.025656,0.021262,available,,not_measured,managed,0.021262,1.20666,faster
np.abs (float16),Unary,float16,10000000,,4.5157,3.730525,available,,not_measured,managed,3.730525,1.210473,faster
np.abs (float32),Unary,float32,1000,,0.000396,0.000592,available,,not_measured,managed,0.000592,0.668919,negligible
np.abs (float32),Unary,float32,100000,,0.005601,0.016839,available,,not_measured,managed,0.016839,0.332621,slower
np.abs (float32),Unary,float32,10000000,,11.0132,5.11015,available,,not_measured,managed,5.11015,2.155162,faster
np.abs (float64),Unary,float64,1000,,0.000453,0.000735,available,,not_measured,managed,0.000735,0.616327,negligible
np.abs (float64),Unary,float64,100000,,0.010938,0.03002,available,,not_measured,managed,0.03002,0.364357,slower
np.abs (float64),Unary,float64,10000000,,22.5903,13.9184,available,,not_measured,managed,13.9184,1.623053,faster
np.absolute(a) (float16),Unary,float16,1000,,0.000609,0.001055,available,,not_measured,managed,0.001055,0.577251,negligible
np.absolute(a) (float16),Unary,float16,100000,,0.025646,0.020799,available,,not_measured,managed,0.020799,1.23304,faster
np.absolute(a) (float16),Unary,float16,10000000,,6.9783,2.972025,available,,not_measured,managed,2.972025,2.347995,faster
np.absolute(a) (float32),Unary,float32,1000,,0.000394,0.000598,available,,not_measured,managed,0.000598,0.658863,negligible
np.absolute(a) (float32),Unary,float32,100000,,0.005579,0.01229,available,,not_measured,managed,0.01229,0.453946,slower
np.absolute(a) (float32),Unary,float32,10000000,,11.8646,7.5633,available,,not_measured,managed,7.5633,1.568707,faster
np.absolute(a) (float64),Unary,float64,1000,,0.000436,0.000796,available,,not_measured,managed,0.000796,0.547739,negligible
np.absolute(a) (float64),Unary,float64,100000,,0.013047,0.040831,available,,not_measured,managed,0.040831,0.319537,much_slower
np.absolute(a) (float64),Unary,float64,10000000,,22.8144,18.7445,available,,not_measured,managed,18.7445,1.217125,faster
np.acosh(a) (float16),Unary,float16,1000,,0.016289,0.019944,available,,not_measured,managed,0.019944,0.816737,close
np.acosh(a) (float16),Unary,float16,100000,,0.816,1.5189,available,,not_measured,managed,1.5189,0.537231,slower
np.acosh(a) (float16),Unary,float16,10000000,,146.892,153.6552,available,,not_measured,managed,153.6552,0.955985,close
np.acosh(a) (float32),Unary,float32,1000,,0.005508,0.006811,available,,not_measured,managed,0.006811,0.808692,close
np.acosh(a) (float32),Unary,float32,100000,,0.51445,1.030691,available,,not_measured,managed,1.030691,0.499131,slower
np.acosh(a) (float32),Unary,float32,10000000,,58.5073,55.0523,available,,not_measured,managed,55.0523,1.062759,faster
np.acosh(a) (float64),Unary,float64,1000,,0.006566,0.013355,available,,not_measured,managed,0.013355,0.491651,slower
np.acosh(a) (float64),Unary,float64,100000,,0.6201,1.30133,available,,not_measured,managed,1.30133,0.476512,slower
np.acosh(a) (float64),Unary,float64,10000000,,86.4308,113.2387,available,,not_measured,managed,113.2387,0.763262,slower
np.angle(a) (float16),Unary,float16,1000,,0.017806,0.017793,available,,not_measured,managed,0.017793,1.000731,close
np.angle(a) (float16),Unary,float16,100000,,1.0495,1.474387,available,,not_measured,managed,1.474387,0.711821,slower
np.angle(a) (float16),Unary,float16,10000000,,143.1222,104.4782,available,,not_measured,managed,104.4782,1.369876,faster
np.angle(a) (float32),Unary,float32,1000,,0.003902,0.007859,available,,not_measured,managed,0.007859,0.496501,slower
np.angle(a) (float32),Unary,float32,100000,,0.61675,1.052703,available,,not_measured,managed,1.052703,0.585873,slower
np.angle(a) (float32),Unary,float32,10000000,,100.5181,135.2042,available,,not_measured,managed,135.2042,0.743454,slower
np.angle(a) (float64),Unary,float64,1000,,0.004224,0.005603,available,,not_measured,managed,0.005603,0.753882,slower
np.angle(a) (float64),Unary,float64,100000,,0.5768,1.017806,available,,not_measured,managed,1.017806,0.566709,slower
np.angle(a) (float64),Unary,float64,10000000,,91.7127,98.0834,available,,not_measured,managed,98.0834,0.935048,close
np.arccos(a) (float16),Unary,float16,1000,,0.014908,0.010683,available,,not_measured,managed,0.010683,1.395488,faster
np.arccos(a) (float16),Unary,float16,100000,,1.0802,2.068656,available,,not_measured,managed,2.068656,0.522175,slower
np.arccos(a) (float16),Unary,float16,10000000,,187.1869,178.2738,available,,not_measured,managed,178.2738,1.049997,close
np.arccos(a) (float32),Unary,float32,1000,,0.003722,0.003971,available,,not_measured,managed,0.003971,0.937295,close
np.arccos(a) (float32),Unary,float32,100000,,0.7574,0.783958,available,,not_measured,managed,0.783958,0.966123,close
np.arccos(a) (float32),Unary,float32,10000000,,90.2865,83.6425,available,,not_measured,managed,83.6425,1.079433,faster
np.arccos(a) (float64),Unary,float64,1000,,0.003683,0.004333,available,,not_measured,managed,0.004333,0.849988,close
np.arccos(a) (float64),Unary,float64,100000,,0.79815,0.841403,available,,not_measured,managed,0.841403,0.948594,close
np.arccos(a) (float64),Unary,float64,10000000,,94.1279,107.4022,available,,not_measured,managed,107.4022,0.876406,close
np.arccosh(a) (float16),Unary,float16,1000,,0.016298,0.015692,available,,not_measured,managed,0.015692,1.038618,close
np.arccosh(a) (float16),Unary,float16,100000,,0.8167,1.860723,available,,not_measured,managed,1.860723,0.438915,slower
np.arccosh(a) (float16),Unary,float16,10000000,,150.955,139.5282,available,,not_measured,managed,139.5282,1.081896,faster
np.arccosh(a) (float32),Unary,float32,1000,,0.005513,0.005565,available,,not_measured,managed,0.005565,0.990656,close
np.arccosh(a) (float32),Unary,float32,100000,,0.51445,0.541828,available,,not_measured,managed,0.541828,0.949471,close
np.arccosh(a) (float32),Unary,float32,10000000,,88.879,64.2704,available,,not_measured,managed,64.2704,1.382892,faster
np.arccosh(a) (float64),Unary,float64,1000,,0.006565,0.013374,available,,not_measured,managed,0.013374,0.490878,slower
np.arccosh(a) (float64),Unary,float64,100000,,0.62045,0.664081,available,,not_measured,managed,0.664081,0.934299,close
np.arccosh(a) (float64),Unary,float64,10000000,,128.9095,83.8267,available,,not_measured,managed,83.8267,1.53781,faster
np.arcsin(a) (float16),Unary,float16,1000,,0.015907,0.008008,available,,not_measured,managed,0.008008,1.986389,faster
np.arcsin(a) (float16),Unary,float16,100000,,1.0948,2.135145,available,,not_measured,managed,2.135145,0.512752,slower
np.arcsin(a) (float16),Unary,float16,10000000,,177.3889,144.0764,available,,not_measured,managed,144.0764,1.231214,faster
np.arcsin(a) (float32),Unary,float32,1000,,0.004033,0.007229,available,,not_measured,managed,0.007229,0.557892,slower
np.arcsin(a) (float32),Unary,float32,100000,,0.7941,0.816481,available,,not_measured,managed,0.816481,0.972588,close
np.arcsin(a) (float32),Unary,float32,10000000,,89.4614,128.1767,available,,not_measured,managed,128.1767,0.697954,slower
np.arcsin(a) (float64),Unary,float64,1000,,0.003891,0.004501,available,,not_measured,managed,0.004501,0.864475,close
np.arcsin(a) (float64),Unary,float64,100000,,0.79295,1.105528,available,,not_measured,managed,1.105528,0.717259,slower
np.arcsin(a) (float64),Unary,float64,10000000,,106.7199,143.0813,available,,not_measured,managed,143.0813,0.745869,slower
np.arcsinh(a) (float16),Unary,float16,1000,,0.010622,0.024948,available,,not_measured,managed,0.024948,0.425766,slower
np.arcsinh(a) (float16),Unary,float16,100000,,1.153,2.52416,available,,not_measured,managed,2.52416,0.456786,slower
np.arcsinh(a) (float16),Unary,float16,10000000,,215.7195,245.7459,available,,not_measured,managed,245.7459,0.877815,close
np.arcsinh(a) (float32),Unary,float32,1000,,0.006675,0.014536,available,,not_measured,managed,0.014536,0.459205,slower
np.arcsinh(a) (float32),Unary,float32,100000,,0.85825,0.884531,available,,not_measured,managed,0.884531,0.970288,close
np.arcsinh(a) (float32),Unary,float32,10000000,,167.2823,119.8292,available,,not_measured,managed,119.8292,1.396006,faster
np.arcsinh(a) (float64),Unary,float64,1000,,0.00802,0.008364,available,,not_measured,managed,0.008364,0.958871,close
np.arcsinh(a) (float64),Unary,float64,100000,,0.92935,2.014167,available,,not_measured,managed,2.014167,0.461407,slower
np.arcsinh(a) (float64),Unary,float64,10000000,,215.9827,196.993,available,,not_measured,managed,196.993,1.096398,faster
np.arctan(a) (float16),Unary,float16,1000,,0.013049,0.016251,available,,not_measured,managed,0.016251,0.802966,close
np.arctan(a) (float16),Unary,float16,100000,,1.2467,1.431009,available,,not_measured,managed,1.431009,0.871203,close
np.arctan(a) (float16),Unary,float16,10000000,,196.865,169.4713,available,,not_measured,managed,169.4713,1.161642,faster
np.arctan(a) (float32),Unary,float32,1000,,0.003998,0.007169,available,,not_measured,managed,0.007169,0.557679,slower
np.arctan(a) (float32),Unary,float32,100000,,0.8969,0.987876,available,,not_measured,managed,0.987876,0.907907,close
np.arctan(a) (float32),Unary,float32,10000000,,117.9922,98.5911,available,,not_measured,managed,98.5911,1.196783,faster
np.arctan(a) (float64),Unary,float64,1000,,0.004096,0.008647,available,,not_measured,managed,0.008647,0.47369,slower
np.arctan(a) (float64),Unary,float64,100000,,0.96035,1.034131,available,,not_measured,managed,1.034131,0.928654,close
np.arctan(a) (float64),Unary,float64,10000000,,167.4969,153.9861,available,,not_measured,managed,153.9861,1.08774,faster
"np.arctan2(a, b) (float16)",Unary,float16,1000,,0.021072,0.012069,available,,not_measured,managed,0.012069,1.745961,faster
"np.arctan2(a, b) (float16)",Unary,float16,100000,,1.6513,3.689837,available,,not_measured,managed,3.689837,0.447527,slower
"np.arctan2(a, b) (float16)",Unary,float16,10000000,,276.5914,366.8175,available,,not_measured,managed,366.8175,0.75403,slower
"np.arctan2(a, b) (float32)",Unary,float32,1000,,0.004348,0.017316,available,,not_measured,managed,0.017316,0.251097,much_slower
"np.arctan2(a, b) (float32)",Unary,float32,100000,,1.2897,2.210745,available,,not_measured,managed,2.210745,0.583378,slower
"np.arctan2(a, b) (float32)",Unary,float32,10000000,,182.4743,264.5525,available,,not_measured,managed,264.5525,0.689747,slower
"np.arctan2(a, b) (float64)",Unary,float64,1000,,0.005688,0.010466,available,,not_measured,managed,0.010466,0.543474,slower
"np.arctan2(a, b) (float64)",Unary,float64,100000,,1.3712,1.39327,available,,not_measured,managed,1.39327,0.98416,close
"np.arctan2(a, b) (float64)",Unary,float64,10000000,,250.2428,258.3147,available,,not_measured,managed,258.3147,0.968752,close
np.arctanh(a) (float16),Unary,float16,1000,,0.018721,0.010283,available,,not_measured,managed,0.010283,1.820578,faster
np.arctanh(a) (float16),Unary,float16,100000,,1.0165,2.124588,available,,not_measured,managed,2.124588,0.478446,slower
np.arctanh(a) (float16),Unary,float16,10000000,,170.0818,151.2654,available,,not_measured,managed,151.2654,1.124393,faster
np.arctanh(a) (float32),Unary,float32,1000,,0.004913,0.005061,available,,not_measured,managed,0.005061,0.970757,close
np.arctanh(a) (float32),Unary,float32,100000,,0.761,1.279697,available,,not_measured,managed,1.279697,0.594672,slower
np.arctanh(a) (float32),Unary,float32,10000000,,142.4201,107.5354,available,,not_measured,managed,107.5354,1.324402,faster
np.arctanh(a) (float64),Unary,float64,1000,,0.005777,0.005963,available,,not_measured,managed,0.005963,0.968808,close
np.arctanh(a) (float64),Unary,float64,100000,,0.78905,1.314506,available,,not_measured,managed,1.314506,0.600264,slower
np.arctanh(a) (float64),Unary,float64,10000000,,134.5016,135.0112,available,,not_measured,managed,135.0112,0.996225,close
np.around (float16),Unary,float16,1000,,0.004757,0.004112,available,,not_measured,managed,0.004112,1.156858,faster
np.around (float16),Unary,float16,100000,,0.37805,0.387786,available,,not_measured,managed,0.387786,0.974893,close
np.around (float16),Unary,float16,10000000,,41.4898,39.6165,available,,not_measured,managed,39.6165,1.047286,close
np.around (float32),Unary,float32,1000,,0.000975,0.000569,available,,not_measured,managed,0.000569,1.713533,negligible
np.around (float32),Unary,float32,100000,,0.006181,0.011137,available,,not_measured,managed,0.011137,0.554997,slower
np.around (float32),Unary,float32,10000000,,11.2588,4.898825,available,,not_measured,managed,4.898825,2.298265,faster
np.around (float64),Unary,float64,1000,,0.000946,0.00069,available,,not_measured,managed,0.00069,1.371014,negligible
np.around (float64),Unary,float64,100000,,0.01191,0.024843,available,,not_measured,managed,0.024843,0.479411,slower
np.around (float64),Unary,float64,10000000,,22.24,13.779,available,,not_measured,managed,13.779,1.61405,faster
np.asinh(a) (float16),Unary,float16,1000,,0.021859,0.02495,available,,not_measured,managed,0.02495,0.876112,close
np.asinh(a) (float16),Unary,float16,100000,,1.153,1.45733,available,,not_measured,managed,1.45733,0.791173,slower
np.asinh(a) (float16),Unary,float16,10000000,,204.8251,150.755,available,,not_measured,managed,150.755,1.358662,faster
np.asinh(a) (float32),Unary,float32,1000,,0.006646,0.00661,available,,not_measured,managed,0.00661,1.005446,close
np.asinh(a) (float32),Unary,float32,100000,,0.857,1.546719,available,,not_measured,managed,1.546719,0.554076,slower
np.asinh(a) (float32),Unary,float32,10000000,,126.3496,155.4739,available,,not_measured,managed,155.4739,0.812674,close
np.asinh(a) (float64),Unary,float64,1000,,0.008046,0.019124,available,,not_measured,managed,0.019124,0.420728,slower
np.asinh(a) (float64),Unary,float64,100000,,0.9272,1.081842,available,,not_measured,managed,1.081842,0.857057,close
np.asinh(a) (float64),Unary,float64,10000000,,144.2135,171.7219,available,,not_measured,managed,171.7219,0.839808,close
np.atanh(a) (float16),Unary,float16,1000,,0.018689,0.020673,available,,not_measured,managed,0.020673,0.904029,close
np.atanh(a) (float16),Unary,float16,100000,,1.0187,2.122317,available,,not_measured,managed,2.122317,0.479994,slower
np.atanh(a) (float16),Unary,float16,10000000,,170.0565,139.6679,available,,not_measured,managed,139.6679,1.217578,faster
np.atanh(a) (float32),Unary,float32,1000,,0.004891,0.010202,available,,not_measured,managed,0.010202,0.479416,slower
np.atanh(a) (float32),Unary,float32,100000,,0.7609,1.181,available,,not_measured,managed,1.181,0.644285,slower
np.atanh(a) (float32),Unary,float32,10000000,,85.1649,109.7355,available,,not_measured,managed,109.7355,0.776093,slower
np.atanh(a) (float64),Unary,float64,1000,,0.005793,0.006038,available,,not_measured,managed,0.006038,0.959424,close
np.atanh(a) (float64),Unary,float64,100000,,0.79155,1.444397,available,,not_measured,managed,1.444397,0.548014,slower
np.atanh(a) (float64),Unary,float64,10000000,,112.142,127.8457,available,,not_measured,managed,127.8457,0.877167,close
np.cbrt(a) (float16),Unary,float16,1000,,0.009179,0.022986,available,,not_measured,managed,0.022986,0.39933,slower
np.cbrt(a) (float16),Unary,float16,100000,,1.1371,1.354745,available,,not_measured,managed,1.354745,0.839346,close
np.cbrt(a) (float16),Unary,float16,10000000,,118.1826,149.6464,available,,not_measured,managed,149.6464,0.789746,slower
np.cbrt(a) (float32),Unary,float32,1000,,0.005566,0.01304,available,,not_measured,managed,0.01304,0.42684,slower
np.cbrt(a) (float32),Unary,float32,100000,,0.8412,0.852316,available,,not_measured,managed,0.852316,0.986958,close
np.cbrt(a) (float32),Unary,float32,10000000,,110.347,125.5387,available,,not_measured,managed,125.5387,0.878988,close
np.cbrt(a) (float64),Unary,float64,1000,,0.008709,0.015123,available,,not_measured,managed,0.015123,0.575878,slower
np.cbrt(a) (float64),Unary,float64,100000,,1.0057,1.045708,available,,not_measured,managed,1.045708,0.961741,close
np.cbrt(a) (float64),Unary,float64,10000000,,113.0579,174.7803,available,,not_measured,managed,174.7803,0.646857,slower
np.ceil (float16),Unary,float16,1000,,0.004107,0.003477,available,,not_measured,managed,0.003477,1.181191,faster
np.ceil (float16),Unary,float16,100000,,0.372567,0.321937,available,,not_measured,managed,0.321937,1.157267,faster
np.ceil (float16),Unary,float16,10000000,,41.5559,32.6788,available,,not_measured,managed,32.6788,1.271647,faster
np.ceil (float32),Unary,float32,1000,,0.000407,0.000595,available,,not_measured,managed,0.000595,0.684034,negligible
np.ceil (float32),Unary,float32,100000,,0.005595,0.011411,available,,not_measured,managed,0.011411,0.490316,slower
np.ceil (float32),Unary,float32,10000000,,11.2609,4.8747,available,,not_measured,managed,4.8747,2.31007,faster
np.ceil (float64),Unary,float64,1000,,0.000457,0.000695,available,,not_measured,managed,0.000695,0.657554,negligible
np.ceil (float64),Unary,float64,100000,,0.010982,0.025349,available,,not_measured,managed,0.025349,0.433232,slower
np.ceil (float64),Unary,float64,10000000,,22.749,13.3549,available,,not_measured,managed,13.3549,1.70342,faster
"np.clip(a, -10, 10) (float16)",Unary,float16,1000,,0.014263,0.005552,available,,not_measured,managed,0.005552,2.568984,faster
"np.clip(a, -10, 10) (float16)",Unary,float16,100000,,0.8871,0.748581,available,,not_measured,managed,0.748581,1.185042,faster
"np.clip(a, -10, 10) (float16)",Unary,float16,10000000,,122.0857,85.9537,available,,not_measured,managed,85.9537,1.420366,faster
"np.clip(a, -10, 10) (float32)",Unary,float32,1000,,0.001936,0.002078,available,,not_measured,managed,0.002078,0.931665,close
"np.clip(a, -10, 10) (float32)",Unary,float32,100000,,0.007704,0.015725,available,,not_measured,managed,0.015725,0.489921,slower
"np.clip(a, -10, 10) (float32)",Unary,float32,10000000,,11.7105,4.835125,available,,not_measured,managed,4.835125,2.421964,faster
"np.clip(a, -10, 10) (float64)",Unary,float64,1000,,0.001728,0.002055,available,,not_measured,managed,0.002055,0.840876,close
"np.clip(a, -10, 10) (float64)",Unary,float64,100000,,0.013445,0.029349,available,,not_measured,managed,0.029349,0.458108,slower
"np.clip(a, -10, 10) (float64)",Unary,float64,10000000,,16.7175,15.7261,available,,not_measured,managed,15.7261,1.063042,faster
np.conj(a) (float16),Unary,float16,1000,,0.000553,0.00119,available,,not_measured,managed,0.00119,0.464706,negligible
np.conj(a) (float16),Unary,float16,100000,,0.020772,0.031942,available,,not_measured,managed,0.031942,0.650304,slower
np.conj(a) (float16),Unary,float16,10000000,,5.8028,4.458975,available,,not_measured,managed,4.458975,1.301375,faster
np.conj(a) (float32),Unary,float32,1000,,0.000544,0.000707,available,,not_measured,managed,0.000707,0.769448,negligible
np.conj(a) (float32),Unary,float32,100000,,0.018919,0.0555,available,,not_measured,managed,0.0555,0.340883,slower
np.conj(a) (float32),Unary,float32,10000000,,12.1051,8.5787,available,,not_measured,managed,8.5787,1.411065,faster
np.conj(a) (float64),Unary,float64,1000,,0.000537,0.001476,available,,not_measured,managed,0.001476,0.363821,negligible
np.conj(a) (float64),Unary,float64,100000,,0.019216,0.066368,available,,not_measured,managed,0.066368,0.289537,much_slower
np.conj(a) (float64),Unary,float64,10000000,,14.0445,12.199,available,,not_measured,managed,12.199,1.151283,faster
np.conjugate(a) (float16),Unary,float16,1000,,0.001394,0.000733,available,,not_measured,managed,0.000733,1.901774,negligible
np.conjugate(a) (float16),Unary,float16,100000,,0.020758,0.042693,available,,not_measured,managed,0.042693,0.486216,slower
np.conjugate(a) (float16),Unary,float16,10000000,,5.7249,5.294825,available,,not_measured,managed,5.294825,1.081226,faster
np.conjugate(a) (float32),Unary,float32,1000,,0.000543,0.000676,available,,not_measured,managed,0.000676,0.803254,negligible
np.conjugate(a) (float32),Unary,float32,100000,,0.018915,0.055009,available,,not_measured,managed,0.055009,0.343853,slower
np.conjugate(a) (float32),Unary,float32,10000000,,12.5081,8.06795,available,,not_measured,managed,8.06795,1.550344,faster
np.conjugate(a) (float64),Unary,float64,1000,,0.000538,0.000821,available,,not_measured,managed,0.000821,0.655298,negligible
np.conjugate(a) (float64),Unary,float64,100000,,0.019213,0.06506,available,,not_measured,managed,0.06506,0.295312,much_slower
np.conjugate(a) (float64),Unary,float64,10000000,,22.0229,18.9365,available,,not_measured,managed,18.9365,1.162987,faster
np.cos (float16),Unary,float16,1000,,0.007029,0.016372,available,,not_measured,managed,0.016372,0.429331,slower
np.cos (float16),Unary,float16,100000,,0.9505,1.100192,available,,not_measured,managed,1.100192,0.86394,close
np.cos (float16),Unary,float16,10000000,,134.2844,179.0415,available,,not_measured,managed,179.0415,0.750018,slower
np.cos (float32),Unary,float32,1000,,0.001074,0.001816,available,,not_measured,managed,0.001816,0.59141,slower
np.cos (float32),Unary,float32,100000,,0.072121,0.067402,available,,not_measured,managed,0.067402,1.070013,faster
np.cos (float32),Unary,float32,10000000,,13.4968,26.5868,available,,not_measured,managed,26.5868,0.50765,slower
np.cos (float64),Unary,float64,1000,,0.004871,0.011264,available,,not_measured,managed,0.011264,0.43244,slower
np.cos (float64),Unary,float64,100000,,0.71685,1.191213,available,,not_measured,managed,1.191213,0.601782,slower
np.cos (float64),Unary,float64,10000000,,91.009,81.5039,available,,not_measured,managed,81.5039,1.116621,faster
np.cosh(a) (float16),Unary,float16,1000,,0.007637,0.021084,available,,not_measured,managed,0.021084,0.362218,slower
np.cosh(a) (float16),Unary,float16,100000,,0.9085,1.464883,available,,not_measured,managed,1.464883,0.620186,slower
np.cosh(a) (float16),Unary,float16,10000000,,159.6544,192.8899,available,,not_measured,managed,192.8899,0.827697,close
np.cosh(a) (float32),Unary,float32,1000,,0.0038,0.003902,available,,not_measured,managed,0.003902,0.97386,close
np.cosh(a) (float32),Unary,float32,100000,,0.6111,1.048559,available,,not_measured,managed,1.048559,0.5828,slower
np.cosh(a) (float32),Unary,float32,10000000,,68.192,102.9707,available,,not_measured,managed,102.9707,0.662247,slower
np.cosh(a) (float64),Unary,float64,1000,,0.003603,0.003855,available,,not_measured,managed,0.003855,0.93463,close
np.cosh(a) (float64),Unary,float64,100000,,0.5646,0.999828,available,,not_measured,managed,0.999828,0.564697,slower
np.cosh(a) (float64),Unary,float64,10000000,,132.3486,95.4693,available,,not_measured,managed,95.4693,1.386295,faster
np.deg2rad(a) (float16),Unary,float16,1000,,0.005591,0.005937,available,,not_measured,managed,0.005937,0.941721,close
np.deg2rad(a) (float16),Unary,float16,100000,,0.3313,0.66469,available,,not_measured,managed,0.66469,0.498428,slower
np.deg2rad(a) (float16),Unary,float16,10000000,,44.1503,62.308,available,,not_measured,managed,62.308,0.708582,slower
np.deg2rad(a) (float32),Unary,float32,1000,,0.00108,0.000624,available,,not_measured,managed,0.000624,1.730769,negligible
np.deg2rad(a) (float32),Unary,float32,100000,,0.073392,0.0195,available,,not_measured,managed,0.0195,3.763692,faster
np.deg2rad(a) (float32),Unary,float32,10000000,,15.7766,7.70425,available,,not_measured,managed,7.70425,2.047779,faster
np.deg2rad(a) (float64),Unary,float64,1000,,0.001255,0.000779,available,,not_measured,managed,0.000779,1.61104,negligible
np.deg2rad(a) (float64),Unary,float64,100000,,0.091836,0.026193,available,,not_measured,managed,0.026193,3.506128,faster
np.deg2rad(a) (float64),Unary,float64,10000000,,24.3064,13.2237,available,,not_measured,managed,13.2237,1.838094,faster
np.degrees(a) (float16),Unary,float16,1000,,0.005433,0.006975,available,,not_measured,managed,0.006975,0.778925,slower
np.degrees(a) (float16),Unary,float16,100000,,0.328333,0.665054,available,,not_measured,managed,0.665054,0.493694,slower
np.degrees(a) (float16),Unary,float16,10000000,,47.0906,66.4652,available,,not_measured,managed,66.4652,0.7085,slower
np.degrees(a) (float32),Unary,float32,1000,,0.001081,0.000663,available,,not_measured,managed,0.000663,1.630468,negligible
np.degrees(a) (float32),Unary,float32,100000,,0.073357,0.020819,available,,not_measured,managed,0.020819,3.52356,faster
np.degrees(a) (float32),Unary,float32,10000000,,14.9638,7.4982,available,,not_measured,managed,7.4982,1.995652,faster
np.degrees(a) (float64),Unary,float64,1000,,0.001262,0.001202,available,,not_measured,managed,0.001202,1.049917,close
np.degrees(a) (float64),Unary,float64,100000,,0.091864,0.040074,available,,not_measured,managed,0.040074,2.292359,faster
np.degrees(a) (float64),Unary,float64,10000000,,23.3587,14.1193,available,,not_measured,managed,14.1193,1.654381,faster
np.exp (float16),Unary,float16,1000,,0.004334,0.005918,available,,not_measured,managed,0.005918,0.732342,slower
np.exp (float16),Unary,float16,100000,,0.4025,0.724812,available,,not_measured,managed,0.724812,0.555316,slower
np.exp (float16),Unary,float16,10000000,,43.0482,83.8261,available,,not_measured,managed,83.8261,0.513542,slower
np.exp (float32),Unary,float32,1000,,0.000903,0.000873,available,,not_measured,managed,0.000873,1.034364,negligible
np.exp (float32),Unary,float32,100000,,0.055265,0.052985,available,,not_measured,managed,0.052985,1.043031,close
np.exp (float32),Unary,float32,10000000,,31.4296,15.2873,available,,not_measured,managed,15.2873,2.055929,faster
np.exp (float64),Unary,float64,1000,,0.002829,0.00317,available,,not_measured,managed,0.00317,0.892429,close
np.exp (float64),Unary,float64,100000,,0.248625,0.2551,available,,not_measured,managed,0.2551,0.974618,close
np.exp (float64),Unary,float64,10000000,,52.2296,47.0292,available,,not_measured,managed,47.0292,1.110578,faster
np.exp2 (float16),Unary,float16,1000,,0.004375,0.0095,available,,not_measured,managed,0.0095,0.460526,slower
np.exp2 (float16),Unary,float16,100000,,0.4022,1.779413,available,,not_measured,managed,1.779413,0.22603,much_slower
np.exp2 (float16),Unary,float16,10000000,,71.9918,145.9332,available,,not_measured,managed,145.9332,0.49332,slower
np.exp2 (float32),Unary,float32,1000,,0.002014,0.001205,available,,not_measured,managed,0.001205,1.671369,faster
np.exp2 (float32),Unary,float32,100000,,0.164517,0.091735,available,,not_measured,managed,0.091735,1.793394,faster
np.exp2 (float32),Unary,float32,10000000,,22.1006,30.297,available,,not_measured,managed,30.297,0.729465,slower
np.exp2 (float64),Unary,float64,1000,,0.00216,0.008332,available,,not_measured,managed,0.008332,0.259241,much_slower
np.exp2 (float64),Unary,float64,100000,,0.178517,0.812612,available,,not_measured,managed,0.812612,0.219683,much_slower
np.exp2 (float64),Unary,float64,10000000,,25.6232,134.2793,available,,not_measured,managed,134.2793,0.19082,much_slower
np.expm1 (float16),Unary,float16,1000,,0.00539,0.008713,available,,not_measured,managed,0.008713,0.618616,slower
np.expm1 (float16),Unary,float16,100000,,0.49385,1.325231,available,,not_measured,managed,1.325231,0.372652,slower
np.expm1 (float16),Unary,float16,10000000,,87.7676,106.829,available,,not_measured,managed,106.829,0.821571,close
np.expm1 (float32),Unary,float32,1000,,0.003074,0.002075,available,,not_measured,managed,0.002075,1.481446,faster
np.expm1 (float32),Unary,float32,100000,,0.2567,0.180278,available,,not_measured,managed,0.180278,1.423912,faster
np.expm1 (float32),Unary,float32,10000000,,49.2083,27.6401,available,,not_measured,managed,27.6401,1.780323,faster
np.expm1 (float64),Unary,float64,1000,,0.003693,0.003404,available,,not_measured,managed,0.003404,1.0849,faster
np.expm1 (float64),Unary,float64,100000,,0.333867,0.26538,available,,not_measured,managed,0.26538,1.258071,faster
np.expm1 (float64),Unary,float64,10000000,,68.1228,36.56,available,,not_measured,managed,36.56,1.863315,faster
np.floor (float16),Unary,float16,1000,,0.004089,0.003478,available,,not_measured,managed,0.003478,1.175676,faster
np.floor (float16),Unary,float16,100000,,0.373767,0.321926,available,,not_measured,managed,0.321926,1.161034,faster
np.floor (float16),Unary,float16,10000000,,40.3892,45.0019,available,,not_measured,managed,45.0019,0.8975,close
np.floor (float32),Unary,float32,1000,,0.000404,0.000641,available,,not_measured,managed,0.000641,0.630265,negligible
np.floor (float32),Unary,float32,100000,,0.005605,0.011431,available,,not_measured,managed,0.011431,0.490333,slower
np.floor (float32),Unary,float32,10000000,,11.0723,4.85095,available,,not_measured,managed,4.85095,2.282501,faster
np.floor (float64),Unary,float64,1000,,0.000465,0.000693,available,,not_measured,managed,0.000693,0.670996,negligible
np.floor (float64),Unary,float64,100000,,0.010973,0.02529,available,,not_measured,managed,0.02529,0.433887,slower
np.floor (float64),Unary,float64,10000000,,13.7606,12.9801,available,,not_measured,managed,12.9801,1.060131,faster
np.imag(a) (float16),Unary,float16,1000,,0.000749,0.000467,available,,not_measured,managed,0.000467,1.603854,negligible
np.imag(a) (float16),Unary,float16,100000,,0.0026,0.001476,available,,not_measured,managed,0.001476,1.761518,faster
np.imag(a) (float16),Unary,float16,10000000,,0.006027,0.001544,available,,not_measured,managed,0.001544,3.903497,faster
np.imag(a) (float32),Unary,float32,1000,,0.000336,0.000272,available,,not_measured,managed,0.000272,1.235294,negligible
np.imag(a) (float32),Unary,float32,100000,,0.004831,0.001709,available,,not_measured,managed,0.001709,2.826799,faster
np.imag(a) (float32),Unary,float32,10000000,,0.018581,0.001677,available,,not_measured,managed,0.001677,11.079905,faster
np.imag(a) (float64),Unary,float64,1000,,0.000345,0.000588,available,,not_measured,managed,0.000588,0.586735,negligible
np.imag(a) (float64),Unary,float64,100000,,0.009303,0.004049,available,,not_measured,managed,0.004049,2.297604,faster
np.imag(a) (float64),Unary,float64,10000000,,0.018938,0.011676,available,,not_measured,managed,0.011676,1.62196,faster
np.log (float16),Unary,float16,1000,,0.0045,0.006306,available,,not_measured,managed,0.006306,0.713606,slower
np.log (float16),Unary,float16,100000,,0.4159,0.61249,available,,not_measured,managed,0.61249,0.679031,slower
np.log (float16),Unary,float16,10000000,,44.631,61.4179,available,,not_measured,managed,61.4179,0.726677,slower
np.log (float32),Unary,float32,1000,,0.001199,0.001036,available,,not_measured,managed,0.001036,1.157336,faster
np.log (float32),Unary,float32,100000,,0.084533,0.061672,available,,not_measured,managed,0.061672,1.370687,faster
np.log (float32),Unary,float32,10000000,,44.4508,14.1323,available,,not_measured,managed,14.1323,3.145334,faster
np.log (float64),Unary,float64,1000,,0.002641,0.005736,available,,not_measured,managed,0.005736,0.460425,slower
np.log (float64),Unary,float64,100000,,0.2296,0.246305,available,,not_measured,managed,0.246305,0.932178,close
np.log (float64),Unary,float64,10000000,,56.965,29.7432,available,,not_measured,managed,29.7432,1.915228,faster
np.log10 (float16),Unary,float16,1000,,0.004652,0.008549,available,,not_measured,managed,0.008549,0.544157,slower
np.log10 (float16),Unary,float16,100000,,0.437,0.627128,available,,not_measured,managed,0.627128,0.696827,slower
np.log10 (float16),Unary,float16,10000000,,46.2027,62.7468,available,,not_measured,managed,62.7468,0.736336,slower
np.log10 (float32),Unary,float32,1000,,0.002241,0.002444,available,,not_measured,managed,0.002444,0.916939,close
np.log10 (float32),Unary,float32,100000,,0.18936,0.204962,available,,not_measured,managed,0.204962,0.923879,close
np.log10 (float32),Unary,float32,10000000,,46.2269,20.357,available,,not_measured,managed,20.357,2.270811,faster
np.log10 (float64),Unary,float64,1000,,0.002764,0.002913,available,,not_measured,managed,0.002913,0.94885,close
np.log10 (float64),Unary,float64,100000,,0.24075,0.258512,available,,not_measured,managed,0.258512,0.931291,close
np.log10 (float64),Unary,float64,10000000,,53.7998,31.0352,available,,not_measured,managed,31.0352,1.733509,faster
np.log1p (float16),Unary,float16,1000,,0.010978,0.007958,available,,not_measured,managed,0.007958,1.379492,faster
np.log1p (float16),Unary,float16,100000,,0.5284,0.777253,available,,not_measured,managed,0.777253,0.67983,slower
np.log1p (float16),Unary,float16,10000000,,83.1756,77.348,available,,not_measured,managed,77.348,1.075343,faster
np.log1p (float32),Unary,float32,1000,,0.003109,0.002558,available,,not_measured,managed,0.002558,1.215403,faster
np.log1p (float32),Unary,float32,100000,,0.2742,0.223698,available,,not_measured,managed,0.223698,1.22576,faster
np.log1p (float32),Unary,float32,10000000,,32.2021,38.8612,available,,not_measured,managed,38.8612,0.828644,close
np.log1p (float64),Unary,float64,1000,,0.003537,0.003078,available,,not_measured,managed,0.003078,1.149123,faster
np.log1p (float64),Unary,float64,100000,,0.314033,0.485994,available,,not_measured,managed,0.485994,0.646166,slower
np.log1p (float64),Unary,float64,10000000,,48.0239,35.058,available,,not_measured,managed,35.058,1.369841,faster
np.log2 (float16),Unary,float16,1000,,0.004821,0.007768,available,,not_measured,managed,0.007768,0.620623,slower
np.log2 (float16),Unary,float16,100000,,0.4459,0.632725,available,,not_measured,managed,0.632725,0.70473,slower
np.log2 (float16),Unary,float16,10000000,,75.1428,62.4123,available,,not_measured,managed,62.4123,1.203974,faster
np.log2 (float32),Unary,float32,1000,,0.002226,0.004782,available,,not_measured,managed,0.004782,0.465496,slower
np.log2 (float32),Unary,float32,100000,,0.186417,0.194334,available,,not_measured,managed,0.194334,0.959261,close
np.log2 (float32),Unary,float32,10000000,,22.5647,22.7875,available,,not_measured,managed,22.7875,0.990223,close
np.log2 (float64),Unary,float64,1000,,0.004095,0.00428,available,,not_measured,managed,0.00428,0.956776,close
np.log2 (float64),Unary,float64,100000,,0.375667,0.3923,available,,not_measured,managed,0.3923,0.957601,close
np.log2 (float64),Unary,float64,10000000,,82.3869,43.921,available,,not_measured,managed,43.921,1.875797,faster
np.modf(a) (float32),Unary,float32,1000,,0.002316,0.001595,available,,not_measured,managed,0.001595,1.452038,faster
np.modf(a) (float32),Unary,float32,100000,,0.275875,0.073223,available,,not_measured,managed,0.073223,3.7676,faster
np.modf(a) (float32),Unary,float32,10000000,,38.0223,8.5345,available,,not_measured,managed,8.5345,4.455129,faster
np.modf(a) (float64),Unary,float64,1000,,0.002321,0.004098,available,,not_measured,managed,0.004098,0.566374,slower
np.modf(a) (float64),Unary,float64,100000,,0.2886,0.288183,available,,not_measured,managed,0.288183,1.001447,close
np.modf(a) (float64),Unary,float64,10000000,,63.6704,30.3063,available,,not_measured,managed,30.3063,2.100897,faster
np.negative(a) (float16),Unary,float16,1000,,0.000606,0.001099,available,,not_measured,managed,0.001099,0.55141,negligible
np.negative(a) (float16),Unary,float16,100000,,0.025892,0.020615,available,,not_measured,managed,0.020615,1.255979,faster
np.negative(a) (float16),Unary,float16,10000000,,7.0661,4.3172,available,,not_measured,managed,4.3172,1.636732,faster
np.negative(a) (float32),Unary,float32,1000,,0.000388,0.000907,available,,not_measured,managed,0.000907,0.427784,negligible
np.negative(a) (float32),Unary,float32,100000,,0.006463,0.019848,available,,not_measured,managed,0.019848,0.325625,much_slower
np.negative(a) (float32),Unary,float32,10000000,,11.4274,8.39775,available,,not_measured,managed,8.39775,1.360769,faster
np.negative(a) (float64),Unary,float64,1000,,0.000459,0.000801,available,,not_measured,managed,0.000801,0.573034,negligible
np.negative(a) (float64),Unary,float64,100000,,0.011083,0.027241,available,,not_measured,managed,0.027241,0.40685,slower
np.negative(a) (float64),Unary,float64,10000000,,14.5383,17.921,available,,not_measured,managed,17.921,0.811244,close
np.positive(a) (float16),Unary,float16,1000,,0.000555,0.00053,available,,not_measured,managed,0.00053,1.04717,negligible
np.positive(a) (float16),Unary,float16,100000,,0.020757,0.006494,available,,not_measured,managed,0.006494,3.196335,faster
np.positive(a) (float16),Unary,float16,10000000,,5.9683,0.73024,available,,not_measured,managed,0.73024,8.173066,faster
np.positive(a) (float32),Unary,float32,1000,,0.000544,0.000751,available,,not_measured,managed,0.000751,0.724368,negligible
np.positive(a) (float32),Unary,float32,100000,,0.018942,0.019921,available,,not_measured,managed,0.019921,0.950856,close
np.positive(a) (float32),Unary,float32,10000000,,12.4289,2.82885,available,,not_measured,managed,2.82885,4.393623,faster
np.positive(a) (float64),Unary,float64,1000,,0.000539,0.001191,available,,not_measured,managed,0.001191,0.452561,negligible
np.positive(a) (float64),Unary,float64,100000,,0.018991,0.037736,available,,not_measured,managed,0.037736,0.503259,slower
np.positive(a) (float64),Unary,float64,10000000,,23.2784,14.05975,available,,not_measured,managed,14.05975,1.655677,faster
"np.power(a, 0.5) (float16)",Unary,float16,1000,,0.018578,0.00737,available,,not_measured,managed,0.00737,2.52076,faster
"np.power(a, 0.5) (float16)",Unary,float16,100000,,0.7883,0.656169,available,,not_measured,managed,0.656169,1.201367,faster
"np.power(a, 0.5) (float16)",Unary,float16,10000000,,177.5013,65.546,available,,not_measured,managed,65.546,2.708042,faster
"np.power(a, 0.5) (float32)",Unary,float32,1000,,0.001803,0.001292,available,,not_measured,managed,0.001292,1.395511,faster
"np.power(a, 0.5) (float32)",Unary,float32,100000,,0.1193,0.074078,available,,not_measured,managed,0.074078,1.610465,faster
"np.power(a, 0.5) (float32)",Unary,float32,10000000,,18.9488,8.94995,available,,not_measured,managed,8.94995,2.117196,faster
"np.power(a, 0.5) (float64)",Unary,float64,1000,,0.001693,0.004212,available,,not_measured,managed,0.004212,0.401947,slower
"np.power(a, 0.5) (float64)",Unary,float64,100000,,0.119612,0.05918,available,,not_measured,managed,0.05918,2.021156,faster
"np.power(a, 0.5) (float64)",Unary,float64,10000000,,68.2626,32.9246,available,,not_measured,managed,32.9246,2.073301,faster
"np.power(a, 2) (float16)",Unary,float16,1000,,0.009989,0.005107,available,,not_measured,managed,0.005107,1.955943,faster
"np.power(a, 2) (float16)",Unary,float16,100000,,1.0222,0.892103,available,,not_measured,managed,0.892103,1.145832,faster
"np.power(a, 2) (float16)",Unary,float16,10000000,,206.8946,49.2365,available,,not_measured,managed,49.2365,4.202057,faster
"np.power(a, 2) (float32)",Unary,float32,1000,,0.002125,0.001846,available,,not_measured,managed,0.001846,1.151138,faster
"np.power(a, 2) (float32)",Unary,float32,100000,,0.1494,0.013628,available,,not_measured,managed,0.013628,10.962724,faster
"np.power(a, 2) (float32)",Unary,float32,10000000,,18.7523,9.135,available,,not_measured,managed,9.135,2.052797,faster
"np.power(a, 2) (float64)",Unary,float64,1000,,0.002121,0.00156,available,,not_measured,managed,0.00156,1.359615,faster
"np.power(a, 2) (float64)",Unary,float64,100000,,0.148871,0.041417,available,,not_measured,managed,0.041417,3.594442,faster
"np.power(a, 2) (float64)",Unary,float64,10000000,,27.6044,13.7492,available,,not_measured,managed,13.7492,2.00771,faster
"np.power(a, 3) (float16)",Unary,float16,1000,,0.028061,0.018795,available,,not_measured,managed,0.018795,1.493003,faster
"np.power(a, 3) (float16)",Unary,float16,100000,,1.4544,3.896483,available,,not_measured,managed,3.896483,0.37326,slower
"np.power(a, 3) (float16)",Unary,float16,10000000,,244.8364,379.4934,available,,not_measured,managed,379.4934,0.645166,slower
"np.power(a, 3) (float32)",Unary,float32,1000,,0.005437,0.006233,available,,not_measured,managed,0.006233,0.872293,close
"np.power(a, 3) (float32)",Unary,float32,100000,,0.65515,0.658116,available,,not_measured,managed,0.658116,0.995493,close
"np.power(a, 3) (float32)",Unary,float32,10000000,,90.0555,115.3744,available,,not_measured,managed,115.3744,0.78055,slower
"np.power(a, 3) (float64)",Unary,float64,1000,,0.009248,0.010114,available,,not_measured,managed,0.010114,0.914376,close
"np.power(a, 3) (float64)",Unary,float64,100000,,1.0354,1.977863,available,,not_measured,managed,1.977863,0.523494,slower
"np.power(a, 3) (float64)",Unary,float64,10000000,,179.7514,199.7576,available,,not_measured,managed,199.7576,0.899848,close
np.rad2deg(a) (float16),Unary,float16,1000,,0.005445,0.007025,available,,not_measured,managed,0.007025,0.775089,slower
np.rad2deg(a) (float16),Unary,float16,100000,,0.327533,0.665502,available,,not_measured,managed,0.665502,0.492159,slower
np.rad2deg(a) (float16),Unary,float16,10000000,,46.6972,37.1878,available,,not_measured,managed,37.1878,1.255713,faster
np.rad2deg(a) (float32),Unary,float32,1000,,0.001078,0.000707,available,,not_measured,managed,0.000707,1.524752,negligible
np.rad2deg(a) (float32),Unary,float32,100000,,0.073379,0.019125,available,,not_measured,managed,0.019125,3.83681,faster
np.rad2deg(a) (float32),Unary,float32,10000000,,14.2673,7.2281,available,,not_measured,managed,7.2281,1.973866,faster
np.rad2deg(a) (float64),Unary,float64,1000,,0.001268,0.001267,available,,not_measured,managed,0.001267,1.000789,close
np.rad2deg(a) (float64),Unary,float64,100000,,0.09185,0.046056,available,,not_measured,managed,0.046056,1.994311,faster
np.rad2deg(a) (float64),Unary,float64,10000000,,25.017,13.658,available,,not_measured,managed,13.658,1.831674,faster
np.radians(a) (float16),Unary,float16,1000,,0.004267,0.005871,available,,not_measured,managed,0.005871,0.726793,slower
np.radians(a) (float16),Unary,float16,100000,,0.336367,0.368254,available,,not_measured,managed,0.368254,0.91341,close
np.radians(a) (float16),Unary,float16,10000000,,48.4982,45.8013,available,,not_measured,managed,45.8013,1.058883,faster
np.radians(a) (float32),Unary,float32,1000,,0.001077,0.000743,available,,not_measured,managed,0.000743,1.449529,negligible
np.radians(a) (float32),Unary,float32,100000,,0.073371,0.019065,available,,not_measured,managed,0.019065,3.848466,faster
np.radians(a) (float32),Unary,float32,10000000,,14.9945,7.32245,available,,not_measured,managed,7.32245,2.047744,faster
np.radians(a) (float64),Unary,float64,1000,,0.001257,0.00109,available,,not_measured,managed,0.00109,1.153211,faster
np.radians(a) (float64),Unary,float64,100000,,0.0919,0.047303,available,,not_measured,managed,0.047303,1.942794,faster
np.radians(a) (float64),Unary,float64,10000000,,17.3791,13.5001,available,,not_measured,managed,13.5001,1.287331,faster
np.real(a) (float16),Unary,float16,1000,,0.000208,0.0,available,,not_measured,managed,0.0,,negligible
np.real(a) (float16),Unary,float16,100000,,0.000141,0.0,available,,not_measured,managed,0.0,,negligible
np.real(a) (float16),Unary,float16,10000000,,0.000215,0.0,available,,not_measured,managed,0.0,,negligible
np.real(a) (float32),Unary,float32,1000,,0.000142,1e-06,available,,not_measured,managed,1e-06,142.0,negligible
np.real(a) (float32),Unary,float32,100000,,0.000142,0.0,available,,not_measured,managed,0.0,,negligible
np.real(a) (float32),Unary,float32,10000000,,0.000216,0.0,available,,not_measured,managed,0.0,,negligible
np.real(a) (float64),Unary,float64,1000,,0.000141,0.0,available,,not_measured,managed,0.0,,negligible
np.real(a) (float64),Unary,float64,100000,,0.000142,0.0,available,,not_measured,managed,0.0,,negligible
np.real(a) (float64),Unary,float64,10000000,,0.000209,1e-06,available,,not_measured,managed,1e-06,209.0,negligible
np.reciprocal(a) (float16),Unary,float16,1000,,0.002383,0.007658,available,,not_measured,managed,0.007658,0.311178,much_slower
np.reciprocal(a) (float16),Unary,float16,100000,,0.20162,0.545284,available,,not_measured,managed,0.545284,0.369752,slower
np.reciprocal(a) (float16),Unary,float16,10000000,,22.2456,66.5162,available,,not_measured,managed,66.5162,0.334439,slower
np.reciprocal(a) (float32),Unary,float32,1000,,0.00048,0.000627,available,,not_measured,managed,0.000627,0.76555,negligible
np.reciprocal(a) (float32),Unary,float32,100000,,0.01412,0.062267,available,,not_measured,managed,0.062267,0.226765,much_slower
np.reciprocal(a) (float32),Unary,float32,10000000,,11.0896,7.581575,available,,not_measured,managed,7.581575,1.462704,faster
np.reciprocal(a) (float64),Unary,float64,1000,,0.000705,0.002663,available,,not_measured,managed,0.002663,0.264739,negligible
np.reciprocal(a) (float64),Unary,float64,100000,,0.036967,0.193687,available,,not_measured,managed,0.193687,0.190859,much_slower
np.reciprocal(a) (float64),Unary,float64,10000000,,26.647,12.8857,available,,not_measured,managed,12.8857,2.067951,faster
np.rint(a) (float16),Unary,float16,1000,,0.005383,0.007892,available,,not_measured,managed,0.007892,0.682083,slower
np.rint(a) (float16),Unary,float16,100000,,0.4521,0.506584,available,,not_measured,managed,0.506584,0.892448,close
np.rint(a) (float16),Unary,float16,10000000,,66.7143,56.9657,available,,not_measured,managed,56.9657,1.171131,faster
np.rint(a) (float32),Unary,float32,1000,,0.000404,0.000834,available,,not_measured,managed,0.000834,0.484412,negligible
np.rint(a) (float32),Unary,float32,100000,,0.005572,0.012387,available,,not_measured,managed,0.012387,0.449826,slower
np.rint(a) (float32),Unary,float32,10000000,,10.7103,7.59975,available,,not_measured,managed,7.59975,1.409296,faster
np.rint(a) (float64),Unary,float64,1000,,0.000443,0.001157,available,,not_measured,managed,0.001157,0.382887,negligible
np.rint(a) (float64),Unary,float64,100000,,0.013382,0.040709,available,,not_measured,managed,0.040709,0.328723,much_slower
np.rint(a) (float64),Unary,float64,10000000,,13.817,21.0898,available,,not_measured,managed,21.0898,0.655151,slower
np.round(a) (float16),Unary,float16,1000,,0.008765,0.008019,available,,not_measured,managed,0.008019,1.093029,faster
np.round(a) (float16),Unary,float16,100000,,0.455567,0.787803,available,,not_measured,managed,0.787803,0.578275,slower
np.round(a) (float16),Unary,float16,10000000,,68.6261,65.6221,available,,not_measured,managed,65.6221,1.045777,close
np.round(a) (float32),Unary,float32,1000,,0.000901,0.000907,available,,not_measured,managed,0.000907,0.993385,negligible
np.round(a) (float32),Unary,float32,100000,,0.006169,0.012161,available,,not_measured,managed,0.012161,0.507277,slower
np.round(a) (float32),Unary,float32,10000000,,11.2507,7.66585,available,,not_measured,managed,7.66585,1.467639,faster
np.round(a) (float64),Unary,float64,1000,,0.000984,0.001154,available,,not_measured,managed,0.001154,0.852686,negligible
np.round(a) (float64),Unary,float64,100000,,0.014485,0.039981,available,,not_measured,managed,0.039981,0.362297,slower
np.round(a) (float64),Unary,float64,10000000,,16.7804,20.8635,available,,not_measured,managed,20.8635,0.804295,close
np.sign (float16),Unary,float16,1000,,0.001205,0.00368,available,,not_measured,managed,0.00368,0.327446,much_slower
np.sign (float16),Unary,float16,100000,,0.083875,0.6316,available,,not_measured,managed,0.6316,0.132798,much_slower
np.sign (float16),Unary,float16,10000000,,10.2257,70.8486,available,,not_measured,managed,70.8486,0.144332,much_slower
np.sign (float32),Unary,float32,1000,,0.000979,0.001819,available,,not_measured,managed,0.001819,0.538208,negligible
np.sign (float32),Unary,float32,100000,,0.2885,0.378829,available,,not_measured,managed,0.378829,0.761557,slower
np.sign (float32),Unary,float32,10000000,,38.3091,39.3311,available,,not_measured,managed,39.3311,0.974015,close
np.sign (float64),Unary,float64,1000,,0.000953,0.001921,available,,not_measured,managed,0.001921,0.496096,negligible
np.sign (float64),Unary,float64,100000,,0.28305,0.387202,available,,not_measured,managed,0.387202,0.731014,slower
np.sign (float64),Unary,float64,10000000,,50.7092,64.0649,available,,not_measured,managed,64.0649,0.791529,slower
np.sin (float16),Unary,float16,1000,,0.006541,0.007981,available,,not_measured,managed,0.007981,0.819571,close
np.sin (float16),Unary,float16,100000,,0.978,1.108208,available,,not_measured,managed,1.108208,0.882506,close
np.sin (float16),Unary,float16,10000000,,102.3887,112.1327,available,,not_measured,managed,112.1327,0.913103,close
np.sin (float32),Unary,float32,1000,,0.001036,0.00096,available,,not_measured,managed,0.00096,1.079167,negligible
np.sin (float32),Unary,float32,100000,,0.070036,0.069449,available,,not_measured,managed,0.069449,1.008452,close
np.sin (float32),Unary,float32,10000000,,11.2762,26.5999,available,,not_measured,managed,26.5999,0.423919,slower
np.sin (float64),Unary,float64,1000,,0.0043,0.011222,available,,not_measured,managed,0.011222,0.383176,slower
np.sin (float64),Unary,float64,100000,,0.6898,1.183133,available,,not_measured,managed,1.183133,0.583028,slower
np.sin (float64),Unary,float64,10000000,,80.9923,103.0694,available,,not_measured,managed,103.0694,0.785804,slower
np.sinh(a) (float16),Unary,float16,1000,,0.016243,0.010623,available,,not_measured,managed,0.010623,1.529041,faster
np.sinh(a) (float16),Unary,float16,100000,,0.9486,2.172745,available,,not_measured,managed,2.172745,0.436591,slower
np.sinh(a) (float16),Unary,float16,10000000,,156.7072,118.1813,available,,not_measured,managed,118.1813,1.32599,faster
np.sinh(a) (float32),Unary,float32,1000,,0.003597,0.010535,available,,not_measured,managed,0.010535,0.341433,slower
np.sinh(a) (float32),Unary,float32,100000,,0.61735,0.637734,available,,not_measured,managed,0.637734,0.968037,close
np.sinh(a) (float32),Unary,float32,10000000,,72.5928,110.4924,available,,not_measured,managed,110.4924,0.656994,slower
np.sinh(a) (float64),Unary,float64,1000,,0.004315,0.012057,available,,not_measured,managed,0.012057,0.357883,slower
np.sinh(a) (float64),Unary,float64,100000,,0.61295,1.283606,available,,not_measured,managed,1.283606,0.477522,slower
np.sinh(a) (float64),Unary,float64,10000000,,138.3733,115.5146,available,,not_measured,managed,115.5146,1.197886,faster
np.sqrt (float16),Unary,float16,1000,,0.00364,0.003503,available,,not_measured,managed,0.003503,1.039109,close
np.sqrt (float16),Unary,float16,100000,,0.3468,0.395562,available,,not_measured,managed,0.395562,0.876727,close
np.sqrt (float16),Unary,float16,10000000,,37.1577,36.4867,available,,not_measured,managed,36.4867,1.01839,close
np.sqrt (float32),Unary,float32,1000,,0.000473,0.001026,available,,not_measured,managed,0.001026,0.461014,negligible
np.sqrt (float32),Unary,float32,100000,,0.014101,0.01727,available,,not_measured,managed,0.01727,0.816503,close
np.sqrt (float32),Unary,float32,10000000,,11.957,5.076,available,,not_measured,managed,5.076,2.355595,faster
np.sqrt (float64),Unary,float64,1000,,0.000874,0.00107,available,,not_measured,managed,0.00107,0.816822,negligible
np.sqrt (float64),Unary,float64,100000,,0.055111,0.059629,available,,not_measured,managed,0.059629,0.924231,close
np.sqrt (float64),Unary,float64,10000000,,37.1199,13.0795,available,,not_measured,managed,13.0795,2.838021,faster
np.square(a) (float16),Unary,float16,1000,,0.002381,0.008646,available,,not_measured,managed,0.008646,0.275387,much_slower
np.square(a) (float16),Unary,float16,100000,,0.20144,0.441609,available,,not_measured,managed,0.441609,0.45615,slower
np.square(a) (float16),Unary,float16,10000000,,45.3266,43.8654,available,,not_measured,managed,43.8654,1.033311,close
np.square(a) (float32),Unary,float32,1000,,0.000396,0.000689,available,,not_measured,managed,0.000689,0.574746,negligible
np.square(a) (float32),Unary,float32,100000,,0.005587,0.013249,available,,not_measured,managed,0.013249,0.421692,slower
np.square(a) (float32),Unary,float32,10000000,,11.1996,7.5996,available,,not_measured,managed,7.5996,1.473709,faster
np.square(a) (float64),Unary,float64,1000,,0.00044,0.001194,available,,not_measured,managed,0.001194,0.368509,negligible
np.square(a) (float64),Unary,float64,100000,,0.01086,0.046251,available,,not_measured,managed,0.046251,0.234806,much_slower
np.square(a) (float64),Unary,float64,10000000,,22.3359,18.7357,available,,not_measured,managed,18.7357,1.192157,faster
np.tan (float16),Unary,float16,1000,,0.006809,0.008389,available,,not_measured,managed,0.008389,0.811658,close
np.tan (float16),Unary,float16,100000,,0.9483,1.886046,available,,not_measured,managed,1.886046,0.502798,slower
np.tan (float16),Unary,float16,10000000,,152.3228,164.4258,available,,not_measured,managed,164.4258,0.926392,close
np.tan (float32),Unary,float32,1000,,0.003236,0.006997,available,,not_measured,managed,0.006997,0.462484,slower
np.tan (float32),Unary,float32,100000,,0.64805,1.110544,available,,not_measured,managed,1.110544,0.583543,slower
np.tan (float32),Unary,float32,10000000,,72.8867,109.5687,available,,not_measured,managed,109.5687,0.665215,slower
np.tan (float64),Unary,float64,1000,,0.004428,0.004607,available,,not_measured,managed,0.004607,0.961146,close
np.tan (float64),Unary,float64,100000,,0.82955,0.843988,available,,not_measured,managed,0.843988,0.982893,close
np.tan (float64),Unary,float64,10000000,,93.6041,93.2385,available,,not_measured,managed,93.2385,1.003921,close
np.tanh(a) (float16),Unary,float16,1000,,0.017952,0.019994,available,,not_measured,managed,0.019994,0.897869,close
np.tanh(a) (float16),Unary,float16,100000,,0.98835,2.045288,available,,not_measured,managed,2.045288,0.483233,slower
np.tanh(a) (float16),Unary,float16,10000000,,175.1114,139.6387,available,,not_measured,managed,139.6387,1.254032,faster
np.tanh(a) (float32),Unary,float32,1000,,0.001578,0.0011,available,,not_measured,managed,0.0011,1.434545,faster
np.tanh(a) (float32),Unary,float32,100000,,0.1221,0.070952,available,,not_measured,managed,0.070952,1.720882,faster
np.tanh(a) (float32),Unary,float32,10000000,,16.258,36.7742,available,,not_measured,managed,36.7742,0.442103,slower
np.tanh(a) (float64),Unary,float64,1000,,0.006184,0.0035,available,,not_measured,managed,0.0035,1.766857,faster
np.tanh(a) (float64),Unary,float64,100000,,0.5705,0.662775,available,,not_measured,managed,0.662775,0.860775,close
np.tanh(a) (float64),Unary,float64,10000000,,151.1121,85.4104,available,,not_measured,managed,85.4104,1.769247,faster
np.trunc(a) (float16),Unary,float16,1000,,0.004022,0.006325,available,,not_measured,managed,0.006325,0.635889,slower
np.trunc(a) (float16),Unary,float16,100000,,0.385733,0.32581,available,,not_measured,managed,0.32581,1.18392,faster
np.trunc(a) (float16),Unary,float16,10000000,,46.3927,60.0314,available,,not_measured,managed,60.0314,0.772807,slower
np.trunc(a) (float32),Unary,float32,1000,,0.000405,0.000728,available,,not_measured,managed,0.000728,0.556319,negligible
np.trunc(a) (float32),Unary,float32,100000,,0.005598,0.019947,available,,not_measured,managed,0.019947,0.280644,much_slower
np.trunc(a) (float32),Unary,float32,10000000,,10.8959,5.18255,available,,not_measured,managed,5.18255,2.102421,faster
np.trunc(a) (float64),Unary,float64,1000,,0.000456,0.001136,available,,not_measured,managed,0.001136,0.401408,negligible
np.trunc(a) (float64),Unary,float64,100000,,0.01088,0.040445,available,,not_measured,managed,0.040445,0.269007,much_slower
np.trunc(a) (float64),Unary,float64,10000000,,13.791,13.0702,available,,not_measured,managed,13.0702,1.055148,faster
